surface_id,direction_deg,speed_mm_s,force_mN,repeat_id,nominal_force_N,recording_id,start_s,duration_s,observed_heading_deg,heading_within_window_p95_deg,logged_position_travel_mm,endpoint_displacement_mm,logged_speed_mean_mm_s,force_time_weighted_mean_N,force_time_weighted_std_N,force_trend_N_s,force_trend_change_N,force_min_N,force_max_N,force_logged_rows,nominal_distance_mm,travel_to_nominal_ratio,force_mean_to_nominal_ratio,accel_mean_logged_rate_hz,accel_median_logged_rate_hz,accel_max_gap_s,accel_interval_cv,force_mean_logged_rate_hz,force_median_logged_rate_hz,force_max_gap_s,force_interval_cv,position_mean_logged_rate_hz,position_median_logged_rate_hz,position_max_gap_s,position_interval_cv,heading_residual_deg,heading_absolute_residual_deg
0,0,40,500,0,0.5,0_0_40_500_0,0.289832,0.5,-90.0,0.0,19.63925538850568,19.804332563612192,39.27851077701136,0.5289999842643738,0.0,0.0,0.0,0.5289999842643738,0.5289999842643738,4290,20.0,0.981962769425284,1.0579999685287476,8610.23828503114,9009.009009011263,0.0012230000000000019,0.3248377268933238,8610.23828503114,9009.009009011263,0.0012230000000000019,0.3248377268933238,99.99015422619306,100.87763542822564,0.012362999999999999,0.09301798464372858,0.00048375902099451196,0.00048375902099451196
0,0,40,500,1,0.5,0_0_40_500_1,0.330520839,0.5,-90.0,0.0,19.838706121170297,19.9027071118792,39.677412242340594,0.5289999842643738,0.0,0.0,0.0,0.5289999842643738,0.5289999842643738,4301,20.0,0.9919353060585149,1.0579999685287476,8665.154803466672,9009.009009011263,0.0012329999999999841,0.3381678378222373,8665.154803466672,9009.009009011263,0.0012329999999999841,0.3381678378222373,100.06106780435846,99.62640099626424,0.012263000000000024,0.08967522732988191,0.00048375902099451196,0.00048375902099451196
0,0,20,500,0,0.5,0_0_20_500_0,1.70952643,0.5,-90.0,0.0,9.934440658121533,9.739605416187851,19.868881316243066,0.5289999842643738,0.0,0.0,0.0,0.5289999842643738,0.5289999842643738,4329,10.0,0.9934440658121533,1.0579999685287476,8667.337486407172,9009.009009011263,0.001326999999999856,0.3426789085845272,8667.337486407172,9009.009009011263,0.001326999999999856,0.3426789085845272,100.02287108332698,100.03501225428825,0.012423999999999769,0.09436667087316461,0.00048375902099451196,0.00048375902099451196
0,0,20,500,1,0.5,0_0_20_500_1,0.290468,0.5,-90.0,0.0,9.908822555933742,10.159038544836498,19.817645111867485,0.5289999842643738,0.0,0.0,0.0,0.5289999842643738,0.5289999842643738,4328,10.0,0.9908822555933743,1.0579999685287476,8659.501999962953,9009.009009011263,0.0012959999999999638,0.34177421052115403,8659.501999962953,9009.009009011263,0.0012959999999999638,0.34177421052115403,99.987352197481,100.31599538546486,0.012414999999999843,0.09117087466711364,0.00048375902099451196,0.00048375902099451196
0,0,40,1000,0,1.0,0_0_40_1000_0,0.969026,0.5,-90.0,0.0,19.711869147508764,19.883319333203996,39.42373829501753,1.0563776656712291,0.0034595907090848883,-0.0008465310887460958,-0.0004232655443730479,1.0490000247955322,1.0579999685287476,4353,20.0,0.9855934573754382,1.0563776656712291,8649.032104849803,9009.009009011263,0.0008460000000000134,0.33347869526399465,8649.032104849803,9009.009009011263,0.0008460000000000134,0.33347869526399465,100.01306684129996,100.12014417300875,0.012198999999999849,0.08487842599795614,0.00048375902099451196,0.00048375902099451196
0,0,40,1000,1,1.0,0_0_40_1000_1,0.340008,0.5,-90.0,0.0,19.68143486560219,19.77410007536661,39.36286973120438,1.0490000247955322,0.0,0.0,0.0,1.0490000247955322,1.0490000247955322,4268,20.0,0.9840717432801094,1.0490000247955322,8646.111577501335,9009.009009011263,0.0012380000000000169,0.33129425626999903,8646.111577501335,9009.009009011263,0.0012380000000000169,0.33129425626999903,100.0151167886444,99.99999999999991,0.012309000000000014,0.09413834253424809,0.00048375902099451196,0.00048375902099451196
0,90,40,500,0,0.5,0_90_40_500_0,0.298912901,0.5,180.0,0.0,19.825881666333736,20.044704578553866,39.65176333266747,0.5513091945733342,0.004214191582420847,-0.01841131021159792,-0.00920565510579896,0.5490000247955322,0.5590000152587891,4199,20.0,0.9912940833166868,1.1026183891466683,8567.542351660377,9009.009009011263,0.0017280000000000073,0.3831439882326635,8567.542351660377,9009.009009011263,0.0017280000000000073,0.3831439882326635,100.05056401581415,100.0950903358189,0.012180999999999997,0.08756968855566848,0.00048375902099451196,0.00048375902099451196
0,90,40,500,1,0.5,0_90_40_500_1,0.299622,0.5,180.0,0.0,19.833352677339153,19.78357930002817,39.66670535467831,0.558764505483389,0.0015164533140510229,-0.0005472438712889748,-0.0002736219356444874,0.5490000247955322,0.5590000152587891,4294,20.0,0.9916676338669577,1.117529010966778,8675.195557024144,9009.009009011263,0.0012659999999999894,0.33624367935530614,8675.195557024144,9009.009009011263,0.0012659999999999894,0.33624367935530614,100.03520469703761,99.81534161800738,0.012413999999999925,0.09271243892937969,0.00048375902099451196,0.00048375902099451196
0,45,20,1000,0,1.0,0_45_20_1000_0,2.168941564,0.5,-135.0098855534662,0.1761449762056202,10.022790286891526,10.145093035444507,20.045580573783052,1.0370579736243706,0.006136099836050959,-0.03557615801159112,-0.01778807900579556,1.0290000438690186,1.0490000247955322,4369,10.0,1.0022790286891525,1.0370579736243706,8646.27683406996,9009.009009011263,0.0013609999999992795,0.3459441069205262,8646.27683406996,9009.009009011263,0.0013609999999992795,0.3459441069205262,99.99640256844418,100.15022533800345,0.012628000000000306,0.0935778808752129,-0.009401794445210498,0.009401794445210498
0,45,20,1000,1,1.0,0_45_20_1000_1,0.27978046,0.5,-135.0058898311159,0.16972739993575625,9.919563449159796,9.99200712259443,19.83912689831959,1.078732768292184,0.002606001782728799,-0.007621595045172002,-0.003810797522586001,1.0779999494552612,1.0880000591278076,4353,10.0,0.9919563449159796,1.078732768292184,8625.719470165894,9009.009009011263,0.001228000000000229,0.3379886563872236,8625.719470165894,9009.009009011263,0.001228000000000229,0.3379886563872236,100.0197428528563,100.37137408410842,0.012449999999999961,0.09270830537946388,-0.005406072094899628,0.005406072094899628
0,45,40,1000,0,1.0,0_45_40_1000_0,0.30042638,0.5,-135.01389236738908,0.11313432638072952,19.800816082593073,19.70541618932212,39.601632165186146,1.0779639564284706,0.001986740986867322,-0.004643785213501455,-0.0023218926067507277,1.0679999589920044,1.0880000591278076,4334,20.0,0.9900408041296537,1.0779639564284706,8649.717056036521,9009.009009011263,0.0013810000000000766,0.3743867869310168,8649.717056036521,9009.009009011263,0.0013810000000000766,0.3743867869310168,99.99088205749821,100.4318569850346,0.012378,0.09375646273709269,-0.013408608368081332,0.013408608368081332
0,45,40,1000,1,1.0,0_45_40_1000_1,1.01942,0.5,-135.00026515886375,0.18529888314250798,19.862088625767516,20.015477835448547,39.72417725153503,1.0415838547504963,0.01014935876490926,-0.06742289761232698,-0.03371144880616349,1.0290000438690186,1.0579999685287476,4359,20.0,0.9931044312883758,1.0415838547504963,8665.461558199893,9009.009009011263,0.0013190000000000146,0.3313863789165085,8665.461558199893,9009.009009011263,0.0013190000000000146,0.3313863789165085,99.98980946769409,100.25062656641592,0.01237699999999986,0.09447293086090322,0.00021860015723973447,0.00021860015723973447
0,45,60,1000,0,1.0,0_45_60_1000_0,0.30008,0.5,-135.00227024748554,0.058743482595944786,30.006795371920685,29.941594048734707,60.01359074384137,1.0724987049016619,0.0073485538467547755,-0.04387526625629489,-0.021937633128147446,1.0579999685287476,1.0779999494552612,4333,30.0,1.0002265123973562,1.0724987049016619,8671.607601848522,9009.009009011263,0.0010369999999999546,0.33422147474969083,8671.607601848522,9009.009009011263,0.0010369999999999546,0.33422147474969083,99.9771718790876,99.03931860948883,0.01221300000000003,0.08843848884927187,-0.0017864884645462098,0.0017864884645462098
0,45,60,1000,1,1.0,0_45_60_1000_1,0.310152,0.5,-134.99896212249553,0.08830674119024164,29.7843491116925,29.883864368184625,59.568698223385,1.0712976577213926,0.008048118131623328,-0.04947526918851253,-0.024737634594256264,1.0490000247955322,1.0779999494552612,4245,30.0,0.9928116370564166,1.0712976577213926,8585.222781729855,9009.009009011263,0.0011619999999999964,0.35606871335774926,8585.222781729855,9009.009009011263,0.0011619999999999964,0.35606871335774926,99.97600575861793,100.69986405518344,0.012217000000000006,0.0929210924631156,0.0015216365254673292,0.0015216365254673292
0,90,20,1000,0,1.0,0_90_20_1000_0,1.529001,0.5,180.0,0.0,9.915278708702868,9.921256535365108,19.830557417405736,1.0600419405277366,0.0069154405391343215,-0.04424273986419578,-0.02212136993209789,1.0490000247955322,1.0679999589920044,4374,10.0,0.9915278708702868,1.0600419405277366,8670.496574242216,9009.009009011263,0.0013570000000000526,0.3480890884150717,8670.496574242216,9009.009009011263,0.0013570000000000526,0.3480890884150717,99.99217274385487,100.43690051724913,0.01246400000000003,0.09402890968086261,0.00048375902099451196,0.00048375902099451196
0,90,20,1000,1,1.0,0_90_20_1000_1,0.300213,0.5,180.0,0.0,9.749912360654864,9.744180864208062,19.49982472130973,1.0698843468094332,0.004211088141821727,-0.01833977583312794,-0.00916988791656397,1.0679999589920044,1.0880000591278076,4350,10.0,0.9749912360654864,1.0698843468094332,8713.98310907442,9009.009009047306,0.0012670000000000181,0.31543030730296706,8713.98310907442,9009.009009047306,0.0012670000000000181,0.31543030730296706,99.98912541894629,100.77597500755805,0.012429000000000023,0.09197254955932185,0.00048375902099451196,0.00048375902099451196
0,90,40,1000,0,1.0,0_90_40_1000_0,0.299279017,0.5,180.0,0.0,19.79047033763235,19.737982422529985,39.5809406752647,1.0679999589920044,0.0,0.0,0.0,1.0679999589920044,1.0679999589920044,4307,20.0,0.9895235168816174,1.0679999589920044,8656.714802058217,9009.009009011263,0.001064000000000176,0.32304846253402375,8656.714802058217,9009.009009011263,0.001064000000000176,0.32304846253402375,100.00321715776128,100.1151324022622,0.012189000000000005,0.08427406003453076,0.00048375902099451196,0.00048375902099451196
0,90,40,1000,1,1.0,0_90_40_1000_1,0.290912553,0.5,180.0,0.0,19.812923342347183,20.068428517060763,39.625846684694366,1.068016377916346,0.0004048697392460713,-0.00019670536311572798,-9.835268155786399e-05,1.0679999589920044,1.0779999494552612,4301,20.0,0.9906461671173592,1.068016377916346,8625.93745075197,9009.009009011263,0.0015009999999999746,0.37817906956325653,8625.93745075197,9009.009009011263,0.0015009999999999746,0.37817906956325653,100.02019787716821,100.71507704703401,0.012245999999999979,0.09276050784904377,0.00048375902099451196,0.00048375902099451196
0,90,60,1000,0,1.0,0_90_60_1000_0,0.300383678,0.5,180.0,0.0,29.315508679532204,29.268400148254408,58.63101735906441,1.0658843402616562,0.004091190637501716,-0.020031755208427857,-0.010015877604213928,1.0490000247955322,1.0679999589920044,4347,30.0,0.9771836226510735,1.0658843402616562,8676.257674742834,9009.009009011263,0.0010909999999999531,0.3266129522286824,8676.257674742834,9009.009009011263,0.0010909999999999531,0.3266129522286824,99.94444428934753,100.34115994380976,0.012154999999999916,0.09272604149759851,0.00048375902099451196,0.00048375902099451196
0,90,60,1000,1,1.0,0_90_60_1000_1,0.279333535,0.5,180.0,0.0,29.64356822693316,30.307613566626422,59.28713645386632,1.0666195596084571,0.004607652375504465,-0.020952386565653715,-0.010476193282826857,1.0579999685287476,1.0779999494552612,4280,30.0,0.988118940897772,1.0666195596084571,8620.492409131923,9009.009009011263,0.0009999999999998899,0.32181375104841,8620.492409131923,9009.009009011263,0.0009999999999998899,0.32181375104841,100.01940675056356,99.50248756218902,0.012205000000000021,0.09224067964361392,0.00048375902099451196,0.00048375902099451196
38,0,40,500,0,0.5,38_0_40_500_0,0.290579832,0.5,-90.0,0.0,19.71705822637971,19.811697030242993,39.43411645275942,0.5408312272562817,0.0038677036015951714,-0.013735689936944446,-0.006867844968472223,0.5389999747276306,0.5490000247955322,4344,20.0,0.9858529113189854,1.0816624545125635,8680.614125751019,9009.009009011263,0.0011100000000001664,0.3290024099711709,8680.614125751019,9009.009009011263,0.0011100000000001664,0.3290024099711709,100.02023486289919,99.80537950995578,0.012260999999999855,0.09371902162185188,0.00048375902099451196,0.00048375902099451196
38,0,40,500,1,0.5,38_0_40_500_1,0.310534824,0.5,-90.0,0.0,20.17750079926276,19.940056834633133,40.35500159852552,0.5411046938712001,0.004614743672256078,-0.017276705246587372,-0.008638352623293686,0.5389999747276306,0.5590000152587891,4313,20.0,1.0088750399631379,1.0822093877424002,8674.458267374177,9009.009009011263,0.0012440000000000229,0.33167707158467197,8674.458267374177,9009.009009011263,0.0012440000000000229,0.33167707158467197,100.03253932026165,100.2204850671473,0.012329000000000034,0.08749380599627145,0.00048375902099451196,0.00048375902099451196
38,0,20,500,0,0.5,38_0_20_500_0,1.011003,0.5,-90.0,0.0,10.020801600461573,10.208818750526603,20.041603200923145,0.5377468890426673,0.003310682885058034,-0.01275940776654818,-0.00637970388327409,0.5289999842643738,0.5389999747276306,4351,10.0,1.0020801600461573,1.0754937780853346,8713.74283645543,9009.009009011263,0.0014009999999995415,0.32645885944131486,8713.74283645543,9009.009009011263,0.0014009999999995415,0.32645885944131486,100.00928803163796,99.38382031405273,0.012209999999999832,0.09193422671784149,0.00048375902099451196,0.00048375902099451196
38,0,20,500,1,0.5,38_0_20_500_1,0.289964,0.5,-90.0,0.0,9.854576838654337,9.873567702844369,19.709153677308674,0.5461398739554288,0.0045189809442661545,-0.02083171432349749,-0.010415857161748745,0.5389999747276306,0.5490000247955322,4295,10.0,0.9854576838654336,1.0922797479108577,8675.238413004947,9009.009009011263,0.0013279999999999959,0.33180644083058425,8675.238413004947,9009.009009011263,0.0013279999999999959,0.33180644083058425,99.99360529693215,99.7605746209095,0.012489999999999668,0.09048189085976525,0.00048375902099451196,0.00048375902099451196
38,0,40,1000,0,1.0,38_0_40_1000_0,0.290033391,0.5,-90.0,0.0,19.620449441418963,19.54565597873404,39.240898882837925,1.068342023025786,0.0036338638922098336,-0.013670913302105838,-0.006835456651052919,1.0579999685287476,1.0779999494552612,4302,20.0,0.9810224720709482,1.068342023025786,8625.100140464712,9009.009009011263,0.0013369999999999216,0.3723051764555003,8625.100140464712,9009.009009011263,0.0013369999999999216,0.3723051764555003,100.04247013674771,100.14019627478419,0.012334000000000067,0.08985372859496076,0.00048375902099451196,0.00048375902099451196
38,0,40,1000,1,1.0,38_0_40_1000_1,0.299939,0.5,-90.0,0.0,19.747890270373517,19.84885192228146,39.495780540747035,1.0589356476364133,0.002912264885069035,-0.00810730683875025,-0.004053653419375125,1.0579999685287476,1.0679999589920044,4307,20.0,0.9873945135186759,1.0589356476364133,8645.562951965901,9009.009009011263,0.0010710000000000441,0.34660123838533524,8645.562951965901,9009.009009011263,0.0010710000000000441,0.34660123838533524,99.99770120227122,100.44194455604668,0.01223300000000016,0.09031326585244942,0.00048375902099451196,0.00048375902099451196
38,90,40,500,0,0.5,38_90_40_500_0,1.11965524,0.5,180.0,0.0,19.975389237322762,20.240661060649302,39.950778474645524,0.5081511162859417,0.015969469944668045,-0.10844263433992256,-0.05422131716996128,0.47999998927116394,0.5389999747276306,4355,20.0,0.9987694618661381,1.0163022325718833,8665.172967242488,9009.009009011263,0.0013490000000000446,0.38279100084571754,8665.172967242488,9009.009009011263,0.0013490000000000446,0.38279100084571754,100.07729046124852,99.95002498750625,0.011813000000000073,0.08383139388374795,0.00048375902099451196,0.00048375902099451196
38,90,40,500,1,0.5,38_90_40_500_1,0.319587,0.5,180.0,0.0,19.66026435079894,19.50272196564681,39.32052870159788,0.582164015888796,0.008635159514100491,-0.0560453433794704,-0.0280226716897352,0.5680000185966492,0.5979999899864197,4291,20.0,0.983013217539947,1.164328031777592,8679.927528384587,9009.009009011263,0.0013410000000000366,0.3257692020053491,8679.927528384587,9009.009009011263,0.0013410000000000366,0.3257692020053491,99.98188789646183,99.91507218864045,0.0126170000000001,0.09912486122382375,0.00048375902099451196,0.00048375902099451196
38,45,20,1000,0,1.0,38_45_20_1000_0,0.280378,0.5,-135.01636685394564,0.22629760655518671,9.855082874588968,10.0335390151387,19.710165749177936,1.1240889341269802,0.004542710520585637,-0.024763483963301726,-0.012381741981650863,1.1169999837875366,1.1269999742507935,4373,10.0,0.9855082874588967,1.1240889341269802,8666.237473823812,9009.009009011263,0.0011740000000000084,0.32174988340594995,8666.237473823812,9009.009009011263,0.0011740000000000084,0.32174988340594995,100.00462343167393,99.58175662218797,0.012159000000000031,0.09340897217980625,-0.015883094924646457,0.015883094924646457
38,45,20,1000,1,1.0,38_45_20_1000_1,0.291341,0.5,-134.9898751971476,0.2241691782101412,9.946207313805562,9.949259991405569,19.892414627611124,1.1172294742086777,0.004762907806931827,-0.022446014345364074,-0.011223007172682037,1.1069999933242798,1.1269999742507935,4299,10.0,0.9946207313805562,1.1172294742086777,8679.589362125982,9009.009009011263,0.001806999999999892,0.3405663291080373,8679.589362125982,9009.009009011263,0.001806999999999892,0.3405663291080373,99.98267102789312,100.3411599438053,0.012262999999999913,0.09000936174631258,0.010608561873397093,0.010608561873397093
38,45,40,1000,0,1.0,38_45_40_1000_0,0.309329,0.5,-135.00272889326504,0.08736106807765509,19.698858856606158,19.66464047853778,39.397717713212316,1.1085329072319317,0.012150478239144563,-0.08097313896277655,-0.040486569481388276,1.0880000591278076,1.1269999742507935,4279,20.0,0.9849429428303079,1.1085329072319317,8640.891070272099,9009.009009011263,0.0014050000000001006,0.3776396076209114,8640.891070272099,9009.009009011263,0.0014050000000001006,0.3776396076209114,100.00526950843178,100.240577385726,0.01253100000000007,0.0959386249539131,-0.0022451342440490407,0.0022451342440490407
38,45,40,1000,1,1.0,38_45_40_1000_1,0.289337,0.5,-134.9958227639889,0.07633057341924143,20.145051203766467,20.240775521392877,40.290102407532935,1.1056380728651403,0.010778437488060729,-0.07120036732981684,-0.03560018366490842,1.0880000591278076,1.1269999742507935,4304,20.0,1.0072525601883233,1.1056380728651403,8659.377430180926,9009.009009011263,0.0013090000000000046,0.3653932713370504,8659.377430180926,9009.009009011263,0.0013090000000000046,0.3653932713370504,99.97828058042565,100.31096398836276,0.012248999999999732,0.08819966762662573,0.0046609950320828375,0.0046609950320828375
38,45,60,1000,0,1.0,38_45_60_1000_0,0.310670529,0.5,-135.00434067853337,0.09242104292992363,29.7449566184676,29.810762702300025,59.4899132369352,1.094965220422958,0.019922287900505962,-0.13476205485750795,-0.06738102742875397,1.0579999685287476,1.1269999742507935,4296,30.0,0.9914985539489201,1.094965220422958,8619.566177769924,9009.009009011263,0.001302999999999832,0.3645289910767973,8619.566177769924,9009.009009011263,0.001302999999999832,0.3645289910767973,100.10502731871726,100.23053021950473,0.012360000000000038,0.09292494274206888,-0.0038569195123727695,0.0038569195123727695
38,45,60,1000,1,1.0,38_45_60_1000_1,0.29913901,0.5,-135.00288260505803,0.06719211898368371,30.010173480879565,29.953971258710368,60.02034696175913,1.0911362691760587,0.019787614230994056,-0.13421860485690154,-0.06710930242845077,1.0579999685287476,1.1169999837875366,4266,30.0,1.000339116029319,1.0911362691760587,8573.31695735425,9009.009009011263,0.0013040000000000274,0.35962698033921053,8573.31695735425,9009.009009011263,0.0013040000000000274,0.35962698033921053,100.00921550886365,100.65425264217386,0.01198699999999997,0.08327676305661894,-0.002398846037038993,0.002398846037038993
38,90,20,1000,0,1.0,38_90_20_1000_0,0.309946,0.5,180.0,0.0,9.938097694396085,10.044794902079744,19.87619538879217,1.1107889330508618,0.004851112952715469,-0.02797723204012745,-0.013988616020063726,1.1069999933242798,1.1169999837875366,4372,10.0,0.9938097694396084,1.1107889330508618,8683.793529135784,9009.009009011263,0.001314999999999955,0.3489879571858205,8683.793529135784,9009.009009011263,0.001314999999999955,0.3489879571858205,99.99647670255202,99.97000899730082,0.012581000000000009,0.09163026419179408,0.00048375902099451196,0.00048375902099451196
38,90,20,1000,1,1.0,38_90_20_1000_1,2.219533,0.5,180.0,0.0,9.807752965135721,9.780920671962647,19.615505930271443,1.0153053867836976,0.010494207721209218,-0.07025848273323836,-0.03512924136661918,1.0,1.0290000438690186,4350,10.0,0.9807752965135721,1.0153053867836976,8657.753719256729,9009.009009011263,0.0013319999999999999,0.33865975266977866,8657.753719256729,9009.009009011263,0.0013319999999999999,0.33865975266977866,99.99154071565546,100.07505629221845,0.012514999999999998,0.09181162340573412,0.00048375902099451196,0.00048375902099451196
38,90,40,1000,0,1.0,38_90_40_1000_0,0.320526,0.5,180.0,0.0,19.614828912093163,19.379923768592683,39.229657824186326,1.0980043511911008,0.0086241334234545,-0.05487340119283418,-0.02743670059641709,1.0880000591278076,1.1169999837875366,4283,20.0,0.9807414456046581,1.0980043511911008,8634.000158006842,9009.009009011263,0.0011280000000000179,0.3584625391944625,8634.000158006842,9009.009009011263,0.0011280000000000179,0.3584625391944625,99.972546000829,100.39152695512557,0.012124999999999941,0.09083213135958977,0.00048375902099451196,0.00048375902099451196
38,90,40,1000,1,1.0,38_90_40_1000_1,0.311197161,0.5,180.0,0.0,19.958580268385195,19.77357819565128,39.91716053677039,1.095719493432648,0.008081888403054297,-0.052561543032230915,-0.026280771516115457,1.0779999494552612,1.1069999933242798,4160,20.0,0.9979290134192598,1.095719493432648,8619.72186210598,9009.009009011263,0.0017630000000000146,0.39400645292176956,8619.72186210598,9009.009009011263,0.0017630000000000146,0.39400645292176956,100.04228710520331,100.3915269551239,0.012396000000000074,0.09420473747102459,0.00048375902099451196,0.00048375902099451196
38,90,60,1000,0,1.0,38_90_60_1000_0,0.320137588,0.5,180.0,0.0,29.68545794226343,29.75391775024945,59.37091588452686,1.0863405755803823,0.015753445598162222,-0.10488276681862671,-0.052441383409313355,1.0490000247955322,1.1169999837875366,4273,30.0,0.9895152647421143,1.0863405755803823,8618.957599546213,9009.009009011263,0.0011069999999999691,0.34818333449284944,8618.957599546213,9009.009009011263,0.0011069999999999691,0.34818333449284944,100.00022222271605,101.08668182966854,0.012287999999999966,0.10492411931057546,0.00048375902099451196,0.00048375902099451196
38,90,60,1000,1,1.0,38_90_60_1000_1,0.308915,0.5,180.0,0.0,29.34502296163746,29.308421014701864,58.69004592327492,1.0867826937690346,0.014777295776509916,-0.09974494895464352,-0.04987247447732176,1.0579999685287476,1.1069999933242798,4338,30.0,0.978167432054582,1.0867826937690346,8661.800078781733,9009.009009011263,0.0007589999999999542,0.3261767986592159,8661.800078781733,9009.009009011263,0.0007589999999999542,0.3261767986592159,100.01947747719292,99.59663363378365,0.012300999999999895,0.0922834202583364,0.00048375902099451196,0.00048375902099451196
49,0,40,500,0,0.5,49_0_40_500_0,0.571117,0.5,-90.0,0.0,20.064729932146562,20.10973744062073,40.129459864293125,0.5189999938011169,0.0,0.0,0.0,0.5189999938011169,0.5189999938011169,4375,20.0,1.0032364966073282,1.0379999876022339,8646.979303254118,9009.009009011263,0.0013339999999999463,0.34941696564401886,8646.979303254118,9009.009009011263,0.0013339999999999463,0.34941696564401886,100.00390819871122,99.65122072745375,0.012268000000000057,0.09104571417648007,0.00048375902099451196,0.00048375902099451196
49,0,40,500,1,0.5,49_0_40_500_1,0.279189911,0.5,-90.0,0.0,19.44144526895252,19.436676451064997,38.88289053790504,0.5189999938011169,0.0,0.0,0.0,0.5189999938011169,0.5189999938011169,4344,20.0,0.972072263447626,1.0379999876022339,8659.100927550026,9009.009009011263,0.0011719999999999509,0.34265020110686484,8659.100927550026,9009.009009011263,0.0011719999999999509,0.34265020110686484,100.04171481097283,100.58338362502396,0.012128000000000139,0.0882808757366779,0.00048375902099451196,0.00048375902099451196
49,0,20,500,0,0.5,49_0_20_500_0,0.291098,0.5,-90.0,0.0,9.664535907506153,9.654690294252923,19.329071815012306,0.5189999938011169,0.0,0.0,0.0,0.5189999938011169,0.5189999938011169,4266,10.0,0.9664535907506153,1.0379999876022339,8676.041596656503,9009.009009011263,0.001334999999999975,0.31481935788433996,8676.041596656503,9009.009009011263,0.001334999999999975,0.31481935788433996,99.97890664584338,99.9800039991995,0.012677999999999967,0.08781473809673246,0.00048375902099451196,0.00048375902099451196
49,0,20,500,1,0.5,49_0_20_500_1,0.910803869,0.5,-90.0,0.0,9.876120239527758,9.89352854252806,19.752240479055516,0.5189999938011169,0.0,0.0,0.0,0.5189999938011169,0.5189999938011169,4356,10.0,0.9876120239527758,1.0379999876022339,8669.721709521904,9009.009009011263,0.0013259999999997163,0.34632116061454915,8669.721709521904,9009.009009011263,0.0013259999999997163,0.34632116061454915,100.01977987907588,99.97000899730041,0.012264000000000053,0.09244452704214245,0.00048375902099451196,0.00048375902099451196
49,0,40,1000,0,1.0,49_0_40_1000_0,0.9397213,0.5,-90.0,0.0,19.625387737415554,19.628727269030442,39.25077547483111,1.0290000438690186,0.0,0.0,0.0,1.0290000438690186,1.0290000438690186,4368,20.0,0.9812693868707777,1.0290000438690186,8696.094969795495,9009.009009011263,0.0012060000000002624,0.33682969644164185,8696.094969795495,9009.009009011263,0.0012060000000002624,0.33682969644164185,100.00609232516462,99.95002498750583,0.012261999999999995,0.08800755007961494,0.00048375902099451196,0.00048375902099451196
49,0,40,1000,1,1.0,49_0_40_1000_1,0.289018,0.5,-90.0,0.0,19.627532471479203,19.5017796549576,39.255064942958406,1.0290000438690186,0.0,0.0,0.0,1.0290000438690186,1.0290000438690186,4269,20.0,0.9813766235739602,1.0290000438690186,8624.117144417321,9009.009009011263,0.0013940000000000063,0.3667763655705501,8624.117144417321,9009.009009011263,0.0013940000000000063,0.3667763655705501,99.97169383841126,100.07004903432262,0.012186000000000252,0.0932410879416177,0.00048375902099451196,0.00048375902099451196
49,90,40,500,0,0.5,49_90_40_500_0,0.799775343,0.5,180.0,0.0,19.821939693001735,19.940699316213962,39.64387938600347,0.5241502888894081,0.004997735714240407,-0.022758880797676916,-0.011379440398838458,0.5189999938011169,0.5289999842643738,4360,20.0,0.9910969846500868,1.0483005777788161,8620.481333861644,9009.009009011263,0.0011559999999999349,0.3451107571373681,8620.481333861644,9009.009009011263,0.0011559999999999349,0.3451107571373681,100.0418251784496,99.95002498750615,0.012060999999999988,0.09818932676563168,0.00048375902099451196,0.00048375902099451196
49,90,40,500,1,0.5,49_90_40_500_1,1.119309036,0.5,180.0,0.0,19.95388344843383,20.30666553970932,39.90776689686766,0.5132794903816099,0.007287091775368298,-0.0456104254866367,-0.02280521274331835,0.5,0.5289999842643738,4203,20.0,0.9976941724216916,1.0265589807632198,8587.534135572823,9009.009009011263,0.0013799999999999368,0.3584961633060373,8587.534135572823,9009.009009011263,0.0013799999999999368,0.3584961633060373,100.00480792345786,99.8801438274069,0.012030999999999903,0.08481362459689608,0.00048375902099451196,0.00048375902099451196
49,45,20,1000,0,1.0,49_45_20_1000_0,0.298885,0.5,-134.9843212135518,0.25378633330200256,9.81453156653673,9.757245421196957,19.62906313307346,1.0382973750023843,0.0025559453170886366,0.006927683306257275,0.0034638416531286376,1.0290000438690186,1.0390000343322754,4347,10.0,0.9814531566536729,1.0382973750023843,8662.551842548519,9009.009009011263,0.0013839999999998298,0.342974131323796,8662.551842548519,9009.009009011263,0.0013839999999998298,0.342974131323796,99.99535663109738,99.85022466300443,0.012417000000000122,0.08895575565980345,0.01616254546920004,0.01616254546920004
49,45,20,1000,1,1.0,49_45_20_1000_1,0.291097054,0.5,-134.969172786373,0.2042818152136192,9.860632978454934,9.890034075505925,19.721265956909868,1.0323556717488391,0.00472186492062365,0.026228261476518976,0.013114130738259488,1.0290000438690186,1.0390000343322754,4371,10.0,0.9860632978454934,1.0323556717488391,8659.826807535517,9009.009009011263,0.001084000000000085,0.33901566269557937,8659.826807535517,9009.009009011263,0.001084000000000085,0.33901566269557937,100.02324369064175,100.15022533801236,0.012413999999999925,0.09377724692442026,0.031310972647986546,0.031310972647986546
49,45,40,1000,0,1.0,49_45_40_1000_0,0.299604516,0.5,-134.9946213972322,0.06806926605337366,20.106910934988058,20.430900891753925,40.213821869976115,1.041762802337492,0.006204331146037845,0.03774238762203427,0.018871193811017133,1.0290000438690186,1.0490000247955322,4244,20.0,1.0053455467494028,1.041762802337492,8581.726752773242,9009.009009011263,0.0010460000000001024,0.3501308365138683,8581.726752773242,9009.009009011263,0.0010460000000001024,0.3501308365138683,100.0505619506563,99.85022466300443,0.01238500000000009,0.09420351820962326,0.005862361788786075,0.005862361788786075
49,45,40,1000,1,1.0,49_45_40_1000_1,0.288760439,0.5,-135.00650780404126,0.11077884123373849,20.072615890460373,20.047907446143043,40.145231780920746,1.0360426959326157,0.004563716181262609,0.024465077528756422,0.012232538764378211,1.0290000438690186,1.0390000343322754,4299,20.0,1.0036307945230187,1.0360426959326157,8662.149401711626,9009.009009011263,0.0012859999999998983,0.33272583897927294,8662.149401711626,9009.009009011263,0.0012859999999998983,0.33272583897927294,100.01739766227534,100.14019627478419,0.012461999999999973,0.09694998878785675,-0.0060240450202684315,0.0060240450202684315
49,45,60,1000,0,1.0,49_45_60_1000_0,0.310702008,0.5,-135.00970138211548,0.06591319755684708,30.11949090871578,30.258767068730226,60.23898181743156,1.0403906131661151,0.0055652696380046746,0.012556605324798001,0.006278302662399001,1.0290000438690186,1.0490000247955322,4333,30.0,1.003983030290526,1.0403906131661151,8630.987934535899,9009.009009011263,0.00111899999999987,0.34470393162952484,8630.987934535899,9009.009009011263,0.00111899999999987,0.34470393162952484,100.06072105862137,100.04502025911725,0.012596000000000052,0.09521462974138017,-0.009217623094485816,0.009217623094485816
49,45,60,1000,1,1.0,49_45_60_1000_1,0.320443999,0.5,-135.0148961279044,0.07510646302675639,29.755635701453244,29.869660964881767,59.51127140290649,1.03817985509446,0.003492403423296619,0.01100209999929665,0.005501049999648325,1.0290000438690186,1.0490000247955322,4263,30.0,0.9918545233817748,1.03817985509446,8598.552601286136,9009.009009011263,0.001425000000000001,0.372505621328655,8598.552601286136,9009.009009011263,0.001425000000000001,0.372505621328655,100.08064089336905,100.15022533800791,0.012286999999999937,0.08462864123682477,-0.014412368883398585,0.014412368883398585
49,90,20,1000,0,1.0,49_90_20_1000_0,2.450187,0.5,180.0,0.0,9.943781393239846,10.151984897927944,19.88756278647969,1.014586572622525,0.004965529100311803,-0.029587445251995203,-0.014793722625997601,1.0089999437332153,1.0190000534057617,4357,10.0,0.9943781393239846,1.014586572622525,8689.861448860443,9009.009009011263,0.0014560000000001239,0.34365402937326667,8689.861448860443,9009.009009011263,0.0014560000000001239,0.34365402937326667,100.02004475031248,100.54293183189436,0.012494000000000227,0.09238838965392922,0.00048375902099451196,0.00048375902099451196
49,90,20,1000,1,1.0,49_90_20_1000_1,0.298923856,0.5,180.0,0.0,9.827360985628397,9.716231349427943,19.654721971256794,1.0202720350727044,0.0033319464548256825,-0.006321104537544776,-0.003160552268772388,1.0190000534057617,1.0290000438690186,4322,10.0,0.9827360985628397,1.0202720350727044,8631.319112802308,9009.009009011263,0.0013190000000000701,0.35356194076233366,8631.319112802308,9009.009009011263,0.0013190000000000701,0.35356194076233366,99.99870261164274,99.70089730807594,0.012537999999999938,0.091691033423737,0.00048375902099451196,0.00048375902099451196
49,90,40,1000,0,1.0,49_90_40_1000_0,0.3208,0.5,180.0,0.0,20.05851675855308,20.028104149622553,40.11703351710616,1.0225297012796242,0.004778915249700188,0.02635644326754097,0.013178221633770484,1.0190000534057617,1.0290000438690186,4320,20.0,1.002925837927654,1.0225297012796242,8648.531616352378,9009.009009011263,0.0012460000000000804,0.3431211491957418,8648.531616352378,9009.009009011263,0.0012460000000000804,0.3431211491957418,99.97387655792625,99.97000899730097,0.011897999999999964,0.08168792531991467,0.00048375902099451196,0.00048375902099451196
49,90,40,1000,1,1.0,49_90_40_1000_1,0.320242832,0.5,180.0,0.0,20.01591563701601,20.021468765179762,40.03183127403202,1.0239949652822378,0.004999992647575326,0.025133486716164867,0.012566743358082434,1.0190000534057617,1.0290000438690186,4320,20.0,1.0007957818508006,1.0239949652822378,8653.873105453384,9009.009009011263,0.0012079999999996538,0.34282856014205876,8653.873105453384,9009.009009011263,0.0012079999999996538,0.34282856014205876,99.99615399407715,100.08507231146544,0.01237099999999991,0.08793292435861137,0.00048375902099451196,0.00048375902099451196
49,90,60,1000,0,1.0,49_90_60_1000_0,0.309367,0.5,180.0,0.0,29.315962496706675,29.403017859922485,58.63192499341335,1.024524914976838,0.0049723704248598975,0.02848042516234116,0.01424021258117058,1.0190000534057617,1.0290000438690186,4322,30.0,0.9771987498902225,1.024524914976838,8626.307494863117,9009.009009011263,0.0014449999999999186,0.3596995642216631,8626.307494863117,9009.009009011263,0.0014449999999999186,0.3596995642216631,99.98033720035059,99.81036031540184,0.011984999999999968,0.0830352346431734,0.00048375902099451196,0.00048375902099451196
49,90,60,1000,1,1.0,49_90_60_1000_1,0.310699,0.5,180.0,0.0,29.26065093440924,28.705598394218843,58.52130186881848,1.0251454678050325,0.004867028584948414,0.027113714110318442,0.013556857055159221,1.0190000534057617,1.0290000438690186,4316,30.0,0.9753550311469747,1.0251454678050325,8649.55690983954,9009.009009011263,0.0013100000000000334,0.3496477324180701,8649.55690983954,9009.009009011263,0.0013100000000000334,0.3496477324180701,100.0268301132856,99.12767644726367,0.01181199999999999,0.09038107873500059,0.00048375902099451196,0.00048375902099451196
65,0,40,500,0,0.5,65_0_40_500_0,0.311183,0.5,-90.0,0.0,19.952249832942368,19.975044145106857,39.904499665884735,0.5178350729130567,0.0041229655577431175,0.01593833947255473,0.007969169736277365,0.5,0.5289999842643738,4326,20.0,0.9976124916471184,1.0356701458261135,8689.817530702308,9009.009009011263,0.001322999999999963,0.34139713341609373,8689.817530702308,9009.009009011263,0.001322999999999963,0.34139713341609373,100.0212737555334,100.33109260559787,0.012326999999999977,0.08970002511642218,0.00048375902099451196,0.00048375902099451196
65,0,40,500,1,0.5,65_0_40_500_1,0.318969719,0.5,-90.0,0.0,19.51180780948881,19.918650828430813,39.02361561897762,0.5182041618101647,0.0037429176377334395,0.01612911472397112,0.00806455736198556,0.5,0.5289999842643738,4246,20.0,0.9755903904744405,1.0364083236203294,8608.758722686913,9009.009009011263,0.0011999999999998678,0.3512470787629538,8608.758722686913,9009.009009011263,0.0011999999999998678,0.3512470787629538,100.0315808515792,100.06003602161461,0.012238999999999889,0.08431916337979917,0.00048375902099451196,0.00048375902099451196
65,0,20,500,0,0.5,65_0_20_500_0,0.300051,0.5,-90.0,0.0,9.777741553044192,9.942507565182673,19.555483106088385,0.5145906780599683,0.00641546646404362,0.03686304098414736,0.01843152049207368,0.5,0.5189999938011169,4328,10.0,0.9777741553044192,1.0291813561199366,8653.623441494976,9009.009009011263,0.0016319999999998558,0.34842477614738093,8653.623441494976,9009.009009011263,0.0016319999999998558,0.34842477614738093,99.97837534936436,99.72078181093013,0.012299000000000004,0.09409245838668995,0.00048375902099451196,0.00048375902099451196
65,0,20,500,1,0.5,65_0_20_500_1,0.301039541,0.5,-90.0,0.0,9.880585130900036,9.91307198341196,19.76117026180007,0.5144681887489079,0.006184530938448577,0.0361568898744003,0.01807844493720015,0.49000000953674316,0.5189999938011169,4304,10.0,0.9880585130900036,1.0289363774978157,8673.844576049865,9009.009009011263,0.0013420000000001764,0.35047412792948346,8673.844576049865,9009.009009011263,0.0013420000000001764,0.35047412792948346,100.00924237110137,99.8801438274069,0.012471000000000121,0.0959872083329905,0.00048375902099451196,0.00048375902099451196
65,0,40,1000,0,1.0,65_0_40_1000_0,0.859669296,0.5,-90.0,0.0,19.679737427152986,19.77623153073052,39.35947485430597,1.0452476442940843,0.004841839505946367,0.02760871045819506,0.01380435522909753,1.0390000343322754,1.0490000247955322,4343,20.0,0.9839868713576493,1.0452476442940843,8570.462120837814,9009.009009011263,0.001403000000000043,0.3746986323066809,8570.462120837814,9009.009009011263,0.001403000000000043,0.3746986323066809,100.03035141461174,100.62386798148519,0.012140999999999957,0.09157361986768599,0.00048375902099451196,0.00048375902099451196
65,0,40,1000,1,1.0,65_0_40_1000_1,0.330599,0.5,-90.0,0.0,19.878187823992622,20.016365568725437,39.756375647985244,1.0251308822920395,0.009336656804776128,0.0520924763261507,0.02604623816307535,0.9900000095367432,1.0390000343322754,4258,20.0,0.9939093911996311,1.0251308822920395,8646.663050408733,9009.009009011263,0.0013430000000000386,0.3581687163984887,8646.663050408733,9009.009009011263,0.0013430000000000386,0.3581687163984887,99.98626142972722,100.65425264217414,0.012177000000000104,0.09016391026225763,0.00048375902099451196,0.00048375902099451196
65,90,40,500,0,0.5,65_90_40_500_0,0.289900332,0.5,180.0,0.0,19.62447824669673,19.54060456504741,39.24895649339346,0.5121667495581446,0.008701227853370788,0.05680104007410254,0.02840052003705127,0.5,0.5289999842643738,4253,20.0,0.9812239123348364,1.0243334991162891,8530.299656572848,9009.009009011263,0.0011210000000000386,0.34994460010237755,8530.299656572848,9009.009009011263,0.0011210000000000386,0.34994460010237755,100.02831570783114,99.62143853357334,0.011997000000000035,0.08941437099745196,0.00048375902099451196,0.00048375902099451196
65,90,40,500,1,0.5,65_90_40_500_1,0.289755048,0.5,180.0,0.0,19.6263358397379,19.774842850953593,39.2526716794758,0.5115337332359995,0.009009303743857411,0.05872151152963376,0.02936075576481688,0.5,0.5289999842643738,4302,20.0,0.981316791986895,1.023067466471999,8623.535315932397,9009.009009011263,0.001371000000000011,0.3467973541659641,8623.535315932397,9009.009009011263,0.001371000000000011,0.3467973541659641,100.01892665842921,100.396566437428,0.012142000000000014,0.09175735354295997,0.00048375902099451196,0.00048375902099451196
65,45,20,1000,0,1.0,65_45_20_1000_0,0.299613513,0.5,-134.99575735771268,0.2458160321206435,9.98709217137096,10.053042254348307,19.97418434274192,1.0360391874159616,0.005051872676427173,0.028431381562434216,0.014215690781217108,1.0290000438690186,1.0490000247955322,4294,10.0,0.998709217137096,1.0360391874159616,8704.77198018292,9009.009009011263,0.0013780000000001014,0.341320957439521,8704.77198018292,9009.009009011263,0.0013780000000001014,0.341320957439521,100.01332817949339,99.7506234413948,0.012504999999999988,0.09618593935525648,0.004726401308317918,0.004726401308317918
65,45,20,1000,1,1.0,65_45_20_1000_1,0.290518998,0.5,-134.97173043160097,0.1395404582994473,9.947021448057036,9.9837521677914,19.894042896114073,1.0371313360344068,0.004382022750489986,0.021521968127614213,0.010760984063807107,1.0290000438690186,1.0490000247955322,4357,10.0,0.9947021448057036,1.0371313360344068,8590.274488355853,9009.009009011263,0.0013380000000000614,0.3606602091827615,8590.274488355853,9009.009009011263,0.0013380000000000614,0.3606602091827615,100.02173588435615,100.09008107296707,0.012452999999999825,0.08764070150644214,0.028753327420020014,0.028753327420020014
65,45,40,1000,0,1.0,65_45_40_1000_0,0.280175,0.5,-135.0203889513205,0.0893319671226891,19.613006011811347,19.75284745784227,39.226012023622694,1.0439738569888641,0.0071971759875289545,0.04145767643453915,0.020728838217269573,1.0290000438690186,1.0490000247955322,4338,20.0,0.9806503005905673,1.0439738569888641,8696.474979772966,9009.009009011263,0.0009239999999999249,0.3253250674562991,8696.474979772966,9009.009009011263,0.0009239999999999249,0.3253250674562991,100.00927289043659,99.39369843952016,0.01176200000000005,0.09009298960441794,-0.01990519229951815,0.01990519229951815
65,45,40,1000,1,1.0,65_45_40_1000_1,0.290343,0.5,-134.97163200501456,0.10365836183380991,19.806161329616945,19.860651633023323,39.61232265923389,1.0437805264932385,0.007166146325648742,0.041769075363764105,0.020884537681882052,1.0290000438690186,1.0490000247955322,4306,20.0,0.9903080664808472,1.0437805264932385,8556.672992333843,9009.009009011263,0.0011019999999999364,0.3430249755829498,8556.672992333843,9009.009009011263,0.0011019999999999364,0.3430249755829498,99.9631553427434,100.694794079147,0.012347999999999915,0.09110278315050829,0.028851754006439023,0.028851754006439023
65,45,60,1000,0,1.0,65_45_60_1000_0,0.310451799,0.5,-135.00491744166226,0.10059317873160295,30.089798872085698,29.979235993587448,60.179597744171396,1.045921689691264,0.0061661027555839605,0.030066587218571986,0.015033293609285993,1.0290000438690186,1.0490000247955322,4302,30.0,1.00299329573619,1.045921689691264,8638.068403017349,9009.009009011263,0.0010469999999999646,0.33819447622919513,8638.068403017349,9009.009009011263,0.0010469999999999646,0.33819447622919513,100.02547610192431,100.47221943132622,0.012584999999999957,0.08539274614395659,-0.0044336826412632035,0.0044336826412632035
65,45,60,1000,1,1.0,65_45_60_1000_1,0.308986,0.5,-134.9957985702187,0.08719259847614037,30.072411264531794,30.074253827021064,60.14482252906359,1.0458151510728673,0.0060932359554162745,0.02998455572219339,0.014992277861096696,1.0290000438690186,1.0490000247955322,4307,30.0,1.0024137088177265,1.0458151510728673,8630.59241115656,9009.009009011263,0.0009299999999998754,0.33707823614249505,8630.59241115656,9009.009009011263,0.0009299999999998754,0.33707823614249505,100.04001600640257,101.56924483266474,0.012050999999999923,0.09060440086963095,0.004685188802284301,0.004685188802284301
65,90,20,1000,0,1.0,65_90_20_1000_0,0.290684,0.5,180.0,0.0,9.844002075012424,9.799943361920448,19.68800415002485,1.0151994701042537,0.004854051545155478,0.02735461303171232,0.01367730651585616,1.0089999437332153,1.0190000534057617,4375,10.0,0.9844002075012425,1.0151994701042537,8679.305135030165,9009.009009011263,0.0016309999999999936,0.348790717677056,8679.305135030165,9009.009009011263,0.0016309999999999936,0.348790717677056,100.01281223195396,100.22048506714953,0.012437000000000253,0.0871821087407266,0.00048375902099451196,0.00048375902099451196
65,90,20,1000,1,1.0,65_90_20_1000_1,0.890224924,0.5,180.0,0.0,9.926941041493718,9.93563888421873,19.853882082987436,1.0341239274624978,0.004998460161900348,0.029981550062835805,0.014990775031417903,1.0290000438690186,1.0390000343322754,4289,10.0,0.9926941041493718,1.0341239274624978,8656.83964257443,9009.009009011263,0.0012570000000000636,0.3428096294209108,8656.83964257443,9009.009009011263,0.0012570000000000636,0.3428096294209108,100.01841479571799,99.82032341784705,0.012510000000000243,0.08858273780137602,0.00048375902099451196,0.00048375902099451196
65,90,40,1000,0,1.0,65_90_40_1000_0,0.299033809,0.5,180.0,0.0,19.78440932071538,19.4069529170396,39.56881864143076,1.0227136762540652,0.01053296709546781,0.06981867304958758,0.03490933652479379,1.0089999437332153,1.0390000343322754,4309,20.0,0.989220466035769,1.0227136762540652,8645.516592968206,9009.009009011263,0.0011390000000000011,0.3587628554321894,8645.516592968206,9009.009009011263,0.0011390000000000011,0.3587628554321894,100.08839223912305,99.54210631096954,0.011950000000000016,0.08772186436367689,0.00048375902099451196,0.00048375902099451196
65,90,40,1000,1,1.0,65_90_40_1000_1,0.309726,0.5,180.0,0.0,19.79197779159234,19.844406158699282,39.58395558318468,1.0229836006615103,0.010995137312356766,0.07347507576382274,0.03673753788191137,1.0089999437332153,1.0390000343322754,4319,20.0,0.9895988895796171,1.0229836006615103,8635.292193921556,9009.009009011263,0.0013289999999999969,0.3513486634054195,8635.292193921556,9009.009009011263,0.0013289999999999969,0.3513486634054195,99.97423740805255,99.64625579193887,0.011965000000000003,0.09220236266154201,0.00048375902099451196,0.00048375902099451196
65,90,60,1000,0,1.0,65_90_60_1000_0,0.318616607,0.5,180.0,0.0,29.742356161453266,29.732578473232323,59.48471232290653,1.032236853597597,0.01345423083346557,0.08901207138088045,0.044506035690440225,1.0089999437332153,1.0490000247955322,4325,30.0,0.9914118720484422,1.032236853597597,8674.500366767468,9009.009009011263,0.0014119999999999688,0.3644545864065442,8674.500366767468,9009.009009011263,0.0014119999999999688,0.3644545864065442,99.98245307948454,100.41672942712275,0.012404000000000082,0.08417685688852787,0.00048375902099451196,0.00048375902099451196
65,90,60,1000,1,1.0,65_90_60_1000_1,0.320324,0.5,180.0,0.0,29.7927978613962,29.75829635078307,59.5855957227924,1.0325996420562924,0.013275597584243954,0.08813185966168866,0.04406592983084433,1.0089999437332153,1.0490000247955322,4314,30.0,0.9930932620465399,1.0325996420562924,8660.520598332925,9009.009009011263,0.0013009999999999966,0.33819043475028465,8660.520598332925,9009.009009011263,0.0013009999999999966,0.33819043475028465,99.99726264476558,99.55201592832174,0.012133000000000005,0.09035680990157448,0.00048375902099451196,0.00048375902099451196
74,0,40,500,0,0.5,74_0_40_500_0,0.28945298,0.5,-90.0,0.0,19.348944345011898,19.33634379156705,38.697888690023795,0.518546771273029,0.0019681447115544285,0.0051647896730159315,0.0025823948365079658,0.5099999904632568,0.5189999938011169,4264,20.0,0.9674472172505949,1.037093542546058,8616.032750495693,9009.009009011263,0.0013120000000000354,0.3433148368626881,8616.032750495693,9009.009009011263,0.0013120000000000354,0.3433148368626881,100.05800297260443,100.92854259184469,0.012411999999999868,0.0942681956104872,0.00048375902099451196,0.00048375902099451196
74,0,40,500,1,0.5,74_0_40_500_1,0.289773281,0.5,-90.0,0.0,19.770243027556706,19.786508309615577,39.54048605511341,0.5186692307364458,0.0016933589345235133,0.0037045711003901695,0.0018522855501950848,0.5099999904632568,0.5189999938011169,4199,20.0,0.9885121513778353,1.0373384614728915,8506.741403684831,9009.009009011263,0.0011019999999999919,0.3568971482407415,8506.741403684831,9009.009009011263,0.0011019999999999919,0.3568971482407415,100.01343691976939,99.96001599360382,0.012261999999999995,0.09756673938827977,0.00048375902099451196,0.00048375902099451196
74,0,20,500,0,0.5,74_0_20_500_0,0.280724,0.5,-90.0,0.0,9.767720664873437,9.853610114136757,19.535441329746874,0.525661053848629,0.00471601696283425,0.02457233756672312,0.01228616878336156,0.5189999938011169,0.5289999842643738,4295,10.0,0.9767720664873437,1.051322107697258,8656.926079303903,9009.009009011263,0.0013000000000000234,0.34824695167993885,8656.926079303903,9009.009009011263,0.0013000000000000234,0.34824695167993885,100.01784749614002,100.55304172951138,0.012436999999999365,0.09374244771382213,0.00048375902099451196,0.00048375902099451196
74,0,20,500,1,0.5,74_0_20_500_1,0.4002,0.5,-90.0,0.0,9.951913975344167,9.892018611584465,19.903827950688335,0.5249545703023849,0.004908026784356455,0.01585507270986659,0.007927536354933295,0.5189999938011169,0.5289999842643738,4364,10.0,0.9951913975344168,1.0499091406047698,8654.711047442213,9009.009009011263,0.0013060000000000294,0.3338584781458664,8654.711047442213,9009.009009011263,0.0013060000000000294,0.3338584781458664,100.01036767355315,100.48231511253834,0.012356000000000478,0.0906495105163827,0.00048375902099451196,0.00048375902099451196
74,0,40,1000,0,1.0,74_0_40_1000_0,0.950311231,0.5,-90.0,0.0,19.78794317589892,19.5325409825181,39.57588635179784,1.029480058031241,0.002137691149001196,0.005351706470439247,0.0026758532352196235,1.0290000438690186,1.0390000343322754,4309,20.0,0.989397158794946,1.029480058031241,8610.700880004813,9009.009009011263,0.0012729999999998576,0.3521693513200128,8610.700880004813,9009.009009011263,0.0012729999999998576,0.3521693513200128,100.06950982105263,99.96501224571458,0.011990999999999974,0.08690277327391921,0.00048375902099451196,0.00048375902099451196
74,0,40,1000,1,1.0,74_0_40_1000_1,0.510329731,0.5,-90.0,0.0,19.66809657695041,19.54575751202347,39.33619315390082,1.0237512234946888,0.004993799992457291,0.029925670694602495,0.014962835347301248,1.0190000534057617,1.0290000438690186,4289,20.0,0.9834048288475206,1.0237512234946888,8601.680194609327,9009.009009011263,0.0013250000000000206,0.3381100841195293,8601.680194609327,9009.009009011263,0.0013250000000000206,0.3381100841195293,99.9769784812003,100.361300682456,0.012421000000000015,0.0999694039016245,0.00048375902099451196,0.00048375902099451196
74,90,40,500,0,0.5,74_90_40_500_0,0.310637616,0.5,180.0,0.0,19.756713833749124,19.98803098433587,39.51342766749825,0.5278321653780936,0.003211600344759512,0.010140563339483455,0.005070281669741728,0.5189999938011169,0.5289999842643738,4221,20.0,0.9878356916874562,1.0556643307561873,8591.593099216529,9009.009009011263,0.001330999999999971,0.34351354540601614,8591.593099216529,9009.009009011263,0.001330999999999971,0.34351354540601614,100.0486059894232,99.24573243350562,0.012127999999999972,0.09440776644423295,0.00048375902099451196,0.00048375902099451196
74,90,40,500,1,0.5,74_90_40_500_1,0.289594233,0.5,180.0,0.0,19.45111182604024,19.076622291338413,38.90222365208048,0.5284604594389053,0.0022592379405628896,0.004010004809362485,0.0020050024046812426,0.5189999938011169,0.5289999842643738,4333,20.0,0.972555591302012,1.0569209188778106,8673.12974879678,9009.009009011263,0.0010790000000000521,0.3381592186812991,8673.12974879678,9009.009009011263,0.0010790000000000521,0.3381592186812991,100.02962563241911,99.99999999999991,0.012410000000000032,0.09600880906729126,0.00048375902099451196,0.00048375902099451196
74,45,20,1000,0,1.0,74_45_20_1000_0,1.369899,0.5,-134.9665814555341,0.2050579838987403,9.98663433097604,10.185231706074273,19.97326866195208,1.0390000343322754,0.0,0.0,0.0,1.0390000343322754,1.0390000343322754,4242,10.0,0.998663433097604,1.0390000343322754,8634.792786134847,9009.009009011263,0.0016350000000002751,0.36124080805671077,8634.792786134847,9009.009009011263,0.0016350000000002751,0.36124080805671077,100.00833063283685,100.02000400080064,0.01258400000000004,0.092918082267528,0.033902303486883056,0.033902303486883056
74,45,20,1000,1,1.0,74_45_20_1000_1,0.300566336,0.5,-135.01902754197684,0.1942264010283068,9.985966000718435,9.986098898904181,19.97193200143687,1.0323219574209919,0.004709988767790526,0.02319039724232376,0.01159519862116188,1.0290000438690186,1.0390000343322754,4360,10.0,0.9985966000718435,1.0323219574209919,8679.928404555036,9009.009009011263,0.001358999999999999,0.3582915551372063,8679.928404555036,9009.009009011263,0.001358999999999999,0.3582915551372063,100.01389989098485,99.7655509552533,0.012560000000000127,0.08773141592831915,-0.018543782955845245,0.018543782955845245
74,45,40,1000,0,1.0,74_45_40_1000_0,0.31108,0.5,-135.02162564517025,0.08676791566934268,19.94758063088234,20.06442974335765,39.89516126176468,1.0371494555771266,0.0038834428248638057,0.017310497282495074,0.008655248641247537,1.0290000438690186,1.0390000343322754,4346,20.0,0.9973790315441169,1.0371494555771266,8612.247571365355,9009.009009011263,0.0011980000000000324,0.3772066095565121,8612.247571365355,9009.009009011263,0.0011980000000000324,0.3772066095565121,99.95945644446611,99.34926233172713,0.012045999999999779,0.09038006623083673,-0.021141886149251832,0.021141886149251832
74,45,40,1000,1,1.0,74_45_40_1000_1,0.321453,0.5,-135.00090728400966,0.051170353532003776,20.008930122925076,19.81641693954557,40.01786024585015,1.0370167048837275,0.003987440265320318,0.01711268600686722,0.00855634300343361,1.0290000438690186,1.0390000343322754,4290,20.0,1.0004465061462537,1.0370167048837275,8636.695517169388,9009.009009011263,0.0016140000000000043,0.36810414090118915,8636.695517169388,9009.009009011263,0.0016140000000000043,0.36810414090118915,100.02104288863848,100.05002501250621,0.012487999999999833,0.09050632205360665,-0.00042352498866193855,0.00042352498866193855
74,45,60,1000,0,1.0,74_45_60_1000_0,0.310631038,0.5,-135.00018657826124,0.08595180196606123,29.63085076353861,29.78726511134212,59.26170152707722,1.0374717065498038,0.003598260335046966,0.015273747073308558,0.007636873536654279,1.0290000438690186,1.0390000343322754,4307,30.0,0.9876950254512871,1.0374717065498038,8647.378566878191,9009.009009011263,0.0014079999999999648,0.3563651419299485,8647.378566878191,9009.009009011263,0.0014079999999999648,0.3563651419299485,100.02392837623586,100.75566750629537,0.012569000000000052,0.09294493108012494,0.00029718075975893044,0.00029718075975893044
74,45,60,1000,1,1.0,74_45_60_1000_1,0.319601,0.5,-134.99854986486497,0.07894974820497964,29.5288617311277,29.604625563368266,59.0577234622554,1.038007079219232,0.0029905821848523655,0.010464702931213547,0.005232351465606773,1.0290000438690186,1.0390000343322754,4233,30.0,0.98429539103759,1.038007079219232,8562.314809719852,9009.009009011263,0.0012600000000000389,0.3724847458786763,8562.314809719852,9009.009009011263,0.0012600000000000389,0.3724847458786763,100.01827149428973,100.02000400080009,0.012135999999999925,0.0913136281074702,0.0019338941560249623,0.0019338941560249623
74,90,20,1000,0,1.0,74_90_20_1000_0,0.279087831,0.5,180.0,0.0,9.912208108694593,9.936040749315993,19.824416217389185,1.0190000534057617,0.0,0.0,0.0,1.0190000534057617,1.0190000534057617,4375,10.0,0.9912208108694592,1.0190000534057617,8661.858322599339,9009.009009011263,0.0011510000000001241,0.34535994207674553,8661.858322599339,9009.009009011263,0.0011510000000001241,0.34535994207674553,100.00285433248195,100.05503026664648,0.012706000000000106,0.09960891707399185,0.00048375902099451196,0.00048375902099451196
74,90,20,1000,1,1.0,74_90_20_1000_1,0.280378858,0.5,180.0,0.0,9.885546086212111,9.90733652052684,19.771092172424222,1.0190000534057617,0.0,0.0,0.0,1.0190000534057617,1.0190000534057617,4322,10.0,0.9885546086212111,1.0190000534057617,8657.631147191898,9009.009009011263,0.0013479999999999603,0.341190391667528,8657.631147191898,9009.009009011263,0.0013479999999999603,0.341190391667528,100.01288198378494,99.93004896572522,0.012606999999999813,0.09650978584352496,0.00048375902099451196,0.00048375902099451196
74,90,40,1000,0,1.0,74_90_40_1000_0,0.30886765,0.5,180.0,0.0,19.800793884457537,19.803412784288128,39.601587768915074,1.024817880857444,0.0049326567665051455,0.029197348748859882,0.014598674374429941,1.0190000534057617,1.0290000438690186,4361,20.0,0.9900396942228769,1.024817880857444,8686.522666019404,9009.009009011263,0.001403000000000043,0.33286125549011786,8686.522666019404,9009.009009011263,0.001403000000000043,0.33286125549011786,100.01336056343403,100.11012113324799,0.012186999999999948,0.08647333711046813,0.00048375902099451196,0.00048375902099451196
74,90,40,1000,1,1.0,74_90_40_1000_1,0.311084298,0.5,180.0,0.0,19.788822794957255,19.840153933662567,39.57764558991451,1.0250303936147755,0.004892682448706777,0.02833232561203443,0.014166162806017214,1.0190000534057617,1.0290000438690186,4279,20.0,0.9894411397478627,1.0250303936147755,8622.703043770909,9009.009009011263,0.0023100000000000342,0.3676614168809836,8622.703043770909,9009.009009011263,0.0023100000000000342,0.3676614168809836,100.06444763849821,99.67108541812061,0.012153999999999998,0.08923007731161041,0.00048375902099451196,0.00048375902099451196
74,90,60,1000,0,1.0,74_90_60_1000_0,0.319241154,0.5,180.0,0.0,29.83246942766419,29.75911907373654,59.66493885532838,1.0300900289895265,0.007209398798485161,0.04507097128633073,0.022535485643165366,1.0190000534057617,1.0390000343322754,4291,30.0,0.9944156475888063,1.0300900289895265,8651.914241538117,9009.009009011263,0.0013900000000000023,0.34961012362825594,8651.914241538117,9009.009009011263,0.0013900000000000023,0.34961012362825594,99.96222422023943,99.7108385681517,0.012665000000000037,0.09723201082846619,0.00048375902099451196,0.00048375902099451196
74,90,60,1000,1,1.0,74_90_60_1000_1,0.30958,0.5,180.0,0.0,29.70207710347111,29.773563310147956,59.40415420694222,1.0268462360030517,0.006346300119670653,0.03631025693980445,0.018155128469902224,1.0190000534057617,1.0390000343322754,4333,30.0,0.9900692367823704,1.0268462360030517,8661.39084649816,9009.009009011263,0.0011309999999999931,0.32871929027258,8661.39084649816,9009.009009011263,0.0011309999999999931,0.32871929027258,100.03461593888183,99.87016878058488,0.012326999999999977,0.09005775208097995,0.00048375902099451196,0.00048375902099451196
79,0,40,500,0,0.5,79_0_40_500_0,0.309427,0.5,-90.0,0.0,20.02258660505359,20.241133005201895,40.04517321010718,0.5284653371142536,0.0022495819227754976,-0.004473470944792565,-0.0022367354723962824,0.5189999938011169,0.5289999842643738,4242,20.0,1.0011293302526796,1.0569306742285072,8572.58092961129,9009.009009011263,0.0011970000000000036,0.355644385305231,8572.58092961129,9009.009009011263,0.0011970000000000036,0.355644385305231,100.02673791648152,100.02500625156352,0.012235999999999914,0.09571758941361246,0.00048375902099451196,0.00048375902099451196
79,0,40,500,1,0.5,79_0_40_500_1,0.299001822,0.5,-90.0,0.0,19.90885140788677,19.88026101132223,39.81770281577354,0.5269592362105846,0.004030236774279792,-0.010094139936642576,-0.005047069968321288,0.5189999938011169,0.5289999842643738,4320,20.0,0.9954425703943386,1.0539184724211692,8606.368206847019,9009.009009011263,0.0012449999999999406,0.3353053541803828,8606.368206847019,9009.009009011263,0.0012449999999999406,0.3353053541803828,100.00762510245035,99.73072703700002,0.012380000000000058,0.08971899918303529,0.00048375902099451196,0.00048375902099451196
79,0,20,500,0,0.5,79_0_20_500_0,0.290570109,0.5,-90.0,0.0,9.730190331328526,9.65108279516027,19.46038066265705,0.5287679644856453,0.0015054442523224157,0.0026322578796669806,0.0013161289398334903,0.5189999938011169,0.5289999842643738,4282,10.0,0.9730190331328525,1.0575359289712907,8648.978776403363,9009.009009011263,0.0024969999999999992,0.3584014891762106,8648.978776403363,9009.009009011263,0.0024969999999999992,0.3584014891762106,100.03473711339682,99.9999999999977,0.01247899999999999,0.08950365542115642,0.00048375902099451196,0.00048375902099451196
79,0,20,500,1,0.5,79_0_20_500_1,0.539562,0.5,-90.0,0.0,9.990330989189241,9.862223662716708,19.980661978378482,0.528999984264374,2.220446049250313e-16,5.916455529434606e-31,2.958227764717303e-31,0.5289999842643738,0.5289999842643738,4307,10.0,0.9990330989189241,1.057999968528748,8669.906795960938,9009.009009011263,0.0013600000000000279,0.3417462729105565,8669.906795960938,9009.009009011263,0.0013600000000000279,0.3417462729105565,99.98752650617438,99.74067424695811,0.012723999999999958,0.08859760498266288,0.00048375902099451196,0.00048375902099451196
79,0,40,1000,0,1.0,79_0_40_1000_0,0.288596,0.5,-90.0,0.0,19.75475270310039,19.737025388229863,39.50950540620078,1.02918311315443,0.0013405882085740558,-0.0021566152771937473,-0.0010783076385968737,1.0290000438690186,1.0390000343322754,4288,20.0,0.9877376351550196,1.02918311315443,8643.461704306375,9009.009009011263,0.0011479999999999269,0.34642839261093333,8643.461704306375,9009.009009011263,0.0011479999999999269,0.34642839261093333,99.99934866324625,99.79044007584017,0.012307000000000068,0.08839977656112884,0.00048375902099451196,0.00048375902099451196
79,0,40,1000,1,1.0,79_0_40_1000_1,0.299071,0.5,-90.0,0.0,19.78222084556065,19.791795836076663,39.5644416911213,1.0211652415008754,0.004118715918228939,-0.011281383461414175,-0.0056406917307070875,1.0190000534057617,1.0290000438690186,4286,20.0,0.9891110422780326,1.0211652415008754,8594.764940596417,9009.009009011263,0.002034,0.3680770049092772,8594.764940596417,9009.009009011263,0.002034,0.3680770049092772,100.01954227979928,100.81153283935825,0.012285000000000101,0.09427447885066123,0.00048375902099451196,0.00048375902099451196
79,90,40,500,0,0.5,79_90_40_500_0,0.309358,0.5,180.0,0.0,19.790629305557797,19.758440427310244,39.581258611115594,0.5273783781308594,0.00529294419933027,0.02556473321465271,0.012782366607326356,0.5189999938011169,0.5389999747276306,4331,20.0,0.9895314652778898,1.0547567562617188,8696.275670405017,9009.009009011263,0.0009979999999999989,0.3068389983448708,8696.275670405017,9009.009009011263,0.0009979999999999989,0.3068389983448708,99.96862523146581,99.61151509114434,0.012222999999999873,0.08917680187664986,0.00048375902099451196,0.00048375902099451196
79,90,40,500,1,0.5,79_90_40_500_1,0.309571,0.5,180.0,0.0,19.76833800935059,19.806973477373656,39.53667601870118,0.5258155564412837,0.0061344942513947825,0.03685409191301884,0.01842704595650942,0.5189999938011169,0.5389999747276306,4256,20.0,0.9884169004675295,1.0516311128825675,8626.343194767314,9009.009009011263,0.0016510000000000136,0.3535480957987754,8626.343194767314,9009.009009011263,0.0016510000000000136,0.3535480957987754,99.98800143982722,99.29007595690909,0.012105000000000032,0.09243741076439177,0.00048375902099451196,0.00048375902099451196
79,45,20,1000,0,1.0,79_45_20_1000_0,0.309338298,0.5,-135.06573733487136,0.3582777082958444,9.85548565123719,9.85974566666422,19.71097130247438,1.0390000343322754,0.0,0.0,0.0,1.0390000343322754,1.0390000343322754,4368,10.0,0.985548565123719,1.0390000343322754,8627.689403979855,9009.009009011263,0.001675000000000093,0.335651665999798,8627.689403979855,9009.009009011263,0.001675000000000093,0.335651665999798,100.02505617674687,99.85022466300664,0.012388999999999983,0.09514528397781759,-0.06525357585036318,0.06525357585036318
79,45,20,1000,1,1.0,79_45_20_1000_1,0.290297951,0.5,-134.9750401240976,0.1869718858844578,9.935607977473998,10.011630622011293,19.871215954947996,1.0390000343322754,0.0,0.0,0.0,1.0390000343322754,1.0390000343322754,4269,10.0,0.9935607977473998,1.0390000343322754,8656.483054572058,9009.009009011263,0.0013449999999997075,0.34552615139545756,8656.483054572058,9009.009009011263,0.0013449999999997075,0.34552615139545756,99.9765908470212,99.83028850953326,0.012353000000000058,0.08913352404593045,0.0254436349233913,0.0254436349233913
79,45,40,1000,0,1.0,79_45_40_1000_0,0.269907,0.5,-134.99658487669313,0.1144743515276488,19.72203712133005,19.810973320156304,39.4440742426601,1.03856384326826,0.0024897901054104664,0.005087437981217649,0.0025437189906088245,1.0190000534057617,1.0390000343322754,4263,20.0,0.9861018560665025,1.03856384326826,8612.63973913452,9009.009009011263,0.0014459999999999473,0.35260806929137206,8612.63973913452,9009.009009011263,0.0014459999999999473,0.35260806929137206,99.97108116234575,99.88014382740579,0.012073999999999696,0.08747869476806151,0.003898882327860065,0.003898882327860065
79,45,40,1000,1,1.0,79_45_40_1000_1,0.279265,0.5,-135.01550545327848,0.10321039561171119,19.710427290852966,19.347572534898966,39.42085458170593,1.035793317050442,0.00466734469597919,0.021281452914622228,0.010640726457311114,1.0290000438690186,1.0390000343322754,4308,20.0,0.9855213645426483,1.035793317050442,8648.97289387366,9009.009009011263,0.0009699999999999154,0.3300791174002634,8648.97289387366,9009.009009011263,0.0009699999999999154,0.3300791174002634,100.02115389921548,100.18032458425007,0.01268799999999981,0.10111830892716572,-0.015021694257484342,0.015021694257484342
79,45,60,1000,0,1.0,79_45_60_1000_0,0.341046642,0.5,-135.0079976378969,0.08543011246856196,30.178276577696224,30.01413585856348,60.35655315539245,1.036325164043233,0.0044264823864635025,-0.023512515254844105,-0.011756257627422053,1.0290000438690186,1.0390000343322754,4310,30.0,1.0059425525898742,1.036325164043233,8647.365170784224,9009.009009011263,0.0011140000000000039,0.347998930091062,8647.365170784224,9009.009009011263,0.0011140000000000039,0.347998930091062,100.01806956284368,100.1803245842523,0.012013000000000051,0.09001404002658767,-0.007513878875897717,0.007513878875897717
79,45,60,1000,1,1.0,79_45_60_1000_1,0.319604332,0.5,-135.00918188731222,0.05029347772160975,30.021682167548274,30.188571276359838,60.04336433509655,1.0341481789593696,0.004997800205947066,-0.007637724482882485,-0.0038188622414412426,1.0290000438690186,1.0390000343322754,4288,30.0,1.0007227389182758,1.0341481789593696,8601.268428773388,9009.009009011263,0.0014020000000001254,0.3510040231199169,8601.268428773388,9009.009009011263,0.0014020000000001254,0.3510040231199169,100.02723254498606,99.54210631096954,0.012189999999999979,0.08441296329460787,-0.008698128291229068,0.008698128291229068
79,90,20,1000,0,1.0,79_90_20_1000_0,0.289232477,0.5,180.0,0.0,9.777363187637638,9.944991978580184,19.554726375275276,1.0190000534057617,0.0,0.0,0.0,1.0190000534057617,1.0190000534057617,4361,10.0,0.9777363187637638,1.0190000534057617,8632.773832536455,9009.009009011263,0.0014799999999999258,0.3391126709364795,8632.773832536455,9009.009009011263,0.0014799999999999258,0.3391126709364795,100.02531128303809,99.67108541812061,0.01215300000000008,0.0904404812414706,0.00048375902099451196,0.00048375902099451196
79,90,20,1000,1,1.0,79_90_20_1000_1,1.720733,0.5,180.0,0.0,9.939517019982036,9.746312033234243,19.879034039964072,1.0192324231841563,0.0015065523070855818,-0.0026073446813350254,-0.0013036723406675127,1.0190000534057617,1.0290000438690186,4303,10.0,0.9939517019982036,1.0192324231841563,8649.620152222467,9009.009009011263,0.0012919999999998488,0.33552593172653294,8649.620152222467,9009.009009011263,0.0012919999999998488,0.33552593172653294,99.98649979850897,99.76555095525607,0.012097999999999942,0.09234873257518308,0.00048375902099451196,0.00048375902099451196
79,90,40,1000,0,1.0,79_90_40_1000_0,0.309969,0.5,180.0,0.0,19.694727531031877,19.5407412420843,39.38945506206375,1.0155988721043867,0.006077841470359492,0.036233222891455155,0.018116611445727578,1.0089999437332153,1.0290000438690186,4309,20.0,0.9847363765515939,1.0155988721043867,8609.954364823448,9009.009009011263,0.001403000000000043,0.36046885557219804,8609.954364823448,9009.009009011263,0.001403000000000043,0.36046885557219804,100.00092308544387,100.02000400080009,0.012127999999999917,0.08588741614629057,0.00048375902099451196,0.00048375902099451196
79,90,40,1000,1,1.0,79_90_40_1000_1,0.299503,0.5,180.0,0.0,19.716775131607836,19.801683420118838,39.43355026321567,1.0128668237018075,0.004869955141990021,0.027667048064349643,0.013833524032174822,1.0089999437332153,1.0190000534057617,4322,20.0,0.9858387565803918,1.0128668237018075,8663.344030855493,9009.009009011263,0.0013889999999999736,0.3308529862411924,8663.344030855493,9009.009009011263,0.0013889999999999736,0.3308529862411924,99.97093152913999,99.51734089665109,0.012099000000000082,0.09263248175510877,0.00048375902099451196,0.00048375902099451196
79,90,60,1000,0,1.0,79_90_60_1000_0,0.309898,0.5,180.0,0.0,29.836568438962644,29.84515395455535,59.67313687792529,1.0191148593869104,0.008340809472764965,0.054043793986436654,0.027021896993218327,1.0089999437332153,1.0290000438690186,4319,30.0,0.9945522812987548,1.0191148593869104,8647.704978055224,9009.009009011263,0.0010930000000000106,0.33286995333025515,8647.704978055224,9009.009009011263,0.0010930000000000106,0.33286995333025515,100.0036980534176,100.2204850671473,0.011986000000000052,0.08825143706019269,0.00048375902099451196,0.00048375902099451196
79,90,60,1000,1,1.0,79_90_60_1000_1,0.310568386,0.5,180.0,0.0,29.33374801494393,29.427983576857194,58.66749602988786,1.017125322672935,0.007875867398855292,0.04560721057077779,0.022803605285388894,1.0089999437332153,1.0290000438690186,4307,30.0,0.977791600498131,1.017125322672935,8524.64330776366,9009.009009011263,0.001336999999999977,0.3719224680518026,8524.64330776366,9009.009009011263,0.001336999999999977,0.3719224680518026,100.08785489485214,99.805379509956,0.0121,0.09216336414076397,0.00048375902099451196,0.00048375902099451196
82,0,40,500,0,0.5,82_0_40_500_0,0.279592881,0.5,-90.0,0.0,19.629356371572854,19.434204060202763,39.25871274314571,0.5330303647696804,0.008798864631384715,0.01943309306992277,0.009716546534961385,0.5,0.5389999747276306,4332,20.0,0.9814678185786427,1.0660607295393607,8615.775339651569,9009.009009011263,0.001290999999999931,0.3778289015525189,8615.775339651569,9009.009009011263,0.001290999999999931,0.3778289015525189,100.03069644272519,99.47774185526023,0.012065000000000214,0.08449412428243679,0.00048375902099451196,0.00048375902099451196
82,0,40,500,1,0.5,82_0_40_500_1,0.280106,0.5,-90.0,0.0,19.70378437262213,19.80437122466302,39.40756874524426,0.5339058248292436,0.007891042217613817,0.016659306623372155,0.008329653311686077,0.5,0.5389999747276306,4185,20.0,0.9851892186311065,1.0678116496584873,8592.446843870937,9009.009009011263,0.0012799999999999478,0.36185953283136335,8592.446843870937,9009.009009011263,0.0012799999999999478,0.36185953283136335,100.01924034241702,99.78048293753767,0.012234999999999996,0.09204908880565595,0.00048375902099451196,0.00048375902099451196
82,0,20,500,0,0.5,82_0_20_500_0,0.300265,0.5,-90.0,0.0,9.915973993844913,9.90985237254177,19.831947987689826,0.5341643606515417,0.006828375851105283,0.039535414690621884,0.019767707345310942,0.5099999904632568,0.5389999747276306,4344,10.0,0.9915973993844913,1.0683287213030834,8666.273299295677,9009.009009011263,0.0014799999999999813,0.34998381925346983,8666.273299295677,9009.009009011263,0.0014799999999999813,0.34998381925346983,100.02443686445346,99.94003597841336,0.012620000000000076,0.10071704725897555,0.00048375902099451196,0.00048375902099451196
82,0,20,500,1,0.5,82_0_20_500_1,0.289403,0.5,-90.0,0.0,9.776391709855837,9.777069848230312,19.552783419711673,0.5335340228297608,0.007927670612439767,0.04556394586276645,0.022781972931383225,0.5099999904632568,0.5389999747276306,4289,10.0,0.9776391709855836,1.0670680456595216,8672.28545473868,9009.009009011263,0.001196000000000197,0.3340221047742389,8672.28545473868,9009.009009011263,0.001196000000000197,0.3340221047742389,99.98195844904566,100.29084344599609,0.012508999999999992,0.09726774655503778,0.00048375902099451196,0.00048375902099451196
82,0,40,1000,0,1.0,82_0_40_1000_0,0.290467,0.5,-90.0,0.0,19.586452340786167,19.57012540847628,39.172904681572334,1.053110038676153,0.009728090462050342,0.019632302088917288,0.009816151044458644,1.0190000534057617,1.0679999589920044,4294,20.0,0.9793226170393083,1.053110038676153,8677.736515502507,9009.009009011263,0.001242999999999883,0.3549363518969079,8677.736515502507,9009.009009011263,0.001242999999999883,0.3549363518969079,99.95701848205272,99.72575417601684,0.012504000000000015,0.08759703192750445,0.00048375902099451196,0.00048375902099451196
82,0,40,1000,1,1.0,82_0_40_1000_1,0.300522,0.5,-90.0,0.0,19.81280149459457,19.547868438729044,39.62560298918914,1.0506925540139131,0.009148559439013442,0.017747487640709596,0.008873743820354798,1.0190000534057617,1.0579999685287476,4297,20.0,0.9906400747297285,1.0506925540139131,8584.850601326074,9009.009009011263,0.0013209999999999056,0.3627161265642353,8584.850601326074,9009.009009011263,0.0013209999999999056,0.3627161265642353,100.00375493026175,99.36406995230563,0.012599999999999945,0.09613055007868404,0.00048375902099451196,0.00048375902099451196
82,90,40,500,0,0.5,82_90_40_500_0,0.309996,0.5,180.0,0.0,19.50783277575258,19.580964896401042,39.01566555150516,0.5192554361940476,0.005394889381312923,0.02931673688955702,0.01465836844477851,0.5099999904632568,0.5289999842643738,4223,20.0,0.9753916387876289,1.0385108723880951,8581.123294021572,9009.009009011263,0.0014330000000000176,0.3688334024205719,8581.123294021572,9009.009009011263,0.0014330000000000176,0.3688334024205719,99.99980769267752,100.0350122542888,0.012336000000000125,0.0867958004904051,0.00048375902099451196,0.00048375902099451196
82,90,40,500,1,0.5,82_90_40_500_1,0.679413,0.5,180.0,0.0,19.658716078848833,19.52000093460083,39.31743215769767,0.5264928666553497,0.004334225821876995,-0.005157861791370524,-0.002578930895685262,0.5189999938011169,0.5289999842643738,4307,20.0,0.9829358039424416,1.0529857333106993,8611.275097039392,9009.009009011263,0.0011169999999999791,0.3360894087019284,8611.275097039392,9009.009009011263,0.0011169999999999791,0.3360894087019284,99.9702396286644,100.2405773857252,0.012054999999999927,0.08942127023365394,0.00048375902099451196,0.00048375902099451196
82,45,20,1000,0,1.0,82_45_20_1000_0,0.290333765,0.5,-135.03384319212765,0.20239847624364832,9.847690082803513,9.871263967463836,19.695380165607027,1.0530243724056971,0.004474765733191373,0.02421677447187175,0.012108387235935875,1.0490000247955322,1.0579999685287476,4353,10.0,0.9847690082803513,1.0530243724056971,8681.179912831165,9009.009009011263,0.0013810000000000766,0.33525749024402396,8681.179912831165,9009.009009011263,0.0013810000000000766,0.33525749024402396,100.00832404613318,99.75062344139921,0.012152,0.0917155187784008,-0.03335943310665357,0.03335943310665357
82,45,20,1000,1,1.0,82_45_20_1000_1,1.199839,0.5,-134.95719525203975,0.46457831160075913,10.005564818248539,10.168196268734079,20.011129636497078,1.0579999685287476,0.0,0.0,0.0,1.0579999685287476,1.0579999685287476,4347,10.0,1.0005564818248538,1.0579999685287476,8620.153690552188,9009.009009011263,0.0012060000000007065,0.3373490897339605,8620.153690552188,9009.009009011263,0.0012060000000007065,0.3373490897339605,99.9926428177439,99.88014382740663,0.012252000000000152,0.0938390790357258,0.043288506981241426,0.043288506981241426
82,45,40,1000,0,1.0,82_45_40_1000_0,0.289171,0.5,-135.02046636862937,0.1433497230466685,19.868694921192173,19.90216714520516,39.737389842384346,1.0562657577968668,0.0035496918381593932,0.01632853914151823,0.008164269570759115,1.0490000247955322,1.0579999685287476,4275,20.0,0.9934347460596087,1.0562657577968668,8634.007169456296,9009.009009011263,0.001074999999999715,0.3395785519239267,8634.007169456296,9009.009009011263,0.001074999999999715,0.3395785519239267,100.03119746924905,100.37137408410953,0.012172000000000072,0.09003507948866059,-0.019982609608376833,0.019982609608376833
82,45,40,1000,1,1.0,82_45_40_1000_1,0.290830303,0.5,-134.99355746983315,0.0903604026744034,19.998646295896133,19.900523834838395,39.99729259179227,1.0552282973109701,0.004154843398675054,0.0210084815958677,0.01050424079793385,1.0490000247955322,1.0579999685287476,4291,20.0,0.9999323147948067,1.0552282973109701,8650.765600970493,9009.009009011263,0.00135099999999988,0.3364689723999061,8650.765600970493,9009.009009011263,0.00135099999999988,0.3364689723999061,100.02816885214803,99.63136395337234,0.012197999999999931,0.0924674514236377,0.006926289187845214,0.006926289187845214
82,45,60,1000,0,1.0,82_45_60_1000_0,0.299256,0.5,-135.00633144201612,0.061871378662218035,30.063553818722298,30.23120231101778,60.127107637444595,1.0561625850158929,0.003627722434078838,0.015023492622594316,0.007511746311297158,1.0490000247955322,1.0579999685287476,4333,30.0,1.0021184606240765,1.0561625850158929,8664.269715410699,9009.009009011263,0.0009369999999999934,0.3299429001492626,8664.269715410699,9009.009009011263,0.0009369999999999934,0.3299429001492626,99.97890497450014,99.96001599360132,0.012160000000000004,0.09455183134822152,-0.0058476829951246145,0.0058476829951246145
82,45,60,1000,1,1.0,82_45_60_1000_1,0.31055,0.5,-134.99071138857704,0.06735635285716197,29.78653123986972,30.01505219616556,59.57306247973944,1.0553289652276039,0.004111522927919163,0.008257331708610267,0.004128665854305134,1.0490000247955322,1.0579999685287476,4282,30.0,0.992884374662324,1.0553289652276039,8591.742182990556,9009.009009011263,0.0010809999999999986,0.3389923846772353,8591.742182990556,9009.009009011263,0.0010809999999999986,0.3389923846772353,99.98275022880668,99.49258780220951,0.012287000000000048,0.09300438980838105,0.009772370443954514,0.009772370443954514
82,90,20,1000,0,1.0,82_90_20_1000_0,0.26963847,0.5,180.0,0.0,9.769512985395522,9.710002899169922,19.539025970791045,1.0368650857683233,0.00409773838944676,0.018969024241244557,0.009484512120622278,1.0290000438690186,1.0390000343322754,4257,10.0,0.9769512985395522,1.0368650857683233,8678.959727141013,9009.009009011263,0.0012750000000001371,0.3367518563501095,8678.959727141013,9009.009009011263,0.0012750000000001371,0.3367518563501095,100.01353841800534,99.9900009998999,0.01250799999999952,0.09302249892750718,0.00048375902099451196,0.00048375902099451196
82,90,20,1000,1,1.0,82_90_20_1000_1,0.271209,0.5,180.0,0.0,9.779615144863614,9.783252709841456,19.55923028972723,1.033972823566602,0.0049999211624798204,0.02946998683103601,0.014734993415518005,1.0290000438690186,1.0390000343322754,4361,10.0,0.9779615144863614,1.033972823566602,8699.687093567925,9009.009009011263,0.0015249999999999986,0.33929622842295,8699.687093567925,9009.009009011263,0.0015249999999999986,0.33929622842295,100.00348896553795,99.90009990009695,0.012507999999999964,0.10014864750494339,0.00048375902099451196,0.00048375902099451196
82,90,40,1000,0,1.0,82_90_40_1000_0,0.310273321,0.5,180.0,0.0,20.176687447325488,20.25251582911059,40.353374894650976,1.0258302297319917,0.005393839419248192,0.031223329196414774,0.015611664598207387,1.0190000534057617,1.0390000343322754,4288,20.0,1.0088343723662745,1.0258302297319917,8647.050881160683,9009.009009011263,0.0011820000000000025,0.3543883207877748,8647.050881160683,9009.009009011263,0.0011820000000000025,0.3543883207877748,100.06038259241826,100.24057738572645,0.01245500000000005,0.09056491932778914,0.00048375902099451196,0.00048375902099451196
82,90,40,1000,1,1.0,82_90_40_1000_1,0.290506391,0.5,180.0,0.0,19.765761994922517,19.799048908201552,39.531523989845034,1.0232883246394975,0.006465456005103939,0.0385383482666551,0.01926917413332755,1.0089999437332153,1.0290000438690186,4226,20.0,0.9882880997461259,1.0232883246394975,8596.652144003669,9009.009009011263,0.0012529999999999486,0.34997823789114635,8596.652144003669,9009.009009011263,0.0012529999999999486,0.34997823789114635,100.02280213305333,99.9100809271662,0.012326999999999977,0.09034788238321377,0.00048375902099451196,0.00048375902099451196
82,90,60,1000,0,1.0,82_90_60_1000_0,0.318703,0.5,180.0,0.0,30.319391397165546,30.385600087451763,60.63878279433109,1.0295413393727983,0.007429759964520676,0.0404038150236761,0.02020190751183805,1.0190000534057617,1.0390000343322754,4215,30.0,1.0106463799055183,1.0295413393727983,8586.51704661629,9009.009009011263,0.0012610000000001786,0.35634892734213286,8586.51704661629,9009.009009011263,0.0012610000000001786,0.35634892734213286,100.00602246212617,100.31096398836443,0.012240000000000029,0.0918178208615101,0.00048375902099451196,0.00048375902099451196
82,90,60,1000,1,1.0,82_90_60_1000_1,0.319197755,0.5,180.0,0.0,29.748015774207357,29.97576271105244,59.49603154841471,1.02615048516765,0.005272599686294577,0.027585972358774774,0.013792986179387387,1.0089999437332153,1.0390000343322754,4292,30.0,0.9916005258069119,1.02615048516765,8631.622997790155,9009.009009011263,0.0010930000000000106,0.3509930333271582,8631.622997790155,9009.009009011263,0.0010930000000000106,0.3509930333271582,100.00980294108035,100.1301692199863,0.01207999999999998,0.08492524237756302,0.00048375902099451196,0.00048375902099451196
87,0,40,500,0,0.5,87_0_40_500_0,0.278766,0.5,-90.0,0.0,19.75054618685558,19.777535051539328,39.50109237371116,0.5578907249894876,0.0037300263943388506,0.012275613607325053,0.006137806803662526,0.5389999747276306,0.5590000152587891,4309,20.0,0.987527309342779,1.115781449978975,8627.519118472144,9009.009009011263,0.0013110000000002842,0.3524874162088967,8627.519118472144,9009.009009011263,0.0013110000000002842,0.3524874162088967,100.0276321543231,99.76057462091003,0.012229999999999963,0.0882277219307381,0.00048375902099451196,0.00048375902099451196
87,0,40,500,1,0.5,87_0_40_500_1,0.289704,0.5,-90.0,0.0,19.83968389157213,19.948350585011866,39.67936778314426,0.5552373125671853,0.004844487536025457,0.0016404794655538507,0.0008202397327769254,0.5490000247955322,0.5590000152587891,4342,20.0,0.9919841945786064,1.1104746251343707,8668.454148036422,9009.009009011263,0.0007190000000001362,0.31172158012333834,8668.454148036422,9009.009009011263,0.0007190000000001362,0.31172158012333834,99.99634628734718,99.5867151322021,0.012070999999999943,0.08281961022503029,0.00048375902099451196,0.00048375902099451196
87,0,20,500,0,0.5,87_0_20_500_0,0.320458637,0.5,-90.0,0.0,9.896326289131986,9.924198970275967,19.792652578263972,0.558802558187099,0.0013912510695927697,0.002322698715791323,0.0011613493578956616,0.5490000247955322,0.5590000152587891,4315,10.0,0.9896326289131986,1.117605116374198,8651.9982140315,9009.009009011263,0.0013030000000000541,0.32886122160721254,8651.9982140315,9009.009009011263,0.0013030000000000541,0.32886122160721254,99.99829962405498,100.27575833542525,0.01229799999999992,0.08355206571181785,0.00048375902099451196,0.00048375902099451196
87,0,20,500,1,0.5,87_0_20_500_1,0.279657,0.5,-90.0,0.0,9.822611605570621,9.927886614483981,19.645223211141243,0.5553221301084694,0.005298731506875758,0.0034067470412329453,0.0017033735206164727,0.5389999747276306,0.5590000152587891,4341,10.0,0.9822611605570621,1.1106442602169389,8664.442233608379,9009.009009011263,0.0012320000000001219,0.3295915169081766,8664.442233608379,9009.009009011263,0.0012320000000001219,0.3295915169081766,99.99061718264213,100.25062656641313,0.012488999999999972,0.09381245088836641,0.00048375902099451196,0.00048375902099451196
87,0,40,1000,0,1.0,87_0_40_1000_0,0.269758877,0.5,-90.0,0.0,19.722758673859282,19.769860190822563,39.445517347718564,1.065386500664224,0.008713944093932174,0.02895176026473394,0.01447588013236697,1.0190000534057617,1.0679999589920044,4354,20.0,0.9861379336929641,1.065386500664224,8667.8981793838,9009.009009011263,0.0013339999999999463,0.3361107848265358,8667.8981793838,9009.009009011263,0.0013339999999999463,0.3361107848265358,99.97981957147394,99.72078181093234,0.012194000000000038,0.09617758181427964,0.00048375902099451196,0.00048375902099451196
87,0,40,1000,1,1.0,87_0_40_1000_1,0.32962907,0.5,-90.0,0.0,19.832688781731086,19.871202793832953,39.66537756346217,1.0663323813104175,0.003760200430346987,0.016724963039899263,0.008362481519949632,1.0490000247955322,1.0679999589920044,4349,20.0,0.9916344390865544,1.0663323813104175,8680.103585766548,9009.009009011263,0.0020289999999999996,0.3437786810882614,8680.103585766548,9009.009009011263,0.0020289999999999996,0.3437786810882614,100.0463191546315,99.32459276916944,0.012191000000000063,0.09350384333227285,0.00048375902099451196,0.00048375902099451196
87,90,40,500,0,0.5,87_90_40_500_0,1.089557801,0.5,180.0,0.0,19.882612201735807,19.956607509549833,39.76522440347161,0.5534274310074395,0.007065733658964029,-0.0424019434776852,-0.0212009717388426,0.5389999747276306,0.5590000152587891,4353,20.0,0.9941306100867904,1.106854862014879,8670.489283368293,9009.009009011263,0.0013090000000000046,0.3435096195845449,8670.489283368293,9009.009009011263,0.0013090000000000046,0.3435096195845449,100.00496320928521,100.33612602217411,0.012420999999999995,0.09212771800621122,0.00048375902099451196,0.00048375902099451196
87,90,40,500,1,0.5,87_90_40_500_1,0.280174,0.5,180.0,0.0,19.683864307647386,19.708261240383738,39.36772861529477,0.5511986239075422,0.005646838029430285,0.03241786169120638,0.01620893084560319,0.5389999747276306,0.5590000152587891,4313,20.0,0.9841932153823694,1.1023972478150843,8649.341932873936,9009.009009011263,0.0013909999999999756,0.34532383048040904,8649.341932873936,9009.009009011263,0.0013909999999999756,0.34532383048040904,99.97935292290212,99.7108385681517,0.012361999999999984,0.09446215625178445,0.00048375902099451196,0.00048375902099451196
87,45,20,1000,0,1.0,87_45_20_1000_0,1.660068,0.5,-135.014003187619,0.29336578613815334,9.97093294520445,10.018091881432476,19.9418658904089,1.0814253424343074,0.006614253309151935,-0.04106871583934099,-0.020534357919670496,1.0679999589920044,1.0880000591278076,4205,10.0,0.9970932945204449,1.0814253424343074,8611.02361683273,9009.009009011263,0.0013519999999997978,0.3472561896714884,8611.02361683273,9009.009009011263,0.0013519999999997978,0.3472561896714884,99.9926920454882,100.03000900270047,0.012293999999999805,0.08956770285724597,-0.013519428598016248,0.013519428598016248
87,45,20,1000,1,1.0,87_45_20_1000_1,0.280326,0.5,-134.97506658338028,0.20753793964619965,9.89406652641569,9.8232957151857,19.78813305283138,1.069437121258359,0.007563860239800627,0.04426904436512141,0.022134522182560706,1.0390000343322754,1.0779999494552612,4358,10.0,0.989406652641569,1.069437121258359,8656.092452828658,9009.009009011263,0.0014759999999993667,0.35891104795807205,8656.092452828658,9009.009009011263,0.0014759999999993667,0.35891104795807205,100.00642317677314,99.89012086704716,0.012621999999999911,0.09257144970376842,0.025417175640711775,0.025417175640711775
87,45,40,1000,0,1.0,87_45_40_1000_0,0.300749,0.5,-135.01026149777573,0.138010142549021,19.990909778378057,19.767483437152503,39.981819556756115,1.0786576597721327,0.009729198089142828,0.06162646804561189,0.030813234022805946,1.0579999685287476,1.0880000591278076,4314,20.0,0.9995454889189028,1.0786576597721327,8642.850624952514,9009.009009011263,0.0011889999999996625,0.35736631675941183,8642.850624952514,9009.009009011263,0.0011889999999996625,0.35736631675941183,100.01256862931433,100.02000400080064,0.01233300000000015,0.0898113736363993,-0.00977773875473531,0.00977773875473531
87,45,40,1000,1,1.0,87_45_40_1000_1,0.700479,0.5,-135.00915717321294,0.13058827178731747,19.773488853448274,19.686345632738213,39.54697770689655,1.0849001970413341,0.006909496992096764,-0.03764822653977188,-0.01882411326988594,1.0679999589920044,1.0980000495910645,4326,20.0,0.9886744426724137,1.0849001970413341,8656.160709857822,9009.009009011263,0.0009930000000000216,0.3422309520487942,8656.160709857822,9009.009009011263,0.0009930000000000216,0.3422309520487942,100.01691125636891,99.95002498750583,0.012084999999999901,0.09130270313226144,-0.00867341419194645,0.00867341419194645
87,45,60,1000,0,1.0,87_45_60_1000_0,0.320660799,0.5,-135.00901462410494,0.0902702646997596,29.981203747229557,30.070647504847166,59.962407494459114,1.0868075864609277,0.008839107471204654,0.04067952436913785,0.020339762184568923,1.0679999589920044,1.0980000495910645,4330,30.0,0.9993734582409852,1.0868075864609277,8658.296704898083,9009.009009011263,0.0013190000000000701,0.336559375880102,8658.296704898083,9009.009009011263,0.0013190000000000701,0.336559375880102,99.99138195824005,100.12014417300765,0.011880999999999975,0.0861017919912248,-0.008530865083940853,0.008530865083940853
87,45,60,1000,1,1.0,87_45_60_1000_1,0.300738,0.5,-135.01540176279102,0.07324642559526777,29.701418285324877,29.808693840798092,59.402836570649754,1.0862612923309058,0.010569742802469114,0.05225412092102722,0.02612706046051361,1.0390000343322754,1.0980000495910645,4192,30.0,0.9900472761774959,1.0862612923309058,8534.128260063404,9009.009009011263,0.001216,0.3581851308931437,8534.128260063404,9009.009009011263,0.001216,0.3581851308931437,100.03642210064326,99.9100809271662,0.012163999999999953,0.08696508439993098,-0.014918003770020505,0.014918003770020505
87,90,20,1000,0,1.0,87_90_20_1000_0,0.270433379,0.5,180.0,0.0,9.900096220050184,9.960050827302396,19.800192440100368,1.0462688425601931,0.0061468084486026595,0.02777054775826066,0.01388527387913033,1.0290000438690186,1.0490000247955322,4326,10.0,0.9900096220050184,1.0462688425601931,8683.285086113243,9009.009009011263,0.0013119999999995358,0.34135155960776126,8683.285086113243,9009.009009011263,0.0013119999999995358,0.34135155960776126,100.02990772747236,99.65122072745389,0.012351999999999919,0.09239876130885243,0.00048375902099451196,0.00048375902099451196
87,90,20,1000,1,1.0,87_90_20_1000_1,0.9014,0.5,180.0,0.0,9.993942520903406,9.935243676598795,19.987885041806813,1.057760790776064,0.0014475428556733165,0.002793858524683516,0.001396929262341758,1.0490000247955322,1.0579999685287476,4348,10.0,0.9993942520903406,1.057760790776064,8655.820948622993,9009.009009011263,0.0011209999999999276,0.32503823051769676,8655.820948622993,9009.009009011263,0.0011209999999999276,0.32503823051769676,100.00969729655972,100.23053021950473,0.012480999999999742,0.09190431888304611,0.00048375902099451196,0.00048375902099451196
87,90,40,1000,0,1.0,87_90_40_1000_0,0.300463528,0.5,180.0,0.0,19.98792254498822,19.98099788416668,39.97584508997644,1.052966754906543,0.007046836089875262,0.04399772602282109,0.021998863011410547,1.0390000343322754,1.0679999589920044,4270,20.0,0.999396127249411,1.052966754906543,8604.11558863746,9009.009009011263,0.0014289999999999026,0.37133916291303126,8604.11558863746,9009.009009011263,0.0014289999999999026,0.37133916291303126,100.06889358442928,100.41672942712191,0.012513999999999914,0.09603621325033954,0.00048375902099451196,0.00048375902099451196
87,90,40,1000,1,1.0,87_90_40_1000_1,0.299364,0.5,180.0,0.0,19.740243330326685,19.806254639929357,39.48048666065337,1.0556835810167304,0.007649956604904779,0.04472074214542416,0.02236037107271208,1.0390000343322754,1.0679999589920044,4294,20.0,0.9870121665163343,1.0556835810167304,8616.100799839465,9009.009009011263,0.003815999999999986,0.4600047430303939,8616.100799839465,9009.009009011263,0.003815999999999986,0.4600047430303939,99.99750964056453,99.97000899730097,0.012487999999999999,0.08893722007791079,0.00048375902099451196,0.00048375902099451196
87,90,60,1000,0,1.0,87_90_60_1000_0,0.310208,0.5,180.0,0.0,29.823949037637703,29.814362446065413,59.64789807527541,1.0645396841011727,0.009812111223295783,0.06122999730659411,0.030614998653297056,1.0390000343322754,1.0779999494552612,4363,30.0,0.9941316345879234,1.0645396841011727,8700.766271029892,9009.009009011263,0.0008949999999998681,0.30554834128860026,8700.766271029892,9009.009009011263,0.0008949999999998681,0.30554834128860026,100.00450020250912,100.62386798148462,0.01233200000000001,0.10267165067547628,0.00048375902099451196,0.00048375902099451196
87,90,60,1000,1,1.0,87_90_60_1000_1,0.300591,0.5,180.0,0.0,29.496782180517698,29.490859322483768,58.993564361035396,1.0619065173080888,0.008291840233639654,0.05048437670964183,0.025242188354820914,1.0390000343322754,1.0779999494552612,4291,30.0,0.9832260726839233,1.0619065173080888,8632.404071584051,9009.009009011263,0.0011259999999999881,0.3477767750920543,8632.404071584051,9009.009009011263,0.0011259999999999881,0.3477767750920543,100.01673964379302,100.15022533800708,0.011974000000000012,0.08130317892605675,0.00048375902099451196,0.00048375902099451196
102,0,40,500,0,0.5,102_0_40_500_0,0.289977788,0.5,-90.0,0.0,19.451568791905792,19.48987426581716,38.903137583811585,0.5249999761581421,0.0,0.0,0.0,0.5249999761581421,0.5249999761581421,4325,20.0,0.9725784395952897,1.0499999523162842,8658.35542221316,9009.009009011263,0.0012999999999998568,0.3578644423924683,8658.35542221316,9009.009009011263,0.0012999999999998568,0.3578644423924683,100.02042724879581,99.72078181092793,0.01256500000000002,0.09721616392187031,0.00048375902099451196,0.00048375902099451196
102,0,40,500,1,0.5,102_0_40_500_1,0.310345,0.5,-90.0,0.0,20.147035855594357,20.419718400021704,40.294071711188714,0.5264045531905294,0.0034746228584103095,-0.012785631191337786,-0.006392815595668893,0.5249999761581421,0.5350000262260437,4329,20.0,1.0073517927797178,1.0528091063810587,8676.910086769101,9009.009009011263,0.0014190000000000001,0.3260733637863053,8676.910086769101,9009.009009011263,0.0014190000000000001,0.3260733637863053,99.98034869008505,100.03000900269825,0.012179999999999996,0.09383424406839012,0.00048375902099451196,0.00048375902099451196
102,0,20,500,0,0.5,102_0_20_500_0,0.42999,0.5,-90.0,0.0,9.909006047936954,9.893392989533034,19.818012095873907,0.535822200981956,0.0027469562044186466,-0.00760417802595632,-0.00380208901297816,0.5350000262260437,0.5450000166893005,4345,10.0,0.9909006047936953,1.071644401963912,8673.648267556897,9009.009009011263,0.001411000000000051,0.3598105561307656,8673.648267556897,9009.009009011263,0.001411000000000051,0.3598105561307656,100.00481730522387,99.97000899730207,0.012106999999999868,0.08906545970346212,0.00048375902099451196,0.00048375902099451196
102,0,20,500,1,0.5,102_0_20_500_1,0.320766,0.5,-90.0,0.0,9.92810861867282,9.954056308670843,19.85621723734564,0.5389853024253846,0.004895947058723188,-0.013518429337532174,-0.006759214668766087,0.5350000262260437,0.5450000166893005,4300,10.0,0.992810861867282,1.0779706048507691,8656.048945772802,9009.009009011263,0.0012479999999999158,0.3384859973818215,8656.048945772802,9009.009009011263,0.0012479999999999158,0.3384859973818215,100.00753044751178,99.83527180152848,0.012322000000000166,0.09157587738571385,0.00048375902099451196,0.00048375902099451196
102,0,40,1000,0,1.0,102_0_40_1000_0,0.290094,0.5,-90.0,0.0,19.594922216596313,19.61042822206422,39.189844433192626,0.9982046917121412,0.004410048175329783,-0.009056996342127501,-0.0045284981710637506,0.9900000095367432,1.0099999904632568,4316,20.0,0.9797461108298157,0.9982046917121412,8634.212385980505,9009.009009011263,0.0013219999999999343,0.3560087526568354,8634.212385980505,9009.009009011263,0.0013219999999999343,0.3560087526568354,99.98257995818422,100.4722194313279,0.012285000000000323,0.09155580307302946,0.00048375902099451196,0.00048375902099451196
102,0,40,1000,1,1.0,102_0_40_1000_1,0.319594094,0.5,-90.0,0.0,19.957324989283226,20.020000457763672,39.91464997856645,0.9914757043694095,0.008348364371183062,-0.053946564524592754,-0.026973282262296377,0.9800000190734863,1.0,4353,20.0,0.9978662494641612,0.9914757043694095,8683.194678606636,9009.009009011263,0.0013569999999999416,0.3402091673717941,8683.194678606636,9009.009009011263,0.0013569999999999416,0.3402091673717941,100.02173549252049,99.99500024998672,0.012053000000000091,0.09623848116715207,0.00048375902099451196,0.00048375902099451196
102,90,40,500,0,0.5,102_90_40_500_0,0.310763771,0.5,180.0,0.0,19.903773285433328,19.73945825612197,39.807546570866656,0.5656361271695947,0.005633440637145108,-0.015196348388974825,-0.007598174194487412,0.5550000071525574,0.6230000257492065,4290,20.0,0.9951886642716664,1.1312722543391893,8646.442949851811,9009.009009011263,0.001068000000000069,0.3321128092114082,8646.442949851811,9009.009009011263,0.001068000000000069,0.3321128092114082,99.97742207294884,99.53219866626826,0.01241800000000004,0.08904925180274917,0.00048375902099451196,0.00048375902099451196
102,90,40,500,1,0.5,102_90_40_500_1,0.330233,0.5,180.0,0.0,19.634106750747904,19.910145021632964,39.26821350149581,0.5643957359303661,0.0031095503027596515,-0.011414582445916845,-0.005707291222958422,0.5550000071525574,0.5740000009536743,4265,20.0,0.9817053375373952,1.1287914718607321,8610.8976067539,9009.009009011263,0.0016659999999999453,0.3726197936847334,8610.8976067539,9009.009009011263,0.0016659999999999453,0.3726197936847334,99.98228995871662,100.09008107296594,0.012386000000000008,0.09362019192818358,0.00048375902099451196,0.00048375902099451196
102,45,20,1000,0,1.0,102_45_20_1000_0,0.310608437,0.5,-134.99227336673826,0.23583349689268968,9.899854492048199,9.969364489646168,19.799708984096398,1.011383307594776,0.005325867823832524,0.027386538542657095,0.013693269271328547,1.0,1.0190000534057617,4302,10.0,0.9899854492048199,1.011383307594776,8701.736301099123,9009.009009011263,0.0013980000000000103,0.3156299053880506,8701.736301099123,9009.009009011263,0.0013980000000000103,0.3156299053880506,99.98538675116713,100.12014417300765,0.012233999999999856,0.09073004233458229,0.008210392282734347,0.008210392282734347
102,45,20,1000,1,1.0,102_45_20_1000_1,0.310525009,0.5,-134.9932865967567,0.41484442816199446,9.739936639406038,9.658259230280118,19.479873278812075,1.0110309125456811,0.0035626593445096943,0.012018996849443752,0.006009498424721876,1.0,1.0190000534057617,4291,10.0,0.9739936639406037,1.0110309125456811,8623.650581838918,9009.009009011263,0.0014699999999999713,0.33630023267958326,8623.650581838918,9009.009009011263,0.0014699999999999713,0.33630023267958326,99.99991683998601,100.02000400080023,0.012386999999999926,0.09156682655707121,0.0071971622643047795,0.0071971622643047795
102,45,40,1000,0,1.0,102_45_40_1000_0,0.339793559,0.5,-135.01994166942143,0.10636109574377883,19.841815441793326,20.03610563051744,39.68363088358665,1.0099999904632568,0.0,0.0,0.0,1.0099999904632568,1.0099999904632568,4364,20.0,0.9920907720896663,1.0099999904632568,8679.723038493732,9009.009009011263,0.0013649999999998386,0.33122540807241935,8679.723038493732,9009.009009011263,0.0013649999999998386,0.33122540807241935,100.0492849785147,100.67451927917075,0.012544,0.09855046185465556,-0.01945791040043332,0.01945791040043332
102,45,40,1000,1,1.0,102_45_40_1000_1,1.239534,0.5,-134.99935951137385,0.15401800862271386,19.932465446511223,19.98035529399016,39.864930893022446,1.0290000438690186,0.0,0.0,0.0,1.0290000438690186,1.0290000438690186,4347,20.0,0.9966232723255611,1.0290000438690186,8643.28027923742,9009.009009011263,0.0012689999999999646,0.35464818711215157,8643.28027923742,9009.009009011263,0.0012689999999999646,0.35464818711215157,100.01433665586283,99.750623441397,0.011807999999999819,0.08789963535617237,0.001124247647140919,0.001124247647140919
102,45,60,1000,0,1.0,102_45_60_1000_0,0.340707,0.5,-134.9998649675314,0.08933937828311826,30.08582519037989,30.318203940591,60.17165038075978,1.0097674606850147,0.0015070585479917548,0.00270721509439637,0.001353607547198185,1.0,1.0099999904632568,4298,30.0,1.0028608396793297,1.0097674606850147,8609.303550222729,9009.009009011263,0.0013529999999999376,0.36238194513639704,8609.303550222729,9009.009009011263,0.0013529999999999376,0.36238194513639704,99.97575856606812,100.08507231146515,0.012368999999999963,0.09593000199066873,0.0006187914895861013,0.0006187914895861013
102,45,60,1000,1,1.0,102_45_60_1000_1,0.350127,0.5,-135.00686510374578,0.05671560271142084,29.97878139494029,30.409247812190113,59.95756278988058,1.0143000577080472,0.004495586452332746,0.026946870485070575,0.013473435242535288,1.0099999904632568,1.0190000534057617,4340,30.0,0.9992927131646764,1.0143000577080472,8693.978478564284,9009.009009011263,0.0011909999999999976,0.3387338910424535,8693.978478564284,9009.009009011263,0.0011909999999999976,0.3387338910424535,100.0480757332339,100.32102728731854,0.012052000000000174,0.09613308601879025,-0.006381344724786686,0.006381344724786686
102,90,20,1000,0,1.0,102_90_20_1000_0,0.289346027,0.5,180.0,0.0,9.905916027814664,9.904636312514583,19.811832055629328,1.0503263029906935,0.003391718657595068,-0.013407084277326562,-0.006703542138663281,1.0490000247955322,1.059000015258789,4332,10.0,0.9905916027814664,1.0503263029906935,8667.816891859151,9009.009009011263,0.001474999999999671,0.3586246105768738,8667.816891859151,9009.009009011263,0.001474999999999671,0.3586246105768738,100.03039620186011,99.83028850953879,0.012192000000000203,0.09462342868710448,0.00048375902099451196,0.00048375902099451196
102,90,20,1000,1,1.0,102_90_20_1000_1,0.29925884,0.5,180.0,0.0,9.918987793709489,9.756404244275117,19.837975587418978,1.0239677750681686,0.00569796108175751,-0.032406943565333364,-0.016203471782666682,1.0190000534057617,1.0390000343322754,4287,10.0,0.9918987793709488,1.0239677750681686,8679.693167473675,9009.009009011263,0.0015800000000001369,0.3476104447144043,8679.693167473675,9009.009009011263,0.0015800000000001369,0.3476104447144043,100.00973725636574,100.5126143331012,0.012379999999999836,0.09435721496891926,0.00048375902099451196,0.00048375902099451196
102,90,40,1000,0,1.0,102_90_40_1000_0,0.309737,0.5,180.0,0.0,19.71871453773803,19.797148045815025,39.43742907547606,1.0158117841779908,0.012258287847495405,-0.032547484478943234,-0.016273742239471617,1.0099999904632568,1.1080000400543213,4289,20.0,0.9859357268869016,1.0158117841779908,8604.378790099148,9009.009009011263,0.0013140000000000374,0.3594675346954977,8604.378790099148,9009.009009011263,0.0013140000000000374,0.3594675346954977,100.0058624126242,99.60159362549753,0.012393000000000098,0.09307993680498264,0.00048375902099451196,0.00048375902099451196
102,90,40,1000,1,1.0,102_90_40_1000_1,0.339894,0.5,180.0,0.0,19.878635410595894,19.97105878164403,39.75727082119179,1.0107455015510354,0.00248069746892716,-0.00772993005122301,-0.003864965025611505,1.0099999904632568,1.0190000534057617,4368,20.0,0.9939317705297948,1.0107455015510354,8578.904680982543,9009.009009011263,0.0009069999999999911,0.33719113238839066,8578.904680982543,9009.009009011263,0.0009069999999999911,0.33719113238839066,99.97605412252067,99.48269001193842,0.01226399999999983,0.08663802235813993,0.00048375902099451196,0.00048375902099451196
102,90,60,1000,0,1.0,102_90_60_1000_0,0.330123,0.5,180.0,0.0,29.87561409984347,29.929298607493106,59.75122819968694,1.0088287115802763,0.00321572440328799,-0.011367167373140228,-0.005683583686570114,1.0,1.0099999904632568,4360,30.0,0.9958538033281157,1.0088287115802763,8668.603516039491,9009.009009011263,0.0009749999999999481,0.3275441887943292,8668.603516039491,9009.009009011263,0.0009749999999999481,0.3275441887943292,100.02963644015807,100.97950116126431,0.01213299999999995,0.09642589111838439,0.00048375902099451196,0.00048375902099451196
102,90,60,1000,1,1.0,102_90_60_1000_1,0.349442,0.5,180.0,0.0,29.913803933641713,30.312413158664185,59.827607867283426,1.009999990463257,2.220446049250313e-16,2.958227841590705e-31,1.4791139207953525e-31,1.0099999904632568,1.0099999904632568,4307,30.0,0.9971267977880571,1.009999990463257,8615.160373016424,9009.009009011263,0.0013119999999999798,0.365787526689219,8615.160373016424,9009.009009011263,0.0013119999999999798,0.365787526689219,99.94577410128548,99.57679860592513,0.011878,0.08893017737800726,0.00048375902099451196,0.00048375902099451196
103,0,40,500,0,0.5,103_0_40_500_0,0.339914629,0.5,-90.0,0.0,19.770868371561487,19.83885926218526,39.541736743122975,0.5393411646660076,0.004956395872444447,0.0294790563077459,0.01473952815387295,0.5350000262260437,0.5450000166893005,4331,20.0,0.9885434185780744,1.0786823293320151,8620.502438829852,9009.009009011263,0.002045,0.3821575619481597,8620.502438829852,9009.009009011263,0.002045,0.3821575619481597,100.01699893657816,100.44194455604696,0.012423000000000073,0.09305360519217368,0.00048375902099451196,0.00048375902099451196
103,0,40,500,1,0.5,103_0_40_500_1,1.010264678,0.5,-90.0,0.0,19.79205601488136,19.91974734754649,39.58411202976272,0.5620612561923197,0.010226346827704597,0.0635870659894106,0.0317935329947053,0.5450000166893005,0.5740000009536743,4186,20.0,0.989602800744068,1.1241225123846394,8520.796953407063,9009.009009011263,0.001259999999999999,0.3635333139420552,8520.796953407063,9009.009009011263,0.001259999999999999,0.3635333139420552,100.01332238531012,100.43690051724856,0.012255000000000127,0.09555207218137864,0.00048375902099451196,0.00048375902099451196
103,0,20,500,0,0.5,103_0_20_500_0,0.809136,0.5,-90.0,0.0,9.942944164525214,9.94646864674231,19.885888329050427,0.5350000262260438,1.1102230246251565e-16,3.328006396103931e-31,1.6640031980519656e-31,0.5350000262260437,0.5350000262260437,4364,10.0,0.9942944164525214,1.0700000524520876,8638.275166262212,9009.009009011263,0.0014350000000007412,0.3549934413887392,8638.275166262212,9009.009009011263,0.0014350000000007412,0.3549934413887392,99.98701600098966,99.92006394884076,0.012270000000000003,0.0898841777280922,0.00048375902099451196,0.00048375902099451196
103,0,20,500,1,0.5,103_0_20_500_1,1.179573401,0.5,-90.0,0.0,9.94220571356446,9.926127195859237,19.88441142712892,0.5457096520525389,0.008586784966227558,0.05571527443078626,0.02785763721539313,0.5350000262260437,0.5550000071525574,4385,10.0,0.994220571356446,1.0914193041050777,8677.47428291631,9009.009009011263,0.0010979999999999879,0.31045123517126766,8677.47428291631,9009.009009011263,0.0010979999999999879,0.31045123517126766,100.01564399482443,99.52229299362781,0.012434999999999974,0.08988709812155891,0.00048375902099451196,0.00048375902099451196
103,0,40,1000,0,1.0,103_0_40_1000_0,0.329569,0.5,-90.0,0.0,19.532812022968166,19.521077737107138,39.06562404593633,1.0228463661757479,0.003880000213455668,0.01806529693112044,0.00903264846556022,1.0210000276565552,1.031000018119812,4358,20.0,0.9766406011484083,1.0228463661757479,8625.260204472625,9009.009009011263,0.0010510000000001352,0.351631197239147,8625.260204472625,9009.009009011263,0.0010510000000001352,0.351631197239147,100.02867488680089,100.04001600640585,0.01258400000000015,0.09260217597496753,0.00048375902099451196,0.00048375902099451196
103,0,40,1000,1,1.0,103_0_40_1000_1,0.330439389,0.5,-90.0,0.0,19.829448395087585,19.87915502275739,39.65889679017517,1.0509999990463255,2.2204460492503128e-16,3.6977848188110473e-31,1.8488924094055236e-31,1.0509999990463257,1.0509999990463257,4364,20.0,0.9914724197543793,1.0509999990463255,8638.82749050546,9009.009009011263,0.0012639999999999318,0.3426761957636934,8638.82749050546,9009.009009011263,0.0012639999999999318,0.3426761957636934,99.98125841508924,100.67451927917075,0.012359000000000009,0.08945874575626997,0.00048375902099451196,0.00048375902099451196
103,90,40,500,0,0.5,103_90_40_500_0,0.309218,0.5,180.0,0.0,19.83584725145655,19.835950155852736,39.6716945029131,0.5740939971753704,0.006449260076243347,0.03754543171119057,0.018772715855595284,0.5649999976158142,0.5839999914169312,4290,20.0,0.9917923625728274,1.1481879943507407,8638.420873345074,9009.009009011263,0.0013570000000000526,0.3595875652895379,8638.420873345074,9009.009009011263,0.0013570000000000526,0.3595875652895379,99.99725198391495,99.74564859607979,0.012212,0.09276590378348389,0.00048375902099451196,0.00048375902099451196
103,90,40,500,1,0.5,103_90_40_500_1,0.30033397,0.5,180.0,0.0,19.7349753269844,19.808973986993298,39.4699506539688,0.5624311061584152,0.00789314641892685,0.05087908415304754,0.02543954207652377,0.5450000166893005,0.5740000009536743,4336,20.0,0.98674876634922,1.1248622123168304,8679.319595584691,9009.009009011263,0.0010879999999999987,0.33081589865226774,8679.319595584691,9009.009009011263,0.0010879999999999987,0.33081589865226774,100.03065825136483,100.00500025001422,0.01251100000000005,0.09593792937504575,0.00048375902099451196,0.00048375902099451196
103,45,20,1000,0,1.0,103_45_20_1000_0,0.288655109,0.5,-134.98662885723527,0.2799630336138108,9.928474973898881,9.916401822286028,19.856949947797762,1.0363655928666602,0.010304907808026868,0.06817903421697702,0.03408951710848851,1.0119999647140503,1.0509999990463257,4355,10.0,0.9928474973898881,1.0363655928666602,8670.050505029933,9009.009009011263,0.0014449999999999186,0.34368570335292725,8670.050505029933,9009.009009011263,0.0014449999999999186,0.34368570335292725,99.99519371370337,99.8103603153941,0.012272999999999978,0.08702239331085036,0.01385490178572013,0.01385490178572013
103,45,20,1000,1,1.0,103_45_20_1000_1,2.380723372,0.5,-134.99810231614774,0.18730713178082098,9.910944610678012,9.97868850231223,19.821889221356024,1.0700000524520872,2.220446049250313e-16,-7.395569398681274e-32,-3.697784699340637e-32,1.0700000524520874,1.0700000524520874,4320,10.0,0.9910944610678012,1.0700000524520872,8653.735647408159,9009.009009011263,0.0013540000000000774,0.3556859781263579,8653.735647408159,9009.009009011263,0.0013540000000000774,0.3556859781263579,100.002346993858,100.54798652656817,0.012508999999999992,0.09104058335670066,0.002381442873257811,0.002381442873257811
103,45,40,1000,0,1.0,103_45_40_1000_0,0.31067372,0.5,-135.00342328718583,0.1277363210371334,19.87639141158433,19.894904645721457,39.75278282316866,1.049178217092333,0.015364947744123562,0.104113944019687,0.0520569720098435,1.0210000276565552,1.0700000524520874,4338,20.0,0.9938195705792164,1.049178217092333,8651.17188604026,9009.009009011263,0.00148,0.3666362739082748,8651.17188604026,9009.009009011263,0.00148,0.3666362739082748,99.99563237467787,100.52271813429766,0.01214399999999971,0.08846411068897664,-0.0029395281648305627,0.0029395281648305627
103,45,40,1000,1,1.0,103_45_40_1000_1,1.120596562,0.5,-135.00975672382833,0.13361593777376868,19.922920286367287,19.529063108625465,39.84584057273457,1.090000033378601,0.0,0.0,0.0,1.090000033378601,1.090000033378601,4342,20.0,0.9961460143183644,1.090000033378601,8647.660802056298,9009.009009011263,0.001592999999999999,0.3745676271938275,8647.660802056298,9009.009009011263,0.001592999999999999,0.3745676271938275,99.98669378599806,100.2707309736287,0.012554000000000176,0.08671700572284162,-0.009272964807337303,0.009272964807337303
103,45,60,1000,0,1.0,103_45_60_1000_0,0.308982827,0.5,-134.99612097751634,0.07114701070827323,29.65257676645823,29.511956165286115,59.30515353291646,1.0550380972792468,0.015066299264964127,0.09765448680638755,0.048827243403193776,1.0210000276565552,1.0700000524520874,4333,30.0,0.9884192255486076,1.0550380972792468,8669.045280743698,9009.009009011263,0.0013319999999998888,0.34052695912827635,8669.045280743698,9009.009009011263,0.0013319999999998888,0.34052695912827635,100.00132598443292,98.79470460383358,0.012387999999999955,0.08953153166023717,0.004362781504653412,0.004362781504653412
103,45,60,1000,1,1.0,103_45_60_1000_1,0.301093,0.5,-134.9965650660913,0.05863186251995382,29.960917521682298,29.99806671318378,59.921835043364595,1.0675592830516378,0.012269355028998891,0.078239620441096,0.039119810220548,1.0410000085830688,1.0800000429153442,4371,30.0,0.9986972507227433,1.0675592830516378,8637.148879191673,9009.009009011263,0.001363000000000003,0.3599968198271456,8637.148879191673,9009.009009011263,0.001363000000000003,0.3599968198271456,99.98445267934777,99.48269001193732,0.011981999999999937,0.09359905022578206,0.003918692929687495,0.003918692929687495
103,90,20,1000,0,1.0,103_90_20_1000_0,0.279841045,0.5,180.0,0.0,10.004977877429129,9.944736608964618,20.009955754858257,1.026663484055457,0.007445544352413821,0.04473570396600977,0.022367851983004883,1.0210000276565552,1.0410000085830688,4335,10.0,1.0004977877429129,1.026663484055457,8657.612493954612,9009.009009011263,0.0015569999999998085,0.355432123027653,8657.612493954612,9009.009009011263,0.0015569999999998085,0.355432123027653,100.012611151964,100.10511036588545,0.01211400000000007,0.09132882565331768,0.00048375902099451196,0.00048375902099451196
103,90,20,1000,1,1.0,103_90_20_1000_1,0.299250423,0.5,180.0,0.0,9.87493620482509,9.866503219630836,19.74987240965018,1.0334293542630142,0.005268571561894067,0.02838947159657166,0.01419473579828583,1.0210000276565552,1.0410000085830688,4306,10.0,0.987493620482509,1.0334293542630142,8581.722988801079,9009.009009011263,0.0013260000000001604,0.3628345815201204,8581.722988801079,9009.009009011263,0.0013260000000001604,0.3628345815201204,100.02491455611042,100.01000100010354,0.012516000000000638,0.09653518422803901,0.00048375902099451196,0.00048375902099451196
103,90,40,1000,0,1.0,103_90_40_1000_0,0.310554,0.5,180.0,0.0,20.055614296580746,20.356304595385627,40.11122859316149,1.0584640160799923,0.007380999997598926,0.04736313819645909,0.023681569098229546,1.0509999990463257,1.0700000524520874,4283,20.0,1.0027807148290373,1.0584640160799923,8612.6157249668,9009.009009011263,0.0010099999999999554,0.3376750598657624,8612.6157249668,9009.009009011263,0.0010099999999999554,0.3376750598657624,99.97984533276626,99.49258780220842,0.012409000000000114,0.10114589330611432,0.00048375902099451196,0.00048375902099451196
103,90,40,1000,1,1.0,103_90_40_1000_1,0.310273321,0.5,180.0,0.0,20.02788518016032,19.939998626708984,40.05577036032064,1.0791601954296781,0.015574163212901925,0.10451835408894372,0.05225917704447186,1.0509999990463257,1.100000023841858,4248,20.0,1.001394259008016,1.0791601954296781,8592.881774009384,9009.009009011263,0.0011649999999999716,0.34080698585699487,8592.881774009384,9009.009009011263,0.0011649999999999716,0.34080698585699487,100.0482293563653,100.32605969400646,0.012083999999999984,0.0870689176847657,0.00048375902099451196,0.00048375902099451196
103,90,60,1000,0,1.0,103_90_60_1000_0,0.320271389,0.5,180.0,0.0,29.594051930074574,29.7400518202841,59.18810386014915,1.0758522860056599,0.012303675189984067,0.08102301228772678,0.04051150614386339,1.0509999990463257,1.090000033378601,4335,30.0,0.9864683976691525,1.0758522860056599,8694.63852722613,9009.009009011263,0.0011159999999999781,0.3296071494125594,8694.63852722613,9009.009009011263,0.0011159999999999781,0.3296071494125594,100.0037017944863,100.02000400080064,0.011962999999999946,0.09270287106821451,0.00048375902099451196,0.00048375902099451196
103,90,60,1000,1,1.0,103_90_60_1000_1,0.35020705,0.5,180.0,0.0,29.88120644962371,29.937537611467683,59.76241289924742,1.0466178293242694,0.01744677643507317,0.11855730136593422,0.05927865068296711,1.0210000276565552,1.0700000524520874,4351,30.0,0.9960402149874571,1.0466178293242694,8664.635559379438,9009.009009011263,0.0011599999999999389,0.33912819185680404,8664.635559379438,9009.009009011263,0.0011599999999999389,0.33912819185680404,100.04613526444837,100.42177144004685,0.012628999999999998,0.0982435738723276,0.00048375902099451196,0.00048375902099451196
