recording_id,surface_id,speed_mm_s,direction_deg,nominal_force_N,repeat_id,variant,valid,duration_s,half_second_available,one_second_available,exclusion_reason,start_s,end_s
0_0_40_500_0,0,40,0,0.5,0,current,True,2.129905,True,True,,0.289832,2.419737
0_0_40_500_0,0,40,0,0.5,0,smoother_11,True,1.449546,True,True,,0.509933,1.959479
0_0_40_500_0,0,40,0,0.5,0,smoother_31,True,2.0614000000000003,True,True,,0.319444,2.380844
0_0_40_500_0,0,40,0,0.5,0,accel_gap_half,True,2.129905,True,True,,0.289832,2.419737
0_0_40_500_0,0,40,0,0.5,0,accel_gap_double,True,2.129905,True,True,,0.289832,2.419737
0_0_40_500_0,0,40,0,0.5,0,aux_gap_half,True,2.129905,True,True,,0.289832,2.419737
0_0_40_500_0,0,40,0,0.5,0,aux_gap_double,True,2.129905,True,True,,0.289832,2.419737
0_0_40_500_1,0,40,0,0.5,1,current,True,2.128816,True,True,,0.330520839,2.459336839
0_0_40_500_1,0,40,0,0.5,1,smoother_11,True,0.6102909999999999,True,False,,0.898756839,1.509047839
0_0_40_500_1,0,40,0,0.5,1,smoother_31,True,2.059609,True,True,,0.370357839,2.429966839
0_0_40_500_1,0,40,0,0.5,1,accel_gap_half,True,2.128816,True,True,,0.330520839,2.459336839
0_0_40_500_1,0,40,0,0.5,1,accel_gap_double,True,2.128816,True,True,,0.330520839,2.459336839
0_0_40_500_1,0,40,0,0.5,1,aux_gap_half,True,2.128816,True,True,,0.330520839,2.459336839
0_0_40_500_1,0,40,0,0.5,1,aux_gap_double,True,2.128816,True,True,,0.330520839,2.459336839
0_0_20_500_0,0,20,0,0.5,0,current,True,2.971372,True,True,,1.70952643,4.68089843
0_0_20_500_0,0,20,0,0.5,0,smoother_11,True,1.059599,True,True,,2.53111343,3.59071243
0_0_20_500_0,0,20,0,0.5,0,smoother_31,True,4.338226,True,True,,0.30086643,4.63909243
0_0_20_500_0,0,20,0,0.5,0,accel_gap_half,True,2.971372,True,True,,1.70952643,4.68089843
0_0_20_500_0,0,20,0,0.5,0,accel_gap_double,True,2.971372,True,True,,1.70952643,4.68089843
0_0_20_500_0,0,20,0,0.5,0,aux_gap_half,True,2.971372,True,True,,1.70952643,4.68089843
0_0_20_500_0,0,20,0,0.5,0,aux_gap_double,True,2.971372,True,True,,1.70952643,4.68089843
0_0_20_500_1,0,20,0,0.5,1,current,True,4.409429,True,True,,0.290468,4.699897
0_0_20_500_1,0,20,0,0.5,1,smoother_11,True,0.6890480000000001,True,False,,2.580534,3.269582
0_0_20_500_1,0,20,0,0.5,1,smoother_31,True,4.331557,True,True,,0.328774,4.660331
0_0_20_500_1,0,20,0,0.5,1,accel_gap_half,True,4.409429,True,True,,0.290468,4.699897
0_0_20_500_1,0,20,0,0.5,1,accel_gap_double,True,4.409429,True,True,,0.290468,4.699897
0_0_20_500_1,0,20,0,0.5,1,aux_gap_half,True,4.409429,True,True,,0.290468,4.699897
0_0_20_500_1,0,20,0,0.5,1,aux_gap_double,True,4.409429,True,True,,0.290468,4.699897
0_0_40_1000_0,0,40,0,1.0,0,current,True,1.45065,True,True,,0.969026,2.419676
0_0_40_1000_0,0,40,0,1.0,0,smoother_11,True,1.250471,True,True,,0.979073,2.229544
0_0_40_1000_0,0,40,0,1.0,0,smoother_31,True,2.0899799999999997,True,True,,0.299398,2.389378
0_0_40_1000_0,0,40,0,1.0,0,accel_gap_half,True,1.45065,True,True,,0.969026,2.419676
0_0_40_1000_0,0,40,0,1.0,0,accel_gap_double,True,1.45065,True,True,,0.969026,2.419676
0_0_40_1000_0,0,40,0,1.0,0,aux_gap_half,True,1.45065,True,True,,0.969026,2.419676
0_0_40_1000_0,0,40,0,1.0,0,aux_gap_double,True,1.45065,True,True,,0.969026,2.419676
0_0_40_1000_1,0,40,0,1.0,1,current,True,2.1287949999999998,True,True,,0.340008,2.468803
0_0_40_1000_1,0,40,0,1.0,1,smoother_11,True,1.220317,True,True,,0.410842,1.631159
0_0_40_1000_1,0,40,0,1.0,1,smoother_31,True,2.0701280000000004,True,True,,0.37083,2.440958
0_0_40_1000_1,0,40,0,1.0,1,accel_gap_half,True,2.1287949999999998,True,True,,0.340008,2.468803
0_0_40_1000_1,0,40,0,1.0,1,accel_gap_double,True,2.1287949999999998,True,True,,0.340008,2.468803
0_0_40_1000_1,0,40,0,1.0,1,aux_gap_half,True,2.1287949999999998,True,True,,0.340008,2.468803
0_0_40_1000_1,0,40,0,1.0,1,aux_gap_double,True,2.1287949999999998,True,True,,0.340008,2.468803
0_90_40_500_0,0,40,90,0.5,0,current,True,1.7302849999999999,True,True,,0.298912901,2.029197901
0_90_40_500_0,0,40,90,0.5,0,smoother_11,True,0.4802700000000002,False,False,,1.100142901,1.580412901
0_90_40_500_0,0,40,90,0.5,0,smoother_31,True,2.0710569999999997,True,True,,0.329312901,2.400369901
0_90_40_500_0,0,40,90,0.5,0,accel_gap_half,True,1.7302849999999999,True,True,,0.298912901,2.029197901
0_90_40_500_0,0,40,90,0.5,0,accel_gap_double,True,1.7302849999999999,True,True,,0.298912901,2.029197901
0_90_40_500_0,0,40,90,0.5,0,aux_gap_half,True,1.7302849999999999,True,True,,0.298912901,2.029197901
0_90_40_500_0,0,40,90,0.5,0,aux_gap_double,True,1.7302849999999999,True,True,,0.298912901,2.029197901
0_90_40_500_1,0,40,90,0.5,1,current,True,2.1306670000000003,True,True,,0.299622,2.430289
0_90_40_500_1,0,40,90,0.5,1,smoother_11,True,0.8405750000000001,True,False,,1.619289,2.459864
0_90_40_500_1,0,40,90,0.5,1,smoother_31,True,2.070774,True,True,,0.329868,2.400642
0_90_40_500_1,0,40,90,0.5,1,accel_gap_half,True,2.1306670000000003,True,True,,0.299622,2.430289
0_90_40_500_1,0,40,90,0.5,1,accel_gap_double,True,2.1306670000000003,True,True,,0.299622,2.430289
0_90_40_500_1,0,40,90,0.5,1,aux_gap_half,True,2.1306670000000003,True,True,,0.299622,2.430289
0_90_40_500_1,0,40,90,0.5,1,aux_gap_double,True,2.1306670000000003,True,True,,0.299622,2.430289
0_45_20_1000_0,0,20,45,1.0,0,current,True,2.4900850000000005,True,True,,2.168941564,4.659026564
0_45_20_1000_0,0,20,45,1.0,0,smoother_11,True,0.709972,True,False,,0.850657564,1.560629564
0_45_20_1000_0,0,20,45,1.0,0,smoother_31,True,4.319439,True,True,,0.309902564,4.629341564
0_45_20_1000_0,0,20,45,1.0,0,accel_gap_half,True,2.4900850000000005,True,True,,2.168941564,4.659026564
0_45_20_1000_0,0,20,45,1.0,0,accel_gap_double,True,2.4900850000000005,True,True,,2.168941564,4.659026564
0_45_20_1000_0,0,20,45,1.0,0,aux_gap_half,True,2.4900850000000005,True,True,,2.168941564,4.659026564
0_45_20_1000_0,0,20,45,1.0,0,aux_gap_double,True,2.4900850000000005,True,True,,2.168941564,4.659026564
0_45_20_1000_1,0,20,45,1.0,1,current,True,4.390675,True,True,,0.27978046,4.67045546
0_45_20_1000_1,0,20,45,1.0,1,smoother_11,True,0.72904,True,False,,0.92041546,1.64945546
0_45_20_1000_1,0,20,45,1.0,1,smoother_31,True,4.33044,True,True,,0.30868746,4.63912746
0_45_20_1000_1,0,20,45,1.0,1,accel_gap_half,True,4.390675,True,True,,0.27978046,4.67045546
0_45_20_1000_1,0,20,45,1.0,1,accel_gap_double,True,4.390675,True,True,,0.27978046,4.67045546
0_45_20_1000_1,0,20,45,1.0,1,aux_gap_half,True,4.390675,True,True,,0.27978046,4.67045546
0_45_20_1000_1,0,20,45,1.0,1,aux_gap_double,True,4.390675,True,True,,0.27978046,4.67045546
0_45_40_1000_0,0,40,45,1.0,0,current,True,2.110538,True,True,,0.30042638,2.41096438
0_45_40_1000_0,0,40,45,1.0,0,smoother_11,True,0.8697050000000001,True,False,,0.86964338,1.73934838
0_45_40_1000_0,0,40,45,1.0,0,smoother_31,True,2.048006,True,True,,0.33122438,2.37923038
0_45_40_1000_0,0,40,45,1.0,0,accel_gap_half,True,2.110538,True,True,,0.30042638,2.41096438
0_45_40_1000_0,0,40,45,1.0,0,accel_gap_double,True,2.110538,True,True,,0.30042638,2.41096438
0_45_40_1000_0,0,40,45,1.0,0,aux_gap_half,True,2.110538,True,True,,0.30042638,2.41096438
0_45_40_1000_0,0,40,45,1.0,0,aux_gap_double,True,2.110538,True,True,,0.30042638,2.41096438
0_45_40_1000_1,0,40,45,1.0,1,current,True,1.381705,True,True,,1.01942,2.401125
0_45_40_1000_1,0,40,45,1.0,1,smoother_11,True,0.44940100000000005,False,False,,0.500826,0.950227
0_45_40_1000_1,0,40,45,1.0,1,smoother_31,True,2.069761,True,True,,0.309837,2.379598
0_45_40_1000_1,0,40,45,1.0,1,accel_gap_half,True,1.381705,True,True,,1.01942,2.401125
0_45_40_1000_1,0,40,45,1.0,1,accel_gap_double,True,1.381705,True,True,,1.01942,2.401125
0_45_40_1000_1,0,40,45,1.0,1,aux_gap_half,True,1.381705,True,True,,1.01942,2.401125
0_45_40_1000_1,0,40,45,1.0,1,aux_gap_double,True,1.381705,True,True,,1.01942,2.401125
0_45_60_1000_0,0,60,45,1.0,0,current,True,1.360496,True,True,,0.30008,1.660576
0_45_60_1000_0,0,60,45,1.0,0,smoother_11,True,0.841033,True,False,,0.849533,1.690566
0_45_60_1000_0,0,60,45,1.0,0,smoother_31,True,1.310911,True,True,,0.329717,1.640628
0_45_60_1000_0,0,60,45,1.0,0,accel_gap_half,True,1.360496,True,True,,0.30008,1.660576
0_45_60_1000_0,0,60,45,1.0,0,accel_gap_double,True,1.360496,True,True,,0.30008,1.660576
0_45_60_1000_0,0,60,45,1.0,0,aux_gap_half,True,1.360496,True,True,,0.30008,1.660576
0_45_60_1000_0,0,60,45,1.0,0,aux_gap_double,True,1.360496,True,True,,0.30008,1.660576
0_45_60_1000_1,0,60,45,1.0,1,current,True,1.370189,True,True,,0.310152,1.680341
0_45_60_1000_1,0,60,45,1.0,1,smoother_11,True,0.9606049999999999,True,False,,0.449826,1.410431
0_45_60_1000_1,0,60,45,1.0,1,smoother_31,True,1.310664,True,True,,0.349532,1.660196
0_45_60_1000_1,0,60,45,1.0,1,accel_gap_half,True,1.370189,True,True,,0.310152,1.680341
0_45_60_1000_1,0,60,45,1.0,1,accel_gap_double,True,1.370189,True,True,,0.310152,1.680341
0_45_60_1000_1,0,60,45,1.0,1,aux_gap_half,True,1.370189,True,True,,0.310152,1.680341
0_45_60_1000_1,0,60,45,1.0,1,aux_gap_double,True,1.370189,True,True,,0.310152,1.680341
0_90_20_1000_0,0,20,90,1.0,0,current,True,2.451528,True,True,,1.529001,3.980529
0_90_20_1000_0,0,20,90,1.0,0,smoother_11,True,0.5701640000000001,True,False,,2.540736,3.1109
0_90_20_1000_0,0,20,90,1.0,0,smoother_31,True,4.3599820000000005,True,True,,0.289904,4.649886
0_90_20_1000_0,0,20,90,1.0,0,accel_gap_half,True,2.451528,True,True,,1.529001,3.980529
0_90_20_1000_0,0,20,90,1.0,0,accel_gap_double,True,2.451528,True,True,,1.529001,3.980529
0_90_20_1000_0,0,20,90,1.0,0,aux_gap_half,True,2.451528,True,True,,1.529001,3.980529
0_90_20_1000_0,0,20,90,1.0,0,aux_gap_double,True,2.451528,True,True,,1.529001,3.980529
0_90_20_1000_1,0,20,90,1.0,1,current,True,4.400073,True,True,,0.300213,4.700286
0_90_20_1000_1,0,20,90,1.0,1,smoother_11,True,1.2790310000000003,True,True,,3.089921,4.368952
0_90_20_1000_1,0,20,90,1.0,1,smoother_31,True,4.339849,True,True,,0.330044,4.669893
0_90_20_1000_1,0,20,90,1.0,1,accel_gap_half,True,4.400073,True,True,,0.300213,4.700286
0_90_20_1000_1,0,20,90,1.0,1,accel_gap_double,True,4.400073,True,True,,0.300213,4.700286
0_90_20_1000_1,0,20,90,1.0,1,aux_gap_half,True,4.400073,True,True,,0.300213,4.700286
0_90_20_1000_1,0,20,90,1.0,1,aux_gap_double,True,4.400073,True,True,,0.300213,4.700286
0_90_40_1000_0,0,40,90,1.0,0,current,True,2.1298470000000003,True,True,,0.299279017,2.429126017
0_90_40_1000_0,0,40,90,1.0,0,smoother_11,True,0.46979200000000004,False,False,,0.379423017,0.849215017
0_90_40_1000_0,0,40,90,1.0,0,smoother_31,True,2.060487,True,True,,0.339164017,2.399651017
0_90_40_1000_0,0,40,90,1.0,0,accel_gap_half,True,2.1298470000000003,True,True,,0.299279017,2.429126017
0_90_40_1000_0,0,40,90,1.0,0,accel_gap_double,True,2.1298470000000003,True,True,,0.299279017,2.429126017
0_90_40_1000_0,0,40,90,1.0,0,aux_gap_half,True,2.1298470000000003,True,True,,0.299279017,2.429126017
0_90_40_1000_0,0,40,90,1.0,0,aux_gap_double,True,2.1298470000000003,True,True,,0.299279017,2.429126017
0_90_40_1000_1,0,40,90,1.0,1,current,True,2.130262,True,True,,0.290912553,2.421174553
0_90_40_1000_1,0,40,90,1.0,1,smoother_11,True,0.839915,True,False,,0.850682553,1.690597553
0_90_40_1000_1,0,40,90,1.0,1,smoother_31,True,2.0704550000000004,True,True,,0.319574553,2.390029553
0_90_40_1000_1,0,40,90,1.0,1,accel_gap_half,True,2.130262,True,True,,0.290912553,2.421174553
0_90_40_1000_1,0,40,90,1.0,1,accel_gap_double,True,2.130262,True,True,,0.290912553,2.421174553
0_90_40_1000_1,0,40,90,1.0,1,aux_gap_half,True,2.130262,True,True,,0.290912553,2.421174553
0_90_40_1000_1,0,40,90,1.0,1,aux_gap_double,True,2.130262,True,True,,0.290912553,2.421174553
0_90_60_1000_0,0,60,90,1.0,0,current,True,1.378606,True,True,,0.300383678,1.678989678
0_90_60_1000_0,0,60,90,1.0,0,smoother_11,True,0.9299149999999999,True,False,,0.770797678,1.700712678
0_90_60_1000_0,0,60,90,1.0,0,smoother_31,True,1.319261,True,True,,0.330230678,1.649491678
0_90_60_1000_0,0,60,90,1.0,0,accel_gap_half,True,1.378606,True,True,,0.300383678,1.678989678
0_90_60_1000_0,0,60,90,1.0,0,accel_gap_double,True,1.378606,True,True,,0.300383678,1.678989678
0_90_60_1000_0,0,60,90,1.0,0,aux_gap_half,True,1.378606,True,True,,0.300383678,1.678989678
0_90_60_1000_0,0,60,90,1.0,0,aux_gap_double,True,1.378606,True,True,,0.300383678,1.678989678
0_90_60_1000_1,0,60,90,1.0,1,current,True,1.3803779999999999,True,True,,0.279333535,1.659711535
0_90_60_1000_1,0,60,90,1.0,1,smoother_11,True,0.469924,False,False,,1.220357535,1.690281535
0_90_60_1000_1,0,60,90,1.0,1,smoother_31,True,1.3216649999999999,True,True,,0.309121535,1.630786535
0_90_60_1000_1,0,60,90,1.0,1,accel_gap_half,True,1.3803779999999999,True,True,,0.279333535,1.659711535
0_90_60_1000_1,0,60,90,1.0,1,accel_gap_double,True,1.3803779999999999,True,True,,0.279333535,1.659711535
0_90_60_1000_1,0,60,90,1.0,1,aux_gap_half,True,1.3803779999999999,True,True,,0.279333535,1.659711535
0_90_60_1000_1,0,60,90,1.0,1,aux_gap_double,True,1.3803779999999999,True,True,,0.279333535,1.659711535
38_0_40_500_0,38,40,0,0.5,0,current,True,2.1382649999999996,True,True,,0.290579832,2.428844832
38_0_40_500_0,38,40,0,0.5,0,smoother_11,True,0.38123600000000013,False,False,,0.619748832,1.000984832
38_0_40_500_0,38,40,0,0.5,0,smoother_31,True,2.0793,True,True,,0.320399832,2.399699832
38_0_40_500_0,38,40,0,0.5,0,accel_gap_half,True,2.1382649999999996,True,True,,0.290579832,2.428844832
38_0_40_500_0,38,40,0,0.5,0,accel_gap_double,True,2.1382649999999996,True,True,,0.290579832,2.428844832
38_0_40_500_0,38,40,0,0.5,0,aux_gap_half,True,2.1382649999999996,True,True,,0.290579832,2.428844832
38_0_40_500_0,38,40,0,0.5,0,aux_gap_double,True,2.1382649999999996,True,True,,0.290579832,2.428844832
38_0_40_500_1,38,40,0,0.5,1,current,True,1.6388410000000002,True,True,,0.310534824,1.949375824
38_0_40_500_1,38,40,0,0.5,1,smoother_11,True,0.6113550000000001,True,False,,0.298911824,0.910266824
38_0_40_500_1,38,40,0,0.5,1,smoother_31,True,2.0398579999999997,True,True,,0.339390824,2.379248824
38_0_40_500_1,38,40,0,0.5,1,accel_gap_half,True,1.6388410000000002,True,True,,0.310534824,1.949375824
38_0_40_500_1,38,40,0,0.5,1,accel_gap_double,True,1.6388410000000002,True,True,,0.310534824,1.949375824
38_0_40_500_1,38,40,0,0.5,1,aux_gap_half,True,1.6388410000000002,True,True,,0.310534824,1.949375824
38_0_40_500_1,38,40,0,0.5,1,aux_gap_double,True,1.6388410000000002,True,True,,0.310534824,1.949375824
38_0_20_500_0,38,20,0,0.5,0,current,True,3.6785609999999997,True,True,,1.011003,4.689564
38_0_20_500_0,38,20,0,0.5,0,smoother_11,True,1.5195190000000003,True,True,,2.940254,4.459773
38_0_20_500_0,38,20,0,0.5,0,smoother_31,True,4.349793,True,True,,0.320471,4.670264
38_0_20_500_0,38,20,0,0.5,0,accel_gap_half,True,3.6785609999999997,True,True,,1.011003,4.689564
38_0_20_500_0,38,20,0,0.5,0,accel_gap_double,True,3.6785609999999997,True,True,,1.011003,4.689564
38_0_20_500_0,38,20,0,0.5,0,aux_gap_half,True,3.6785609999999997,True,True,,1.011003,4.689564
38_0_20_500_0,38,20,0,0.5,0,aux_gap_double,True,3.6785609999999997,True,True,,1.011003,4.689564
38_0_20_500_1,38,20,0,0.5,1,current,True,4.039789,True,True,,0.289964,4.329753
38_0_20_500_1,38,20,0,0.5,1,smoother_11,True,0.9502030000000001,True,False,,0.259674,1.209877
38_0_20_500_1,38,20,0,0.5,1,smoother_31,True,4.350813,True,True,,0.319306,4.670119
38_0_20_500_1,38,20,0,0.5,1,accel_gap_half,True,4.039789,True,True,,0.289964,4.329753
38_0_20_500_1,38,20,0,0.5,1,accel_gap_double,True,4.039789,True,True,,0.289964,4.329753
38_0_20_500_1,38,20,0,0.5,1,aux_gap_half,True,4.039789,True,True,,0.289964,4.329753
38_0_20_500_1,38,20,0,0.5,1,aux_gap_double,True,4.039789,True,True,,0.289964,4.329753
38_0_40_1000_0,38,40,0,1.0,0,current,True,2.100457,True,True,,0.290033391,2.390490391
38_0_40_1000_0,38,40,0,1.0,0,smoother_11,True,0.8402360000000002,True,False,,1.160687391,2.000923391
38_0_40_1000_0,38,40,0,1.0,0,smoother_31,True,2.049503,True,True,,0.319960391,2.369463391
38_0_40_1000_0,38,40,0,1.0,0,accel_gap_half,True,2.100457,True,True,,0.290033391,2.390490391
38_0_40_1000_0,38,40,0,1.0,0,accel_gap_double,True,2.100457,True,True,,0.290033391,2.390490391
38_0_40_1000_0,38,40,0,1.0,0,aux_gap_half,True,2.100457,True,True,,0.290033391,2.390490391
38_0_40_1000_0,38,40,0,1.0,0,aux_gap_double,True,2.100457,True,True,,0.290033391,2.390490391
38_0_40_1000_1,38,40,0,1.0,1,current,True,1.9598790000000001,True,True,,0.299939,2.259818
38_0_40_1000_1,38,40,0,1.0,1,smoother_11,True,1.358974,True,True,,0.500861,1.859835
38_0_40_1000_1,38,40,0,1.0,1,smoother_31,True,2.070405,True,True,,0.329477,2.399882
38_0_40_1000_1,38,40,0,1.0,1,accel_gap_half,True,1.9598790000000001,True,True,,0.299939,2.259818
38_0_40_1000_1,38,40,0,1.0,1,accel_gap_double,True,1.9598790000000001,True,True,,0.299939,2.259818
38_0_40_1000_1,38,40,0,1.0,1,aux_gap_half,True,1.9598790000000001,True,True,,0.299939,2.259818
38_0_40_1000_1,38,40,0,1.0,1,aux_gap_double,True,1.9598790000000001,True,True,,0.299939,2.259818
38_90_40_500_0,38,40,90,0.5,0,current,True,1.3097290000000001,True,True,,1.11965524,2.42938424
38_90_40_500_0,38,40,90,0.5,0,smoother_11,True,0.4491559999999999,False,False,,0.57954024,1.02869624
38_90_40_500_0,38,40,90,0.5,0,smoother_31,True,2.079355,True,True,,0.32067924,2.40003424
38_90_40_500_0,38,40,90,0.5,0,accel_gap_half,True,1.3097290000000001,True,True,,1.11965524,2.42938424
38_90_40_500_0,38,40,90,0.5,0,accel_gap_double,True,1.3097290000000001,True,True,,1.11965524,2.42938424
38_90_40_500_0,38,40,90,0.5,0,aux_gap_half,True,1.3097290000000001,True,True,,1.11965524,2.42938424
38_90_40_500_0,38,40,90,0.5,0,aux_gap_double,True,1.3097290000000001,True,True,,1.11965524,2.42938424
38_90_40_500_1,38,40,90,0.5,1,current,True,2.1298030000000003,True,True,,0.319587,2.44939
38_90_40_500_1,38,40,90,0.5,1,smoother_11,True,0.5604060000000002,True,False,,1.919525,2.479931
38_90_40_500_1,38,40,90,0.5,1,smoother_31,True,2.0598680000000003,True,True,,0.349582,2.40945
38_90_40_500_1,38,40,90,0.5,1,accel_gap_half,True,2.1298030000000003,True,True,,0.319587,2.44939
38_90_40_500_1,38,40,90,0.5,1,accel_gap_double,True,2.1298030000000003,True,True,,0.319587,2.44939
38_90_40_500_1,38,40,90,0.5,1,aux_gap_half,True,2.1298030000000003,True,True,,0.319587,2.44939
38_90_40_500_1,38,40,90,0.5,1,aux_gap_double,True,2.1298030000000003,True,True,,0.319587,2.44939
38_45_20_1000_0,38,20,45,1.0,0,current,True,4.380135,True,True,,0.280378,4.660513
38_45_20_1000_0,38,20,45,1.0,0,smoother_11,True,0.7487650000000001,True,False,,2.490058,3.238823
38_45_20_1000_0,38,20,45,1.0,0,smoother_31,True,4.328148,True,True,,0.311143,4.639291
38_45_20_1000_0,38,20,45,1.0,0,accel_gap_half,True,4.380135,True,True,,0.280378,4.660513
38_45_20_1000_0,38,20,45,1.0,0,accel_gap_double,True,4.380135,True,True,,0.280378,4.660513
38_45_20_1000_0,38,20,45,1.0,0,aux_gap_half,True,4.380135,True,True,,0.280378,4.660513
38_45_20_1000_0,38,20,45,1.0,0,aux_gap_double,True,4.380135,True,True,,0.280378,4.660513
38_45_20_1000_1,38,20,45,1.0,1,current,True,4.389176,True,True,,0.291341,4.680517
38_45_20_1000_1,38,20,45,1.0,1,smoother_11,True,0.639257,True,False,,0.820924,1.460181
38_45_20_1000_1,38,20,45,1.0,1,smoother_31,True,4.321493,True,True,,0.319592,4.641085
38_45_20_1000_1,38,20,45,1.0,1,accel_gap_half,True,4.389176,True,True,,0.291341,4.680517
38_45_20_1000_1,38,20,45,1.0,1,accel_gap_double,True,4.389176,True,True,,0.291341,4.680517
38_45_20_1000_1,38,20,45,1.0,1,aux_gap_half,True,4.389176,True,True,,0.291341,4.680517
38_45_20_1000_1,38,20,45,1.0,1,aux_gap_double,True,4.389176,True,True,,0.291341,4.680517
38_45_40_1000_0,38,40,45,1.0,0,current,True,2.119525,True,True,,0.309329,2.428854
38_45_40_1000_0,38,40,45,1.0,0,smoother_11,True,0.819444,True,False,,0.721251,1.540695
38_45_40_1000_0,38,40,45,1.0,0,smoother_31,True,2.069574,True,True,,0.330175,2.399749
38_45_40_1000_0,38,40,45,1.0,0,accel_gap_half,True,2.119525,True,True,,0.309329,2.428854
38_45_40_1000_0,38,40,45,1.0,0,accel_gap_double,True,2.119525,True,True,,0.309329,2.428854
38_45_40_1000_0,38,40,45,1.0,0,aux_gap_half,True,2.119525,True,True,,0.309329,2.428854
38_45_40_1000_0,38,40,45,1.0,0,aux_gap_double,True,2.119525,True,True,,0.309329,2.428854
38_45_40_1000_1,38,40,45,1.0,1,current,True,2.109635,True,True,,0.289337,2.398972
38_45_40_1000_1,38,40,45,1.0,1,smoother_11,True,0.5891379999999999,True,False,,1.310236,1.899374
38_45_40_1000_1,38,40,45,1.0,1,smoother_31,True,2.069379,True,True,,0.310764,2.380143
38_45_40_1000_1,38,40,45,1.0,1,accel_gap_half,True,2.109635,True,True,,0.289337,2.398972
38_45_40_1000_1,38,40,45,1.0,1,accel_gap_double,True,2.109635,True,True,,0.289337,2.398972
38_45_40_1000_1,38,40,45,1.0,1,aux_gap_half,True,2.109635,True,True,,0.289337,2.398972
38_45_40_1000_1,38,40,45,1.0,1,aux_gap_double,True,2.109635,True,True,,0.289337,2.398972
38_45_60_1000_0,38,60,45,1.0,0,current,True,1.359298,True,True,,0.310670529,1.669968529
38_45_60_1000_0,38,60,45,1.0,0,smoother_11,True,0.549302,True,False,,0.679303529,1.228605529
38_45_60_1000_0,38,60,45,1.0,0,smoother_31,True,1.300011,True,True,,0.339954529,1.639965529
38_45_60_1000_0,38,60,45,1.0,0,accel_gap_half,True,1.359298,True,True,,0.310670529,1.669968529
38_45_60_1000_0,38,60,45,1.0,0,accel_gap_double,True,1.359298,True,True,,0.310670529,1.669968529
38_45_60_1000_0,38,60,45,1.0,0,aux_gap_half,True,1.359298,True,True,,0.310670529,1.669968529
38_45_60_1000_0,38,60,45,1.0,0,aux_gap_double,True,1.359298,True,True,,0.310670529,1.669968529
38_45_60_1000_1,38,60,45,1.0,1,current,True,1.360812,True,True,,0.29913901,1.65995101
38_45_60_1000_1,38,60,45,1.0,1,smoother_11,True,0.619624,True,False,,1.05068001,1.67030401
38_45_60_1000_1,38,60,45,1.0,1,smoother_31,True,1.2891590000000002,True,True,,0.32967701,1.61883601
38_45_60_1000_1,38,60,45,1.0,1,accel_gap_half,True,1.360812,True,True,,0.29913901,1.65995101
38_45_60_1000_1,38,60,45,1.0,1,accel_gap_double,True,1.360812,True,True,,0.29913901,1.65995101
38_45_60_1000_1,38,60,45,1.0,1,aux_gap_half,True,1.360812,True,True,,0.29913901,1.65995101
38_45_60_1000_1,38,60,45,1.0,1,aux_gap_double,True,1.360812,True,True,,0.29913901,1.65995101
38_90_20_1000_0,38,20,90,1.0,0,current,True,4.39986,True,True,,0.309946,4.709806
38_90_20_1000_0,38,20,90,1.0,0,smoother_11,True,0.4705219999999999,False,False,,4.280425,4.750947
38_90_20_1000_0,38,20,90,1.0,0,smoother_31,True,4.340241,True,True,,0.339307,4.679548
38_90_20_1000_0,38,20,90,1.0,0,accel_gap_half,True,4.39986,True,True,,0.309946,4.709806
38_90_20_1000_0,38,20,90,1.0,0,accel_gap_double,True,4.39986,True,True,,0.309946,4.709806
38_90_20_1000_0,38,20,90,1.0,0,aux_gap_half,True,4.39986,True,True,,0.309946,4.709806
38_90_20_1000_0,38,20,90,1.0,0,aux_gap_double,True,4.39986,True,True,,0.309946,4.709806
38_90_20_1000_1,38,20,90,1.0,1,current,True,2.4802869999999997,True,True,,2.219533,4.69982
38_90_20_1000_1,38,20,90,1.0,1,smoother_11,True,1.1195950000000003,True,True,,3.200984,4.320579
38_90_20_1000_1,38,20,90,1.0,1,smoother_31,True,4.340293000000001,True,True,,0.33074,4.671033
38_90_20_1000_1,38,20,90,1.0,1,accel_gap_half,True,2.4802869999999997,True,True,,2.219533,4.69982
38_90_20_1000_1,38,20,90,1.0,1,accel_gap_double,True,2.4802869999999997,True,True,,2.219533,4.69982
38_90_20_1000_1,38,20,90,1.0,1,aux_gap_half,True,2.4802869999999997,True,True,,2.219533,4.69982
38_90_20_1000_1,38,20,90,1.0,1,aux_gap_double,True,2.4802869999999997,True,True,,2.219533,4.69982
38_90_40_1000_0,38,40,90,1.0,0,current,True,2.119529,True,True,,0.320526,2.440055
38_90_40_1000_0,38,40,90,1.0,0,smoother_11,True,0.878227,True,False,,0.801122,1.679349
38_90_40_1000_0,38,40,90,1.0,0,smoother_31,True,2.05873,True,True,,0.34069,2.39942
38_90_40_1000_0,38,40,90,1.0,0,accel_gap_half,True,2.119529,True,True,,0.320526,2.440055
38_90_40_1000_0,38,40,90,1.0,0,accel_gap_double,True,2.119529,True,True,,0.320526,2.440055
38_90_40_1000_0,38,40,90,1.0,0,aux_gap_half,True,2.119529,True,True,,0.320526,2.440055
38_90_40_1000_0,38,40,90,1.0,0,aux_gap_double,True,2.119529,True,True,,0.320526,2.440055
38_90_40_1000_1,38,40,90,1.0,1,current,True,2.1292560000000003,True,True,,0.311197161,2.440453161
38_90_40_1000_1,38,40,90,1.0,1,smoother_11,True,1.219758,True,True,,0.279465161,1.499223161
38_90_40_1000_1,38,40,90,1.0,1,smoother_31,True,2.07016,True,True,,0.339501161,2.409661161
38_90_40_1000_1,38,40,90,1.0,1,accel_gap_half,True,2.1292560000000003,True,True,,0.311197161,2.440453161
38_90_40_1000_1,38,40,90,1.0,1,accel_gap_double,True,2.1292560000000003,True,True,,0.311197161,2.440453161
38_90_40_1000_1,38,40,90,1.0,1,aux_gap_half,True,2.1292560000000003,True,True,,0.311197161,2.440453161
38_90_40_1000_1,38,40,90,1.0,1,aux_gap_double,True,2.1292560000000003,True,True,,0.311197161,2.440453161
38_90_60_1000_0,38,60,90,1.0,0,current,True,1.359477,True,True,,0.320137588,1.679614588
38_90_60_1000_0,38,60,90,1.0,0,smoother_11,True,1.422247,True,True,,0.288854588,1.711101588
38_90_60_1000_0,38,60,90,1.0,0,smoother_31,True,1.3112359999999998,True,True,,0.349461588,1.660697588
38_90_60_1000_0,38,60,90,1.0,0,accel_gap_half,True,1.359477,True,True,,0.320137588,1.679614588
38_90_60_1000_0,38,60,90,1.0,0,accel_gap_double,True,1.359477,True,True,,0.320137588,1.679614588
38_90_60_1000_0,38,60,90,1.0,0,aux_gap_half,True,1.359477,True,True,,0.320137588,1.679614588
38_90_60_1000_0,38,60,90,1.0,0,aux_gap_double,True,1.359477,True,True,,0.320137588,1.679614588
38_90_60_1000_1,38,60,90,1.0,1,current,True,1.381927,True,True,,0.308915,1.690842
38_90_60_1000_1,38,60,90,1.0,1,smoother_11,True,0.5120399999999999,True,False,,0.919266,1.431306
38_90_60_1000_1,38,60,90,1.0,1,smoother_31,True,1.310163,True,True,,0.350748,1.660911
38_90_60_1000_1,38,60,90,1.0,1,accel_gap_half,True,1.381927,True,True,,0.308915,1.690842
38_90_60_1000_1,38,60,90,1.0,1,accel_gap_double,True,1.381927,True,True,,0.308915,1.690842
38_90_60_1000_1,38,60,90,1.0,1,aux_gap_half,True,1.381927,True,True,,0.308915,1.690842
38_90_60_1000_1,38,60,90,1.0,1,aux_gap_double,True,1.381927,True,True,,0.308915,1.690842
49_0_40_500_0,49,40,0,0.5,0,current,True,1.8486499999999997,True,True,,0.571117,2.419767
49_0_40_500_0,49,40,0,0.5,0,smoother_11,True,0.6099559999999999,True,False,,1.32951,1.939466
49_0_40_500_0,49,40,0,0.5,0,smoother_31,True,2.068985,True,True,,0.320329,2.389314
49_0_40_500_0,49,40,0,0.5,0,accel_gap_half,True,1.8486499999999997,True,True,,0.571117,2.419767
49_0_40_500_0,49,40,0,0.5,0,accel_gap_double,True,1.8486499999999997,True,True,,0.571117,2.419767
49_0_40_500_0,49,40,0,0.5,0,aux_gap_half,True,1.8486499999999997,True,True,,0.571117,2.419767
49_0_40_500_0,49,40,0,0.5,0,aux_gap_double,True,1.8486499999999997,True,True,,0.571117,2.419767
49_0_40_500_1,49,40,0,0.5,1,current,True,2.131416,True,True,,0.279189911,2.410605911
49_0_40_500_1,49,40,0,0.5,1,smoother_11,True,1.058946,True,True,,1.380699911,2.439645911
49_0_40_500_1,49,40,0,0.5,1,smoother_31,True,2.0609430000000004,True,True,,0.318393911,2.379336911
49_0_40_500_1,49,40,0,0.5,1,accel_gap_half,True,2.131416,True,True,,0.279189911,2.410605911
49_0_40_500_1,49,40,0,0.5,1,accel_gap_double,True,2.131416,True,True,,0.279189911,2.410605911
49_0_40_500_1,49,40,0,0.5,1,aux_gap_half,True,2.131416,True,True,,0.279189911,2.410605911
49_0_40_500_1,49,40,0,0.5,1,aux_gap_double,True,2.131416,True,True,,0.279189911,2.410605911
49_0_20_500_0,49,20,0,0.5,0,current,True,4.4187840000000005,True,True,,0.291098,4.709882
49_0_20_500_0,49,20,0,0.5,0,smoother_11,True,0.8713760000000006,True,False,,3.339231,4.210607
49_0_20_500_0,49,20,0,0.5,0,smoother_31,True,4.3394189999999995,True,True,,0.32943,4.668849
49_0_20_500_0,49,20,0,0.5,0,accel_gap_half,True,4.4187840000000005,True,True,,0.291098,4.709882
49_0_20_500_0,49,20,0,0.5,0,accel_gap_double,True,4.4187840000000005,True,True,,0.291098,4.709882
49_0_20_500_0,49,20,0,0.5,0,aux_gap_half,True,4.4187840000000005,True,True,,0.291098,4.709882
49_0_20_500_0,49,20,0,0.5,0,aux_gap_double,True,4.4187840000000005,True,True,,0.291098,4.709882
49_0_20_500_1,49,20,0,0.5,1,current,True,2.189258,True,True,,0.910803869,3.100061869
49_0_20_500_1,49,20,0,0.5,1,smoother_11,True,0.9287599999999998,True,False,,1.331155869,2.259915869
49_0_20_500_1,49,20,0,0.5,1,smoother_31,True,4.338455,True,True,,0.330425869,4.668880869
49_0_20_500_1,49,20,0,0.5,1,accel_gap_half,True,2.189258,True,True,,0.910803869,3.100061869
49_0_20_500_1,49,20,0,0.5,1,accel_gap_double,True,2.189258,True,True,,0.910803869,3.100061869
49_0_20_500_1,49,20,0,0.5,1,aux_gap_half,True,2.189258,True,True,,0.910803869,3.100061869
49_0_20_500_1,49,20,0,0.5,1,aux_gap_double,True,2.189258,True,True,,0.910803869,3.100061869
49_0_40_1000_0,49,40,0,1.0,0,current,True,1.020047,True,True,,0.9397213,1.9597683
49_0_40_1000_0,49,40,0,1.0,0,smoother_11,True,1.00873,True,True,,0.9904193,1.9991493
49_0_40_1000_0,49,40,0,1.0,0,smoother_31,True,2.0699300000000003,True,True,,0.3408273,2.4107573
49_0_40_1000_0,49,40,0,1.0,0,accel_gap_half,True,1.020047,True,True,,0.9397213,1.9597683
49_0_40_1000_0,49,40,0,1.0,0,accel_gap_double,True,1.020047,True,True,,0.9397213,1.9597683
49_0_40_1000_0,49,40,0,1.0,0,aux_gap_half,True,1.020047,True,True,,0.9397213,1.9597683
49_0_40_1000_0,49,40,0,1.0,0,aux_gap_double,True,1.020047,True,True,,0.9397213,1.9597683
49_0_40_1000_1,49,40,0,1.0,1,current,True,2.131314,True,True,,0.289018,2.420332
49_0_40_1000_1,49,40,0,1.0,1,smoother_11,True,1.1912190000000002,True,True,,0.660052,1.851271
49_0_40_1000_1,49,40,0,1.0,1,smoother_31,True,2.069639,True,True,,0.309689,2.379328
49_0_40_1000_1,49,40,0,1.0,1,accel_gap_half,True,2.131314,True,True,,0.289018,2.420332
49_0_40_1000_1,49,40,0,1.0,1,accel_gap_double,True,2.131314,True,True,,0.289018,2.420332
49_0_40_1000_1,49,40,0,1.0,1,aux_gap_half,True,2.131314,True,True,,0.289018,2.420332
49_0_40_1000_1,49,40,0,1.0,1,aux_gap_double,True,2.131314,True,True,,0.289018,2.420332
49_90_40_500_0,49,40,90,0.5,0,current,True,1.6310130000000003,True,True,,0.799775343,2.430788343
49_90_40_500_0,49,40,90,0.5,0,smoother_11,True,0.48986799999999997,False,False,,1.740053343,2.229921343
49_90_40_500_0,49,40,90,0.5,0,smoother_31,True,2.080136,True,True,,0.320444343,2.400580343
49_90_40_500_0,49,40,90,0.5,0,accel_gap_half,True,1.6310130000000003,True,True,,0.799775343,2.430788343
49_90_40_500_0,49,40,90,0.5,0,accel_gap_double,True,1.6310130000000003,True,True,,0.799775343,2.430788343
49_90_40_500_0,49,40,90,0.5,0,aux_gap_half,True,1.6310130000000003,True,True,,0.799775343,2.430788343
49_90_40_500_0,49,40,90,0.5,0,aux_gap_double,True,1.6310130000000003,True,True,,0.799775343,2.430788343
49_90_40_500_1,49,40,90,0.5,1,current,True,1.320304,True,True,,1.119309036,2.439613036
49_90_40_500_1,49,40,90,0.5,1,smoother_11,True,0.4604760000000001,False,False,,1.139542036,1.600018036
49_90_40_500_1,49,40,90,0.5,1,smoother_31,True,2.0688690000000003,True,True,,0.340497036,2.409366036
49_90_40_500_1,49,40,90,0.5,1,accel_gap_half,True,1.320304,True,True,,1.119309036,2.439613036
49_90_40_500_1,49,40,90,0.5,1,accel_gap_double,True,1.320304,True,True,,1.119309036,2.439613036
49_90_40_500_1,49,40,90,0.5,1,aux_gap_half,True,1.320304,True,True,,1.119309036,2.439613036
49_90_40_500_1,49,40,90,0.5,1,aux_gap_double,True,1.320304,True,True,,1.119309036,2.439613036
49_45_20_1000_0,49,20,45,1.0,0,current,True,4.3706689999999995,True,True,,0.298885,4.669554
49_45_20_1000_0,49,20,45,1.0,0,smoother_11,True,1.5914150000000002,True,True,,1.058949,2.650364
49_45_20_1000_0,49,20,45,1.0,0,smoother_31,True,4.31939,True,True,,0.329958,4.649348
49_45_20_1000_0,49,20,45,1.0,0,accel_gap_half,True,4.3706689999999995,True,True,,0.298885,4.669554
49_45_20_1000_0,49,20,45,1.0,0,accel_gap_double,True,4.3706689999999995,True,True,,0.298885,4.669554
49_45_20_1000_0,49,20,45,1.0,0,aux_gap_half,True,4.3706689999999995,True,True,,0.298885,4.669554
49_45_20_1000_0,49,20,45,1.0,0,aux_gap_double,True,4.3706689999999995,True,True,,0.298885,4.669554
49_45_20_1000_1,49,20,45,1.0,1,current,True,4.36885,True,True,,0.291097054,4.659947054
49_45_20_1000_1,49,20,45,1.0,1,smoother_11,True,1.340418,True,True,,2.609637054,3.950055054
49_45_20_1000_1,49,20,45,1.0,1,smoother_31,True,4.31015,True,True,,0.330085054,4.640235054
49_45_20_1000_1,49,20,45,1.0,1,accel_gap_half,True,4.36885,True,True,,0.291097054,4.659947054
49_45_20_1000_1,49,20,45,1.0,1,accel_gap_double,True,4.36885,True,True,,0.291097054,4.659947054
49_45_20_1000_1,49,20,45,1.0,1,aux_gap_half,True,4.36885,True,True,,0.291097054,4.659947054
49_45_20_1000_1,49,20,45,1.0,1,aux_gap_double,True,4.36885,True,True,,0.291097054,4.659947054
49_45_40_1000_0,49,40,45,1.0,0,current,True,2.120299,True,True,,0.299604516,2.419903516
49_45_40_1000_0,49,40,45,1.0,0,smoother_11,True,1.2694280000000002,True,True,,0.871039516,2.140467516
49_45_40_1000_0,49,40,45,1.0,0,smoother_31,True,2.059126,True,True,,0.330110516,2.389236516
49_45_40_1000_0,49,40,45,1.0,0,accel_gap_half,True,2.120299,True,True,,0.299604516,2.419903516
49_45_40_1000_0,49,40,45,1.0,0,accel_gap_double,True,2.120299,True,True,,0.299604516,2.419903516
49_45_40_1000_0,49,40,45,1.0,0,aux_gap_half,True,2.120299,True,True,,0.299604516,2.419903516
49_45_40_1000_0,49,40,45,1.0,0,aux_gap_double,True,2.120299,True,True,,0.299604516,2.419903516
49_45_40_1000_1,49,40,45,1.0,1,current,True,2.120655,True,True,,0.288760439,2.409415439
49_45_40_1000_1,49,40,45,1.0,1,smoother_11,True,0.5506139999999999,True,False,,0.259638439,0.810252439
49_45_40_1000_1,49,40,45,1.0,1,smoother_31,True,2.058555,True,True,,0.321001439,2.379556439
49_45_40_1000_1,49,40,45,1.0,1,accel_gap_half,True,2.120655,True,True,,0.288760439,2.409415439
49_45_40_1000_1,49,40,45,1.0,1,accel_gap_double,True,2.120655,True,True,,0.288760439,2.409415439
49_45_40_1000_1,49,40,45,1.0,1,aux_gap_half,True,2.120655,True,True,,0.288760439,2.409415439
49_45_40_1000_1,49,40,45,1.0,1,aux_gap_double,True,2.120655,True,True,,0.288760439,2.409415439
49_45_60_1000_0,49,60,45,1.0,0,current,True,0.8194509999999999,True,False,,0.310702008,1.130153008
49_45_60_1000_0,49,60,45,1.0,0,smoother_11,True,0.7798150000000001,True,False,,0.279372008,1.059187008
49_45_60_1000_0,49,60,45,1.0,0,smoother_31,True,1.300994,True,True,,0.339605008,1.640599008
49_45_60_1000_0,49,60,45,1.0,0,accel_gap_half,True,0.8194509999999999,True,False,,0.310702008,1.130153008
49_45_60_1000_0,49,60,45,1.0,0,accel_gap_double,True,0.8194509999999999,True,False,,0.310702008,1.130153008
49_45_60_1000_0,49,60,45,1.0,0,aux_gap_half,True,0.8194509999999999,True,False,,0.310702008,1.130153008
49_45_60_1000_0,49,60,45,1.0,0,aux_gap_double,True,0.8194509999999999,True,False,,0.310702008,1.130153008
49_45_60_1000_1,49,60,45,1.0,1,current,True,1.3601830000000001,True,True,,0.320443999,1.680626999
49_45_60_1000_1,49,60,45,1.0,1,smoother_11,True,0.590338,True,False,,1.120439999,1.710777999
49_45_60_1000_1,49,60,45,1.0,1,smoother_31,True,1.2895969999999999,True,True,,0.350325999,1.639922999
49_45_60_1000_1,49,60,45,1.0,1,accel_gap_half,True,1.3601830000000001,True,True,,0.320443999,1.680626999
49_45_60_1000_1,49,60,45,1.0,1,accel_gap_double,True,1.3601830000000001,True,True,,0.320443999,1.680626999
49_45_60_1000_1,49,60,45,1.0,1,aux_gap_half,True,1.3601830000000001,True,True,,0.320443999,1.680626999
49_45_60_1000_1,49,60,45,1.0,1,aux_gap_double,True,1.3601830000000001,True,True,,0.320443999,1.680626999
49_90_20_1000_0,49,20,90,1.0,0,current,True,2.2289489999999996,True,True,,2.450187,4.679136
49_90_20_1000_0,49,20,90,1.0,0,smoother_11,True,0.8306960000000001,True,False,,1.479991,2.310687
49_90_20_1000_0,49,20,90,1.0,0,smoother_31,True,4.31996,True,True,,0.330003,4.649963
49_90_20_1000_0,49,20,90,1.0,0,accel_gap_half,True,2.2289489999999996,True,True,,2.450187,4.679136
49_90_20_1000_0,49,20,90,1.0,0,accel_gap_double,True,2.2289489999999996,True,True,,2.450187,4.679136
49_90_20_1000_0,49,20,90,1.0,0,aux_gap_half,True,2.2289489999999996,True,True,,2.450187,4.679136
49_90_20_1000_0,49,20,90,1.0,0,aux_gap_double,True,2.2289489999999996,True,True,,2.450187,4.679136
49_90_20_1000_1,49,20,90,1.0,1,current,True,4.411436,True,True,,0.298923856,4.710359856
49_90_20_1000_1,49,20,90,1.0,1,smoother_11,True,2.9083719999999995,True,True,,1.360340856,4.268712856
49_90_20_1000_1,49,20,90,1.0,1,smoother_31,True,4.3413699999999995,True,True,,0.339262856,4.680632856
49_90_20_1000_1,49,20,90,1.0,1,accel_gap_half,True,4.411436,True,True,,0.298923856,4.710359856
49_90_20_1000_1,49,20,90,1.0,1,accel_gap_double,True,4.411436,True,True,,0.298923856,4.710359856
49_90_20_1000_1,49,20,90,1.0,1,aux_gap_half,True,4.411436,True,True,,0.298923856,4.710359856
49_90_20_1000_1,49,20,90,1.0,1,aux_gap_double,True,4.411436,True,True,,0.298923856,4.710359856
49_90_40_1000_0,49,40,90,1.0,0,current,True,2.0989389999999997,True,True,,0.3208,2.419739
49_90_40_1000_0,49,40,90,1.0,0,smoother_11,True,0.7602660000000001,True,False,,1.030414,1.79068
49_90_40_1000_0,49,40,90,1.0,0,smoother_31,True,2.049791,True,True,,0.350162,2.399953
49_90_40_1000_0,49,40,90,1.0,0,accel_gap_half,True,2.0989389999999997,True,True,,0.3208,2.419739
49_90_40_1000_0,49,40,90,1.0,0,accel_gap_double,True,2.0989389999999997,True,True,,0.3208,2.419739
49_90_40_1000_0,49,40,90,1.0,0,aux_gap_half,True,2.0989389999999997,True,True,,0.3208,2.419739
49_90_40_1000_0,49,40,90,1.0,0,aux_gap_double,True,2.0989389999999997,True,True,,0.3208,2.419739
49_90_40_1000_1,49,40,90,1.0,1,current,True,2.12,True,True,,0.320242832,2.440242832
49_90_40_1000_1,49,40,90,1.0,1,smoother_11,True,0.68048,True,False,,1.790306832,2.470786832
49_90_40_1000_1,49,40,90,1.0,1,smoother_31,True,2.070754,True,True,,0.339722832,2.410476832
49_90_40_1000_1,49,40,90,1.0,1,accel_gap_half,True,2.12,True,True,,0.320242832,2.440242832
49_90_40_1000_1,49,40,90,1.0,1,accel_gap_double,True,2.12,True,True,,0.320242832,2.440242832
49_90_40_1000_1,49,40,90,1.0,1,aux_gap_half,True,2.12,True,True,,0.320242832,2.440242832
49_90_40_1000_1,49,40,90,1.0,1,aux_gap_double,True,2.12,True,True,,0.320242832,2.440242832
49_90_60_1000_0,49,60,90,1.0,0,current,True,1.371807,True,True,,0.309367,1.681174
49_90_60_1000_0,49,60,90,1.0,0,smoother_11,True,0.650707,True,False,,0.530355,1.181062
49_90_60_1000_0,49,60,90,1.0,0,smoother_31,True,1.3099150000000002,True,True,,0.349778,1.659693
49_90_60_1000_0,49,60,90,1.0,0,accel_gap_half,True,1.371807,True,True,,0.309367,1.681174
49_90_60_1000_0,49,60,90,1.0,0,accel_gap_double,True,1.371807,True,True,,0.309367,1.681174
49_90_60_1000_0,49,60,90,1.0,0,aux_gap_half,True,1.371807,True,True,,0.309367,1.681174
49_90_60_1000_0,49,60,90,1.0,0,aux_gap_double,True,1.371807,True,True,,0.309367,1.681174
49_90_60_1000_1,49,60,90,1.0,1,current,True,1.359284,True,True,,0.310699,1.669983
49_90_60_1000_1,49,60,90,1.0,1,smoother_11,True,0.999266,True,False,,0.701257,1.700523
49_90_60_1000_1,49,60,90,1.0,1,smoother_31,True,1.3013590000000002,True,True,,0.339222,1.640581
49_90_60_1000_1,49,60,90,1.0,1,accel_gap_half,True,1.359284,True,True,,0.310699,1.669983
49_90_60_1000_1,49,60,90,1.0,1,accel_gap_double,True,1.359284,True,True,,0.310699,1.669983
49_90_60_1000_1,49,60,90,1.0,1,aux_gap_half,True,1.359284,True,True,,0.310699,1.669983
49_90_60_1000_1,49,60,90,1.0,1,aux_gap_double,True,1.359284,True,True,,0.310699,1.669983
65_0_40_500_0,65,40,0,0.5,0,current,True,1.288533,True,True,,0.311183,1.599716
65_0_40_500_0,65,40,0,0.5,0,smoother_11,True,0.8286669999999999,True,False,,0.27076,1.099427
65_0_40_500_0,65,40,0,0.5,0,smoother_31,True,2.060699,True,True,,0.339696,2.400395
65_0_40_500_0,65,40,0,0.5,0,accel_gap_half,True,1.288533,True,True,,0.311183,1.599716
65_0_40_500_0,65,40,0,0.5,0,accel_gap_double,True,1.288533,True,True,,0.311183,1.599716
65_0_40_500_0,65,40,0,0.5,0,aux_gap_half,True,1.288533,True,True,,0.311183,1.599716
65_0_40_500_0,65,40,0,0.5,0,aux_gap_double,True,1.288533,True,True,,0.311183,1.599716
65_0_40_500_1,65,40,0,0.5,1,current,True,2.110537,True,True,,0.318969719,2.429506719
65_0_40_500_1,65,40,0,0.5,1,smoother_11,True,0.8506580000000001,True,False,,1.160203719,2.010861719
65_0_40_500_1,65,40,0,0.5,1,smoother_31,True,2.050073,True,True,,0.339487719,2.389560719
65_0_40_500_1,65,40,0,0.5,1,accel_gap_half,True,2.110537,True,True,,0.318969719,2.429506719
65_0_40_500_1,65,40,0,0.5,1,accel_gap_double,True,2.110537,True,True,,0.318969719,2.429506719
65_0_40_500_1,65,40,0,0.5,1,aux_gap_half,True,2.110537,True,True,,0.318969719,2.429506719
65_0_40_500_1,65,40,0,0.5,1,aux_gap_double,True,2.110537,True,True,,0.318969719,2.429506719
65_0_20_500_0,65,20,0,0.5,0,current,True,3.9595970000000005,True,True,,0.300051,4.259648
65_0_20_500_0,65,20,0,0.5,0,smoother_11,True,0.8196269999999997,True,False,,3.039648,3.859275
65_0_20_500_0,65,20,0,0.5,0,smoother_31,True,4.359812000000001,True,True,,0.320358,4.68017
65_0_20_500_0,65,20,0,0.5,0,accel_gap_half,True,3.9595970000000005,True,True,,0.300051,4.259648
65_0_20_500_0,65,20,0,0.5,0,accel_gap_double,True,3.9595970000000005,True,True,,0.300051,4.259648
65_0_20_500_0,65,20,0,0.5,0,aux_gap_half,True,3.9595970000000005,True,True,,0.300051,4.259648
65_0_20_500_0,65,20,0,0.5,0,aux_gap_double,True,3.9595970000000005,True,True,,0.300051,4.259648
65_0_20_500_1,65,20,0,0.5,1,current,True,4.3883280000000005,True,True,,0.301039541,4.689367541
65_0_20_500_1,65,20,0,0.5,1,smoother_11,True,1.1886180000000002,True,True,,1.161037541,2.349655541
65_0_20_500_1,65,20,0,0.5,1,smoother_31,True,4.33198,True,True,,0.328916541,4.660896541
65_0_20_500_1,65,20,0,0.5,1,accel_gap_half,True,4.3883280000000005,True,True,,0.301039541,4.689367541
65_0_20_500_1,65,20,0,0.5,1,accel_gap_double,True,4.3883280000000005,True,True,,0.301039541,4.689367541
65_0_20_500_1,65,20,0,0.5,1,aux_gap_half,True,4.3883280000000005,True,True,,0.301039541,4.689367541
65_0_20_500_1,65,20,0,0.5,1,aux_gap_double,True,4.3883280000000005,True,True,,0.301039541,4.689367541
65_0_40_1000_0,65,40,0,1.0,0,current,True,1.599526,True,True,,0.859669296,2.459195296
65_0_40_1000_0,65,40,0,1.0,0,smoother_11,True,0.36058900000000005,False,False,,0.419456296,0.780045296
65_0_40_1000_0,65,40,0,1.0,0,smoother_31,True,2.069881,True,True,,0.359240296,2.429121296
65_0_40_1000_0,65,40,0,1.0,0,accel_gap_half,True,1.599526,True,True,,0.859669296,2.459195296
65_0_40_1000_0,65,40,0,1.0,0,accel_gap_double,True,1.599526,True,True,,0.859669296,2.459195296
65_0_40_1000_0,65,40,0,1.0,0,aux_gap_half,True,1.599526,True,True,,0.859669296,2.459195296
65_0_40_1000_0,65,40,0,1.0,0,aux_gap_double,True,1.599526,True,True,,0.859669296,2.459195296
65_0_40_1000_1,65,40,0,1.0,1,current,True,1.9891510000000001,True,True,,0.330599,2.31975
65_0_40_1000_1,65,40,0,1.0,1,smoother_11,True,0.749593,True,False,,1.52028,2.269873
65_0_40_1000_1,65,40,0,1.0,1,smoother_31,True,2.058977,True,True,,0.360561,2.419538
65_0_40_1000_1,65,40,0,1.0,1,accel_gap_half,True,1.9891510000000001,True,True,,0.330599,2.31975
65_0_40_1000_1,65,40,0,1.0,1,accel_gap_double,True,1.9891510000000001,True,True,,0.330599,2.31975
65_0_40_1000_1,65,40,0,1.0,1,aux_gap_half,True,1.9891510000000001,True,True,,0.330599,2.31975
65_0_40_1000_1,65,40,0,1.0,1,aux_gap_double,True,1.9891510000000001,True,True,,0.330599,2.31975
65_90_40_500_0,65,40,90,0.5,0,current,True,1.300938,True,True,,0.289900332,1.590838332
65_90_40_500_0,65,40,90,0.5,0,smoother_11,True,0.47019199999999994,False,False,,1.980700332,2.450892332
65_90_40_500_0,65,40,90,0.5,0,smoother_31,True,2.061943,True,True,,0.328834332,2.390777332
65_90_40_500_0,65,40,90,0.5,0,accel_gap_half,True,1.300938,True,True,,0.289900332,1.590838332
65_90_40_500_0,65,40,90,0.5,0,accel_gap_double,True,1.300938,True,True,,0.289900332,1.590838332
65_90_40_500_0,65,40,90,0.5,0,aux_gap_half,True,1.300938,True,True,,0.289900332,1.590838332
65_90_40_500_0,65,40,90,0.5,0,aux_gap_double,True,1.300938,True,True,,0.289900332,1.590838332
65_90_40_500_1,65,40,90,0.5,1,current,True,2.130109,True,True,,0.289755048,2.419864048
65_90_40_500_1,65,40,90,0.5,1,smoother_11,True,1.220684,True,True,,1.230192048,2.450876048
65_90_40_500_1,65,40,90,0.5,1,smoother_31,True,2.059315,True,True,,0.329744048,2.389059048
65_90_40_500_1,65,40,90,0.5,1,accel_gap_half,True,2.130109,True,True,,0.289755048,2.419864048
65_90_40_500_1,65,40,90,0.5,1,accel_gap_double,True,2.130109,True,True,,0.289755048,2.419864048
65_90_40_500_1,65,40,90,0.5,1,aux_gap_half,True,2.130109,True,True,,0.289755048,2.419864048
65_90_40_500_1,65,40,90,0.5,1,aux_gap_double,True,2.130109,True,True,,0.289755048,2.419864048
65_45_20_1000_0,65,20,45,1.0,0,current,True,4.370952,True,True,,0.299613513,4.670565513
65_45_20_1000_0,65,20,45,1.0,0,smoother_11,True,1.028658,True,True,,2.830648513,3.859306513
65_45_20_1000_0,65,20,45,1.0,0,smoother_31,True,4.299946,True,True,,0.340307513,4.640253513
65_45_20_1000_0,65,20,45,1.0,0,accel_gap_half,True,4.370952,True,True,,0.299613513,4.670565513
65_45_20_1000_0,65,20,45,1.0,0,accel_gap_double,True,4.370952,True,True,,0.299613513,4.670565513
65_45_20_1000_0,65,20,45,1.0,0,aux_gap_half,True,4.370952,True,True,,0.299613513,4.670565513
65_45_20_1000_0,65,20,45,1.0,0,aux_gap_double,True,4.370952,True,True,,0.299613513,4.670565513
65_45_20_1000_1,65,20,45,1.0,1,current,True,4.188704,True,True,,0.290518998,4.479222998
65_45_20_1000_1,65,20,45,1.0,1,smoother_11,True,1.3307989999999998,True,True,,2.549989998,3.880788998
65_45_20_1000_1,65,20,45,1.0,1,smoother_31,True,4.319549,True,True,,0.330975998,4.650524998
65_45_20_1000_1,65,20,45,1.0,1,accel_gap_half,True,4.188704,True,True,,0.290518998,4.479222998
65_45_20_1000_1,65,20,45,1.0,1,accel_gap_double,True,4.188704,True,True,,0.290518998,4.479222998
65_45_20_1000_1,65,20,45,1.0,1,aux_gap_half,True,4.188704,True,True,,0.290518998,4.479222998
65_45_20_1000_1,65,20,45,1.0,1,aux_gap_double,True,4.188704,True,True,,0.290518998,4.479222998
65_45_40_1000_0,65,40,45,1.0,0,current,True,2.1298500000000002,True,True,,0.280175,2.410025
65_45_40_1000_0,65,40,45,1.0,0,smoother_11,True,0.5493690000000002,True,False,,1.770665,2.320034
65_45_40_1000_0,65,40,45,1.0,0,smoother_31,True,2.0684549999999997,True,True,,0.311214,2.379669
65_45_40_1000_0,65,40,45,1.0,0,accel_gap_half,True,2.1298500000000002,True,True,,0.280175,2.410025
65_45_40_1000_0,65,40,45,1.0,0,accel_gap_double,True,2.1298500000000002,True,True,,0.280175,2.410025
65_45_40_1000_0,65,40,45,1.0,0,aux_gap_half,True,2.1298500000000002,True,True,,0.280175,2.410025
65_45_40_1000_0,65,40,45,1.0,0,aux_gap_double,True,2.1298500000000002,True,True,,0.280175,2.410025
65_45_40_1000_1,65,40,45,1.0,1,current,True,1.078744,True,True,,0.290343,1.369087
65_45_40_1000_1,65,40,45,1.0,1,smoother_11,True,0.6588,True,False,,0.26033,0.91913
65_45_40_1000_1,65,40,45,1.0,1,smoother_31,True,2.048952,True,True,,0.320431,2.369383
65_45_40_1000_1,65,40,45,1.0,1,accel_gap_half,True,1.078744,True,True,,0.290343,1.369087
65_45_40_1000_1,65,40,45,1.0,1,accel_gap_double,True,1.078744,True,True,,0.290343,1.369087
65_45_40_1000_1,65,40,45,1.0,1,aux_gap_half,True,1.078744,True,True,,0.290343,1.369087
65_45_40_1000_1,65,40,45,1.0,1,aux_gap_double,True,1.078744,True,True,,0.290343,1.369087
65_45_60_1000_0,65,60,45,1.0,0,current,True,1.359315,True,True,,0.310451799,1.669766799
65_45_60_1000_0,65,60,45,1.0,0,smoother_11,True,0.47152800000000006,False,False,,0.279630799,0.751158799
65_45_60_1000_0,65,60,45,1.0,0,smoother_31,True,1.29951,True,True,,0.340831799,1.640341799
65_45_60_1000_0,65,60,45,1.0,0,accel_gap_half,True,1.359315,True,True,,0.310451799,1.669766799
65_45_60_1000_0,65,60,45,1.0,0,accel_gap_double,True,1.359315,True,True,,0.310451799,1.669766799
65_45_60_1000_0,65,60,45,1.0,0,aux_gap_half,True,1.359315,True,True,,0.310451799,1.669766799
65_45_60_1000_0,65,60,45,1.0,0,aux_gap_double,True,1.359315,True,True,,0.310451799,1.669766799
65_45_60_1000_1,65,60,45,1.0,1,current,True,1.341734,True,True,,0.308986,1.65072
65_45_60_1000_1,65,60,45,1.0,1,smoother_11,True,0.49842699999999995,False,False,,1.061009,1.559436
65_45_60_1000_1,65,60,45,1.0,1,smoother_31,True,1.2795919999999998,True,True,,0.33044,1.610032
65_45_60_1000_1,65,60,45,1.0,1,accel_gap_half,True,1.341734,True,True,,0.308986,1.65072
65_45_60_1000_1,65,60,45,1.0,1,accel_gap_double,True,1.341734,True,True,,0.308986,1.65072
65_45_60_1000_1,65,60,45,1.0,1,aux_gap_half,True,1.341734,True,True,,0.308986,1.65072
65_45_60_1000_1,65,60,45,1.0,1,aux_gap_double,True,1.341734,True,True,,0.308986,1.65072
65_90_20_1000_0,65,20,90,1.0,0,current,True,4.400113,True,True,,0.290684,4.690797
65_90_20_1000_0,65,20,90,1.0,0,smoother_11,True,1.5604249999999997,True,True,,1.389766,2.950191
65_90_20_1000_0,65,20,90,1.0,0,smoother_31,True,4.350912,True,True,,0.309361,4.660273
65_90_20_1000_0,65,20,90,1.0,0,accel_gap_half,True,4.400113,True,True,,0.290684,4.690797
65_90_20_1000_0,65,20,90,1.0,0,accel_gap_double,True,4.400113,True,True,,0.290684,4.690797
65_90_20_1000_0,65,20,90,1.0,0,aux_gap_half,True,4.400113,True,True,,0.290684,4.690797
65_90_20_1000_0,65,20,90,1.0,0,aux_gap_double,True,4.400113,True,True,,0.290684,4.690797
65_90_20_1000_1,65,20,90,1.0,1,current,True,2.329593,True,True,,0.890224924,3.219817924
65_90_20_1000_1,65,20,90,1.0,1,smoother_11,True,0.831432,True,False,,3.599401924,4.430833924
65_90_20_1000_1,65,20,90,1.0,1,smoother_31,True,4.351196,True,True,,0.329337924,4.680533924
65_90_20_1000_1,65,20,90,1.0,1,accel_gap_half,True,2.329593,True,True,,0.890224924,3.219817924
65_90_20_1000_1,65,20,90,1.0,1,accel_gap_double,True,2.329593,True,True,,0.890224924,3.219817924
65_90_20_1000_1,65,20,90,1.0,1,aux_gap_half,True,2.329593,True,True,,0.890224924,3.219817924
65_90_20_1000_1,65,20,90,1.0,1,aux_gap_double,True,2.329593,True,True,,0.890224924,3.219817924
65_90_40_1000_0,65,40,90,1.0,0,current,True,2.13951,True,True,,0.299033809,2.438543809
65_90_40_1000_0,65,40,90,1.0,0,smoother_11,True,0.7808870000000001,True,False,,1.689615809,2.470502809
65_90_40_1000_0,65,40,90,1.0,0,smoother_31,True,2.069103,True,True,,0.329950809,2.399053809
65_90_40_1000_0,65,40,90,1.0,0,accel_gap_half,True,2.13951,True,True,,0.299033809,2.438543809
65_90_40_1000_0,65,40,90,1.0,0,accel_gap_double,True,2.13951,True,True,,0.299033809,2.438543809
65_90_40_1000_0,65,40,90,1.0,0,aux_gap_half,True,2.13951,True,True,,0.299033809,2.438543809
65_90_40_1000_0,65,40,90,1.0,0,aux_gap_double,True,2.13951,True,True,,0.299033809,2.438543809
65_90_40_1000_1,65,40,90,1.0,1,current,True,2.130866,True,True,,0.309726,2.440592
65_90_40_1000_1,65,40,90,1.0,1,smoother_11,True,0.5706749999999999,True,False,,0.600359,1.171034
65_90_40_1000_1,65,40,90,1.0,1,smoother_31,True,2.059076,True,True,,0.341182,2.400258
65_90_40_1000_1,65,40,90,1.0,1,accel_gap_half,True,2.130866,True,True,,0.309726,2.440592
65_90_40_1000_1,65,40,90,1.0,1,accel_gap_double,True,2.130866,True,True,,0.309726,2.440592
65_90_40_1000_1,65,40,90,1.0,1,aux_gap_half,True,2.130866,True,True,,0.309726,2.440592
65_90_40_1000_1,65,40,90,1.0,1,aux_gap_double,True,2.130866,True,True,,0.309726,2.440592
65_90_60_1000_0,65,60,90,1.0,0,current,True,1.371443,True,True,,0.318616607,1.690059607
65_90_60_1000_0,65,60,90,1.0,0,smoother_11,True,0.8213729999999999,True,False,,0.289302607,1.110675607
65_90_60_1000_0,65,60,90,1.0,0,smoother_31,True,1.310737,True,True,,0.348956607,1.659693607
65_90_60_1000_0,65,60,90,1.0,0,accel_gap_half,True,1.371443,True,True,,0.318616607,1.690059607
65_90_60_1000_0,65,60,90,1.0,0,accel_gap_double,True,1.371443,True,True,,0.318616607,1.690059607
65_90_60_1000_0,65,60,90,1.0,0,aux_gap_half,True,1.371443,True,True,,0.318616607,1.690059607
65_90_60_1000_0,65,60,90,1.0,0,aux_gap_double,True,1.371443,True,True,,0.318616607,1.690059607
65_90_60_1000_1,65,60,90,1.0,1,current,True,1.3504289999999999,True,True,,0.320324,1.670753
65_90_60_1000_1,65,60,90,1.0,1,smoother_11,True,0.25872799999999985,False,False,,1.441194,1.699922
65_90_60_1000_1,65,60,90,1.0,1,smoother_31,True,1.299611,True,True,,0.351093,1.650704
65_90_60_1000_1,65,60,90,1.0,1,accel_gap_half,True,1.3504289999999999,True,True,,0.320324,1.670753
65_90_60_1000_1,65,60,90,1.0,1,accel_gap_double,True,1.3504289999999999,True,True,,0.320324,1.670753
65_90_60_1000_1,65,60,90,1.0,1,aux_gap_half,True,1.3504289999999999,True,True,,0.320324,1.670753
65_90_60_1000_1,65,60,90,1.0,1,aux_gap_double,True,1.3504289999999999,True,True,,0.320324,1.670753
74_0_40_500_0,74,40,0,0.5,0,current,True,2.1203499999999997,True,True,,0.28945298,2.40980298
74_0_40_500_0,74,40,0,0.5,0,smoother_11,True,1.43953,True,True,,0.50991198,1.94944198
74_0_40_500_0,74,40,0,0.5,0,smoother_31,True,2.061254,True,True,,0.31874798,2.38000198
74_0_40_500_0,74,40,0,0.5,0,accel_gap_half,True,2.1203499999999997,True,True,,0.28945298,2.40980298
74_0_40_500_0,74,40,0,0.5,0,accel_gap_double,True,2.1203499999999997,True,True,,0.28945298,2.40980298
74_0_40_500_0,74,40,0,0.5,0,aux_gap_half,True,2.1203499999999997,True,True,,0.28945298,2.40980298
74_0_40_500_0,74,40,0,0.5,0,aux_gap_double,True,2.1203499999999997,True,True,,0.28945298,2.40980298
74_0_40_500_1,74,40,0,0.5,1,current,True,2.130479,True,True,,0.289773281,2.420252281
74_0_40_500_1,74,40,0,0.5,1,smoother_11,True,0.34144399999999986,False,False,,1.118669281,1.460113281
74_0_40_500_1,74,40,0,0.5,1,smoother_31,True,2.061595,True,True,,0.329117281,2.390712281
74_0_40_500_1,74,40,0,0.5,1,accel_gap_half,True,2.130479,True,True,,0.289773281,2.420252281
74_0_40_500_1,74,40,0,0.5,1,accel_gap_double,True,2.130479,True,True,,0.289773281,2.420252281
74_0_40_500_1,74,40,0,0.5,1,aux_gap_half,True,2.130479,True,True,,0.289773281,2.420252281
74_0_40_500_1,74,40,0,0.5,1,aux_gap_double,True,2.130479,True,True,,0.289773281,2.420252281
74_0_20_500_0,74,20,0,0.5,0,current,True,4.410057999999999,True,True,,0.280724,4.690782
74_0_20_500_0,74,20,0,0.5,0,smoother_11,True,1.0598619999999999,True,True,,2.939716,3.999578
74_0_20_500_0,74,20,0,0.5,0,smoother_31,True,4.330394999999999,True,True,,0.329303,4.659698
74_0_20_500_0,74,20,0,0.5,0,accel_gap_half,True,4.410057999999999,True,True,,0.280724,4.690782
74_0_20_500_0,74,20,0,0.5,0,accel_gap_double,True,4.410057999999999,True,True,,0.280724,4.690782
74_0_20_500_0,74,20,0,0.5,0,aux_gap_half,True,4.410057999999999,True,True,,0.280724,4.690782
74_0_20_500_0,74,20,0,0.5,0,aux_gap_double,True,4.410057999999999,True,True,,0.280724,4.690782
74_0_20_500_1,74,20,0,0.5,1,current,True,4.299068,True,True,,0.4002,4.699268
74_0_20_500_1,74,20,0,0.5,1,smoother_11,True,0.5215049999999999,True,False,,3.959317,4.480822
74_0_20_500_1,74,20,0,0.5,1,smoother_31,True,4.340483,True,True,,0.32956,4.670043
74_0_20_500_1,74,20,0,0.5,1,accel_gap_half,True,4.299068,True,True,,0.4002,4.699268
74_0_20_500_1,74,20,0,0.5,1,accel_gap_double,True,4.299068,True,True,,0.4002,4.699268
74_0_20_500_1,74,20,0,0.5,1,aux_gap_half,True,4.299068,True,True,,0.4002,4.699268
74_0_20_500_1,74,20,0,0.5,1,aux_gap_double,True,4.299068,True,True,,0.4002,4.699268
74_0_40_1000_0,74,40,0,1.0,0,current,True,1.468826,True,True,,0.950311231,2.419137231
74_0_40_1000_0,74,40,0,1.0,0,smoother_11,True,0.5898160000000001,True,False,,1.860549231,2.450365231
74_0_40_1000_0,74,40,0,1.0,0,smoother_31,True,2.059467,True,True,,0.320064231,2.379531231
74_0_40_1000_0,74,40,0,1.0,0,accel_gap_half,True,1.468826,True,True,,0.950311231,2.419137231
74_0_40_1000_0,74,40,0,1.0,0,accel_gap_double,True,1.468826,True,True,,0.950311231,2.419137231
74_0_40_1000_0,74,40,0,1.0,0,aux_gap_half,True,1.468826,True,True,,0.950311231,2.419137231
74_0_40_1000_0,74,40,0,1.0,0,aux_gap_double,True,1.468826,True,True,,0.950311231,2.419137231
74_0_40_1000_1,74,40,0,1.0,1,current,True,1.899104,True,True,,0.510329731,2.409433731
74_0_40_1000_1,74,40,0,1.0,1,smoother_11,True,0.9716650000000001,True,False,,0.939176731,1.910841731
74_0_40_1000_1,74,40,0,1.0,1,smoother_31,True,2.060313,True,True,,0.319588731,2.379901731
74_0_40_1000_1,74,40,0,1.0,1,accel_gap_half,True,1.899104,True,True,,0.510329731,2.409433731
74_0_40_1000_1,74,40,0,1.0,1,accel_gap_double,True,1.899104,True,True,,0.510329731,2.409433731
74_0_40_1000_1,74,40,0,1.0,1,aux_gap_half,True,1.899104,True,True,,0.510329731,2.409433731
74_0_40_1000_1,74,40,0,1.0,1,aux_gap_double,True,1.899104,True,True,,0.510329731,2.409433731
74_90_40_500_0,74,40,90,0.5,0,current,True,2.1095219999999997,True,True,,0.310637616,2.420159616
74_90_40_500_0,74,40,90,0.5,0,smoother_11,True,1.1307450000000001,True,True,,1.320170616,2.450915616
74_90_40_500_0,74,40,90,0.5,0,smoother_31,True,2.05028,True,True,,0.339701616,2.389981616
74_90_40_500_0,74,40,90,0.5,0,accel_gap_half,True,2.1095219999999997,True,True,,0.310637616,2.420159616
74_90_40_500_0,74,40,90,0.5,0,accel_gap_double,True,2.1095219999999997,True,True,,0.310637616,2.420159616
74_90_40_500_0,74,40,90,0.5,0,aux_gap_half,True,2.1095219999999997,True,True,,0.310637616,2.420159616
74_90_40_500_0,74,40,90,0.5,0,aux_gap_double,True,2.1095219999999997,True,True,,0.310637616,2.420159616
74_90_40_500_1,74,40,90,0.5,1,current,True,2.121347,True,True,,0.289594233,2.410941233
74_90_40_500_1,74,40,90,0.5,1,smoother_11,True,0.8302769999999999,True,False,,1.619761233,2.450038233
74_90_40_500_1,74,40,90,0.5,1,smoother_31,True,2.05082,True,True,,0.328861233,2.379681233
74_90_40_500_1,74,40,90,0.5,1,accel_gap_half,True,2.121347,True,True,,0.289594233,2.410941233
74_90_40_500_1,74,40,90,0.5,1,accel_gap_double,True,2.121347,True,True,,0.289594233,2.410941233
74_90_40_500_1,74,40,90,0.5,1,aux_gap_half,True,2.121347,True,True,,0.289594233,2.410941233
74_90_40_500_1,74,40,90,0.5,1,aux_gap_double,True,2.121347,True,True,,0.289594233,2.410941233
74_45_20_1000_0,74,20,45,1.0,0,current,True,3.300733,True,True,,1.369899,4.670632
74_45_20_1000_0,74,20,45,1.0,0,smoother_11,True,0.9913420000000004,True,False,,3.669402,4.660744
74_45_20_1000_0,74,20,45,1.0,0,smoother_31,True,4.309168,True,True,,0.329815,4.638983
74_45_20_1000_0,74,20,45,1.0,0,accel_gap_half,True,3.300733,True,True,,1.369899,4.670632
74_45_20_1000_0,74,20,45,1.0,0,accel_gap_double,True,3.300733,True,True,,1.369899,4.670632
74_45_20_1000_0,74,20,45,1.0,0,aux_gap_half,True,3.300733,True,True,,1.369899,4.670632
74_45_20_1000_0,74,20,45,1.0,0,aux_gap_double,True,3.300733,True,True,,1.369899,4.670632
74_45_20_1000_1,74,20,45,1.0,1,current,True,4.36891,True,True,,0.300566336,4.669476336
74_45_20_1000_1,74,20,45,1.0,1,smoother_11,True,1.329786,True,True,,2.599651336,3.929437336
74_45_20_1000_1,74,20,45,1.0,1,smoother_31,True,4.319278,True,True,,0.321139336,4.640417336
74_45_20_1000_1,74,20,45,1.0,1,accel_gap_half,True,4.36891,True,True,,0.300566336,4.669476336
74_45_20_1000_1,74,20,45,1.0,1,accel_gap_double,True,4.36891,True,True,,0.300566336,4.669476336
74_45_20_1000_1,74,20,45,1.0,1,aux_gap_half,True,4.36891,True,True,,0.300566336,4.669476336
74_45_20_1000_1,74,20,45,1.0,1,aux_gap_double,True,4.36891,True,True,,0.300566336,4.669476336
74_45_40_1000_0,74,40,45,1.0,0,current,True,2.189934,True,True,,0.31108,2.501014
74_45_40_1000_0,74,40,45,1.0,0,smoother_11,True,1.379692,True,True,,0.280211,1.659903
74_45_40_1000_0,74,40,45,1.0,0,smoother_31,True,2.161571,True,True,,0.339443,2.501014
74_45_40_1000_0,74,40,45,1.0,0,accel_gap_half,True,2.189934,True,True,,0.31108,2.501014
74_45_40_1000_0,74,40,45,1.0,0,accel_gap_double,True,2.189934,True,True,,0.31108,2.501014
74_45_40_1000_0,74,40,45,1.0,0,aux_gap_half,True,2.189934,True,True,,0.31108,2.501014
74_45_40_1000_0,74,40,45,1.0,0,aux_gap_double,True,2.189934,True,True,,0.31108,2.501014
74_45_40_1000_1,74,40,45,1.0,1,current,True,2.089421,True,True,,0.321453,2.410874
74_45_40_1000_1,74,40,45,1.0,1,smoother_11,True,0.480874,False,False,,0.380138,0.861012
74_45_40_1000_1,74,40,45,1.0,1,smoother_31,True,2.039873,True,True,,0.34982,2.389693
74_45_40_1000_1,74,40,45,1.0,1,accel_gap_half,True,2.089421,True,True,,0.321453,2.410874
74_45_40_1000_1,74,40,45,1.0,1,accel_gap_double,True,2.089421,True,True,,0.321453,2.410874
74_45_40_1000_1,74,40,45,1.0,1,aux_gap_half,True,2.089421,True,True,,0.321453,2.410874
74_45_40_1000_1,74,40,45,1.0,1,aux_gap_double,True,2.089421,True,True,,0.321453,2.410874
74_45_60_1000_0,74,60,45,1.0,0,current,True,1.3584100000000001,True,True,,0.310631038,1.669041038
74_45_60_1000_0,74,60,45,1.0,0,smoother_11,True,0.911324,True,False,,0.349259038,1.260583038
74_45_60_1000_0,74,60,45,1.0,0,smoother_31,True,1.30932,True,True,,0.340083038,1.649403038
74_45_60_1000_0,74,60,45,1.0,0,accel_gap_half,True,1.3584100000000001,True,True,,0.310631038,1.669041038
74_45_60_1000_0,74,60,45,1.0,0,accel_gap_double,True,1.3584100000000001,True,True,,0.310631038,1.669041038
74_45_60_1000_0,74,60,45,1.0,0,aux_gap_half,True,1.3584100000000001,True,True,,0.310631038,1.669041038
74_45_60_1000_0,74,60,45,1.0,0,aux_gap_double,True,1.3584100000000001,True,True,,0.310631038,1.669041038
74_45_60_1000_1,74,60,45,1.0,1,current,True,1.360452,True,True,,0.319601,1.680053
74_45_60_1000_1,74,60,45,1.0,1,smoother_11,True,0.48097100000000004,False,False,,1.089485,1.570456
74_45_60_1000_1,74,60,45,1.0,1,smoother_31,True,1.328872,True,True,,0.340188,1.66906
74_45_60_1000_1,74,60,45,1.0,1,accel_gap_half,True,1.360452,True,True,,0.319601,1.680053
74_45_60_1000_1,74,60,45,1.0,1,accel_gap_double,True,1.360452,True,True,,0.319601,1.680053
74_45_60_1000_1,74,60,45,1.0,1,aux_gap_half,True,1.360452,True,True,,0.319601,1.680053
74_45_60_1000_1,74,60,45,1.0,1,aux_gap_double,True,1.360452,True,True,,0.319601,1.680053
74_90_20_1000_0,74,20,90,1.0,0,current,True,2.47203,True,True,,0.279087831,2.751117831
74_90_20_1000_0,74,20,90,1.0,0,smoother_11,True,1.0805179999999999,True,True,,0.599927831,1.680445831
74_90_20_1000_0,74,20,90,1.0,0,smoother_31,True,4.358754,True,True,,0.300565831,4.659319831
74_90_20_1000_0,74,20,90,1.0,0,accel_gap_half,True,2.47203,True,True,,0.279087831,2.751117831
74_90_20_1000_0,74,20,90,1.0,0,accel_gap_double,True,2.47203,True,True,,0.279087831,2.751117831
74_90_20_1000_0,74,20,90,1.0,0,aux_gap_half,True,2.47203,True,True,,0.279087831,2.751117831
74_90_20_1000_0,74,20,90,1.0,0,aux_gap_double,True,2.47203,True,True,,0.279087831,2.751117831
74_90_20_1000_1,74,20,90,1.0,1,current,True,3.2503059999999997,True,True,,0.280378858,3.530684858
74_90_20_1000_1,74,20,90,1.0,1,smoother_11,True,0.8602120000000002,True,False,,2.620495858,3.480707858
74_90_20_1000_1,74,20,90,1.0,1,smoother_31,True,4.32974,True,True,,0.320720858,4.650460858
74_90_20_1000_1,74,20,90,1.0,1,accel_gap_half,True,3.2503059999999997,True,True,,0.280378858,3.530684858
74_90_20_1000_1,74,20,90,1.0,1,accel_gap_double,True,3.2503059999999997,True,True,,0.280378858,3.530684858
74_90_20_1000_1,74,20,90,1.0,1,aux_gap_half,True,3.2503059999999997,True,True,,0.280378858,3.530684858
74_90_20_1000_1,74,20,90,1.0,1,aux_gap_double,True,3.2503059999999997,True,True,,0.280378858,3.530684858
74_90_40_1000_0,74,40,90,1.0,0,current,True,2.1295740000000003,True,True,,0.30886765,2.43844165
74_90_40_1000_0,74,40,90,1.0,0,smoother_11,True,1.030484,True,True,,0.65884165,1.68932565
74_90_40_1000_0,74,40,90,1.0,0,smoother_31,True,2.069175,True,True,,0.33967865,2.40885365
74_90_40_1000_0,74,40,90,1.0,0,accel_gap_half,True,2.1295740000000003,True,True,,0.30886765,2.43844165
74_90_40_1000_0,74,40,90,1.0,0,accel_gap_double,True,2.1295740000000003,True,True,,0.30886765,2.43844165
74_90_40_1000_0,74,40,90,1.0,0,aux_gap_half,True,2.1295740000000003,True,True,,0.30886765,2.43844165
74_90_40_1000_0,74,40,90,1.0,0,aux_gap_double,True,2.1295740000000003,True,True,,0.30886765,2.43844165
74_90_40_1000_1,74,40,90,1.0,1,current,True,1.867991,True,True,,0.311084298,2.179075298
74_90_40_1000_1,74,40,90,1.0,1,smoother_11,True,0.42886100000000016,False,False,,1.250209298,1.679070298
74_90_40_1000_1,74,40,90,1.0,1,smoother_31,True,2.060997,True,True,,0.349121298,2.410118298
74_90_40_1000_1,74,40,90,1.0,1,accel_gap_half,True,1.867991,True,True,,0.311084298,2.179075298
74_90_40_1000_1,74,40,90,1.0,1,accel_gap_double,True,1.867991,True,True,,0.311084298,2.179075298
74_90_40_1000_1,74,40,90,1.0,1,aux_gap_half,True,1.867991,True,True,,0.311084298,2.179075298
74_90_40_1000_1,74,40,90,1.0,1,aux_gap_double,True,1.867991,True,True,,0.311084298,2.179075298
74_90_60_1000_0,74,60,90,1.0,0,current,True,1.3706150000000001,True,True,,0.319241154,1.689856154
74_90_60_1000_0,74,60,90,1.0,0,smoother_11,True,0.29906900000000003,False,False,,0.290698154,0.589767154
74_90_60_1000_0,74,60,90,1.0,0,smoother_31,True,1.300312,True,True,,0.358978154,1.659290154
74_90_60_1000_0,74,60,90,1.0,0,accel_gap_half,True,1.3706150000000001,True,True,,0.319241154,1.689856154
74_90_60_1000_0,74,60,90,1.0,0,accel_gap_double,True,1.3706150000000001,True,True,,0.319241154,1.689856154
74_90_60_1000_0,74,60,90,1.0,0,aux_gap_half,True,1.3706150000000001,True,True,,0.319241154,1.689856154
74_90_60_1000_0,74,60,90,1.0,0,aux_gap_double,True,1.3706150000000001,True,True,,0.319241154,1.689856154
74_90_60_1000_1,74,60,90,1.0,1,current,True,1.369884,True,True,,0.30958,1.679464
74_90_60_1000_1,74,60,90,1.0,1,smoother_11,True,0.798549,True,False,,0.91035,1.708899
74_90_60_1000_1,74,60,90,1.0,1,smoother_31,True,1.2997420000000002,True,True,,0.340547,1.640289
74_90_60_1000_1,74,60,90,1.0,1,accel_gap_half,True,1.369884,True,True,,0.30958,1.679464
74_90_60_1000_1,74,60,90,1.0,1,accel_gap_double,True,1.369884,True,True,,0.30958,1.679464
74_90_60_1000_1,74,60,90,1.0,1,aux_gap_half,True,1.369884,True,True,,0.30958,1.679464
74_90_60_1000_1,74,60,90,1.0,1,aux_gap_double,True,1.369884,True,True,,0.30958,1.679464
79_0_40_500_0,79,40,0,0.5,0,current,True,1.4712839999999998,True,True,,0.309427,1.780711
79_0_40_500_0,79,40,0,0.5,0,smoother_11,True,0.7196020000000001,True,False,,0.330176,1.049778
79_0_40_500_0,79,40,0,0.5,0,smoother_31,True,2.051088,True,True,,0.33926,2.390348
79_0_40_500_0,79,40,0,0.5,0,accel_gap_half,True,1.4712839999999998,True,True,,0.309427,1.780711
79_0_40_500_0,79,40,0,0.5,0,accel_gap_double,True,1.4712839999999998,True,True,,0.309427,1.780711
79_0_40_500_0,79,40,0,0.5,0,aux_gap_half,True,1.4712839999999998,True,True,,0.309427,1.780711
79_0_40_500_0,79,40,0,0.5,0,aux_gap_double,True,1.4712839999999998,True,True,,0.309427,1.780711
79_0_40_500_1,79,40,0,0.5,1,current,True,2.111075,True,True,,0.299001822,2.410076822
79_0_40_500_1,79,40,0,0.5,1,smoother_11,True,0.5401499999999999,True,False,,0.389741822,0.929891822
79_0_40_500_1,79,40,0,0.5,1,smoother_31,True,2.0387049999999998,True,True,,0.341120822,2.379825822
79_0_40_500_1,79,40,0,0.5,1,accel_gap_half,True,2.111075,True,True,,0.299001822,2.410076822
79_0_40_500_1,79,40,0,0.5,1,accel_gap_double,True,2.111075,True,True,,0.299001822,2.410076822
79_0_40_500_1,79,40,0,0.5,1,aux_gap_half,True,2.111075,True,True,,0.299001822,2.410076822
79_0_40_500_1,79,40,0,0.5,1,aux_gap_double,True,2.111075,True,True,,0.299001822,2.410076822
79_0_20_500_0,79,20,0,0.5,0,current,True,4.419192,True,True,,0.290570109,4.709762109
79_0_20_500_0,79,20,0,0.5,0,smoother_11,True,0.9008570000000002,True,False,,2.229897109,3.130754109
79_0_20_500_0,79,20,0,0.5,0,smoother_31,True,4.349302,True,True,,0.320820109,4.670122109
79_0_20_500_0,79,20,0,0.5,0,accel_gap_half,True,4.419192,True,True,,0.290570109,4.709762109
79_0_20_500_0,79,20,0,0.5,0,accel_gap_double,True,4.419192,True,True,,0.290570109,4.709762109
79_0_20_500_0,79,20,0,0.5,0,aux_gap_half,True,4.419192,True,True,,0.290570109,4.709762109
79_0_20_500_0,79,20,0,0.5,0,aux_gap_double,True,4.419192,True,True,,0.290570109,4.709762109
79_0_20_500_1,79,20,0,0.5,1,current,True,4.160797,True,True,,0.539562,4.700359
79_0_20_500_1,79,20,0,0.5,1,smoother_11,True,0.5512949999999996,True,False,,4.029833,4.581128
79_0_20_500_1,79,20,0,0.5,1,smoother_31,True,4.3500250000000005,True,True,,0.310598,4.660623
79_0_20_500_1,79,20,0,0.5,1,accel_gap_half,True,4.160797,True,True,,0.539562,4.700359
79_0_20_500_1,79,20,0,0.5,1,accel_gap_double,True,4.160797,True,True,,0.539562,4.700359
79_0_20_500_1,79,20,0,0.5,1,aux_gap_half,True,4.160797,True,True,,0.539562,4.700359
79_0_20_500_1,79,20,0,0.5,1,aux_gap_double,True,4.160797,True,True,,0.539562,4.700359
79_0_40_1000_0,79,40,0,1.0,0,current,True,2.130788,True,True,,0.288596,2.419384
79_0_40_1000_0,79,40,0,1.0,0,smoother_11,True,1.020455,True,True,,0.939732,1.960187
79_0_40_1000_0,79,40,0,1.0,0,smoother_31,True,2.058213,True,True,,0.321256,2.379469
79_0_40_1000_0,79,40,0,1.0,0,accel_gap_half,True,2.130788,True,True,,0.288596,2.419384
79_0_40_1000_0,79,40,0,1.0,0,accel_gap_double,True,2.130788,True,True,,0.288596,2.419384
79_0_40_1000_0,79,40,0,1.0,0,aux_gap_half,True,2.130788,True,True,,0.288596,2.419384
79_0_40_1000_0,79,40,0,1.0,0,aux_gap_double,True,2.130788,True,True,,0.288596,2.419384
79_0_40_1000_1,79,40,0,1.0,1,current,True,2.1315779999999998,True,True,,0.299071,2.430649
79_0_40_1000_1,79,40,0,1.0,1,smoother_11,True,0.428332,False,False,,0.361017,0.789349
79_0_40_1000_1,79,40,0,1.0,1,smoother_31,True,2.060217,True,True,,0.3289,2.389117
79_0_40_1000_1,79,40,0,1.0,1,accel_gap_half,True,2.1315779999999998,True,True,,0.299071,2.430649
79_0_40_1000_1,79,40,0,1.0,1,accel_gap_double,True,2.1315779999999998,True,True,,0.299071,2.430649
79_0_40_1000_1,79,40,0,1.0,1,aux_gap_half,True,2.1315779999999998,True,True,,0.299071,2.430649
79_0_40_1000_1,79,40,0,1.0,1,aux_gap_double,True,2.1315779999999998,True,True,,0.299071,2.430649
79_90_40_500_0,79,40,90,0.5,0,current,True,2.130206,True,True,,0.309358,2.439564
79_90_40_500_0,79,40,90,0.5,0,smoother_11,True,0.9312180000000001,True,False,,1.529345,2.460563
79_90_40_500_0,79,40,90,0.5,0,smoother_31,True,2.0587459999999997,True,True,,0.340539,2.399285
79_90_40_500_0,79,40,90,0.5,0,accel_gap_half,True,2.130206,True,True,,0.309358,2.439564
79_90_40_500_0,79,40,90,0.5,0,accel_gap_double,True,2.130206,True,True,,0.309358,2.439564
79_90_40_500_0,79,40,90,0.5,0,aux_gap_half,True,2.130206,True,True,,0.309358,2.439564
79_90_40_500_0,79,40,90,0.5,0,aux_gap_double,True,2.130206,True,True,,0.309358,2.439564
79_90_40_500_1,79,40,90,0.5,1,current,True,2.121147,True,True,,0.309571,2.430718
79_90_40_500_1,79,40,90,0.5,1,smoother_11,True,1.1015860000000002,True,True,,0.619733,1.721319
79_90_40_500_1,79,40,90,0.5,1,smoother_31,True,2.0614470000000003,True,True,,0.339295,2.400742
79_90_40_500_1,79,40,90,0.5,1,accel_gap_half,True,2.121147,True,True,,0.309571,2.430718
79_90_40_500_1,79,40,90,0.5,1,accel_gap_double,True,2.121147,True,True,,0.309571,2.430718
79_90_40_500_1,79,40,90,0.5,1,aux_gap_half,True,2.121147,True,True,,0.309571,2.430718
79_90_40_500_1,79,40,90,0.5,1,aux_gap_double,True,2.121147,True,True,,0.309571,2.430718
79_45_20_1000_0,79,20,45,1.0,0,current,True,4.360685,True,True,,0.309338298,4.670023298
79_45_20_1000_0,79,20,45,1.0,0,smoother_11,True,1.879047,True,True,,1.670374298,3.549421298
79_45_20_1000_0,79,20,45,1.0,0,smoother_31,True,4.289953000000001,True,True,,0.350274298,4.640227298
79_45_20_1000_0,79,20,45,1.0,0,accel_gap_half,True,4.360685,True,True,,0.309338298,4.670023298
79_45_20_1000_0,79,20,45,1.0,0,accel_gap_double,True,4.360685,True,True,,0.309338298,4.670023298
79_45_20_1000_0,79,20,45,1.0,0,aux_gap_half,True,4.360685,True,True,,0.309338298,4.670023298
79_45_20_1000_0,79,20,45,1.0,0,aux_gap_double,True,4.360685,True,True,,0.309338298,4.670023298
79_45_20_1000_1,79,20,45,1.0,1,current,True,4.369749,True,True,,0.290297951,4.660046951
79_45_20_1000_1,79,20,45,1.0,1,smoother_11,True,1.259267,True,True,,1.090766951,2.350033951
79_45_20_1000_1,79,20,45,1.0,1,smoother_31,True,4.308431000000001,True,True,,0.320932951,4.629363951
79_45_20_1000_1,79,20,45,1.0,1,accel_gap_half,True,4.369749,True,True,,0.290297951,4.660046951
79_45_20_1000_1,79,20,45,1.0,1,accel_gap_double,True,4.369749,True,True,,0.290297951,4.660046951
79_45_20_1000_1,79,20,45,1.0,1,aux_gap_half,True,4.369749,True,True,,0.290297951,4.660046951
79_45_20_1000_1,79,20,45,1.0,1,aux_gap_double,True,4.369749,True,True,,0.290297951,4.660046951
79_45_40_1000_0,79,40,45,1.0,0,current,True,2.1201820000000002,True,True,,0.269907,2.390089
79_45_40_1000_0,79,40,45,1.0,0,smoother_11,True,0.609313,True,False,,0.450345,1.059658
79_45_40_1000_0,79,40,45,1.0,0,smoother_31,True,2.058141,True,True,,0.310885,2.369026
79_45_40_1000_0,79,40,45,1.0,0,accel_gap_half,True,2.1201820000000002,True,True,,0.269907,2.390089
79_45_40_1000_0,79,40,45,1.0,0,accel_gap_double,True,2.1201820000000002,True,True,,0.269907,2.390089
79_45_40_1000_0,79,40,45,1.0,0,aux_gap_half,True,2.1201820000000002,True,True,,0.269907,2.390089
79_45_40_1000_0,79,40,45,1.0,0,aux_gap_double,True,2.1201820000000002,True,True,,0.269907,2.390089
79_45_40_1000_1,79,40,45,1.0,1,current,True,2.121294,True,True,,0.279265,2.400559
79_45_40_1000_1,79,40,45,1.0,1,smoother_11,True,0.5503720000000001,True,False,,1.879202,2.429574
79_45_40_1000_1,79,40,45,1.0,1,smoother_31,True,2.0591090000000003,True,True,,0.310278,2.369387
79_45_40_1000_1,79,40,45,1.0,1,accel_gap_half,True,2.121294,True,True,,0.279265,2.400559
79_45_40_1000_1,79,40,45,1.0,1,accel_gap_double,True,2.121294,True,True,,0.279265,2.400559
79_45_40_1000_1,79,40,45,1.0,1,aux_gap_half,True,2.121294,True,True,,0.279265,2.400559
79_45_40_1000_1,79,40,45,1.0,1,aux_gap_double,True,2.121294,True,True,,0.279265,2.400559
79_45_60_1000_0,79,60,45,1.0,0,current,True,1.358042,True,True,,0.341046642,1.699088642
79_45_60_1000_0,79,60,45,1.0,0,smoother_11,True,1.0506909999999998,True,True,,0.318910642,1.369601642
79_45_60_1000_0,79,60,45,1.0,0,smoother_31,True,1.3207440000000001,True,True,,0.369274642,1.690018642
79_45_60_1000_0,79,60,45,1.0,0,accel_gap_half,True,1.358042,True,True,,0.341046642,1.699088642
79_45_60_1000_0,79,60,45,1.0,0,accel_gap_double,True,1.358042,True,True,,0.341046642,1.699088642
79_45_60_1000_0,79,60,45,1.0,0,aux_gap_half,True,1.358042,True,True,,0.341046642,1.699088642
79_45_60_1000_0,79,60,45,1.0,0,aux_gap_double,True,1.358042,True,True,,0.341046642,1.699088642
79_45_60_1000_1,79,60,45,1.0,1,current,True,1.3498940000000001,True,True,,0.319604332,1.669498332
79_45_60_1000_1,79,60,45,1.0,1,smoother_11,True,0.5607930000000001,True,False,,0.290258332,0.851051332
79_45_60_1000_1,79,60,45,1.0,1,smoother_31,True,1.290614,True,True,,0.349026332,1.639640332
79_45_60_1000_1,79,60,45,1.0,1,accel_gap_half,True,1.3498940000000001,True,True,,0.319604332,1.669498332
79_45_60_1000_1,79,60,45,1.0,1,accel_gap_double,True,1.3498940000000001,True,True,,0.319604332,1.669498332
79_45_60_1000_1,79,60,45,1.0,1,aux_gap_half,True,1.3498940000000001,True,True,,0.319604332,1.669498332
79_45_60_1000_1,79,60,45,1.0,1,aux_gap_double,True,1.3498940000000001,True,True,,0.319604332,1.669498332
79_90_20_1000_0,79,20,90,1.0,0,current,True,4.420308,True,True,,0.289232477,4.709540477
79_90_20_1000_0,79,20,90,1.0,0,smoother_11,True,1.079383,True,True,,2.691058477,3.770441477
79_90_20_1000_0,79,20,90,1.0,0,smoother_31,True,4.349796,True,True,,0.329875477,4.679671477
79_90_20_1000_0,79,20,90,1.0,0,accel_gap_half,True,4.420308,True,True,,0.289232477,4.709540477
79_90_20_1000_0,79,20,90,1.0,0,accel_gap_double,True,4.420308,True,True,,0.289232477,4.709540477
79_90_20_1000_0,79,20,90,1.0,0,aux_gap_half,True,4.420308,True,True,,0.289232477,4.709540477
79_90_20_1000_0,79,20,90,1.0,0,aux_gap_double,True,4.420308,True,True,,0.289232477,4.709540477
79_90_20_1000_1,79,20,90,1.0,1,current,True,2.968839,True,True,,1.720733,4.689572
79_90_20_1000_1,79,20,90,1.0,1,smoother_11,True,0.7785960000000003,True,False,,3.940499,4.719095
79_90_20_1000_1,79,20,90,1.0,1,smoother_31,True,4.340122,True,True,,0.320548,4.66067
79_90_20_1000_1,79,20,90,1.0,1,accel_gap_half,True,2.968839,True,True,,1.720733,4.689572
79_90_20_1000_1,79,20,90,1.0,1,accel_gap_double,True,2.968839,True,True,,1.720733,4.689572
79_90_20_1000_1,79,20,90,1.0,1,aux_gap_half,True,2.968839,True,True,,1.720733,4.689572
79_90_20_1000_1,79,20,90,1.0,1,aux_gap_double,True,2.968839,True,True,,1.720733,4.689572
79_90_40_1000_0,79,40,90,1.0,0,current,True,2.120326,True,True,,0.309969,2.430295
79_90_40_1000_0,79,40,90,1.0,0,smoother_11,True,0.520231,True,False,,0.789503,1.309734
79_90_40_1000_0,79,40,90,1.0,0,smoother_31,True,2.059812,True,True,,0.330332,2.390144
79_90_40_1000_0,79,40,90,1.0,0,accel_gap_half,True,2.120326,True,True,,0.309969,2.430295
79_90_40_1000_0,79,40,90,1.0,0,accel_gap_double,True,2.120326,True,True,,0.309969,2.430295
79_90_40_1000_0,79,40,90,1.0,0,aux_gap_half,True,2.120326,True,True,,0.309969,2.430295
79_90_40_1000_0,79,40,90,1.0,0,aux_gap_double,True,2.120326,True,True,,0.309969,2.430295
79_90_40_1000_1,79,40,90,1.0,1,current,True,2.1302659999999998,True,True,,0.299503,2.429769
79_90_40_1000_1,79,40,90,1.0,1,smoother_11,True,0.5313699999999999,True,False,,1.069612,1.600982
79_90_40_1000_1,79,40,90,1.0,1,smoother_31,True,2.059139,True,True,,0.330413,2.389552
79_90_40_1000_1,79,40,90,1.0,1,accel_gap_half,True,2.1302659999999998,True,True,,0.299503,2.429769
79_90_40_1000_1,79,40,90,1.0,1,accel_gap_double,True,2.1302659999999998,True,True,,0.299503,2.429769
79_90_40_1000_1,79,40,90,1.0,1,aux_gap_half,True,2.1302659999999998,True,True,,0.299503,2.429769
79_90_40_1000_1,79,40,90,1.0,1,aux_gap_double,True,2.1302659999999998,True,True,,0.299503,2.429769
79_90_60_1000_0,79,60,90,1.0,0,current,True,1.3603,True,True,,0.309898,1.670198
79_90_60_1000_0,79,60,90,1.0,0,smoother_11,True,1.118769,True,True,,0.59063,1.709399
79_90_60_1000_0,79,60,90,1.0,0,smoother_31,True,1.2914590000000001,True,True,,0.339252,1.630711
79_90_60_1000_0,79,60,90,1.0,0,accel_gap_half,True,1.3603,True,True,,0.309898,1.670198
79_90_60_1000_0,79,60,90,1.0,0,accel_gap_double,True,1.3603,True,True,,0.309898,1.670198
79_90_60_1000_0,79,60,90,1.0,0,aux_gap_half,True,1.3603,True,True,,0.309898,1.670198
79_90_60_1000_0,79,60,90,1.0,0,aux_gap_double,True,1.3603,True,True,,0.309898,1.670198
79_90_60_1000_1,79,60,90,1.0,1,current,True,1.379342,True,True,,0.310568386,1.689910386
79_90_60_1000_1,79,60,90,1.0,1,smoother_11,True,0.6505740000000001,True,False,,0.970217386,1.620791386
79_90_60_1000_1,79,60,90,1.0,1,smoother_31,True,1.3181220000000002,True,True,,0.340569386,1.658691386
79_90_60_1000_1,79,60,90,1.0,1,accel_gap_half,True,1.379342,True,True,,0.310568386,1.689910386
79_90_60_1000_1,79,60,90,1.0,1,accel_gap_double,True,1.379342,True,True,,0.310568386,1.689910386
79_90_60_1000_1,79,60,90,1.0,1,aux_gap_half,True,1.379342,True,True,,0.310568386,1.689910386
79_90_60_1000_1,79,60,90,1.0,1,aux_gap_double,True,1.379342,True,True,,0.310568386,1.689910386
82_0_40_500_0,82,40,0,0.5,0,current,True,2.120027,True,True,,0.279592881,2.399619881
82_0_40_500_0,82,40,0,0.5,0,smoother_11,True,0.44908400000000004,False,False,,1.919924881,2.369008881
82_0_40_500_0,82,40,0,0.5,0,smoother_31,True,2.0698,True,True,,0.299208881,2.369008881
82_0_40_500_0,82,40,0,0.5,0,accel_gap_half,True,2.120027,True,True,,0.279592881,2.399619881
82_0_40_500_0,82,40,0,0.5,0,accel_gap_double,True,2.120027,True,True,,0.279592881,2.399619881
82_0_40_500_0,82,40,0,0.5,0,aux_gap_half,True,2.120027,True,True,,0.279592881,2.399619881
82_0_40_500_0,82,40,0,0.5,0,aux_gap_double,True,2.120027,True,True,,0.279592881,2.399619881
82_0_40_500_1,82,40,0,0.5,1,current,True,2.130709,True,True,,0.280106,2.410815
82_0_40_500_1,82,40,0,0.5,1,smoother_11,True,0.4011530000000001,False,False,,0.819585,1.220738
82_0_40_500_1,82,40,0,0.5,1,smoother_31,True,2.078371,True,True,,0.310326,2.388697
82_0_40_500_1,82,40,0,0.5,1,accel_gap_half,True,2.130709,True,True,,0.280106,2.410815
82_0_40_500_1,82,40,0,0.5,1,accel_gap_double,True,2.130709,True,True,,0.280106,2.410815
82_0_40_500_1,82,40,0,0.5,1,aux_gap_half,True,2.130709,True,True,,0.280106,2.410815
82_0_40_500_1,82,40,0,0.5,1,aux_gap_double,True,2.130709,True,True,,0.280106,2.410815
82_0_20_500_0,82,20,0,0.5,0,current,True,4.389697,True,True,,0.300265,4.689962
82_0_20_500_0,82,20,0,0.5,0,smoother_11,True,0.7215760000000001,True,False,,0.799252,1.520828
82_0_20_500_0,82,20,0,0.5,0,smoother_31,True,4.330129,True,True,,0.329908,4.660037
82_0_20_500_0,82,20,0,0.5,0,accel_gap_half,True,4.389697,True,True,,0.300265,4.689962
82_0_20_500_0,82,20,0,0.5,0,accel_gap_double,True,4.389697,True,True,,0.300265,4.689962
82_0_20_500_0,82,20,0,0.5,0,aux_gap_half,True,4.389697,True,True,,0.300265,4.689962
82_0_20_500_0,82,20,0,0.5,0,aux_gap_double,True,4.389697,True,True,,0.300265,4.689962
82_0_20_500_1,82,20,0,0.5,1,current,True,4.4117,True,True,,0.289403,4.701103
82_0_20_500_1,82,20,0,0.5,1,smoother_11,True,0.461819,False,False,,0.668876,1.130695
82_0_20_500_1,82,20,0,0.5,1,smoother_31,True,4.360433,True,True,,0.319592,4.680025
82_0_20_500_1,82,20,0,0.5,1,accel_gap_half,True,4.4117,True,True,,0.289403,4.701103
82_0_20_500_1,82,20,0,0.5,1,accel_gap_double,True,4.4117,True,True,,0.289403,4.701103
82_0_20_500_1,82,20,0,0.5,1,aux_gap_half,True,4.4117,True,True,,0.289403,4.701103
82_0_20_500_1,82,20,0,0.5,1,aux_gap_double,True,4.4117,True,True,,0.289403,4.701103
82_0_40_1000_0,82,40,0,1.0,0,current,True,2.128404,True,True,,0.290467,2.418871
82_0_40_1000_0,82,40,0,1.0,0,smoother_11,True,0.4306700000000001,False,False,,0.650156,1.080826
82_0_40_1000_0,82,40,0,1.0,0,smoother_31,True,2.081022,True,True,,0.319309,2.400331
82_0_40_1000_0,82,40,0,1.0,0,accel_gap_half,True,2.128404,True,True,,0.290467,2.418871
82_0_40_1000_0,82,40,0,1.0,0,accel_gap_double,True,2.128404,True,True,,0.290467,2.418871
82_0_40_1000_0,82,40,0,1.0,0,aux_gap_half,True,2.128404,True,True,,0.290467,2.418871
82_0_40_1000_0,82,40,0,1.0,0,aux_gap_double,True,2.128404,True,True,,0.290467,2.418871
82_0_40_1000_1,82,40,0,1.0,1,current,True,2.119655,True,True,,0.300522,2.420177
82_0_40_1000_1,82,40,0,1.0,1,smoother_11,True,1.039193,True,True,,0.379811,1.419004
82_0_40_1000_1,82,40,0,1.0,1,smoother_31,True,2.0599220000000003,True,True,,0.330984,2.390906
82_0_40_1000_1,82,40,0,1.0,1,accel_gap_half,True,2.119655,True,True,,0.300522,2.420177
82_0_40_1000_1,82,40,0,1.0,1,accel_gap_double,True,2.119655,True,True,,0.300522,2.420177
82_0_40_1000_1,82,40,0,1.0,1,aux_gap_half,True,2.119655,True,True,,0.300522,2.420177
82_0_40_1000_1,82,40,0,1.0,1,aux_gap_double,True,2.119655,True,True,,0.300522,2.420177
82_90_40_500_0,82,40,90,0.5,0,current,True,2.1198740000000003,True,True,,0.309996,2.42987
82_90_40_500_0,82,40,90,0.5,0,smoother_11,True,0.4092450000000001,False,False,,1.961012,2.370257
82_90_40_500_0,82,40,90,0.5,0,smoother_31,True,2.050585,True,True,,0.349104,2.399689
82_90_40_500_0,82,40,90,0.5,0,accel_gap_half,True,2.1198740000000003,True,True,,0.309996,2.42987
82_90_40_500_0,82,40,90,0.5,0,accel_gap_double,True,2.1198740000000003,True,True,,0.309996,2.42987
82_90_40_500_0,82,40,90,0.5,0,aux_gap_half,True,2.1198740000000003,True,True,,0.309996,2.42987
82_90_40_500_0,82,40,90,0.5,0,aux_gap_double,True,2.1198740000000003,True,True,,0.309996,2.42987
82_90_40_500_1,82,40,90,0.5,1,current,True,1.740343,True,True,,0.679413,2.419756
82_90_40_500_1,82,40,90,0.5,1,smoother_11,True,0.609841,True,False,,0.940737,1.550578
82_90_40_500_1,82,40,90,0.5,1,smoother_31,True,2.070509,True,True,,0.320053,2.390562
82_90_40_500_1,82,40,90,0.5,1,accel_gap_half,True,1.740343,True,True,,0.679413,2.419756
82_90_40_500_1,82,40,90,0.5,1,accel_gap_double,True,1.740343,True,True,,0.679413,2.419756
82_90_40_500_1,82,40,90,0.5,1,aux_gap_half,True,1.740343,True,True,,0.679413,2.419756
82_90_40_500_1,82,40,90,0.5,1,aux_gap_double,True,1.740343,True,True,,0.679413,2.419756
82_45_20_1000_0,82,20,45,1.0,0,current,True,3.4497799999999996,True,True,,0.290333765,3.740113765
82_45_20_1000_0,82,20,45,1.0,0,smoother_11,True,0.700907,True,False,,0.649179765,1.350086765
82_45_20_1000_0,82,20,45,1.0,0,smoother_31,True,4.311014999999999,True,True,,0.329009765,4.640024765
82_45_20_1000_0,82,20,45,1.0,0,accel_gap_half,True,3.4497799999999996,True,True,,0.290333765,3.740113765
82_45_20_1000_0,82,20,45,1.0,0,accel_gap_double,True,3.4497799999999996,True,True,,0.290333765,3.740113765
82_45_20_1000_0,82,20,45,1.0,0,aux_gap_half,True,3.4497799999999996,True,True,,0.290333765,3.740113765
82_45_20_1000_0,82,20,45,1.0,0,aux_gap_double,True,3.4497799999999996,True,True,,0.290333765,3.740113765
82_45_20_1000_1,82,20,45,1.0,1,current,True,3.460084,True,True,,1.199839,4.659923
82_45_20_1000_1,82,20,45,1.0,1,smoother_11,True,0.8798409999999999,True,False,,1.910632,2.790473
82_45_20_1000_1,82,20,45,1.0,1,smoother_31,True,4.330142,True,True,,0.299722,4.629864
82_45_20_1000_1,82,20,45,1.0,1,accel_gap_half,True,3.460084,True,True,,1.199839,4.659923
82_45_20_1000_1,82,20,45,1.0,1,accel_gap_double,True,3.460084,True,True,,1.199839,4.659923
82_45_20_1000_1,82,20,45,1.0,1,aux_gap_half,True,3.460084,True,True,,1.199839,4.659923
82_45_20_1000_1,82,20,45,1.0,1,aux_gap_double,True,3.460084,True,True,,1.199839,4.659923
82_45_40_1000_0,82,40,45,1.0,0,current,True,1.9313690000000001,True,True,,0.289171,2.22054
82_45_40_1000_0,82,40,45,1.0,0,smoother_11,True,0.4898839999999999,False,False,,0.660108,1.149992
82_45_40_1000_0,82,40,45,1.0,0,smoother_31,True,2.069924,True,True,,0.32046,2.390384
82_45_40_1000_0,82,40,45,1.0,0,accel_gap_half,True,1.9313690000000001,True,True,,0.289171,2.22054
82_45_40_1000_0,82,40,45,1.0,0,accel_gap_double,True,1.9313690000000001,True,True,,0.289171,2.22054
82_45_40_1000_0,82,40,45,1.0,0,aux_gap_half,True,1.9313690000000001,True,True,,0.289171,2.22054
82_45_40_1000_0,82,40,45,1.0,0,aux_gap_double,True,1.9313690000000001,True,True,,0.289171,2.22054
82_45_40_1000_1,82,40,45,1.0,1,current,True,2.118634,True,True,,0.290830303,2.409464303
82_45_40_1000_1,82,40,45,1.0,1,smoother_11,True,1.0713120000000003,True,True,,1.369225303,2.440537303
82_45_40_1000_1,82,40,45,1.0,1,smoother_31,True,2.0503600000000004,True,True,,0.319277303,2.369637303
82_45_40_1000_1,82,40,45,1.0,1,accel_gap_half,True,2.118634,True,True,,0.290830303,2.409464303
82_45_40_1000_1,82,40,45,1.0,1,accel_gap_double,True,2.118634,True,True,,0.290830303,2.409464303
82_45_40_1000_1,82,40,45,1.0,1,aux_gap_half,True,2.118634,True,True,,0.290830303,2.409464303
82_45_40_1000_1,82,40,45,1.0,1,aux_gap_double,True,2.118634,True,True,,0.290830303,2.409464303
82_45_60_1000_0,82,60,45,1.0,0,current,True,1.369892,True,True,,0.299256,1.669148
82_45_60_1000_0,82,60,45,1.0,0,smoother_11,True,1.2601,True,True,,0.439888,1.699988
82_45_60_1000_0,82,60,45,1.0,0,smoother_31,True,1.298926,True,True,,0.340687,1.639613
82_45_60_1000_0,82,60,45,1.0,0,accel_gap_half,True,1.369892,True,True,,0.299256,1.669148
82_45_60_1000_0,82,60,45,1.0,0,accel_gap_double,True,1.369892,True,True,,0.299256,1.669148
82_45_60_1000_0,82,60,45,1.0,0,aux_gap_half,True,1.369892,True,True,,0.299256,1.669148
82_45_60_1000_0,82,60,45,1.0,0,aux_gap_double,True,1.369892,True,True,,0.299256,1.669148
82_45_60_1000_1,82,60,45,1.0,1,current,True,1.3699249999999998,True,True,,0.31055,1.680475
82_45_60_1000_1,82,60,45,1.0,1,smoother_11,True,1.428988,True,True,,0.280659,1.709647
82_45_60_1000_1,82,60,45,1.0,1,smoother_31,True,1.299669,True,True,,0.351272,1.650941
82_45_60_1000_1,82,60,45,1.0,1,accel_gap_half,True,1.3699249999999998,True,True,,0.31055,1.680475
82_45_60_1000_1,82,60,45,1.0,1,accel_gap_double,True,1.3699249999999998,True,True,,0.31055,1.680475
82_45_60_1000_1,82,60,45,1.0,1,aux_gap_half,True,1.3699249999999998,True,True,,0.31055,1.680475
82_45_60_1000_1,82,60,45,1.0,1,aux_gap_double,True,1.3699249999999998,True,True,,0.31055,1.680475
82_90_20_1000_0,82,20,90,1.0,0,current,True,4.3912249999999995,True,True,,0.26963847,4.66086347
82_90_20_1000_0,82,20,90,1.0,0,smoother_11,True,0.850463,True,False,,1.06978547,1.92024847
82_90_20_1000_0,82,20,90,1.0,0,smoother_31,True,4.328557,True,True,,0.31120347,4.63976047
82_90_20_1000_0,82,20,90,1.0,0,accel_gap_half,True,4.3912249999999995,True,True,,0.26963847,4.66086347
82_90_20_1000_0,82,20,90,1.0,0,accel_gap_double,True,4.3912249999999995,True,True,,0.26963847,4.66086347
82_90_20_1000_0,82,20,90,1.0,0,aux_gap_half,True,4.3912249999999995,True,True,,0.26963847,4.66086347
82_90_20_1000_0,82,20,90,1.0,0,aux_gap_double,True,4.3912249999999995,True,True,,0.26963847,4.66086347
82_90_20_1000_1,82,20,90,1.0,1,current,True,4.409345,True,True,,0.271209,4.680554
82_90_20_1000_1,82,20,90,1.0,1,smoother_11,True,0.948534,True,False,,0.900781,1.849315
82_90_20_1000_1,82,20,90,1.0,1,smoother_31,True,4.351339,True,True,,0.298982,4.650321
82_90_20_1000_1,82,20,90,1.0,1,accel_gap_half,True,4.409345,True,True,,0.271209,4.680554
82_90_20_1000_1,82,20,90,1.0,1,accel_gap_double,True,4.409345,True,True,,0.271209,4.680554
82_90_20_1000_1,82,20,90,1.0,1,aux_gap_half,True,4.409345,True,True,,0.271209,4.680554
82_90_20_1000_1,82,20,90,1.0,1,aux_gap_double,True,4.409345,True,True,,0.271209,4.680554
82_90_40_1000_0,82,40,90,1.0,0,current,True,1.0792920000000001,True,True,,0.310273321,1.389565321
82_90_40_1000_0,82,40,90,1.0,0,smoother_11,True,0.969196,True,False,,1.500625321,2.469821321
82_90_40_1000_0,82,40,90,1.0,0,smoother_31,True,2.060661,True,True,,0.339125321,2.399786321
82_90_40_1000_0,82,40,90,1.0,0,accel_gap_half,True,1.0792920000000001,True,True,,0.310273321,1.389565321
82_90_40_1000_0,82,40,90,1.0,0,accel_gap_double,True,1.0792920000000001,True,True,,0.310273321,1.389565321
82_90_40_1000_0,82,40,90,1.0,0,aux_gap_half,True,1.0792920000000001,True,True,,0.310273321,1.389565321
82_90_40_1000_0,82,40,90,1.0,0,aux_gap_double,True,1.0792920000000001,True,True,,0.310273321,1.389565321
82_90_40_1000_1,82,40,90,1.0,1,current,True,2.129079,True,True,,0.290506391,2.419585391
82_90_40_1000_1,82,40,90,1.0,1,smoother_11,True,1.071661,True,True,,0.258777391,1.330438391
82_90_40_1000_1,82,40,90,1.0,1,smoother_31,True,2.069184,True,True,,0.320681391,2.389865391
82_90_40_1000_1,82,40,90,1.0,1,accel_gap_half,True,2.129079,True,True,,0.290506391,2.419585391
82_90_40_1000_1,82,40,90,1.0,1,accel_gap_double,True,2.129079,True,True,,0.290506391,2.419585391
82_90_40_1000_1,82,40,90,1.0,1,aux_gap_half,True,2.129079,True,True,,0.290506391,2.419585391
82_90_40_1000_1,82,40,90,1.0,1,aux_gap_double,True,2.129079,True,True,,0.290506391,2.419585391
82_90_60_1000_0,82,60,90,1.0,0,current,True,1.361801,True,True,,0.318703,1.680504
82_90_60_1000_0,82,60,90,1.0,0,smoother_11,True,0.669984,True,False,,0.299671,0.969655
82_90_60_1000_0,82,60,90,1.0,0,smoother_31,True,1.309558,True,True,,0.349481,1.659039
82_90_60_1000_0,82,60,90,1.0,0,accel_gap_half,True,1.361801,True,True,,0.318703,1.680504
82_90_60_1000_0,82,60,90,1.0,0,accel_gap_double,True,1.361801,True,True,,0.318703,1.680504
82_90_60_1000_0,82,60,90,1.0,0,aux_gap_half,True,1.361801,True,True,,0.318703,1.680504
82_90_60_1000_0,82,60,90,1.0,0,aux_gap_double,True,1.361801,True,True,,0.318703,1.680504
82_90_60_1000_1,82,60,90,1.0,1,current,True,1.3614629999999999,True,True,,0.319197755,1.680660755
82_90_60_1000_1,82,60,90,1.0,1,smoother_11,True,0.9310590000000001,True,False,,0.779462755,1.710521755
82_90_60_1000_1,82,60,90,1.0,1,smoother_31,True,1.299837,True,True,,0.349651755,1.649488755
82_90_60_1000_1,82,60,90,1.0,1,accel_gap_half,True,1.3614629999999999,True,True,,0.319197755,1.680660755
82_90_60_1000_1,82,60,90,1.0,1,accel_gap_double,True,1.3614629999999999,True,True,,0.319197755,1.680660755
82_90_60_1000_1,82,60,90,1.0,1,aux_gap_half,True,1.3614629999999999,True,True,,0.319197755,1.680660755
82_90_60_1000_1,82,60,90,1.0,1,aux_gap_double,True,1.3614629999999999,True,True,,0.319197755,1.680660755
87_0_40_500_0,87,40,0,0.5,0,current,True,2.13069,True,True,,0.278766,2.409456
87_0_40_500_0,87,40,0,0.5,0,smoother_11,True,0.789391,True,False,,0.25017,1.039561
87_0_40_500_0,87,40,0,0.5,0,smoother_31,True,2.062274,True,True,,0.31854,2.380814
87_0_40_500_0,87,40,0,0.5,0,accel_gap_half,True,2.13069,True,True,,0.278766,2.409456
87_0_40_500_0,87,40,0,0.5,0,accel_gap_double,True,2.13069,True,True,,0.278766,2.409456
87_0_40_500_0,87,40,0,0.5,0,aux_gap_half,True,2.13069,True,True,,0.278766,2.409456
87_0_40_500_0,87,40,0,0.5,0,aux_gap_double,True,2.13069,True,True,,0.278766,2.409456
87_0_40_500_1,87,40,0,0.5,1,current,True,2.131287,True,True,,0.289704,2.420991
87_0_40_500_1,87,40,0,0.5,1,smoother_11,True,0.897969,True,False,,0.271231,1.1692
87_0_40_500_1,87,40,0,0.5,1,smoother_31,True,2.0705180000000003,True,True,,0.319781,2.390299
87_0_40_500_1,87,40,0,0.5,1,accel_gap_half,True,2.131287,True,True,,0.289704,2.420991
87_0_40_500_1,87,40,0,0.5,1,accel_gap_double,True,2.131287,True,True,,0.289704,2.420991
87_0_40_500_1,87,40,0,0.5,1,aux_gap_half,True,2.131287,True,True,,0.289704,2.420991
87_0_40_500_1,87,40,0,0.5,1,aux_gap_double,True,2.131287,True,True,,0.289704,2.420991
87_0_20_500_0,87,20,0,0.5,0,current,True,4.4099960000000005,True,True,,0.320458637,4.730454637
87_0_20_500_0,87,20,0,0.5,0,smoother_11,True,0.6107499999999999,True,False,,0.599818637,1.210568637
87_0_20_500_0,87,20,0,0.5,0,smoother_31,True,4.350746,True,True,,0.349634637,4.700380637
87_0_20_500_0,87,20,0,0.5,0,accel_gap_half,True,4.4099960000000005,True,True,,0.320458637,4.730454637
87_0_20_500_0,87,20,0,0.5,0,accel_gap_double,True,4.4099960000000005,True,True,,0.320458637,4.730454637
87_0_20_500_0,87,20,0,0.5,0,aux_gap_half,True,4.4099960000000005,True,True,,0.320458637,4.730454637
87_0_20_500_0,87,20,0,0.5,0,aux_gap_double,True,4.4099960000000005,True,True,,0.320458637,4.730454637
87_0_20_500_1,87,20,0,0.5,1,current,True,4.410259,True,True,,0.279657,4.689916
87_0_20_500_1,87,20,0,0.5,1,smoother_11,True,0.8693689999999998,True,False,,1.290813,2.160182
87_0_20_500_1,87,20,0,0.5,1,smoother_31,True,4.3382570000000005,True,True,,0.31065,4.648907
87_0_20_500_1,87,20,0,0.5,1,accel_gap_half,True,4.410259,True,True,,0.279657,4.689916
87_0_20_500_1,87,20,0,0.5,1,accel_gap_double,True,4.410259,True,True,,0.279657,4.689916
87_0_20_500_1,87,20,0,0.5,1,aux_gap_half,True,4.410259,True,True,,0.279657,4.689916
87_0_20_500_1,87,20,0,0.5,1,aux_gap_double,True,4.410259,True,True,,0.279657,4.689916
87_0_40_1000_0,87,40,0,1.0,0,current,True,2.140621,True,True,,0.269758877,2.410379877
87_0_40_1000_0,87,40,0,1.0,0,smoother_11,True,0.580581,True,False,,0.640247877,1.220828877
87_0_40_1000_0,87,40,0,1.0,0,smoother_31,True,2.070306,True,True,,0.310488877,2.380794877
87_0_40_1000_0,87,40,0,1.0,0,accel_gap_half,True,2.140621,True,True,,0.269758877,2.410379877
87_0_40_1000_0,87,40,0,1.0,0,accel_gap_double,True,2.140621,True,True,,0.269758877,2.410379877
87_0_40_1000_0,87,40,0,1.0,0,aux_gap_half,True,2.140621,True,True,,0.269758877,2.410379877
87_0_40_1000_0,87,40,0,1.0,0,aux_gap_double,True,2.140621,True,True,,0.269758877,2.410379877
87_0_40_1000_1,87,40,0,1.0,1,current,True,2.1308469999999997,True,True,,0.32962907,2.46047607
87_0_40_1000_1,87,40,0,1.0,1,smoother_11,True,0.829036,True,False,,0.30987007,1.13890607
87_0_40_1000_1,87,40,0,1.0,1,smoother_31,True,2.070808,True,True,,0.35893907,2.42974707
87_0_40_1000_1,87,40,0,1.0,1,accel_gap_half,True,2.1308469999999997,True,True,,0.32962907,2.46047607
87_0_40_1000_1,87,40,0,1.0,1,accel_gap_double,True,2.1308469999999997,True,True,,0.32962907,2.46047607
87_0_40_1000_1,87,40,0,1.0,1,aux_gap_half,True,2.1308469999999997,True,True,,0.32962907,2.46047607
87_0_40_1000_1,87,40,0,1.0,1,aux_gap_double,True,2.1308469999999997,True,True,,0.32962907,2.46047607
87_90_40_500_0,87,40,90,0.5,0,current,True,1.3402809999999998,True,True,,1.089557801,2.429838801
87_90_40_500_0,87,40,90,0.5,0,smoother_11,True,0.9298330000000001,True,False,,1.089557801,2.019390801
87_90_40_500_0,87,40,90,0.5,0,smoother_31,True,2.0688839999999997,True,True,,0.331014801,2.399898801
87_90_40_500_0,87,40,90,0.5,0,accel_gap_half,True,1.3402809999999998,True,True,,1.089557801,2.429838801
87_90_40_500_0,87,40,90,0.5,0,accel_gap_double,True,1.3402809999999998,True,True,,1.089557801,2.429838801
87_90_40_500_0,87,40,90,0.5,0,aux_gap_half,True,1.3402809999999998,True,True,,1.089557801,2.429838801
87_90_40_500_0,87,40,90,0.5,0,aux_gap_double,True,1.3402809999999998,True,True,,1.089557801,2.429838801
87_90_40_500_1,87,40,90,0.5,1,current,True,2.1399649999999997,True,True,,0.280174,2.420139
87_90_40_500_1,87,40,90,0.5,1,smoother_11,True,0.9604940000000002,True,False,,0.259086,1.21958
87_90_40_500_1,87,40,90,0.5,1,smoother_31,True,2.080243,True,True,,0.310906,2.391149
87_90_40_500_1,87,40,90,0.5,1,accel_gap_half,True,2.1399649999999997,True,True,,0.280174,2.420139
87_90_40_500_1,87,40,90,0.5,1,accel_gap_double,True,2.1399649999999997,True,True,,0.280174,2.420139
87_90_40_500_1,87,40,90,0.5,1,aux_gap_half,True,2.1399649999999997,True,True,,0.280174,2.420139
87_90_40_500_1,87,40,90,0.5,1,aux_gap_double,True,2.1399649999999997,True,True,,0.280174,2.420139
87_45_20_1000_0,87,20,45,1.0,0,current,True,3.0009630000000005,True,True,,1.660068,4.661031
87_45_20_1000_0,87,20,45,1.0,0,smoother_11,True,0.80083,True,False,,0.249475,1.050305
87_45_20_1000_0,87,20,45,1.0,0,smoother_31,True,4.320593,True,True,,0.309959,4.630552
87_45_20_1000_0,87,20,45,1.0,0,accel_gap_half,True,3.0009630000000005,True,True,,1.660068,4.661031
87_45_20_1000_0,87,20,45,1.0,0,accel_gap_double,True,3.0009630000000005,True,True,,1.660068,4.661031
87_45_20_1000_0,87,20,45,1.0,0,aux_gap_half,True,3.0009630000000005,True,True,,1.660068,4.661031
87_45_20_1000_0,87,20,45,1.0,0,aux_gap_double,True,3.0009630000000005,True,True,,1.660068,4.661031
87_45_20_1000_1,87,20,45,1.0,1,current,True,4.3798070000000004,True,True,,0.280326,4.660133
87_45_20_1000_1,87,20,45,1.0,1,smoother_11,True,1.5286680000000006,True,True,,3.160271,4.688939
87_45_20_1000_1,87,20,45,1.0,1,smoother_31,True,4.320142,True,True,,0.310494,4.630636
87_45_20_1000_1,87,20,45,1.0,1,accel_gap_half,True,4.3798070000000004,True,True,,0.280326,4.660133
87_45_20_1000_1,87,20,45,1.0,1,accel_gap_double,True,4.3798070000000004,True,True,,0.280326,4.660133
87_45_20_1000_1,87,20,45,1.0,1,aux_gap_half,True,4.3798070000000004,True,True,,0.280326,4.660133
87_45_20_1000_1,87,20,45,1.0,1,aux_gap_double,True,4.3798070000000004,True,True,,0.280326,4.660133
87_45_40_1000_0,87,40,45,1.0,0,current,True,2.1196379999999997,True,True,,0.300749,2.420387
87_45_40_1000_0,87,40,45,1.0,0,smoother_11,True,0.78026,True,False,,1.420396,2.200656
87_45_40_1000_0,87,40,45,1.0,0,smoother_31,True,2.059812,True,True,,0.330276,2.390088
87_45_40_1000_0,87,40,45,1.0,0,accel_gap_half,True,2.1196379999999997,True,True,,0.300749,2.420387
87_45_40_1000_0,87,40,45,1.0,0,accel_gap_double,True,2.1196379999999997,True,True,,0.300749,2.420387
87_45_40_1000_0,87,40,45,1.0,0,aux_gap_half,True,2.1196379999999997,True,True,,0.300749,2.420387
87_45_40_1000_0,87,40,45,1.0,0,aux_gap_double,True,2.1196379999999997,True,True,,0.300749,2.420387
87_45_40_1000_1,87,40,45,1.0,1,current,True,1.7092329999999998,True,True,,0.700479,2.409712
87_45_40_1000_1,87,40,45,1.0,1,smoother_11,True,0.33125000000000004,False,False,,1.439482,1.770732
87_45_40_1000_1,87,40,45,1.0,1,smoother_31,True,2.0502849999999997,True,True,,0.339253,2.389538
87_45_40_1000_1,87,40,45,1.0,1,accel_gap_half,True,1.7092329999999998,True,True,,0.700479,2.409712
87_45_40_1000_1,87,40,45,1.0,1,accel_gap_double,True,1.7092329999999998,True,True,,0.700479,2.409712
87_45_40_1000_1,87,40,45,1.0,1,aux_gap_half,True,1.7092329999999998,True,True,,0.700479,2.409712
87_45_40_1000_1,87,40,45,1.0,1,aux_gap_double,True,1.7092329999999998,True,True,,0.700479,2.409712
87_45_60_1000_0,87,60,45,1.0,0,current,True,1.369641,True,True,,0.320660799,1.690301799
87_45_60_1000_0,87,60,45,1.0,0,smoother_11,True,0.780816,True,False,,0.289700799,1.070516799
87_45_60_1000_0,87,60,45,1.0,0,smoother_31,True,1.30968,True,True,,0.350333799,1.660013799
87_45_60_1000_0,87,60,45,1.0,0,accel_gap_half,True,1.369641,True,True,,0.320660799,1.690301799
87_45_60_1000_0,87,60,45,1.0,0,accel_gap_double,True,1.369641,True,True,,0.320660799,1.690301799
87_45_60_1000_0,87,60,45,1.0,0,aux_gap_half,True,1.369641,True,True,,0.320660799,1.690301799
87_45_60_1000_0,87,60,45,1.0,0,aux_gap_double,True,1.369641,True,True,,0.320660799,1.690301799
87_45_60_1000_1,87,60,45,1.0,1,current,True,1.3795140000000001,True,True,,0.300738,1.680252
87_45_60_1000_1,87,60,45,1.0,1,smoother_11,True,0.3507999999999999,False,False,,0.969723,1.320523
87_45_60_1000_1,87,60,45,1.0,1,smoother_31,True,1.3003500000000001,True,True,,0.33981,1.64016
87_45_60_1000_1,87,60,45,1.0,1,accel_gap_half,True,1.3795140000000001,True,True,,0.300738,1.680252
87_45_60_1000_1,87,60,45,1.0,1,accel_gap_double,True,1.3795140000000001,True,True,,0.300738,1.680252
87_45_60_1000_1,87,60,45,1.0,1,aux_gap_half,True,1.3795140000000001,True,True,,0.300738,1.680252
87_45_60_1000_1,87,60,45,1.0,1,aux_gap_double,True,1.3795140000000001,True,True,,0.300738,1.680252
87_90_20_1000_0,87,20,90,1.0,0,current,True,3.129485,True,True,,0.270433379,3.399918379
87_90_20_1000_0,87,20,90,1.0,0,smoother_11,True,0.6985669999999997,True,False,,2.410761379,3.109328379
87_90_20_1000_0,87,20,90,1.0,0,smoother_31,True,4.350841,True,True,,0.309113379,4.659954379
87_90_20_1000_0,87,20,90,1.0,0,accel_gap_half,True,3.129485,True,True,,0.270433379,3.399918379
87_90_20_1000_0,87,20,90,1.0,0,accel_gap_double,True,3.129485,True,True,,0.270433379,3.399918379
87_90_20_1000_0,87,20,90,1.0,0,aux_gap_half,True,3.129485,True,True,,0.270433379,3.399918379
87_90_20_1000_0,87,20,90,1.0,0,aux_gap_double,True,3.129485,True,True,,0.270433379,3.399918379
87_90_20_1000_1,87,20,90,1.0,1,current,True,3.82848,True,True,,0.9014,4.72988
87_90_20_1000_1,87,20,90,1.0,1,smoother_11,True,0.5890619999999998,True,False,,2.030225,2.619287
87_90_20_1000_1,87,20,90,1.0,1,smoother_31,True,4.339377000000001,True,True,,0.360484,4.699861
87_90_20_1000_1,87,20,90,1.0,1,accel_gap_half,True,3.82848,True,True,,0.9014,4.72988
87_90_20_1000_1,87,20,90,1.0,1,accel_gap_double,True,3.82848,True,True,,0.9014,4.72988
87_90_20_1000_1,87,20,90,1.0,1,aux_gap_half,True,3.82848,True,True,,0.9014,4.72988
87_90_20_1000_1,87,20,90,1.0,1,aux_gap_double,True,3.82848,True,True,,0.9014,4.72988
87_90_40_1000_0,87,40,90,1.0,0,current,True,2.129281,True,True,,0.300463528,2.429744528
87_90_40_1000_0,87,40,90,1.0,0,smoother_11,True,0.7211420000000002,True,False,,1.308866528,2.030008528
87_90_40_1000_0,87,40,90,1.0,0,smoother_31,True,2.0680810000000003,True,True,,0.330817528,2.398898528
87_90_40_1000_0,87,40,90,1.0,0,accel_gap_half,True,2.129281,True,True,,0.300463528,2.429744528
87_90_40_1000_0,87,40,90,1.0,0,accel_gap_double,True,2.129281,True,True,,0.300463528,2.429744528
87_90_40_1000_0,87,40,90,1.0,0,aux_gap_half,True,2.129281,True,True,,0.300463528,2.429744528
87_90_40_1000_0,87,40,90,1.0,0,aux_gap_double,True,2.129281,True,True,,0.300463528,2.429744528
87_90_40_1000_1,87,40,90,1.0,1,current,True,2.120158,True,True,,0.299364,2.419522
87_90_40_1000_1,87,40,90,1.0,1,smoother_11,True,0.4595260000000001,False,False,,1.990782,2.450308
87_90_40_1000_1,87,40,90,1.0,1,smoother_31,True,2.0604080000000002,True,True,,0.329262,2.38967
87_90_40_1000_1,87,40,90,1.0,1,accel_gap_half,True,2.120158,True,True,,0.299364,2.419522
87_90_40_1000_1,87,40,90,1.0,1,accel_gap_double,True,2.120158,True,True,,0.299364,2.419522
87_90_40_1000_1,87,40,90,1.0,1,aux_gap_half,True,2.120158,True,True,,0.299364,2.419522
87_90_40_1000_1,87,40,90,1.0,1,aux_gap_double,True,2.120158,True,True,,0.299364,2.419522
87_90_60_1000_0,87,60,90,1.0,0,current,True,1.368588,True,True,,0.310208,1.678796
87_90_60_1000_0,87,60,90,1.0,0,smoother_11,True,0.498881,False,False,,0.790512,1.289393
87_90_60_1000_0,87,60,90,1.0,0,smoother_31,True,1.310083,True,True,,0.340639,1.650722
87_90_60_1000_0,87,60,90,1.0,0,accel_gap_half,True,1.368588,True,True,,0.310208,1.678796
87_90_60_1000_0,87,60,90,1.0,0,accel_gap_double,True,1.368588,True,True,,0.310208,1.678796
87_90_60_1000_0,87,60,90,1.0,0,aux_gap_half,True,1.368588,True,True,,0.310208,1.678796
87_90_60_1000_0,87,60,90,1.0,0,aux_gap_double,True,1.368588,True,True,,0.310208,1.678796
87_90_60_1000_1,87,60,90,1.0,1,current,True,1.3696009999999998,True,True,,0.300591,1.670192
87_90_60_1000_1,87,60,90,1.0,1,smoother_11,True,0.6215270000000002,True,False,,1.089735,1.711262
87_90_60_1000_1,87,60,90,1.0,1,smoother_31,True,1.300416,True,True,,0.330449,1.630865
87_90_60_1000_1,87,60,90,1.0,1,accel_gap_half,True,1.3696009999999998,True,True,,0.300591,1.670192
87_90_60_1000_1,87,60,90,1.0,1,accel_gap_double,True,1.3696009999999998,True,True,,0.300591,1.670192
87_90_60_1000_1,87,60,90,1.0,1,aux_gap_half,True,1.3696009999999998,True,True,,0.300591,1.670192
87_90_60_1000_1,87,60,90,1.0,1,aux_gap_double,True,1.3696009999999998,True,True,,0.300591,1.670192
102_0_40_500_0,102,40,0,0.5,0,current,True,2.1406,True,True,,0.289977788,2.430577788
102_0_40_500_0,102,40,0,0.5,0,smoother_11,True,0.37962000000000007,False,False,,1.380752788,1.760372788
102_0_40_500_0,102,40,0,0.5,0,smoother_31,True,2.091131,True,True,,0.309133788,2.400264788
102_0_40_500_0,102,40,0,0.5,0,accel_gap_half,True,2.1406,True,True,,0.289977788,2.430577788
102_0_40_500_0,102,40,0,0.5,0,accel_gap_double,True,2.1406,True,True,,0.289977788,2.430577788
102_0_40_500_0,102,40,0,0.5,0,aux_gap_half,True,2.1406,True,True,,0.289977788,2.430577788
102_0_40_500_0,102,40,0,0.5,0,aux_gap_double,True,2.1406,True,True,,0.289977788,2.430577788
102_0_40_500_1,102,40,0,0.5,1,current,True,2.119719,True,True,,0.310345,2.430064
102_0_40_500_1,102,40,0,0.5,1,smoother_11,True,1.039541,True,True,,0.280527,1.320068
102_0_40_500_1,102,40,0,0.5,1,smoother_31,True,2.060257,True,True,,0.34065,2.400907
102_0_40_500_1,102,40,0,0.5,1,accel_gap_half,True,2.119719,True,True,,0.310345,2.430064
102_0_40_500_1,102,40,0,0.5,1,accel_gap_double,True,2.119719,True,True,,0.310345,2.430064
102_0_40_500_1,102,40,0,0.5,1,aux_gap_half,True,2.119719,True,True,,0.310345,2.430064
102_0_40_500_1,102,40,0,0.5,1,aux_gap_double,True,2.119719,True,True,,0.310345,2.430064
102_0_20_500_0,102,20,0,0.5,0,current,True,4.279038,True,True,,0.42999,4.709028
102_0_20_500_0,102,20,0,0.5,0,smoother_11,True,0.5804670000000001,True,False,,1.189926,1.770393
102_0_20_500_0,102,20,0,0.5,0,smoother_31,True,4.329358,True,True,,0.350033,4.679391
102_0_20_500_0,102,20,0,0.5,0,accel_gap_half,True,4.279038,True,True,,0.42999,4.709028
102_0_20_500_0,102,20,0,0.5,0,accel_gap_double,True,4.279038,True,True,,0.42999,4.709028
102_0_20_500_0,102,20,0,0.5,0,aux_gap_half,True,4.279038,True,True,,0.42999,4.709028
102_0_20_500_0,102,20,0,0.5,0,aux_gap_double,True,4.279038,True,True,,0.42999,4.709028
102_0_20_500_1,102,20,0,0.5,1,current,True,2.4786740000000003,True,True,,0.320766,2.79944
102_0_20_500_1,102,20,0,0.5,1,smoother_11,True,0.549339,True,False,,0.530538,1.079877
102_0_20_500_1,102,20,0,0.5,1,smoother_31,True,4.3502,True,True,,0.350182,4.700382
102_0_20_500_1,102,20,0,0.5,1,accel_gap_half,True,2.4786740000000003,True,True,,0.320766,2.79944
102_0_20_500_1,102,20,0,0.5,1,accel_gap_double,True,2.4786740000000003,True,True,,0.320766,2.79944
102_0_20_500_1,102,20,0,0.5,1,aux_gap_half,True,2.4786740000000003,True,True,,0.320766,2.79944
102_0_20_500_1,102,20,0,0.5,1,aux_gap_double,True,2.4786740000000003,True,True,,0.320766,2.79944
102_0_40_1000_0,102,40,0,1.0,0,current,True,2.118774,True,True,,0.290094,2.408868
102_0_40_1000_0,102,40,0,1.0,0,smoother_11,True,0.5897140000000001,True,False,,1.409713,1.999427
102_0_40_1000_0,102,40,0,1.0,0,smoother_31,True,2.069677,True,True,,0.310712,2.380389
102_0_40_1000_0,102,40,0,1.0,0,accel_gap_half,True,2.118774,True,True,,0.290094,2.408868
102_0_40_1000_0,102,40,0,1.0,0,accel_gap_double,True,2.118774,True,True,,0.290094,2.408868
102_0_40_1000_0,102,40,0,1.0,0,aux_gap_half,True,2.118774,True,True,,0.290094,2.408868
102_0_40_1000_0,102,40,0,1.0,0,aux_gap_double,True,2.118774,True,True,,0.290094,2.408868
102_0_40_1000_1,102,40,0,1.0,1,current,True,2.1304779999999996,True,True,,0.319594094,2.450072094
102_0_40_1000_1,102,40,0,1.0,1,smoother_11,True,0.988794,True,False,,0.310759094,1.299553094
102_0_40_1000_1,102,40,0,1.0,1,smoother_31,True,2.059386,True,True,,0.350650094,2.410036094
102_0_40_1000_1,102,40,0,1.0,1,accel_gap_half,True,2.1304779999999996,True,True,,0.319594094,2.450072094
102_0_40_1000_1,102,40,0,1.0,1,accel_gap_double,True,2.1304779999999996,True,True,,0.319594094,2.450072094
102_0_40_1000_1,102,40,0,1.0,1,aux_gap_half,True,2.1304779999999996,True,True,,0.319594094,2.450072094
102_0_40_1000_1,102,40,0,1.0,1,aux_gap_double,True,2.1304779999999996,True,True,,0.319594094,2.450072094
102_90_40_500_0,102,40,90,0.5,0,current,True,2.109351,True,True,,0.310763771,2.420114771
102_90_40_500_0,102,40,90,0.5,0,smoother_11,True,1.139667,True,True,,0.280095771,1.419762771
102_90_40_500_0,102,40,90,0.5,0,smoother_31,True,2.0505929999999997,True,True,,0.339606771,2.390199771
102_90_40_500_0,102,40,90,0.5,0,accel_gap_half,True,2.109351,True,True,,0.310763771,2.420114771
102_90_40_500_0,102,40,90,0.5,0,accel_gap_double,True,2.109351,True,True,,0.310763771,2.420114771
102_90_40_500_0,102,40,90,0.5,0,aux_gap_half,True,2.109351,True,True,,0.310763771,2.420114771
102_90_40_500_0,102,40,90,0.5,0,aux_gap_double,True,2.109351,True,True,,0.310763771,2.420114771
102_90_40_500_1,102,40,90,0.5,1,current,True,2.128609,True,True,,0.330233,2.458842
102_90_40_500_1,102,40,90,0.5,1,smoother_11,True,1.011761,True,True,,1.229238,2.240999
102_90_40_500_1,102,40,90,0.5,1,smoother_31,True,2.07138,True,True,,0.358801,2.430181
102_90_40_500_1,102,40,90,0.5,1,accel_gap_half,True,2.128609,True,True,,0.330233,2.458842
102_90_40_500_1,102,40,90,0.5,1,accel_gap_double,True,2.128609,True,True,,0.330233,2.458842
102_90_40_500_1,102,40,90,0.5,1,aux_gap_half,True,2.128609,True,True,,0.330233,2.458842
102_90_40_500_1,102,40,90,0.5,1,aux_gap_double,True,2.128609,True,True,,0.330233,2.458842
102_45_20_1000_0,102,20,45,1.0,0,current,True,4.398624,True,True,,0.310608437,4.709232437
102_45_20_1000_0,102,20,45,1.0,0,smoother_11,True,1.270102,True,True,,2.389612437,3.659714437
102_45_20_1000_0,102,20,45,1.0,0,smoother_31,True,4.369009,True,True,,0.340223437,4.709232437
102_45_20_1000_0,102,20,45,1.0,0,accel_gap_half,True,4.398624,True,True,,0.310608437,4.709232437
102_45_20_1000_0,102,20,45,1.0,0,accel_gap_double,True,4.398624,True,True,,0.310608437,4.709232437
102_45_20_1000_0,102,20,45,1.0,0,aux_gap_half,True,4.398624,True,True,,0.310608437,4.709232437
102_45_20_1000_0,102,20,45,1.0,0,aux_gap_double,True,4.398624,True,True,,0.310608437,4.709232437
102_45_20_1000_1,102,20,45,1.0,1,current,True,4.37049,True,True,,0.310525009,4.681015009
102_45_20_1000_1,102,20,45,1.0,1,smoother_11,True,0.819679,True,False,,1.589854009,2.409533009
102_45_20_1000_1,102,20,45,1.0,1,smoother_31,True,4.299706,True,True,,0.350609009,4.650315009
102_45_20_1000_1,102,20,45,1.0,1,accel_gap_half,True,4.37049,True,True,,0.310525009,4.681015009
102_45_20_1000_1,102,20,45,1.0,1,accel_gap_double,True,4.37049,True,True,,0.310525009,4.681015009
102_45_20_1000_1,102,20,45,1.0,1,aux_gap_half,True,4.37049,True,True,,0.310525009,4.681015009
102_45_20_1000_1,102,20,45,1.0,1,aux_gap_double,True,4.37049,True,True,,0.310525009,4.681015009
102_45_40_1000_0,102,40,45,1.0,0,current,True,2.120288,True,True,,0.339793559,2.460081559
102_45_40_1000_0,102,40,45,1.0,0,smoother_11,True,1.1599039999999998,True,True,,0.910019559,2.069923559
102_45_40_1000_0,102,40,45,1.0,0,smoother_31,True,2.061967,True,True,,0.378929559,2.440896559
102_45_40_1000_0,102,40,45,1.0,0,accel_gap_half,True,2.120288,True,True,,0.339793559,2.460081559
102_45_40_1000_0,102,40,45,1.0,0,accel_gap_double,True,2.120288,True,True,,0.339793559,2.460081559
102_45_40_1000_0,102,40,45,1.0,0,aux_gap_half,True,2.120288,True,True,,0.339793559,2.460081559
102_45_40_1000_0,102,40,45,1.0,0,aux_gap_double,True,2.120288,True,True,,0.339793559,2.460081559
102_45_40_1000_1,102,40,45,1.0,1,current,True,1.171068,True,True,,1.239534,2.410602
102_45_40_1000_1,102,40,45,1.0,1,smoother_11,True,1.180328,True,True,,1.259648,2.439976
102_45_40_1000_1,102,40,45,1.0,1,smoother_31,True,2.070056,True,True,,0.310069,2.380125
102_45_40_1000_1,102,40,45,1.0,1,accel_gap_half,True,1.171068,True,True,,1.239534,2.410602
102_45_40_1000_1,102,40,45,1.0,1,accel_gap_double,True,1.171068,True,True,,1.239534,2.410602
102_45_40_1000_1,102,40,45,1.0,1,aux_gap_half,True,1.171068,True,True,,1.239534,2.410602
102_45_40_1000_1,102,40,45,1.0,1,aux_gap_double,True,1.171068,True,True,,1.239534,2.410602
102_45_60_1000_0,102,60,45,1.0,0,current,True,1.360529,True,True,,0.340707,1.701236
102_45_60_1000_0,102,60,45,1.0,0,smoother_11,True,1.409078,True,True,,0.320552,1.72963
102_45_60_1000_0,102,60,45,1.0,0,smoother_31,True,1.3112059999999999,True,True,,0.35884,1.670046
102_45_60_1000_0,102,60,45,1.0,0,accel_gap_half,True,1.360529,True,True,,0.340707,1.701236
102_45_60_1000_0,102,60,45,1.0,0,accel_gap_double,True,1.360529,True,True,,0.340707,1.701236
102_45_60_1000_0,102,60,45,1.0,0,aux_gap_half,True,1.360529,True,True,,0.340707,1.701236
102_45_60_1000_0,102,60,45,1.0,0,aux_gap_double,True,1.360529,True,True,,0.340707,1.701236
102_45_60_1000_1,102,60,45,1.0,1,current,True,1.350628,True,True,,0.350127,1.700755
102_45_60_1000_1,102,60,45,1.0,1,smoother_11,True,1.010422,True,True,,0.340718,1.35114
102_45_60_1000_1,102,60,45,1.0,1,smoother_31,True,1.2901820000000002,True,True,,0.379722,1.669904
102_45_60_1000_1,102,60,45,1.0,1,accel_gap_half,True,1.350628,True,True,,0.350127,1.700755
102_45_60_1000_1,102,60,45,1.0,1,accel_gap_double,True,1.350628,True,True,,0.350127,1.700755
102_45_60_1000_1,102,60,45,1.0,1,aux_gap_half,True,1.350628,True,True,,0.350127,1.700755
102_45_60_1000_1,102,60,45,1.0,1,aux_gap_double,True,1.350628,True,True,,0.350127,1.700755
102_90_20_1000_0,102,20,90,1.0,0,current,True,4.400348,True,True,,0.289346027,4.689694027
102_90_20_1000_0,102,20,90,1.0,0,smoother_11,True,1.0678960000000002,True,True,,0.260822027,1.328718027
102_90_20_1000_0,102,20,90,1.0,0,smoother_31,True,4.342176,True,True,,0.318620027,4.660796027
102_90_20_1000_0,102,20,90,1.0,0,accel_gap_half,True,4.400348,True,True,,0.289346027,4.689694027
102_90_20_1000_0,102,20,90,1.0,0,accel_gap_double,True,4.400348,True,True,,0.289346027,4.689694027
102_90_20_1000_0,102,20,90,1.0,0,aux_gap_half,True,4.400348,True,True,,0.289346027,4.689694027
102_90_20_1000_0,102,20,90,1.0,0,aux_gap_double,True,4.400348,True,True,,0.289346027,4.689694027
102_90_20_1000_1,102,20,90,1.0,1,current,True,4.410467,True,True,,0.29925884,4.70972584
102_90_20_1000_1,102,20,90,1.0,1,smoother_11,True,1.071195,True,True,,3.67905184,4.75024684
102_90_20_1000_1,102,20,90,1.0,1,smoother_31,True,4.340401,True,True,,0.32923484,4.66963584
102_90_20_1000_1,102,20,90,1.0,1,accel_gap_half,True,4.410467,True,True,,0.29925884,4.70972584
102_90_20_1000_1,102,20,90,1.0,1,accel_gap_double,True,4.410467,True,True,,0.29925884,4.70972584
102_90_20_1000_1,102,20,90,1.0,1,aux_gap_half,True,4.410467,True,True,,0.29925884,4.70972584
102_90_20_1000_1,102,20,90,1.0,1,aux_gap_double,True,4.410467,True,True,,0.29925884,4.70972584
102_90_40_1000_0,102,40,90,1.0,0,current,True,2.140025,True,True,,0.309737,2.449762
102_90_40_1000_0,102,40,90,1.0,0,smoother_11,True,1.361374,True,True,,0.279524,1.640898
102_90_40_1000_0,102,40,90,1.0,0,smoother_31,True,2.069321,True,True,,0.350391,2.419712
102_90_40_1000_0,102,40,90,1.0,0,accel_gap_half,True,2.140025,True,True,,0.309737,2.449762
102_90_40_1000_0,102,40,90,1.0,0,accel_gap_double,True,2.140025,True,True,,0.309737,2.449762
102_90_40_1000_0,102,40,90,1.0,0,aux_gap_half,True,2.140025,True,True,,0.309737,2.449762
102_90_40_1000_0,102,40,90,1.0,0,aux_gap_double,True,2.140025,True,True,,0.309737,2.449762
102_90_40_1000_1,102,40,90,1.0,1,current,True,2.1407,True,True,,0.339894,2.480594
102_90_40_1000_1,102,40,90,1.0,1,smoother_11,True,0.5297670000000001,True,False,,1.130002,1.659769
102_90_40_1000_1,102,40,90,1.0,1,smoother_31,True,2.109607,True,True,,0.370987,2.480594
102_90_40_1000_1,102,40,90,1.0,1,accel_gap_half,True,2.1407,True,True,,0.339894,2.480594
102_90_40_1000_1,102,40,90,1.0,1,accel_gap_double,True,2.1407,True,True,,0.339894,2.480594
102_90_40_1000_1,102,40,90,1.0,1,aux_gap_half,True,2.1407,True,True,,0.339894,2.480594
102_90_40_1000_1,102,40,90,1.0,1,aux_gap_double,True,2.1407,True,True,,0.339894,2.480594
102_90_60_1000_0,102,60,90,1.0,0,current,True,1.190225,True,True,,0.330123,1.520348
102_90_60_1000_0,102,60,90,1.0,0,smoother_11,True,0.989978,True,False,,0.520478,1.510456
102_90_60_1000_0,102,60,90,1.0,0,smoother_31,True,1.311251,True,True,,0.358725,1.669976
102_90_60_1000_0,102,60,90,1.0,0,accel_gap_half,True,1.190225,True,True,,0.330123,1.520348
102_90_60_1000_0,102,60,90,1.0,0,accel_gap_double,True,1.190225,True,True,,0.330123,1.520348
102_90_60_1000_0,102,60,90,1.0,0,aux_gap_half,True,1.190225,True,True,,0.330123,1.520348
102_90_60_1000_0,102,60,90,1.0,0,aux_gap_double,True,1.190225,True,True,,0.330123,1.520348
102_90_60_1000_1,102,60,90,1.0,1,current,True,1.360115,True,True,,0.349442,1.709557
102_90_60_1000_1,102,60,90,1.0,1,smoother_11,True,0.540467,True,False,,0.319249,0.859716
102_90_60_1000_1,102,60,90,1.0,1,smoother_31,True,1.301052,True,True,,0.379816,1.680868
102_90_60_1000_1,102,60,90,1.0,1,accel_gap_half,True,1.360115,True,True,,0.349442,1.709557
102_90_60_1000_1,102,60,90,1.0,1,accel_gap_double,True,1.360115,True,True,,0.349442,1.709557
102_90_60_1000_1,102,60,90,1.0,1,aux_gap_half,True,1.360115,True,True,,0.349442,1.709557
102_90_60_1000_1,102,60,90,1.0,1,aux_gap_double,True,1.360115,True,True,,0.349442,1.709557
103_0_40_500_0,103,40,0,0.5,0,current,True,2.130629,True,True,,0.339914629,2.470543629
103_0_40_500_0,103,40,0,0.5,0,smoother_11,True,0.7906859999999998,True,False,,1.669649629,2.460335629
103_0_40_500_0,103,40,0,0.5,0,smoother_31,True,2.1602979999999996,True,True,,0.369768629,2.530066629
103_0_40_500_0,103,40,0,0.5,0,accel_gap_half,True,2.130629,True,True,,0.339914629,2.470543629
103_0_40_500_0,103,40,0,0.5,0,accel_gap_double,True,2.130629,True,True,,0.339914629,2.470543629
103_0_40_500_0,103,40,0,0.5,0,aux_gap_half,True,2.130629,True,True,,0.339914629,2.470543629
103_0_40_500_0,103,40,0,0.5,0,aux_gap_double,True,2.130629,True,True,,0.339914629,2.470543629
103_0_40_500_1,103,40,0,0.5,1,current,True,1.448874,True,True,,1.010264678,2.459138678
103_0_40_500_1,103,40,0,0.5,1,smoother_11,True,0.628274,True,False,,0.310809678,0.939083678
103_0_40_500_1,103,40,0,0.5,1,smoother_31,True,2.0603759999999998,True,True,,0.370006678,2.430382678
103_0_40_500_1,103,40,0,0.5,1,accel_gap_half,True,1.448874,True,True,,1.010264678,2.459138678
103_0_40_500_1,103,40,0,0.5,1,accel_gap_double,True,1.448874,True,True,,1.010264678,2.459138678
103_0_40_500_1,103,40,0,0.5,1,aux_gap_half,True,1.448874,True,True,,1.010264678,2.459138678
103_0_40_500_1,103,40,0,0.5,1,aux_gap_double,True,1.448874,True,True,,1.010264678,2.459138678
103_0_20_500_0,103,20,0,0.5,0,current,True,3.920391,True,True,,0.809136,4.729527
103_0_20_500_0,103,20,0,0.5,0,smoother_11,True,0.959173,True,False,,1.840063,2.799236
103_0_20_500_0,103,20,0,0.5,0,smoother_31,True,4.341594,True,True,,0.348974,4.690568
103_0_20_500_0,103,20,0,0.5,0,accel_gap_half,True,3.920391,True,True,,0.809136,4.729527
103_0_20_500_0,103,20,0,0.5,0,accel_gap_double,True,3.920391,True,True,,0.809136,4.729527
103_0_20_500_0,103,20,0,0.5,0,aux_gap_half,True,3.920391,True,True,,0.809136,4.729527
103_0_20_500_0,103,20,0,0.5,0,aux_gap_double,True,3.920391,True,True,,0.809136,4.729527
103_0_20_500_1,103,20,0,0.5,1,current,True,3.5112110000000003,True,True,,1.179573401,4.690784401
103_0_20_500_1,103,20,0,0.5,1,smoother_11,True,0.49814000000000025,False,False,,2.920782401,3.418922401
103_0_20_500_1,103,20,0,0.5,1,smoother_31,True,4.339453,True,True,,0.320274401,4.659727401
103_0_20_500_1,103,20,0,0.5,1,accel_gap_half,True,3.5112110000000003,True,True,,1.179573401,4.690784401
103_0_20_500_1,103,20,0,0.5,1,accel_gap_double,True,3.5112110000000003,True,True,,1.179573401,4.690784401
103_0_20_500_1,103,20,0,0.5,1,aux_gap_half,True,3.5112110000000003,True,True,,1.179573401,4.690784401
103_0_20_500_1,103,20,0,0.5,1,aux_gap_double,True,3.5112110000000003,True,True,,1.179573401,4.690784401
103_0_40_1000_0,103,40,0,1.0,0,current,True,2.16915,True,True,,0.329569,2.498719
103_0_40_1000_0,103,40,0,1.0,0,smoother_11,True,1.2106270000000001,True,True,,0.95009,2.160717
103_0_40_1000_0,103,40,0,1.0,0,smoother_31,True,2.1699319999999997,True,True,,0.379337,2.549269
103_0_40_1000_0,103,40,0,1.0,0,accel_gap_half,True,2.16915,True,True,,0.329569,2.498719
103_0_40_1000_0,103,40,0,1.0,0,accel_gap_double,True,2.16915,True,True,,0.329569,2.498719
103_0_40_1000_0,103,40,0,1.0,0,aux_gap_half,True,2.16915,True,True,,0.329569,2.498719
103_0_40_1000_0,103,40,0,1.0,0,aux_gap_double,True,2.16915,True,True,,0.329569,2.498719
103_0_40_1000_1,103,40,0,1.0,1,current,True,2.149231,True,True,,0.330439389,2.479670389
103_0_40_1000_1,103,40,0,1.0,1,smoother_11,True,0.640128,True,False,,0.300046389,0.940174389
103_0_40_1000_1,103,40,0,1.0,1,smoother_31,True,2.129898,True,True,,0.359443389,2.489341389
103_0_40_1000_1,103,40,0,1.0,1,accel_gap_half,True,2.149231,True,True,,0.330439389,2.479670389
103_0_40_1000_1,103,40,0,1.0,1,accel_gap_double,True,2.149231,True,True,,0.330439389,2.479670389
103_0_40_1000_1,103,40,0,1.0,1,aux_gap_half,True,2.149231,True,True,,0.330439389,2.479670389
103_0_40_1000_1,103,40,0,1.0,1,aux_gap_double,True,2.149231,True,True,,0.330439389,2.479670389
103_90_40_500_0,103,40,90,0.5,0,current,True,1.861144,True,True,,0.309218,2.170362
103_90_40_500_0,103,40,90,0.5,0,smoother_11,True,0.489676,False,False,,1.240827,1.730503
103_90_40_500_0,103,40,90,0.5,0,smoother_31,True,2.0591369999999998,True,True,,0.340574,2.399711
103_90_40_500_0,103,40,90,0.5,0,accel_gap_half,True,1.861144,True,True,,0.309218,2.170362
103_90_40_500_0,103,40,90,0.5,0,accel_gap_double,True,1.861144,True,True,,0.309218,2.170362
103_90_40_500_0,103,40,90,0.5,0,aux_gap_half,True,1.861144,True,True,,0.309218,2.170362
103_90_40_500_0,103,40,90,0.5,0,aux_gap_double,True,1.861144,True,True,,0.309218,2.170362
103_90_40_500_1,103,40,90,0.5,1,current,True,2.130165,True,True,,0.30033397,2.43049897
103_90_40_500_1,103,40,90,0.5,1,smoother_11,True,0.5199959999999999,True,False,,1.93984397,2.45983997
103_90_40_500_1,103,40,90,0.5,1,smoother_31,True,2.068527,True,True,,0.33044297,2.39896997
103_90_40_500_1,103,40,90,0.5,1,accel_gap_half,True,2.130165,True,True,,0.30033397,2.43049897
103_90_40_500_1,103,40,90,0.5,1,accel_gap_double,True,2.130165,True,True,,0.30033397,2.43049897
103_90_40_500_1,103,40,90,0.5,1,aux_gap_half,True,2.130165,True,True,,0.30033397,2.43049897
103_90_40_500_1,103,40,90,0.5,1,aux_gap_double,True,2.130165,True,True,,0.30033397,2.43049897
103_45_20_1000_0,103,20,45,1.0,0,current,True,4.381798999999999,True,True,,0.288655109,4.670454109
103_45_20_1000_0,103,20,45,1.0,0,smoother_11,True,1.340541,True,True,,0.260205109,1.600746109
103_45_20_1000_0,103,20,45,1.0,0,smoother_31,True,4.330812,True,True,,0.319125109,4.649937109
103_45_20_1000_0,103,20,45,1.0,0,accel_gap_half,True,4.381798999999999,True,True,,0.288655109,4.670454109
103_45_20_1000_0,103,20,45,1.0,0,accel_gap_double,True,4.381798999999999,True,True,,0.288655109,4.670454109
103_45_20_1000_0,103,20,45,1.0,0,aux_gap_half,True,4.381798999999999,True,True,,0.288655109,4.670454109
103_45_20_1000_0,103,20,45,1.0,0,aux_gap_double,True,4.381798999999999,True,True,,0.288655109,4.670454109
103_45_20_1000_1,103,20,45,1.0,1,current,True,2.3083320000000005,True,True,,2.380723372,4.689055372
103_45_20_1000_1,103,20,45,1.0,1,smoother_11,True,0.719637,True,False,,0.720766372,1.440403372
103_45_20_1000_1,103,20,45,1.0,1,smoother_31,True,4.320454000000001,True,True,,0.340636372,4.661090372
103_45_20_1000_1,103,20,45,1.0,1,accel_gap_half,True,2.3083320000000005,True,True,,2.380723372,4.689055372
103_45_20_1000_1,103,20,45,1.0,1,accel_gap_double,True,2.3083320000000005,True,True,,2.380723372,4.689055372
103_45_20_1000_1,103,20,45,1.0,1,aux_gap_half,True,2.3083320000000005,True,True,,2.380723372,4.689055372
103_45_20_1000_1,103,20,45,1.0,1,aux_gap_double,True,2.3083320000000005,True,True,,2.380723372,4.689055372
103_45_40_1000_0,103,40,45,1.0,0,current,True,2.119252,True,True,,0.31067372,2.42992572
103_45_40_1000_0,103,40,45,1.0,0,smoother_11,True,1.32983,True,True,,0.27087672,1.60070672
103_45_40_1000_0,103,40,45,1.0,0,smoother_31,True,2.060195,True,True,,0.33914272,2.39933772
103_45_40_1000_0,103,40,45,1.0,0,accel_gap_half,True,2.119252,True,True,,0.31067372,2.42992572
103_45_40_1000_0,103,40,45,1.0,0,accel_gap_double,True,2.119252,True,True,,0.31067372,2.42992572
103_45_40_1000_0,103,40,45,1.0,0,aux_gap_half,True,2.119252,True,True,,0.31067372,2.42992572
103_45_40_1000_0,103,40,45,1.0,0,aux_gap_double,True,2.119252,True,True,,0.31067372,2.42992572
103_45_40_1000_1,103,40,45,1.0,1,current,True,1.2898129999999999,True,True,,1.120596562,2.410409562
103_45_40_1000_1,103,40,45,1.0,1,smoother_11,True,0.8284979999999997,True,False,,1.621186562,2.449684562
103_45_40_1000_1,103,40,45,1.0,1,smoother_31,True,2.060199,True,True,,0.319673562,2.379872562
103_45_40_1000_1,103,40,45,1.0,1,accel_gap_half,True,1.2898129999999999,True,True,,1.120596562,2.410409562
103_45_40_1000_1,103,40,45,1.0,1,accel_gap_double,True,1.2898129999999999,True,True,,1.120596562,2.410409562
103_45_40_1000_1,103,40,45,1.0,1,aux_gap_half,True,1.2898129999999999,True,True,,1.120596562,2.410409562
103_45_40_1000_1,103,40,45,1.0,1,aux_gap_double,True,1.2898129999999999,True,True,,1.120596562,2.410409562
103_45_60_1000_0,103,60,45,1.0,0,current,True,1.3698480000000002,True,True,,0.308982827,1.678830827
103_45_60_1000_0,103,60,45,1.0,0,smoother_11,True,0.759529,True,False,,0.470263827,1.229792827
103_45_60_1000_0,103,60,45,1.0,0,smoother_31,True,1.2988950000000001,True,True,,0.350113827,1.649008827
103_45_60_1000_0,103,60,45,1.0,0,accel_gap_half,True,1.3698480000000002,True,True,,0.308982827,1.678830827
103_45_60_1000_0,103,60,45,1.0,0,accel_gap_double,True,1.3698480000000002,True,True,,0.308982827,1.678830827
103_45_60_1000_0,103,60,45,1.0,0,aux_gap_half,True,1.3698480000000002,True,True,,0.308982827,1.678830827
103_45_60_1000_0,103,60,45,1.0,0,aux_gap_double,True,1.3698480000000002,True,True,,0.308982827,1.678830827
103_45_60_1000_1,103,60,45,1.0,1,current,True,1.370074,True,True,,0.301093,1.671167
103_45_60_1000_1,103,60,45,1.0,1,smoother_11,True,0.4315089999999999,False,False,,1.059641,1.49115
103_45_60_1000_1,103,60,45,1.0,1,smoother_31,True,1.3203369999999999,True,True,,0.330178,1.650515
103_45_60_1000_1,103,60,45,1.0,1,accel_gap_half,True,1.370074,True,True,,0.301093,1.671167
103_45_60_1000_1,103,60,45,1.0,1,accel_gap_double,True,1.370074,True,True,,0.301093,1.671167
103_45_60_1000_1,103,60,45,1.0,1,aux_gap_half,True,1.370074,True,True,,0.301093,1.671167
103_45_60_1000_1,103,60,45,1.0,1,aux_gap_double,True,1.370074,True,True,,0.301093,1.671167
103_90_20_1000_0,103,20,90,1.0,0,current,True,2.870849,True,True,,0.279841045,3.150690045
103_90_20_1000_0,103,20,90,1.0,0,smoother_11,True,0.819706,True,False,,1.059941045,1.879647045
103_90_20_1000_0,103,20,90,1.0,0,smoother_31,True,4.341094,True,True,,0.309119045,4.650213045
103_90_20_1000_0,103,20,90,1.0,0,accel_gap_half,True,2.870849,True,True,,0.279841045,3.150690045
103_90_20_1000_0,103,20,90,1.0,0,accel_gap_double,True,2.870849,True,True,,0.279841045,3.150690045
103_90_20_1000_0,103,20,90,1.0,0,aux_gap_half,True,2.870849,True,True,,0.279841045,3.150690045
103_90_20_1000_0,103,20,90,1.0,0,aux_gap_double,True,2.870849,True,True,,0.279841045,3.150690045
103_90_20_1000_1,103,20,90,1.0,1,current,True,4.150399,True,True,,0.299250423,4.449649423
103_90_20_1000_1,103,20,90,1.0,1,smoother_11,True,0.990367,True,False,,0.590597423,1.580964423
103_90_20_1000_1,103,20,90,1.0,1,smoother_31,True,4.358553,True,True,,0.320898423,4.679451423
103_90_20_1000_1,103,20,90,1.0,1,accel_gap_half,True,4.150399,True,True,,0.299250423,4.449649423
103_90_20_1000_1,103,20,90,1.0,1,accel_gap_double,True,4.150399,True,True,,0.299250423,4.449649423
103_90_20_1000_1,103,20,90,1.0,1,aux_gap_half,True,4.150399,True,True,,0.299250423,4.449649423
103_90_20_1000_1,103,20,90,1.0,1,aux_gap_double,True,4.150399,True,True,,0.299250423,4.449649423
103_90_40_1000_0,103,40,90,1.0,0,current,True,1.9990720000000002,True,True,,0.310554,2.309626
103_90_40_1000_0,103,40,90,1.0,0,smoother_11,True,1.0197429999999998,True,True,,1.009291,2.029034
103_90_40_1000_0,103,40,90,1.0,0,smoother_31,True,2.180148,True,True,,0.34036,2.520508
103_90_40_1000_0,103,40,90,1.0,0,accel_gap_half,True,1.9990720000000002,True,True,,0.310554,2.309626
103_90_40_1000_0,103,40,90,1.0,0,accel_gap_double,True,1.9990720000000002,True,True,,0.310554,2.309626
103_90_40_1000_0,103,40,90,1.0,0,aux_gap_half,True,1.9990720000000002,True,True,,0.310554,2.309626
103_90_40_1000_0,103,40,90,1.0,0,aux_gap_double,True,1.9990720000000002,True,True,,0.310554,2.309626
103_90_40_1000_1,103,40,90,1.0,1,current,True,2.1307810000000003,True,True,,0.310273321,2.441054321
103_90_40_1000_1,103,40,90,1.0,1,smoother_11,True,0.7599940000000001,True,False,,1.059820321,1.819814321
103_90_40_1000_1,103,40,90,1.0,1,smoother_31,True,2.068701,True,True,,0.341187321,2.409888321
103_90_40_1000_1,103,40,90,1.0,1,accel_gap_half,True,2.1307810000000003,True,True,,0.310273321,2.441054321
103_90_40_1000_1,103,40,90,1.0,1,accel_gap_double,True,2.1307810000000003,True,True,,0.310273321,2.441054321
103_90_40_1000_1,103,40,90,1.0,1,aux_gap_half,True,2.1307810000000003,True,True,,0.310273321,2.441054321
103_90_40_1000_1,103,40,90,1.0,1,aux_gap_double,True,2.1307810000000003,True,True,,0.310273321,2.441054321
103_90_60_1000_0,103,60,90,1.0,0,current,True,1.350419,True,True,,0.320271389,1.670690389
103_90_60_1000_0,103,60,90,1.0,0,smoother_11,True,0.5286709999999999,True,False,,1.000680389,1.529351389
103_90_60_1000_0,103,60,90,1.0,0,smoother_31,True,1.290297,True,True,,0.359724389,1.650021389
103_90_60_1000_0,103,60,90,1.0,0,accel_gap_half,True,1.350419,True,True,,0.320271389,1.670690389
103_90_60_1000_0,103,60,90,1.0,0,accel_gap_double,True,1.350419,True,True,,0.320271389,1.670690389
103_90_60_1000_0,103,60,90,1.0,0,aux_gap_half,True,1.350419,True,True,,0.320271389,1.670690389
103_90_60_1000_0,103,60,90,1.0,0,aux_gap_double,True,1.350419,True,True,,0.320271389,1.670690389
103_90_60_1000_1,103,60,90,1.0,1,current,True,1.1891459999999998,True,True,,0.35020705,1.53935305
103_90_60_1000_1,103,60,90,1.0,1,smoother_11,True,0.539137,True,False,,0.99050405,1.52964105
103_90_60_1000_1,103,60,90,1.0,1,smoother_31,True,1.308554,True,True,,0.38034405,1.68889805
103_90_60_1000_1,103,60,90,1.0,1,accel_gap_half,True,1.1891459999999998,True,True,,0.35020705,1.53935305
103_90_60_1000_1,103,60,90,1.0,1,accel_gap_double,True,1.1891459999999998,True,True,,0.35020705,1.53935305
103_90_60_1000_1,103,60,90,1.0,1,aux_gap_half,True,1.1891459999999998,True,True,,0.35020705,1.53935305
103_90_60_1000_1,103,60,90,1.0,1,aux_gap_double,True,1.1891459999999998,True,True,,0.35020705,1.53935305
