recording_id,surface_id,start_s,end_s,processing_boundary,raw_start_index,raw_end_index_exclusive,dependency_raw_start_index,dependency_raw_end_index_exclusive,raw_samples,raw_first_time_s,raw_last_time_s,observed_context_before_s,observed_context_after_s,source_grid_hz,source_grid_samples,output_samples,interpolation_padding,resample_padding,left_interpolation_padding_s,right_interpolation_padding_s,resample_up,resample_down,filter_window,filter_numtaps,source_rate_scope
0_0_20_500_0,0,1.7096666666666667,2.2096666666666667,raw_window_v1,14812,19142,14812,19142,4330,1.709689,2.209617,0.0,0.0,9009,4505,3000,local_endpoint_hold,local_line,2.2333333333346417e-05,0.0,2000,3003,kaiser_beta_5,60061,allowed_raw_timestamps
0_0_20_500_1,0,0.290571986,0.790571986,raw_window_v1,2480,6808,2480,6808,4328,0.290598986,0.790559986,0.0,0.0,9009,4505,3000,local_endpoint_hold,local_line,2.6999999999999247e-05,0.0,2000,3003,kaiser_beta_5,60061,allowed_raw_timestamps
0_0_20_1000_0,0,0.29,0.79,raw_window_v1,2486,6837,2486,6837,4351,0.290068,0.789941,0.0,0.0,9009,4505,3000,local_endpoint_hold,local_line,6.80000000000125e-05,3.4999444999961327e-06,2000,3003,kaiser_beta_5,60061,allowed_raw_timestamps
0_0_20_1000_1,0,0.2796666666666667,0.7796666666666667,raw_window_v1,2365,6666,2365,6666,4301,0.279755,0.779522,0.0,0.0,9009,4505,3000,local_endpoint_hold,local_line,8.83333333333014e-05,8.91666111666467e-05,2000,3003,kaiser_beta_5,60061,allowed_raw_timestamps
0_45_20_500_0,0,0.2788333333333333,0.7788333333333333,raw_window_v1,2348,6671,2348,6671,4323,0.278862,0.77874,0.0,0.0,9009,4505,3000,local_endpoint_hold,local_line,2.8666666666676832e-05,3.783327783324353e-05,2000,3003,kaiser_beta_5,60061,allowed_raw_timestamps
0_45_20_500_1,0,0.25933333333333336,0.7593333333333334,raw_window_v1,2234,6563,2234,6563,4329,0.259413,0.759319,0.0,0.0,9009,4505,3000,local_endpoint_hold,local_line,7.966666666664457e-05,0.0,2000,3003,kaiser_beta_5,60061,allowed_raw_timestamps
0_45_20_1000_0,0,2.169,2.669,raw_window_v1,18699,23069,18699,23069,4370,2.169025,2.66899,0.0,0.0,9009,4505,3000,local_endpoint_hold,local_line,2.4999999999941735e-05,0.0,2000,3003,kaiser_beta_5,60061,allowed_raw_timestamps
0_45_20_1000_1,0,0.2798333333333333,0.7798333333333334,raw_window_v1,2415,6768,2415,6768,4353,0.27984,0.779749,0.0,0.0,9009,4505,3000,local_endpoint_hold,local_line,6.66666666665483e-06,2.8833277833317794e-05,2000,3003,kaiser_beta_5,60061,allowed_raw_timestamps
0_90_20_500_0,0,0.2708534673333333,0.7708534673333334,raw_window_v1,2290,6611,2290,6611,4321,0.270879134,0.770761134,0.0,0.0,9009,4505,3000,local_endpoint_hold,local_line,2.5666666666701587e-05,3.6833277833325795e-05,2000,3003,kaiser_beta_5,60061,allowed_raw_timestamps
0_90_20_500_1,0,0.3103027646666666,0.8103027646666666,raw_window_v1,2638,7005,2638,7005,4367,0.310371098,0.810279098,0.0,0.0,9009,4505,3000,local_endpoint_hold,local_line,6.833333333339242e-05,0.0,2000,3003,kaiser_beta_5,60061,allowed_raw_timestamps
0_90_20_1000_0,0,1.529104109,2.029104109,raw_window_v1,13215,17588,13215,17588,4373,1.529136109,2.028981109,0.0,0.0,9009,4505,3000,local_endpoint_hold,local_line,3.2000000000032e-05,6.749994449961605e-05,2000,3003,kaiser_beta_5,60061,allowed_raw_timestamps
0_90_20_1000_1,0,0.3002683706666667,0.8002683706666667,raw_window_v1,2581,6931,2581,6931,4350,0.300284704,0.800194704,0.0,0.0,9009,4505,3000,local_endpoint_hold,local_line,1.6333333333340416e-05,1.8166611166603452e-05,2000,3003,kaiser_beta_5,60061,allowed_raw_timestamps
0_135_20_500_0,0,0.330117419,0.830117419,raw_window_v1,2830,7177,2830,7177,4347,0.330138419,0.830061419,0.0,0.0,9009,4505,3000,local_endpoint_hold,local_line,2.0999999999993246e-05,4.99944500020888e-07,2000,3003,kaiser_beta_5,60061,allowed_raw_timestamps
0_135_20_500_1,0,0.2602687066666667,0.7602687066666667,raw_window_v1,2239,6557,2239,6557,4318,0.26037804,0.76016604,0.0,0.0,9009,4505,3000,local_endpoint_hold,local_line,0.00010933333333329465,4.716661116666021e-05,2000,3003,kaiser_beta_5,60061,allowed_raw_timestamps
0_135_20_1000_0,0,0.3,0.8,raw_window_v1,2573,6897,2573,6897,4324,0.300015,0.799939,0.0,0.0,9009,4505,3000,local_endpoint_hold,local_line,1.4999999999987246e-05,5.499944500053644e-06,2000,3003,kaiser_beta_5,60061,allowed_raw_timestamps
0_135_20_1000_1,0,0.6093852733333333,1.1093852733333334,raw_window_v1,5200,9511,5200,9511,4311,0.60939594,1.10931994,0.0,0.0,9009,4505,3000,local_endpoint_hold,local_line,1.0666666666714342e-05,9.833277833104503e-06,2000,3003,kaiser_beta_5,60061,allowed_raw_timestamps
0_180_20_500_0,0,0.7097023366666667,1.2097023366666666,raw_window_v1,6114,10448,6114,10448,4334,0.70976567,1.20961667,0.0,0.0,9009,4505,3000,local_endpoint_hold,local_line,6.333333333330415e-05,3.0166611166837498e-05,2000,3003,kaiser_beta_5,60061,allowed_raw_timestamps
0_180_20_500_1,0,0.29024452466666667,0.7902445246666667,raw_window_v1,2502,6810,2502,6810,4308,0.290304858,0.790193858,0.0,0.0,9009,4505,3000,local_endpoint_hold,local_line,6.033333333332891e-05,0.0,2000,3003,kaiser_beta_5,60061,allowed_raw_timestamps
0_180_20_1000_0,0,2.2488333333333332,2.7488333333333332,raw_window_v1,19308,23611,19308,23611,4303,2.248944,2.748815,0.0,0.0,9009,4505,3000,local_endpoint_hold,local_line,0.0001106666666665923,0.0,2000,3003,kaiser_beta_5,60061,allowed_raw_timestamps
0_180_20_1000_1,0,0.6108333333333333,1.1108333333333333,raw_window_v1,5163,9508,5163,9508,4345,0.61091,1.110815,0.0,0.0,9009,4505,3000,local_endpoint_hold,local_line,7.666666666661381e-05,0.0,2000,3003,kaiser_beta_5,60061,allowed_raw_timestamps
0_225_20_500_0,0,0.299051668,0.7990516679999999,raw_window_v1,2545,6851,2545,6851,4306,0.299081668,0.798980668,0.0,0.0,9091,4546,3000,local_endpoint_hold,local_line,3.0000000000030003e-05,1.6000549994510394e-05,6000,9091,kaiser_beta_5,181821,allowed_raw_timestamps
0_225_20_500_1,0,0.2808765936666667,0.7808765936666666,raw_window_v1,2377,6693,2377,6693,4316,0.280945927,0.780857927,0.0,0.0,9009,4505,3000,local_endpoint_hold,local_line,6.933333333331015e-05,0.0,2000,3003,kaiser_beta_5,60061,allowed_raw_timestamps
0_225_20_1000_0,0,1.4995,1.9995,raw_window_v1,12909,17129,12909,17129,4220,1.499556,1.999458,0.0,0.0,9009,4505,3000,local_endpoint_hold,local_line,5.599999999983396e-05,0.0,2000,3003,kaiser_beta_5,60061,allowed_raw_timestamps
0_225_20_1000_1,0,0.301096399,0.801096399,raw_window_v1,2575,6912,2575,6912,4337,0.301171399,0.801075399,0.0,0.0,9009,4505,3000,local_endpoint_hold,local_line,7.499999999999174e-05,0.0,2000,3003,kaiser_beta_5,60061,allowed_raw_timestamps
0_270_20_500_0,0,0.289874023,0.789874023,raw_window_v1,2506,6841,2506,6841,4335,0.289975023,0.789836023,0.0,0.0,9050,4525,3000,local_endpoint_hold,local_line,0.00010100000000001774,0.0,120,181,kaiser_beta_5,3621,allowed_raw_timestamps
0_270_20_500_1,0,0.28,0.78,raw_window_v1,2369,6689,2369,6689,4320,0.280098,0.779893,0.0,0.0,9009,4505,3000,local_endpoint_hold,local_line,9.799999999998699e-05,5.149994450004414e-05,2000,3003,kaiser_beta_5,60061,allowed_raw_timestamps
0_270_20_1000_0,0,1.749,2.249,raw_window_v1,15106,19350,15106,19350,4244,1.749014,2.248891,0.0,0.0,9009,4505,3000,local_endpoint_hold,local_line,1.399999999995849e-05,5.3499944499879604e-05,2000,3003,kaiser_beta_5,60061,allowed_raw_timestamps
0_270_20_1000_1,0,0.27956964100000004,0.779569641,raw_window_v1,2392,6685,2392,6685,4293,0.279668641,0.779461641,0.0,0.0,9009,4505,3000,local_endpoint_hold,local_line,9.899999999996023e-05,5.249994449996187e-05,2000,3003,kaiser_beta_5,60061,allowed_raw_timestamps
0_315_20_500_0,0,0.28,0.78,raw_window_v1,2419,6751,2419,6751,4332,0.280066,0.779925,0.0,0.0,9009,4505,3000,local_endpoint_hold,local_line,6.599999999995498e-05,1.9499944500012134e-05,2000,3003,kaiser_beta_5,60061,allowed_raw_timestamps
0_315_20_500_1,0,2.219,2.719,raw_window_v1,19190,23507,19190,23507,4317,2.219077,2.718181,0.0,0.0,9009,4505,3000,local_endpoint_hold,local_line,7.700000000010476e-05,0.000763499944499646,2000,3003,kaiser_beta_5,60061,allowed_raw_timestamps
0_315_20_1000_0,0,0.2693333333333333,0.7693333333333333,raw_window_v1,2290,6582,2290,6582,4292,0.269402,0.769273,0.0,0.0,9009,4505,3000,local_endpoint_hold,local_line,6.866666666666132e-05,4.833277833293792e-06,2000,3003,kaiser_beta_5,60061,allowed_raw_timestamps
0_315_20_1000_1,0,0.28,0.78,raw_window_v1,2386,6693,2386,6693,4307,0.280083,0.779948,0.0,0.0,9009,4505,3000,local_endpoint_hold,local_line,8.299999999999974e-05,0.0,2000,3003,kaiser_beta_5,60061,allowed_raw_timestamps
0_0_40_500_0,0,0.28997353433333334,0.7899735343333334,raw_window_v1,2483,6773,2483,6773,4290,0.290044201,0.789925201,0.0,0.0,9009,4505,3000,local_endpoint_hold,local_line,7.066666666666332e-05,0.0,2000,3003,kaiser_beta_5,60061,allowed_raw_timestamps
0_0_40_500_1,0,0.33066666666666666,0.8306666666666667,raw_window_v1,2785,7087,2785,7087,4302,0.330718,0.830593,0.0,0.0,9009,4505,3000,local_endpoint_hold,local_line,5.1333333333347664e-05,1.8166611166603452e-05,2000,3003,kaiser_beta_5,60061,allowed_raw_timestamps
0_0_40_1000_0,0,0.969077448,1.469077448,raw_window_v1,8319,12672,8319,12672,4353,0.969083448,1.468971448,0.0,0.0,9009,4505,3000,local_endpoint_hold,local_line,6.000000000061512e-06,5.049994449990436e-05,2000,3003,kaiser_beta_5,60061,allowed_raw_timestamps
0_0_40_1000_1,0,0.3400858573333333,0.8400858573333333,raw_window_v1,2913,7181,2913,7181,4268,0.340176524,0.840033524,0.0,0.0,9009,4505,3000,local_endpoint_hold,local_line,9.066666666668333e-05,0.0,2000,3003,kaiser_beta_5,60061,allowed_raw_timestamps
0_45_40_500_0,0,0.2806666666666667,0.7806666666666666,raw_window_v1,2365,6693,2365,6693,4328,0.280674,0.780582,0.0,0.0,9009,4505,3000,local_endpoint_hold,local_line,7.33333333330366e-06,2.9166611166586698e-05,2000,3003,kaiser_beta_5,60061,allowed_raw_timestamps
0_45_40_500_1,0,0.29107297099999996,0.791072971,raw_window_v1,2465,6776,2465,6776,4311,0.291139971,0.790996971,0.0,0.0,9009,4505,3000,local_endpoint_hold,local_line,6.700000000003925e-05,2.0499944499929867e-05,2000,3003,kaiser_beta_5,60061,allowed_raw_timestamps
0_45_40_1000_0,0,0.3005,0.8005,raw_window_v1,2529,6863,2529,6863,4334,0.300602,0.800456,0.0,0.0,9009,4505,3000,local_endpoint_hold,local_line,0.00010199999999999099,0.0,2000,3003,kaiser_beta_5,60061,allowed_raw_timestamps
0_45_40_1000_1,0,1.019558154,1.519558154,raw_window_v1,8776,13135,8776,13135,4359,1.019596154,1.519485154,0.0,0.0,9009,4505,3000,local_endpoint_hold,local_line,3.799999999998249e-05,1.7499944499954623e-05,2000,3003,kaiser_beta_5,60061,allowed_raw_timestamps
0_90_40_500_0,0,0.299,0.7989999999999999,raw_window_v1,2560,6759,2560,6759,4199,0.299113,0.798951,0.0,0.0,9009,4505,3000,local_endpoint_hold,local_line,0.00011300000000002974,0.0,2000,3003,kaiser_beta_5,60061,allowed_raw_timestamps
0_90_40_500_1,0,0.2997558556666667,0.7997558556666666,raw_window_v1,2537,6831,2537,6831,4294,0.299839189,0.799738189,0.0,0.0,9009,4505,3000,local_endpoint_hold,local_line,8.333333333332416e-05,0.0,2000,3003,kaiser_beta_5,60061,allowed_raw_timestamps
0_90_40_1000_0,0,0.29933333333333334,0.7993333333333333,raw_window_v1,2542,6849,2542,6849,4307,0.299385,0.799225,0.0,0.0,9009,4505,3000,local_endpoint_hold,local_line,5.166666666667208e-05,5.2833277833341796e-05,2000,3003,kaiser_beta_5,60061,allowed_raw_timestamps
0_90_40_1000_1,0,0.291,0.7909999999999999,raw_window_v1,2452,6754,2452,6754,4302,0.291009,0.790924,0.0,0.0,9009,4505,3000,local_endpoint_hold,local_line,9.000000000036756e-06,2.0499944499929867e-05,2000,3003,kaiser_beta_5,60061,allowed_raw_timestamps
0_135_40_500_0,0,0.300292303,0.800292303,raw_window_v1,2573,6883,2573,6883,4310,0.300306303,0.800186303,0.0,0.0,9009,4505,3000,local_endpoint_hold,local_line,1.4000000000014001e-05,5.049994449990436e-05,2000,3003,kaiser_beta_5,60061,allowed_raw_timestamps
0_135_40_500_1,0,0.299559871,0.799559871,raw_window_v1,2534,6827,2534,6827,4293,0.299600871,0.799529871,0.0,0.0,9009,4505,3000,local_endpoint_hold,local_line,4.100000000001325e-05,0.0,2000,3003,kaiser_beta_5,60061,allowed_raw_timestamps
0_135_40_1000_0,0,0.28954813199999996,0.789548132,raw_window_v1,2483,6803,2483,6803,4320,0.289550132,0.789318132,0.0,0.0,9009,4505,3000,local_endpoint_hold,local_line,2.0000000000575113e-06,0.00017449994449991735,2000,3003,kaiser_beta_5,60061,allowed_raw_timestamps
0_135_40_1000_1,0,0.34,0.8400000000000001,raw_window_v1,2931,7194,2931,7194,4263,0.340016,0.83992,0.0,0.0,9009,4505,3000,local_endpoint_hold,local_line,1.599999999996049e-05,2.449994450004489e-05,2000,3003,kaiser_beta_5,60061,allowed_raw_timestamps
0_180_40_500_0,0,0.2995,0.7995,raw_window_v1,2554,6912,2554,6912,4358,0.299522,0.79943,0.0,0.0,9009,4505,3000,local_endpoint_hold,local_line,2.2000000000022002e-05,1.4499944499979378e-05,2000,3003,kaiser_beta_5,60061,allowed_raw_timestamps
0_180_40_500_1,0,0.291,0.7909999999999999,raw_window_v1,2515,6780,2515,6780,4265,0.291092,0.790944,0.0,0.0,9009,4505,3000,local_endpoint_hold,local_line,9.20000000000365e-05,4.999444999098657e-07,2000,3003,kaiser_beta_5,60061,allowed_raw_timestamps
0_180_40_1000_0,0,0.2902015036666667,0.7902015036666667,raw_window_v1,2456,6795,2456,6795,4339,0.290292837,0.790194837,0.0,0.0,9009,4505,3000,local_endpoint_hold,local_line,9.133333333333216e-05,0.0,2000,3003,kaiser_beta_5,60061,allowed_raw_timestamps
0_180_40_1000_1,0,0.291106575,0.7911065749999999,raw_window_v1,2498,6770,2498,6770,4272,0.291174575,0.791078575,0.0,0.0,9009,4505,3000,local_endpoint_hold,local_line,6.80000000000125e-05,0.0,2000,3003,kaiser_beta_5,60061,allowed_raw_timestamps
0_225_40_500_0,0,0.2803333333333333,0.7803333333333333,raw_window_v1,2334,6686,2334,6686,4352,0.280398,0.780333,0.0,0.0,9009,4505,3000,local_endpoint_hold,local_line,6.466666666665732e-05,0.0,2000,3003,kaiser_beta_5,60061,allowed_raw_timestamps
0_225_40_500_1,0,0.2906666666666667,0.7906666666666666,raw_window_v1,2452,6699,2452,6699,4247,0.290727,0.790577,0.0,0.0,9009,4505,3000,local_endpoint_hold,local_line,6.033333333332891e-05,3.4166611166619454e-05,2000,3003,kaiser_beta_5,60061,allowed_raw_timestamps
0_225_40_1000_0,0,0.48123467766666667,0.9812346776666667,raw_window_v1,4016,8340,4016,8340,4324,0.481313011,0.981168011,0.0,0.0,9009,4505,3000,local_endpoint_hold,local_line,7.833333333334691e-05,1.116661116673523e-05,2000,3003,kaiser_beta_5,60061,allowed_raw_timestamps
0_225_40_1000_1,0,0.2902594806666667,0.7902594806666667,raw_window_v1,2481,6796,2481,6796,4315,0.290278814,0.790190814,0.0,0.0,9091,4546,3000,local_endpoint_hold,local_line,1.933333333331566e-05,1.3667216661183978e-05,6000,9091,kaiser_beta_5,181821,allowed_raw_timestamps
0_270_40_500_0,0,0.29033333333333333,0.7903333333333333,raw_window_v1,2453,6743,2453,6743,4290,0.290379,0.790227,0.0,0.0,9009,4505,3000,local_endpoint_hold,local_line,4.566666666666608e-05,5.0833277833284285e-05,2000,3003,kaiser_beta_5,60061,allowed_raw_timestamps
0_270_40_500_1,0,0.28037545433333333,0.7803754543333333,raw_window_v1,2369,6606,2369,6606,4237,0.280425121,0.780298121,0.0,0.0,9009,4505,3000,local_endpoint_hold,local_line,4.966666666667008e-05,2.183327783333855e-05,2000,3003,kaiser_beta_5,60061,allowed_raw_timestamps
0_270_40_1000_0,0,0.289517665,0.789517665,raw_window_v1,2455,6711,2455,6711,4256,0.289535665,0.789447665,0.0,0.0,9009,4505,3000,local_endpoint_hold,local_line,1.8000000000018e-05,1.4499944499979378e-05,2000,3003,kaiser_beta_5,60061,allowed_raw_timestamps
0_270_40_1000_1,0,0.2805277903333333,0.7805277903333333,raw_window_v1,2410,6753,2410,6753,4343,0.280578457,0.780448457,0.0,0.0,9009,4505,3000,local_endpoint_hold,local_line,5.0666666666698834e-05,2.3833277833285038e-05,2000,3003,kaiser_beta_5,60061,allowed_raw_timestamps
0_315_40_500_0,0,0.3006758536666667,0.8006758536666667,raw_window_v1,2564,6888,2564,6888,4324,0.300759187,0.800655187,0.0,0.0,9091,4546,3000,local_endpoint_hold,local_line,8.333333333326864e-05,0.0,6000,9091,kaiser_beta_5,181821,allowed_raw_timestamps
0_315_40_500_1,0,0.3,0.8,raw_window_v1,2541,6735,2541,6735,4194,0.300055,0.799946,0.0,0.0,9009,4505,3000,local_endpoint_hold,local_line,5.500000000002725e-05,0.0,2000,3003,kaiser_beta_5,60061,allowed_raw_timestamps
0_315_40_1000_0,0,0.29883333333333334,0.7988333333333333,raw_window_v1,2571,6865,2571,6865,4294,0.29892,0.798748,0.0,0.0,9009,4505,3000,local_endpoint_hold,local_line,8.666666666667933e-05,2.9833277833235528e-05,2000,3003,kaiser_beta_5,60061,allowed_raw_timestamps
0_315_40_1000_1,0,0.28079156000000005,0.78079156,raw_window_v1,2409,6700,2409,6700,4291,0.28086956,0.78069356,0.0,0.0,9009,4505,3000,local_endpoint_hold,local_line,7.799999999996698e-05,4.249994450000738e-05,2000,3003,kaiser_beta_5,60061,allowed_raw_timestamps
0_0_60_500_0,0,0.33,0.8300000000000001,raw_window_v1,2793,7001,2793,7001,4208,0.330047,0.82996,0.0,0.0,9009,4505,3000,local_endpoint_hold,local_line,4.699999999996374e-05,0.0,2000,3003,kaiser_beta_5,60061,allowed_raw_timestamps
0_0_60_500_1,0,0.3506666666666667,0.8506666666666667,raw_window_v1,2939,7213,2939,7213,4274,0.350732,0.850627,0.0,0.0,9009,4505,3000,local_endpoint_hold,local_line,6.533333333330615e-05,0.0,2000,3003,kaiser_beta_5,60061,allowed_raw_timestamps
0_0_60_1000_0,0,0.36033333333333334,0.8603333333333334,raw_window_v1,3039,7361,3039,7361,4322,0.360463,0.860229,0.0,0.0,9009,4505,3000,local_endpoint_hold,local_line,0.00012966666666663906,4.8833277833337796e-05,2000,3003,kaiser_beta_5,60061,allowed_raw_timestamps
0_0_60_1000_1,0,0.33,0.8300000000000001,raw_window_v1,2846,7051,2846,7051,4205,0.330025,0.829934,0.0,0.0,9009,4505,3000,local_endpoint_hold,local_line,2.4999999999997247e-05,1.04999445000864e-05,2000,3003,kaiser_beta_5,60061,allowed_raw_timestamps
0_45_60_500_0,0,0.301,0.8009999999999999,raw_window_v1,2534,6850,2534,6850,4316,0.301055,0.800909,0.0,0.0,9009,4505,3000,local_endpoint_hold,local_line,5.500000000002725e-05,3.549994449991711e-05,2000,3003,kaiser_beta_5,60061,allowed_raw_timestamps
0_45_60_500_1,0,0.28992229733333336,0.7899222973333333,raw_window_v1,2493,6790,2493,6790,4297,0.289939964,0.789796964,0.0,0.0,9009,4505,3000,local_endpoint_hold,local_line,1.7666666666638076e-05,6.983327783327553e-05,2000,3003,kaiser_beta_5,60061,allowed_raw_timestamps
0_45_60_1000_0,0,0.3002256716666667,0.8002256716666667,raw_window_v1,2566,6899,2566,6899,4333,0.300277005,0.800170005,0.0,0.0,9009,4505,3000,local_endpoint_hold,local_line,5.133333333329215e-05,1.6661116664096198e-07,2000,3003,kaiser_beta_5,60061,allowed_raw_timestamps
0_45_60_1000_1,0,0.3101909606666666,0.8101909606666666,raw_window_v1,2615,6859,2615,6859,4244,0.310288294,0.810084294,0.0,0.0,9009,4505,3000,local_endpoint_hold,local_line,9.733333333339367e-05,5.116661116655319e-05,2000,3003,kaiser_beta_5,60061,allowed_raw_timestamps
0_90_60_500_0,0,0.29924032266666667,0.7992403226666667,raw_window_v1,2568,6871,2568,6871,4303,0.299240656,0.799154656,0.0,0.0,9009,4505,3000,local_endpoint_hold,local_line,3.3333333332441484e-07,3.0166611166615453e-05,2000,3003,kaiser_beta_5,60061,allowed_raw_timestamps
0_90_60_500_1,0,1.020065315,1.520065315,raw_window_v1,8684,13047,8684,13047,4363,1.020114315,1.519959315,0.0,0.0,9009,4505,3000,local_endpoint_hold,local_line,4.899999999996574e-05,5.0499944500126404e-05,2000,3003,kaiser_beta_5,60061,allowed_raw_timestamps
0_90_60_1000_0,0,0.3005,0.8005,raw_window_v1,2600,6946,2600,6946,4346,0.300591,0.800271,0.0,0.0,9009,4505,3000,local_endpoint_hold,local_line,9.100000000000774e-05,0.00017349994449999961,2000,3003,kaiser_beta_5,60061,allowed_raw_timestamps
0_90_60_1000_1,0,0.2795,0.7795000000000001,raw_window_v1,2387,6668,2387,6668,4281,0.279526,0.779491,0.0,0.0,9009,4505,3000,local_endpoint_hold,local_line,2.599999999997049e-05,0.0,2000,3003,kaiser_beta_5,60061,allowed_raw_timestamps
0_135_60_500_0,0,0.31130815666666667,0.8113081566666667,raw_window_v1,2672,7009,2672,7009,4337,0.31137149,0.81126549,0.0,0.0,9009,4505,3000,local_endpoint_hold,local_line,6.333333333330415e-05,0.0,2000,3003,kaiser_beta_5,60061,allowed_raw_timestamps
0_135_60_500_1,0,0.31126555366666664,0.8112655536666666,raw_window_v1,2678,6997,2678,6997,4319,0.311308887,0.811216887,0.0,0.0,9009,4505,3000,local_endpoint_hold,local_line,4.333333333333966e-05,0.0,2000,3003,kaiser_beta_5,60061,allowed_raw_timestamps
0_135_60_1000_0,0,0.30922201166666663,0.8092220116666666,raw_window_v1,2684,6974,2684,6974,4290,0.309267345,0.809130345,0.0,0.0,9009,4505,3000,local_endpoint_hold,local_line,4.5333333333397174e-05,3.616661116656594e-05,2000,3003,kaiser_beta_5,60061,allowed_raw_timestamps
0_135_60_1000_1,0,0.29987090633333335,0.7998709063333334,raw_window_v1,2580,6897,2580,6897,4317,0.299963573,0.799869573,0.0,0.0,9009,4505,3000,local_endpoint_hold,local_line,9.266666666662982e-05,0.0,2000,3003,kaiser_beta_5,60061,allowed_raw_timestamps
0_180_60_500_0,0,0.309649939,0.809649939,raw_window_v1,2648,6962,2648,6962,4314,0.309738939,0.809635939,0.0,0.0,9009,4505,3000,local_endpoint_hold,local_line,8.900000000000574e-05,0.0,2000,3003,kaiser_beta_5,60061,allowed_raw_timestamps
0_180_60_500_1,0,0.3006666666666667,0.8006666666666666,raw_window_v1,2597,6875,2597,6875,4278,0.300746,0.8006,0.0,0.0,9009,4505,3000,local_endpoint_hold,local_line,7.933333333332016e-05,1.1166611166624207e-05,2000,3003,kaiser_beta_5,60061,allowed_raw_timestamps
0_180_60_1000_0,0,0.31071458066666663,0.8107145806666667,raw_window_v1,2680,6934,2680,6934,4254,0.310738914,0.810659914,0.0,0.0,9009,4505,3000,local_endpoint_hold,local_line,2.4333333333348417e-05,0.0,2000,3003,kaiser_beta_5,60061,allowed_raw_timestamps
0_180_60_1000_1,0,0.6991816456666667,1.1991816456666666,raw_window_v1,5986,10285,5986,10285,4299,0.699202979,1.199125979,0.0,0.0,9009,4505,3000,local_endpoint_hold,local_line,2.133333333320664e-05,1.666111668630066e-07,2000,3003,kaiser_beta_5,60061,allowed_raw_timestamps
0_225_60_500_0,0,0.2911666666666667,0.7911666666666667,raw_window_v1,2486,6722,2486,6722,4236,0.291186,0.791103,0.0,0.0,9009,4505,3000,local_endpoint_hold,local_line,1.933333333331566e-05,8.166611166648963e-06,2000,3003,kaiser_beta_5,60061,allowed_raw_timestamps
0_225_60_500_1,0,0.3195,0.8195,raw_window_v1,2732,7034,2732,7034,4302,0.31961,0.819403,0.0,0.0,9091,4546,3000,local_endpoint_hold,local_line,0.00010999999999999899,4.2000549994480885e-05,6000,9091,kaiser_beta_5,181821,allowed_raw_timestamps
0_225_60_1000_0,0,0.3308760943333333,0.8308760943333333,raw_window_v1,2843,7204,2843,7204,4361,0.330983761,0.830734761,0.0,0.0,9009,4505,3000,local_endpoint_hold,local_line,0.00010766666666667257,8.583327783329153e-05,2000,3003,kaiser_beta_5,60061,allowed_raw_timestamps
0_225_60_1000_1,0,0.30934279333333337,0.8093427933333334,raw_window_v1,2654,6997,2654,6997,4343,0.30940346,0.80926146,0.0,0.0,9009,4505,3000,local_endpoint_hold,local_line,6.0666666666653324e-05,2.583327783334255e-05,2000,3003,kaiser_beta_5,60061,allowed_raw_timestamps
0_270_60_500_0,0,0.320017659,0.820017659,raw_window_v1,2758,7042,2758,7042,4284,0.320113659,0.819982659,0.0,0.0,9009,4505,3000,local_endpoint_hold,local_line,9.599999999998499e-05,0.0,2000,3003,kaiser_beta_5,60061,allowed_raw_timestamps
0_270_60_500_1,0,0.29083333333333333,0.7908333333333333,raw_window_v1,2458,6791,2458,6791,4333,0.290947,0.790736,0.0,0.0,9009,4505,3000,local_endpoint_hold,local_line,0.00011366666666667857,4.183327783324753e-05,2000,3003,kaiser_beta_5,60061,allowed_raw_timestamps
0_270_60_1000_0,0,0.329557963,0.8295579630000001,raw_window_v1,2847,7196,2847,7196,4349,0.329635963,0.829494963,0.0,0.0,9009,4505,3000,local_endpoint_hold,local_line,7.799999999996698e-05,7.499944500000133e-06,2000,3003,kaiser_beta_5,60061,allowed_raw_timestamps
0_270_60_1000_1,0,0.48091265033333336,0.9809126503333334,raw_window_v1,4097,8398,4097,8398,4301,0.480978317,0.980911317,0.0,0.0,9009,4505,3000,local_endpoint_hold,local_line,6.566666666663057e-05,0.0,2000,3003,kaiser_beta_5,60061,allowed_raw_timestamps
0_315_60_500_0,0,0.3103582203333333,0.8103582203333333,raw_window_v1,2680,6921,2680,6921,4241,0.310680887,0.810328887,0.0,0.0,9009,4505,3000,local_endpoint_hold,local_line,0.0003226666666666933,0.0,2000,3003,kaiser_beta_5,60061,allowed_raw_timestamps
0_315_60_500_1,0,0.31,0.81,raw_window_v1,2546,6830,2546,6830,4284,0.310833,0.809959,0.0,0.0,9009,4505,3000,local_endpoint_hold,local_line,0.0008330000000000282,0.0,2000,3003,kaiser_beta_5,60061,allowed_raw_timestamps
0_315_60_1000_0,0,0.30916666666666665,0.8091666666666666,raw_window_v1,2652,6948,2652,6948,4296,0.309199,0.809154,0.0,0.0,9009,4505,3000,local_endpoint_hold,local_line,3.233333333335642e-05,0.0,2000,3003,kaiser_beta_5,60061,allowed_raw_timestamps
0_315_60_1000_1,0,0.29933635533333336,0.7993363553333334,raw_window_v1,2531,6799,2531,6799,4268,0.299388022,0.799183022,0.0,0.0,9009,4505,3000,local_endpoint_hold,local_line,5.166666666661657e-05,9.783327783330353e-05,2000,3003,kaiser_beta_5,60061,allowed_raw_timestamps
38_0_20_500_0,38,1.011078156,1.511078156,raw_window_v1,8815,13167,8815,13167,4352,1.011098156,1.511035156,0.0,0.0,9091,4546,3000,local_endpoint_hold,local_line,2.0000000000131024e-05,0.0,6000,9091,kaiser_beta_5,181821,allowed_raw_timestamps
38_0_20_500_1,38,0.290008174,0.790008174,raw_window_v1,2473,6768,2473,6768,4295,0.290078174,0.789997174,0.0,0.0,9009,4505,3000,local_endpoint_hold,local_line,7.00000000000145e-05,0.0,2000,3003,kaiser_beta_5,60061,allowed_raw_timestamps
38_0_20_1000_0,38,0.2886666666666667,0.7886666666666666,raw_window_v1,2485,6823,2485,6823,4338,0.288739,0.788576,0.0,0.0,9009,4505,3000,local_endpoint_hold,local_line,7.233333333334091e-05,3.516661116653719e-05,2000,3003,kaiser_beta_5,60061,allowed_raw_timestamps
38_0_20_1000_1,38,1.3295428189999998,1.8295428189999998,raw_window_v1,11356,15636,11356,15636,4280,1.329626819,1.829481819,0.0,0.0,9009,4505,3000,local_endpoint_hold,local_line,8.400000000019503e-05,5.499944499831599e-06,2000,3003,kaiser_beta_5,60061,allowed_raw_timestamps
38_45_20_500_0,38,0.299520891,0.799520891,raw_window_v1,2592,6869,2592,6869,4277,0.299526891,0.799505891,0.0,0.0,9009,4505,3000,local_endpoint_hold,local_line,6.0000000000060005e-06,0.0,2000,3003,kaiser_beta_5,60061,allowed_raw_timestamps
38_45_20_500_1,38,0.2897192986666667,0.7897192986666667,raw_window_v1,2488,6857,2488,6857,4369,0.289748632,0.789645632,0.0,0.0,9009,4505,3000,local_endpoint_hold,local_line,2.9333333333325662e-05,1.8166611166603452e-05,2000,3003,kaiser_beta_5,60061,allowed_raw_timestamps
38_45_20_1000_0,38,0.2804221883333333,0.7804221883333333,raw_window_v1,2383,6756,2383,6756,4373,0.280475855,0.780370855,0.0,0.0,9009,4505,3000,local_endpoint_hold,local_line,5.366666666667408e-05,0.0,2000,3003,kaiser_beta_5,60061,allowed_raw_timestamps
38_45_20_1000_1,38,0.29136809933333335,0.7913680993333334,raw_window_v1,2495,6794,2495,6794,4299,0.291441766,0.791328766,0.0,0.0,9009,4505,3000,local_endpoint_hold,local_line,7.366666666663857e-05,0.0,2000,3003,kaiser_beta_5,60061,allowed_raw_timestamps
38_90_20_500_0,38,1.1305,1.6305,raw_window_v1,9820,14158,9820,14158,4338,1.130571,1.630396,0.0,0.0,9009,4505,3000,local_endpoint_hold,local_line,7.099999999993223e-05,4.849994450006889e-05,2000,3003,kaiser_beta_5,60061,allowed_raw_timestamps
38_90_20_500_1,38,1.191073799,1.691073799,raw_window_v1,10341,14708,10341,14708,4367,1.191104799,1.691004799,0.0,0.0,9009,4505,3000,local_endpoint_hold,local_line,3.100000000011427e-05,1.3499944500061645e-05,2000,3003,kaiser_beta_5,60061,allowed_raw_timestamps
38_90_20_1000_0,38,0.310058167,0.810058167,raw_window_v1,2654,7026,2654,7026,4372,0.310074167,0.809962167,0.0,0.0,9009,4505,3000,local_endpoint_hold,local_line,1.6000000000016e-05,4.049994449994987e-05,2000,3003,kaiser_beta_5,60061,allowed_raw_timestamps
38_90_20_1000_1,38,2.219609533,2.719609533,raw_window_v1,19079,23429,19079,23429,4350,2.219682533,2.719567533,0.0,0.0,9009,4505,3000,local_endpoint_hold,local_line,7.299999999998974e-05,0.0,2000,3003,kaiser_beta_5,60061,allowed_raw_timestamps
38_135_20_500_0,38,0.28883333333333333,0.7888333333333333,raw_window_v1,2459,6776,2459,6776,4317,0.288834,0.788787,0.0,0.0,9009,4505,3000,local_endpoint_hold,local_line,6.666666666488297e-07,0.0,2000,3003,kaiser_beta_5,60061,allowed_raw_timestamps
38_135_20_500_1,38,1.951104071,2.451104071,raw_window_v1,16914,21290,16914,21290,4376,1.951177071,2.451024071,0.0,0.0,9009,4505,3000,local_endpoint_hold,local_line,7.299999999998974e-05,2.4499944499822846e-05,2000,3003,kaiser_beta_5,60061,allowed_raw_timestamps
38_135_20_1000_0,38,0.28086751633333334,0.7808675163333334,raw_window_v1,2431,6732,2431,6732,4301,0.280977183,0.780834183,0.0,0.0,9009,4505,3000,local_endpoint_hold,local_line,0.00010966666666667457,0.0,2000,3003,kaiser_beta_5,60061,allowed_raw_timestamps
38_135_20_1000_1,38,0.28109296600000006,0.7810929660000001,raw_window_v1,2394,6728,2394,6728,4334,0.281158966,0.780992966,0.0,0.0,9009,4505,3000,local_endpoint_hold,local_line,6.599999999995498e-05,4.449994450006489e-05,2000,3003,kaiser_beta_5,60061,allowed_raw_timestamps
38_180_20_500_0,38,0.2794380403333333,0.7794380403333333,raw_window_v1,2411,6694,2411,6694,4283,0.279453707,0.779369707,0.0,0.0,9009,4505,3000,local_endpoint_hold,local_line,1.5666666666691587e-05,1.2833277833301793e-05,2000,3003,kaiser_beta_5,60061,allowed_raw_timestamps
38_180_20_500_1,38,0.2811820016666667,0.7811820016666666,raw_window_v1,2401,6742,2401,6742,4341,0.281187335,0.781146335,0.0,0.0,9009,4505,3000,local_endpoint_hold,local_line,5.33333333330166e-06,0.0,2000,3003,kaiser_beta_5,60061,allowed_raw_timestamps
38_180_20_1000_0,38,1.5499203583333334,2.0499203583333334,raw_window_v1,13266,17607,13266,17607,4341,1.549938025,2.049828025,0.0,0.0,9009,4505,3000,local_endpoint_hold,local_line,1.7666666666693587e-05,3.683327783310375e-05,2000,3003,kaiser_beta_5,60061,allowed_raw_timestamps
38_180_20_1000_1,38,0.281,0.781,raw_window_v1,2430,6717,2430,6717,4287,0.281048,0.780997,0.0,0.0,9009,4505,3000,local_endpoint_hold,local_line,4.799999999999249e-05,0.0,2000,3003,kaiser_beta_5,60061,allowed_raw_timestamps
38_225_20_500_0,38,0.2792387336666667,0.7792387336666666,raw_window_v1,2348,6647,2348,6647,4299,0.279245067,0.779130067,0.0,0.0,9009,4505,3000,local_endpoint_hold,local_line,6.333333333330415e-06,5.31666111666107e-05,2000,3003,kaiser_beta_5,60061,allowed_raw_timestamps
38_225_20_500_1,38,0.7797223706666666,1.2797223706666667,raw_window_v1,6674,11003,6674,11003,4329,0.779794704,1.279612704,0.0,0.0,9009,4505,3000,local_endpoint_hold,local_line,7.233333333334091e-05,5.416661116641741e-05,2000,3003,kaiser_beta_5,60061,allowed_raw_timestamps
38_225_20_1000_0,38,0.28983333333333333,0.7898333333333334,raw_window_v1,2411,6701,2411,6701,4290,0.290016,0.789738,0.0,0.0,9009,4505,3000,local_endpoint_hold,local_line,0.0001826666666666643,3.983327783330104e-05,2000,3003,kaiser_beta_5,60061,allowed_raw_timestamps
38_225_20_1000_1,38,0.2895,0.7895,raw_window_v1,2442,6721,2442,6721,4279,0.289545,0.789412,0.0,0.0,9009,4505,3000,local_endpoint_hold,local_line,4.500000000001725e-05,3.249994449994187e-05,2000,3003,kaiser_beta_5,60061,allowed_raw_timestamps
38_270_20_500_0,38,1.3902861256666668,1.8902861256666668,raw_window_v1,12097,16466,12097,16466,4369,1.390394459,1.890236459,0.0,0.0,9009,4505,3000,local_endpoint_hold,local_line,0.00010833333333315487,0.0,2000,3003,kaiser_beta_5,60061,allowed_raw_timestamps
38_270_20_500_1,38,0.27066666666666667,0.7706666666666666,raw_window_v1,2300,6596,2300,6596,4296,0.270741,0.770619,0.0,0.0,9009,4505,3000,local_endpoint_hold,local_line,7.433333333334291e-05,0.0,2000,3003,kaiser_beta_5,60061,allowed_raw_timestamps
38_270_20_1000_0,38,2.3205,2.8205,raw_window_v1,19957,24257,19957,24257,4300,2.320516,2.820454,0.0,0.0,9009,4505,3000,local_endpoint_hold,local_line,1.6000000000016e-05,0.0,2000,3003,kaiser_beta_5,60061,allowed_raw_timestamps
38_270_20_1000_1,38,0.2794143803333333,0.7794143803333333,raw_window_v1,2383,6694,2383,6694,4311,0.279759047,0.779331047,0.0,0.0,9009,4505,3000,local_endpoint_hold,local_line,0.0003446666666666598,2.783327783328904e-05,2000,3003,kaiser_beta_5,60061,allowed_raw_timestamps
38_315_20_500_0,38,0.27985258533333335,0.7798525853333333,raw_window_v1,2382,6682,2382,6682,4300,0.279854252,0.779741252,0.0,0.0,9009,4505,3000,local_endpoint_hold,local_line,1.6666666666775853e-06,5.583327783331704e-05,2000,3003,kaiser_beta_5,60061,allowed_raw_timestamps
38_315_20_500_1,38,0.2798931573333333,0.7798931573333333,raw_window_v1,2387,6707,2387,6707,4320,0.279994824,0.779885824,0.0,0.0,9009,4505,3000,local_endpoint_hold,local_line,0.00010166666666666657,0.0,2000,3003,kaiser_beta_5,60061,allowed_raw_timestamps
38_315_20_1000_0,38,1.7498333333333334,2.249833333333333,raw_window_v1,15039,19354,15039,19354,4315,1.749885,2.249735,0.0,0.0,9009,4505,3000,local_endpoint_hold,local_line,5.1666666666561056e-05,4.283327783349833e-05,2000,3003,kaiser_beta_5,60061,allowed_raw_timestamps
38_315_20_1000_1,38,0.2786666666666667,0.7786666666666666,raw_window_v1,2402,6701,2402,6701,4299,0.278728,0.778631,0.0,0.0,9009,4505,3000,local_endpoint_hold,local_line,6.133333333330215e-05,0.0,2000,3003,kaiser_beta_5,60061,allowed_raw_timestamps
38_0_40_500_0,38,0.2906666666666667,0.7906666666666666,raw_window_v1,2510,6855,2510,6855,4345,0.290683,0.790587,0.0,0.0,9009,4505,3000,local_endpoint_hold,local_line,1.6333333333340416e-05,2.4166611166553942e-05,2000,3003,kaiser_beta_5,60061,allowed_raw_timestamps
38_0_40_500_1,38,0.31066666666666665,0.8106666666666666,raw_window_v1,2674,6987,2674,6987,4313,0.310722,0.810592,0.0,0.0,9009,4505,3000,local_endpoint_hold,local_line,5.5333333333351664e-05,1.9166611166632208e-05,2000,3003,kaiser_beta_5,60061,allowed_raw_timestamps
38_0_40_1000_0,38,0.2901666666666667,0.7901666666666667,raw_window_v1,2464,6765,2464,6765,4301,0.290274,0.790095,0.0,0.0,9009,4505,3000,local_endpoint_hold,local_line,0.00010733333333329265,1.6166611166656963e-05,2000,3003,kaiser_beta_5,60061,allowed_raw_timestamps
38_0_40_1000_1,38,0.2999690913333333,0.7999690913333333,raw_window_v1,2527,6834,2527,6834,4307,0.299987758,0.799878758,0.0,0.0,9009,4505,3000,local_endpoint_hold,local_line,1.866666666666683e-05,3.4833277833268284e-05,2000,3003,kaiser_beta_5,60061,allowed_raw_timestamps
38_45_40_500_0,38,0.2911666666666667,0.7911666666666667,raw_window_v1,2510,6782,2510,6782,4272,0.291267,0.791055,0.0,0.0,9009,4505,3000,local_endpoint_hold,local_line,0.0001003333333333134,5.616661116669697e-05,2000,3003,kaiser_beta_5,60061,allowed_raw_timestamps
38_45_40_500_1,38,0.309,0.8089999999999999,raw_window_v1,2665,6999,2665,6999,4334,0.309021,0.808916,0.0,0.0,9009,4505,3000,local_endpoint_hold,local_line,2.0999999999993246e-05,2.8499944499937868e-05,2000,3003,kaiser_beta_5,60061,allowed_raw_timestamps
38_45_40_1000_0,38,0.30936371733333334,0.8093637173333333,raw_window_v1,2653,6932,2653,6932,4279,0.309447384,0.809251384,0.0,0.0,9009,4505,3000,local_endpoint_hold,local_line,8.366666666664857e-05,5.68332778333458e-05,2000,3003,kaiser_beta_5,60061,allowed_raw_timestamps
38_45_40_1000_1,38,0.2893476166666667,0.7893476166666666,raw_window_v1,2477,6781,2477,6781,4304,0.28938995,0.78924895,0.0,0.0,9009,4505,3000,local_endpoint_hold,local_line,4.233333333331091e-05,4.316661116665621e-05,2000,3003,kaiser_beta_5,60061,allowed_raw_timestamps
38_90_40_500_0,38,1.1196666666666666,1.6196666666666666,raw_window_v1,9657,14012,9657,14012,4355,1.119671,1.619632,0.0,0.0,9009,4505,3000,local_endpoint_hold,local_line,4.333333333494949e-06,0.0,2000,3003,kaiser_beta_5,60061,allowed_raw_timestamps
38_90_40_500_1,38,0.3197153466666667,0.8197153466666667,raw_window_v1,2781,7072,2781,7072,4291,0.31974368,0.81967368,0.0,0.0,9009,4505,3000,local_endpoint_hold,local_line,2.8333333333296906e-05,0.0,2000,3003,kaiser_beta_5,60061,allowed_raw_timestamps
38_90_40_1000_0,38,0.320636631,0.820636631,raw_window_v1,2750,7033,2750,7033,4283,0.320674631,0.820569631,0.0,0.0,9009,4505,3000,local_endpoint_hold,local_line,3.799999999998249e-05,1.1499944499893111e-05,2000,3003,kaiser_beta_5,60061,allowed_raw_timestamps
38_90_40_1000_1,38,0.31133333333333335,0.8113333333333334,raw_window_v1,2672,6833,2672,6833,4161,0.311408,0.811326,0.0,0.0,9009,4505,3000,local_endpoint_hold,local_line,7.466666666666733e-05,0.0,2000,3003,kaiser_beta_5,60061,allowed_raw_timestamps
38_135_40_500_0,38,0.299,0.7989999999999999,raw_window_v1,2541,6850,2541,6850,4309,0.299061,0.798947,0.0,0.0,9009,4505,3000,local_endpoint_hold,local_line,6.100000000003325e-05,0.0,2000,3003,kaiser_beta_5,60061,allowed_raw_timestamps
38_135_40_500_1,38,0.2795,0.7795000000000001,raw_window_v1,2422,6702,2422,6702,4280,0.279535,0.77944,0.0,0.0,9009,4505,3000,local_endpoint_hold,local_line,3.4999999999951736e-05,4.499944500024888e-06,2000,3003,kaiser_beta_5,60061,allowed_raw_timestamps
38_135_40_1000_0,38,0.28983333333333333,0.7898333333333334,raw_window_v1,2500,6717,2500,6717,4217,0.2899,0.789756,0.0,0.0,9009,4505,3000,local_endpoint_hold,local_line,6.666666666665932e-05,2.183327783333855e-05,2000,3003,kaiser_beta_5,60061,allowed_raw_timestamps
38_135_40_1000_1,38,0.29067102666666667,0.7906710266666667,raw_window_v1,2466,6774,2466,6774,4308,0.29074036,0.79063736,0.0,0.0,9009,4505,3000,local_endpoint_hold,local_line,6.933333333331015e-05,0.0,2000,3003,kaiser_beta_5,60061,allowed_raw_timestamps
38_180_40_500_0,38,0.30101503,0.8010150300000001,raw_window_v1,2595,6871,2595,6871,4276,0.30103903,0.80093403,0.0,0.0,9009,4505,3000,local_endpoint_hold,local_line,2.399999999996849e-05,2.5499944500073646e-05,2000,3003,kaiser_beta_5,60061,allowed_raw_timestamps
38_180_40_500_1,38,0.28983333333333333,0.7898333333333334,raw_window_v1,2502,6822,2502,6822,4320,0.289893,0.789741,0.0,0.0,9009,4505,3000,local_endpoint_hold,local_line,5.966666666668008e-05,3.6833277833325795e-05,2000,3003,kaiser_beta_5,60061,allowed_raw_timestamps
38_180_40_1000_0,38,0.2998714983333333,0.7998714983333333,raw_window_v1,2600,6928,2600,6928,4328,0.299954165,0.799856165,0.0,0.0,9009,4505,3000,local_endpoint_hold,local_line,8.266666666667533e-05,0.0,2000,3003,kaiser_beta_5,60061,allowed_raw_timestamps
38_180_40_1000_1,38,0.2798390413333333,0.7798390413333334,raw_window_v1,2399,6650,2399,6650,4251,0.279909708,0.779815708,0.0,0.0,9009,4505,3000,local_endpoint_hold,local_line,7.066666666666332e-05,0.0,2000,3003,kaiser_beta_5,60061,allowed_raw_timestamps
38_225_40_500_0,38,0.31138071733333333,0.8113807173333334,raw_window_v1,2660,6958,2660,6958,4298,0.311469384,0.811365384,0.0,0.0,9009,4505,3000,local_endpoint_hold,local_line,8.866666666668133e-05,0.0,2000,3003,kaiser_beta_5,60061,allowed_raw_timestamps
38_225_40_500_1,38,0.3005,0.8005,raw_window_v1,2571,6849,2571,6849,4278,0.300554,0.800461,0.0,0.0,9009,4505,3000,local_endpoint_hold,local_line,5.3999999999998494e-05,0.0,2000,3003,kaiser_beta_5,60061,allowed_raw_timestamps
38_225_40_1000_0,38,0.29033333333333333,0.7903333333333333,raw_window_v1,2451,6720,2451,6720,4269,0.29037,0.790028,0.0,0.0,9009,4505,3000,local_endpoint_hold,local_line,3.666666666668483e-05,0.0002498332778333445,2000,3003,kaiser_beta_5,60061,allowed_raw_timestamps
38_225_40_1000_1,38,0.32033333333333336,0.8203333333333334,raw_window_v1,2708,6956,2708,6956,4248,0.320439,0.820319,0.0,0.0,9009,4505,3000,local_endpoint_hold,local_line,0.00010566666666661506,0.0,2000,3003,kaiser_beta_5,60061,allowed_raw_timestamps
38_270_40_500_0,38,1.3297923116666668,1.8297923116666668,raw_window_v1,11476,15829,11476,15829,4353,1.329811645,1.829752645,0.0,0.0,9009,4505,3000,local_endpoint_hold,local_line,1.9333333333149127e-05,0.0,2000,3003,kaiser_beta_5,60061,allowed_raw_timestamps
38_270_40_500_1,38,0.3006666666666667,0.8006666666666666,raw_window_v1,2566,6864,2566,6864,4298,0.300747,0.800665,0.0,0.0,9009,4505,3000,local_endpoint_hold,local_line,8.03333333332934e-05,0.0,2000,3003,kaiser_beta_5,60061,allowed_raw_timestamps
38_270_40_1000_0,38,0.5303333333333333,1.0303333333333333,raw_window_v1,4568,8865,4568,8865,4297,0.530528,1.030265,0.0,0.0,9009,4505,3000,local_endpoint_hold,local_line,0.0001946666666666763,1.2833277833301793e-05,2000,3003,kaiser_beta_5,60061,allowed_raw_timestamps
38_270_40_1000_1,38,0.3105,0.8105,raw_window_v1,2675,6999,2675,6999,4324,0.31058,0.810461,0.0,0.0,9009,4505,3000,local_endpoint_hold,local_line,8.00000000000245e-05,0.0,2000,3003,kaiser_beta_5,60061,allowed_raw_timestamps
38_315_40_500_0,38,0.3008489873333333,0.8008489873333333,raw_window_v1,2589,6889,2589,6889,4300,0.300924654,0.800773654,0.0,0.0,9009,4505,3000,local_endpoint_hold,local_line,7.566666666669608e-05,1.9833277833281038e-05,2000,3003,kaiser_beta_5,60061,allowed_raw_timestamps
38_315_40_500_1,38,0.31033333333333335,0.8103333333333333,raw_window_v1,2677,7016,2677,7016,4339,0.310383,0.810237,0.0,0.0,9009,4505,3000,local_endpoint_hold,local_line,4.966666666667008e-05,4.0833277833329795e-05,2000,3003,kaiser_beta_5,60061,allowed_raw_timestamps
38_315_40_1000_0,38,0.300647667,0.800647667,raw_window_v1,2560,6827,2560,6827,4267,0.300708667,0.800612667,0.0,0.0,9009,4505,3000,local_endpoint_hold,local_line,6.099999999997774e-05,0.0,2000,3003,kaiser_beta_5,60061,allowed_raw_timestamps
38_315_40_1000_1,38,0.31018515266666663,0.8101851526666666,raw_window_v1,2666,6963,2666,6963,4297,0.310234486,0.810113486,0.0,0.0,9009,4505,3000,local_endpoint_hold,local_line,4.9333333333345664e-05,1.616661116654594e-05,2000,3003,kaiser_beta_5,60061,allowed_raw_timestamps
38_0_60_500_0,38,0.2994014993333333,0.7994014993333334,raw_window_v1,2578,6859,2578,6859,4281,0.299436166,0.799339166,0.0,0.0,9009,4505,3000,local_endpoint_hold,local_line,3.466666666668283e-05,6.833277833351303e-06,2000,3003,kaiser_beta_5,60061,allowed_raw_timestamps
38_0_60_500_1,38,0.2998416116666667,0.7998416116666667,raw_window_v1,2559,6808,2559,6808,4249,0.300188945,0.799831945,0.0,0.0,9009,4505,3000,local_endpoint_hold,local_line,0.0003473333333333106,0.0,2000,3003,kaiser_beta_5,60061,allowed_raw_timestamps
38_0_60_1000_0,38,0.28933333333333333,0.7893333333333333,raw_window_v1,2502,6831,2502,6831,4329,0.289427,0.789253,0.0,0.0,9009,4505,3000,local_endpoint_hold,local_line,9.366666666665857e-05,2.4833277833313794e-05,2000,3003,kaiser_beta_5,60061,allowed_raw_timestamps
38_0_60_1000_1,38,0.31133333333333335,0.8113333333333334,raw_window_v1,2677,6938,2677,6938,4261,0.311418,0.811312,0.0,0.0,9009,4505,3000,local_endpoint_hold,local_line,8.466666666662181e-05,0.0,2000,3003,kaiser_beta_5,60061,allowed_raw_timestamps
38_45_60_500_0,38,0.32072461566666666,0.8207246156666667,raw_window_v1,2735,7013,2735,7013,4278,0.320817949,0.820669949,0.0,0.0,9009,4505,3000,local_endpoint_hold,local_line,9.333333333333416e-05,0.0,2000,3003,kaiser_beta_5,60061,allowed_raw_timestamps
38_45_60_500_1,38,0.319552723,0.8195527229999999,raw_window_v1,2777,7124,2777,7124,4347,0.319611723,0.819457723,0.0,0.0,9009,4505,3000,local_endpoint_hold,local_line,5.900000000003125e-05,3.9499944499921114e-05,2000,3003,kaiser_beta_5,60061,allowed_raw_timestamps
38_45_60_1000_0,38,0.31083333333333335,0.8108333333333333,raw_window_v1,2679,6975,2679,6975,4296,0.310913,0.810811,0.0,0.0,9009,4505,3000,local_endpoint_hold,local_line,7.966666666664457e-05,0.0,2000,3003,kaiser_beta_5,60061,allowed_raw_timestamps
38_45_60_1000_1,38,0.2991666666666667,0.7991666666666667,raw_window_v1,2521,6788,2521,6788,4267,0.299207,0.799147,0.0,0.0,9009,4505,3000,local_endpoint_hold,local_line,4.033333333330891e-05,0.0,2000,3003,kaiser_beta_5,60061,allowed_raw_timestamps
38_90_60_500_0,38,0.31092758833333334,0.8109275883333333,raw_window_v1,2695,7035,2695,7035,4340,0.310960255,0.810919255,0.0,0.0,9009,4505,3000,local_endpoint_hold,local_line,3.266666666668083e-05,0.0,2000,3003,kaiser_beta_5,60061,allowed_raw_timestamps
38_90_60_500_1,38,0.31,0.81,raw_window_v1,2627,6949,2627,6949,4322,0.310004,0.809925,0.0,0.0,9009,4505,3000,local_endpoint_hold,local_line,4.000000000004e-06,1.9499944500012134e-05,2000,3003,kaiser_beta_5,60061,allowed_raw_timestamps
38_90_60_1000_0,38,0.32016666666666665,0.8201666666666667,raw_window_v1,2722,6995,2722,6995,4273,0.320266,0.820159,0.0,0.0,9009,4505,3000,local_endpoint_hold,local_line,9.933333333334016e-05,0.0,2000,3003,kaiser_beta_5,60061,allowed_raw_timestamps
38_90_60_1000_1,38,0.309036708,0.809036708,raw_window_v1,2665,7003,2665,7003,4338,0.309076708,0.808979708,0.0,0.0,9009,4505,3000,local_endpoint_hold,local_line,3.999999999998449e-05,1.4999445000496436e-06,2000,3003,kaiser_beta_5,60061,allowed_raw_timestamps
38_135_60_500_0,38,0.4595,0.9595,raw_window_v1,3938,8238,3938,8238,4300,0.459517,0.959406,0.0,0.0,9009,4505,3000,local_endpoint_hold,local_line,1.6999999999989246e-05,3.849994450000338e-05,2000,3003,kaiser_beta_5,60061,allowed_raw_timestamps
38_135_60_500_1,38,0.2894408266666667,0.7894408266666667,raw_window_v1,2463,6732,2463,6732,4269,0.28951516,0.78935716,0.0,0.0,9009,4505,3000,local_endpoint_hold,local_line,7.43333333332874e-05,2.8166611166668964e-05,2000,3003,kaiser_beta_5,60061,allowed_raw_timestamps
38_135_60_1000_0,38,0.3205,0.8205,raw_window_v1,2748,7022,2748,7022,4274,0.320504,0.820397,0.0,0.0,9009,4505,3000,local_endpoint_hold,local_line,4.000000000004e-06,4.7499944499929114e-05,2000,3003,kaiser_beta_5,60061,allowed_raw_timestamps
38_135_60_1000_1,38,0.28983333333333333,0.7898333333333334,raw_window_v1,2442,6756,2442,6756,4314,0.289904,0.789795,0.0,0.0,9009,4505,3000,local_endpoint_hold,local_line,7.066666666666332e-05,0.0,2000,3003,kaiser_beta_5,60061,allowed_raw_timestamps
38_180_60_500_0,38,0.31016666666666665,0.8101666666666667,raw_window_v1,2655,6992,2655,6992,4337,0.310239,0.81011,0.0,0.0,9009,4505,3000,local_endpoint_hold,local_line,7.233333333334091e-05,1.1666111666697176e-06,2000,3003,kaiser_beta_5,60061,allowed_raw_timestamps
38_180_60_500_1,38,0.30916666666666665,0.8091666666666666,raw_window_v1,2641,6992,2641,6992,4351,0.309207,0.80906,0.0,0.0,9009,4505,3000,local_endpoint_hold,local_line,4.033333333336442e-05,5.116661116655319e-05,2000,3003,kaiser_beta_5,60061,allowed_raw_timestamps
38_180_60_1000_0,38,0.309035218,0.809035218,raw_window_v1,2624,6859,2624,6859,4235,0.309134218,0.809034218,0.0,0.0,9009,4505,3000,local_endpoint_hold,local_line,9.900000000001574e-05,0.0,2000,3003,kaiser_beta_5,60061,allowed_raw_timestamps
38_180_60_1000_1,38,0.2997178206666667,0.7997178206666666,raw_window_v1,2597,6855,2597,6855,4258,0.299732154,0.799626154,0.0,0.0,9009,4505,3000,local_endpoint_hold,local_line,1.4333333333282905e-05,3.616661116656594e-05,2000,3003,kaiser_beta_5,60061,allowed_raw_timestamps
38_225_60_500_0,38,0.310047151,0.810047151,raw_window_v1,2640,6976,2640,6976,4336,0.310051151,0.809939151,0.0,0.0,9009,4505,3000,local_endpoint_hold,local_line,4.000000000004e-06,5.249994449996187e-05,2000,3003,kaiser_beta_5,60061,allowed_raw_timestamps
38_225_60_500_1,38,0.330065694,0.830065694,raw_window_v1,2809,7119,2809,7119,4310,0.330101694,0.830001694,0.0,0.0,9009,4505,3000,local_endpoint_hold,local_line,3.599999999998049e-05,8.499944499917866e-06,2000,3003,kaiser_beta_5,60061,allowed_raw_timestamps
38_225_60_1000_0,38,0.2996666666666667,0.7996666666666667,raw_window_v1,2505,6785,2505,6785,4280,0.299719,0.799605,0.0,0.0,9009,4505,3000,local_endpoint_hold,local_line,5.233333333332091e-05,6.166611166702474e-06,2000,3003,kaiser_beta_5,60061,allowed_raw_timestamps
38_225_60_1000_1,38,0.2907012016666667,0.7907012016666667,raw_window_v1,2444,6805,2444,6805,4361,0.290768535,0.790560535,0.0,0.0,9009,4505,3000,local_endpoint_hold,local_line,6.733333333330815e-05,8.51666111666427e-05,2000,3003,kaiser_beta_5,60061,allowed_raw_timestamps
38_270_60_500_0,38,1.111109916,1.611109916,raw_window_v1,9465,13809,9465,13809,4344,1.111168916,1.610981916,0.0,0.0,9009,4505,3000,local_endpoint_hold,local_line,5.900000000003125e-05,7.249994449987085e-05,2000,3003,kaiser_beta_5,60061,allowed_raw_timestamps
38_270_60_500_1,38,0.31975456366666666,0.8197545636666667,raw_window_v1,2742,7008,2742,7008,4266,0.319794897,0.819678897,0.0,0.0,9009,4505,3000,local_endpoint_hold,local_line,4.033333333336442e-05,2.0166611166660964e-05,2000,3003,kaiser_beta_5,60061,allowed_raw_timestamps
38_270_60_1000_0,38,0.28958785033333334,0.7895878503333333,raw_window_v1,2431,6736,2431,6736,4305,0.289598517,0.789487517,0.0,0.0,9009,4505,3000,local_endpoint_hold,local_line,1.066666666665883e-05,4.4833277833333796e-05,2000,3003,kaiser_beta_5,60061,allowed_raw_timestamps
38_270_60_1000_1,38,0.31034853233333337,0.8103485323333334,raw_window_v1,2677,6926,2677,6926,4249,0.310424199,0.810269199,0.0,0.0,9009,4505,3000,local_endpoint_hold,local_line,7.566666666664057e-05,2.3833277833285038e-05,2000,3003,kaiser_beta_5,60061,allowed_raw_timestamps
38_315_60_500_0,38,0.32078987666666664,0.8207898766666666,raw_window_v1,2757,6999,2757,6999,4242,0.32088621,0.82072421,0.0,0.0,9009,4505,3000,local_endpoint_hold,local_line,9.633333333336491e-05,1.0166611166595452e-05,2000,3003,kaiser_beta_5,60061,allowed_raw_timestamps
38_315_60_500_1,38,0.3008333616666667,0.8008333616666667,raw_window_v1,2574,6880,2574,6880,4306,0.300916695,0.800765695,0.0,0.0,9009,4505,3000,local_endpoint_hold,local_line,8.333333333332416e-05,1.2166611166652963e-05,2000,3003,kaiser_beta_5,60061,allowed_raw_timestamps
38_315_60_1000_0,38,0.30983333333333335,0.8098333333333334,raw_window_v1,2666,6908,2666,6908,4242,0.309916,0.809812,0.0,0.0,9009,4505,3000,local_endpoint_hold,local_line,8.266666666667533e-05,0.0,2000,3003,kaiser_beta_5,60061,allowed_raw_timestamps
38_315_60_1000_1,38,0.30916666666666665,0.8091666666666666,raw_window_v1,2675,6979,2675,6979,4304,0.309212,0.809056,0.0,0.0,9009,4505,3000,local_endpoint_hold,local_line,4.533333333334166e-05,5.516661116655719e-05,2000,3003,kaiser_beta_5,60061,allowed_raw_timestamps
49_0_20_500_0,49,0.2912499396666667,0.7912499396666667,raw_window_v1,2487,6752,2487,6752,4265,0.291371273,0.791195273,0.0,0.0,9009,4505,3000,local_endpoint_hold,local_line,0.00012133333333330665,0.0,2000,3003,kaiser_beta_5,60061,allowed_raw_timestamps
49_0_20_500_1,49,0.9108333333333334,1.4108333333333334,raw_window_v1,7822,12179,7822,12179,4357,0.910846,1.410805,0.0,0.0,9009,4505,3000,local_endpoint_hold,local_line,1.266666666666083e-05,0.0,2000,3003,kaiser_beta_5,60061,allowed_raw_timestamps
49_0_20_1000_0,49,2.2798333333333334,2.7798333333333334,raw_window_v1,19783,24142,19783,24142,4359,2.279894,2.779778,0.0,0.0,9009,4505,3000,local_endpoint_hold,local_line,6.0666666666708835e-05,0.0,2000,3003,kaiser_beta_5,60061,allowed_raw_timestamps
49_0_20_1000_1,49,0.38033333333333336,0.8803333333333334,raw_window_v1,3276,7644,3276,7644,4368,0.380422,0.88031,0.0,0.0,9009,4505,3000,local_endpoint_hold,local_line,8.866666666662582e-05,0.0,2000,3003,kaiser_beta_5,60061,allowed_raw_timestamps
49_45_20_500_0,49,0.2901666666666667,0.7901666666666667,raw_window_v1,2510,6889,2510,6889,4379,0.290234,0.79013,0.0,0.0,9009,4505,3000,local_endpoint_hold,local_line,6.733333333330815e-05,0.0,2000,3003,kaiser_beta_5,60061,allowed_raw_timestamps
49_45_20_500_1,49,0.2886666666666667,0.7886666666666666,raw_window_v1,2473,6830,2473,6830,4357,0.288686,0.788612,0.0,0.0,9009,4505,3000,local_endpoint_hold,local_line,1.933333333331566e-05,0.0,2000,3003,kaiser_beta_5,60061,allowed_raw_timestamps
49_45_20_1000_0,49,0.299042706,0.799042706,raw_window_v1,2543,6890,2543,6890,4347,0.299071706,0.798959706,0.0,0.0,9009,4505,3000,local_endpoint_hold,local_line,2.9000000000001247e-05,2.7499944500020135e-05,2000,3003,kaiser_beta_5,60061,allowed_raw_timestamps
49_45_20_1000_1,49,0.2911666666666667,0.7911666666666667,raw_window_v1,2468,6839,2468,6839,4371,0.291175,0.791064,0.0,0.0,9009,4505,3000,local_endpoint_hold,local_line,8.333333333332416e-06,4.716661116666021e-05,2000,3003,kaiser_beta_5,60061,allowed_raw_timestamps
49_90_20_500_0,49,0.31,0.81,raw_window_v1,2652,6985,2652,6985,4333,0.310062,0.809927,0.0,0.0,9009,4505,3000,local_endpoint_hold,local_line,6.20000000000065e-05,1.7499944500065645e-05,2000,3003,kaiser_beta_5,60061,allowed_raw_timestamps
49_90_20_500_1,49,0.2897566866666667,0.7897566866666668,raw_window_v1,2508,6720,2508,6720,4212,0.28983502,0.78971502,0.0,0.0,9009,4505,3000,local_endpoint_hold,local_line,7.83333333332914e-05,0.0,2000,3003,kaiser_beta_5,60061,allowed_raw_timestamps
49_90_20_1000_0,49,2.4502230476666664,2.9502230476666664,raw_window_v1,21261,25617,21261,25617,4356,2.450319381,2.950152381,0.0,0.0,9009,4505,3000,local_endpoint_hold,local_line,9.633333333347593e-05,1.5166611166517185e-05,2000,3003,kaiser_beta_5,60061,allowed_raw_timestamps
49_90_20_1000_1,49,0.299,0.7989999999999999,raw_window_v1,2561,6883,2561,6883,4322,0.299031,0.798917,0.0,0.0,9009,4505,3000,local_endpoint_hold,local_line,3.100000000000325e-05,2.7499944499909112e-05,2000,3003,kaiser_beta_5,60061,allowed_raw_timestamps
49_135_20_500_0,49,0.3001666666666667,0.8001666666666667,raw_window_v1,2545,6930,2545,6930,4385,0.300178,0.800145,0.0,0.0,9009,4505,3000,local_endpoint_hold,local_line,1.133333333330766e-05,0.0,2000,3003,kaiser_beta_5,60061,allowed_raw_timestamps
49_135_20_500_1,49,0.3001666666666667,0.8001666666666667,raw_window_v1,2562,6923,2562,6923,4361,0.300196,0.800152,0.0,0.0,9009,4505,3000,local_endpoint_hold,local_line,2.9333333333325662e-05,0.0,2000,3003,kaiser_beta_5,60061,allowed_raw_timestamps
49_135_20_1000_0,49,0.299560104,0.799560104,raw_window_v1,2527,6846,2527,6846,4319,0.299618104,0.799515104,0.0,0.0,9009,4505,3000,local_endpoint_hold,local_line,5.8000000000002494e-05,0.0,2000,3003,kaiser_beta_5,60061,allowed_raw_timestamps
49_135_20_1000_1,49,0.2995,0.7995,raw_window_v1,2525,6841,2525,6841,4316,0.299515,0.79938,0.0,0.0,9009,4505,3000,local_endpoint_hold,local_line,1.4999999999987246e-05,6.449994449997387e-05,2000,3003,kaiser_beta_5,60061,allowed_raw_timestamps
49_180_20_500_0,49,0.30104551,0.80104551,raw_window_v1,2588,6942,2588,6942,4354,0.30115951,0.80102451,0.0,0.0,9009,4505,3000,local_endpoint_hold,local_line,0.00011400000000000299,0.0,2000,3003,kaiser_beta_5,60061,allowed_raw_timestamps
49_180_20_500_1,49,2.3703375453333333,2.8703375453333333,raw_window_v1,20478,24829,20478,24829,4351,2.370420212,2.870276212,0.0,0.0,9009,4505,3000,local_endpoint_hold,local_line,8.266666666667533e-05,5.833277833655615e-06,2000,3003,kaiser_beta_5,60061,allowed_raw_timestamps
49_180_20_1000_0,49,1.68,2.1799999999999997,raw_window_v1,14413,18733,14413,18733,4320,1.680088,2.179918,0.0,0.0,9009,4505,3000,local_endpoint_hold,local_line,8.800000000008801e-05,2.64999445001024e-05,2000,3003,kaiser_beta_5,60061,allowed_raw_timestamps
49_180_20_1000_1,49,0.3001666666666667,0.8001666666666667,raw_window_v1,2556,6847,2556,6847,4291,0.300201,0.800082,0.0,0.0,9009,4505,3000,local_endpoint_hold,local_line,3.433333333330291e-05,2.916661116669772e-05,2000,3003,kaiser_beta_5,60061,allowed_raw_timestamps
49_225_20_500_0,49,0.3611666666666667,0.8611666666666666,raw_window_v1,3036,7372,3036,7372,4336,0.361223,0.861116,0.0,0.0,9009,4505,3000,local_endpoint_hold,local_line,5.633333333332491e-05,0.0,2000,3003,kaiser_beta_5,60061,allowed_raw_timestamps
49_225_20_500_1,49,0.2891666666666667,0.7891666666666667,raw_window_v1,2436,6786,2436,6786,4350,0.289178,0.789162,0.0,0.0,9009,4505,3000,local_endpoint_hold,local_line,1.133333333330766e-05,0.0,2000,3003,kaiser_beta_5,60061,allowed_raw_timestamps
49_225_20_1000_0,49,0.28007997300000004,0.7800799730000001,raw_window_v1,2411,6715,2411,6715,4304,0.280083973,0.780076973,0.0,0.0,9009,4505,3000,local_endpoint_hold,local_line,3.999999999948489e-06,0.0,2000,3003,kaiser_beta_5,60061,allowed_raw_timestamps
49_225_20_1000_1,49,0.2997262146666667,0.7997262146666667,raw_window_v1,2586,6844,2586,6844,4258,0.299798548,0.799656548,0.0,0.0,9009,4505,3000,local_endpoint_hold,local_line,7.23333333332854e-05,1.4166611166710474e-05,2000,3003,kaiser_beta_5,60061,allowed_raw_timestamps
49_270_20_500_0,49,0.2803333333333333,0.7803333333333333,raw_window_v1,2420,6772,2420,6772,4352,0.280341,0.78022,0.0,0.0,9009,4505,3000,local_endpoint_hold,local_line,7.666666666683586e-06,5.783327783326353e-05,2000,3003,kaiser_beta_5,60061,allowed_raw_timestamps
49_270_20_500_1,49,0.2803333333333333,0.7803333333333333,raw_window_v1,2403,6706,2403,6706,4303,0.281113,0.780239,0.0,0.0,9009,4505,3000,local_endpoint_hold,local_line,0.0007796666666666785,3.8833277833272284e-05,2000,3003,kaiser_beta_5,60061,allowed_raw_timestamps
49_270_20_1000_0,49,0.2898151136666667,0.7898151136666667,raw_window_v1,2452,6737,2452,6737,4285,0.289820447,0.789764447,0.0,0.0,9009,4505,3000,local_endpoint_hold,local_line,5.33333333330166e-06,0.0,2000,3003,kaiser_beta_5,60061,allowed_raw_timestamps
49_270_20_1000_1,49,1.1198333333333332,1.6198333333333332,raw_window_v1,9668,13992,9668,13992,4324,1.119859,1.619759,0.0,0.0,9009,4505,3000,local_endpoint_hold,local_line,2.5666666666701587e-05,1.8833277833252282e-05,2000,3003,kaiser_beta_5,60061,allowed_raw_timestamps
49_315_20_500_0,49,0.279570982,0.7795709820000001,raw_window_v1,2388,6712,2388,6712,4324,0.279686982,0.779522982,0.0,0.0,9009,4505,3000,local_endpoint_hold,local_line,0.00011599999999994948,0.0,2000,3003,kaiser_beta_5,60061,allowed_raw_timestamps
49_315_20_500_1,49,0.289035439,0.7890354390000001,raw_window_v1,2492,6815,2492,6815,4323,0.289062439,0.789000439,0.0,0.0,9009,4505,3000,local_endpoint_hold,local_line,2.6999999999999247e-05,0.0,2000,3003,kaiser_beta_5,60061,allowed_raw_timestamps
49_315_20_1000_0,49,0.2811666666666667,0.7811666666666667,raw_window_v1,2406,6717,2406,6717,4311,0.281179,0.781068,0.0,0.0,9009,4505,3000,local_endpoint_hold,local_line,1.2333333333336416e-05,4.316661116665621e-05,2000,3003,kaiser_beta_5,60061,allowed_raw_timestamps
49_315_20_1000_1,49,0.2908357753333333,0.7908357753333333,raw_window_v1,2476,6800,2476,6800,4324,0.290864442,0.790810442,0.0,0.0,9009,4505,3000,local_endpoint_hold,local_line,2.8666666666676832e-05,0.0,2000,3003,kaiser_beta_5,60061,allowed_raw_timestamps
49_0_40_500_0,49,0.5711882536666667,1.0711882536666666,raw_window_v1,4898,9273,4898,9273,4375,0.571234587,1.071125587,0.0,0.0,9009,4505,3000,local_endpoint_hold,local_line,4.63333333332594e-05,7.166611166731229e-06,2000,3003,kaiser_beta_5,60061,allowed_raw_timestamps
49_0_40_500_1,49,0.2793333333333333,0.7793333333333333,raw_window_v1,2360,6704,2360,6704,4344,0.279339,0.779289,0.0,0.0,9009,4505,3000,local_endpoint_hold,local_line,5.666666666681586e-06,0.0,2000,3003,kaiser_beta_5,60061,allowed_raw_timestamps
49_0_40_1000_0,49,0.9398333333333333,1.4398333333333333,raw_window_v1,8145,12513,8145,12513,4368,0.93987,1.439801,0.0,0.0,9009,4505,3000,local_endpoint_hold,local_line,3.666666666668483e-05,0.0,2000,3003,kaiser_beta_5,60061,allowed_raw_timestamps
49_0_40_1000_1,49,0.289058357,0.789058357,raw_window_v1,2477,6745,2477,6745,4268,0.289140357,0.788977357,0.0,0.0,9009,4505,3000,local_endpoint_hold,local_line,8.20000000000265e-05,2.5499944499962623e-05,2000,3003,kaiser_beta_5,60061,allowed_raw_timestamps
49_45_40_500_0,49,0.299042187,0.799042187,raw_window_v1,2518,6805,2518,6805,4287,0.299120187,0.798996187,0.0,0.0,9091,4546,3000,local_endpoint_hold,local_line,7.799999999996698e-05,0.0,6000,9091,kaiser_beta_5,181821,allowed_raw_timestamps
49_45_40_500_1,49,0.29052961899999996,0.790529619,raw_window_v1,2504,6786,2504,6786,4282,0.290580619,0.790482619,0.0,0.0,9009,4505,3000,local_endpoint_hold,local_line,5.100000000002325e-05,0.0,2000,3003,kaiser_beta_5,60061,allowed_raw_timestamps
49_45_40_1000_0,49,0.2996666666666667,0.7996666666666667,raw_window_v1,2569,6813,2569,6813,4244,0.299713,0.799633,0.0,0.0,9009,4505,3000,local_endpoint_hold,local_line,4.633333333331491e-05,0.0,2000,3003,kaiser_beta_5,60061,allowed_raw_timestamps
49_45_40_1000_1,49,0.28883333333333333,0.7888333333333333,raw_window_v1,2472,6771,2472,6771,4299,0.288888,0.788828,0.0,0.0,9009,4505,3000,local_endpoint_hold,local_line,5.466666666664732e-05,0.0,2000,3003,kaiser_beta_5,60061,allowed_raw_timestamps
49_90_40_500_0,49,0.7998333333333333,1.2998333333333334,raw_window_v1,6897,11257,6897,11257,4360,0.799906,1.299809,0.0,0.0,9009,4505,3000,local_endpoint_hold,local_line,7.266666666672084e-05,0.0,2000,3003,kaiser_beta_5,60061,allowed_raw_timestamps
49_90_40_500_1,49,1.1193333333333333,1.6193333333333333,raw_window_v1,9559,13763,9559,13763,4204,1.119363,1.619311,0.0,0.0,9009,4505,3000,local_endpoint_hold,local_line,2.966666666681661e-05,0.0,2000,3003,kaiser_beta_5,60061,allowed_raw_timestamps
49_90_40_1000_0,49,0.32088577133333335,0.8208857713333333,raw_window_v1,2756,7076,2756,7076,4320,0.320919438,0.820816438,0.0,0.0,9009,4505,3000,local_endpoint_hold,local_line,3.366666666665408e-05,1.3833277833219526e-05,2000,3003,kaiser_beta_5,60061,allowed_raw_timestamps
49_90_40_1000_1,49,0.32033333333333336,0.8203333333333334,raw_window_v1,2747,7067,2747,7067,4320,0.320375,0.820273,0.0,0.0,9009,4505,3000,local_endpoint_hold,local_line,4.166666666666208e-05,4.833277833293792e-06,2000,3003,kaiser_beta_5,60061,allowed_raw_timestamps
49_135_40_500_0,49,0.2995934486666667,0.7995934486666667,raw_window_v1,2560,6815,2560,6815,4255,0.299597782,0.799548782,0.0,0.0,9009,4505,3000,local_endpoint_hold,local_line,4.333333333272904e-06,0.0,2000,3003,kaiser_beta_5,60061,allowed_raw_timestamps
49_135_40_500_1,49,0.29020218,0.79020218,raw_window_v1,2520,6806,2520,6806,4286,0.29022518,0.79011818,0.0,0.0,9009,4505,3000,local_endpoint_hold,local_line,2.3000000000050758e-05,2.8499944499937868e-05,2000,3003,kaiser_beta_5,60061,allowed_raw_timestamps
49_135_40_1000_0,49,0.3095,0.8095,raw_window_v1,2664,6989,2664,6989,4325,0.309595,0.809484,0.0,0.0,9009,4505,3000,local_endpoint_hold,local_line,9.500000000001174e-05,0.0,2000,3003,kaiser_beta_5,60061,allowed_raw_timestamps
49_135_40_1000_1,49,0.31023149366666664,0.8102314936666666,raw_window_v1,2661,6910,2661,6910,4249,0.310333827,0.810215827,0.0,0.0,9009,4505,3000,local_endpoint_hold,local_line,0.00010233333333337091,0.0,2000,3003,kaiser_beta_5,60061,allowed_raw_timestamps
49_180_40_500_0,49,0.2997697076666667,0.7997697076666668,raw_window_v1,2513,6719,2513,6719,4206,0.299911041,0.799768041,0.0,0.0,9009,4505,3000,local_endpoint_hold,local_line,0.00014133333333327114,0.0,2000,3003,kaiser_beta_5,60061,allowed_raw_timestamps
49_180_40_500_1,49,0.6699138533333333,1.1699138533333333,raw_window_v1,5625,9971,5625,9971,4346,0.66997452,1.16988052,0.0,0.0,9009,4505,3000,local_endpoint_hold,local_line,6.0666666666708835e-05,0.0,2000,3003,kaiser_beta_5,60061,allowed_raw_timestamps
49_180_40_1000_0,49,0.9401666666666667,1.4401666666666668,raw_window_v1,8036,12390,8036,12390,4354,0.940225,1.440084,0.0,0.0,9009,4505,3000,local_endpoint_hold,local_line,5.83333333332714e-05,2.716661116664021e-05,2000,3003,kaiser_beta_5,60061,allowed_raw_timestamps
49_180_40_1000_1,49,0.27,0.77,raw_window_v1,2276,6535,2276,6535,4259,0.270004,0.769953,0.0,0.0,9009,4505,3000,local_endpoint_hold,local_line,4.000000000004e-06,0.0,2000,3003,kaiser_beta_5,60061,allowed_raw_timestamps
49_225_40_500_0,49,0.30033333333333334,0.8003333333333333,raw_window_v1,2563,6863,2563,6863,4300,0.300406,0.800285,0.0,0.0,9009,4505,3000,local_endpoint_hold,local_line,7.266666666666532e-05,0.0,2000,3003,kaiser_beta_5,60061,allowed_raw_timestamps
49_225_40_500_1,49,1.1309197863333333,1.6309197863333333,raw_window_v1,9681,14061,9681,14061,4380,1.131012453,1.630851453,0.0,0.0,9009,4505,3000,local_endpoint_hold,local_line,9.266666666674084e-05,1.2833277833301793e-05,2000,3003,kaiser_beta_5,60061,allowed_raw_timestamps
49_225_40_1000_0,49,0.28938291233333335,0.7893829123333334,raw_window_v1,2432,6709,2432,6709,4277,0.289389579,0.789309579,0.0,0.0,9009,4505,3000,local_endpoint_hold,local_line,6.66666666665483e-06,1.783327783333455e-05,2000,3003,kaiser_beta_5,60061,allowed_raw_timestamps
49_225_40_1000_1,49,0.9096666666666666,1.4096666666666666,raw_window_v1,7785,12075,7785,12075,4290,0.910004,1.409598,0.0,0.0,9009,4505,3000,local_endpoint_hold,local_line,0.00033733333333341164,1.3166611166681719e-05,2000,3003,kaiser_beta_5,60061,allowed_raw_timestamps
49_270_40_500_0,49,0.2989162733333333,0.7989162733333333,raw_window_v1,2552,6724,2552,6724,4172,0.29894494,0.79888294,0.0,0.0,9009,4505,3000,local_endpoint_hold,local_line,2.8666666666676832e-05,0.0,2000,3003,kaiser_beta_5,60061,allowed_raw_timestamps
49_270_40_500_1,49,0.291,0.7909999999999999,raw_window_v1,2466,6777,2466,6777,4311,0.291075,0.790967,0.0,0.0,9009,4505,3000,local_endpoint_hold,local_line,7.499999999999174e-05,0.0,2000,3003,kaiser_beta_5,60061,allowed_raw_timestamps
49_270_40_1000_0,49,0.3,0.8,raw_window_v1,2590,6926,2590,6926,4336,0.30003,0.799944,0.0,0.0,9009,4505,3000,local_endpoint_hold,local_line,3.0000000000030003e-05,4.99944500020888e-07,2000,3003,kaiser_beta_5,60061,allowed_raw_timestamps
49_270_40_1000_1,49,0.2803333333333333,0.7803333333333333,raw_window_v1,2405,6709,2405,6709,4304,0.28034,0.780229,0.0,0.0,9009,4505,3000,local_endpoint_hold,local_line,6.66666666665483e-06,4.8833277833337796e-05,2000,3003,kaiser_beta_5,60061,allowed_raw_timestamps
49_315_40_500_0,49,0.3007741406666667,0.8007741406666666,raw_window_v1,2534,6782,2534,6782,4248,0.300815474,0.800666474,0.0,0.0,9009,4505,3000,local_endpoint_hold,local_line,4.133333333333766e-05,5.2166611166581944e-05,2000,3003,kaiser_beta_5,60061,allowed_raw_timestamps
49_315_40_500_1,49,0.319063258,0.819063258,raw_window_v1,2719,7032,2719,7032,4313,0.319124258,0.819013258,0.0,0.0,9009,4505,3000,local_endpoint_hold,local_line,6.099999999997774e-05,0.0,2000,3003,kaiser_beta_5,60061,allowed_raw_timestamps
49_315_40_1000_0,49,0.289,0.7889999999999999,raw_window_v1,2473,6737,2473,6737,4264,0.289064,0.788921,0.0,0.0,9009,4505,3000,local_endpoint_hold,local_line,6.40000000000085e-05,2.3499944499905112e-05,2000,3003,kaiser_beta_5,60061,allowed_raw_timestamps
49_315_40_1000_1,49,0.3108791593333334,0.8108791593333333,raw_window_v1,2653,6924,2653,6924,4271,0.310903826,0.810814826,0.0,0.0,9009,4505,3000,local_endpoint_hold,local_line,2.466666666661732e-05,8.833277833297792e-06,2000,3003,kaiser_beta_5,60061,allowed_raw_timestamps
49_0_60_500_0,49,0.35036618933333336,0.8503661893333334,raw_window_v1,2954,7241,2954,7241,4287,0.350435856,0.850330856,0.0,0.0,9009,4505,3000,local_endpoint_hold,local_line,6.966666666663457e-05,0.0,2000,3003,kaiser_beta_5,60061,allowed_raw_timestamps
49_0_60_500_1,49,0.30920102,0.8092010199999999,raw_window_v1,2627,6945,2627,6945,4318,0.30921902,0.80910802,0.0,0.0,9091,4546,3000,local_endpoint_hold,local_line,1.8000000000018e-05,3.8000549994476884e-05,6000,9091,kaiser_beta_5,181821,allowed_raw_timestamps
49_0_60_1000_0,49,0.3008654453333333,0.8008654453333333,raw_window_v1,2604,6878,2604,6878,4274,0.300935112,0.800816112,0.0,0.0,9009,4505,3000,local_endpoint_hold,local_line,6.966666666669008e-05,0.0,2000,3003,kaiser_beta_5,60061,allowed_raw_timestamps
49_0_60_1000_1,49,0.309072494,0.809072494,raw_window_v1,2664,6986,2664,6986,4322,0.309117494,0.809002494,0.0,0.0,9009,4505,3000,local_endpoint_hold,local_line,4.500000000001725e-05,1.4499944499979378e-05,2000,3003,kaiser_beta_5,60061,allowed_raw_timestamps
49_45_60_500_0,49,0.3006666666666667,0.8006666666666666,raw_window_v1,2581,6925,2581,6925,4344,0.300774,0.800662,0.0,0.0,9009,4505,3000,local_endpoint_hold,local_line,0.00010733333333329265,0.0,2000,3003,kaiser_beta_5,60061,allowed_raw_timestamps
49_45_60_500_1,49,0.29983333333333334,0.7998333333333334,raw_window_v1,2551,6857,2551,6857,4306,0.299873,0.799824,0.0,0.0,9009,4505,3000,local_endpoint_hold,local_line,3.966666666666008e-05,0.0,2000,3003,kaiser_beta_5,60061,allowed_raw_timestamps
49_45_60_1000_0,49,0.31083333333333335,0.8108333333333333,raw_window_v1,2636,6969,2636,6969,4333,0.310928,0.810815,0.0,0.0,9009,4505,3000,local_endpoint_hold,local_line,9.466666666663182e-05,0.0,2000,3003,kaiser_beta_5,60061,allowed_raw_timestamps
49_45_60_1000_1,49,0.3205,0.8205,raw_window_v1,2717,6980,2717,6980,4263,0.320515,0.820418,0.0,0.0,9009,4505,3000,local_endpoint_hold,local_line,1.4999999999987246e-05,2.649994449999138e-05,2000,3003,kaiser_beta_5,60061,allowed_raw_timestamps
49_90_60_500_0,49,0.31033333333333335,0.8103333333333333,raw_window_v1,2658,6971,2658,6971,4313,0.310414,0.810277,0.0,0.0,9009,4505,3000,local_endpoint_hold,local_line,8.066666666667333e-05,8.332778332897917e-07,2000,3003,kaiser_beta_5,60061,allowed_raw_timestamps
49_90_60_500_1,49,0.321,0.821,raw_window_v1,2776,7092,2776,7092,4316,0.321211,0.820952,0.0,0.0,9009,4505,3000,local_endpoint_hold,local_line,0.00021100000000001673,0.0,2000,3003,kaiser_beta_5,60061,allowed_raw_timestamps
49_90_60_1000_0,49,0.30937049133333333,0.8093704913333333,raw_window_v1,2643,6965,2643,6965,4322,0.309417158,0.809353158,0.0,0.0,9009,4505,3000,local_endpoint_hold,local_line,4.6666666666694834e-05,0.0,2000,3003,kaiser_beta_5,60061,allowed_raw_timestamps
49_90_60_1000_1,49,0.31083932033333334,0.8108393203333333,raw_window_v1,2648,6964,2648,6964,4316,0.310849987,0.810736987,0.0,0.0,9009,4505,3000,local_endpoint_hold,local_line,1.066666666665883e-05,4.6833277833280285e-05,2000,3003,kaiser_beta_5,60061,allowed_raw_timestamps
49_135_60_500_0,49,0.321,0.821,raw_window_v1,2764,7077,2764,7077,4313,0.321075,0.820912,0.0,0.0,9009,4505,3000,local_endpoint_hold,local_line,7.499999999999174e-05,3.249994449994187e-05,2000,3003,kaiser_beta_5,60061,allowed_raw_timestamps
49_135_60_500_1,49,0.31016666666666665,0.8101666666666667,raw_window_v1,2643,6981,2643,6981,4338,0.31025,0.809874,0.0,0.0,9009,4505,3000,local_endpoint_hold,local_line,8.333333333337967e-05,0.0002371666111666837,2000,3003,kaiser_beta_5,60061,allowed_raw_timestamps
49_135_60_1000_0,49,0.30966666666666665,0.8096666666666666,raw_window_v1,2650,6990,2650,6990,4340,0.309759,0.809655,0.0,0.0,9009,4505,3000,local_endpoint_hold,local_line,9.233333333336091e-05,0.0,2000,3003,kaiser_beta_5,60061,allowed_raw_timestamps
49_135_60_1000_1,49,0.30033333333333334,0.8003333333333333,raw_window_v1,2569,6823,2569,6823,4254,0.300429,0.800261,0.0,0.0,9009,4505,3000,local_endpoint_hold,local_line,9.566666666666057e-05,1.6833277833305793e-05,2000,3003,kaiser_beta_5,60061,allowed_raw_timestamps
49_180_60_500_0,49,0.3293333333333333,0.8293333333333333,raw_window_v1,2808,7143,2808,7143,4335,0.329379,0.829286,0.0,0.0,9009,4505,3000,local_endpoint_hold,local_line,4.566666666666608e-05,0.0,2000,3003,kaiser_beta_5,60061,allowed_raw_timestamps
49_180_60_500_1,49,0.341,0.841,raw_window_v1,2886,7133,2886,7133,4247,0.341036,0.840929,0.0,0.0,9009,4505,3000,local_endpoint_hold,local_line,3.599999999998049e-05,1.549994449989711e-05,2000,3003,kaiser_beta_5,60061,allowed_raw_timestamps
49_180_60_1000_0,49,0.3496666666666667,0.8496666666666667,raw_window_v1,2978,7252,2978,7252,4274,0.349746,0.849636,0.0,0.0,9009,4505,3000,local_endpoint_hold,local_line,7.933333333332016e-05,0.0,2000,3003,kaiser_beta_5,60061,allowed_raw_timestamps
49_180_60_1000_1,49,0.33068010366666667,0.8306801036666667,raw_window_v1,2830,7149,2830,7149,4319,0.330753437,0.830632437,0.0,0.0,9009,4505,3000,local_endpoint_hold,local_line,7.333333333331415e-05,0.0,2000,3003,kaiser_beta_5,60061,allowed_raw_timestamps
49_225_60_500_0,49,0.329,0.829,raw_window_v1,2845,7129,2845,7129,4284,0.329039,0.828942,0.0,0.0,9009,4505,3000,local_endpoint_hold,local_line,3.900000000001125e-05,2.499944499967377e-06,2000,3003,kaiser_beta_5,60061,allowed_raw_timestamps
49_225_60_500_1,49,0.2994660943333333,0.7994660943333334,raw_window_v1,2545,6860,2545,6860,4315,0.299484761,0.799378761,0.0,0.0,9009,4505,3000,local_endpoint_hold,local_line,1.866666666666683e-05,3.183327783329304e-05,2000,3003,kaiser_beta_5,60061,allowed_raw_timestamps
49_225_60_1000_0,49,0.31073589366666665,0.8107358936666667,raw_window_v1,2651,6869,2651,6869,4218,0.310782227,0.810665227,0.0,0.0,9009,4505,3000,local_endpoint_hold,local_line,4.633333333337042e-05,1.5166611166628208e-05,2000,3003,kaiser_beta_5,60061,allowed_raw_timestamps
49_225_60_1000_1,49,0.33961018400000004,0.8396101840000001,raw_window_v1,2851,7190,2851,7190,4339,0.339715184,0.839566184,0.0,0.0,9009,4505,3000,local_endpoint_hold,local_line,0.00010499999999996623,0.0,2000,3003,kaiser_beta_5,60061,allowed_raw_timestamps
49_270_60_500_0,49,0.310632479,0.810632479,raw_window_v1,2619,7002,2619,7002,4383,0.310654479,0.810532479,0.0,0.0,9009,4505,3000,local_endpoint_hold,local_line,2.199999999996649e-05,4.449994449995387e-05,2000,3003,kaiser_beta_5,60061,allowed_raw_timestamps
49_270_60_500_1,49,0.6895,1.1895,raw_window_v1,5957,10239,5957,10239,4282,0.689537,1.189419,0.0,0.0,9009,4505,3000,local_endpoint_hold,local_line,3.6999999999953737e-05,2.5499944499962623e-05,2000,3003,kaiser_beta_5,60061,allowed_raw_timestamps
49_270_60_1000_0,49,0.8491666666666666,1.3491666666666666,raw_window_v1,7341,11720,7341,11720,4379,0.849213,1.349071,0.0,0.0,9009,4505,3000,local_endpoint_hold,local_line,4.633333333337042e-05,4.0166611166680966e-05,2000,3003,kaiser_beta_5,60061,allowed_raw_timestamps
49_270_60_1000_1,49,0.310619772,0.810619772,raw_window_v1,2661,6979,2661,6979,4318,0.310644772,0.810554772,0.0,0.0,9009,4505,3000,local_endpoint_hold,local_line,2.4999999999997247e-05,9.499944499946622e-06,2000,3003,kaiser_beta_5,60061,allowed_raw_timestamps
49_315_60_500_0,49,0.319566877,0.819566877,raw_window_v1,2778,7113,2778,7113,4335,0.319660877,0.819508877,0.0,0.0,9009,4505,3000,local_endpoint_hold,local_line,9.399999999998299e-05,2.499944499967377e-06,2000,3003,kaiser_beta_5,60061,allowed_raw_timestamps
49_315_60_500_1,49,0.3305,0.8305,raw_window_v1,2826,7156,2826,7156,4330,0.330584,0.830482,0.0,0.0,9009,4505,3000,local_endpoint_hold,local_line,8.399999999997299e-05,0.0,2000,3003,kaiser_beta_5,60061,allowed_raw_timestamps
49_315_60_1000_0,49,0.8793922726666666,1.3793922726666668,raw_window_v1,7588,11914,7588,11914,4326,0.879486606,1.379375606,0.0,0.0,9009,4505,3000,local_endpoint_hold,local_line,9.43333333333074e-05,0.0,2000,3003,kaiser_beta_5,60061,allowed_raw_timestamps
49_315_60_1000_1,49,0.9396707536666666,1.4396707536666666,raw_window_v1,8069,12401,8069,12401,4332,0.939707087,1.439598087,0.0,0.0,9009,4505,3000,local_endpoint_hold,local_line,3.633333333341593e-05,1.7166611166574697e-05,2000,3003,kaiser_beta_5,60061,allowed_raw_timestamps
65_0_20_500_0,65,0.300052278,0.800052278,raw_window_v1,2540,6868,2540,6868,4328,0.300130278,0.800030278,0.0,0.0,9009,4505,3000,local_endpoint_hold,local_line,7.799999999996698e-05,0.0,2000,3003,kaiser_beta_5,60061,allowed_raw_timestamps
65_0_20_500_1,65,0.3011666666666667,0.8011666666666667,raw_window_v1,2620,6924,2620,6924,4304,0.301249,0.801149,0.0,0.0,9009,4505,3000,local_endpoint_hold,local_line,8.23333333332954e-05,0.0,2000,3003,kaiser_beta_5,60061,allowed_raw_timestamps
65_0_20_1000_0,65,0.299534227,0.799534227,raw_window_v1,2573,6963,2573,6963,4390,0.299537227,0.799491227,0.0,0.0,9009,4505,3000,local_endpoint_hold,local_line,3.000000000030756e-06,0.0,2000,3003,kaiser_beta_5,60061,allowed_raw_timestamps
65_0_20_1000_1,65,0.680052356,1.180052356,raw_window_v1,5729,10065,5729,10065,4336,0.680108356,1.180016356,0.0,0.0,9009,4505,3000,local_endpoint_hold,local_line,5.599999999994498e-05,0.0,2000,3003,kaiser_beta_5,60061,allowed_raw_timestamps
65_45_20_500_0,65,0.2901666666666667,0.7901666666666667,raw_window_v1,2489,6836,2489,6836,4347,0.290245,0.790132,0.0,0.0,9009,4505,3000,local_endpoint_hold,local_line,7.83333333332914e-05,0.0,2000,3003,kaiser_beta_5,60061,allowed_raw_timestamps
65_45_20_500_1,65,0.290513765,0.790513765,raw_window_v1,2521,6864,2521,6864,4343,0.290584765,0.790450765,0.0,0.0,9009,4505,3000,local_endpoint_hold,local_line,7.100000000004325e-05,7.499944500000133e-06,2000,3003,kaiser_beta_5,60061,allowed_raw_timestamps
65_45_20_1000_0,65,0.2996666666666667,0.7996666666666667,raw_window_v1,2586,6880,2586,6880,4294,0.299749,0.799648,0.0,0.0,9009,4505,3000,local_endpoint_hold,local_line,8.23333333332954e-05,0.0,2000,3003,kaiser_beta_5,60061,allowed_raw_timestamps
65_45_20_1000_1,65,0.2906666666666667,0.7906666666666666,raw_window_v1,2378,6736,2378,6736,4358,0.2907,0.790567,0.0,0.0,9009,4505,3000,local_endpoint_hold,local_line,3.333333333332966e-05,4.4166611166573944e-05,2000,3003,kaiser_beta_5,60061,allowed_raw_timestamps
65_90_20_500_0,65,1.4695,1.9695,raw_window_v1,12768,17121,12768,17121,4353,1.46955,1.969447,0.0,0.0,9009,4505,3000,local_endpoint_hold,local_line,4.999999999988347e-05,0.0,2000,3003,kaiser_beta_5,60061,allowed_raw_timestamps
65_90_20_500_1,65,0.31983333333333336,0.8198333333333334,raw_window_v1,2713,7084,2713,7084,4371,0.31988,0.819778,0.0,0.0,9009,4505,3000,local_endpoint_hold,local_line,4.666666666663932e-05,0.0,2000,3003,kaiser_beta_5,60061,allowed_raw_timestamps
65_90_20_1000_0,65,0.2907622476666667,0.7907622476666667,raw_window_v1,2436,6811,2436,6811,4375,0.290836581,0.790735581,0.0,0.0,9009,4505,3000,local_endpoint_hold,local_line,7.43333333332874e-05,0.0,2000,3003,kaiser_beta_5,60061,allowed_raw_timestamps
65_90_20_1000_1,65,0.8903333333333333,1.3903333333333334,raw_window_v1,7639,11928,7639,11928,4289,0.890389,1.390251,0.0,0.0,9009,4505,3000,local_endpoint_hold,local_line,5.566666666667608e-05,2.6833277833260283e-05,2000,3003,kaiser_beta_5,60061,allowed_raw_timestamps
65_135_20_500_0,65,0.4603333333333333,0.9603333333333333,raw_window_v1,3971,8223,3971,8223,4252,0.460342,0.960297,0.0,0.0,9009,4505,3000,local_endpoint_hold,local_line,8.66666666665683e-06,0.0,2000,3003,kaiser_beta_5,60061,allowed_raw_timestamps
65_135_20_500_1,65,0.3002447376666667,0.8002447376666667,raw_window_v1,2551,6880,2551,6880,4329,0.300327071,0.800231071,0.0,0.0,9009,4505,3000,local_endpoint_hold,local_line,8.23333333332954e-05,0.0,2000,3003,kaiser_beta_5,60061,allowed_raw_timestamps
65_135_20_1000_0,65,0.760542497,1.2605424969999999,raw_window_v1,6496,10814,6496,10814,4318,0.760547497,1.260443497,0.0,0.0,9091,4546,3000,local_endpoint_hold,local_line,5.000000000032756e-06,4.4000549994427374e-05,6000,9091,kaiser_beta_5,181821,allowed_raw_timestamps
65_135_20_1000_1,65,0.3005,0.8005,raw_window_v1,2593,6882,2593,6882,4289,0.3005,0.800413,0.0,0.0,9009,4505,3000,local_endpoint_hold,local_line,0.0,3.149994449991311e-05,2000,3003,kaiser_beta_5,60061,allowed_raw_timestamps
65_180_20_500_0,65,1.64,2.1399999999999997,raw_window_v1,14218,18553,14218,18553,4335,1.640091,2.13999,0.0,0.0,9009,4505,3000,local_endpoint_hold,local_line,9.100000000006325e-05,0.0,2000,3003,kaiser_beta_5,60061,allowed_raw_timestamps
65_180_20_500_1,65,0.2812165026666667,0.7812165026666666,raw_window_v1,2400,6693,2400,6693,4293,0.281256836,0.781139836,0.0,0.0,9009,4505,3000,local_endpoint_hold,local_line,4.033333333330891e-05,2.1166611166578697e-05,2000,3003,kaiser_beta_5,60061,allowed_raw_timestamps
65_180_20_1000_0,65,1.5498428883333335,2.0498428883333335,raw_window_v1,13354,17706,13354,17706,4352,1.549846555,2.049741555,0.0,0.0,9009,4505,3000,local_endpoint_hold,local_line,3.666666666513052e-06,4.5833277833029484e-05,2000,3003,kaiser_beta_5,60061,allowed_raw_timestamps
65_180_20_1000_1,65,0.30007650799999996,0.800076508,raw_window_v1,2573,6839,2573,6839,4266,0.300135508,0.800041508,0.0,0.0,9009,4505,3000,local_endpoint_hold,local_line,5.900000000003125e-05,0.0,2000,3003,kaiser_beta_5,60061,allowed_raw_timestamps
65_225_20_500_0,65,0.2991666666666667,0.7991666666666667,raw_window_v1,2558,6884,2558,6884,4326,0.299198,0.799108,0.0,0.0,9009,4505,3000,local_endpoint_hold,local_line,3.133333333332766e-05,3.1666111666162067e-06,2000,3003,kaiser_beta_5,60061,allowed_raw_timestamps
65_225_20_500_1,65,0.300531384,0.800531384,raw_window_v1,2577,6893,2577,6893,4316,0.300543384,0.800409384,0.0,0.0,9009,4505,3000,local_endpoint_hold,local_line,1.2000000000012001e-05,6.649994450003138e-05,2000,3003,kaiser_beta_5,60061,allowed_raw_timestamps
65_225_20_1000_0,65,0.2907221916666667,0.7907221916666667,raw_window_v1,2488,6779,2488,6779,4291,0.290755525,0.790648525,0.0,0.0,9009,4505,3000,local_endpoint_hold,local_line,3.333333333332966e-05,1.8166611166603452e-05,2000,3003,kaiser_beta_5,60061,allowed_raw_timestamps
65_225_20_1000_1,65,0.289,0.7889999999999999,raw_window_v1,2485,6782,2485,6782,4297,0.289079,0.788926,0.0,0.0,9009,4505,3000,local_endpoint_hold,local_line,7.899999999999574e-05,1.8499944499872356e-05,2000,3003,kaiser_beta_5,60061,allowed_raw_timestamps
65_270_20_500_0,65,0.290019871,0.7900198709999999,raw_window_v1,2501,6771,2501,6771,4270,0.290045871,0.789940871,0.0,0.0,9009,4505,3000,local_endpoint_hold,local_line,2.6000000000026002e-05,2.3499944499905112e-05,2000,3003,kaiser_beta_5,60061,allowed_raw_timestamps
65_270_20_500_1,65,0.2896683076666667,0.7896683076666666,raw_window_v1,2467,6750,2467,6750,4283,0.289752641,0.789621641,0.0,0.0,9009,4505,3000,local_endpoint_hold,local_line,8.43333333332974e-05,0.0,2000,3003,kaiser_beta_5,60061,allowed_raw_timestamps
65_270_20_1000_0,65,0.28980928066666667,0.7898092806666667,raw_window_v1,2439,6713,2439,6713,4274,0.289897614,0.789794614,0.0,0.0,9009,4505,3000,local_endpoint_hold,local_line,8.833333333335691e-05,0.0,2000,3003,kaiser_beta_5,60061,allowed_raw_timestamps
65_270_20_1000_1,65,0.2905,0.7905,raw_window_v1,2413,6694,2413,6694,4281,0.290542,0.790456,0.0,0.0,9009,4505,3000,local_endpoint_hold,local_line,4.2000000000042004e-05,0.0,2000,3003,kaiser_beta_5,60061,allowed_raw_timestamps
65_315_20_500_0,65,0.30083333333333334,0.8008333333333333,raw_window_v1,2576,6751,2576,6751,4175,0.300855,0.800813,0.0,0.0,9009,4505,3000,local_endpoint_hold,local_line,2.1666666666642076e-05,0.0,2000,3003,kaiser_beta_5,60061,allowed_raw_timestamps
65_315_20_500_1,65,0.29983333333333334,0.7998333333333334,raw_window_v1,2606,6904,2606,6904,4298,0.299899,0.799795,0.0,0.0,9009,4505,3000,local_endpoint_hold,local_line,6.566666666668608e-05,0.0,2000,3003,kaiser_beta_5,60061,allowed_raw_timestamps
65_315_20_1000_0,65,0.29933333333333334,0.7993333333333333,raw_window_v1,2562,6900,2562,6900,4338,0.299365,0.799322,0.0,0.0,9009,4505,3000,local_endpoint_hold,local_line,3.166666666665208e-05,0.0,2000,3003,kaiser_beta_5,60061,allowed_raw_timestamps
65_315_20_1000_1,65,0.28907970699999996,0.789079707,raw_window_v1,2485,6708,2485,6708,4223,0.289179707,0.789065707,0.0,0.0,9009,4505,3000,local_endpoint_hold,local_line,0.0001000000000000445,0.0,2000,3003,kaiser_beta_5,60061,allowed_raw_timestamps
65_0_40_500_0,65,0.31133558033333336,0.8113355803333333,raw_window_v1,2717,7043,2717,7043,4326,0.311336247,0.811267247,0.0,0.0,9009,4505,3000,local_endpoint_hold,local_line,6.666666666488297e-07,1.2833277833301793e-05,2000,3003,kaiser_beta_5,60061,allowed_raw_timestamps
65_0_40_500_1,65,0.319,0.819,raw_window_v1,2723,6969,2723,6969,4246,0.319067,0.818932,0.0,0.0,9009,4505,3000,local_endpoint_hold,local_line,6.699999999998374e-05,1.2499944499921867e-05,2000,3003,kaiser_beta_5,60061,allowed_raw_timestamps
65_0_40_1000_0,65,0.8598333333333333,1.3598333333333334,raw_window_v1,7348,11691,7348,11691,4343,0.860208,1.359831,0.0,0.0,9009,4505,3000,local_endpoint_hold,local_line,0.0003746666666666343,0.0,2000,3003,kaiser_beta_5,60061,allowed_raw_timestamps
65_0_40_1000_1,65,0.33067995166666664,0.8306799516666666,raw_window_v1,2835,7093,2835,7093,4258,0.330680285,0.830578285,0.0,0.0,9009,4505,3000,local_endpoint_hold,local_line,3.33333333379926e-07,4.6166611166631455e-05,2000,3003,kaiser_beta_5,60061,allowed_raw_timestamps
65_45_40_500_0,65,0.29083333333333333,0.7908333333333333,raw_window_v1,2451,6761,2451,6761,4310,0.290867,0.790802,0.0,0.0,9009,4505,3000,local_endpoint_hold,local_line,3.366666666665408e-05,0.0,2000,3003,kaiser_beta_5,60061,allowed_raw_timestamps
65_45_40_500_1,65,0.29085858833333333,0.7908585883333333,raw_window_v1,2512,6816,2512,6816,4304,0.290928255,0.790815255,0.0,0.0,9009,4505,3000,local_endpoint_hold,local_line,6.966666666669008e-05,0.0,2000,3003,kaiser_beta_5,60061,allowed_raw_timestamps
65_45_40_1000_0,65,0.28019848166666667,0.7801984816666667,raw_window_v1,2412,6750,2412,6750,4338,0.280211815,0.780173815,0.0,0.0,9009,4505,3000,local_endpoint_hold,local_line,1.333333333330966e-05,0.0,2000,3003,kaiser_beta_5,60061,allowed_raw_timestamps
65_45_40_1000_1,65,0.2903609986666667,0.7903609986666666,raw_window_v1,2464,6770,2464,6770,4306,0.290419332,0.790331332,0.0,0.0,9009,4505,3000,local_endpoint_hold,local_line,5.83333333332714e-05,0.0,2000,3003,kaiser_beta_5,60061,allowed_raw_timestamps
65_90_40_500_0,65,0.29,0.79,raw_window_v1,2465,6718,2465,6718,4253,0.290053,0.789944,0.0,0.0,9009,4505,3000,local_endpoint_hold,local_line,5.300000000002525e-05,4.99944500020888e-07,2000,3003,kaiser_beta_5,60061,allowed_raw_timestamps
65_90_40_500_1,65,0.28983333333333333,0.7898333333333334,raw_window_v1,2468,6771,2468,6771,4303,0.289848,0.789804,0.0,0.0,9009,4505,3000,local_endpoint_hold,local_line,1.4666666666662831e-05,0.0,2000,3003,kaiser_beta_5,60061,allowed_raw_timestamps
65_90_40_1000_0,65,0.2991666666666667,0.7991666666666667,raw_window_v1,2550,6860,2550,6860,4310,0.299216,0.799155,0.0,0.0,9009,4505,3000,local_endpoint_hold,local_line,4.933333333329015e-05,0.0,2000,3003,kaiser_beta_5,60061,allowed_raw_timestamps
65_90_40_1000_1,65,0.30985556933333336,0.8098555693333334,raw_window_v1,2641,6961,2641,6961,4320,0.309863236,0.809774236,0.0,0.0,9009,4505,3000,local_endpoint_hold,local_line,7.666666666628075e-06,2.583327783334255e-05,2000,3003,kaiser_beta_5,60061,allowed_raw_timestamps
65_135_40_500_0,65,0.31016666666666665,0.8101666666666667,raw_window_v1,2651,6945,2651,6945,4294,0.310233,0.810137,0.0,0.0,9009,4505,3000,local_endpoint_hold,local_line,6.633333333333491e-05,0.0,2000,3003,kaiser_beta_5,60061,allowed_raw_timestamps
65_135_40_500_1,65,0.31066666666666665,0.8106666666666666,raw_window_v1,2653,6961,2653,6961,4308,0.310759,0.810643,0.0,0.0,9009,4505,3000,local_endpoint_hold,local_line,9.233333333336091e-05,0.0,2000,3003,kaiser_beta_5,60061,allowed_raw_timestamps
65_135_40_1000_0,65,0.2997122546666667,0.7997122546666666,raw_window_v1,2558,6868,2558,6868,4310,0.299726588,0.799563588,0.0,0.0,9009,4505,3000,local_endpoint_hold,local_line,1.4333333333338416e-05,9.316661116653968e-05,2000,3003,kaiser_beta_5,60061,allowed_raw_timestamps
65_135_40_1000_1,65,0.30966666666666665,0.8096666666666666,raw_window_v1,2669,6945,2669,6945,4276,0.309686,0.809566,0.0,0.0,9009,4505,3000,local_endpoint_hold,local_line,1.9333333333371172e-05,4.51666111666027e-05,2000,3003,kaiser_beta_5,60061,allowed_raw_timestamps
65_180_40_500_0,65,0.9304733603333334,1.4304733603333335,raw_window_v1,7977,12312,7977,12312,4335,0.930519027,1.430432027,0.0,0.0,9009,4505,3000,local_endpoint_hold,local_line,4.566666666661057e-05,0.0,2000,3003,kaiser_beta_5,60061,allowed_raw_timestamps
65_180_40_500_1,65,0.2896666666666667,0.7896666666666667,raw_window_v1,2479,6782,2479,6782,4303,0.289701,0.789659,0.0,0.0,9009,4505,3000,local_endpoint_hold,local_line,3.433333333330291e-05,0.0,2000,3003,kaiser_beta_5,60061,allowed_raw_timestamps
65_180_40_1000_0,65,0.6406134019999999,1.140613402,raw_window_v1,5455,9778,5455,9778,4323,0.640700402,1.140594402,0.0,0.0,9009,4505,3000,local_endpoint_hold,local_line,8.700000000005925e-05,0.0,2000,3003,kaiser_beta_5,60061,allowed_raw_timestamps
65_180_40_1000_1,65,0.9596666666666667,1.4596666666666667,raw_window_v1,8285,12642,8285,12642,4357,0.959686,1.45961,0.0,0.0,9009,4505,3000,local_endpoint_hold,local_line,1.9333333333371172e-05,1.1666111665586953e-06,2000,3003,kaiser_beta_5,60061,allowed_raw_timestamps
65_225_40_500_0,65,0.8306666666666667,1.3306666666666667,raw_window_v1,7105,11440,7105,11440,4335,0.830677,1.330666,0.0,0.0,9009,4505,3000,local_endpoint_hold,local_line,1.0333333333334416e-05,0.0,2000,3003,kaiser_beta_5,60061,allowed_raw_timestamps
65_225_40_500_1,65,0.30093574933333334,0.8009357493333333,raw_window_v1,2578,6856,2578,6856,4278,0.301008416,0.800827416,0.0,0.0,9009,4505,3000,local_endpoint_hold,local_line,7.266666666666532e-05,5.2833277833341796e-05,2000,3003,kaiser_beta_5,60061,allowed_raw_timestamps
65_225_40_1000_0,65,0.2911666666666667,0.7911666666666667,raw_window_v1,2455,6719,2455,6719,4264,0.291224,0.791122,0.0,0.0,9009,4505,3000,local_endpoint_hold,local_line,5.733333333329815e-05,0.0,2000,3003,kaiser_beta_5,60061,allowed_raw_timestamps
65_225_40_1000_1,65,0.3005,0.8005,raw_window_v1,2576,6837,2576,6837,4261,0.300549,0.800368,0.0,0.0,9009,4505,3000,local_endpoint_hold,local_line,4.900000000002125e-05,7.649994449998587e-05,2000,3003,kaiser_beta_5,60061,allowed_raw_timestamps
65_270_40_500_0,65,1.3901666666666668,1.8901666666666668,raw_window_v1,12001,16337,12001,16337,4336,1.390207,1.890041,0.0,0.0,9009,4505,3000,local_endpoint_hold,local_line,4.0333333333197885e-05,7.016661116665546e-05,2000,3003,kaiser_beta_5,60061,allowed_raw_timestamps
65_270_40_500_1,65,0.2798889093333333,0.7798889093333333,raw_window_v1,2293,6585,2293,6585,4292,0.279946576,0.779838576,0.0,0.0,9009,4505,3000,local_endpoint_hold,local_line,5.766666666667808e-05,0.0,2000,3003,kaiser_beta_5,60061,allowed_raw_timestamps
65_270_40_1000_0,65,1.1006666666666667,1.6006666666666667,raw_window_v1,9376,13700,9376,13700,4324,1.100669,1.600622,0.0,0.0,9009,4505,3000,local_endpoint_hold,local_line,2.3333333332153927e-06,0.0,2000,3003,kaiser_beta_5,60061,allowed_raw_timestamps
65_270_40_1000_1,65,0.2896666666666667,0.7896666666666667,raw_window_v1,2479,6725,2479,6725,4246,0.289735,0.789583,0.0,0.0,9009,4505,3000,local_endpoint_hold,local_line,6.833333333333691e-05,2.8166611166668964e-05,2000,3003,kaiser_beta_5,60061,allowed_raw_timestamps
65_315_40_500_0,65,0.290553758,0.7905537579999999,raw_window_v1,2497,6813,2497,6813,4316,0.290634758,0.790533758,0.0,0.0,9009,4505,3000,local_endpoint_hold,local_line,8.099999999999774e-05,0.0,2000,3003,kaiser_beta_5,60061,allowed_raw_timestamps
65_315_40_500_1,65,0.309,0.8089999999999999,raw_window_v1,2653,6903,2653,6903,4250,0.309101,0.808944,0.0,0.0,9009,4505,3000,local_endpoint_hold,local_line,0.00010100000000001774,4.999444999098657e-07,2000,3003,kaiser_beta_5,60061,allowed_raw_timestamps
65_315_40_1000_0,65,0.31016666666666665,0.8101666666666667,raw_window_v1,2615,6848,2615,6848,4233,0.310206,0.810163,0.0,0.0,9009,4505,3000,local_endpoint_hold,local_line,3.933333333333566e-05,0.0,2000,3003,kaiser_beta_5,60061,allowed_raw_timestamps
65_315_40_1000_1,65,0.280047076,0.780047076,raw_window_v1,2333,6637,2333,6637,4304,0.280219076,0.779997076,0.0,0.0,9009,4505,3000,local_endpoint_hold,local_line,0.00017200000000000548,0.0,2000,3003,kaiser_beta_5,60061,allowed_raw_timestamps
65_0_60_500_0,65,0.31983333333333336,0.8198333333333334,raw_window_v1,2762,7114,2762,7114,4352,0.31984,0.819797,0.0,0.0,9009,4505,3000,local_endpoint_hold,local_line,6.66666666665483e-06,0.0,2000,3003,kaiser_beta_5,60061,allowed_raw_timestamps
65_0_60_500_1,65,0.31966666666666665,0.8196666666666667,raw_window_v1,2698,6994,2698,6994,4296,0.32006,0.819559,0.0,0.0,9009,4505,3000,local_endpoint_hold,local_line,0.00039333333333335663,5.2166611166581944e-05,2000,3003,kaiser_beta_5,60061,allowed_raw_timestamps
65_0_60_1000_0,65,0.3001666666666667,0.8001666666666667,raw_window_v1,2581,6860,2581,6860,4279,0.300243,0.800156,0.0,0.0,9009,4505,3000,local_endpoint_hold,local_line,7.63333333332894e-05,0.0,2000,3003,kaiser_beta_5,60061,allowed_raw_timestamps
65_0_60_1000_1,65,0.29940406833333333,0.7994040683333333,raw_window_v1,2538,6880,2538,6880,4342,0.299491735,0.799385735,0.0,0.0,9009,4505,3000,local_endpoint_hold,local_line,8.766666666665257e-05,0.0,2000,3003,kaiser_beta_5,60061,allowed_raw_timestamps
65_45_60_500_0,65,0.290086688,0.7900866879999999,raw_window_v1,2426,6737,2426,6737,4311,0.290144688,0.790050688,0.0,0.0,9009,4505,3000,local_endpoint_hold,local_line,5.8000000000002494e-05,0.0,2000,3003,kaiser_beta_5,60061,allowed_raw_timestamps
65_45_60_500_1,65,0.2901666666666667,0.7901666666666667,raw_window_v1,2457,6744,2457,6744,4287,0.290192,0.790093,0.0,0.0,9009,4505,3000,local_endpoint_hold,local_line,2.533333333332166e-05,1.8166611166603452e-05,2000,3003,kaiser_beta_5,60061,allowed_raw_timestamps
65_45_60_1000_0,65,0.3105,0.8105,raw_window_v1,2690,6992,2690,6992,4302,0.310535,0.810431,0.0,0.0,9009,4505,3000,local_endpoint_hold,local_line,3.500000000000725e-05,1.3499944499950622e-05,2000,3003,kaiser_beta_5,60061,allowed_raw_timestamps
65_45_60_1000_1,65,0.309042669,0.809042669,raw_window_v1,2670,6977,2670,6977,4307,0.309047669,0.808955669,0.0,0.0,9009,4505,3000,local_endpoint_hold,local_line,5.000000000032756e-06,3.149994449991311e-05,2000,3003,kaiser_beta_5,60061,allowed_raw_timestamps
65_90_60_500_0,65,0.7099420563333333,1.2099420563333334,raw_window_v1,6157,10502,6157,10502,4345,0.710010723,1.209746723,0.0,0.0,9009,4505,3000,local_endpoint_hold,local_line,6.866666666671684e-05,0.00013983327783306798,2000,3003,kaiser_beta_5,60061,allowed_raw_timestamps
65_90_60_500_1,65,0.369051376,0.869051376,raw_window_v1,3164,7446,3164,7446,4282,0.369094376,0.869034376,0.0,0.0,9009,4505,3000,local_endpoint_hold,local_line,4.300000000001525e-05,0.0,2000,3003,kaiser_beta_5,60061,allowed_raw_timestamps
65_90_60_1000_0,65,0.31866666666666665,0.8186666666666667,raw_window_v1,2765,7091,2765,7091,4326,0.318676,0.818629,0.0,0.0,9009,4505,3000,local_endpoint_hold,local_line,9.333333333361171e-06,0.0,2000,3003,kaiser_beta_5,60061,allowed_raw_timestamps
65_90_60_1000_1,65,0.32043213833333334,0.8204321383333333,raw_window_v1,2755,7069,2755,7069,4314,0.320771805,0.820388805,0.0,0.0,9009,4505,3000,local_endpoint_hold,local_line,0.00033966666666668255,0.0,2000,3003,kaiser_beta_5,60061,allowed_raw_timestamps
65_135_60_500_0,65,0.31937446733333336,0.8193744673333334,raw_window_v1,2734,7033,2734,7033,4299,0.319484134,0.819328134,0.0,0.0,9009,4505,3000,local_endpoint_hold,local_line,0.00010966666666661906,0.0,2000,3003,kaiser_beta_5,60061,allowed_raw_timestamps
65_135_60_500_1,65,0.30966666666666665,0.8096666666666666,raw_window_v1,2658,6871,2658,6871,4213,0.309805,0.809607,0.0,0.0,9009,4505,3000,local_endpoint_hold,local_line,0.0001383333333333514,4.166611166644962e-06,2000,3003,kaiser_beta_5,60061,allowed_raw_timestamps
65_135_60_1000_0,65,0.3295,0.8295,raw_window_v1,2825,7133,2825,7133,4308,0.329536,0.829488,0.0,0.0,9009,4505,3000,local_endpoint_hold,local_line,3.599999999998049e-05,0.0,2000,3003,kaiser_beta_5,60061,allowed_raw_timestamps
65_135_60_1000_1,65,0.3204389183333334,0.8204389183333334,raw_window_v1,2755,7071,2755,7071,4316,0.320499585,0.820381585,0.0,0.0,9009,4505,3000,local_endpoint_hold,local_line,6.066666666659781e-05,1.8332778333185473e-06,2000,3003,kaiser_beta_5,60061,allowed_raw_timestamps
65_180_60_500_0,65,0.300034138,0.800034138,raw_window_v1,2580,6839,2580,6839,4259,0.300102138,0.800016138,0.0,0.0,9009,4505,3000,local_endpoint_hold,local_line,6.80000000000125e-05,0.0,2000,3003,kaiser_beta_5,60061,allowed_raw_timestamps
65_180_60_500_1,65,0.30989181033333335,0.8098918103333334,raw_window_v1,2662,6965,2662,6965,4303,0.309940477,0.809770477,0.0,0.0,9009,4505,3000,local_endpoint_hold,local_line,4.866666666664132e-05,6.583327783327153e-05,2000,3003,kaiser_beta_5,60061,allowed_raw_timestamps
65_180_60_1000_0,65,0.30044919433333334,0.8004491943333334,raw_window_v1,2547,6822,2547,6822,4275,0.300526861,0.800432861,0.0,0.0,9009,4505,3000,local_endpoint_hold,local_line,7.766666666664257e-05,0.0,2000,3003,kaiser_beta_5,60061,allowed_raw_timestamps
65_180_60_1000_1,65,0.30968429666666664,0.8096842966666666,raw_window_v1,2624,6992,2624,6992,4368,0.30976363,0.80961563,0.0,0.0,9009,4505,3000,local_endpoint_hold,local_line,7.933333333337567e-05,1.3166611166570696e-05,2000,3003,kaiser_beta_5,60061,allowed_raw_timestamps
65_225_60_500_0,65,0.2901666666666667,0.7901666666666667,raw_window_v1,2491,6841,2491,6841,4350,0.290188,0.790066,0.0,0.0,9009,4505,3000,local_endpoint_hold,local_line,2.133333333331766e-05,4.51666111666027e-05,2000,3003,kaiser_beta_5,60061,allowed_raw_timestamps
65_225_60_500_1,65,0.3008259066666667,0.8008259066666668,raw_window_v1,2511,6802,2511,6802,4291,0.30092124,0.80071524,0.0,0.0,9009,4505,3000,local_endpoint_hold,local_line,9.533333333328065e-05,5.516661116666821e-05,2000,3003,kaiser_beta_5,60061,allowed_raw_timestamps
65_225_60_1000_0,65,0.30917318166666663,0.8091731816666666,raw_window_v1,2640,6914,2640,6914,4274,0.309259515,0.809155515,0.0,0.0,9009,4505,3000,local_endpoint_hold,local_line,8.633333333335491e-05,0.0,2000,3003,kaiser_beta_5,60061,allowed_raw_timestamps
65_225_60_1000_1,65,0.32016666666666665,0.8201666666666667,raw_window_v1,2747,7004,2747,7004,4257,0.320296,0.820057,0.0,0.0,9009,4505,3000,local_endpoint_hold,local_line,0.00012933333333337016,5.4166611166639456e-05,2000,3003,kaiser_beta_5,60061,allowed_raw_timestamps
65_270_60_500_0,65,0.2905,0.7905,raw_window_v1,2498,6817,2498,6817,4319,0.29053,0.790428,0.0,0.0,9009,4505,3000,local_endpoint_hold,local_line,3.0000000000030003e-05,1.6499944499925867e-05,2000,3003,kaiser_beta_5,60061,allowed_raw_timestamps
65_270_60_500_1,65,0.38953818500000004,0.889538185,raw_window_v1,3359,7674,3359,7674,4315,0.389600185,0.889447185,0.0,0.0,9009,4505,3000,local_endpoint_hold,local_line,6.199999999995098e-05,3.5499944500028136e-05,2000,3003,kaiser_beta_5,60061,allowed_raw_timestamps
65_270_60_1000_0,65,0.4008333333333333,0.9008333333333334,raw_window_v1,3393,7675,3393,7675,4282,0.400852,0.90081,0.0,0.0,9009,4505,3000,local_endpoint_hold,local_line,1.866666666666683e-05,0.0,2000,3003,kaiser_beta_5,60061,allowed_raw_timestamps
65_270_60_1000_1,65,0.2991666666666667,0.7991666666666667,raw_window_v1,2556,6822,2556,6822,4266,0.299178,0.799084,0.0,0.0,9009,4505,3000,local_endpoint_hold,local_line,1.133333333330766e-05,2.716661116664021e-05,2000,3003,kaiser_beta_5,60061,allowed_raw_timestamps
65_315_60_500_0,65,0.31016666666666665,0.8101666666666667,raw_window_v1,2699,7024,2699,7024,4325,0.310289,0.810081,0.0,0.0,9009,4505,3000,local_endpoint_hold,local_line,0.0001223333333333354,3.0166611166615453e-05,2000,3003,kaiser_beta_5,60061,allowed_raw_timestamps
65_315_60_500_1,65,0.30883333333333335,0.8088333333333333,raw_window_v1,2663,7014,2663,7014,4351,0.308843,0.808729,0.0,0.0,9009,4505,3000,local_endpoint_hold,local_line,9.666666666630075e-06,4.8833277833226774e-05,2000,3003,kaiser_beta_5,60061,allowed_raw_timestamps
65_315_60_1000_0,65,0.3102106846666666,0.8102106846666666,raw_window_v1,2668,7010,2668,7010,4342,0.310263018,0.810160018,0.0,0.0,9009,4505,3000,local_endpoint_hold,local_line,5.233333333337642e-05,0.0,2000,3003,kaiser_beta_5,60061,allowed_raw_timestamps
65_315_60_1000_1,65,0.5008333333333334,1.0008333333333335,raw_window_v1,4305,8657,4305,8657,4352,0.500883,1.000821,0.0,0.0,9009,4505,3000,local_endpoint_hold,local_line,4.966666666661457e-05,0.0,2000,3003,kaiser_beta_5,60061,allowed_raw_timestamps
74_0_20_500_0,74,0.28076434666666666,0.7807643466666667,raw_window_v1,2372,6667,2372,6667,4295,0.28082468,0.78073268,0.0,0.0,9009,4505,3000,local_endpoint_hold,local_line,6.033333333332891e-05,0.0,2000,3003,kaiser_beta_5,60061,allowed_raw_timestamps
74_0_20_500_1,74,0.40035022433333334,0.9003502243333333,raw_window_v1,3333,7695,3333,7695,4362,0.400421891,0.899704891,0.0,0.0,9009,4505,3000,local_endpoint_hold,local_line,7.166666666663657e-05,0.0005898332778333515,2000,3003,kaiser_beta_5,60061,allowed_raw_timestamps
74_0_20_1000_0,74,0.3006666666666667,0.8006666666666666,raw_window_v1,2562,6874,2562,6874,4312,0.300712,0.800665,0.0,0.0,9009,4505,3000,local_endpoint_hold,local_line,4.533333333328615e-05,0.0,2000,3003,kaiser_beta_5,60061,allowed_raw_timestamps
74_0_20_1000_1,74,1.551025392,2.0510253919999997,raw_window_v1,13496,17834,13496,17834,4338,1.551110392,2.051004392,0.0,0.0,9009,4505,3000,local_endpoint_hold,local_line,8.500000000011276e-05,0.0,2000,3003,kaiser_beta_5,60061,allowed_raw_timestamps
74_45_20_500_0,74,1.1606666666666667,1.6606666666666667,raw_window_v1,9997,14337,9997,14337,4340,1.160669,1.660561,0.0,0.0,9009,4505,3000,local_endpoint_hold,local_line,2.3333333332153927e-06,5.016661116674648e-05,2000,3003,kaiser_beta_5,60061,allowed_raw_timestamps
74_45_20_500_1,74,0.29985894333333335,0.7998589433333334,raw_window_v1,2566,6887,2566,6887,4321,0.29994461,0.79984761,0.0,0.0,9009,4505,3000,local_endpoint_hold,local_line,8.566666666665057e-05,0.0,2000,3003,kaiser_beta_5,60061,allowed_raw_timestamps
74_45_20_1000_0,74,1.3699371663333333,1.8699371663333333,raw_window_v1,11786,16028,11786,16028,4242,1.369954833,1.869894833,0.0,0.0,9009,4505,3000,local_endpoint_hold,local_line,1.7666666666693587e-05,0.0,2000,3003,kaiser_beta_5,60061,allowed_raw_timestamps
74_45_20_1000_1,74,0.3006666666666667,0.8006666666666666,raw_window_v1,2558,6918,2558,6918,4360,0.300751,0.800622,0.0,0.0,9009,4505,3000,local_endpoint_hold,local_line,8.43333333332974e-05,0.0,2000,3003,kaiser_beta_5,60061,allowed_raw_timestamps
74_90_20_500_0,74,0.27088317533333334,0.7708831753333334,raw_window_v1,2309,6630,2309,6630,4321,0.270984842,0.770873842,0.0,0.0,9009,4505,3000,local_endpoint_hold,local_line,0.00010166666666666657,0.0,2000,3003,kaiser_beta_5,60061,allowed_raw_timestamps
74_90_20_500_1,74,0.3005,0.8005,raw_window_v1,2570,6862,2570,6862,4292,0.300541,0.800423,0.0,0.0,9009,4505,3000,local_endpoint_hold,local_line,4.100000000001325e-05,2.1499944499958623e-05,2000,3003,kaiser_beta_5,60061,allowed_raw_timestamps
74_90_20_1000_0,74,0.2791666666666667,0.7791666666666667,raw_window_v1,2396,6771,2396,6771,4375,0.279188,0.779087,0.0,0.0,9009,4505,3000,local_endpoint_hold,local_line,2.133333333331766e-05,2.4166611166664964e-05,2000,3003,kaiser_beta_5,60061,allowed_raw_timestamps
74_90_20_1000_1,74,0.2805,0.7805,raw_window_v1,2355,6677,2355,6677,4322,0.280559,0.780403,0.0,0.0,9009,4505,3000,local_endpoint_hold,local_line,5.899999999997574e-05,4.1499944499978625e-05,2000,3003,kaiser_beta_5,60061,allowed_raw_timestamps
74_135_20_500_0,74,0.2999434203333333,0.7999434203333333,raw_window_v1,2602,6935,2602,6935,4333,0.300077087,0.799903087,0.0,0.0,9009,4505,3000,local_endpoint_hold,local_line,0.00013366666666669857,0.0,2000,3003,kaiser_beta_5,60061,allowed_raw_timestamps
74_135_20_500_1,74,1.9895,2.4895,raw_window_v1,17188,21532,17188,21532,4344,1.989519,2.489422,0.0,0.0,9009,4505,3000,local_endpoint_hold,local_line,1.8999999999991246e-05,2.249994449998738e-05,2000,3003,kaiser_beta_5,60061,allowed_raw_timestamps
74_135_20_1000_0,74,0.3001666666666667,0.8001666666666667,raw_window_v1,2556,6901,2556,6901,4345,0.30023,0.800083,0.0,0.0,9009,4505,3000,local_endpoint_hold,local_line,6.333333333330415e-05,2.8166611166668964e-05,2000,3003,kaiser_beta_5,60061,allowed_raw_timestamps
74_135_20_1000_1,74,0.7096666666666667,1.2096666666666667,raw_window_v1,6126,10457,6126,10457,4331,0.709733,1.209565,0.0,0.0,9009,4505,3000,local_endpoint_hold,local_line,6.63333333332794e-05,4.6166611166631455e-05,2000,3003,kaiser_beta_5,60061,allowed_raw_timestamps
74_180_20_500_0,74,0.579095521,1.079095521,raw_window_v1,4899,9226,4899,9226,4327,0.579186521,1.078945521,0.0,0.0,9009,4505,3000,local_endpoint_hold,local_line,9.100000000006325e-05,9.449994449983734e-05,2000,3003,kaiser_beta_5,60061,allowed_raw_timestamps
74_180_20_500_1,74,0.3011666666666667,0.8011666666666667,raw_window_v1,2573,6942,2573,6942,4369,0.301189,0.801074,0.0,0.0,9009,4505,3000,local_endpoint_hold,local_line,2.2333333333290906e-05,3.716661116670572e-05,2000,3003,kaiser_beta_5,60061,allowed_raw_timestamps
74_180_20_1000_0,74,0.3001666666666667,0.8001666666666667,raw_window_v1,2594,6904,2594,6904,4310,0.300201,0.800084,0.0,0.0,9009,4505,3000,local_endpoint_hold,local_line,3.433333333330291e-05,2.716661116664021e-05,2000,3003,kaiser_beta_5,60061,allowed_raw_timestamps
74_180_20_1000_1,74,2.2206947886666666,2.7206947886666666,raw_window_v1,19182,23517,19182,23517,4335,2.220740122,2.720612122,0.0,0.0,9009,4505,3000,local_endpoint_hold,local_line,4.5333333333452686e-05,2.7166611166418164e-05,2000,3003,kaiser_beta_5,60061,allowed_raw_timestamps
74_225_20_500_0,74,1.290571829,1.790571829,raw_window_v1,11204,15513,11204,15513,4309,1.290603829,1.790483829,0.0,0.0,9009,4505,3000,local_endpoint_hold,local_line,3.2000000000032e-05,3.2499944499830846e-05,2000,3003,kaiser_beta_5,60061,allowed_raw_timestamps
74_225_20_500_1,74,0.28983333333333333,0.7898333333333334,raw_window_v1,2492,6723,2492,6723,4231,0.289891,0.789788,0.0,0.0,9009,4505,3000,local_endpoint_hold,local_line,5.766666666667808e-05,0.0,2000,3003,kaiser_beta_5,60061,allowed_raw_timestamps
74_225_20_1000_0,74,0.3007722586666667,0.8007722586666667,raw_window_v1,2585,6865,2585,6865,4280,0.300872592,0.800701592,0.0,0.0,9009,4505,3000,local_endpoint_hold,local_line,0.0001003333333333134,1.5166611166628208e-05,2000,3003,kaiser_beta_5,60061,allowed_raw_timestamps
74_225_20_1000_1,74,0.5794158523333334,1.0794158523333333,raw_window_v1,4944,9310,4944,9310,4366,0.579420519,1.079305519,0.0,0.0,9009,4505,3000,local_endpoint_hold,local_line,4.66666666665283e-06,5.483327783339931e-05,2000,3003,kaiser_beta_5,60061,allowed_raw_timestamps
74_270_20_500_0,74,0.29927981566666667,0.7992798156666667,raw_window_v1,2590,6916,2590,6916,4326,0.299364149,0.799248149,0.0,0.0,9009,4505,3000,local_endpoint_hold,local_line,8.433333333335291e-05,0.0,2000,3003,kaiser_beta_5,60061,allowed_raw_timestamps
74_270_20_500_1,74,1.2295256300000001,1.7295256300000001,raw_window_v1,10612,14944,10612,14944,4332,1.22952963,1.72950463,0.0,0.0,9009,4505,3000,local_endpoint_hold,local_line,3.999999999892978e-06,0.0,2000,3003,kaiser_beta_5,60061,allowed_raw_timestamps
74_270_20_1000_0,74,0.2905,0.7905,raw_window_v1,2474,6749,2474,6749,4275,0.290584,0.790479,0.0,0.0,9009,4505,3000,local_endpoint_hold,local_line,8.40000000000285e-05,0.0,2000,3003,kaiser_beta_5,60061,allowed_raw_timestamps
74_270_20_1000_1,74,0.2796823176666667,0.7796823176666667,raw_window_v1,2388,6517,2388,6517,4129,0.279762651,0.779607651,0.0,0.0,9009,4505,3000,local_endpoint_hold,local_line,8.03333333332934e-05,1.916661116674323e-05,2000,3003,kaiser_beta_5,60061,allowed_raw_timestamps
74_315_20_500_0,74,0.281,0.781,raw_window_v1,2420,6628,2420,6628,4208,0.28102,0.780981,0.0,0.0,9009,4505,3000,local_endpoint_hold,local_line,1.999999999996449e-05,0.0,2000,3003,kaiser_beta_5,60061,allowed_raw_timestamps
74_315_20_500_1,74,0.29005161199999996,0.790051612,raw_window_v1,2491,6791,2491,6791,4300,0.290133612,0.790035612,0.0,0.0,9009,4505,3000,local_endpoint_hold,local_line,8.20000000000265e-05,0.0,2000,3003,kaiser_beta_5,60061,allowed_raw_timestamps
74_315_20_1000_0,74,0.289,0.7889999999999999,raw_window_v1,2463,6693,2463,6693,4230,0.289097,0.788928,0.0,0.0,9009,4505,3000,local_endpoint_hold,local_line,9.700000000001374e-05,1.6499944499925867e-05,2000,3003,kaiser_beta_5,60061,allowed_raw_timestamps
74_315_20_1000_1,74,0.2908469343333333,0.7908469343333333,raw_window_v1,2511,6854,2511,6854,4343,0.290848601,0.790822601,0.0,0.0,9009,4505,3000,local_endpoint_hold,local_line,1.6666666666775853e-06,0.0,2000,3003,kaiser_beta_5,60061,allowed_raw_timestamps
74_0_40_500_0,74,0.2895,0.7895,raw_window_v1,2496,6760,2496,6760,4264,0.289579,0.789496,0.0,0.0,9009,4505,3000,local_endpoint_hold,local_line,7.899999999999574e-05,0.0,2000,3003,kaiser_beta_5,60061,allowed_raw_timestamps
74_0_40_500_1,74,0.28983333333333333,0.7898333333333334,raw_window_v1,2461,6660,2461,6660,4199,0.289909,0.789808,0.0,0.0,9009,4505,3000,local_endpoint_hold,local_line,7.566666666664057e-05,0.0,2000,3003,kaiser_beta_5,60061,allowed_raw_timestamps
74_0_40_1000_0,74,0.9503333333333334,1.4503333333333335,raw_window_v1,8175,12484,8175,12484,4309,0.950416,1.449961,0.0,0.0,9009,4505,3000,local_endpoint_hold,local_line,8.266666666667533e-05,0.00031683327783316173,2000,3003,kaiser_beta_5,60061,allowed_raw_timestamps
74_0_40_1000_1,74,0.5103333333333333,1.0103333333333333,raw_window_v1,4402,8691,4402,8691,4289,0.510347,1.010265,0.0,0.0,9009,4505,3000,local_endpoint_hold,local_line,1.3666666666689586e-05,1.2833277833301793e-05,2000,3003,kaiser_beta_5,60061,allowed_raw_timestamps
74_45_40_500_0,74,0.309515703,0.809515703,raw_window_v1,2670,6951,2670,6951,4281,0.309556703,0.809460703,0.0,0.0,9009,4505,3000,local_endpoint_hold,local_line,4.100000000001325e-05,0.0,2000,3003,kaiser_beta_5,60061,allowed_raw_timestamps
74_45_40_500_1,74,0.31066666666666665,0.8106666666666666,raw_window_v1,2687,6959,2687,6959,4272,0.310711,0.810613,0.0,0.0,9009,4505,3000,local_endpoint_hold,local_line,4.433333333336842e-05,0.0,2000,3003,kaiser_beta_5,60061,allowed_raw_timestamps
74_45_40_1000_0,74,0.31120319266666663,0.8112031926666666,raw_window_v1,2651,6997,2651,6997,4346,0.311244526,0.811152526,0.0,0.0,9009,4505,3000,local_endpoint_hold,local_line,4.1333333333393174e-05,0.0,2000,3003,kaiser_beta_5,60061,allowed_raw_timestamps
74_45_40_1000_1,74,0.321553067,0.821553067,raw_window_v1,2726,7016,2726,7016,4290,0.321666067,0.821551067,0.0,0.0,9091,4546,3000,local_endpoint_hold,local_line,0.00011299999999997423,0.0,6000,9091,kaiser_beta_5,181821,allowed_raw_timestamps
74_90_40_500_0,74,0.31066666666666665,0.8106666666666666,raw_window_v1,2648,6869,2648,6869,4221,0.310701,0.810594,0.0,0.0,9009,4505,3000,local_endpoint_hold,local_line,3.433333333335842e-05,1.7166611166574697e-05,2000,3003,kaiser_beta_5,60061,allowed_raw_timestamps
74_90_40_500_1,74,0.2896666666666667,0.7896666666666667,raw_window_v1,2483,6815,2483,6815,4332,0.289748,0.789539,0.0,0.0,9009,4505,3000,local_endpoint_hold,local_line,8.133333333332216e-05,7.216661116671297e-05,2000,3003,kaiser_beta_5,60061,allowed_raw_timestamps
74_90_40_1000_0,74,0.309,0.8089999999999999,raw_window_v1,2648,7010,2648,7010,4362,0.309073,0.808976,0.0,0.0,9009,4505,3000,local_endpoint_hold,local_line,7.299999999998974e-05,0.0,2000,3003,kaiser_beta_5,60061,allowed_raw_timestamps
74_90_40_1000_1,74,0.31116666666666665,0.8111666666666666,raw_window_v1,2690,6969,2690,6969,4279,0.311287,0.811106,0.0,0.0,9009,4505,3000,local_endpoint_hold,local_line,0.0001203333333333334,5.166611166562696e-06,2000,3003,kaiser_beta_5,60061,allowed_raw_timestamps
74_135_40_500_0,74,0.3010412823333333,0.8010412823333333,raw_window_v1,2576,6860,2576,6860,4284,0.301067949,0.800968949,0.0,0.0,9009,4505,3000,local_endpoint_hold,local_line,2.6666666666674832e-05,1.683327783319477e-05,2000,3003,kaiser_beta_5,60061,allowed_raw_timestamps
74_135_40_500_1,74,0.29033333333333333,0.7903333333333333,raw_window_v1,2526,6825,2526,6825,4299,0.290402,0.790312,0.0,0.0,9009,4505,3000,local_endpoint_hold,local_line,6.866666666666132e-05,0.0,2000,3003,kaiser_beta_5,60061,allowed_raw_timestamps
74_135_40_1000_0,74,0.301,0.8009999999999999,raw_window_v1,2589,6914,2589,6914,4325,0.301028,0.800927,0.0,0.0,9009,4505,3000,local_endpoint_hold,local_line,2.8000000000028002e-05,1.7499944499954623e-05,2000,3003,kaiser_beta_5,60061,allowed_raw_timestamps
74_135_40_1000_1,74,0.3002594586666667,0.8002594586666667,raw_window_v1,2564,6735,2564,6735,4171,0.300311792,0.800192792,0.0,0.0,9009,4505,3000,local_endpoint_hold,local_line,5.233333333332091e-05,1.1166611166624207e-05,2000,3003,kaiser_beta_5,60061,allowed_raw_timestamps
74_180_40_500_0,74,0.31033333333333335,0.8103333333333333,raw_window_v1,2656,7039,2656,7039,4383,0.310359,0.810257,0.0,0.0,9009,4505,3000,local_endpoint_hold,local_line,2.5666666666646076e-05,2.0833277833309793e-05,2000,3003,kaiser_beta_5,60061,allowed_raw_timestamps
74_180_40_500_1,74,1.0503011196666667,1.5503011196666667,raw_window_v1,8922,13253,8922,13253,4331,1.050317453,1.550220453,0.0,0.0,9009,4505,3000,local_endpoint_hold,local_line,1.6333333333173883e-05,2.5166611166582697e-05,2000,3003,kaiser_beta_5,60061,allowed_raw_timestamps
74_180_40_1000_0,74,0.32066666666666666,0.8206666666666667,raw_window_v1,2731,6983,2731,6983,4252,0.320694,0.820603,0.0,0.0,9009,4505,3000,local_endpoint_hold,local_line,2.733333333332366e-05,8.166611166648963e-06,2000,3003,kaiser_beta_5,60061,allowed_raw_timestamps
74_180_40_1000_1,74,0.309,0.8089999999999999,raw_window_v1,2644,6914,2644,6914,4270,0.309004,0.808984,0.0,0.0,9009,4505,3000,local_endpoint_hold,local_line,4.000000000004e-06,0.0,2000,3003,kaiser_beta_5,60061,allowed_raw_timestamps
74_225_40_500_0,74,0.30983333333333335,0.8098333333333334,raw_window_v1,2618,6899,2618,6899,4281,0.309836,0.809822,0.0,0.0,9009,4505,3000,local_endpoint_hold,local_line,2.66666666665083e-06,0.0,2000,3003,kaiser_beta_5,60061,allowed_raw_timestamps
74_225_40_500_1,74,0.36,0.86,raw_window_v1,3104,7378,3104,7378,4274,0.360055,0.859953,0.0,0.0,9009,4505,3000,local_endpoint_hold,local_line,5.500000000002725e-05,0.0,2000,3003,kaiser_beta_5,60061,allowed_raw_timestamps
74_225_40_1000_0,74,0.31922981066666667,0.8192298106666667,raw_window_v1,2752,7049,2752,7049,4297,0.319316144,0.819213144,0.0,0.0,9009,4505,3000,local_endpoint_hold,local_line,8.633333333335491e-05,0.0,2000,3003,kaiser_beta_5,60061,allowed_raw_timestamps
74_225_40_1000_1,74,0.30966666666666665,0.8096666666666666,raw_window_v1,2649,6915,2649,6915,4266,0.309672,0.809604,0.0,0.0,9009,4505,3000,local_endpoint_hold,local_line,5.333333333357171e-06,7.166611166620207e-06,2000,3003,kaiser_beta_5,60061,allowed_raw_timestamps
74_270_40_500_0,74,0.29988492033333336,0.7998849203333334,raw_window_v1,2566,6867,2566,6867,4301,0.299915587,0.799866587,0.0,0.0,9009,4505,3000,local_endpoint_hold,local_line,3.066666666662332e-05,0.0,2000,3003,kaiser_beta_5,60061,allowed_raw_timestamps
74_270_40_500_1,74,0.29058086,0.7905808599999999,raw_window_v1,2513,6846,2513,6846,4333,0.29079086,0.79052986,0.0,0.0,9009,4505,3000,local_endpoint_hold,local_line,0.00020999999999998797,0.0,2000,3003,kaiser_beta_5,60061,allowed_raw_timestamps
74_270_40_1000_0,74,0.28983333333333333,0.7898333333333334,raw_window_v1,2499,6751,2499,6751,4252,0.28985,0.789522,0.0,0.0,9009,4505,3000,local_endpoint_hold,local_line,1.666666666666483e-05,0.00025583327783340604,2000,3003,kaiser_beta_5,60061,allowed_raw_timestamps
74_270_40_1000_1,74,0.29019648966666667,0.7901964896666667,raw_window_v1,2483,6735,2483,6735,4252,0.290267823,0.790186823,0.0,0.0,9009,4505,3000,local_endpoint_hold,local_line,7.133333333331215e-05,0.0,2000,3003,kaiser_beta_5,60061,allowed_raw_timestamps
74_315_40_500_0,74,0.299578178,0.799578178,raw_window_v1,2579,6925,2579,6925,4346,0.299684178,0.799533178,0.0,0.0,9009,4505,3000,local_endpoint_hold,local_line,0.0001060000000000505,0.0,2000,3003,kaiser_beta_5,60061,allowed_raw_timestamps
74_315_40_500_1,74,0.3099267623333333,0.8099267623333333,raw_window_v1,2644,6877,2644,6877,4233,0.309998429,0.809893429,0.0,0.0,9009,4505,3000,local_endpoint_hold,local_line,7.166666666669208e-05,0.0,2000,3003,kaiser_beta_5,60061,allowed_raw_timestamps
74_315_40_1000_0,74,0.289561596,0.789561596,raw_window_v1,2524,6829,2524,6829,4305,0.289580596,0.789470596,0.0,0.0,9009,4505,3000,local_endpoint_hold,local_line,1.9000000000046757e-05,3.549994449991711e-05,2000,3003,kaiser_beta_5,60061,allowed_raw_timestamps
74_315_40_1000_1,74,0.2803333333333333,0.7803333333333333,raw_window_v1,2404,6661,2404,6661,4257,0.280384,0.780307,0.0,0.0,9009,4505,3000,local_endpoint_hold,local_line,5.0666666666698834e-05,0.0,2000,3003,kaiser_beta_5,60061,allowed_raw_timestamps
74_0_60_500_0,74,0.320511458,0.820511458,raw_window_v1,2757,7026,2757,7026,4269,0.320557458,0.820403458,0.0,0.0,9009,4505,3000,local_endpoint_hold,local_line,4.599999999999049e-05,5.249994449996187e-05,2000,3003,kaiser_beta_5,60061,allowed_raw_timestamps
74_0_60_500_1,74,0.30033333333333334,0.8003333333333333,raw_window_v1,2564,6858,2564,6858,4294,0.30042,0.799822,0.0,0.0,9009,4505,3000,local_endpoint_hold,local_line,8.666666666667933e-05,0.000455833277833273,2000,3003,kaiser_beta_5,60061,allowed_raw_timestamps
74_0_60_1000_0,74,0.30916666666666665,0.8091666666666666,raw_window_v1,2652,6970,2652,6970,4318,0.309201,0.809164,0.0,0.0,9009,4505,3000,local_endpoint_hold,local_line,3.433333333335842e-05,0.0,2000,3003,kaiser_beta_5,60061,allowed_raw_timestamps
74_0_60_1000_1,74,0.31119031066666664,0.8111903106666667,raw_window_v1,2683,7014,2683,7014,4331,0.311222644,0.811114644,0.0,0.0,9009,4505,3000,local_endpoint_hold,local_line,3.233333333335642e-05,2.0166611166660964e-05,2000,3003,kaiser_beta_5,60061,allowed_raw_timestamps
74_45_60_500_0,74,0.31933333333333336,0.8193333333333334,raw_window_v1,2731,7044,2731,7044,4313,0.319471,0.818593,0.0,0.0,9009,4505,3000,local_endpoint_hold,local_line,0.00013766666666664706,0.0006848332778333077,2000,3003,kaiser_beta_5,60061,allowed_raw_timestamps
74_45_60_500_1,74,0.29883333333333334,0.7988333333333333,raw_window_v1,2561,6871,2561,6871,4310,0.298877,0.798729,0.0,0.0,9009,4505,3000,local_endpoint_hold,local_line,4.366666666666408e-05,4.8833277833226774e-05,2000,3003,kaiser_beta_5,60061,allowed_raw_timestamps
74_45_60_1000_0,74,0.31066666666666665,0.8106666666666666,raw_window_v1,2643,6950,2643,6950,4307,0.310742,0.810646,0.0,0.0,9009,4505,3000,local_endpoint_hold,local_line,7.533333333337167e-05,0.0,2000,3003,kaiser_beta_5,60061,allowed_raw_timestamps
74_45_60_1000_1,74,0.31969046966666664,0.8196904696666667,raw_window_v1,2735,6968,2735,6968,4233,0.319727803,0.819668803,0.0,0.0,9009,4505,3000,local_endpoint_hold,local_line,3.733333333333366e-05,0.0,2000,3003,kaiser_beta_5,60061,allowed_raw_timestamps
74_90_60_500_0,74,0.32110423666666665,0.8211042366666667,raw_window_v1,2697,7028,2697,7028,4331,0.32114557,0.82104457,0.0,0.0,9009,4505,3000,local_endpoint_hold,local_line,4.133333333333766e-05,4.166611166644962e-06,2000,3003,kaiser_beta_5,60061,allowed_raw_timestamps
74_90_60_500_1,74,0.31083333333333335,0.8108333333333333,raw_window_v1,2654,6953,2654,6953,4299,0.310851,0.81077,0.0,0.0,9009,4505,3000,local_endpoint_hold,local_line,1.7666666666638076e-05,7.833277833269037e-06,2000,3003,kaiser_beta_5,60061,allowed_raw_timestamps
74_90_60_1000_0,74,0.31933333333333336,0.8193333333333334,raw_window_v1,2769,7060,2769,7060,4291,0.319384,0.819283,0.0,0.0,9009,4505,3000,local_endpoint_hold,local_line,5.066666666664332e-05,0.0,2000,3003,kaiser_beta_5,60061,allowed_raw_timestamps
74_90_60_1000_1,74,0.30971366266666667,0.8097136626666667,raw_window_v1,2674,7006,2674,7006,4332,0.309809996,0.809600996,0.0,0.0,9009,4505,3000,local_endpoint_hold,local_line,9.63333333333094e-05,5.71666111666147e-05,2000,3003,kaiser_beta_5,60061,allowed_raw_timestamps
74_135_60_500_0,74,0.3205,0.8205,raw_window_v1,2738,6987,2738,6987,4249,0.320559,0.820411,0.0,0.0,9009,4505,3000,local_endpoint_hold,local_line,5.899999999997574e-05,3.3499944499970624e-05,2000,3003,kaiser_beta_5,60061,allowed_raw_timestamps
74_135_60_500_1,74,0.9203416643333333,1.4203416643333333,raw_window_v1,8016,12364,8016,12364,4348,0.920452331,1.420298331,0.0,0.0,9009,4505,3000,local_endpoint_hold,local_line,0.00011066666666670333,0.0,2000,3003,kaiser_beta_5,60061,allowed_raw_timestamps
74_135_60_1000_0,74,0.3107296073333333,0.8107296073333333,raw_window_v1,2603,6900,2603,6900,4297,0.310778274,0.810651274,0.0,0.0,9009,4505,3000,local_endpoint_hold,local_line,4.8666666666696834e-05,2.2833277833256282e-05,2000,3003,kaiser_beta_5,60061,allowed_raw_timestamps
74_135_60_1000_1,74,0.2995,0.7995,raw_window_v1,2550,6858,2550,6858,4308,0.299563,0.799405,0.0,0.0,9009,4505,3000,local_endpoint_hold,local_line,6.300000000003525e-05,3.9499944499921114e-05,2000,3003,kaiser_beta_5,60061,allowed_raw_timestamps
74_180_60_500_0,74,0.33066666666666666,0.8306666666666667,raw_window_v1,2853,7189,2853,7189,4336,0.330702,0.830643,0.0,0.0,9009,4505,3000,local_endpoint_hold,local_line,3.533333333333166e-05,0.0,2000,3003,kaiser_beta_5,60061,allowed_raw_timestamps
74_180_60_500_1,74,0.590011588,1.0900115879999999,raw_window_v1,5012,9319,5012,9319,4307,0.590041588,1.089997588,0.0,0.0,9009,4505,3000,local_endpoint_hold,local_line,2.999999999997449e-05,0.0,2000,3003,kaiser_beta_5,60061,allowed_raw_timestamps
74_180_60_1000_0,74,0.2988681163333333,0.7988681163333333,raw_window_v1,2522,6867,2522,6867,4345,0.298880783,0.798839783,0.0,0.0,9009,4505,3000,local_endpoint_hold,local_line,1.266666666666083e-05,0.0,2000,3003,kaiser_beta_5,60061,allowed_raw_timestamps
74_180_60_1000_1,74,0.31018065866666666,0.8101806586666667,raw_window_v1,2658,6950,2658,6950,4292,0.310246992,0.810171992,0.0,0.0,9009,4505,3000,local_endpoint_hold,local_line,6.633333333333491e-05,0.0,2000,3003,kaiser_beta_5,60061,allowed_raw_timestamps
74_225_60_500_0,74,0.33016666666666666,0.8301666666666667,raw_window_v1,2801,7085,2801,7085,4284,0.330292,0.830149,0.0,0.0,9009,4505,3000,local_endpoint_hold,local_line,0.00012533333333331065,0.0,2000,3003,kaiser_beta_5,60061,allowed_raw_timestamps
74_225_60_500_1,74,0.3095,0.8095,raw_window_v1,2507,6753,2507,6753,4246,0.309593,0.809415,0.0,0.0,9009,4505,3000,local_endpoint_hold,local_line,9.300000000000974e-05,2.9499944499966624e-05,2000,3003,kaiser_beta_5,60061,allowed_raw_timestamps
74_225_60_1000_0,74,0.3205,0.8205,raw_window_v1,2751,7084,2751,7084,4333,0.320538,0.820434,0.0,0.0,9009,4505,3000,local_endpoint_hold,local_line,3.799999999998249e-05,1.0499944499975378e-05,2000,3003,kaiser_beta_5,60061,allowed_raw_timestamps
74_225_60_1000_1,74,0.3207176076666667,0.8207176076666667,raw_window_v1,2767,7097,2767,7097,4330,0.320806941,0.820589941,0.0,0.0,9009,4505,3000,local_endpoint_hold,local_line,8.933333333333016e-05,7.216661116660195e-05,2000,3003,kaiser_beta_5,60061,allowed_raw_timestamps
74_270_60_500_0,74,0.3094713763333333,0.8094713763333333,raw_window_v1,2706,6970,2706,6970,4264,0.309571043,0.809393043,0.0,0.0,9009,4505,3000,local_endpoint_hold,local_line,9.966666666666457e-05,2.2833277833256282e-05,2000,3003,kaiser_beta_5,60061,allowed_raw_timestamps
74_270_60_500_1,74,0.32066666666666666,0.8206666666666667,raw_window_v1,2779,7122,2779,7122,4343,0.320995,0.82066,0.0,0.0,9009,4505,3000,local_endpoint_hold,local_line,0.0003283333333333194,0.0,2000,3003,kaiser_beta_5,60061,allowed_raw_timestamps
74_270_60_1000_0,74,0.30990018333333336,0.8099001833333334,raw_window_v1,2653,7008,2653,7008,4355,0.30997485,0.80970585,0.0,0.0,9009,4505,3000,local_endpoint_hold,local_line,7.466666666666733e-05,0.0001388332778333723,2000,3003,kaiser_beta_5,60061,allowed_raw_timestamps
74_270_60_1000_1,74,0.30962406,0.80962406,raw_window_v1,2609,6822,2609,6822,4213,0.30962406,0.80952706,0.0,0.0,9009,4505,3000,local_endpoint_hold,local_line,0.0,4.1499944499978625e-05,2000,3003,kaiser_beta_5,60061,allowed_raw_timestamps
74_315_60_500_0,74,0.30984743733333336,0.8098474373333333,raw_window_v1,2703,7030,2703,7030,4327,0.309969104,0.809842104,0.0,0.0,9009,4505,3000,local_endpoint_hold,local_line,0.00012166666666663106,0.0,2000,3003,kaiser_beta_5,60061,allowed_raw_timestamps
74_315_60_500_1,74,0.30966666666666665,0.8096666666666666,raw_window_v1,2681,7040,2681,7040,4359,0.309718,0.809629,0.0,0.0,9009,4505,3000,local_endpoint_hold,local_line,5.1333333333347664e-05,0.0,2000,3003,kaiser_beta_5,60061,allowed_raw_timestamps
74_315_60_1000_0,74,0.3089230233333333,0.8089230233333333,raw_window_v1,2661,7029,2661,7029,4368,0.30897369,0.80881769,0.0,0.0,9009,4505,3000,local_endpoint_hold,local_line,5.0666666666698834e-05,4.983327783325553e-05,2000,3003,kaiser_beta_5,60061,allowed_raw_timestamps
74_315_60_1000_1,74,0.3095,0.8095,raw_window_v1,2624,6937,2624,6937,4313,0.309557,0.809403,0.0,0.0,9009,4505,3000,local_endpoint_hold,local_line,5.700000000002925e-05,4.1499944499978625e-05,2000,3003,kaiser_beta_5,60061,allowed_raw_timestamps
79_0_20_500_0,79,0.2906666666666667,0.7906666666666666,raw_window_v1,2460,6742,2460,6742,4282,0.290758,0.790579,0.0,0.0,9009,4505,3000,local_endpoint_hold,local_line,9.133333333333216e-05,3.216661116656194e-05,2000,3003,kaiser_beta_5,60061,allowed_raw_timestamps
79_0_20_500_1,79,0.5397076126666667,1.0397076126666667,raw_window_v1,4685,8992,4685,8992,4307,0.539707946,1.039635946,0.0,0.0,9009,4505,3000,local_endpoint_hold,local_line,3.33333333379926e-07,1.6166611166656963e-05,2000,3003,kaiser_beta_5,60061,allowed_raw_timestamps
79_0_20_1000_0,79,1.1407116706666667,1.6407116706666667,raw_window_v1,9809,14130,9809,14130,4321,1.140777004,1.640630004,0.0,0.0,9009,4505,3000,local_endpoint_hold,local_line,6.533333333336167e-05,2.6166611166722475e-05,2000,3003,kaiser_beta_5,60061,allowed_raw_timestamps
79_0_20_1000_1,79,0.29984070533333335,0.7998407053333334,raw_window_v1,2576,6899,2576,6899,4323,0.299917372,0.799823372,0.0,0.0,9009,4505,3000,local_endpoint_hold,local_line,7.666666666666933e-05,0.0,2000,3003,kaiser_beta_5,60061,allowed_raw_timestamps
79_45_20_500_0,79,0.3304449393333333,0.8304449393333333,raw_window_v1,2826,7111,2826,7111,4285,0.330505606,0.830368606,0.0,0.0,9009,4505,3000,local_endpoint_hold,local_line,6.0666666666708835e-05,2.0833277833309793e-05,2000,3003,kaiser_beta_5,60061,allowed_raw_timestamps
79_45_20_500_1,79,0.7296666666666667,1.2296666666666667,raw_window_v1,6310,10665,6310,10665,4355,0.729708,1.229613,0.0,0.0,9009,4505,3000,local_endpoint_hold,local_line,4.133333333333766e-05,0.0,2000,3003,kaiser_beta_5,60061,allowed_raw_timestamps
79_45_20_1000_0,79,0.3095,0.8095,raw_window_v1,2675,7042,2675,7042,4367,0.309595,0.809394,0.0,0.0,9009,4505,3000,local_endpoint_hold,local_line,9.500000000001174e-05,5.049994450001538e-05,2000,3003,kaiser_beta_5,60061,allowed_raw_timestamps
79_45_20_1000_1,79,0.29033333333333333,0.7903333333333333,raw_window_v1,2472,6742,2472,6742,4270,0.290341,0.79033,0.0,0.0,9009,4505,3000,local_endpoint_hold,local_line,7.666666666683586e-06,0.0,2000,3003,kaiser_beta_5,60061,allowed_raw_timestamps
79_90_20_500_0,79,0.279,0.779,raw_window_v1,2392,6754,2392,6754,4362,0.279034,0.778941,0.0,0.0,9009,4505,3000,local_endpoint_hold,local_line,3.399999999997849e-05,3.4999444999961327e-06,2000,3003,kaiser_beta_5,60061,allowed_raw_timestamps
79_90_20_500_1,79,1.7694108073333334,2.2694108073333332,raw_window_v1,15215,19549,15215,19549,4334,1.769445474,2.269335474,0.0,0.0,9009,4505,3000,local_endpoint_hold,local_line,3.466666666662732e-05,1.983327783339206e-05,2000,3003,kaiser_beta_5,60061,allowed_raw_timestamps
79_90_20_1000_0,79,0.28933333333333333,0.7893333333333333,raw_window_v1,2474,6835,2474,6835,4361,0.289389,0.789262,0.0,0.0,9009,4505,3000,local_endpoint_hold,local_line,5.566666666667608e-05,1.5833277833277037e-05,2000,3003,kaiser_beta_5,60061,allowed_raw_timestamps
79_90_20_1000_1,79,1.7208780013333334,2.2208780013333334,raw_window_v1,14874,19176,14874,19176,4302,1.720939668,2.220840668,0.0,0.0,9009,4505,3000,local_endpoint_hold,local_line,6.166666666662657e-05,0.0,2000,3003,kaiser_beta_5,60061,allowed_raw_timestamps
79_135_20_500_0,79,0.8998732273333334,1.3998732273333334,raw_window_v1,7735,11986,7735,11986,4251,0.899909894,1.399765894,0.0,0.0,9009,4505,3000,local_endpoint_hold,local_line,3.666666666657381e-05,5.183327783342406e-05,2000,3003,kaiser_beta_5,60061,allowed_raw_timestamps
79_135_20_500_1,79,0.2801666666666667,0.7801666666666667,raw_window_v1,2412,6727,2412,6727,4315,0.280174,0.780134,0.0,0.0,9009,4505,3000,local_endpoint_hold,local_line,7.33333333330366e-06,0.0,2000,3003,kaiser_beta_5,60061,allowed_raw_timestamps
79_135_20_1000_0,79,0.2806666666666667,0.7806666666666666,raw_window_v1,2376,6719,2376,6719,4343,0.280727,0.780628,0.0,0.0,9009,4505,3000,local_endpoint_hold,local_line,6.033333333332891e-05,0.0,2000,3003,kaiser_beta_5,60061,allowed_raw_timestamps
79_135_20_1000_1,79,0.280581811,0.780581811,raw_window_v1,2412,6769,2412,6769,4357,0.280586811,0.780439811,0.0,0.0,9009,4505,3000,local_endpoint_hold,local_line,4.999999999977245e-06,8.649994449994036e-05,2000,3003,kaiser_beta_5,60061,allowed_raw_timestamps
79_180_20_500_0,79,1.7606743226666666,2.2606743226666666,raw_window_v1,15323,19649,15323,19649,4326,1.760752656,2.260664656,0.0,0.0,9009,4505,3000,local_endpoint_hold,local_line,7.833333333340242e-05,0.0,2000,3003,kaiser_beta_5,60061,allowed_raw_timestamps
79_180_20_500_1,79,0.29017265966666667,0.7901726596666667,raw_window_v1,2418,6732,2418,6732,4314,0.290183993,0.790121993,0.0,0.0,9009,4505,3000,local_endpoint_hold,local_line,1.133333333330766e-05,0.0,2000,3003,kaiser_beta_5,60061,allowed_raw_timestamps
79_180_20_1000_0,79,0.2791666666666667,0.7791666666666667,raw_window_v1,2359,6689,2359,6689,4330,0.2792,0.779053,0.0,0.0,9009,4505,3000,local_endpoint_hold,local_line,3.333333333332966e-05,5.8166611166643456e-05,2000,3003,kaiser_beta_5,60061,allowed_raw_timestamps
79_180_20_1000_1,79,0.2995,0.7995,raw_window_v1,2584,6907,2584,6907,4323,0.299554,0.799398,0.0,0.0,9009,4505,3000,local_endpoint_hold,local_line,5.3999999999998494e-05,4.649994449990036e-05,2000,3003,kaiser_beta_5,60061,allowed_raw_timestamps
79_225_20_500_0,79,0.32077594966666667,0.8207759496666667,raw_window_v1,2728,6960,2728,6960,4232,0.320847283,0.820735283,0.0,0.0,9009,4505,3000,local_endpoint_hold,local_line,7.133333333331215e-05,0.0,2000,3003,kaiser_beta_5,60061,allowed_raw_timestamps
79_225_20_500_1,79,0.2811666666666667,0.7811666666666667,raw_window_v1,2403,6770,2403,6770,4367,0.28123,0.781098,0.0,0.0,9091,4546,3000,local_endpoint_hold,local_line,6.333333333330415e-05,1.3667216661183978e-05,6000,9091,kaiser_beta_5,181821,allowed_raw_timestamps
79_225_20_1000_0,79,0.2691932046666667,0.7691932046666667,raw_window_v1,2318,6599,2318,6599,4281,0.269215538,0.769176538,0.0,0.0,9009,4505,3000,local_endpoint_hold,local_line,2.2333333333290906e-05,0.0,2000,3003,kaiser_beta_5,60061,allowed_raw_timestamps
79_225_20_1000_1,79,0.2808333333333333,0.7808333333333333,raw_window_v1,2388,6687,2388,6687,4299,0.280843,0.780807,0.0,0.0,9009,4505,3000,local_endpoint_hold,local_line,9.666666666685586e-06,0.0,2000,3003,kaiser_beta_5,60061,allowed_raw_timestamps
79_270_20_500_0,79,0.289,0.7889999999999999,raw_window_v1,2473,6813,2473,6813,4340,0.289012,0.788904,0.0,0.0,9009,4505,3000,local_endpoint_hold,local_line,1.2000000000012001e-05,4.049994449983885e-05,2000,3003,kaiser_beta_5,60061,allowed_raw_timestamps
79_270_20_500_1,79,0.28,0.78,raw_window_v1,2387,6713,2387,6713,4326,0.280054,0.779959,0.0,0.0,9009,4505,3000,local_endpoint_hold,local_line,5.3999999999998494e-05,0.0,2000,3003,kaiser_beta_5,60061,allowed_raw_timestamps
79_270_20_1000_0,79,1.399537097,1.899537097,raw_window_v1,12080,16420,12080,16420,4340,1.399565097,1.899455097,0.0,0.0,9009,4505,3000,local_endpoint_hold,local_line,2.799999999991698e-05,2.64999445001024e-05,2000,3003,kaiser_beta_5,60061,allowed_raw_timestamps
79_270_20_1000_1,79,0.2801666666666667,0.7801666666666667,raw_window_v1,2307,6576,2307,6576,4269,0.280263,0.780159,0.0,0.0,9009,4505,3000,local_endpoint_hold,local_line,9.63333333333094e-05,0.0,2000,3003,kaiser_beta_5,60061,allowed_raw_timestamps
79_315_20_500_0,79,0.2896666666666667,0.7896666666666667,raw_window_v1,2491,6700,2491,6700,4209,0.289744,0.789518,0.0,0.0,9009,4505,3000,local_endpoint_hold,local_line,7.733333333331815e-05,9.31666111666507e-05,2000,3003,kaiser_beta_5,60061,allowed_raw_timestamps
79_315_20_500_1,79,0.28984345533333333,0.7898434553333333,raw_window_v1,2465,6773,2465,6773,4308,0.289924122,0.789833122,0.0,0.0,9009,4505,3000,local_endpoint_hold,local_line,8.066666666667333e-05,0.0,2000,3003,kaiser_beta_5,60061,allowed_raw_timestamps
79_315_20_1000_0,79,2.0613333333333332,2.5613333333333332,raw_window_v1,17787,22130,17787,22130,4343,2.061403,2.561313,0.0,0.0,9009,4505,3000,local_endpoint_hold,local_line,6.966666666663457e-05,0.0,2000,3003,kaiser_beta_5,60061,allowed_raw_timestamps
79_315_20_1000_1,79,0.2796666666666667,0.7796666666666667,raw_window_v1,2396,6643,2396,6643,4247,0.279704,0.779617,0.0,0.0,9009,4505,3000,local_endpoint_hold,local_line,3.733333333333366e-05,0.0,2000,3003,kaiser_beta_5,60061,allowed_raw_timestamps
79_0_40_500_0,79,0.30946271633333333,0.8094627163333333,raw_window_v1,2644,6885,2644,6885,4241,0.309550383,0.809340383,0.0,0.0,9009,4505,3000,local_endpoint_hold,local_line,8.766666666665257e-05,6.683327783330029e-05,2000,3003,kaiser_beta_5,60061,allowed_raw_timestamps
79_0_40_500_1,79,0.2991666666666667,0.7991666666666667,raw_window_v1,2563,6883,2563,6883,4320,0.299235,0.799154,0.0,0.0,9009,4505,3000,local_endpoint_hold,local_line,6.83333333332814e-05,0.0,2000,3003,kaiser_beta_5,60061,allowed_raw_timestamps
79_0_40_1000_0,79,0.288732473,0.788732473,raw_window_v1,2491,6780,2491,6780,4289,0.288732473,0.788695473,0.0,0.0,9009,4505,3000,local_endpoint_hold,local_line,0.0,0.0,2000,3003,kaiser_beta_5,60061,allowed_raw_timestamps
79_0_40_1000_1,79,0.29921417466666667,0.7992141746666667,raw_window_v1,2526,6812,2526,6812,4286,0.299263508,0.799174508,0.0,0.0,9009,4505,3000,local_endpoint_hold,local_line,4.9333333333345664e-05,0.0,2000,3003,kaiser_beta_5,60061,allowed_raw_timestamps
79_45_40_500_0,79,0.2805,0.7805,raw_window_v1,2398,6713,2398,6713,4315,0.280604,0.780398,0.0,0.0,9009,4505,3000,local_endpoint_hold,local_line,0.00010399999999999299,4.649994449990036e-05,2000,3003,kaiser_beta_5,60061,allowed_raw_timestamps
79_45_40_500_1,79,0.270421911,0.770421911,raw_window_v1,2291,6627,2291,6627,4336,0.270434911,0.770338911,0.0,0.0,9009,4505,3000,local_endpoint_hold,local_line,1.2999999999985246e-05,2.7499944500020135e-05,2000,3003,kaiser_beta_5,60061,allowed_raw_timestamps
79_45_40_1000_0,79,0.27002553700000004,0.770025537,raw_window_v1,2310,6573,2310,6573,4263,0.270066537,0.769962537,0.0,0.0,9009,4505,3000,local_endpoint_hold,local_line,4.099999999995774e-05,7.499944500000133e-06,2000,3003,kaiser_beta_5,60061,allowed_raw_timestamps
79_45_40_1000_1,79,0.2793713503333333,0.7793713503333333,raw_window_v1,2383,6690,2383,6690,4307,0.279466017,0.778988017,0.0,0.0,9009,4505,3000,local_endpoint_hold,local_line,9.466666666668733e-05,0.000327833277833256,2000,3003,kaiser_beta_5,60061,allowed_raw_timestamps
79_90_40_500_0,79,0.30941821733333336,0.8094182173333333,raw_window_v1,2683,7014,2683,7014,4331,0.309486884,0.809400884,0.0,0.0,9009,4505,3000,local_endpoint_hold,local_line,6.866666666666132e-05,0.0,2000,3003,kaiser_beta_5,60061,allowed_raw_timestamps
79_90_40_500_1,79,0.3096947096666666,0.8096947096666667,raw_window_v1,2685,6941,2685,6941,4256,0.309734043,0.809619043,0.0,0.0,9009,4505,3000,local_endpoint_hold,local_line,3.9333333333391174e-05,2.0166611166660964e-05,2000,3003,kaiser_beta_5,60061,allowed_raw_timestamps
79_90_40_1000_0,79,0.310115634,0.810115634,raw_window_v1,2670,6979,2670,6979,4309,0.310149634,0.810074634,0.0,0.0,9009,4505,3000,local_endpoint_hold,local_line,3.4000000000034e-05,0.0,2000,3003,kaiser_beta_5,60061,allowed_raw_timestamps
79_90_40_1000_1,79,0.299554122,0.799554122,raw_window_v1,2585,6906,2585,6906,4321,0.299645122,0.799447122,0.0,0.0,9009,4505,3000,local_endpoint_hold,local_line,9.100000000000774e-05,5.1499944499933115e-05,2000,3003,kaiser_beta_5,60061,allowed_raw_timestamps
79_135_40_500_0,79,0.2995,0.7995,raw_window_v1,2541,6878,2541,6878,4337,0.299572,0.799495,0.0,0.0,9009,4505,3000,local_endpoint_hold,local_line,7.20000000000165e-05,0.0,2000,3003,kaiser_beta_5,60061,allowed_raw_timestamps
79_135_40_500_1,79,0.309,0.8089999999999999,raw_window_v1,2623,6747,2623,6747,4124,0.309002,0.808906,0.0,0.0,9009,4505,3000,local_endpoint_hold,local_line,2.000000000002e-06,3.849994449989236e-05,2000,3003,kaiser_beta_5,60061,allowed_raw_timestamps
79_135_40_1000_0,79,0.32959544,0.8295954400000001,raw_window_v1,2841,7190,2841,7190,4349,0.32971144,0.82955444,0.0,0.0,9009,4505,3000,local_endpoint_hold,local_line,0.00011600000000000499,0.0,2000,3003,kaiser_beta_5,60061,allowed_raw_timestamps
79_135_40_1000_1,79,0.3601666666666667,0.8601666666666667,raw_window_v1,3105,7381,3105,7381,4276,0.360272,0.860128,0.0,0.0,9009,4505,3000,local_endpoint_hold,local_line,0.00010533333333329065,0.0,2000,3003,kaiser_beta_5,60061,allowed_raw_timestamps
79_180_40_500_0,79,0.2806666666666667,0.7806666666666666,raw_window_v1,2358,6603,2358,6603,4245,0.280717,0.780595,0.0,0.0,9009,4505,3000,local_endpoint_hold,local_line,5.033333333331891e-05,1.616661116654594e-05,2000,3003,kaiser_beta_5,60061,allowed_raw_timestamps
79_180_40_500_1,79,0.2992451886666667,0.7992451886666667,raw_window_v1,2534,6760,2534,6760,4226,0.299307522,0.799135522,0.0,0.0,9009,4505,3000,local_endpoint_hold,local_line,6.23333333332754e-05,5.4166611166639456e-05,2000,3003,kaiser_beta_5,60061,allowed_raw_timestamps
79_180_40_1000_0,79,0.3205,0.8205,raw_window_v1,2782,7022,2782,7022,4240,0.32058,0.820418,0.0,0.0,9009,4505,3000,local_endpoint_hold,local_line,7.999999999996898e-05,2.649994449999138e-05,2000,3003,kaiser_beta_5,60061,allowed_raw_timestamps
79_180_40_1000_1,79,0.290184059,0.790184059,raw_window_v1,2421,6609,2421,6609,4188,0.290264059,0.790175059,0.0,0.0,9009,4505,3000,local_endpoint_hold,local_line,8.00000000000245e-05,0.0,2000,3003,kaiser_beta_5,60061,allowed_raw_timestamps
79_225_40_500_0,79,0.2798333333333333,0.7798333333333334,raw_window_v1,2370,6635,2370,6635,4265,0.279887,0.779794,0.0,0.0,9009,4505,3000,local_endpoint_hold,local_line,5.366666666667408e-05,0.0,2000,3003,kaiser_beta_5,60061,allowed_raw_timestamps
79_225_40_500_1,79,0.4891966586666667,0.9891966586666667,raw_window_v1,4186,8377,4186,8377,4191,0.489271992,0.989154992,0.0,0.0,9009,4505,3000,local_endpoint_hold,local_line,7.533333333331615e-05,0.0,2000,3003,kaiser_beta_5,60061,allowed_raw_timestamps
79_225_40_1000_0,79,0.2991666666666667,0.7991666666666667,raw_window_v1,2520,6761,2520,6761,4241,0.299235,0.799146,0.0,0.0,9009,4505,3000,local_endpoint_hold,local_line,6.83333333332814e-05,0.0,2000,3003,kaiser_beta_5,60061,allowed_raw_timestamps
79_225_40_1000_1,79,0.37966666666666665,0.8796666666666666,raw_window_v1,3221,7483,3221,7483,4262,0.3797,0.879591,0.0,0.0,9009,4505,3000,local_endpoint_hold,local_line,3.333333333332966e-05,2.016661116654994e-05,2000,3003,kaiser_beta_5,60061,allowed_raw_timestamps
79_270_40_500_0,79,0.30916666666666665,0.8091666666666666,raw_window_v1,2600,6817,2600,6817,4217,0.309237,0.809043,0.0,0.0,9009,4505,3000,local_endpoint_hold,local_line,7.033333333333891e-05,6.816661116659795e-05,2000,3003,kaiser_beta_5,60061,allowed_raw_timestamps
79_270_40_500_1,79,1.1988736593333333,1.6988736593333333,raw_window_v1,10255,14641,10255,14641,4386,1.198938326,1.698840326,0.0,0.0,9091,4546,3000,local_endpoint_hold,local_line,6.466666666660181e-05,0.0,6000,9091,kaiser_beta_5,181821,allowed_raw_timestamps
79_270_40_1000_0,79,0.2905,0.7905,raw_window_v1,2476,6697,2476,6697,4221,0.2905,0.790392,0.0,0.0,9009,4505,3000,local_endpoint_hold,local_line,0.0,5.249994449996187e-05,2000,3003,kaiser_beta_5,60061,allowed_raw_timestamps
79_270_40_1000_1,79,0.3008669093333333,0.8008669093333334,raw_window_v1,2561,6766,2561,6766,4205,0.300981576,0.800650576,0.0,0.0,9009,4505,3000,local_endpoint_hold,local_line,0.00011466666666665182,0.00016083327783333878,2000,3003,kaiser_beta_5,60061,allowed_raw_timestamps
79_315_40_500_0,79,0.29042101233333334,0.7904210123333333,raw_window_v1,2501,6745,2501,6745,4244,0.290451679,0.790369679,0.0,0.0,9009,4505,3000,local_endpoint_hold,local_line,3.066666666667883e-05,0.0,2000,3003,kaiser_beta_5,60061,allowed_raw_timestamps
79_315_40_500_1,79,0.30004671633333335,0.8000467163333334,raw_window_v1,2549,6847,2549,6847,4298,0.300056383,0.800044383,0.0,0.0,9009,4505,3000,local_endpoint_hold,local_line,9.666666666630075e-06,0.0,2000,3003,kaiser_beta_5,60061,allowed_raw_timestamps
79_315_40_1000_0,79,0.2998056286666667,0.7998056286666667,raw_window_v1,2556,6724,2556,6724,4168,0.299910962,0.799800962,0.0,0.0,9009,4505,3000,local_endpoint_hold,local_line,0.00010533333333329065,0.0,2000,3003,kaiser_beta_5,60061,allowed_raw_timestamps
79_315_40_1000_1,79,0.2806666666666667,0.7806666666666666,raw_window_v1,2413,6740,2413,6740,4327,0.280692,0.7806,0.0,0.0,9009,4505,3000,local_endpoint_hold,local_line,2.533333333332166e-05,1.1166611166624207e-05,2000,3003,kaiser_beta_5,60061,allowed_raw_timestamps
79_0_60_500_0,79,0.31066666666666665,0.8106666666666666,raw_window_v1,2615,6920,2615,6920,4305,0.310733,0.810596,0.0,0.0,9009,4505,3000,local_endpoint_hold,local_line,6.633333333333491e-05,1.5166611166628208e-05,2000,3003,kaiser_beta_5,60061,allowed_raw_timestamps
79_0_60_500_1,79,0.30983333333333335,0.8098333333333334,raw_window_v1,2662,7007,2662,7007,4345,0.309927,0.809729,0.0,0.0,9009,4505,3000,local_endpoint_hold,local_line,9.366666666665857e-05,4.8833277833337796e-05,2000,3003,kaiser_beta_5,60061,allowed_raw_timestamps
79_0_60_1000_0,79,0.30959742,0.80959742,raw_window_v1,2680,6997,2680,6997,4317,0.30975242,0.80952442,0.0,0.0,9009,4505,3000,local_endpoint_hold,local_line,0.00015499999999996072,1.7499944499954623e-05,2000,3003,kaiser_beta_5,60061,allowed_raw_timestamps
79_0_60_1000_1,79,0.351026283,0.8510262829999999,raw_window_v1,3005,7306,3005,7306,4301,0.351077283,0.850943283,0.0,0.0,9009,4505,3000,local_endpoint_hold,local_line,5.100000000002325e-05,2.7499944499909112e-05,2000,3003,kaiser_beta_5,60061,allowed_raw_timestamps
79_45_60_500_0,79,0.29933333333333334,0.7993333333333333,raw_window_v1,2585,6931,2585,6931,4346,0.299422,0.799331,0.0,0.0,9009,4505,3000,local_endpoint_hold,local_line,8.866666666668133e-05,0.0,2000,3003,kaiser_beta_5,60061,allowed_raw_timestamps
79_45_60_500_1,79,0.3102191756666666,0.8102191756666666,raw_window_v1,2617,6929,2617,6929,4312,0.310245509,0.810146509,0.0,0.0,9009,4505,3000,local_endpoint_hold,local_line,2.6333333333350417e-05,1.7166611166574697e-05,2000,3003,kaiser_beta_5,60061,allowed_raw_timestamps
79_45_60_1000_0,79,0.3411666666666667,0.8411666666666666,raw_window_v1,2928,7238,2928,7238,4310,0.34121,0.841087,0.0,0.0,9009,4505,3000,local_endpoint_hold,local_line,4.333333333333966e-05,2.4166611166553942e-05,2000,3003,kaiser_beta_5,60061,allowed_raw_timestamps
79_45_60_1000_1,79,0.31966666666666665,0.8196666666666667,raw_window_v1,2717,7005,2717,7005,4288,0.319722,0.81963,0.0,0.0,9009,4505,3000,local_endpoint_hold,local_line,5.5333333333351664e-05,0.0,2000,3003,kaiser_beta_5,60061,allowed_raw_timestamps
79_90_60_500_0,79,0.32016666666666665,0.8201666666666667,raw_window_v1,2764,7054,2764,7054,4290,0.320171,0.820094,0.0,0.0,9009,4505,3000,local_endpoint_hold,local_line,4.333333333328415e-06,1.716661116668572e-05,2000,3003,kaiser_beta_5,60061,allowed_raw_timestamps
79_90_60_500_1,79,0.31036379133333336,0.8103637913333334,raw_window_v1,2676,6956,2676,6956,4280,0.310433458,0.810124458,0.0,0.0,9009,4505,3000,local_endpoint_hold,local_line,6.966666666663457e-05,0.00018383327783333403,2000,3003,kaiser_beta_5,60061,allowed_raw_timestamps
79_90_60_1000_0,79,0.30992216133333333,0.8099221613333334,raw_window_v1,2656,6976,2656,6976,4320,0.310002828,0.809916828,0.0,0.0,9009,4505,3000,local_endpoint_hold,local_line,8.066666666667333e-05,0.0,2000,3003,kaiser_beta_5,60061,allowed_raw_timestamps
79_90_60_1000_1,79,0.31066666666666665,0.8106666666666666,raw_window_v1,2684,6992,2684,6992,4308,0.310943,0.810582,0.0,0.0,9009,4505,3000,local_endpoint_hold,local_line,0.0002763333333333784,2.9166611166586698e-05,2000,3003,kaiser_beta_5,60061,allowed_raw_timestamps
79_135_60_500_0,79,0.309,0.8089999999999999,raw_window_v1,2665,6954,2665,6954,4289,0.30906,0.808966,0.0,0.0,9009,4505,3000,local_endpoint_hold,local_line,6.0000000000004494e-05,0.0,2000,3003,kaiser_beta_5,60061,allowed_raw_timestamps
79_135_60_500_1,79,0.2992153766666667,0.7992153766666668,raw_window_v1,2523,6794,2523,6794,4271,0.29924571,0.79915571,0.0,0.0,9009,4505,3000,local_endpoint_hold,local_line,3.0333333333298906e-05,4.166611166755985e-06,2000,3003,kaiser_beta_5,60061,allowed_raw_timestamps
79_135_60_1000_0,79,0.2901666666666667,0.7901666666666667,raw_window_v1,2465,6789,2465,6789,4324,0.290205,0.790148,0.0,0.0,9009,4505,3000,local_endpoint_hold,local_line,3.833333333330691e-05,0.0,2000,3003,kaiser_beta_5,60061,allowed_raw_timestamps
79_135_60_1000_1,79,0.31033333333333335,0.8103333333333333,raw_window_v1,2658,7002,2658,7002,4344,0.310401,0.810291,0.0,0.0,9009,4505,3000,local_endpoint_hold,local_line,6.766666666663257e-05,0.0,2000,3003,kaiser_beta_5,60061,allowed_raw_timestamps
79_180_60_500_0,79,0.28993348933333335,0.7899334893333334,raw_window_v1,2448,6756,2448,6756,4308,0.289985156,0.789920156,0.0,0.0,9009,4505,3000,local_endpoint_hold,local_line,5.166666666667208e-05,0.0,2000,3003,kaiser_beta_5,60061,allowed_raw_timestamps
79_180_60_500_1,79,0.32034667033333336,0.8203466703333333,raw_window_v1,2719,7006,2719,7006,4287,0.320381337,0.820290337,0.0,0.0,9009,4505,3000,local_endpoint_hold,local_line,3.466666666662732e-05,8.332778332897917e-07,2000,3003,kaiser_beta_5,60061,allowed_raw_timestamps
79_180_60_1000_0,79,0.28993696333333335,0.7899369633333333,raw_window_v1,2486,6763,2486,6763,4277,0.28998263,0.78988363,0.0,0.0,9009,4505,3000,local_endpoint_hold,local_line,4.566666666666608e-05,0.0,2000,3003,kaiser_beta_5,60061,allowed_raw_timestamps
79_180_60_1000_1,79,0.311026737,0.8110267369999999,raw_window_v1,2663,6974,2663,6974,4311,0.311139737,0.810934737,0.0,0.0,9009,4505,3000,local_endpoint_hold,local_line,0.00011300000000002974,3.649994449994587e-05,2000,3003,kaiser_beta_5,60061,allowed_raw_timestamps
79_225_60_500_0,79,0.390553766,0.890553766,raw_window_v1,3305,7576,3305,7576,4271,0.390623766,0.890484766,0.0,0.0,9009,4505,3000,local_endpoint_hold,local_line,6.999999999995898e-05,1.3499944499950622e-05,2000,3003,kaiser_beta_5,60061,allowed_raw_timestamps
79_225_60_500_1,79,0.29033333333333333,0.7903333333333333,raw_window_v1,2448,6790,2448,6790,4342,0.290353,0.790256,0.0,0.0,9009,4505,3000,local_endpoint_hold,local_line,1.9666666666695587e-05,2.183327783333855e-05,2000,3003,kaiser_beta_5,60061,allowed_raw_timestamps
79_225_60_1000_0,79,0.31889686333333334,0.8188968633333333,raw_window_v1,2689,6944,2689,6944,4255,0.31894953,0.81888053,0.0,0.0,9009,4505,3000,local_endpoint_hold,local_line,5.266666666664532e-05,0.0,2000,3003,kaiser_beta_5,60061,allowed_raw_timestamps
79_225_60_1000_1,79,0.9407028876666667,1.4407028876666668,raw_window_v1,8132,12450,8132,12450,4318,0.940767221,1.440660221,0.0,0.0,9009,4505,3000,local_endpoint_hold,local_line,6.433333333333291e-05,0.0,2000,3003,kaiser_beta_5,60061,allowed_raw_timestamps
79_270_60_500_0,79,0.3095,0.8095,raw_window_v1,2696,6981,2696,6981,4285,0.309626,0.809404,0.0,0.0,9009,4505,3000,local_endpoint_hold,local_line,0.000126000000000015,4.049994449994987e-05,2000,3003,kaiser_beta_5,60061,allowed_raw_timestamps
79_270_60_500_1,79,0.83,1.33,raw_window_v1,7032,11385,7032,11385,4353,0.830077,1.329972,0.0,0.0,9009,4505,3000,local_endpoint_hold,local_line,7.699999999999374e-05,0.0,2000,3003,kaiser_beta_5,60061,allowed_raw_timestamps
79_270_60_1000_0,79,0.30968279666666665,0.8096827966666666,raw_window_v1,2648,6975,2648,6975,4327,0.30974213,0.80960113,0.0,0.0,9009,4505,3000,local_endpoint_hold,local_line,5.9333333333355665e-05,2.6166611166611453e-05,2000,3003,kaiser_beta_5,60061,allowed_raw_timestamps
79_270_60_1000_1,79,0.30966666666666665,0.8096666666666666,raw_window_v1,2672,6863,2672,6863,4191,0.30974,0.809649,0.0,0.0,9009,4505,3000,local_endpoint_hold,local_line,7.333333333336967e-05,0.0,2000,3003,kaiser_beta_5,60061,allowed_raw_timestamps
79_315_60_500_0,79,0.30990155533333336,0.8099015553333333,raw_window_v1,2601,6945,2601,6945,4344,0.310010222,0.809849222,0.0,0.0,9009,4505,3000,local_endpoint_hold,local_line,0.00010866666666664582,0.0,2000,3003,kaiser_beta_5,60061,allowed_raw_timestamps
79_315_60_500_1,79,0.31016666666666665,0.8101666666666667,raw_window_v1,2572,6847,2572,6847,4275,0.310296,0.810086,0.0,0.0,9009,4505,3000,local_endpoint_hold,local_line,0.00012933333333337016,2.516661116669372e-05,2000,3003,kaiser_beta_5,60061,allowed_raw_timestamps
79_315_60_1000_0,79,0.290552818,0.790552818,raw_window_v1,2453,6734,2453,6734,4281,0.290560818,0.790485818,0.0,0.0,9009,4505,3000,local_endpoint_hold,local_line,8.000000000008e-06,1.1499944500004133e-05,2000,3003,kaiser_beta_5,60061,allowed_raw_timestamps
79_315_60_1000_1,79,0.31068077766666663,0.8106807776666667,raw_window_v1,2619,6942,2619,6942,4323,0.310752111,0.810664111,0.0,0.0,9009,4505,3000,local_endpoint_hold,local_line,7.133333333336767e-05,0.0,2000,3003,kaiser_beta_5,60061,allowed_raw_timestamps
82_0_20_500_0,82,0.3004028613333333,0.8004028613333334,raw_window_v1,2549,6893,2549,6893,4344,0.300436528,0.800350528,0.0,0.0,9009,4505,3000,local_endpoint_hold,local_line,3.366666666665408e-05,0.0,2000,3003,kaiser_beta_5,60061,allowed_raw_timestamps
82_0_20_500_1,82,0.289557374,0.7895573739999999,raw_window_v1,2494,6783,2494,6783,4289,0.289589374,0.789500374,0.0,0.0,9009,4505,3000,local_endpoint_hold,local_line,3.2000000000032e-05,1.4999444999386213e-06,2000,3003,kaiser_beta_5,60061,allowed_raw_timestamps
82_0_20_1000_0,82,2.4298559613333333,2.9298559613333333,raw_window_v1,21020,25388,21020,25388,4368,2.429888628,2.929792628,0.0,0.0,9009,4505,3000,local_endpoint_hold,local_line,3.2666666666791855e-05,7.833277833046992e-06,2000,3003,kaiser_beta_5,60061,allowed_raw_timestamps
82_0_20_1000_1,82,0.28072309866666667,0.7807230986666667,raw_window_v1,2378,6725,2378,6725,4347,0.280806432,0.780667432,0.0,0.0,9009,4505,3000,local_endpoint_hold,local_line,8.333333333332416e-05,1.6661116664096198e-07,2000,3003,kaiser_beta_5,60061,allowed_raw_timestamps
82_45_20_500_0,82,0.300021347,0.8000213469999999,raw_window_v1,2554,6881,2554,6881,4327,0.300047347,0.799966347,0.0,0.0,9009,4505,3000,local_endpoint_hold,local_line,2.6000000000026002e-05,0.0,2000,3003,kaiser_beta_5,60061,allowed_raw_timestamps
82_45_20_500_1,82,0.299104799,0.799104799,raw_window_v1,2553,6917,2553,6917,4364,0.299137799,0.799047799,0.0,0.0,9091,4546,3000,local_endpoint_hold,local_line,3.300000000000525e-05,2.0005499945519034e-06,6000,9091,kaiser_beta_5,181821,allowed_raw_timestamps
82_45_20_1000_0,82,0.2905,0.7905,raw_window_v1,2486,6840,2486,6840,4354,0.290513,0.790476,0.0,0.0,9009,4505,3000,local_endpoint_hold,local_line,1.3000000000040757e-05,0.0,2000,3003,kaiser_beta_5,60061,allowed_raw_timestamps
82_45_20_1000_1,82,1.1998981193333333,1.6998981193333333,raw_window_v1,10302,14649,10302,14649,4347,1.199949786,1.699869786,0.0,0.0,9091,4546,3000,local_endpoint_hold,local_line,5.1666666666561056e-05,0.0,6000,9091,kaiser_beta_5,181821,allowed_raw_timestamps
82_90_20_500_0,82,0.271,0.771,raw_window_v1,2307,6635,2307,6635,4328,0.271045,0.770933,0.0,0.0,9009,4505,3000,local_endpoint_hold,local_line,4.499999999996174e-05,1.1499944500004133e-05,2000,3003,kaiser_beta_5,60061,allowed_raw_timestamps
82_90_20_500_1,82,0.2906666666666667,0.7906666666666666,raw_window_v1,2451,6833,2451,6833,4382,0.290724,0.790586,0.0,0.0,9009,4505,3000,local_endpoint_hold,local_line,5.733333333329815e-05,2.5166611166582697e-05,2000,3003,kaiser_beta_5,60061,allowed_raw_timestamps
82_90_20_1000_0,82,0.26966666666666667,0.7696666666666667,raw_window_v1,2287,6544,2287,6544,4257,0.269745,0.76955,0.0,0.0,9009,4505,3000,local_endpoint_hold,local_line,7.833333333334691e-05,6.116661116672972e-05,2000,3003,kaiser_beta_5,60061,allowed_raw_timestamps
82_90_20_1000_1,82,0.2712519446666667,0.7712519446666667,raw_window_v1,2269,6630,2269,6630,4361,0.271312278,0.771173278,0.0,0.0,9009,4505,3000,local_endpoint_hold,local_line,6.033333333332891e-05,2.316661116663621e-05,2000,3003,kaiser_beta_5,60061,allowed_raw_timestamps
82_135_20_500_0,82,2.0603803463333334,2.5603803463333334,raw_window_v1,17800,22166,17800,22166,4366,2.060458013,2.560331013,0.0,0.0,9009,4505,3000,local_endpoint_hold,local_line,7.766666666642053e-05,0.0,2000,3003,kaiser_beta_5,60061,allowed_raw_timestamps
82_135_20_500_1,82,0.30041689633333335,0.8004168963333333,raw_window_v1,2582,6967,2582,6967,4385,0.300449563,0.800352563,0.0,0.0,9009,4505,3000,local_endpoint_hold,local_line,3.266666666662532e-05,8.833277833297792e-06,2000,3003,kaiser_beta_5,60061,allowed_raw_timestamps
82_135_20_1000_0,82,0.30083333333333334,0.8008333333333333,raw_window_v1,2577,6858,2577,6858,4281,0.300873,0.800635,0.0,0.0,9009,4505,3000,local_endpoint_hold,local_line,3.966666666666008e-05,0.00014283327783326527,2000,3003,kaiser_beta_5,60061,allowed_raw_timestamps
82_135_20_1000_1,82,0.2895,0.7895,raw_window_v1,2471,6802,2471,6802,4331,0.28951,0.789429,0.0,0.0,9009,4505,3000,local_endpoint_hold,local_line,1.0000000000010001e-05,1.549994449989711e-05,2000,3003,kaiser_beta_5,60061,allowed_raw_timestamps
82_180_20_500_0,82,0.31066666666666665,0.8106666666666666,raw_window_v1,2646,7023,2646,7023,4377,0.310772,0.810567,0.0,0.0,9091,4546,3000,local_endpoint_hold,local_line,0.00010533333333334616,4.4667216661187226e-05,6000,9091,kaiser_beta_5,181821,allowed_raw_timestamps
82_180_20_500_1,82,1.3603333333333334,1.8603333333333334,raw_window_v1,11740,16109,11740,16109,4369,1.360336,1.860309,0.0,0.0,9009,4505,3000,local_endpoint_hold,local_line,2.6666666665953187e-06,0.0,2000,3003,kaiser_beta_5,60061,allowed_raw_timestamps
82_180_20_1000_0,82,0.29983333333333334,0.7998333333333334,raw_window_v1,2517,6855,2517,6855,4338,0.299921,0.799821,0.0,0.0,9091,4546,3000,local_endpoint_hold,local_line,8.766666666665257e-05,0.0,6000,9091,kaiser_beta_5,181821,allowed_raw_timestamps
82_180_20_1000_1,82,0.2996666666666667,0.7996666666666667,raw_window_v1,2615,6889,2615,6889,4274,0.299719,0.799636,0.0,0.0,9009,4505,3000,local_endpoint_hold,local_line,5.233333333332091e-05,0.0,2000,3003,kaiser_beta_5,60061,allowed_raw_timestamps
82_225_20_500_0,82,0.29083333333333333,0.7908333333333333,raw_window_v1,2484,6778,2484,6778,4294,0.290855,0.790775,0.0,0.0,9009,4505,3000,local_endpoint_hold,local_line,2.1666666666642076e-05,2.8332778332362807e-06,2000,3003,kaiser_beta_5,60061,allowed_raw_timestamps
82_225_20_500_1,82,0.289,0.7889999999999999,raw_window_v1,2453,6727,2453,6727,4274,0.28905,0.788964,0.0,0.0,9009,4505,3000,local_endpoint_hold,local_line,4.999999999999449e-05,0.0,2000,3003,kaiser_beta_5,60061,allowed_raw_timestamps
82_225_20_1000_0,82,1.151043993,1.651043993,raw_window_v1,9881,14238,9881,14238,4357,1.151070993,1.651027993,0.0,0.0,9009,4505,3000,local_endpoint_hold,local_line,2.6999999999999247e-05,0.0,2000,3003,kaiser_beta_5,60061,allowed_raw_timestamps
82_225_20_1000_1,82,0.3007687776666667,0.8007687776666668,raw_window_v1,2599,6896,2599,6896,4297,0.300868111,0.800752111,0.0,0.0,9009,4505,3000,local_endpoint_hold,local_line,9.933333333328465e-05,0.0,2000,3003,kaiser_beta_5,60061,allowed_raw_timestamps
82_270_20_500_0,82,0.2798333333333333,0.7798333333333334,raw_window_v1,2367,6695,2367,6695,4328,0.279952,0.779796,0.0,0.0,9009,4505,3000,local_endpoint_hold,local_line,0.00011866666666665582,0.0,2000,3003,kaiser_beta_5,60061,allowed_raw_timestamps
82_270_20_500_1,82,2.5288333333333335,3.0288333333333335,raw_window_v1,21762,26068,21762,26068,4306,2.528944,3.028756,0.0,0.0,9009,4505,3000,local_endpoint_hold,local_line,0.0001106666666665923,2.1833277833227527e-05,2000,3003,kaiser_beta_5,60061,allowed_raw_timestamps
82_270_20_1000_0,82,0.279,0.779,raw_window_v1,2367,6640,2367,6640,4273,0.279091,0.778923,0.0,0.0,9009,4505,3000,local_endpoint_hold,local_line,9.099999999995223e-05,2.1499944499958623e-05,2000,3003,kaiser_beta_5,60061,allowed_raw_timestamps
82_270_20_1000_1,82,1.8198333333333334,2.3198333333333334,raw_window_v1,15408,19708,15408,19708,4300,1.819853,2.319735,0.0,0.0,9009,4505,3000,local_endpoint_hold,local_line,1.9666666666529053e-05,4.283327783349833e-05,2000,3003,kaiser_beta_5,60061,allowed_raw_timestamps
82_315_20_500_0,82,0.2900866046666667,0.7900866046666667,raw_window_v1,2453,6773,2453,6773,4320,0.290173938,0.790068938,0.0,0.0,9009,4505,3000,local_endpoint_hold,local_line,8.733333333332816e-05,0.0,2000,3003,kaiser_beta_5,60061,allowed_raw_timestamps
82_315_20_500_1,82,1.060522753,1.560522753,raw_window_v1,9133,13496,9133,13496,4363,1.060581753,1.560495753,0.0,0.0,9009,4505,3000,local_endpoint_hold,local_line,5.8999999999809205e-05,0.0,2000,3003,kaiser_beta_5,60061,allowed_raw_timestamps
82_315_20_1000_0,82,0.289085538,0.7890855379999999,raw_window_v1,2467,6758,2467,6758,4291,0.289116538,0.789046538,0.0,0.0,9009,4505,3000,local_endpoint_hold,local_line,3.100000000000325e-05,0.0,2000,3003,kaiser_beta_5,60061,allowed_raw_timestamps
82_315_20_1000_1,82,0.3009032973333333,0.8009032973333333,raw_window_v1,2599,6879,2599,6879,4280,0.300986964,0.800899964,0.0,0.0,9009,4505,3000,local_endpoint_hold,local_line,8.366666666670408e-05,0.0,2000,3003,kaiser_beta_5,60061,allowed_raw_timestamps
82_0_40_500_0,82,0.2796666666666667,0.7796666666666667,raw_window_v1,2393,6724,2393,6724,4331,0.27976,0.779394,0.0,0.0,9009,4505,3000,local_endpoint_hold,local_line,9.333333333333416e-05,0.0002171666111666637,2000,3003,kaiser_beta_5,60061,allowed_raw_timestamps
82_0_40_500_1,82,0.28020223866666666,0.7802022386666667,raw_window_v1,2388,6573,2388,6573,4185,0.280290572,0.780188572,0.0,0.0,9009,4505,3000,local_endpoint_hold,local_line,8.833333333335691e-05,0.0,2000,3003,kaiser_beta_5,60061,allowed_raw_timestamps
82_0_40_1000_0,82,0.29054460099999996,0.7905446009999999,raw_window_v1,2513,6807,2513,6807,4294,0.290561601,0.790442601,0.0,0.0,9009,4505,3000,local_endpoint_hold,local_line,1.7000000000044757e-05,4.649994449990036e-05,2000,3003,kaiser_beta_5,60061,allowed_raw_timestamps
82_0_40_1000_1,82,0.3006870826666667,0.8006870826666668,raw_window_v1,2591,6887,2591,6887,4296,0.300758416,0.800594416,0.0,0.0,9009,4505,3000,local_endpoint_hold,local_line,7.133333333325664e-05,3.716661116670572e-05,2000,3003,kaiser_beta_5,60061,allowed_raw_timestamps
82_45_40_500_0,82,0.2997791476666667,0.7997791476666667,raw_window_v1,2544,6879,2544,6879,4335,0.299830481,0.799736481,0.0,0.0,9009,4505,3000,local_endpoint_hold,local_line,5.133333333329215e-05,0.0,2000,3003,kaiser_beta_5,60061,allowed_raw_timestamps
82_45_40_500_1,82,0.2796666666666667,0.7796666666666667,raw_window_v1,2383,6679,2383,6679,4296,0.279766,0.779621,0.0,0.0,9009,4505,3000,local_endpoint_hold,local_line,9.933333333334016e-05,0.0,2000,3003,kaiser_beta_5,60061,allowed_raw_timestamps
82_45_40_1000_0,82,0.28918130966666666,0.7891813096666667,raw_window_v1,2454,6729,2454,6729,4275,0.289226643,0.789132643,0.0,0.0,9009,4505,3000,local_endpoint_hold,local_line,4.533333333334166e-05,0.0,2000,3003,kaiser_beta_5,60061,allowed_raw_timestamps
82_45_40_1000_1,82,0.29083333333333333,0.7908333333333333,raw_window_v1,2475,6766,2475,6766,4291,0.290904,0.790773,0.0,0.0,9009,4505,3000,local_endpoint_hold,local_line,7.066666666666332e-05,4.833277833293792e-06,2000,3003,kaiser_beta_5,60061,allowed_raw_timestamps
82_90_40_500_0,82,0.310039566,0.8100395659999999,raw_window_v1,2680,6903,2680,6903,4223,0.310111566,0.810025566,0.0,0.0,9009,4505,3000,local_endpoint_hold,local_line,7.20000000000165e-05,0.0,2000,3003,kaiser_beta_5,60061,allowed_raw_timestamps
82_90_40_500_1,82,0.6795261416666667,1.1795261416666667,raw_window_v1,5819,10126,5819,10126,4307,0.679576475,1.179487475,0.0,0.0,9009,4505,3000,local_endpoint_hold,local_line,5.03333333332634e-05,0.0,2000,3003,kaiser_beta_5,60061,allowed_raw_timestamps
82_90_40_1000_0,82,0.31033333333333335,0.8103333333333333,raw_window_v1,2677,6966,2677,6966,4289,0.310384,0.810297,0.0,0.0,9009,4505,3000,local_endpoint_hold,local_line,5.066666666664332e-05,0.0,2000,3003,kaiser_beta_5,60061,allowed_raw_timestamps
82_90_40_1000_1,82,0.2906666666666667,0.7906666666666666,raw_window_v1,2491,6717,2491,6717,4226,0.290716,0.790531,0.0,0.0,9009,4505,3000,local_endpoint_hold,local_line,4.933333333329015e-05,8.016661116660995e-05,2000,3003,kaiser_beta_5,60061,allowed_raw_timestamps
82_135_40_500_0,82,0.2905,0.7905,raw_window_v1,2527,6809,2527,6809,4282,0.290526,0.790456,0.0,0.0,9009,4505,3000,local_endpoint_hold,local_line,2.6000000000026002e-05,0.0,2000,3003,kaiser_beta_5,60061,allowed_raw_timestamps
82_135_40_500_1,82,0.309053086,0.809053086,raw_window_v1,2640,6937,2640,6937,4297,0.309150086,0.808948086,0.0,0.0,9009,4505,3000,local_endpoint_hold,local_line,9.700000000001374e-05,4.9499944499986626e-05,2000,3003,kaiser_beta_5,60061,allowed_raw_timestamps
82_135_40_1000_0,82,0.31083333333333335,0.8108333333333333,raw_window_v1,2691,6926,2691,6926,4235,0.31086,0.810739,0.0,0.0,9009,4505,3000,local_endpoint_hold,local_line,2.6666666666674832e-05,3.8833277833272284e-05,2000,3003,kaiser_beta_5,60061,allowed_raw_timestamps
82_135_40_1000_1,82,0.2893721636666667,0.7893721636666666,raw_window_v1,2461,6753,2461,6753,4292,0.289407497,0.789315497,0.0,0.0,9009,4505,3000,local_endpoint_hold,local_line,3.533333333333166e-05,1.1666111665586953e-06,2000,3003,kaiser_beta_5,60061,allowed_raw_timestamps
82_180_40_500_0,82,0.2798333333333333,0.7798333333333334,raw_window_v1,2336,6601,2336,6601,4265,0.279885,0.779801,0.0,0.0,9009,4505,3000,local_endpoint_hold,local_line,5.166666666667208e-05,0.0,2000,3003,kaiser_beta_5,60061,allowed_raw_timestamps
82_180_40_500_1,82,1.121132541,1.621132541,raw_window_v1,9475,13842,9475,13842,4367,1.121143541,1.621051541,0.0,0.0,9009,4505,3000,local_endpoint_hold,local_line,1.0999999999983245e-05,2.5499944499962623e-05,2000,3003,kaiser_beta_5,60061,allowed_raw_timestamps
82_180_40_1000_0,82,0.2906666666666667,0.7906666666666666,raw_window_v1,2492,6700,2492,6700,4208,0.290717,0.790617,0.0,0.0,9009,4505,3000,local_endpoint_hold,local_line,5.033333333331891e-05,0.0,2000,3003,kaiser_beta_5,60061,allowed_raw_timestamps
82_180_40_1000_1,82,0.29983464633333334,0.7998346463333333,raw_window_v1,2556,6787,2556,6787,4231,0.299839313,0.799528313,0.0,0.0,9009,4505,3000,local_endpoint_hold,local_line,4.66666666665283e-06,0.00025083327783326226,2000,3003,kaiser_beta_5,60061,allowed_raw_timestamps
82_225_40_500_0,82,0.31916666666666665,0.8191666666666666,raw_window_v1,2714,6983,2714,6983,4269,0.31934,0.819066,0.0,0.0,9009,4505,3000,local_endpoint_hold,local_line,0.00017333333333335865,4.51666111666027e-05,2000,3003,kaiser_beta_5,60061,allowed_raw_timestamps
82_225_40_500_1,82,0.28939071299999997,0.789390713,raw_window_v1,2434,6711,2434,6711,4277,0.289449713,0.789363713,0.0,0.0,9009,4505,3000,local_endpoint_hold,local_line,5.900000000003125e-05,0.0,2000,3003,kaiser_beta_5,60061,allowed_raw_timestamps
82_225_40_1000_0,82,0.29983333333333334,0.7998333333333334,raw_window_v1,2561,6773,2561,6773,4212,0.29991,0.799831,0.0,0.0,9009,4505,3000,local_endpoint_hold,local_line,7.666666666666933e-05,0.0,2000,3003,kaiser_beta_5,60061,allowed_raw_timestamps
82_225_40_1000_1,82,0.300495845,0.8004958449999999,raw_window_v1,2542,6804,2542,6804,4262,0.300524845,0.800447845,0.0,0.0,9009,4505,3000,local_endpoint_hold,local_line,2.9000000000001247e-05,0.0,2000,3003,kaiser_beta_5,60061,allowed_raw_timestamps
82_270_40_500_0,82,0.30916666666666665,0.8091666666666666,raw_window_v1,2641,6863,2641,6863,4222,0.309274,0.809091,0.0,0.0,9009,4505,3000,local_endpoint_hold,local_line,0.00010733333333334816,2.016661116654994e-05,2000,3003,kaiser_beta_5,60061,allowed_raw_timestamps
82_270_40_500_1,82,0.2983447426666667,0.7983447426666668,raw_window_v1,2534,6776,2534,6776,4242,0.298517076,0.798244076,0.0,0.0,9009,4505,3000,local_endpoint_hold,local_line,0.00017233333333327439,4.516661116671372e-05,2000,3003,kaiser_beta_5,60061,allowed_raw_timestamps
82_270_40_1000_0,82,0.2895,0.7895,raw_window_v1,2446,6704,2446,6704,4258,0.289554,0.789427,0.0,0.0,9009,4505,3000,local_endpoint_hold,local_line,5.3999999999998494e-05,1.7499944499954623e-05,2000,3003,kaiser_beta_5,60061,allowed_raw_timestamps
82_270_40_1000_1,82,0.2895,0.7895,raw_window_v1,2441,6692,2441,6692,4251,0.289585,0.789437,0.0,0.0,9009,4505,3000,local_endpoint_hold,local_line,8.500000000000174e-05,7.499944499889111e-06,2000,3003,kaiser_beta_5,60061,allowed_raw_timestamps
82_315_40_500_0,82,0.550677971,1.050677971,raw_window_v1,4738,9001,4738,9001,4263,0.550749971,1.050521971,0.0,0.0,9009,4505,3000,local_endpoint_hold,local_line,7.199999999996098e-05,0.00010049994450000987,2000,3003,kaiser_beta_5,60061,allowed_raw_timestamps
82_315_40_500_1,82,0.300510769,0.800510769,raw_window_v1,2494,6748,2494,6748,4254,0.300539769,0.800506769,0.0,0.0,9009,4505,3000,local_endpoint_hold,local_line,2.9000000000001247e-05,0.0,2000,3003,kaiser_beta_5,60061,allowed_raw_timestamps
82_315_40_1000_0,82,0.2811666666666667,0.7811666666666667,raw_window_v1,2411,6583,2411,6583,4172,0.281168,0.781094,0.0,0.0,9009,4505,3000,local_endpoint_hold,local_line,1.3333333332976594e-06,1.716661116668572e-05,2000,3003,kaiser_beta_5,60061,allowed_raw_timestamps
82_315_40_1000_1,82,0.2893969063333333,0.7893969063333333,raw_window_v1,2463,6727,2463,6727,4264,0.289435573,0.789361573,0.0,0.0,9009,4505,3000,local_endpoint_hold,local_line,3.866666666668683e-05,0.0,2000,3003,kaiser_beta_5,60061,allowed_raw_timestamps
82_0_60_500_0,82,0.35067666766666666,0.8506766676666666,raw_window_v1,2977,7326,2977,7326,4349,0.350700001,0.850632001,0.0,0.0,9009,4505,3000,local_endpoint_hold,local_line,2.333333333331966e-05,0.0,2000,3003,kaiser_beta_5,60061,allowed_raw_timestamps
82_0_60_500_1,82,0.31033333333333335,0.8103333333333333,raw_window_v1,2634,6932,2634,6932,4298,0.310449,0.810238,0.0,0.0,9009,4505,3000,local_endpoint_hold,local_line,0.00011566666666662506,3.983327783330104e-05,2000,3003,kaiser_beta_5,60061,allowed_raw_timestamps
82_0_60_1000_0,82,0.309543215,0.8095432149999999,raw_window_v1,2641,6946,2641,6946,4305,0.309557215,0.809438215,0.0,0.0,9009,4505,3000,local_endpoint_hold,local_line,1.4000000000014001e-05,4.94999444998756e-05,2000,3003,kaiser_beta_5,60061,allowed_raw_timestamps
82_0_60_1000_1,82,0.35052365199999996,0.8505236519999999,raw_window_v1,3048,7346,3048,7346,4298,0.350559652,0.850483652,0.0,0.0,9009,4505,3000,local_endpoint_hold,local_line,3.6000000000036e-05,0.0,2000,3003,kaiser_beta_5,60061,allowed_raw_timestamps
82_45_60_500_0,82,0.3102605316666667,0.8102605316666667,raw_window_v1,2622,6984,2622,6984,4362,0.310357865,0.810218865,0.0,0.0,9009,4505,3000,local_endpoint_hold,local_line,9.733333333333816e-05,0.0,2000,3003,kaiser_beta_5,60061,allowed_raw_timestamps
82_45_60_500_1,82,0.3005,0.8005,raw_window_v1,2555,6852,2555,6852,4297,0.30055,0.800384,0.0,0.0,9009,4505,3000,local_endpoint_hold,local_line,4.999999999999449e-05,6.049994449996987e-05,2000,3003,kaiser_beta_5,60061,allowed_raw_timestamps
82_45_60_1000_0,82,0.2993386426666667,0.7993386426666667,raw_window_v1,2577,6911,2577,6911,4334,0.299344976,0.799271976,0.0,0.0,9009,4505,3000,local_endpoint_hold,local_line,6.333333333274904e-06,1.1166611166624207e-05,2000,3003,kaiser_beta_5,60061,allowed_raw_timestamps
82_45_60_1000_1,82,0.310623451,0.810623451,raw_window_v1,2660,6942,2660,6942,4282,0.310651451,0.810517451,0.0,0.0,9009,4505,3000,local_endpoint_hold,local_line,2.8000000000028002e-05,5.049994449990436e-05,2000,3003,kaiser_beta_5,60061,allowed_raw_timestamps
82_90_60_500_0,82,0.3105,0.8105,raw_window_v1,2656,6966,2656,6966,4310,0.310504,0.810461,0.0,0.0,9009,4505,3000,local_endpoint_hold,local_line,4.000000000004e-06,0.0,2000,3003,kaiser_beta_5,60061,allowed_raw_timestamps
82_90_60_500_1,82,0.320091475,0.820091475,raw_window_v1,2752,7065,2752,7065,4313,0.320130475,0.820070475,0.0,0.0,9009,4505,3000,local_endpoint_hold,local_line,3.900000000001125e-05,0.0,2000,3003,kaiser_beta_5,60061,allowed_raw_timestamps
82_90_60_1000_0,82,0.31884336566666666,0.8188433656666667,raw_window_v1,2723,6936,2723,6936,4213,0.318950699,0.818596699,0.0,0.0,9009,4505,3000,local_endpoint_hold,local_line,0.00010733333333334816,0.0001911666111666932,2000,3003,kaiser_beta_5,60061,allowed_raw_timestamps
82_90_60_1000_1,82,0.31933333333333336,0.8193333333333334,raw_window_v1,2714,7007,2714,7007,4293,0.319399,0.819331,0.0,0.0,9009,4505,3000,local_endpoint_hold,local_line,6.566666666663057e-05,0.0,2000,3003,kaiser_beta_5,60061,allowed_raw_timestamps
82_135_60_500_0,82,0.31937773933333335,0.8193777393333334,raw_window_v1,2741,7077,2741,7077,4336,0.319497406,0.819345406,0.0,0.0,9091,4546,3000,local_endpoint_hold,local_line,0.00011966666666662906,0.0,6000,9091,kaiser_beta_5,181821,allowed_raw_timestamps
82_135_60_500_1,82,0.3391831826666667,0.8391831826666667,raw_window_v1,2907,7170,2907,7170,4263,0.339189516,0.839158516,0.0,0.0,9009,4505,3000,local_endpoint_hold,local_line,6.333333333330415e-06,0.0,2000,3003,kaiser_beta_5,60061,allowed_raw_timestamps
82_135_60_1000_0,82,0.29946931033333335,0.7994693103333333,raw_window_v1,2568,6855,2568,6855,4287,0.299702977,0.799380977,0.0,0.0,9009,4505,3000,local_endpoint_hold,local_line,0.00023366666666663205,3.2833277833321795e-05,2000,3003,kaiser_beta_5,60061,allowed_raw_timestamps
82_135_60_1000_1,82,0.4598986293333333,0.9598986293333334,raw_window_v1,3943,8277,3943,8277,4334,0.459938296,0.959851296,0.0,0.0,9009,4505,3000,local_endpoint_hold,local_line,3.966666666671559e-05,0.0,2000,3003,kaiser_beta_5,60061,allowed_raw_timestamps
82_180_60_500_0,82,0.33088328933333333,0.8308832893333333,raw_window_v1,2713,7029,2713,7029,4316,0.330913956,0.830775956,0.0,0.0,9009,4505,3000,local_endpoint_hold,local_line,3.066666666667883e-05,5.183327783331304e-05,2000,3003,kaiser_beta_5,60061,allowed_raw_timestamps
82_180_60_500_1,82,0.30033333333333334,0.8003333333333333,raw_window_v1,2511,6829,2511,6829,4318,0.300408,0.800329,0.0,0.0,9009,4505,3000,local_endpoint_hold,local_line,7.466666666666733e-05,0.0,2000,3003,kaiser_beta_5,60061,allowed_raw_timestamps
82_180_60_1000_0,82,0.2908632563333333,0.7908632563333333,raw_window_v1,2444,6791,2444,6791,4347,0.290943923,0.790792923,0.0,0.0,9009,4505,3000,local_endpoint_hold,local_line,8.066666666667333e-05,1.4833277833248282e-05,2000,3003,kaiser_beta_5,60061,allowed_raw_timestamps
82_180_60_1000_1,82,0.30975943266666667,0.8097594326666666,raw_window_v1,2578,6924,2578,6924,4346,0.309765766,0.809748766,0.0,0.0,9009,4505,3000,local_endpoint_hold,local_line,6.333333333330415e-06,0.0,2000,3003,kaiser_beta_5,60061,allowed_raw_timestamps
82_225_60_500_0,82,0.319503372,0.819503372,raw_window_v1,2737,6997,2737,6997,4260,0.319517372,0.819425372,0.0,0.0,9009,4505,3000,local_endpoint_hold,local_line,1.4000000000014001e-05,2.249994449998738e-05,2000,3003,kaiser_beta_5,60061,allowed_raw_timestamps
82_225_60_500_1,82,0.31922466466666666,0.8192246646666667,raw_window_v1,2667,6940,2667,6940,4273,0.319494998,0.819139998,0.0,0.0,9009,4505,3000,local_endpoint_hold,local_line,0.0002703333333333169,2.9166611166586698e-05,2000,3003,kaiser_beta_5,60061,allowed_raw_timestamps
82_225_60_1000_0,82,0.3208411383333334,0.8208411383333334,raw_window_v1,2721,7046,2721,7046,4325,0.320961805,0.820761805,0.0,0.0,9009,4505,3000,local_endpoint_hold,local_line,0.00012066666666660231,2.383327783339606e-05,2000,3003,kaiser_beta_5,60061,allowed_raw_timestamps
82_225_60_1000_1,82,0.3,0.8,raw_window_v1,2507,6780,2507,6780,4273,0.30009,0.799896,0.0,0.0,9009,4505,3000,local_endpoint_hold,local_line,9.00000000000345e-05,4.849994449995787e-05,2000,3003,kaiser_beta_5,60061,allowed_raw_timestamps
82_270_60_500_0,82,0.30983333333333335,0.8098333333333334,raw_window_v1,2645,6992,2645,6992,4347,0.309848,0.809821,0.0,0.0,9009,4505,3000,local_endpoint_hold,local_line,1.4666666666662831e-05,0.0,2000,3003,kaiser_beta_5,60061,allowed_raw_timestamps
82_270_60_500_1,82,0.7088333333333333,1.2088333333333332,raw_window_v1,6046,10369,6046,10369,4323,0.708843,1.208765,0.0,0.0,9009,4505,3000,local_endpoint_hold,local_line,9.666666666685586e-06,1.2833277833301793e-05,2000,3003,kaiser_beta_5,60061,allowed_raw_timestamps
82_270_60_1000_0,82,0.31005144,0.8100514400000001,raw_window_v1,2618,6926,2618,6926,4308,0.31012644,0.81000844,0.0,0.0,9009,4505,3000,local_endpoint_hold,local_line,7.499999999999174e-05,0.0,2000,3003,kaiser_beta_5,60061,allowed_raw_timestamps
82_270_60_1000_1,82,0.31116666666666665,0.8111666666666666,raw_window_v1,2637,6947,2637,6947,4310,0.311261,0.811068,0.0,0.0,9009,4505,3000,local_endpoint_hold,local_line,9.433333333336291e-05,4.316661116654519e-05,2000,3003,kaiser_beta_5,60061,allowed_raw_timestamps
82_315_60_500_0,82,0.3001880886666667,0.8001880886666667,raw_window_v1,2527,6817,2527,6817,4290,0.300214422,0.800130422,0.0,0.0,9009,4505,3000,local_endpoint_hold,local_line,2.6333333333294906e-05,2.1666111666984733e-06,2000,3003,kaiser_beta_5,60061,allowed_raw_timestamps
82_315_60_500_1,82,0.29940490833333333,0.7994049083333333,raw_window_v1,2537,6838,2537,6838,4301,0.299423575,0.799367575,0.0,0.0,9009,4505,3000,local_endpoint_hold,local_line,1.866666666666683e-05,0.0,2000,3003,kaiser_beta_5,60061,allowed_raw_timestamps
82_315_60_1000_0,82,0.7204429013333333,1.2204429013333333,raw_window_v1,6143,10519,6143,10519,4376,0.720522568,1.220379568,0.0,0.0,9009,4505,3000,local_endpoint_hold,local_line,7.966666666670008e-05,7.833277833269037e-06,2000,3003,kaiser_beta_5,60061,allowed_raw_timestamps
82_315_60_1000_1,82,0.31,0.81,raw_window_v1,2635,6948,2635,6948,4313,0.310012,0.809942,0.0,0.0,9009,4505,3000,local_endpoint_hold,local_line,1.2000000000012001e-05,2.499944499967377e-06,2000,3003,kaiser_beta_5,60061,allowed_raw_timestamps
87_0_20_500_0,87,0.3205,0.8205,raw_window_v1,2717,7032,2717,7032,4315,0.320541,0.82039,0.0,0.0,9009,4505,3000,local_endpoint_hold,local_line,4.100000000001325e-05,5.449994450001938e-05,2000,3003,kaiser_beta_5,60061,allowed_raw_timestamps
87_0_20_500_1,87,0.2796735276666667,0.7796735276666666,raw_window_v1,2402,6743,2402,6743,4341,0.279720861,0.779625861,0.0,0.0,9009,4505,3000,local_endpoint_hold,local_line,4.733333333328815e-05,0.0,2000,3003,kaiser_beta_5,60061,allowed_raw_timestamps
87_0_20_1000_0,87,0.320567265,0.820567265,raw_window_v1,2760,7146,2760,7146,4386,0.320609265,0.820469265,0.0,0.0,9009,4505,3000,local_endpoint_hold,local_line,4.199999999998649e-05,4.249994450000738e-05,2000,3003,kaiser_beta_5,60061,allowed_raw_timestamps
87_0_20_1000_1,87,0.32087250933333333,0.8208725093333333,raw_window_v1,2757,7136,2757,7136,4379,0.320929176,0.820789176,0.0,0.0,9009,4505,3000,local_endpoint_hold,local_line,5.6666666666649324e-05,2.783327783328904e-05,2000,3003,kaiser_beta_5,60061,allowed_raw_timestamps
87_45_20_500_0,87,0.2891666666666667,0.7891666666666667,raw_window_v1,2498,6812,2498,6812,4314,0.28919,0.789092,0.0,0.0,9009,4505,3000,local_endpoint_hold,local_line,2.333333333331966e-05,1.9166611166632208e-05,2000,3003,kaiser_beta_5,60061,allowed_raw_timestamps
87_45_20_500_1,87,0.30926150666666663,0.8092615066666666,raw_window_v1,2645,6976,2645,6976,4331,0.30927884,0.80917384,0.0,0.0,9009,4505,3000,local_endpoint_hold,local_line,1.7333333333369172e-05,3.216661116656194e-05,2000,3003,kaiser_beta_5,60061,allowed_raw_timestamps
87_45_20_1000_0,87,1.6602094856666665,2.1602094856666665,raw_window_v1,14215,18419,14215,18419,4204,1.660284819,2.160098819,0.0,0.0,9009,4505,3000,local_endpoint_hold,local_line,7.533333333342718e-05,5.5166611166335144e-05,2000,3003,kaiser_beta_5,60061,allowed_raw_timestamps
87_45_20_1000_1,87,0.28039836933333334,0.7803983693333334,raw_window_v1,2380,6738,2380,6738,4358,0.280483036,0.780379036,0.0,0.0,9009,4505,3000,local_endpoint_hold,local_line,8.466666666667733e-05,0.0,2000,3003,kaiser_beta_5,60061,allowed_raw_timestamps
87_90_20_500_0,87,0.2798333333333333,0.7798333333333334,raw_window_v1,2376,6735,2376,6735,4359,0.27985,0.779813,0.0,0.0,9091,4546,3000,local_endpoint_hold,local_line,1.666666666666483e-05,0.0,6000,9091,kaiser_beta_5,181821,allowed_raw_timestamps
87_90_20_500_1,87,0.2986666666666667,0.7986666666666666,raw_window_v1,2575,6848,2575,6848,4273,0.298721,0.798631,0.0,0.0,9009,4505,3000,local_endpoint_hold,local_line,5.433333333332291e-05,0.0,2000,3003,kaiser_beta_5,60061,allowed_raw_timestamps
87_90_20_1000_0,87,0.2705,0.7705,raw_window_v1,2335,6660,2335,6660,4325,0.270583,0.770432,0.0,0.0,9009,4505,3000,local_endpoint_hold,local_line,8.299999999999974e-05,1.2499944499921867e-05,2000,3003,kaiser_beta_5,60061,allowed_raw_timestamps
87_90_20_1000_1,87,0.9015422359999999,1.401542236,raw_window_v1,7764,12111,7764,12111,4347,0.901658236,1.401501236,0.0,0.0,9009,4505,3000,local_endpoint_hold,local_line,0.00011600000000000499,0.0,2000,3003,kaiser_beta_5,60061,allowed_raw_timestamps
87_135_20_500_0,87,0.2891910046666667,0.7891910046666667,raw_window_v1,2501,6835,2501,6835,4334,0.289829338,0.789182338,0.0,0.0,9009,4505,3000,local_endpoint_hold,local_line,0.0006383333333332963,0.0,2000,3003,kaiser_beta_5,60061,allowed_raw_timestamps
87_135_20_500_1,87,0.3095,0.8095,raw_window_v1,2660,6999,2660,6999,4339,0.309569,0.80948,0.0,0.0,9091,4546,3000,local_endpoint_hold,local_line,6.899999999998574e-05,0.0,6000,9091,kaiser_beta_5,181821,allowed_raw_timestamps
87_135_20_1000_0,87,0.2992874836666667,0.7992874836666667,raw_window_v1,2515,6839,2515,6839,4324,0.299325817,0.799270817,0.0,0.0,9009,4505,3000,local_endpoint_hold,local_line,3.833333333330691e-05,0.0,2000,3003,kaiser_beta_5,60061,allowed_raw_timestamps
87_135_20_1000_1,87,0.320014102,0.820014102,raw_window_v1,2736,7098,2736,7098,4362,0.320066102,0.819972102,0.0,0.0,9091,4546,3000,local_endpoint_hold,local_line,5.1999999999996493e-05,0.0,6000,9091,kaiser_beta_5,181821,allowed_raw_timestamps
87_180_20_500_0,87,0.31069476366666665,0.8106947636666666,raw_window_v1,2641,6953,2641,6953,4312,0.310739097,0.810649097,0.0,0.0,9009,4505,3000,local_endpoint_hold,local_line,4.433333333336842e-05,0.0,2000,3003,kaiser_beta_5,60061,allowed_raw_timestamps
87_180_20_500_1,87,0.3001666666666667,0.8001666666666667,raw_window_v1,2544,6891,2544,6891,4347,0.300207,0.800054,0.0,0.0,9009,4505,3000,local_endpoint_hold,local_line,4.033333333330891e-05,5.71666111666147e-05,2000,3003,kaiser_beta_5,60061,allowed_raw_timestamps
87_180_20_1000_0,87,0.2806666666666667,0.7806666666666666,raw_window_v1,2407,6730,2407,6730,4323,0.280746,0.780637,0.0,0.0,9009,4505,3000,local_endpoint_hold,local_line,7.933333333332016e-05,0.0,2000,3003,kaiser_beta_5,60061,allowed_raw_timestamps
87_180_20_1000_1,87,1.7013333333333334,2.2013333333333334,raw_window_v1,14689,19023,14689,19023,4334,1.701391,2.201239,0.0,0.0,9009,4505,3000,local_endpoint_hold,local_line,5.766666666673359e-05,3.8833277833383306e-05,2000,3003,kaiser_beta_5,60061,allowed_raw_timestamps
87_225_20_500_0,87,0.2803333333333333,0.7803333333333333,raw_window_v1,2364,6565,2364,6565,4201,0.280401,0.780307,0.0,0.0,9009,4505,3000,local_endpoint_hold,local_line,6.766666666668808e-05,0.0,2000,3003,kaiser_beta_5,60061,allowed_raw_timestamps
87_225_20_500_1,87,0.290049006,0.790049006,raw_window_v1,2453,6777,2453,6777,4324,0.290146006,0.789987006,0.0,0.0,9009,4505,3000,local_endpoint_hold,local_line,9.700000000001374e-05,6.499944499971377e-06,2000,3003,kaiser_beta_5,60061,allowed_raw_timestamps
87_225_20_1000_0,87,0.2987799936666667,0.7987799936666666,raw_window_v1,2552,6813,2552,6813,4261,0.298820327,0.798629327,0.0,0.0,9009,4505,3000,local_endpoint_hold,local_line,4.033333333330891e-05,9.516661116659719e-05,2000,3003,kaiser_beta_5,60061,allowed_raw_timestamps
87_225_20_1000_1,87,1.6506666666666667,2.150666666666667,raw_window_v1,14236,18550,14236,18550,4314,1.650676,2.150635,0.0,0.0,9009,4505,3000,local_endpoint_hold,local_line,9.33333333330566e-06,0.0,2000,3003,kaiser_beta_5,60061,allowed_raw_timestamps
87_270_20_500_0,87,0.2898864443333333,0.7898864443333333,raw_window_v1,2500,6820,2500,6820,4320,0.289939111,0.789860111,0.0,0.0,9009,4505,3000,local_endpoint_hold,local_line,5.2666666666700834e-05,0.0,2000,3003,kaiser_beta_5,60061,allowed_raw_timestamps
87_270_20_500_1,87,0.699545662,1.199545662,raw_window_v1,6030,10367,6030,10367,4337,0.699646662,1.199497662,0.0,0.0,9009,4505,3000,local_endpoint_hold,local_line,0.00010100000000001774,0.0,2000,3003,kaiser_beta_5,60061,allowed_raw_timestamps
87_270_20_1000_0,87,0.290065023,0.7900650229999999,raw_window_v1,2488,6786,2488,6786,4298,0.290146023,0.790059023,0.0,0.0,9009,4505,3000,local_endpoint_hold,local_line,8.099999999999774e-05,0.0,2000,3003,kaiser_beta_5,60061,allowed_raw_timestamps
87_270_20_1000_1,87,0.32016666666666665,0.8201666666666667,raw_window_v1,2694,7040,2694,7040,4346,0.320319,0.820072,0.0,0.0,9009,4505,3000,local_endpoint_hold,local_line,0.0001523333333333654,3.916661116665221e-05,2000,3003,kaiser_beta_5,60061,allowed_raw_timestamps
87_315_20_500_0,87,1.7498724313333334,2.2498724313333334,raw_window_v1,15099,19400,15099,19400,4301,1.750106098,2.249799098,0.0,0.0,9009,4505,3000,local_endpoint_hold,local_line,0.00023366666666668756,1.7833277833556593e-05,2000,3003,kaiser_beta_5,60061,allowed_raw_timestamps
87_315_20_500_1,87,1.7594321913333335,2.2594321913333335,raw_window_v1,15128,19480,15128,19480,4352,1.759525858,2.259323858,0.0,0.0,9009,4505,3000,local_endpoint_hold,local_line,9.366666666643653e-05,5.283327783356384e-05,2000,3003,kaiser_beta_5,60061,allowed_raw_timestamps
87_315_20_1000_0,87,0.3011671126666667,0.8011671126666666,raw_window_v1,2613,6817,2613,6817,4204,0.301206446,0.801165446,0.0,0.0,9009,4505,3000,local_endpoint_hold,local_line,3.933333333333566e-05,0.0,2000,3003,kaiser_beta_5,60061,allowed_raw_timestamps
87_315_20_1000_1,87,0.319179149,0.819179149,raw_window_v1,2664,6914,2664,6914,4250,0.319270149,0.818939149,0.0,0.0,9009,4505,3000,local_endpoint_hold,local_line,9.100000000000774e-05,0.00018449994449998286,2000,3003,kaiser_beta_5,60061,allowed_raw_timestamps
87_0_40_500_0,87,0.2789315863333333,0.7789315863333333,raw_window_v1,2377,6687,2377,6687,4310,0.278956253,0.778909253,0.0,0.0,9091,4546,3000,local_endpoint_hold,local_line,2.4666666666672832e-05,0.0,6000,9091,kaiser_beta_5,181821,allowed_raw_timestamps
87_0_40_500_1,87,0.2897174806666667,0.7897174806666667,raw_window_v1,2493,6835,2493,6835,4342,0.289733814,0.789659814,0.0,0.0,9009,4505,3000,local_endpoint_hold,local_line,1.6333333333284905e-05,2.1666111666984733e-06,2000,3003,kaiser_beta_5,60061,allowed_raw_timestamps
87_0_40_1000_0,87,0.2698333333333333,0.7698333333333334,raw_window_v1,2310,6664,2310,6664,4354,0.269903,0.76982,0.0,0.0,9009,4505,3000,local_endpoint_hold,local_line,6.966666666669008e-05,0.0,2000,3003,kaiser_beta_5,60061,allowed_raw_timestamps
87_0_40_1000_1,87,0.32966666666666666,0.8296666666666667,raw_window_v1,2786,7136,2786,7136,4350,0.329735,0.829648,0.0,0.0,9009,4505,3000,local_endpoint_hold,local_line,6.833333333333691e-05,0.0,2000,3003,kaiser_beta_5,60061,allowed_raw_timestamps
87_45_40_500_0,87,0.29933333333333334,0.7993333333333333,raw_window_v1,2567,6927,2567,6927,4360,0.299383,0.799293,0.0,0.0,9009,4505,3000,local_endpoint_hold,local_line,4.966666666667008e-05,0.0,2000,3003,kaiser_beta_5,60061,allowed_raw_timestamps
87_45_40_500_1,87,0.3005,0.8005,raw_window_v1,2566,6902,2566,6902,4336,0.3005,0.800413,0.0,0.0,9009,4505,3000,local_endpoint_hold,local_line,0.0,3.149994449991311e-05,2000,3003,kaiser_beta_5,60061,allowed_raw_timestamps
87_45_40_1000_0,87,0.30085802266666667,0.8008580226666666,raw_window_v1,2548,6862,2548,6862,4314,0.300973356,0.800817356,0.0,0.0,9009,4505,3000,local_endpoint_hold,local_line,0.00011533333333335616,0.0,2000,3003,kaiser_beta_5,60061,allowed_raw_timestamps
87_45_40_1000_1,87,0.700598435,1.2005984349999999,raw_window_v1,6046,10371,6046,10371,4325,0.700693435,1.200504435,0.0,0.0,9009,4505,3000,local_endpoint_hold,local_line,9.500000000006725e-05,3.849994450000338e-05,2000,3003,kaiser_beta_5,60061,allowed_raw_timestamps
87_90_40_500_0,87,1.0896666666666666,1.5896666666666666,raw_window_v1,9424,13776,9424,13776,4352,1.089724,1.589537,0.0,0.0,9009,4505,3000,local_endpoint_hold,local_line,5.7333333333353664e-05,7.416661116654844e-05,2000,3003,kaiser_beta_5,60061,allowed_raw_timestamps
87_90_40_500_1,87,0.28026602666666667,0.7802660266666667,raw_window_v1,2438,6751,2438,6751,4313,0.28028636,0.78018536,0.0,0.0,9009,4505,3000,local_endpoint_hold,local_line,2.0333333333344417e-05,2.5166611166582697e-05,2000,3003,kaiser_beta_5,60061,allowed_raw_timestamps
87_90_40_1000_0,87,0.3005,0.8005,raw_window_v1,2595,6865,2595,6865,4270,0.30051,0.80042,0.0,0.0,9009,4505,3000,local_endpoint_hold,local_line,1.0000000000010001e-05,2.4499944499933868e-05,2000,3003,kaiser_beta_5,60061,allowed_raw_timestamps
87_90_40_1000_1,87,0.299500787,0.7995007869999999,raw_window_v1,2457,6751,2457,6751,4294,0.299517787,0.799424787,0.0,0.0,9009,4505,3000,local_endpoint_hold,local_line,1.6999999999989246e-05,2.0499944499929867e-05,2000,3003,kaiser_beta_5,60061,allowed_raw_timestamps
87_135_40_500_0,87,0.3002532646666667,0.8002532646666667,raw_window_v1,2579,6804,2579,6804,4225,0.300284598,0.800189598,0.0,0.0,9009,4505,3000,local_endpoint_hold,local_line,3.133333333332766e-05,8.166611166648963e-06,2000,3003,kaiser_beta_5,60061,allowed_raw_timestamps
87_135_40_500_1,87,0.2997020456666667,0.7997020456666667,raw_window_v1,2573,6918,2573,6918,4345,0.299745379,0.799593379,0.0,0.0,9009,4505,3000,local_endpoint_hold,local_line,4.333333333328415e-05,5.31666111666107e-05,2000,3003,kaiser_beta_5,60061,allowed_raw_timestamps
87_135_40_1000_0,87,0.3001666666666667,0.8001666666666667,raw_window_v1,2605,6869,2605,6869,4264,0.300274,0.800097,0.0,0.0,9009,4505,3000,local_endpoint_hold,local_line,0.00010733333333329265,1.4166611166710474e-05,2000,3003,kaiser_beta_5,60061,allowed_raw_timestamps
87_135_40_1000_1,87,0.3002860556666667,0.8002860556666667,raw_window_v1,2575,6806,2575,6806,4231,0.300293389,0.800225389,0.0,0.0,9009,4505,3000,local_endpoint_hold,local_line,7.33333333330366e-06,5.166611166673718e-06,2000,3003,kaiser_beta_5,60061,allowed_raw_timestamps
87_180_40_500_0,87,0.2995,0.7995,raw_window_v1,2569,6890,2569,6890,4321,0.299526,0.799452,0.0,0.0,9009,4505,3000,local_endpoint_hold,local_line,2.6000000000026002e-05,0.0,2000,3003,kaiser_beta_5,60061,allowed_raw_timestamps
87_180_40_500_1,87,0.30039955333333335,0.8003995533333333,raw_window_v1,2557,6843,2557,6843,4286,0.30051522,0.80031322,0.0,0.0,9009,4505,3000,local_endpoint_hold,local_line,0.00011566666666668057,3.083327783326428e-05,2000,3003,kaiser_beta_5,60061,allowed_raw_timestamps
87_180_40_1000_0,87,0.28983333333333333,0.7898333333333334,raw_window_v1,2476,6742,2476,6742,4266,0.289854,0.789758,0.0,0.0,9009,4505,3000,local_endpoint_hold,local_line,2.066666666666883e-05,1.983327783339206e-05,2000,3003,kaiser_beta_5,60061,allowed_raw_timestamps
87_180_40_1000_1,87,0.2906887946666667,0.7906887946666667,raw_window_v1,2471,6778,2471,6778,4307,0.290785128,0.790633128,0.0,0.0,9009,4505,3000,local_endpoint_hold,local_line,9.63333333333094e-05,1.6661116675198429e-07,2000,3003,kaiser_beta_5,60061,allowed_raw_timestamps
87_225_40_500_0,87,1.0813333333333333,1.5813333333333333,raw_window_v1,9292,13668,9292,13668,4376,1.081372,1.581273,0.0,0.0,9009,4505,3000,local_endpoint_hold,local_line,3.8666666666742344e-05,4.833277833293792e-06,2000,3003,kaiser_beta_5,60061,allowed_raw_timestamps
87_225_40_500_1,87,0.2808333333333333,0.7808333333333333,raw_window_v1,2396,6614,2396,6614,4218,0.28094,0.780746,0.0,0.0,9009,4505,3000,local_endpoint_hold,local_line,0.00010666666666669933,3.1833277833182017e-05,2000,3003,kaiser_beta_5,60061,allowed_raw_timestamps
87_225_40_1000_0,87,1.4799218403333334,1.9799218403333334,raw_window_v1,12675,16982,12675,16982,4307,1.479949507,1.979855507,0.0,0.0,9009,4505,3000,local_endpoint_hold,local_line,2.7666666666537054e-05,1.0833277833466326e-05,2000,3003,kaiser_beta_5,60061,allowed_raw_timestamps
87_225_40_1000_1,87,0.2907420256666667,0.7907420256666666,raw_window_v1,2482,6810,2482,6810,4328,0.290758359,0.790671359,0.0,0.0,9009,4505,3000,local_endpoint_hold,local_line,1.6333333333340416e-05,1.5166611166628208e-05,2000,3003,kaiser_beta_5,60061,allowed_raw_timestamps
87_270_40_500_0,87,0.3007434006666667,0.8007434006666667,raw_window_v1,2588,6780,2588,6780,4192,0.300824734,0.800643734,0.0,0.0,9009,4505,3000,local_endpoint_hold,local_line,8.133333333326664e-05,4.4166611166684966e-05,2000,3003,kaiser_beta_5,60061,allowed_raw_timestamps
87_270_40_500_1,87,0.28983333333333333,0.7898333333333334,raw_window_v1,2504,6805,2504,6805,4301,0.289846,0.789751,0.0,0.0,9009,4505,3000,local_endpoint_hold,local_line,1.266666666666083e-05,2.6833277833371305e-05,2000,3003,kaiser_beta_5,60061,allowed_raw_timestamps
87_270_40_1000_0,87,0.31033333333333335,0.8103333333333333,raw_window_v1,2604,6859,2604,6859,4255,0.310372,0.810231,0.0,0.0,9009,4505,3000,local_endpoint_hold,local_line,3.866666666663132e-05,4.6833277833280285e-05,2000,3003,kaiser_beta_5,60061,allowed_raw_timestamps
87_270_40_1000_1,87,0.28984378233333336,0.7898437823333333,raw_window_v1,2496,6741,2496,6741,4245,0.289859449,0.789771449,0.0,0.0,9009,4505,3000,local_endpoint_hold,local_line,1.5666666666636075e-05,1.6833277833305793e-05,2000,3003,kaiser_beta_5,60061,allowed_raw_timestamps
87_315_40_500_0,87,0.2798333333333333,0.7798333333333334,raw_window_v1,2372,6601,2372,6601,4229,0.27988,0.779826,0.0,0.0,9009,4505,3000,local_endpoint_hold,local_line,4.6666666666694834e-05,0.0,2000,3003,kaiser_beta_5,60061,allowed_raw_timestamps
87_315_40_500_1,87,0.2914063513333333,0.7914063513333334,raw_window_v1,2499,6790,2499,6790,4291,0.291491018,0.791392018,0.0,0.0,9009,4505,3000,local_endpoint_hold,local_line,8.466666666667733e-05,0.0,2000,3003,kaiser_beta_5,60061,allowed_raw_timestamps
87_315_40_1000_0,87,0.2805,0.7805,raw_window_v1,2404,6715,2404,6715,4311,0.280518,0.7803,0.0,0.0,9009,4505,3000,local_endpoint_hold,local_line,1.799999999996249e-05,0.00014449994449994286,2000,3003,kaiser_beta_5,60061,allowed_raw_timestamps
87_315_40_1000_1,87,0.3006666666666667,0.8006666666666666,raw_window_v1,2566,6834,2566,6834,4268,0.300758,0.800628,0.0,0.0,9009,4505,3000,local_endpoint_hold,local_line,9.133333333333216e-05,0.0,2000,3003,kaiser_beta_5,60061,allowed_raw_timestamps
87_0_60_500_0,87,0.28933333333333333,0.7893333333333333,raw_window_v1,2475,6788,2475,6788,4313,0.289344,0.789291,0.0,0.0,9091,4546,3000,local_endpoint_hold,local_line,1.066666666665883e-05,0.0,6000,9091,kaiser_beta_5,181821,allowed_raw_timestamps
87_0_60_500_1,87,0.3005,0.8005,raw_window_v1,2546,6876,2546,6876,4330,0.300561,0.800421,0.0,0.0,9009,4505,3000,local_endpoint_hold,local_line,6.100000000003325e-05,2.3499944499905112e-05,2000,3003,kaiser_beta_5,60061,allowed_raw_timestamps
87_0_60_1000_0,87,0.3495,0.8494999999999999,raw_window_v1,3010,7298,3010,7298,4288,0.349568,0.84942,0.0,0.0,9009,4505,3000,local_endpoint_hold,local_line,6.80000000000125e-05,2.4499944499933868e-05,2000,3003,kaiser_beta_5,60061,allowed_raw_timestamps
87_0_60_1000_1,87,0.35083333333333333,0.8508333333333333,raw_window_v1,3035,7268,3035,7268,4233,0.350849,0.850712,0.0,0.0,9009,4505,3000,local_endpoint_hold,local_line,1.5666666666691587e-05,6.583327783327153e-05,2000,3003,kaiser_beta_5,60061,allowed_raw_timestamps
87_45_60_500_0,87,0.2905,0.7905,raw_window_v1,2455,6745,2455,6745,4290,0.290576,0.790433,0.0,0.0,9009,4505,3000,local_endpoint_hold,local_line,7.60000000000205e-05,1.1499944499893111e-05,2000,3003,kaiser_beta_5,60061,allowed_raw_timestamps
87_45_60_500_1,87,0.30027114433333335,0.8002711443333334,raw_window_v1,2567,6865,2567,6865,4298,0.300290811,0.800172811,0.0,0.0,9009,4505,3000,local_endpoint_hold,local_line,1.9666666666640076e-05,4.2833277833276284e-05,2000,3003,kaiser_beta_5,60061,allowed_raw_timestamps
87_45_60_1000_0,87,0.32066666666666666,0.8206666666666667,raw_window_v1,2756,7087,2756,7087,4331,0.320725,0.820661,0.0,0.0,9009,4505,3000,local_endpoint_hold,local_line,5.833333333332691e-05,0.0,2000,3003,kaiser_beta_5,60061,allowed_raw_timestamps
87_45_60_1000_1,87,0.30089651933333333,0.8008965193333333,raw_window_v1,2511,6703,2511,6703,4192,0.300897186,0.800791186,0.0,0.0,9009,4505,3000,local_endpoint_hold,local_line,6.666666666488297e-07,4.983327783325553e-05,2000,3003,kaiser_beta_5,60061,allowed_raw_timestamps
87_90_60_500_0,87,0.29074326066666667,0.7907432606666667,raw_window_v1,2470,6768,2470,6768,4298,0.290750594,0.790634594,0.0,0.0,9009,4505,3000,local_endpoint_hold,local_line,7.33333333330366e-06,5.31666111666107e-05,2000,3003,kaiser_beta_5,60061,allowed_raw_timestamps
87_90_60_500_1,87,0.31016666666666665,0.8101666666666667,raw_window_v1,2646,6969,2646,6969,4323,0.310188,0.810098,0.0,0.0,9091,4546,3000,local_endpoint_hold,local_line,2.1333333333373172e-05,1.3667216661183978e-05,6000,9091,kaiser_beta_5,181821,allowed_raw_timestamps
87_90_60_1000_0,87,0.31025761966666665,0.8102576196666667,raw_window_v1,2669,7031,2669,7031,4362,0.310360953,0.810165953,0.0,0.0,9009,4505,3000,local_endpoint_hold,local_line,0.00010333333333334416,3.616661116656594e-05,2000,3003,kaiser_beta_5,60061,allowed_raw_timestamps
87_90_60_1000_1,87,0.300752335,0.800752335,raw_window_v1,2570,6861,2570,6861,4291,0.300790335,0.800639335,0.0,0.0,9009,4505,3000,local_endpoint_hold,local_line,3.8000000000038e-05,5.7499944499994626e-05,2000,3003,kaiser_beta_5,60061,allowed_raw_timestamps
87_135_60_500_0,87,0.30942727333333336,0.8094272733333334,raw_window_v1,2622,6927,2622,6927,4305,0.30947494,0.80938594,0.0,0.0,9009,4505,3000,local_endpoint_hold,local_line,4.766666666661257e-05,0.0,2000,3003,kaiser_beta_5,60061,allowed_raw_timestamps
87_135_60_500_1,87,0.28883333333333333,0.7888333333333333,raw_window_v1,2435,6743,2435,6743,4308,0.28886,0.787849,0.0,0.0,9009,4505,3000,local_endpoint_hold,local_line,2.6666666666674832e-05,0.0009288332778332187,2000,3003,kaiser_beta_5,60061,allowed_raw_timestamps
87_135_60_1000_0,87,0.3095,0.8095,raw_window_v1,2658,7010,2658,7010,4352,0.309602,0.809403,0.0,0.0,9009,4505,3000,local_endpoint_hold,local_line,0.00010199999999999099,4.1499944499978625e-05,2000,3003,kaiser_beta_5,60061,allowed_raw_timestamps
87_135_60_1000_1,87,0.2897159836666667,0.7897159836666667,raw_window_v1,2505,6824,2505,6824,4319,0.289746317,0.789651317,0.0,0.0,9009,4505,3000,local_endpoint_hold,local_line,3.0333333333298906e-05,9.166611166677718e-06,2000,3003,kaiser_beta_5,60061,allowed_raw_timestamps
87_180_60_500_0,87,0.29988033633333333,0.7998803363333333,raw_window_v1,2586,6920,2586,6920,4334,0.299907003,0.799796003,0.0,0.0,9009,4505,3000,local_endpoint_hold,local_line,2.6666666666674832e-05,2.8833277833317794e-05,2000,3003,kaiser_beta_5,60061,allowed_raw_timestamps
87_180_60_500_1,87,0.310588361,0.810588361,raw_window_v1,2651,6985,2651,6985,4334,0.310620361,0.810569361,0.0,0.0,9009,4505,3000,local_endpoint_hold,local_line,3.2000000000032e-05,0.0,2000,3003,kaiser_beta_5,60061,allowed_raw_timestamps
87_180_60_1000_0,87,0.3493617513333333,0.8493617513333334,raw_window_v1,2957,7189,2957,7189,4232,0.349435418,0.849299418,0.0,0.0,9009,4505,3000,local_endpoint_hold,local_line,7.366666666669408e-05,6.833277833351303e-06,2000,3003,kaiser_beta_5,60061,allowed_raw_timestamps
87_180_60_1000_1,87,0.290545848,0.790545848,raw_window_v1,2509,6789,2509,6789,4280,0.290572848,0.790537848,0.0,0.0,9009,4505,3000,local_endpoint_hold,local_line,2.6999999999999247e-05,0.0,2000,3003,kaiser_beta_5,60061,allowed_raw_timestamps
87_225_60_500_0,87,0.31883333333333336,0.8188333333333333,raw_window_v1,2714,7047,2714,7047,4333,0.318891,0.818796,0.0,0.0,9009,4505,3000,local_endpoint_hold,local_line,5.766666666662257e-05,0.0,2000,3003,kaiser_beta_5,60061,allowed_raw_timestamps
87_225_60_500_1,87,0.30883333333333335,0.8088333333333333,raw_window_v1,2600,6888,2600,6888,4288,0.308906,0.808733,0.0,0.0,9009,4505,3000,local_endpoint_hold,local_line,7.266666666666532e-05,4.483327783322277e-05,2000,3003,kaiser_beta_5,60061,allowed_raw_timestamps
87_225_60_1000_0,87,0.8396666666666667,1.3396666666666666,raw_window_v1,7212,11528,7212,11528,4316,0.839732,1.339664,0.0,0.0,9009,4505,3000,local_endpoint_hold,local_line,6.533333333336167e-05,0.0,2000,3003,kaiser_beta_5,60061,allowed_raw_timestamps
87_225_60_1000_1,87,0.29937132899999996,0.799371329,raw_window_v1,2530,6828,2530,6828,4298,0.299381329,0.799330329,0.0,0.0,9009,4505,3000,local_endpoint_hold,local_line,1.0000000000010001e-05,0.0,2000,3003,kaiser_beta_5,60061,allowed_raw_timestamps
87_270_60_500_0,87,0.31073483766666665,0.8107348376666667,raw_window_v1,2688,7022,2688,7022,4334,0.310797171,0.810700171,0.0,0.0,9009,4505,3000,local_endpoint_hold,local_line,6.233333333333091e-05,0.0,2000,3003,kaiser_beta_5,60061,allowed_raw_timestamps
87_270_60_500_1,87,0.28103016300000006,0.781030163,raw_window_v1,2394,6714,2394,6714,4320,0.281094163,0.780816163,0.0,0.0,9009,4505,3000,local_endpoint_hold,local_line,6.399999999995298e-05,0.00015849994450001237,2000,3003,kaiser_beta_5,60061,allowed_raw_timestamps
87_270_60_1000_0,87,0.30890539133333333,0.8089053913333333,raw_window_v1,2651,6912,2651,6912,4261,0.308967058,0.808821058,0.0,0.0,9009,4505,3000,local_endpoint_hold,local_line,6.166666666668208e-05,2.8833277833206772e-05,2000,3003,kaiser_beta_5,60061,allowed_raw_timestamps
87_270_60_1000_1,87,0.32032472966666664,0.8203247296666667,raw_window_v1,2721,7013,2721,7013,4292,0.320421063,0.820223063,0.0,0.0,9009,4505,3000,local_endpoint_hold,local_line,9.633333333336491e-05,4.6166611166631455e-05,2000,3003,kaiser_beta_5,60061,allowed_raw_timestamps
87_315_60_500_0,87,0.4515063293333333,0.9515063293333332,raw_window_v1,3837,8170,3837,8170,4333,0.451593996,0.951480996,0.0,0.0,9009,4505,3000,local_endpoint_hold,local_line,8.766666666670808e-05,0.0,2000,3003,kaiser_beta_5,60061,allowed_raw_timestamps
87_315_60_500_1,87,0.300568515,0.8005685149999999,raw_window_v1,2587,6918,2587,6918,4331,0.300579515,0.800547515,0.0,0.0,9009,4505,3000,local_endpoint_hold,local_line,1.1000000000038757e-05,0.0,2000,3003,kaiser_beta_5,60061,allowed_raw_timestamps
87_315_60_1000_0,87,0.300589495,0.800589495,raw_window_v1,2611,6965,2611,6965,4354,0.300643495,0.800555495,0.0,0.0,9009,4505,3000,local_endpoint_hold,local_line,5.3999999999998494e-05,0.0,2000,3003,kaiser_beta_5,60061,allowed_raw_timestamps
87_315_60_1000_1,87,0.329516533,0.8295165330000001,raw_window_v1,2821,7108,2821,7108,4287,0.329623533,0.829492533,0.0,0.0,9009,4505,3000,local_endpoint_hold,local_line,0.00010700000000002374,0.0,2000,3003,kaiser_beta_5,60061,allowed_raw_timestamps
102_0_20_500_0,102,0.430089777,0.9300897770000001,raw_window_v1,3709,8053,3709,8053,4344,0.430164777,0.929976777,0.0,0.0,9009,4505,3000,local_endpoint_hold,local_line,7.499999999999174e-05,5.7499944499994626e-05,2000,3003,kaiser_beta_5,60061,allowed_raw_timestamps
102_0_20_500_1,102,0.32092105633333334,0.8209210563333333,raw_window_v1,2764,7063,2764,7063,4299,0.320978723,0.820832723,0.0,0.0,9009,4505,3000,local_endpoint_hold,local_line,5.766666666667808e-05,3.2833277833321795e-05,2000,3003,kaiser_beta_5,60061,allowed_raw_timestamps
102_0_20_1000_0,102,0.8193411443333334,1.3193411443333334,raw_window_v1,7026,11325,7026,11325,4299,0.819373811,1.319332811,0.0,0.0,9009,4505,3000,local_endpoint_hold,local_line,3.266666666656981e-05,0.0,2000,3003,kaiser_beta_5,60061,allowed_raw_timestamps
102_0_20_1000_1,102,0.3301700166666667,0.8301700166666667,raw_window_v1,2834,7203,2834,7203,4369,0.33019135,0.83014635,0.0,0.0,9009,4505,3000,local_endpoint_hold,local_line,2.133333333331766e-05,0.0,2000,3003,kaiser_beta_5,60061,allowed_raw_timestamps
102_45_20_500_0,102,0.31066666666666665,0.8106666666666666,raw_window_v1,2681,7004,2681,7004,4323,0.310975,0.810643,0.0,0.0,9009,4505,3000,local_endpoint_hold,local_line,0.0003083333333333549,0.0,2000,3003,kaiser_beta_5,60061,allowed_raw_timestamps
102_45_20_500_1,102,0.3105,0.8105,raw_window_v1,2679,7030,2679,7030,4351,0.310535,0.81049,0.0,0.0,9009,4505,3000,local_endpoint_hold,local_line,3.500000000000725e-05,0.0,2000,3003,kaiser_beta_5,60061,allowed_raw_timestamps
102_45_20_1000_0,102,0.31066666666666665,0.8106666666666666,raw_window_v1,2682,6985,2682,6985,4303,0.310682,0.810639,0.0,0.0,9009,4505,3000,local_endpoint_hold,local_line,1.5333333333367172e-05,0.0,2000,3003,kaiser_beta_5,60061,allowed_raw_timestamps
102_45_20_1000_1,102,0.31066666666666665,0.8106666666666666,raw_window_v1,2682,6974,2682,6974,4292,0.310722,0.810611,0.0,0.0,9009,4505,3000,local_endpoint_hold,local_line,5.5333333333351664e-05,1.6661116664096198e-07,2000,3003,kaiser_beta_5,60061,allowed_raw_timestamps
102_90_20_500_0,102,0.299603003,0.799603003,raw_window_v1,2562,6879,2562,6879,4317,0.299669003,0.799452003,0.0,0.0,9009,4505,3000,local_endpoint_hold,local_line,6.60000000000105e-05,9.549994449997712e-05,2000,3003,kaiser_beta_5,60061,allowed_raw_timestamps
102_90_20_500_1,102,0.5006666666666667,1.0006666666666666,raw_window_v1,4280,8598,4280,8598,4318,0.500706,1.000656,0.0,0.0,9009,4505,3000,local_endpoint_hold,local_line,3.933333333328015e-05,0.0,2000,3003,kaiser_beta_5,60061,allowed_raw_timestamps
102_90_20_1000_0,102,0.2895,0.7895,raw_window_v1,2493,6824,2493,6824,4331,0.289514,0.78929,0.0,0.0,9091,4546,3000,local_endpoint_hold,local_line,1.4000000000014001e-05,0.0001550005499943996,6000,9091,kaiser_beta_5,181821,allowed_raw_timestamps
102_90_20_1000_1,102,0.29933333333333334,0.7993333333333333,raw_window_v1,2591,6879,2591,6879,4288,0.299353,0.799302,0.0,0.0,9009,4505,3000,local_endpoint_hold,local_line,1.9666666666640076e-05,0.0,2000,3003,kaiser_beta_5,60061,allowed_raw_timestamps
102_135_20_500_0,102,0.321035779,0.821035779,raw_window_v1,2707,7023,2707,7023,4316,0.321088779,0.821029779,0.0,0.0,9009,4505,3000,local_endpoint_hold,local_line,5.299999999996974e-05,0.0,2000,3003,kaiser_beta_5,60061,allowed_raw_timestamps
102_135_20_500_1,102,0.3298333333333333,0.8298333333333333,raw_window_v1,2794,7075,2794,7075,4281,0.329839,0.829798,0.0,0.0,9009,4505,3000,local_endpoint_hold,local_line,5.666666666681586e-06,0.0,2000,3003,kaiser_beta_5,60061,allowed_raw_timestamps
102_135_20_1000_0,102,0.3011666666666667,0.8011666666666667,raw_window_v1,2541,6839,2541,6839,4298,0.301252,0.801072,0.0,0.0,9009,4505,3000,local_endpoint_hold,local_line,8.533333333332616e-05,3.916661116665221e-05,2000,3003,kaiser_beta_5,60061,allowed_raw_timestamps
102_135_20_1000_1,102,0.3195,0.8195,raw_window_v1,2719,7006,2719,7006,4287,0.319608,0.819254,0.0,0.0,9009,4505,3000,local_endpoint_hold,local_line,0.00010799999999999699,0.00019049994449993335,2000,3003,kaiser_beta_5,60061,allowed_raw_timestamps
102_180_20_500_0,102,1.3705,1.8705,raw_window_v1,11863,16181,11863,16181,4318,1.370566,1.870479,0.0,0.0,9009,4505,3000,local_endpoint_hold,local_line,6.599999999989947e-05,0.0,2000,3003,kaiser_beta_5,60061,allowed_raw_timestamps
102_180_20_500_1,102,0.3295,0.8295,raw_window_v1,2821,7191,2821,7191,4370,0.329585,0.829423,0.0,0.0,9009,4505,3000,local_endpoint_hold,local_line,8.500000000000174e-05,2.1499944499958623e-05,2000,3003,kaiser_beta_5,60061,allowed_raw_timestamps
102_180_20_1000_0,102,0.31910636600000003,0.819106366,raw_window_v1,2722,7059,2722,7059,4337,0.319202366,0.819045366,0.0,0.0,9009,4505,3000,local_endpoint_hold,local_line,9.599999999998499e-05,5.499944499942622e-06,2000,3003,kaiser_beta_5,60061,allowed_raw_timestamps
102_180_20_1000_1,102,0.30952129899999997,0.809521299,raw_window_v1,2627,6981,2627,6981,4354,0.309605299,0.809478299,0.0,0.0,9009,4505,3000,local_endpoint_hold,local_line,8.40000000000285e-05,0.0,2000,3003,kaiser_beta_5,60061,allowed_raw_timestamps
102_225_20_500_0,102,0.2911893546666667,0.7911893546666666,raw_window_v1,2477,6802,2477,6802,4325,0.291191688,0.791116688,0.0,0.0,9009,4505,3000,local_endpoint_hold,local_line,2.333333333326415e-06,1.7166611166574697e-05,2000,3003,kaiser_beta_5,60061,allowed_raw_timestamps
102_225_20_500_1,102,0.29883333333333334,0.7988333333333333,raw_window_v1,2517,6789,2517,6789,4272,0.298867,0.798746,0.0,0.0,9009,4505,3000,local_endpoint_hold,local_line,3.366666666665408e-05,3.183327783329304e-05,2000,3003,kaiser_beta_5,60061,allowed_raw_timestamps
102_225_20_1000_0,102,1.9197635226666667,2.419763522666667,raw_window_v1,16571,20859,16571,20859,4288,1.919780856,2.419731856,0.0,0.0,9009,4505,3000,local_endpoint_hold,local_line,1.733333333331366e-05,0.0,2000,3003,kaiser_beta_5,60061,allowed_raw_timestamps
102_225_20_1000_1,102,0.300051923,0.800051923,raw_window_v1,2571,6899,2571,6899,4328,0.300127923,0.799968923,0.0,0.0,9009,4505,3000,local_endpoint_hold,local_line,7.60000000000205e-05,2.7499944500020135e-05,2000,3003,kaiser_beta_5,60061,allowed_raw_timestamps
102_270_20_500_0,102,0.31033333333333335,0.8103333333333333,raw_window_v1,2642,6980,2642,6980,4338,0.310387,0.810322,0.0,0.0,9009,4505,3000,local_endpoint_hold,local_line,5.366666666667408e-05,0.0,2000,3003,kaiser_beta_5,60061,allowed_raw_timestamps
102_270_20_500_1,102,0.281,0.781,raw_window_v1,2387,6716,2387,6716,4329,0.281004,0.780972,0.0,0.0,9009,4505,3000,local_endpoint_hold,local_line,3.999999999948489e-06,0.0,2000,3003,kaiser_beta_5,60061,allowed_raw_timestamps
102_270_20_1000_0,102,0.30886164433333335,0.8088616443333334,raw_window_v1,2673,6953,2673,6953,4280,0.308875311,0.808812311,0.0,0.0,9009,4505,3000,local_endpoint_hold,local_line,1.3666666666634075e-05,0.0,2000,3003,kaiser_beta_5,60061,allowed_raw_timestamps
102_270_20_1000_1,102,0.309,0.8089999999999999,raw_window_v1,2647,6986,2647,6986,4339,0.309034,0.808964,0.0,0.0,9009,4505,3000,local_endpoint_hold,local_line,3.399999999997849e-05,0.0,2000,3003,kaiser_beta_5,60061,allowed_raw_timestamps
102_315_20_500_0,102,0.28107981800000004,0.781079818,raw_window_v1,2392,6702,2392,6702,4310,0.281151818,0.781078818,0.0,0.0,9009,4505,3000,local_endpoint_hold,local_line,7.199999999996098e-05,0.0,2000,3003,kaiser_beta_5,60061,allowed_raw_timestamps
102_315_20_500_1,102,1.1297050326666667,1.6297050326666667,raw_window_v1,9647,13972,9647,13972,4325,1.129727366,1.629647366,0.0,0.0,9009,4505,3000,local_endpoint_hold,local_line,2.2333333333346417e-05,2.1666111666984733e-06,2000,3003,kaiser_beta_5,60061,allowed_raw_timestamps
102_315_20_1000_0,102,0.2892332086666667,0.7892332086666667,raw_window_v1,2478,6765,2478,6765,4287,0.289277542,0.789231542,0.0,0.0,9009,4505,3000,local_endpoint_hold,local_line,4.433333333331291e-05,0.0,2000,3003,kaiser_beta_5,60061,allowed_raw_timestamps
102_315_20_1000_1,102,0.2801666666666667,0.7801666666666667,raw_window_v1,2402,6698,2402,6698,4296,0.28022,0.780132,0.0,0.0,9009,4505,3000,local_endpoint_hold,local_line,5.3333333333349664e-05,0.0,2000,3003,kaiser_beta_5,60061,allowed_raw_timestamps
102_0_40_500_0,102,0.29,0.79,raw_window_v1,2513,6838,2513,6838,4325,0.290012,0.789939,0.0,0.0,9009,4505,3000,local_endpoint_hold,local_line,1.2000000000012001e-05,5.499944500053644e-06,2000,3003,kaiser_beta_5,60061,allowed_raw_timestamps
102_0_40_500_1,102,0.31038671633333337,0.8103867163333334,raw_window_v1,2640,6969,2640,6969,4329,0.310430383,0.810111383,0.0,0.0,9009,4505,3000,local_endpoint_hold,local_line,4.366666666660857e-05,0.00021983327783337003,2000,3003,kaiser_beta_5,60061,allowed_raw_timestamps
102_0_40_1000_0,102,0.290187201,0.790187201,raw_window_v1,2482,6799,2482,6799,4317,0.290455201,0.790185201,0.0,0.0,9009,4505,3000,local_endpoint_hold,local_line,0.00026799999999999047,0.0,2000,3003,kaiser_beta_5,60061,allowed_raw_timestamps
102_0_40_1000_1,102,0.31966666666666665,0.8196666666666667,raw_window_v1,2736,7089,2736,7089,4353,0.319682,0.819562,0.0,0.0,9009,4505,3000,local_endpoint_hold,local_line,1.5333333333367172e-05,4.91666111666067e-05,2000,3003,kaiser_beta_5,60061,allowed_raw_timestamps
102_45_40_500_0,102,0.281,0.781,raw_window_v1,2358,6574,2358,6574,4216,0.281059,0.780974,0.0,0.0,9009,4505,3000,local_endpoint_hold,local_line,5.899999999997574e-05,0.0,2000,3003,kaiser_beta_5,60061,allowed_raw_timestamps
102_45_40_500_1,102,0.2904205483333333,0.7904205483333333,raw_window_v1,2493,6802,2493,6802,4309,0.290448215,0.790412215,0.0,0.0,9009,4505,3000,local_endpoint_hold,local_line,2.7666666666703588e-05,0.0,2000,3003,kaiser_beta_5,60061,allowed_raw_timestamps
102_45_40_1000_0,102,0.3398333333333333,0.8398333333333333,raw_window_v1,2929,7294,2929,7294,4365,0.339873,0.839819,0.0,0.0,9009,4505,3000,local_endpoint_hold,local_line,3.966666666666008e-05,0.0,2000,3003,kaiser_beta_5,60061,allowed_raw_timestamps
102_45_40_1000_1,102,1.239537734,1.739537734,raw_window_v1,10680,15027,10680,15027,4347,1.239619734,1.739504734,0.0,0.0,9009,4505,3000,local_endpoint_hold,local_line,8.199999999991547e-05,0.0,2000,3003,kaiser_beta_5,60061,allowed_raw_timestamps
102_90_40_500_0,102,0.31083333333333335,0.8108333333333333,raw_window_v1,2591,6881,2591,6881,4290,0.310877,0.810774,0.0,0.0,9009,4505,3000,local_endpoint_hold,local_line,4.366666666666408e-05,3.833277833265036e-06,2000,3003,kaiser_beta_5,60061,allowed_raw_timestamps
102_90_40_500_1,102,0.3303969063333333,0.8303969063333333,raw_window_v1,2830,7095,2830,7095,4265,0.330489573,0.830379573,0.0,0.0,9009,4505,3000,local_endpoint_hold,local_line,9.266666666668533e-05,0.0,2000,3003,kaiser_beta_5,60061,allowed_raw_timestamps
102_90_40_1000_0,102,0.30989853433333336,0.8098985343333334,raw_window_v1,2670,6960,2670,6960,4290,0.309955201,0.809870201,0.0,0.0,9009,4505,3000,local_endpoint_hold,local_line,5.6666666666649324e-05,0.0,2000,3003,kaiser_beta_5,60061,allowed_raw_timestamps
102_90_40_1000_1,102,0.33992132633333333,0.8399213263333334,raw_window_v1,2867,7235,2867,7235,4368,0.339943993,0.839886993,0.0,0.0,9009,4505,3000,local_endpoint_hold,local_line,2.266666666667083e-05,0.0,2000,3003,kaiser_beta_5,60061,allowed_raw_timestamps
102_135_40_500_0,102,0.2996666666666667,0.7996666666666667,raw_window_v1,2491,6747,2491,6747,4256,0.299751,0.799568,0.0,0.0,9009,4505,3000,local_endpoint_hold,local_line,8.43333333332974e-05,4.316661116676723e-05,2000,3003,kaiser_beta_5,60061,allowed_raw_timestamps
102_135_40_500_1,102,0.2895,0.7895,raw_window_v1,2393,6712,2393,6712,4319,0.289544,0.789459,0.0,0.0,9009,4505,3000,local_endpoint_hold,local_line,4.4000000000044004e-05,0.0,2000,3003,kaiser_beta_5,60061,allowed_raw_timestamps
102_135_40_1000_0,102,0.3007068326666667,0.8007068326666666,raw_window_v1,2559,6908,2559,6908,4349,0.300809166,0.800692166,0.0,0.0,9009,4505,3000,local_endpoint_hold,local_line,0.0001023333333333154,0.0,2000,3003,kaiser_beta_5,60061,allowed_raw_timestamps
102_135_40_1000_1,102,0.29010702899999996,0.790107029,raw_window_v1,2418,6694,2418,6694,4276,0.290170029,0.790098029,0.0,0.0,9009,4505,3000,local_endpoint_hold,local_line,6.300000000003525e-05,0.0,2000,3003,kaiser_beta_5,60061,allowed_raw_timestamps
102_180_40_500_0,102,0.34102776566666665,0.8410277656666667,raw_window_v1,2870,7107,2870,7107,4237,0.341078099,0.841003099,0.0,0.0,9009,4505,3000,local_endpoint_hold,local_line,5.033333333337442e-05,0.0,2000,3003,kaiser_beta_5,60061,allowed_raw_timestamps
102_180_40_500_1,102,0.31983333333333336,0.8198333333333334,raw_window_v1,2701,7013,2701,7013,4312,0.319856,0.819829,0.0,0.0,9009,4505,3000,local_endpoint_hold,local_line,2.266666666661532e-05,0.0,2000,3003,kaiser_beta_5,60061,allowed_raw_timestamps
102_180_40_1000_0,102,0.339246651,0.8392466510000001,raw_window_v1,2821,7134,2821,7134,4313,0.339283651,0.839241651,0.0,0.0,9009,4505,3000,local_endpoint_hold,local_line,3.700000000000925e-05,0.0,2000,3003,kaiser_beta_5,60061,allowed_raw_timestamps
102_180_40_1000_1,102,0.34055325900000005,0.840553259,raw_window_v1,2919,7255,2919,7255,4336,0.340583259,0.840521259,0.0,0.0,9009,4505,3000,local_endpoint_hold,local_line,2.999999999997449e-05,0.0,2000,3003,kaiser_beta_5,60061,allowed_raw_timestamps
102_225_40_500_0,102,0.2887954656666667,0.7887954656666667,raw_window_v1,2377,6676,2377,6676,4299,0.289167799,0.788780799,0.0,0.0,9009,4505,3000,local_endpoint_hold,local_line,0.00037233333333330787,0.0,2000,3003,kaiser_beta_5,60061,allowed_raw_timestamps
102_225_40_500_1,102,0.31033333333333335,0.8103333333333333,raw_window_v1,2598,6891,2598,6891,4293,0.31042,0.810287,0.0,0.0,9009,4505,3000,local_endpoint_hold,local_line,8.666666666662382e-05,0.0,2000,3003,kaiser_beta_5,60061,allowed_raw_timestamps
102_225_40_1000_0,102,0.30142087733333334,0.8014208773333333,raw_window_v1,2538,6871,2538,6871,4333,0.301426544,0.801364544,0.0,0.0,9009,4505,3000,local_endpoint_hold,local_line,5.666666666681586e-06,8.332778332897917e-07,2000,3003,kaiser_beta_5,60061,allowed_raw_timestamps
102_225_40_1000_1,102,0.280589803,0.780589803,raw_window_v1,2399,6747,2399,6747,4348,0.280597803,0.780529803,0.0,0.0,9009,4505,3000,local_endpoint_hold,local_line,7.99999999995249e-06,4.499944500024888e-06,2000,3003,kaiser_beta_5,60061,allowed_raw_timestamps
102_270_40_500_0,102,0.29033333333333333,0.7903333333333333,raw_window_v1,2480,6749,2480,6749,4269,0.290386,0.790303,0.0,0.0,9009,4505,3000,local_endpoint_hold,local_line,5.266666666664532e-05,0.0,2000,3003,kaiser_beta_5,60061,allowed_raw_timestamps
102_270_40_500_1,102,0.2900928626666667,0.7900928626666667,raw_window_v1,2449,6797,2449,6797,4348,0.290174196,0.790013196,0.0,0.0,9009,4505,3000,local_endpoint_hold,local_line,8.133333333332216e-05,2.4166611166664964e-05,2000,3003,kaiser_beta_5,60061,allowed_raw_timestamps
102_270_40_1000_0,102,0.29063716,0.79063716,raw_window_v1,2397,6626,2397,6626,4229,0.29067116,0.79061816,0.0,0.0,9009,4505,3000,local_endpoint_hold,local_line,3.399999999997849e-05,0.0,2000,3003,kaiser_beta_5,60061,allowed_raw_timestamps
102_270_40_1000_1,102,0.2901666666666667,0.7901666666666667,raw_window_v1,2460,6806,2460,6806,4346,0.290196,0.790145,0.0,0.0,9009,4505,3000,local_endpoint_hold,local_line,2.9333333333325662e-05,0.0,2000,3003,kaiser_beta_5,60061,allowed_raw_timestamps
102_315_40_500_0,102,0.30033333333333334,0.8003333333333333,raw_window_v1,2527,6730,2527,6730,4203,0.30053,0.800333,0.0,0.0,9009,4505,3000,local_endpoint_hold,local_line,0.00019666666666667831,0.0,2000,3003,kaiser_beta_5,60061,allowed_raw_timestamps
102_315_40_500_1,102,0.2997311396666667,0.7997311396666666,raw_window_v1,2474,6764,2474,6764,4290,0.299822473,0.799619473,0.0,0.0,9009,4505,3000,local_endpoint_hold,local_line,9.133333333327665e-05,5.6166611166585945e-05,2000,3003,kaiser_beta_5,60061,allowed_raw_timestamps
102_315_40_1000_0,102,0.281,0.781,raw_window_v1,2435,6753,2435,6753,4318,0.281018,0.780954,0.0,0.0,9009,4505,3000,local_endpoint_hold,local_line,1.799999999996249e-05,0.0,2000,3003,kaiser_beta_5,60061,allowed_raw_timestamps
102_315_40_1000_1,102,0.2899637153333333,0.7899637153333333,raw_window_v1,2451,6731,2451,6731,4280,0.289976382,0.789904382,0.0,0.0,9009,4505,3000,local_endpoint_hold,local_line,1.266666666666083e-05,3.833277833265036e-06,2000,3003,kaiser_beta_5,60061,allowed_raw_timestamps
102_0_60_500_0,102,0.30883333333333335,0.8088333333333333,raw_window_v1,2646,6919,2646,6919,4273,0.308849,0.808829,0.0,0.0,9009,4505,3000,local_endpoint_hold,local_line,1.5666666666636075e-05,0.0,2000,3003,kaiser_beta_5,60061,allowed_raw_timestamps
102_0_60_500_1,102,0.3001715736666667,0.8001715736666667,raw_window_v1,2559,6858,2559,6858,4299,0.300212907,0.800115907,0.0,0.0,9009,4505,3000,local_endpoint_hold,local_line,4.133333333328215e-05,1.6661116664096198e-07,2000,3003,kaiser_beta_5,60061,allowed_raw_timestamps
102_0_60_1000_0,102,0.28933333333333333,0.7893333333333333,raw_window_v1,2496,6738,2496,6738,4242,0.28936,0.789253,0.0,0.0,9009,4505,3000,local_endpoint_hold,local_line,2.6666666666674832e-05,2.4833277833313794e-05,2000,3003,kaiser_beta_5,60061,allowed_raw_timestamps
102_0_60_1000_1,102,0.3295,0.8295,raw_window_v1,2834,7171,2834,7171,4337,0.32959,0.82941,0.0,0.0,9009,4505,3000,local_endpoint_hold,local_line,8.999999999997899e-05,3.449994449999938e-05,2000,3003,kaiser_beta_5,60061,allowed_raw_timestamps
102_45_60_500_0,102,0.5199320833333334,1.0199320833333334,raw_window_v1,4460,8701,4460,8701,4241,0.51999875,1.01941575,0.0,0.0,9009,4505,3000,local_endpoint_hold,local_line,6.66666666665483e-05,0.00046083327783330574,2000,3003,kaiser_beta_5,60061,allowed_raw_timestamps
102_45_60_500_1,102,0.35133333333333333,0.8513333333333333,raw_window_v1,2993,7332,2993,7332,4339,0.35147,0.851287,0.0,0.0,9009,4505,3000,local_endpoint_hold,local_line,0.00013666666666667382,0.0,2000,3003,kaiser_beta_5,60061,allowed_raw_timestamps
102_45_60_1000_0,102,0.3408726203333333,0.8408726203333333,raw_window_v1,2939,7237,2939,7237,4298,0.340962287,0.840858287,0.0,0.0,9009,4505,3000,local_endpoint_hold,local_line,8.966666666665457e-05,0.0,2000,3003,kaiser_beta_5,60061,allowed_raw_timestamps
102_45_60_1000_1,102,0.3501857126666667,0.8501857126666668,raw_window_v1,3011,7352,3011,7352,4341,0.350232046,0.850164046,0.0,0.0,9009,4505,3000,local_endpoint_hold,local_line,4.633333333331491e-05,0.0,2000,3003,kaiser_beta_5,60061,allowed_raw_timestamps
102_90_60_500_0,102,0.33916666666666667,0.8391666666666666,raw_window_v1,2943,7274,2943,7274,4331,0.339234,0.839122,0.0,0.0,9009,4505,3000,local_endpoint_hold,local_line,6.733333333330815e-05,0.0,2000,3003,kaiser_beta_5,60061,allowed_raw_timestamps
102_90_60_500_1,102,0.3305,0.8305,raw_window_v1,2839,7159,2839,7159,4320,0.330554,0.830424,0.0,0.0,9009,4505,3000,local_endpoint_hold,local_line,5.3999999999998494e-05,2.0499944499929867e-05,2000,3003,kaiser_beta_5,60061,allowed_raw_timestamps
102_90_60_1000_0,102,0.3301839636666667,0.8301839636666667,raw_window_v1,2877,7237,2877,7237,4360,0.330234297,0.830128297,0.0,0.0,9009,4505,3000,local_endpoint_hold,local_line,5.033333333331891e-05,1.6661116664096198e-07,2000,3003,kaiser_beta_5,60061,allowed_raw_timestamps
102_90_60_1000_1,102,0.349534378,0.849534378,raw_window_v1,3016,7323,3016,7323,4307,0.349588378,0.849518378,0.0,0.0,9009,4505,3000,local_endpoint_hold,local_line,5.3999999999998494e-05,0.0,2000,3003,kaiser_beta_5,60061,allowed_raw_timestamps
102_135_60_500_0,102,0.34060374000000004,0.84060374,raw_window_v1,2958,7291,2958,7291,4333,0.34069974,0.84059974,0.0,0.0,9009,4505,3000,local_endpoint_hold,local_line,9.599999999992948e-05,0.0,2000,3003,kaiser_beta_5,60061,allowed_raw_timestamps
102_135_60_500_1,102,0.35033333333333333,0.8503333333333334,raw_window_v1,3018,7340,3018,7340,4322,0.350419,0.850225,0.0,0.0,9009,4505,3000,local_endpoint_hold,local_line,8.566666666665057e-05,5.2833277833341796e-05,2000,3003,kaiser_beta_5,60061,allowed_raw_timestamps
102_135_60_1000_0,102,0.32,0.8200000000000001,raw_window_v1,2737,7072,2737,7072,4335,0.320013,0.819926,0.0,0.0,9009,4505,3000,local_endpoint_hold,local_line,1.2999999999985246e-05,1.849994449998338e-05,2000,3003,kaiser_beta_5,60061,allowed_raw_timestamps
102_135_60_1000_1,102,0.2991832966666667,0.7991832966666668,raw_window_v1,2506,6844,2506,6844,4338,0.29925563,0.79917163,0.0,0.0,9009,4505,3000,local_endpoint_hold,local_line,7.23333333332854e-05,0.0,2000,3003,kaiser_beta_5,60061,allowed_raw_timestamps
102_180_60_500_0,102,0.340089521,0.840089521,raw_window_v1,2915,7216,2915,7216,4301,0.340172521,0.839989521,0.0,0.0,9009,4505,3000,local_endpoint_hold,local_line,8.299999999999974e-05,4.449994449995387e-05,2000,3003,kaiser_beta_5,60061,allowed_raw_timestamps
102_180_60_500_1,102,0.340503533,0.840503533,raw_window_v1,2917,7222,2917,7222,4305,0.340521533,0.840500533,0.0,0.0,9009,4505,3000,local_endpoint_hold,local_line,1.799999999996249e-05,0.0,2000,3003,kaiser_beta_5,60061,allowed_raw_timestamps
102_180_60_1000_0,102,0.34993629033333334,0.8499362903333334,raw_window_v1,2994,7353,2994,7353,4359,0.350042957,0.849915957,0.0,0.0,9009,4505,3000,local_endpoint_hold,local_line,0.00010666666666664382,0.0,2000,3003,kaiser_beta_5,60061,allowed_raw_timestamps
102_180_60_1000_1,102,0.33,0.8300000000000001,raw_window_v1,2823,7162,2823,7162,4339,0.330018,0.829909,0.0,0.0,9009,4505,3000,local_endpoint_hold,local_line,1.799999999996249e-05,3.5499944500028136e-05,2000,3003,kaiser_beta_5,60061,allowed_raw_timestamps
102_225_60_500_0,102,0.319770068,0.819770068,raw_window_v1,2735,6954,2735,6954,4219,0.319793068,0.819707068,0.0,0.0,9009,4505,3000,local_endpoint_hold,local_line,2.2999999999995246e-05,7.499944499889111e-06,2000,3003,kaiser_beta_5,60061,allowed_raw_timestamps
102_225_60_500_1,102,0.310013318,0.810013318,raw_window_v1,2622,6879,2622,6879,4257,0.310092318,0.809963318,0.0,0.0,9009,4505,3000,local_endpoint_hold,local_line,7.899999999999574e-05,0.0,2000,3003,kaiser_beta_5,60061,allowed_raw_timestamps
102_225_60_1000_0,102,0.33,0.8300000000000001,raw_window_v1,2848,7166,2848,7166,4318,0.330075,0.82991,0.0,0.0,9009,4505,3000,local_endpoint_hold,local_line,7.499999999999174e-05,3.449994449999938e-05,2000,3003,kaiser_beta_5,60061,allowed_raw_timestamps
102_225_60_1000_1,102,0.8093789443333333,1.3093789443333335,raw_window_v1,6957,11311,6957,11311,4354,0.809452611,1.309364611,0.0,0.0,9009,4505,3000,local_endpoint_hold,local_line,7.366666666663857e-05,0.0,2000,3003,kaiser_beta_5,60061,allowed_raw_timestamps
102_270_60_500_0,102,0.2897906513333333,0.7897906513333333,raw_window_v1,2469,6795,2469,6795,4326,0.289824318,0.789737318,0.0,0.0,9009,4505,3000,local_endpoint_hold,local_line,3.366666666670959e-05,0.0,2000,3003,kaiser_beta_5,60061,allowed_raw_timestamps
102_270_60_500_1,102,0.309534542,0.809534542,raw_window_v1,2652,6959,2652,6959,4307,0.309593542,0.809522542,0.0,0.0,9009,4505,3000,local_endpoint_hold,local_line,5.899999999997574e-05,0.0,2000,3003,kaiser_beta_5,60061,allowed_raw_timestamps
102_270_60_1000_0,102,0.300353102,0.800353102,raw_window_v1,2560,6879,2560,6879,4319,0.300371102,0.800322102,0.0,0.0,9009,4505,3000,local_endpoint_hold,local_line,1.8000000000018e-05,0.0,2000,3003,kaiser_beta_5,60061,allowed_raw_timestamps
102_270_60_1000_1,102,0.650597136,1.150597136,raw_window_v1,5603,9945,5603,9945,4342,0.650682136,1.150493136,0.0,0.0,9009,4505,3000,local_endpoint_hold,local_line,8.500000000000174e-05,4.849994450006889e-05,2000,3003,kaiser_beta_5,60061,allowed_raw_timestamps
102_315_60_500_0,102,0.31066666666666665,0.8106666666666666,raw_window_v1,2620,6900,2620,6900,4280,0.310726,0.810597,0.0,0.0,9009,4505,3000,local_endpoint_hold,local_line,5.9333333333355665e-05,1.4166611166599452e-05,2000,3003,kaiser_beta_5,60061,allowed_raw_timestamps
102_315_60_500_1,102,0.30925304566666667,0.8092530456666667,raw_window_v1,2591,6949,2591,6949,4358,0.309302379,0.809167379,0.0,0.0,9009,4505,3000,local_endpoint_hold,local_line,4.9333333333345664e-05,3.0166611166615453e-05,2000,3003,kaiser_beta_5,60061,allowed_raw_timestamps
102_315_60_1000_0,102,0.31085729833333337,0.8108572983333333,raw_window_v1,2641,6937,2641,6937,4296,0.310916965,0.810800965,0.0,0.0,9009,4505,3000,local_endpoint_hold,local_line,5.966666666662457e-05,8.332778332897917e-07,2000,3003,kaiser_beta_5,60061,allowed_raw_timestamps
102_315_60_1000_1,102,0.31121424266666664,0.8112142426666666,raw_window_v1,2645,6941,2645,6941,4296,0.311257576,0.811179576,0.0,0.0,9009,4505,3000,local_endpoint_hold,local_line,4.333333333333966e-05,0.0,2000,3003,kaiser_beta_5,60061,allowed_raw_timestamps
103_0_20_500_0,103,0.8092639806666667,1.3092639806666666,raw_window_v1,6979,11344,6979,11344,4365,0.809289314,1.309257314,0.0,0.0,9009,4505,3000,local_endpoint_hold,local_line,2.533333333332166e-05,0.0,2000,3003,kaiser_beta_5,60061,allowed_raw_timestamps
103_0_20_500_1,103,1.1796666666666666,1.6796666666666666,raw_window_v1,10153,14538,10153,14538,4385,1.179695,1.679588,0.0,0.0,9009,4505,3000,local_endpoint_hold,local_line,2.8333333333296906e-05,2.3166611166525186e-05,2000,3003,kaiser_beta_5,60061,allowed_raw_timestamps
103_0_20_1000_0,103,0.30033409533333333,0.8003340953333333,raw_window_v1,2543,6909,2543,6909,4366,0.300495762,0.800310762,0.0,0.0,9009,4505,3000,local_endpoint_hold,local_line,0.00016166666666667107,0.0,2000,3003,kaiser_beta_5,60061,allowed_raw_timestamps
103_0_20_1000_1,103,1.5596192940000002,2.059619294,raw_window_v1,13604,17943,13604,17943,4339,1.559653294,2.059561294,0.0,0.0,9009,4505,3000,local_endpoint_hold,local_line,3.399999999986747e-05,2.499944500300444e-06,2000,3003,kaiser_beta_5,60061,allowed_raw_timestamps
103_45_20_500_0,103,0.300015778,0.800015778,raw_window_v1,2553,6850,2553,6850,4297,0.300123778,0.799959778,0.0,0.0,9009,4505,3000,local_endpoint_hold,local_line,0.00010799999999999699,4.99944500020888e-07,2000,3003,kaiser_beta_5,60061,allowed_raw_timestamps
103_45_20_500_1,103,0.3002157376666667,0.8002157376666668,raw_window_v1,2479,6819,2479,6819,4340,0.300266071,0.800153071,0.0,0.0,9009,4505,3000,local_endpoint_hold,local_line,5.033333333331891e-05,7.166611166731229e-06,2000,3003,kaiser_beta_5,60061,allowed_raw_timestamps
103_45_20_1000_0,103,0.2886666666666667,0.7886666666666666,raw_window_v1,2472,6827,2472,6827,4355,0.28875,0.788647,0.0,0.0,9009,4505,3000,local_endpoint_hold,local_line,8.333333333332416e-05,0.0,2000,3003,kaiser_beta_5,60061,allowed_raw_timestamps
103_45_20_1000_1,103,2.3808333333333334,2.8808333333333334,raw_window_v1,20588,24908,20588,24908,4320,2.380892,2.880786,0.0,0.0,9009,4505,3000,local_endpoint_hold,local_line,5.866666666642928e-05,0.0,2000,3003,kaiser_beta_5,60061,allowed_raw_timestamps
103_90_20_500_0,103,0.281,0.781,raw_window_v1,2332,6684,2332,6684,4352,0.281032,0.780989,0.0,0.0,9009,4505,3000,local_endpoint_hold,local_line,3.199999999997649e-05,0.0,2000,3003,kaiser_beta_5,60061,allowed_raw_timestamps
103_90_20_500_1,103,0.2795,0.7795000000000001,raw_window_v1,2347,6728,2347,6728,4381,0.279561,0.779409,0.0,0.0,9009,4505,3000,local_endpoint_hold,local_line,6.099999999997774e-05,3.5499944500028136e-05,2000,3003,kaiser_beta_5,60061,allowed_raw_timestamps
103_90_20_1000_0,103,0.28,0.78,raw_window_v1,2375,6710,2375,6710,4335,0.280072,0.779965,0.0,0.0,9009,4505,3000,local_endpoint_hold,local_line,7.199999999996098e-05,0.0,2000,3003,kaiser_beta_5,60061,allowed_raw_timestamps
103_90_20_1000_1,103,0.29933333333333334,0.7993333333333333,raw_window_v1,2556,6862,2556,6862,4306,0.29937,0.799302,0.0,0.0,9009,4505,3000,local_endpoint_hold,local_line,3.666666666668483e-05,0.0,2000,3003,kaiser_beta_5,60061,allowed_raw_timestamps
103_135_20_500_0,103,0.31116666666666665,0.8111666666666666,raw_window_v1,2684,7066,2684,7066,4382,0.311221,0.811155,0.0,0.0,9009,4505,3000,local_endpoint_hold,local_line,5.433333333337842e-05,0.0,2000,3003,kaiser_beta_5,60061,allowed_raw_timestamps
103_135_20_500_1,103,0.2992549586666667,0.7992549586666666,raw_window_v1,2567,6941,2567,6941,4374,0.299363292,0.799215292,0.0,0.0,9009,4505,3000,local_endpoint_hold,local_line,0.0001083333333333214,0.0,2000,3003,kaiser_beta_5,60061,allowed_raw_timestamps
103_135_20_1000_0,103,0.299,0.7989999999999999,raw_window_v1,2537,6911,2537,6911,4374,0.299086,0.798975,0.0,0.0,9009,4505,3000,local_endpoint_hold,local_line,8.60000000000305e-05,0.0,2000,3003,kaiser_beta_5,60061,allowed_raw_timestamps
103_135_20_1000_1,103,0.2997129226666667,0.7997129226666667,raw_window_v1,2514,6887,2514,6887,4373,0.299807256,0.799688256,0.0,0.0,9009,4505,3000,local_endpoint_hold,local_line,9.43333333333074e-05,0.0,2000,3003,kaiser_beta_5,60061,allowed_raw_timestamps
103_180_20_500_0,103,0.3199375363333334,0.8199375363333334,raw_window_v1,2659,7040,2659,7040,4381,0.319992203,0.819910203,0.0,0.0,9009,4505,3000,local_endpoint_hold,local_line,5.466666666659181e-05,0.0,2000,3003,kaiser_beta_5,60061,allowed_raw_timestamps
103_180_20_500_1,103,1.28913784,1.78913784,raw_window_v1,10951,15292,10951,15292,4341,1.28917684,1.78912184,0.0,0.0,9009,4505,3000,local_endpoint_hold,local_line,3.900000000012227e-05,0.0,2000,3003,kaiser_beta_5,60061,allowed_raw_timestamps
103_180_20_1000_0,103,0.6503333333333333,1.1503333333333332,raw_window_v1,5647,9950,5647,9950,4303,0.650409,1.150289,0.0,0.0,9009,4505,3000,local_endpoint_hold,local_line,7.566666666669608e-05,0.0,2000,3003,kaiser_beta_5,60061,allowed_raw_timestamps
103_180_20_1000_1,103,0.32066666666666666,0.8206666666666667,raw_window_v1,2742,7072,2742,7072,4330,0.320721,0.820645,0.0,0.0,9009,4505,3000,local_endpoint_hold,local_line,5.433333333332291e-05,0.0,2000,3003,kaiser_beta_5,60061,allowed_raw_timestamps
103_225_20_500_0,103,2.3291801866666666,2.8291801866666666,raw_window_v1,20103,24454,20103,24454,4351,2.32926652,2.82911752,0.0,0.0,9009,4505,3000,local_endpoint_hold,local_line,8.633333333341042e-05,7.16661116628714e-06,2000,3003,kaiser_beta_5,60061,allowed_raw_timestamps
103_225_20_500_1,103,0.270059474,0.770059474,raw_window_v1,2276,6589,2276,6589,4313,0.270117474,0.770021474,0.0,0.0,9009,4505,3000,local_endpoint_hold,local_line,5.8000000000002494e-05,0.0,2000,3003,kaiser_beta_5,60061,allowed_raw_timestamps
103_225_20_1000_0,103,0.3009307033333333,0.8009307033333333,raw_window_v1,2584,6884,2584,6884,4300,0.30126537,0.80085337,0.0,0.0,9009,4505,3000,local_endpoint_hold,local_line,0.0003346666666666498,2.1833277833227527e-05,2000,3003,kaiser_beta_5,60061,allowed_raw_timestamps
103_225_20_1000_1,103,0.2892970756666667,0.7892970756666666,raw_window_v1,2472,6799,2472,6799,4327,0.289357409,0.789254409,0.0,0.0,9009,4505,3000,local_endpoint_hold,local_line,6.033333333332891e-05,0.0,2000,3003,kaiser_beta_5,60061,allowed_raw_timestamps
103_270_20_500_0,103,0.30036861433333334,0.8003686143333333,raw_window_v1,2561,6864,2561,6864,4303,0.300426281,0.800341281,0.0,0.0,9009,4505,3000,local_endpoint_hold,local_line,5.766666666667808e-05,0.0,2000,3003,kaiser_beta_5,60061,allowed_raw_timestamps
103_270_20_500_1,103,1.361,1.861,raw_window_v1,11695,16070,11695,16070,4375,1.361001,1.860961,0.0,0.0,9009,4505,3000,local_endpoint_hold,local_line,9.999999999177334e-07,0.0,2000,3003,kaiser_beta_5,60061,allowed_raw_timestamps
103_270_20_1000_0,103,0.72,1.22,raw_window_v1,6179,10543,6179,10543,4364,0.720024,1.219921,0.0,0.0,9009,4505,3000,local_endpoint_hold,local_line,2.4000000000024002e-05,2.3499944499905112e-05,2000,3003,kaiser_beta_5,60061,allowed_raw_timestamps
103_270_20_1000_1,103,0.28068675800000004,0.7806867580000001,raw_window_v1,2338,6668,2338,6668,4330,0.280690758,0.780590758,0.0,0.0,9009,4505,3000,local_endpoint_hold,local_line,3.999999999948489e-06,4.049994450006089e-05,2000,3003,kaiser_beta_5,60061,allowed_raw_timestamps
103_315_20_500_0,103,1.7687510866666667,2.2687510866666667,raw_window_v1,15327,19681,15327,19681,4354,1.76882242,2.26866842,0.0,0.0,9009,4505,3000,local_endpoint_hold,local_line,7.133333333331215e-05,2.7166611166862253e-05,2000,3003,kaiser_beta_5,60061,allowed_raw_timestamps
103_315_20_500_1,103,0.29083333333333333,0.7908333333333333,raw_window_v1,2509,6819,2509,6819,4310,0.290927,0.79081,0.0,0.0,9009,4505,3000,local_endpoint_hold,local_line,9.366666666665857e-05,0.0,2000,3003,kaiser_beta_5,60061,allowed_raw_timestamps
103_315_20_1000_0,103,0.3006666666666667,0.8006666666666666,raw_window_v1,2570,6903,2570,6903,4333,0.300754,0.800613,0.0,0.0,9009,4505,3000,local_endpoint_hold,local_line,8.733333333332816e-05,0.0,2000,3003,kaiser_beta_5,60061,allowed_raw_timestamps
103_315_20_1000_1,103,1.1598333333333333,1.6598333333333333,raw_window_v1,10003,14334,10003,14334,4331,1.159929,1.659727,0.0,0.0,9009,4505,3000,local_endpoint_hold,local_line,9.566666666671608e-05,5.0833277833284285e-05,2000,3003,kaiser_beta_5,60061,allowed_raw_timestamps
103_0_40_500_0,103,0.34,0.8400000000000001,raw_window_v1,2821,7152,2821,7152,4331,0.34007,0.839979,0.0,0.0,9009,4505,3000,local_endpoint_hold,local_line,6.999999999995898e-05,0.0,2000,3003,kaiser_beta_5,60061,allowed_raw_timestamps
103_0_40_500_1,103,1.0103333333333333,1.5103333333333333,raw_window_v1,8552,12738,8552,12738,4186,1.010388,1.510292,0.0,0.0,9009,4505,3000,local_endpoint_hold,local_line,5.4666666666758346e-05,0.0,2000,3003,kaiser_beta_5,60061,allowed_raw_timestamps
103_0_40_1000_0,103,0.329583986,0.829583986,raw_window_v1,2811,7169,2811,7169,4358,0.329639986,0.829532986,0.0,0.0,9009,4505,3000,local_endpoint_hold,local_line,5.6000000000000494e-05,0.0,2000,3003,kaiser_beta_5,60061,allowed_raw_timestamps
103_0_40_1000_1,103,0.3305,0.8305,raw_window_v1,2821,7185,2821,7185,4364,0.330502,0.830397,0.0,0.0,9009,4505,3000,local_endpoint_hold,local_line,2.000000000002e-06,4.7499944499929114e-05,2000,3003,kaiser_beta_5,60061,allowed_raw_timestamps
103_45_40_500_0,103,0.291,0.7909999999999999,raw_window_v1,2493,6775,2493,6775,4282,0.291082,0.790977,0.0,0.0,9009,4505,3000,local_endpoint_hold,local_line,8.20000000000265e-05,0.0,2000,3003,kaiser_beta_5,60061,allowed_raw_timestamps
103_45_40_500_1,103,0.289129578,0.789129578,raw_window_v1,2497,6763,2497,6763,4266,0.289184578,0.789097578,0.0,0.0,9009,4505,3000,local_endpoint_hold,local_line,5.500000000002725e-05,0.0,2000,3003,kaiser_beta_5,60061,allowed_raw_timestamps
103_45_40_1000_0,103,0.31083333333333335,0.8108333333333333,raw_window_v1,2632,6971,2632,6971,4339,0.31087,0.810833,0.0,0.0,9009,4505,3000,local_endpoint_hold,local_line,3.666666666662932e-05,0.0,2000,3003,kaiser_beta_5,60061,allowed_raw_timestamps
103_45_40_1000_1,103,1.1206666666666667,1.6206666666666667,raw_window_v1,9644,13986,9644,13986,4342,1.120764,1.620665,0.0,0.0,9009,4505,3000,local_endpoint_hold,local_line,9.733333333339367e-05,0.0,2000,3003,kaiser_beta_5,60061,allowed_raw_timestamps
103_90_40_500_0,103,0.3093415663333334,0.8093415663333334,raw_window_v1,2606,6896,2606,6896,4290,0.309379233,0.809273233,0.0,0.0,9009,4505,3000,local_endpoint_hold,local_line,3.7666666666602566e-05,1.2833277833412815e-05,2000,3003,kaiser_beta_5,60061,allowed_raw_timestamps
103_90_40_500_1,103,0.3005,0.8005,raw_window_v1,2535,6871,2535,6871,4336,0.300529,0.800435,0.0,0.0,9009,4505,3000,local_endpoint_hold,local_line,2.9000000000001247e-05,9.499944499946622e-06,2000,3003,kaiser_beta_5,60061,allowed_raw_timestamps
103_90_40_1000_0,103,0.31067802766666663,0.8106780276666666,raw_window_v1,2607,6890,2607,6890,4283,0.310725361,0.810580361,0.0,0.0,9009,4505,3000,local_endpoint_hold,local_line,4.7333333333343663e-05,4.2166611166627455e-05,2000,3003,kaiser_beta_5,60061,allowed_raw_timestamps
103_90_40_1000_1,103,0.31033333333333335,0.8103333333333333,raw_window_v1,2642,6889,2642,6889,4247,0.310694,0.810245,0.0,0.0,9009,4505,3000,local_endpoint_hold,local_line,0.0003606666666666758,3.2833277833321795e-05,2000,3003,kaiser_beta_5,60061,allowed_raw_timestamps
103_135_40_500_0,103,0.32,0.8200000000000001,raw_window_v1,2757,7059,2757,7059,4302,0.320094,0.81994,0.0,0.0,9009,4505,3000,local_endpoint_hold,local_line,9.399999999998299e-05,4.499944500024888e-06,2000,3003,kaiser_beta_5,60061,allowed_raw_timestamps
103_135_40_500_1,103,0.31886609433333335,0.8188660943333333,raw_window_v1,2753,7062,2753,7062,4309,0.318958761,0.818761761,0.0,0.0,9009,4505,3000,local_endpoint_hold,local_line,9.266666666662982e-05,4.8833277833337796e-05,2000,3003,kaiser_beta_5,60061,allowed_raw_timestamps
103_135_40_1000_0,103,0.29008245,0.79008245,raw_window_v1,2426,6746,2426,6746,4320,0.29016545,0.78993945,0.0,0.0,9009,4505,3000,local_endpoint_hold,local_line,8.299999999999974e-05,8.749994449996912e-05,2000,3003,kaiser_beta_5,60061,allowed_raw_timestamps
103_135_40_1000_1,103,0.30983333333333335,0.8098333333333334,raw_window_v1,2656,6933,2656,6933,4277,0.309924,0.809753,0.0,0.0,9009,4505,3000,local_endpoint_hold,local_line,9.066666666662782e-05,2.4833277833424816e-05,2000,3003,kaiser_beta_5,60061,allowed_raw_timestamps
103_180_40_500_0,103,0.331,0.831,raw_window_v1,2828,7024,2828,7024,4196,0.331025,0.830909,0.0,0.0,9009,4505,3000,local_endpoint_hold,local_line,2.4999999999997247e-05,3.549994449991711e-05,2000,3003,kaiser_beta_5,60061,allowed_raw_timestamps
103_180_40_500_1,103,0.5897182806666666,1.0897182806666668,raw_window_v1,5039,9393,5039,9393,4354,0.589783614,1.089614614,0.0,0.0,9009,4505,3000,local_endpoint_hold,local_line,6.533333333336167e-05,4.816661116646692e-05,2000,3003,kaiser_beta_5,60061,allowed_raw_timestamps
103_180_40_1000_0,103,0.3409269656666667,0.8409269656666667,raw_window_v1,2895,7226,2895,7226,4331,0.341052299,0.840816299,0.0,0.0,9009,4505,3000,local_endpoint_hold,local_line,0.00012533333333331065,5.516661116666821e-05,2000,3003,kaiser_beta_5,60061,allowed_raw_timestamps
103_180_40_1000_1,103,0.32084045633333336,0.8208404563333334,raw_window_v1,2762,7023,2762,7023,4261,0.320939123,0.820734123,0.0,0.0,9009,4505,3000,local_endpoint_hold,local_line,9.866666666663582e-05,5.0833277833284285e-05,2000,3003,kaiser_beta_5,60061,allowed_raw_timestamps
103_225_40_500_0,103,0.3192882106666666,0.8192882106666666,raw_window_v1,2702,7048,2702,7048,4346,0.319319544,0.819282544,0.0,0.0,9009,4505,3000,local_endpoint_hold,local_line,3.133333333338317e-05,0.0,2000,3003,kaiser_beta_5,60061,allowed_raw_timestamps
103_225_40_500_1,103,1.0705,1.5705,raw_window_v1,9087,13429,9087,13429,4342,1.070511,1.570478,0.0,0.0,9009,4505,3000,local_endpoint_hold,local_line,1.0999999999983245e-05,0.0,2000,3003,kaiser_beta_5,60061,allowed_raw_timestamps
103_225_40_1000_0,103,0.3005,0.8005,raw_window_v1,2560,6864,2560,6864,4304,0.300551,0.800414,0.0,0.0,9009,4505,3000,local_endpoint_hold,local_line,5.100000000002325e-05,3.049994449999538e-05,2000,3003,kaiser_beta_5,60061,allowed_raw_timestamps
103_225_40_1000_1,103,0.30971150666666664,0.8097115066666667,raw_window_v1,2685,7042,2685,7042,4357,0.30975484,0.80967184,0.0,0.0,9009,4505,3000,local_endpoint_hold,local_line,4.333333333333966e-05,0.0,2000,3003,kaiser_beta_5,60061,allowed_raw_timestamps
103_270_40_500_0,103,0.27986103933333334,0.7798610393333334,raw_window_v1,2374,6619,2374,6619,4245,0.279943706,0.779797706,0.0,0.0,9009,4505,3000,local_endpoint_hold,local_line,8.266666666667533e-05,7.833277833380059e-06,2000,3003,kaiser_beta_5,60061,allowed_raw_timestamps
103_270_40_500_1,103,0.2992394556666667,0.7992394556666667,raw_window_v1,2535,6829,2535,6829,4294,0.299284789,0.799205789,0.0,0.0,9009,4505,3000,local_endpoint_hold,local_line,4.533333333328615e-05,0.0,2000,3003,kaiser_beta_5,60061,allowed_raw_timestamps
103_270_40_1000_0,103,0.3303333333333333,0.8303333333333334,raw_window_v1,2804,7112,2804,7112,4308,0.330401,0.830188,0.0,0.0,9009,4505,3000,local_endpoint_hold,local_line,6.766666666668808e-05,8.983327783329553e-05,2000,3003,kaiser_beta_5,60061,allowed_raw_timestamps
103_270_40_1000_1,103,0.3309343073333333,0.8309343073333333,raw_window_v1,2750,7062,2750,7062,4312,0.330945974,0.830836974,0.0,0.0,9009,4505,3000,local_endpoint_hold,local_line,1.1666666666687586e-05,4.183327783324753e-05,2000,3003,kaiser_beta_5,60061,allowed_raw_timestamps
103_315_40_500_0,103,0.28080195766666666,0.7808019576666667,raw_window_v1,2344,6591,2344,6591,4247,0.280916291,0.780719291,0.0,0.0,9009,4505,3000,local_endpoint_hold,local_line,0.0001143333333333274,2.716661116664021e-05,2000,3003,kaiser_beta_5,60061,allowed_raw_timestamps
103_315_40_500_1,103,0.31023559566666664,0.8102355956666667,raw_window_v1,2622,6921,2622,6921,4299,0.310257929,0.810139929,0.0,0.0,9009,4505,3000,local_endpoint_hold,local_line,2.2333333333346417e-05,4.0166611166680966e-05,2000,3003,kaiser_beta_5,60061,allowed_raw_timestamps
103_315_40_1000_0,103,0.2695,0.7695000000000001,raw_window_v1,2294,6519,2294,6519,4225,0.269503,0.769416,0.0,0.0,9009,4505,3000,local_endpoint_hold,local_line,2.9999999999752447e-06,2.849994450004889e-05,2000,3003,kaiser_beta_5,60061,allowed_raw_timestamps
103_315_40_1000_1,103,0.2986666666666667,0.7986666666666666,raw_window_v1,2535,6848,2535,6848,4313,0.298691,0.798594,0.0,0.0,9009,4505,3000,local_endpoint_hold,local_line,2.4333333333292906e-05,1.7166611166574697e-05,2000,3003,kaiser_beta_5,60061,allowed_raw_timestamps
103_0_60_500_0,103,0.36083333333333334,0.8608333333333333,raw_window_v1,3088,7381,3088,7381,4293,0.360883,0.860771,0.0,0.0,9009,4505,3000,local_endpoint_hold,local_line,4.966666666667008e-05,6.833277833351303e-06,2000,3003,kaiser_beta_5,60061,allowed_raw_timestamps
103_0_60_500_1,103,0.35066675966666666,0.8506667596666666,raw_window_v1,3002,7289,3002,7289,4287,0.350751093,0.850652093,0.0,0.0,9009,4505,3000,local_endpoint_hold,local_line,8.433333333335291e-05,0.0,2000,3003,kaiser_beta_5,60061,allowed_raw_timestamps
103_0_60_1000_0,103,0.34985867433333334,0.8498586743333334,raw_window_v1,2995,7330,2995,7330,4335,0.349889341,0.849786341,0.0,0.0,9009,4505,3000,local_endpoint_hold,local_line,3.066666666667883e-05,1.6833277833416815e-05,2000,3003,kaiser_beta_5,60061,allowed_raw_timestamps
103_0_60_1000_1,103,0.4003333333333333,0.9003333333333333,raw_window_v1,3468,7830,3468,7830,4362,0.400355,0.900313,0.0,0.0,9009,4505,3000,local_endpoint_hold,local_line,2.1666666666697587e-05,0.0,2000,3003,kaiser_beta_5,60061,allowed_raw_timestamps
103_45_60_500_0,103,0.6201666666666666,1.1201666666666665,raw_window_v1,5268,9612,5268,9612,4344,0.62027,1.120158,0.0,0.0,9009,4505,3000,local_endpoint_hold,local_line,0.00010333333333334416,0.0,2000,3003,kaiser_beta_5,60061,allowed_raw_timestamps
103_45_60_500_1,103,0.3507545706666667,0.8507545706666667,raw_window_v1,3019,7357,3019,7357,4338,0.350840904,0.850743904,0.0,0.0,9009,4505,3000,local_endpoint_hold,local_line,8.63333333332994e-05,0.0,2000,3003,kaiser_beta_5,60061,allowed_raw_timestamps
103_45_60_1000_0,103,0.309,0.8089999999999999,raw_window_v1,2636,6969,2636,6969,4333,0.309048,0.808948,0.0,0.0,9009,4505,3000,local_endpoint_hold,local_line,4.799999999999249e-05,0.0,2000,3003,kaiser_beta_5,60061,allowed_raw_timestamps
103_45_60_1000_1,103,0.3012081306666667,0.8012081306666667,raw_window_v1,2549,6920,2549,6920,4371,0.301233464,0.801122464,0.0,0.0,9009,4505,3000,local_endpoint_hold,local_line,2.533333333332166e-05,3.0166611166726476e-05,2000,3003,kaiser_beta_5,60061,allowed_raw_timestamps
103_90_60_500_0,103,0.30089180833333334,0.8008918083333334,raw_window_v1,2539,6875,2539,6875,4336,0.300973475,0.800858475,0.0,0.0,9009,4505,3000,local_endpoint_hold,local_line,8.166666666664657e-05,0.0,2000,3003,kaiser_beta_5,60061,allowed_raw_timestamps
103_90_60_500_1,103,0.29933333333333334,0.7993333333333333,raw_window_v1,2466,6818,2466,6818,4352,0.299356,0.799294,0.0,0.0,9009,4505,3000,local_endpoint_hold,local_line,2.266666666667083e-05,0.0,2000,3003,kaiser_beta_5,60061,allowed_raw_timestamps
103_90_60_1000_0,103,0.32033333333333336,0.8203333333333334,raw_window_v1,2760,7095,2760,7095,4335,0.320394,0.820296,0.0,0.0,9009,4505,3000,local_endpoint_hold,local_line,6.0666666666653324e-05,0.0,2000,3003,kaiser_beta_5,60061,allowed_raw_timestamps
103_90_60_1000_1,103,0.35033333333333333,0.8503333333333334,raw_window_v1,2996,7347,2996,7347,4351,0.350396,0.850288,0.0,0.0,9009,4505,3000,local_endpoint_hold,local_line,6.266666666665532e-05,0.0,2000,3003,kaiser_beta_5,60061,allowed_raw_timestamps
103_135_60_500_0,103,0.8498333333333333,1.3498333333333332,raw_window_v1,7241,11599,7241,11599,4358,0.849869,1.349824,0.0,0.0,9009,4505,3000,local_endpoint_hold,local_line,3.566666666665608e-05,0.0,2000,3003,kaiser_beta_5,60061,allowed_raw_timestamps
103_135_60_500_1,103,0.32975453466666665,0.8297545346666666,raw_window_v1,2821,7133,2821,7133,4312,0.329781868,0.829698868,0.0,0.0,9009,4505,3000,local_endpoint_hold,local_line,2.733333333332366e-05,1.6661116652993968e-07,2000,3003,kaiser_beta_5,60061,allowed_raw_timestamps
103_135_60_1000_0,103,0.350278663,0.850278663,raw_window_v1,2997,7329,2997,7329,4332,0.350297663,0.850194663,0.0,0.0,9009,4505,3000,local_endpoint_hold,local_line,1.8999999999991246e-05,2.8499944499937868e-05,2000,3003,kaiser_beta_5,60061,allowed_raw_timestamps
103_135_60_1000_1,103,0.339610419,0.839610419,raw_window_v1,2929,7275,2929,7275,4346,0.339717419,0.839346419,0.0,0.0,9009,4505,3000,local_endpoint_hold,local_line,0.00010700000000002374,0.00020849994450000686,2000,3003,kaiser_beta_5,60061,allowed_raw_timestamps
103_180_60_500_0,103,0.34967655166666667,0.8496765516666667,raw_window_v1,2957,7214,2957,7214,4257,0.349687885,0.849588885,0.0,0.0,9009,4505,3000,local_endpoint_hold,local_line,1.133333333330766e-05,3.2166611166672965e-05,2000,3003,kaiser_beta_5,60061,allowed_raw_timestamps
103_180_60_500_1,103,0.3498373633333333,0.8498373633333334,raw_window_v1,3014,7296,3014,7296,4282,0.34990903,0.84983403,0.0,0.0,9009,4505,3000,local_endpoint_hold,local_line,7.166666666669208e-05,0.0,2000,3003,kaiser_beta_5,60061,allowed_raw_timestamps
103_180_60_1000_0,103,0.3505,0.8505,raw_window_v1,2974,7340,2974,7340,4366,0.350574,0.850433,0.0,0.0,9009,4505,3000,local_endpoint_hold,local_line,7.40000000000185e-05,1.1499944500004133e-05,2000,3003,kaiser_beta_5,60061,allowed_raw_timestamps
103_180_60_1000_1,103,0.3412498606666667,0.8412498606666667,raw_window_v1,2945,7303,2945,7303,4358,0.341273194,0.841248194,0.0,0.0,9009,4505,3000,local_endpoint_hold,local_line,2.333333333331966e-05,0.0,2000,3003,kaiser_beta_5,60061,allowed_raw_timestamps
103_225_60_500_0,103,0.3293643493333333,0.8293643493333334,raw_window_v1,2804,7123,2804,7123,4319,0.329365016,0.829266016,0.0,0.0,9009,4505,3000,local_endpoint_hold,local_line,6.666666667043408e-07,4.2833277833276284e-05,2000,3003,kaiser_beta_5,60061,allowed_raw_timestamps
103_225_60_500_1,103,0.3290041093333333,0.8290041093333333,raw_window_v1,2829,7167,2829,7167,4338,0.329011776,0.828968776,0.0,0.0,9009,4505,3000,local_endpoint_hold,local_line,7.666666666683586e-06,0.0,2000,3003,kaiser_beta_5,60061,allowed_raw_timestamps
103_225_60_1000_0,103,0.29883999233333336,0.7988399923333334,raw_window_v1,2526,6846,2526,6846,4320,0.298883659,0.798799659,0.0,0.0,9009,4505,3000,local_endpoint_hold,local_line,4.366666666666408e-05,0.0,2000,3003,kaiser_beta_5,60061,allowed_raw_timestamps
103_225_60_1000_1,103,0.329,0.829,raw_window_v1,2856,7232,2856,7232,4376,0.329069,0.828939,0.0,0.0,9009,4505,3000,local_endpoint_hold,local_line,6.899999999998574e-05,5.499944499942622e-06,2000,3003,kaiser_beta_5,60061,allowed_raw_timestamps
103_270_60_500_0,103,0.32986316666666665,0.8298631666666667,raw_window_v1,2832,7194,2832,7194,4362,0.3298955,0.8297325,0.0,0.0,9009,4505,3000,local_endpoint_hold,local_line,3.233333333335642e-05,7.516661116668821e-05,2000,3003,kaiser_beta_5,60061,allowed_raw_timestamps
103_270_60_500_1,103,0.35092153833333334,0.8509215383333333,raw_window_v1,3000,7316,3000,7316,4316,0.350952205,0.850912205,0.0,0.0,9009,4505,3000,local_endpoint_hold,local_line,3.066666666667883e-05,0.0,2000,3003,kaiser_beta_5,60061,allowed_raw_timestamps
103_270_60_1000_0,103,0.331,0.831,raw_window_v1,2817,7184,2817,7184,4367,0.331052,0.830961,0.0,0.0,9009,4505,3000,local_endpoint_hold,local_line,5.1999999999996493e-05,0.0,2000,3003,kaiser_beta_5,60061,allowed_raw_timestamps
103_270_60_1000_1,103,0.37983333333333336,0.8798333333333334,raw_window_v1,3257,7630,3257,7630,4373,0.379844,0.879734,0.0,0.0,9009,4505,3000,local_endpoint_hold,local_line,1.066666666665883e-05,4.383327783330504e-05,2000,3003,kaiser_beta_5,60061,allowed_raw_timestamps
103_315_60_500_0,103,1.010096115,1.510096115,raw_window_v1,8740,13031,8740,13031,4291,1.010102115,1.509990115,0.0,0.0,9009,4505,3000,local_endpoint_hold,local_line,5.999999999950489e-06,5.0499944500126404e-05,2000,3003,kaiser_beta_5,60061,allowed_raw_timestamps
103_315_60_500_1,103,0.30983333333333335,0.8098333333333334,raw_window_v1,2572,6955,2572,6955,4383,0.309847,0.809763,0.0,0.0,9009,4505,3000,local_endpoint_hold,local_line,1.3666666666634075e-05,1.4833277833359304e-05,2000,3003,kaiser_beta_5,60061,allowed_raw_timestamps
103_315_60_1000_0,103,0.31016666666666665,0.8101666666666667,raw_window_v1,2611,6975,2611,6975,4364,0.310213,0.810164,0.0,0.0,9009,4505,3000,local_endpoint_hold,local_line,4.633333333337042e-05,0.0,2000,3003,kaiser_beta_5,60061,allowed_raw_timestamps
103_315_60_1000_1,103,0.33012517166666666,0.8301251716666667,raw_window_v1,2856,7159,2856,7159,4303,0.330225505,0.830032505,0.0,0.0,9009,4505,3000,local_endpoint_hold,local_line,0.0001003333333333134,3.71666111665947e-05,2000,3003,kaiser_beta_5,60061,allowed_raw_timestamps
