surface_id,speed_mm_s,direction_deg,nominal_force_N,repeat_log_mae,repeat_rms_symmetric_relative_difference,repeat_log_mae_X,repeat_log_mae_Y,repeat_log_mae_Z,range,known_query
0,20,0,0.5,0.26132590475970036,0.2542125335875608,0.2806187334001099,0.29354574782767134,0.20981323305131974,narrow,False
0,20,0,1.0,0.22202020872692926,0.18811004486373606,0.28430856081135225,0.18789936870335894,0.19385269666607668,narrow,True
0,20,45,0.5,0.16206821254698897,0.026692254005020594,0.15994324446111735,0.1503981378112151,0.17586325536863437,narrow,True
0,20,45,1.0,0.17849094212948824,0.014751415245388888,0.18270060022939033,0.14885574381848854,0.2039164823405858,narrow,True
0,20,90,0.5,0.1903284211555396,0.058641612507339805,0.16881022398828788,0.22093056990442467,0.18124446957390616,narrow,True
0,20,90,1.0,0.22899743434999875,0.06383082611263677,0.2774419791911232,0.1809846762752478,0.2285656475836253,narrow,True
0,20,135,0.5,0.14866435803894787,0.04782233553128919,0.11554414679482108,0.18256489375229934,0.14788403356972324,narrow,True
0,20,135,1.0,0.18111817230161623,0.06060865140445286,0.16814013061364994,0.18219956345082877,0.19301482284037003,narrow,True
0,20,180,0.5,0.262181475073481,0.33108829922841115,0.2263768936786259,0.3120709064984201,0.248096625043397,narrow,True
0,20,180,1.0,0.23546621092564632,0.22624685045400164,0.26114523136021595,0.20164607151352332,0.24360732990319967,narrow,True
0,20,225,0.5,0.15215720423763582,0.06814581804280517,0.134320905900916,0.14336256339086753,0.17878814342112387,narrow,True
0,20,225,1.0,0.252067313167941,0.03878987380888183,0.19542388369126285,0.27259309523572794,0.2881849605768323,narrow,True
0,20,270,0.5,0.15879710906619485,0.02097426886517806,0.16070311553873853,0.13925429565413588,0.17643391600571012,narrow,True
0,20,270,1.0,0.37836744924440735,0.33183280823851097,0.38529979707895745,0.2913006743309283,0.4585018763233362,narrow,True
0,20,315,0.5,0.20583536924211066,0.10263283344544855,0.186613801324866,0.2600288992632861,0.17086340713817993,narrow,True
0,20,315,1.0,0.1642126710161548,0.0028064784017276774,0.16606703088071287,0.1558489527151014,0.17072202945265014,narrow,True
0,40,0,0.5,0.17625636451410723,0.03902820501333958,0.17110141895123665,0.19740300011952444,0.16026467447156076,narrow,False
0,40,0,1.0,0.2594712450283319,0.16460204885170823,0.3268811329457747,0.20203447126911583,0.24949813087010514,narrow,False
0,40,45,0.5,0.14408206525013173,0.04126896151325492,0.15121304157055335,0.15086194147992202,0.13017121269991982,narrow,True
0,40,45,1.0,0.18421061446226095,0.019437877498242394,0.1623254894926467,0.19173507591425984,0.19857127797987628,narrow,True
0,40,90,0.5,0.11322246583776603,0.01952850001108461,0.1132024794828301,0.11561877696573425,0.11084614106473376,narrow,False
0,40,90,1.0,0.129723595796562,0.005967099861891836,0.10627846859010337,0.13941223146951914,0.14348008733006343,narrow,True
0,40,135,0.5,0.14171414317759068,0.03766001619828194,0.14446730563135612,0.16234625050736112,0.11832887339405483,narrow,True
0,40,135,1.0,0.16858660528141742,0.08101472513797821,0.18173402145466644,0.1462051841498424,0.17782061023974333,narrow,True
0,40,180,0.5,0.12475955496890179,0.0008282964511390812,0.13858007160200086,0.10648954245851547,0.12920905084618906,narrow,True
0,40,180,1.0,0.22508329367881863,0.03154985713486725,0.22178152505129445,0.2544521352352117,0.1990162207499498,narrow,True
0,40,225,0.5,0.17551148248055526,0.04319536657191697,0.18495226858620395,0.15013752369154143,0.19144465516392045,narrow,True
0,40,225,1.0,0.18281930726583995,0.10153494045432668,0.17764985514818835,0.17381051952454707,0.1969975471247844,narrow,True
0,40,270,0.5,0.15923800236467148,0.040151658342466305,0.16427747224118117,0.08957593678870056,0.2238605980641327,narrow,True
0,40,270,1.0,0.1523791577210271,0.015502277450098254,0.14256633594963244,0.16268296279995914,0.1518881744134897,narrow,True
0,40,315,0.5,0.16426846797109254,0.10525628901873273,0.18231196295514288,0.16661203263155241,0.14388140832658236,narrow,True
0,40,315,1.0,0.1741616368862847,0.03081505387371998,0.15648972096268587,0.165814116680738,0.20018107301543026,narrow,True
0,60,0,0.5,0.16317803787524784,0.0381296278909438,0.16001452233565897,0.17653394118105326,0.1529856501090313,narrow,True
0,60,0,1.0,0.18129936565250046,0.03553503733324421,0.25203915753304007,0.14686454300645127,0.14499439641800993,narrow,True
0,60,45,0.5,0.10138718376819238,0.0051421405474036475,0.08212584524213734,0.11485430587368925,0.1071814001887505,narrow,True
0,60,45,1.0,0.12844924463948462,0.015372024625920468,0.13283393115245912,0.13805132256891772,0.114462480197077,narrow,True
0,60,90,0.5,0.22355027130113622,0.1406158413659768,0.17642543078651113,0.20988601032645482,0.2843393727904427,narrow,True
0,60,90,1.0,0.1997303399252485,0.05400365335840858,0.18543060173975917,0.21760162977054848,0.19615878826543787,narrow,True
0,60,135,0.5,0.1358900284495693,0.026547228005159053,0.12392040835740786,0.15383642257858757,0.12991325441271245,narrow,True
0,60,135,1.0,0.1424110572704274,0.03965843211925269,0.12125222316049354,0.1446139223935323,0.16136702625725638,narrow,True
0,60,180,0.5,0.16264778638871755,0.06599162267362862,0.15486310285055627,0.18018181751839144,0.152898438797205,narrow,True
0,60,180,1.0,0.2568556828666409,0.0975020559941825,0.2490937891545542,0.2809757383185283,0.2404975211268403,narrow,True
0,60,225,0.5,0.14204123676826955,0.020637882546290107,0.17833311755918702,0.12769621321760216,0.12009437952801952,narrow,True
0,60,225,1.0,0.13747958568962457,0.02796711194009186,0.16831255966750505,0.1396896930965149,0.10443650430485378,narrow,True
0,60,270,0.5,0.1665922585900541,0.06800867100024346,0.13299319307302143,0.1835739538073145,0.18320962888982645,narrow,True
0,60,270,1.0,0.2682160342331806,0.16711356974909491,0.2536445175786516,0.2813390614637406,0.26966452365714955,narrow,True
0,60,315,0.5,0.11515458900114454,0.02906078325736444,0.11552759752718343,0.1003670838068644,0.12956908566938574,narrow,True
0,60,315,1.0,0.15276146749253205,0.03508354163256989,0.16429584415617132,0.1523402177279954,0.14164834059342946,narrow,True
38,20,0,0.5,0.24751009139660954,0.12269027151360702,0.24425041015266905,0.23508115285953046,0.2631987111776291,narrow,False
38,20,0,1.0,0.21143002026549604,0.025029423808305768,0.23877940414016663,0.18586025251949945,0.20965040413682198,narrow,True
38,20,45,0.5,0.15531321190686007,0.021538677792334156,0.13907074245160456,0.14747335411966583,0.17939553914930984,narrow,True
38,20,45,1.0,0.1572603353134894,0.01801900162198088,0.15225627105415387,0.16138902955667653,0.15813570532963778,narrow,True
38,20,90,0.5,0.1378149650295511,0.026523090396392297,0.13915234942225368,0.15946626372962575,0.11482628193677386,narrow,True
38,20,90,1.0,0.24670352906732954,0.11887856720493449,0.23506164766224955,0.2806091901707607,0.22443974936897843,narrow,True
38,20,135,0.5,0.22721847436145656,0.03276031935303072,0.2353494191693983,0.2188690730428643,0.2274369308721071,narrow,True
38,20,135,1.0,0.18074845146325558,0.006645366930820881,0.21327489807030292,0.17381223200476986,0.1551582243146939,narrow,True
38,20,180,0.5,0.16176376136481221,0.028967954994436242,0.13245674701901677,0.1670122225158116,0.18582231455960832,narrow,True
38,20,180,1.0,0.2277145506394048,0.17383328379817906,0.27419949135861393,0.18964453348845747,0.2192996270711428,narrow,True
38,20,225,0.5,0.17020822628955457,0.004155312133038928,0.126700887731142,0.17476563368812273,0.209158157449399,narrow,True
38,20,225,1.0,0.1519474644301664,0.007502906291459508,0.15640082862543675,0.1489813702371583,0.15046019442790415,narrow,True
38,20,270,0.5,0.34409809818925813,0.25189992415726026,0.27330065612494003,0.35978402380055485,0.39920961464227944,narrow,True
38,20,270,1.0,0.2823400752885022,0.22563028083199826,0.2612037022989136,0.22104272333868183,0.36477380022791106,narrow,True
38,20,315,0.5,0.1407758126853842,0.00909989191256259,0.1288006391561317,0.1223939149829845,0.17113288391703632,narrow,True
38,20,315,1.0,0.19744287585381626,0.024896322937609173,0.20484505323861435,0.1904863487455338,0.19699722557730062,narrow,True
38,40,0,0.5,0.18140723774693646,0.07505655087505912,0.18439802936735628,0.1768000908753986,0.1830235929980546,narrow,False
38,40,0,1.0,0.1330025263111521,0.032860002526145536,0.1158965855504383,0.17478805769345857,0.10832293568955942,narrow,False
38,40,45,0.5,0.16537508383558386,0.006699401950468906,0.18977154518342415,0.15064978271335394,0.15570392360997348,narrow,True
38,40,45,1.0,0.14774231464456397,0.0034078498429740488,0.15610199756912388,0.13584484830749813,0.15128009805706982,narrow,True
38,40,90,0.5,0.16169536612277483,0.010874295762253445,0.12164812718508339,0.19297917819626775,0.17045879298697333,narrow,False
38,40,90,1.0,0.11496872066330098,0.005244142422425381,0.11819938757384221,0.1129692633060641,0.11373751110999661,narrow,True
38,40,135,0.5,0.10163239362920773,0.0004666255210880904,0.09794440455458536,0.10374104369575829,0.10321173263727951,narrow,True
38,40,135,1.0,0.12363276015238671,0.04396105370895186,0.11335423731182198,0.1433483541785537,0.11419568896678448,narrow,True
38,40,180,0.5,0.1363449172584055,0.1504699222002078,0.13486587859891963,0.13700373919989783,0.13716513397639907,narrow,True
38,40,180,1.0,0.1681356567080925,0.13044163364618241,0.14874431329651105,0.1639743503124133,0.19168830651535312,narrow,True
38,40,225,0.5,0.13647600876084445,0.03440139628566775,0.12547732452038546,0.14958090463465815,0.13436979712748984,narrow,True
38,40,225,1.0,0.19051485672717874,0.02850640449433206,0.1800804521561249,0.16868004376620171,0.22278407425920968,narrow,True
38,40,270,0.5,0.29511927276586325,0.19808986112657043,0.22788292149457648,0.3009986959580214,0.35647620084499176,narrow,True
38,40,270,1.0,0.21606921981521002,0.05760734177220228,0.18648381006093495,0.195361208487429,0.26636264089726625,narrow,True
38,40,315,0.5,0.1857700393481113,0.03928733230687664,0.187680639321472,0.1747384735895694,0.1948910051332924,narrow,True
38,40,315,1.0,0.1830862848584958,0.13073027662163683,0.17450606521781153,0.19710551032187712,0.17764727903579872,narrow,True
38,60,0,0.5,0.17873038084758633,0.07323442796533092,0.2053419372668217,0.17829546404948782,0.1525537412264495,narrow,True
38,60,0,1.0,0.16903715177185222,0.1074393350241361,0.16143346064939812,0.1837160472310863,0.1619619474350723,narrow,True
38,60,45,0.5,0.10667251006816829,0.008627425673509695,0.0957346108361099,0.10056855369471433,0.1237143656736806,narrow,True
38,60,45,1.0,0.09684168212788068,0.014916845685293579,0.09631221644107837,0.085977256960863,0.10823557298170064,narrow,True
38,60,90,0.5,0.14729303408995711,0.01810854220041201,0.1463932960513078,0.14159288830756794,0.15389291791099557,narrow,True
38,60,90,1.0,0.19287014605874842,0.05379399871409547,0.17598532960953328,0.18643888360429536,0.21618622496241663,narrow,True
38,60,135,0.5,0.12187477380046623,0.019967515865754275,0.09736172926093181,0.13898579566855263,0.12927679647191426,narrow,True
38,60,135,1.0,0.15795925736125158,0.040043543979839266,0.1466364605196979,0.16473166382531446,0.16250964773874235,narrow,True
38,60,180,0.5,0.15056276390599974,0.011260233014534,0.16730090191850627,0.14428980818464013,0.1400975816148528,narrow,True
38,60,180,1.0,0.171490644815626,0.030791058430950907,0.1675200432975114,0.1829224132279369,0.16402947792142963,narrow,True
38,60,225,0.5,0.13367615634939198,0.02098698686596029,0.15629693960224522,0.13250203604430022,0.11222949340163041,narrow,True
38,60,225,1.0,0.13137886482711483,0.007661945443297409,0.1480472172939259,0.12251488011996271,0.12357449706745596,narrow,True
38,60,270,0.5,0.22447361464649118,0.026572920291637547,0.2352373311021978,0.27734534032459923,0.16083817251267654,narrow,True
38,60,270,1.0,0.19665600867197097,0.14904299186119846,0.22302653254404242,0.19202117657797557,0.17492031689389495,narrow,True
38,60,315,0.5,0.15694393879228405,0.07519508081927903,0.16623469980953892,0.14641628455013386,0.15818083201717925,narrow,True
38,60,315,1.0,0.19605094796477704,0.06994491955892715,0.22280963612845012,0.15552239846318322,0.20982080930269764,narrow,True
49,20,0,0.5,0.1730878392896562,0.06289838959929642,0.24168541696861914,0.13955969817955532,0.1380184027207942,narrow,False
49,20,0,1.0,0.17259411024111418,0.04199603576967259,0.1993500698318087,0.15671235814426732,0.16171990274726655,narrow,True
49,20,45,0.5,0.15022387276999233,0.0306081021520237,0.13427175841545833,0.1422351976704556,0.17416466222406302,narrow,True
49,20,45,1.0,0.12048948455572948,0.021939270417413097,0.11349233529453788,0.12886124409511207,0.1191148742775385,narrow,True
49,20,90,0.5,0.12430458595570594,0.03942268322551481,0.12810875680347844,0.11353381451444883,0.1312711865491906,narrow,True
49,20,90,1.0,0.20541996144037078,0.06054107623801221,0.2239019495383116,0.1894257747613421,0.20293216002145867,narrow,True
49,20,135,0.5,0.13555859586567695,0.014847450279354132,0.12706108868069543,0.1404371217363638,0.1391775771799716,narrow,True
49,20,135,1.0,0.16041655338907626,0.004524118675454259,0.14665745436548863,0.14569487232570216,0.18889733347603804,narrow,True
49,20,180,0.5,0.19020171503710673,0.12644940209470537,0.19864565209340224,0.19738270313527623,0.1745767898826417,narrow,True
49,20,180,1.0,0.1883875867002662,0.040275941477941606,0.1807839831677508,0.18841879732234973,0.195959979610698,narrow,True
49,20,225,0.5,0.13023009983865083,0.030504899557516906,0.12515593219151674,0.12365718893069211,0.14187717839374364,narrow,True
49,20,225,1.0,0.15722432630751082,0.013337570897104302,0.1595183995360068,0.16630475726101412,0.1458498221255115,narrow,True
49,20,270,0.5,0.10289367868074091,0.024213135113818774,0.10686259862487815,0.08567431788104773,0.11614411953629687,narrow,True
49,20,270,1.0,0.2940551006594814,0.07925056344316024,0.21824305816736148,0.31856084292904363,0.34536140088203915,narrow,True
49,20,315,0.5,0.13053681328202704,0.03560679538793804,0.12460639993700609,0.13400751532128088,0.13299652458779415,narrow,True
49,20,315,1.0,0.13519333010447473,0.0017977680002038675,0.1215058127179072,0.1236327221424116,0.16044145545310542,narrow,True
49,40,0,0.5,0.15810105826779283,0.05355766648727926,0.15563192132660075,0.15859066203558586,0.16008059144119186,narrow,False
49,40,0,1.0,0.24464615472172788,0.023528834476495265,0.19839734018022825,0.2654272058919839,0.27011391809297136,narrow,False
49,40,45,0.5,0.1446573642028637,0.02890865965383631,0.09431672174558217,0.1879615353205666,0.15169383554244234,narrow,True
49,40,45,1.0,0.14243771581797735,0.040689296896308,0.12717810464435408,0.15244079344072764,0.14769424936885028,narrow,True
49,40,90,0.5,0.13023092537846323,0.019109896334431463,0.12621309170584555,0.1552719528162599,0.1092077316132842,narrow,False
49,40,90,1.0,0.12136758257786058,0.029074265064558888,0.11419953243247895,0.1240170186098884,0.1258861966912144,narrow,True
49,40,135,0.5,0.1261199873072885,0.03753310468865697,0.12102043574572223,0.11849054987857865,0.13884897629756462,narrow,True
49,40,135,1.0,0.11699225061814077,0.0426628762794882,0.1182842834879112,0.1277544912167362,0.1049379771497749,narrow,True
49,40,180,0.5,0.17496572187416548,0.014729806440972427,0.14842455515484868,0.16698313303044846,0.20948947743719926,narrow,True
49,40,180,1.0,0.2120433868085565,0.014816389791728616,0.21578185539222872,0.18855787531418908,0.23179042971925168,narrow,True
49,40,225,0.5,0.2125557388512583,0.16014606688756605,0.182614230146446,0.1984294852182587,0.2566235011890702,narrow,True
49,40,225,1.0,0.22167221769669532,0.14195308671710247,0.19449844524283777,0.24817977821758064,0.22233842962966754,narrow,True
49,40,270,0.5,0.0919862744839316,0.007773806540312337,0.08994624624192497,0.08900524101654236,0.09700733619332746,narrow,True
49,40,270,1.0,0.2058259448627182,0.033840215368800886,0.2226048362646755,0.16372809157074017,0.23114490675273902,narrow,True
49,40,315,0.5,0.17432233105719477,0.008927498457965118,0.16365193207060952,0.17219152544599717,0.1871235356549776,narrow,True
49,40,315,1.0,0.12610067170666284,0.04694204703039311,0.10926468330676206,0.12299262340997397,0.14604470840325245,narrow,True
49,60,0,0.5,0.1668255136119402,0.0025327113736109065,0.1708167417785812,0.15672871104078684,0.17293108801645257,narrow,True
49,60,0,1.0,0.15428868709448854,0.08346847438610534,0.11884865878904066,0.17076633435215016,0.1732510681422748,narrow,True
49,60,45,0.5,0.115850381171688,0.005269178464008006,0.13763757457401102,0.08543777192096688,0.12447579702008613,narrow,True
49,60,45,1.0,0.20539891301186175,0.060123339271954804,0.21903337677268894,0.2063099664141409,0.19085339584875544,narrow,True
49,60,90,0.5,0.2254812598199727,0.19016478490772015,0.2316068563099504,0.22505625402908963,0.219780669120878,narrow,True
49,60,90,1.0,0.13385713413687916,0.030735254124529775,0.12828676004932676,0.14905519369166537,0.12422944866964539,narrow,True
49,60,135,0.5,0.10130274493046447,0.024074453197647994,0.08334199204920056,0.1222174193755405,0.09834882336665235,narrow,True
49,60,135,1.0,0.10725505178406865,0.0004442510460391562,0.09943600505816771,0.10305653488515906,0.11927261540887918,narrow,True
49,60,180,0.5,0.155362867899529,0.02221136952479274,0.19273582303035017,0.14652055229999483,0.12683222836824193,narrow,True
49,60,180,1.0,0.17384176908615856,0.02000792184602941,0.2008096164752775,0.1826355345559113,0.1380801562272868,narrow,True
49,60,225,0.5,0.13936590358960613,0.00936771087973046,0.15042245088640124,0.15763143685904435,0.11004382302337286,narrow,True
49,60,225,1.0,0.14644458244059866,0.010135016246595602,0.14694870250383665,0.14259332829714252,0.14979171652081677,narrow,True
49,60,270,0.5,0.19523345805171066,0.0697737630113698,0.15903100547334242,0.20735771944467607,0.21931164923711344,narrow,True
49,60,270,1.0,0.23934598875705512,0.1722343463474013,0.19943066262778092,0.2335635034793056,0.2850438001640789,narrow,True
49,60,315,0.5,0.1252257853536531,0.01966729438924539,0.1426831837384529,0.12003056094815942,0.11296361137434698,narrow,True
49,60,315,1.0,0.12463124616081588,0.005767271445739748,0.1441608481851568,0.1278650271172454,0.10186786318004545,narrow,True
65,20,0,0.5,0.17280369787631952,0.051684658526921244,0.19830750420274787,0.16615577526445335,0.1539478141617573,narrow,False
65,20,0,1.0,0.8296145708594395,1.013459492538276,0.3976917695033408,1.203570097276359,0.8875818457986183,narrow,True
65,20,45,0.5,0.16253769164287482,0.018297285015379375,0.18267709717083427,0.14331105553300305,0.1616249222247871,narrow,True
65,20,45,1.0,0.1772279947335487,0.05642795417618978,0.19222468106561963,0.1506932516091604,0.18876605152586612,narrow,True
65,20,90,0.5,0.1608764992037309,0.012030121743518857,0.1693518799137891,0.18909951913690437,0.12417809856049919,narrow,True
65,20,90,1.0,0.2569914284726547,0.40480508045877855,0.29059828096525986,0.25165492257216704,0.22872108188053725,narrow,True
65,20,135,0.5,0.14145670602984847,0.003595464422698935,0.105708042874712,0.16892908479952923,0.14973299041530413,narrow,True
65,20,135,1.0,0.18466219912813756,0.04478594650658613,0.17294529493972705,0.21426325144724712,0.16677805099743856,narrow,True
65,20,180,0.5,0.18055573148321966,0.04134924769540555,0.19491244912977987,0.16788998104240194,0.1788647642774771,narrow,True
65,20,180,1.0,0.19065405739857597,0.12487355409489208,0.20523054209541752,0.18239988966317294,0.18433174043713746,narrow,True
65,20,225,0.5,0.11971322713872341,0.015998137285954308,0.1079775811731038,0.09966541609397327,0.15149668414909317,narrow,True
65,20,225,1.0,0.15783018612522268,0.08198001370832199,0.18536370703025076,0.16009165733284617,0.1280351940125711,narrow,True
65,20,270,0.5,0.11816057859500333,0.01682881644979237,0.10879498347937988,0.1259457149163944,0.11974103738923571,narrow,True
65,20,270,1.0,0.15239503163955928,0.02737851172524152,0.14187495430018482,0.14502662515223028,0.1702835154662628,narrow,True
65,20,315,0.5,0.12435193968016289,0.023926255570359493,0.09762246132447171,0.14393197827505294,0.131501379440964,narrow,True
65,20,315,1.0,0.11118700161536665,0.018758598232904516,0.10761590077615985,0.10728513312433686,0.11865997094560328,narrow,True
65,40,0,0.5,0.15064180639087668,0.02425853763627417,0.13492559967916998,0.17243243226353883,0.14456738722992124,narrow,False
65,40,0,1.0,0.5210632583540291,0.5695240313386757,0.29582518702113314,0.7287550953791666,0.5386094926617873,narrow,False
65,40,45,0.5,0.1382946236942151,0.0027486558598440597,0.14484910992532413,0.13709844174109706,0.13293631941622414,narrow,True
65,40,45,1.0,0.1471680744906028,0.020738970866579675,0.14709751270454047,0.14193618352280787,0.15247052724446003,narrow,True
65,40,90,0.5,0.09753276631841741,0.02697760536322282,0.09583774592605573,0.07654074448805148,0.12021980854114506,narrow,False
65,40,90,1.0,0.10049271666283781,0.0252723019521685,0.11816965968346929,0.09955530814109867,0.0837531821639454,narrow,True
65,40,135,0.5,0.10169348242854769,0.004495048825996845,0.08481747081207053,0.09973549911942543,0.1205274773541471,narrow,True
65,40,135,1.0,0.12382890882383835,0.005412385579727152,0.09372197361792443,0.14179854395267955,0.1359662089009111,narrow,True
65,40,180,0.5,0.2046266402325532,0.16715988753413974,0.16770188612189554,0.19127331215869686,0.2549047224170673,narrow,True
65,40,180,1.0,0.16552785662370792,0.017509961053334272,0.15902464753361156,0.16300596688880803,0.1745529554487042,narrow,True
65,40,225,0.5,0.246258522242322,0.12299955624084515,0.18985363382416742,0.24918147902859414,0.2997404538742045,narrow,True
65,40,225,1.0,0.11636298103451266,0.042805691883863184,0.1176900600003983,0.10422098197075069,0.127177901132389,narrow,True
65,40,270,0.5,0.31672463454425515,0.13354852647605783,0.23575153090046483,0.32688800065292994,0.38753437207937075,narrow,True
65,40,270,1.0,0.26999519869530075,0.18736531531977801,0.22064250829881188,0.25097577491005235,0.3383673128770379,narrow,True
65,40,315,0.5,0.1579156258474189,0.05412679660852758,0.15301680026767409,0.1303584307369365,0.190371646537646,narrow,True
65,40,315,1.0,0.13020250546072262,0.013067869616584007,0.0955730315351321,0.15223735539885003,0.14279712944818576,narrow,True
65,60,0,0.5,0.17221508176013148,0.004646900319545704,0.17953402608668131,0.16018288490531252,0.1769283342884006,narrow,True
65,60,0,1.0,0.1839753899205622,0.0897714229131493,0.15835718855009803,0.20801407897637056,0.18555490223521814,narrow,True
65,60,45,0.5,0.09181592591750341,0.01823113354799126,0.07723136916956569,0.09928065386079762,0.09893575472214691,narrow,True
65,60,45,1.0,0.1452766508663945,0.0220190557767563,0.13667245696728603,0.15639649518290072,0.14276100044899664,narrow,True
65,60,90,0.5,0.16464096620843835,0.004924651794975239,0.13975639807679394,0.21711811647992493,0.13704838406859624,narrow,True
65,60,90,1.0,0.19964911070559696,0.11454036912361089,0.23980198718232537,0.1802276517778661,0.1789176931565994,narrow,True
65,60,135,0.5,0.08246783516861755,0.004017776395896983,0.07884040591155797,0.09421890446577398,0.07434419512852068,narrow,True
65,60,135,1.0,0.09194568736117043,0.016968764865608343,0.08106167644013454,0.1079301921403948,0.08684519350298195,narrow,True
65,60,180,0.5,0.13524955884085632,0.03497426466297304,0.14673810701903955,0.1256684459131589,0.1333421235903705,narrow,True
65,60,180,1.0,0.16176484091077206,0.094229669656782,0.15602661959109176,0.1559564134366337,0.17331148970459076,narrow,True
65,60,225,0.5,0.16961992568236037,0.02562148018298194,0.15658801368413394,0.17518229612548933,0.17708946723745783,narrow,True
65,60,225,1.0,0.1663832844647889,0.028798232348420306,0.16225355797250468,0.18560934898895634,0.1512869464329057,narrow,True
65,60,270,0.5,0.16073311921885514,0.03365712187530736,0.12891653851273166,0.2111900534568036,0.14209276568703022,narrow,True
65,60,270,1.0,0.14949854277709618,0.050109336179417104,0.11353367724810001,0.17143164638537808,0.1635303046978104,narrow,True
65,60,315,0.5,0.1130806560811109,0.046224083029797414,0.13068378133448105,0.11040236043382015,0.0981558264750315,narrow,True
65,60,315,1.0,0.17003574271624577,0.007762070796955007,0.16387795823023193,0.15346558209937414,0.19276368781913117,narrow,True
74,20,0,0.5,0.1841182685119188,0.054029804503937566,0.20713457261549273,0.12013827333974612,0.22508195958051752,narrow,False
74,20,0,1.0,0.2033893143447383,0.16222884292476272,0.22385311820942208,0.1965814443501081,0.18973338047468474,narrow,True
74,20,45,0.5,0.19812562448233859,0.06066924627298587,0.20801126575416884,0.17955066191896724,0.2068149457738796,narrow,True
74,20,45,1.0,0.1692684652387498,0.05797524122841095,0.17410410848358276,0.14416822609002927,0.18953306114263735,narrow,True
74,20,90,0.5,0.1444118445000431,0.028568155643397087,0.14547579068733557,0.1657838443319254,0.12197589848086836,narrow,True
74,20,90,1.0,0.19574980235839293,0.07361126839089319,0.1970109731327304,0.17882214103351235,0.21141629290893604,narrow,True
74,20,135,0.5,0.1637023255198703,0.0014146154106521418,0.13462540275803508,0.18096892042938273,0.17551265337219304,narrow,True
74,20,135,1.0,0.1541839600447824,0.036692582887880895,0.1350988907450688,0.17709198532628637,0.150361004062992,narrow,True
74,20,180,0.5,0.21549876778483312,0.1466787089171057,0.20255691044240626,0.19634963262772348,0.24758976028436963,narrow,True
74,20,180,1.0,0.22723799383313745,0.0641647233591603,0.21554245887975734,0.209518371347715,0.25665315127194,narrow,True
74,20,225,0.5,0.22372226201437898,0.04466714458882842,0.2055682997475107,0.19165942104635053,0.2739390652492756,narrow,True
74,20,225,1.0,0.2496666086478996,0.07952829298965564,0.252980894854909,0.23721663424992862,0.25880229683886125,narrow,True
74,20,270,0.5,0.3070163279677984,0.12156696979810847,0.2266617591401311,0.33567273715485774,0.3587144876084062,narrow,True
74,20,270,1.0,0.18904349283905195,0.008303536754648832,0.19200204734226195,0.181325154479916,0.19380327669497788,narrow,True
74,20,315,0.5,0.15793296592653458,0.03615103871583877,0.21689414780108826,0.11107830819848727,0.14582644178002815,narrow,True
74,20,315,1.0,0.1488114164154248,0.033029491586268826,0.1577244005718452,0.12859728928233616,0.160112559392093,narrow,True
74,40,0,0.5,0.1484982589182652,0.059121193845268545,0.15859378193027598,0.14788201860607475,0.1390189762184449,narrow,False
74,40,0,1.0,0.1965086272799151,0.018004306763530757,0.21057657947053413,0.20291118347390763,0.17603811889530357,narrow,False
74,40,45,0.5,0.1252217059486753,0.002995370285397601,0.12314600677202307,0.12195544906765693,0.13056366200634595,narrow,True
74,40,45,1.0,0.12822119413533403,0.012451603828090145,0.12161287012532236,0.1264909767321678,0.13655973554851195,narrow,True
74,40,90,0.5,0.09669298397857103,0.009153150528386889,0.10990900670062356,0.07995794235959473,0.10021200287549481,narrow,False
74,40,90,1.0,0.12167650249579226,0.03832247779871988,0.11803471490333894,0.15130130052632584,0.09569349205771199,narrow,True
74,40,135,0.5,0.1125217643598448,0.007639179409904009,0.10763231365008633,0.11332198574616373,0.11661099368328434,narrow,True
74,40,135,1.0,0.12505618748837946,0.02338461704721205,0.13716255505854977,0.11718596357200448,0.12082004383458421,narrow,True
74,40,180,0.5,0.22429646979443119,0.4201307479073986,0.17724021465686196,0.2574455122626996,0.23820368246373197,narrow,True
74,40,180,1.0,0.15741108380068855,0.06587049326842553,0.14845644972724412,0.152390061837105,0.17138673983771646,narrow,True
74,40,225,0.5,0.14223321820000048,0.0557629964195668,0.12959705725949971,0.1302039794832019,0.16689861785729987,narrow,True
74,40,225,1.0,0.1288580253768746,0.015634233824569764,0.10348411192199136,0.11736199637534452,0.16572796783328791,narrow,True
74,40,270,0.5,0.11469335802494797,0.038672012015815674,0.11234716057589492,0.10018945965306439,0.1315434538458846,narrow,True
74,40,270,1.0,0.14889836176063018,0.03928841645838467,0.15703768110624833,0.15583934146485867,0.13381806271078356,narrow,True
74,40,315,0.5,0.1098288385318164,0.02251938157034848,0.10721869129107059,0.12274396209531642,0.09952386220906219,narrow,True
74,40,315,1.0,0.15471843215914283,0.07212062580261196,0.13302767587136027,0.1542363149428677,0.17689130566320044,narrow,True
74,60,0,0.5,0.14223918331863883,0.09389851348313512,0.16271241330236658,0.1432839761468669,0.12072116050668297,narrow,True
74,60,0,1.0,0.16483248808818887,0.03652524397416902,0.1635933217176917,0.1821406913145871,0.14876345123228785,narrow,True
74,60,45,0.5,0.15405447140372416,0.036780630110873916,0.16310945564760587,0.1361524397049921,0.16290151885857454,narrow,True
74,60,45,1.0,0.1486678971930498,0.03083728238626033,0.1580179915524953,0.1435530854913124,0.14443261453534167,narrow,True
74,60,90,0.5,0.2064669759086136,0.11674941604100117,0.21811626600266068,0.20034903491307415,0.20093562681010596,narrow,True
74,60,90,1.0,0.14518866896459182,0.08588729143315192,0.16827650355889762,0.1267449271537533,0.1405445761811246,narrow,True
74,60,135,0.5,0.2513224923633904,0.01820006684517317,0.20233130101092497,0.278507241515189,0.2731289345640571,narrow,True
74,60,135,1.0,0.09439205314437858,0.011326382840331236,0.09053775426444784,0.1119317137381842,0.0807066914305037,narrow,True
74,60,180,0.5,0.1784031749029034,0.03428622079909903,0.18802014596238337,0.19212209605624692,0.15506728269007997,narrow,True
74,60,180,1.0,0.16962121872299138,0.0002257112599600999,0.14600585952782213,0.15525972028330137,0.20759807635785055,narrow,True
74,60,225,0.5,0.15559767722954332,0.057626202980552786,0.16841615520396683,0.08608384466604582,0.21229303181861725,narrow,True
74,60,225,1.0,0.12451243128537592,0.02836225349917479,0.116518728138822,0.12520495117471653,0.13181361454258927,narrow,True
74,60,270,0.5,0.180690435744106,0.0566335673140614,0.16746940726972714,0.1647940434160601,0.20980785654653084,narrow,True
74,60,270,1.0,0.13308585264642311,0.03185342618117324,0.13614897780701343,0.11045575334983418,0.15265282678242165,narrow,True
74,60,315,0.5,0.08551017166835785,0.00017880423542083812,0.09304057193291809,0.07181808432774264,0.0916718587444128,narrow,True
74,60,315,1.0,0.12506925760844625,0.002225372534048107,0.12276574787457324,0.12070867824527995,0.1317333467054856,narrow,True
79,20,0,0.5,0.1949117321756267,0.15840307760311495,0.21142040675648788,0.1939705249049886,0.17934426486540372,narrow,False
79,20,0,1.0,0.23992977963396397,0.09130753209390069,0.342996897432677,0.1819704667531214,0.19482197471609353,narrow,True
79,20,45,0.5,0.1659767996940866,0.03237594511843678,0.1859375462448504,0.18425694338489418,0.1277359094525152,narrow,True
79,20,45,1.0,0.18977419302433418,0.008962084506179422,0.18132796170469695,0.20939671429077544,0.1785979030775302,narrow,True
79,20,90,0.5,0.21271117776411366,0.07593564987085791,0.24574776082580607,0.20333486143606433,0.18905091103047073,narrow,True
79,20,90,1.0,0.2496500200769005,0.05231442916872597,0.28564046070340465,0.21442848626457048,0.24888111326272638,narrow,True
79,20,135,0.5,0.17983361067508832,0.036849495913017595,0.14268052084658356,0.21166049723540103,0.18515981394328035,narrow,True
79,20,135,1.0,0.15504526669591331,0.014144309690795331,0.16584055574027579,0.13790344026813167,0.16139180407933246,narrow,True
79,20,180,0.5,0.19816758145993915,0.061318828479811426,0.19768693493196401,0.19137935663102376,0.20543645281682965,narrow,True
79,20,180,1.0,0.21532008681423073,0.16291014475006066,0.298139794768881,0.18211367383999605,0.1657067918338151,narrow,True
79,20,225,0.5,0.14678798480436062,0.01165859593147805,0.1847947348897232,0.1281508613187852,0.1274183582045735,narrow,True
79,20,225,1.0,0.16338798024717963,0.013829377764158697,0.15175424891361566,0.13598092834983116,0.20242876347809213,narrow,True
79,20,270,0.5,0.15807316904640542,0.015453530509462033,0.15638306197957758,0.15951621531895904,0.15832022984067962,narrow,True
79,20,270,1.0,0.2405286556775075,0.13541612444991086,0.23486252969623977,0.19146351825760888,0.2952599190786739,narrow,True
79,20,315,0.5,0.15746576777748833,0.013893750870022367,0.1436778794859375,0.21185599815002792,0.1168634256964996,narrow,True
79,20,315,1.0,0.19331811461375972,0.08634617638528708,0.20981391348795794,0.1404284194502366,0.22971201090308463,narrow,True
79,40,0,0.5,0.15640913519516958,0.005624885023349919,0.1576244632383203,0.14833967896663913,0.16326326338054925,narrow,False
79,40,0,1.0,0.17474191584251955,0.12581061058992,0.2121668485203314,0.14907305427138864,0.16298584473583866,narrow,False
79,40,45,0.5,0.173944689507349,0.04570910688935831,0.1662100686152989,0.1765535700160007,0.1790704298907474,narrow,True
79,40,45,1.0,0.16992085578208638,0.048271091025779075,0.1600840032720073,0.19173910958844725,0.15793945448580446,narrow,True
79,40,90,0.5,0.11319857979028956,0.016591645504829854,0.11171574742409401,0.10334610304853964,0.12453388889823504,narrow,False
79,40,90,1.0,0.14247373751307393,0.011907677240350143,0.13274201873764715,0.12877503054124,0.1659041632603347,narrow,True
79,40,135,0.5,0.1816018413335423,0.030004976606414997,0.1969106852341279,0.17561042449486836,0.17228441427163052,narrow,True
79,40,135,1.0,0.15279505764926404,0.04645372217528428,0.13905035749922295,0.17356705761220592,0.14576775783636323,narrow,True
79,40,180,0.5,0.14944315063212976,0.01560351113270149,0.1747297557664181,0.14447524684539031,0.12912444928458092,narrow,True
79,40,180,1.0,0.17127279948398355,0.041135771160702286,0.24279754486504257,0.12940321312769346,0.1416176404592146,narrow,True
79,40,225,0.5,0.17273233395252519,0.08943672886498924,0.16384095659290177,0.17980844716395047,0.1745475981007233,narrow,True
79,40,225,1.0,0.16425833221860783,0.0005407978753480635,0.1494118984820474,0.17806535877487153,0.16529773939890458,narrow,True
79,40,270,0.5,0.22185815109992846,0.14743723834438474,0.17185707431113745,0.24567572365074297,0.248041655337905,narrow,True
79,40,270,1.0,0.14187474770781106,0.030165207004443244,0.17772961022376174,0.1172285858289504,0.130666047070721,narrow,True
79,40,315,0.5,0.14848518977663103,0.003424411746021233,0.14485459080138968,0.14805486663337297,0.15254611189513048,narrow,True
79,40,315,1.0,0.1860384288501551,0.09943462838154907,0.1883381043714338,0.18355819648967062,0.1862189856893609,narrow,True
79,60,0,0.5,0.17082159014477663,0.001736367031901643,0.1547291739996677,0.19968607901695667,0.15804951741770557,narrow,True
79,60,0,1.0,0.17064110827514015,0.10020656227356456,0.17215639291343782,0.19298265842517318,0.14678427348680953,narrow,True
79,60,45,0.5,0.1517883974969035,0.02947647986769775,0.13702282677258876,0.17814626931260774,0.14019609640551406,narrow,True
79,60,45,1.0,0.19025663450948568,0.057466172817890446,0.12703497036672376,0.2539790156617481,0.1897559174999851,narrow,True
79,60,90,0.5,0.16347813756138138,0.032103662499646,0.17384417356152687,0.1414411907295428,0.17514904839307446,narrow,True
79,60,90,1.0,0.1155378051004504,0.006103331811073088,0.12137371145680165,0.10523826462331251,0.12000143922123704,narrow,True
79,60,135,0.5,0.1383713605570783,0.03114364216155973,0.13422433397114025,0.1486690646569123,0.13222068304318232,narrow,True
79,60,135,1.0,0.13460650535192323,0.05364234445956546,0.11862864717131898,0.14984440269782295,0.13534646618662768,narrow,True
79,60,180,0.5,0.16962006037934144,0.07654797066160213,0.16761434537883477,0.1625092655298109,0.17873657022937867,narrow,True
79,60,180,1.0,0.16257779325388286,0.11458070189158868,0.15011612762078358,0.15900231203982385,0.17861494010104112,narrow,True
79,60,225,0.5,0.1920169234770048,0.1449990831803444,0.19829178874213976,0.17029633029765182,0.20746265139122277,narrow,True
79,60,225,1.0,0.2629889523312065,0.30817809970209675,0.26075416127044826,0.2786292469673414,0.2495834487558299,narrow,True
79,60,270,0.5,0.22942445868679137,0.12894398907369287,0.18324286935047046,0.2571016519461834,0.24792885476372026,narrow,True
79,60,270,1.0,0.1605878024821121,0.014002437787864364,0.1528923861730106,0.16771007371327862,0.16116094756004706,narrow,True
79,60,315,0.5,0.13281018415391796,0.030903779635249498,0.15509487824200477,0.12797964858048255,0.11535602563926647,narrow,True
79,60,315,1.0,0.23360667524030795,0.0795928952978788,0.2558978687729693,0.20216150353144402,0.24276065341651054,narrow,True
82,20,0,0.5,0.168437209459164,0.07406924618288488,0.18441118482605137,0.16858053024472888,0.15231991330671174,narrow,False
82,20,0,1.0,0.3051969106875088,0.3525076248074628,0.22451160877455756,0.3573484557845652,0.33373066750340363,narrow,True
82,20,45,0.5,0.15869399074582882,0.03553679786956342,0.15858273864553674,0.16464148876829138,0.15285774482365838,narrow,True
82,20,45,1.0,0.22232341688336774,0.05707067026160984,0.24302512247348898,0.19533207189423427,0.22861305628237982,narrow,True
82,20,90,0.5,0.15121985211313801,0.054546944346873155,0.1631991475701699,0.15390970839311227,0.13655070037613187,narrow,True
82,20,90,1.0,0.15044976833810392,0.0017657294857855658,0.15059633075714932,0.14334503901058848,0.15740793524657393,narrow,True
82,20,135,0.5,0.15951242016961398,0.02844744556664457,0.14184408905209597,0.15302421446371267,0.18366895699303332,narrow,True
82,20,135,1.0,0.1772726411167533,0.05792835319145632,0.17644382633045896,0.20209602144054759,0.15327807557925333,narrow,True
82,20,180,0.5,0.17976334825518894,0.01836714060864954,0.15771285159448456,0.13723252725861693,0.24434466591246534,narrow,True
82,20,180,1.0,0.16494219033894653,0.0539288002616849,0.1705327064406496,0.16940492423475476,0.15488894034143522,narrow,True
82,20,225,0.5,0.14557199402085985,0.0070313114140201005,0.15601939850171995,0.12212092757065,0.15857565599020965,narrow,True
82,20,225,1.0,0.22856847854388354,0.0201413337277802,0.2535547992077338,0.15443501832537093,0.2777156180985459,narrow,True
82,20,270,0.5,0.28904037816284467,0.18871311546094938,0.24082245707724764,0.2899327553377785,0.3363659220735078,narrow,True
82,20,270,1.0,0.3120244742070107,0.16973532393985052,0.22069365261143362,0.3450464921019867,0.3703332779076117,narrow,True
82,20,315,0.5,0.1630974925649143,0.07508296972249683,0.17795469171080786,0.13456175926469538,0.1767760267192396,narrow,True
82,20,315,1.0,0.18083052927795654,0.06980512909268215,0.15842676123515076,0.19914433586538433,0.18492049073333458,narrow,True
82,40,0,0.5,0.14694964933863924,0.0350479628203244,0.16031856159574165,0.15698837175248598,0.12354201466769009,narrow,False
82,40,0,1.0,0.17283957792530416,0.07404292038858955,0.20073897870915097,0.16579598429466222,0.15198377077209937,narrow,False
82,40,45,0.5,0.15216402126052705,0.026457093091750233,0.17832279546199334,0.14483070097207743,0.13333856734751043,narrow,True
82,40,45,1.0,0.13440262536498382,0.023889026986684835,0.1292710589574324,0.1271899964667443,0.1467468206707747,narrow,True
82,40,90,0.5,0.16407210831145447,0.021676507918395867,0.15855040995534575,0.18339885547181917,0.1502670595071985,narrow,False
82,40,90,1.0,0.10317038884486718,0.01989801945329159,0.10706573319673876,0.09124509465973096,0.1112003386781318,narrow,True
82,40,135,0.5,0.13985644695169908,0.026859613179585778,0.13062456487014595,0.14313704441037423,0.1458077315745771,narrow,True
82,40,135,1.0,0.1395533156913581,0.010392240097413285,0.13131706283029904,0.14481745167782883,0.1425254325659464,narrow,True
82,40,180,0.5,0.2295217393996154,0.12875872702750982,0.26487653925168714,0.18351849502981485,0.2401701839173443,narrow,True
82,40,180,1.0,0.15644434401281423,0.0012299226601945764,0.15603172894282236,0.15999424761090392,0.15330705548471643,narrow,True
82,40,225,0.5,0.1478005951080456,0.019458682799750972,0.14083507571517476,0.14945377573778879,0.15311293387117328,narrow,True
82,40,225,1.0,0.17296115791037422,0.03686369537302646,0.22127788112846836,0.1434850066105335,0.15412058599212075,narrow,True
82,40,270,0.5,0.12624204156109922,0.012709960856014434,0.12846449244621388,0.1337367163616591,0.11652491587542467,narrow,True
82,40,270,1.0,0.15095730993651083,0.044356780042819524,0.1473943416770474,0.15499631163245642,0.15048127650002863,narrow,True
82,40,315,0.5,0.21228714058608444,0.13462909526368277,0.23899394712994065,0.2021318563565364,0.19573561827177627,narrow,True
82,40,315,1.0,0.15841974420615493,0.08154534252389246,0.14958252370184394,0.1596220315964279,0.16605467732019297,narrow,True
82,60,0,0.5,0.16769473811295407,0.034111111760801595,0.15065346169182542,0.17917918196382515,0.17325157068321162,narrow,True
82,60,0,1.0,0.16721035267469617,0.05832137172932808,0.1745077349635492,0.1534391265682899,0.1736841964922493,narrow,True
82,60,45,0.5,0.10943212037554491,0.0017483927007318758,0.09542094628823782,0.11929755839017175,0.11357785644822518,narrow,True
82,60,45,1.0,0.1030874874731989,0.029155347399939205,0.10747182556099782,0.10178876047778321,0.1000018763808157,narrow,True
82,60,90,0.5,0.25126490749452784,0.0581120592314018,0.266235297906532,0.2492363046453301,0.2383231199317215,narrow,True
82,60,90,1.0,0.1218948088066778,0.008310276184655128,0.12652323387299835,0.09935594347072932,0.13980524907630573,narrow,True
82,60,135,0.5,0.12502674304129754,0.008302345744527576,0.1259879543660268,0.1320951947810729,0.11699707997679293,narrow,True
82,60,135,1.0,0.1258628597574795,0.023067261717466453,0.11961218175240051,0.13230979261932707,0.12566660490071088,narrow,True
82,60,180,0.5,0.174668701121912,0.04787469246073574,0.1827076610166414,0.16714264018135547,0.17415580216773918,narrow,True
82,60,180,1.0,0.2020452847567122,0.10138387406729946,0.18691623452965322,0.2027824983132478,0.2164371214272356,narrow,True
82,60,225,0.5,0.13153525302095495,0.030947460474031824,0.11745405838864931,0.12824599106363935,0.14890570961057628,narrow,True
82,60,225,1.0,0.16205674223179592,0.03732263705112488,0.1649807769104095,0.17905318162388845,0.14213626816108982,narrow,True
82,60,270,0.5,0.22414298844220526,0.017409234773781136,0.1855975211328632,0.25949551630635886,0.22733592788739357,narrow,True
82,60,270,1.0,0.18740743212351432,0.03708647368303572,0.17255793519563103,0.21197004741018172,0.17769431376473022,narrow,True
82,60,315,0.5,0.098266994208434,0.029972463652325698,0.10080012590427773,0.09935117775991595,0.09464967896110835,narrow,True
82,60,315,1.0,0.18472262231262757,0.20765242997967284,0.1853679777220738,0.17294259159259595,0.19585729762321286,narrow,True
87,20,0,0.5,0.2091444921304129,0.021705180748149186,0.2673574390501697,0.18442885697774603,0.175647180363323,narrow,False
87,20,0,1.0,0.37247108326145034,0.49559899332772694,0.2505871067666211,0.4223808053879188,0.444445337629811,narrow,True
87,20,45,0.5,0.14589694233942024,0.03822137306167106,0.1362958323371052,0.1353156213878455,0.16607937329331002,narrow,True
87,20,45,1.0,0.1779542177467429,0.028643191410968546,0.13121574957165336,0.18613326837862854,0.21651363528994666,narrow,True
87,20,90,0.5,0.1256475733073393,0.007062463492262797,0.09965629668429235,0.15756647005019533,0.1197199531875302,narrow,True
87,20,90,1.0,0.23017301593045794,0.03906134739730883,0.20312729333823037,0.25988475818654155,0.2275069962666018,narrow,True
87,20,135,0.5,0.15028084734631994,0.020574502216590428,0.15321784008523653,0.15258924863293596,0.14503545332078727,narrow,True
87,20,135,1.0,0.15090766555843035,0.05626737381797524,0.1276331924861058,0.16335441648011245,0.1617353877090728,narrow,True
87,20,180,0.5,0.174467595875883,0.05449236512871627,0.2394153490224356,0.12081254919079217,0.16317488941442135,narrow,True
87,20,180,1.0,0.3294684006428949,0.3959293443576505,0.23860116636889236,0.41779268280866344,0.3320113527511287,narrow,True
87,20,225,0.5,0.15358649768456356,0.010439551447325737,0.08398916683516021,0.23609257776502585,0.14067774845350461,narrow,True
87,20,225,1.0,0.28147998174171374,0.12652305882324116,0.227255489992769,0.3231834115372788,0.29400104369509344,narrow,True
87,20,270,0.5,0.23545769029173033,0.12140438267292716,0.19839420680240216,0.23013556022772155,0.27784330384506717,narrow,True
87,20,270,1.0,0.20706701671156238,0.10023379430683475,0.2023669281107609,0.2393165565848303,0.17951756543909597,narrow,True
87,20,315,0.5,0.1445133377588915,0.04043169565033343,0.15564674119721658,0.13251752172003806,0.14537575035941985,narrow,True
87,20,315,1.0,0.18206804556943004,0.002096079081879266,0.16062111669089385,0.20426996417155852,0.18131305584583784,narrow,True
87,40,0,0.5,0.1787788493731369,0.0076256742940407655,0.19276968803142397,0.17558262194006632,0.1679842381479204,narrow,False
87,40,0,1.0,0.27522871849701075,0.29642344324656383,0.25681969460605203,0.29959625106956106,0.26927020981541927,narrow,False
87,40,45,0.5,0.1452191912653523,0.015420100406442441,0.12786978592656895,0.15800873303408242,0.14977905483540543,narrow,True
87,40,45,1.0,0.1650323381666848,0.001127931786431904,0.16775167202727276,0.13324203794606643,0.19410330452671523,narrow,True
87,40,90,0.5,0.20337251802595366,0.04401759935737082,0.16609896019267367,0.23002061723621336,0.21399797664897388,narrow,False
87,40,90,1.0,0.1461331414366064,0.03331726580923728,0.1687343513230226,0.11969862997333691,0.14996644301345968,narrow,True
87,40,135,0.5,0.13587267082505863,0.028088473266669908,0.14503165756915734,0.11088617568667024,0.15170017921934834,narrow,True
87,40,135,1.0,0.18931348182890625,0.10799514648454651,0.18094254429961043,0.20642430931035874,0.18057359187674965,narrow,True
87,40,180,0.5,0.17715711974651738,0.05088652273383239,0.21134212190643406,0.1239140735204222,0.19621516381269585,narrow,True
87,40,180,1.0,0.15241900976462322,0.011451720794786565,0.14084291264628365,0.1657136719535517,0.15070044469403437,narrow,True
87,40,225,0.5,0.18412922897953835,0.1240579263140075,0.15140965655155408,0.18011890789880727,0.22085912248825365,narrow,True
87,40,225,1.0,0.14955608733221057,0.05873950912236101,0.1269555949656666,0.18234931038631652,0.13936335664464863,narrow,True
87,40,270,0.5,0.14229278286470035,0.0063452187895601565,0.11918429011541434,0.17571720206351457,0.1319768564151721,narrow,True
87,40,270,1.0,0.1685232870217018,0.0006890860302860649,0.20316821716489025,0.13580795112082955,0.16659369277938546,narrow,True
87,40,315,0.5,0.17505276140174206,0.12732159059543918,0.1988168000355342,0.16034282428533453,0.16599865988435739,narrow,True
87,40,315,1.0,0.16693863834241926,0.028023899012875,0.17706888751564692,0.15500717265835298,0.16873985485325788,narrow,True
87,60,0,0.5,0.20038116524809615,0.10795041581090076,0.19292301577324075,0.20326443200443736,0.2049560479666105,narrow,True
87,60,0,1.0,0.19684915348068102,0.09644986363231776,0.24962373557956996,0.15875343362143088,0.1821702912410423,narrow,True
87,60,45,0.5,0.14396866015999948,0.013670969742428664,0.11732139945350908,0.15427050144025403,0.1603140795862353,narrow,True
87,60,45,1.0,0.20143191716522815,0.0929787896648301,0.21119076489092578,0.18574575302749857,0.20735923357726008,narrow,True
87,60,90,0.5,0.1745544037672673,0.1012912859287038,0.1396323082393269,0.19701230610410492,0.1870185969583701,narrow,True
87,60,90,1.0,0.15321288783401452,0.05409413690670362,0.16444668243409072,0.14205971149288182,0.15313226957507103,narrow,True
87,60,135,0.5,0.15539216802204261,0.03318398285002873,0.13006643024122105,0.19137893659308958,0.14473113723181727,narrow,True
87,60,135,1.0,0.16078553090357872,0.022924894450261798,0.16709893556658495,0.15986450884074493,0.15539314830340628,narrow,True
87,60,180,0.5,0.19489571370471728,0.0008677271754849602,0.17246509849481262,0.20075108064450076,0.21147096197483845,narrow,True
87,60,180,1.0,0.20493637430718045,0.10808091701331049,0.17621311589651384,0.19712634244249266,0.24146966458253485,narrow,True
87,60,225,0.5,0.1458480118843702,0.05888847830416961,0.13174334899568796,0.16152053014081502,0.14428015651660758,narrow,True
87,60,225,1.0,0.16202837597428943,0.11326079393224968,0.17646635427017804,0.1477417541507095,0.1618770195019807,narrow,True
87,60,270,0.5,0.1301178594424219,0.008117687115483843,0.12147251466489029,0.149693224275339,0.11918783938703639,narrow,True
87,60,270,1.0,0.1624753290723624,0.018420603865598628,0.19421128822431466,0.1512503758579993,0.1419643231347732,narrow,True
87,60,315,0.5,0.164475727042684,0.02665917837432591,0.16149188269361914,0.16694231501791448,0.16499298341651847,narrow,True
87,60,315,1.0,0.15366828758002016,0.017987694410170948,0.14348994977678503,0.1575750437277318,0.15993986923554365,narrow,True
102,20,0,0.5,0.2253606432699776,0.06333482548907891,0.20881145610970883,0.2428082760964686,0.2244621976037554,narrow,False
102,20,0,1.0,0.4573023729134529,0.712415013393642,0.2661597914454391,0.665146276556196,0.4406010507387235,narrow,True
102,20,45,0.5,0.32973024159265957,0.561342597093503,0.3553760594280921,0.30137117356991244,0.3324434917799743,narrow,True
102,20,45,1.0,0.9003971798421196,0.8938533613514468,0.928516635384846,0.8761231107412315,0.8965517934002813,narrow,True
102,20,90,0.5,0.1677487150910412,0.053111837619121076,0.13638280027303637,0.17063722321285235,0.19622612178723486,narrow,True
102,20,90,1.0,0.1530801194556669,0.09337779050240431,0.14705947631867977,0.16728800461583657,0.14489287743248436,narrow,True
102,20,135,0.5,0.1271204808267789,0.038275368097173634,0.13024869365859823,0.14254585674348447,0.108566892078254,narrow,True
102,20,135,1.0,0.2024998167217079,0.03694375851590688,0.21200532463516208,0.21286963573661455,0.18262448979334692,narrow,True
102,20,180,0.5,0.2832774932193729,0.1058546207566956,0.23719497156813008,0.24542347202342957,0.3672140360665591,narrow,True
102,20,180,1.0,0.18808174262170874,0.21801995966935114,0.2122458886436212,0.19627716923748384,0.15572216998402114,narrow,True
102,20,225,0.5,0.2034076228123712,0.09194433687994591,0.1896126832787597,0.20242669666804958,0.21818348849030436,narrow,True
102,20,225,1.0,0.21231003998945042,0.03374238282546612,0.20545938075838185,0.1723449700676138,0.2591257691423556,narrow,True
102,20,270,0.5,0.20095207912581428,0.09528615656979357,0.18377395093406085,0.17020193391535154,0.24888035252803042,narrow,True
102,20,270,1.0,0.1571042007885108,0.06534784502355852,0.12765110097430848,0.18881556124864007,0.15484594014258385,narrow,True
102,20,315,0.5,0.15971598133707413,0.06534553987743925,0.11937003965279838,0.17826218063681454,0.18151572372160946,narrow,True
102,20,315,1.0,0.16621095068542335,0.10464353564607515,0.15686053140098513,0.1267385698085316,0.21503375084675336,narrow,True
102,40,0,0.5,0.24432286069944698,0.40563912079690706,0.14844695944697156,0.30262990428882597,0.2818917183625434,narrow,False
102,40,0,1.0,1.3369626153066243,1.6240817102182215,1.3674655329680268,1.2660727764724244,1.3773495364794224,narrow,False
102,40,45,0.5,0.8245685176437431,1.2721619261745947,0.8729249548436085,0.9592878330133616,0.6414927650742589,narrow,True
102,40,45,1.0,0.7316929214253024,0.929847469996844,0.7340565131428581,0.7850279390356052,0.6759943120974439,narrow,True
102,40,90,0.5,0.11277450398912854,0.032877811368192386,0.11480493084239868,0.11003358797403431,0.11348499315095266,narrow,False
102,40,90,1.0,0.1411251259630175,0.13098861754637525,0.1540054313892914,0.1280670704167171,0.14130287608304395,narrow,True
102,40,135,0.5,0.1431618479626476,0.05270346109873671,0.11989630740618193,0.14686375488160236,0.16272548160015846,narrow,True
102,40,135,1.0,0.28527479024178626,0.2992521487737313,0.2944759087831982,0.2965332780621487,0.264815183880012,narrow,True
102,40,180,0.5,0.16554341080103252,0.0006761979109897424,0.16827651588881137,0.1727038929080189,0.15564982360626722,narrow,True
102,40,180,1.0,1.6347909657161228,1.8770489803312023,1.3609199420283495,1.892304384771994,1.651148570348025,narrow,True
102,40,225,0.5,0.3594820485914187,0.07360759847299744,0.4113852051689003,0.2778289820994221,0.3892319585059338,narrow,True
102,40,225,1.0,0.2564323342879631,0.3280081275713318,0.2494676949183169,0.20755705627759247,0.31227225166797995,narrow,True
102,40,270,0.5,0.11169396159669591,0.011085783636224018,0.09240018648120038,0.10658723725225731,0.13609446105663006,narrow,True
102,40,270,1.0,0.15572168899038694,0.013873373591624048,0.1596869046805334,0.1292689936945757,0.17820916859605174,narrow,True
102,40,315,0.5,0.14201786372993155,0.11348859386065031,0.15189276152250464,0.14015717870431454,0.13400365096297548,narrow,True
102,40,315,1.0,0.14018433127634491,0.0886541459827424,0.13824314119087452,0.11019400696927072,0.1721158456688895,narrow,True
102,60,0,0.5,0.24700839232236912,1.0185177557414058,0.23113330575709065,0.23422077523423435,0.2756710959757823,narrow,True
102,60,0,1.0,0.9559961169249528,1.3730966510155138,0.8523603824592647,0.9744544959660872,1.0411734723495065,narrow,True
102,60,45,0.5,0.4114345331064917,0.6348809782329345,0.43206645723911263,0.3986379456596279,0.4035991964207346,narrow,True
102,60,45,1.0,0.24849324411895815,0.036160394064475306,0.2780435037645196,0.2389811028804949,0.22845512571185994,narrow,True
102,60,90,0.5,0.15171403161255922,0.04214107780245102,0.1316350788608386,0.16985058831079924,0.15365642766603982,narrow,True
102,60,90,1.0,0.19481945831122296,0.10043656766288042,0.1876599204674152,0.24009971310469097,0.15669874136156278,narrow,True
102,60,135,0.5,0.14455633061085912,0.03571491016812534,0.1442554979733695,0.15939934464571293,0.13001414921349497,narrow,True
102,60,135,1.0,0.2730600670116036,0.13299280842599437,0.24365755389296995,0.3163093766270658,0.25921327051477505,narrow,True
102,60,180,0.5,0.19179174180813008,0.18123635256373224,0.17161077343738002,0.21033951665790146,0.1934249353291088,narrow,True
102,60,180,1.0,0.6347317219300161,0.6191888873547157,0.2925694625669323,0.8802297960725224,0.7313959071505935,narrow,True
102,60,225,0.5,0.16049304831002964,0.12856147982725563,0.13315469190740736,0.18295133634388336,0.16537311667879823,narrow,True
102,60,225,1.0,0.27516784165184177,0.3137595300075748,0.3043020706250193,0.265029185860132,0.2561722684703739,narrow,True
102,60,270,0.5,0.12587760740488407,0.00016132392298258934,0.1135211393877302,0.1182973247534207,0.1458143580735013,narrow,True
102,60,270,1.0,0.2454050523463873,0.008536183419545897,0.2766702876452023,0.24617269404651054,0.21337217534744898,narrow,True
102,60,315,0.5,0.14150412621996863,0.06871718400187103,0.14099021420141267,0.14435314752479028,0.13916901693370295,narrow,True
102,60,315,1.0,0.20240346473789725,0.022166915205139498,0.1997749952583665,0.21827672170682333,0.18915867724850194,narrow,True
103,20,0,0.5,0.4254945076398811,0.2863610818248025,0.4617238639788428,0.3950636186359583,0.4196960403048423,narrow,False
103,20,0,1.0,0.6691195670699067,1.3796928115794223,0.5290393000840632,0.8170919943812793,0.6612274067443775,narrow,True
103,20,45,0.5,0.2500355460029793,0.24230416405442484,0.2785560142085725,0.25244073456706595,0.21910988923329927,narrow,True
103,20,45,1.0,0.5238317028039973,0.45658785515524936,0.5051538558217874,0.4132087102461532,0.6531325423440512,narrow,True
103,20,90,0.5,0.1900218352577396,0.25932996416457677,0.23470468816912285,0.15845207513226833,0.17690874247182758,narrow,True
103,20,90,1.0,0.23416319068010436,0.18038138674995527,0.25046630993043206,0.21328558884509463,0.23873767326478643,narrow,True
103,20,135,0.5,0.21309000869251257,0.12152438203164707,0.19581855611540494,0.20028290510691468,0.24316856485521815,narrow,True
103,20,135,1.0,0.21341518614260027,0.061616405233706414,0.20571476341722303,0.22242220158881656,0.21210859342176128,narrow,True
103,20,180,0.5,0.3809768721636259,0.4216959676555204,0.20366916902357696,0.4333751487561663,0.5058862987111344,narrow,True
103,20,180,1.0,0.21271342477747893,0.10459700222942243,0.16524782378485853,0.20003002298636868,0.2728624275612096,narrow,True
103,20,225,0.5,1.4502626945669856,1.2568893017579754,1.2462305769342046,1.5683427088985638,1.5362147978681893,narrow,True
103,20,225,1.0,0.1488047371833451,0.004429209554018782,0.11902580821644743,0.15307432356152031,0.1743140797720676,narrow,True
103,20,270,0.5,0.25880663543193444,0.14214606425846776,0.22394297729955345,0.27555646170220816,0.27692046729404174,narrow,True
103,20,270,1.0,0.2733573864061828,0.18162837339102536,0.27220660508620165,0.22557450143781105,0.3222910526945357,narrow,True
103,20,315,0.5,0.5188854948799042,0.06103969264135862,0.4895547422978503,0.6329721519053604,0.43412959043650196,narrow,True
103,20,315,1.0,1.6360458409285321,1.5715585191253918,1.5991720140629002,1.6060002609340067,1.7029652477886892,narrow,True
103,40,0,0.5,0.28860348219650345,0.5467296161837534,0.38560054510892927,0.24544708272183605,0.23476281875874508,narrow,False
103,40,0,1.0,0.7184470895895899,1.5334941127119357,0.44762833201835833,0.9505433349236716,0.7571696018267398,narrow,False
103,40,45,0.5,0.24062314158995868,0.012045709819335578,0.2415965690368502,0.23540701532997932,0.24486584040304646,narrow,True
103,40,45,1.0,0.8293861838984856,0.9379582863642636,0.7230152669338437,0.947635948498327,0.8175073362632858,narrow,True
103,40,90,0.5,0.22618458808210426,0.08098975394034831,0.3373249486585709,0.14471041762115894,0.196518397966583,narrow,False
103,40,90,1.0,0.29523178385665744,0.13643737580106688,0.36037829136686217,0.2047956993416824,0.32052136086142785,narrow,True
103,40,135,0.5,0.2568012086411237,0.036849339765857185,0.1993667860274716,0.24668248914172336,0.32435435075417623,narrow,True
103,40,135,1.0,0.15098008976701846,0.058584979304927676,0.10628515775877814,0.1509012641551976,0.19575384738707963,narrow,True
103,40,180,0.5,0.4165428835821432,0.14074844556528687,0.2754411218071958,0.514105989987646,0.46008153895158777,narrow,True
103,40,180,1.0,0.1877731928063254,0.04377053292437799,0.17266412355771948,0.21933916373935472,0.17131629112190205,narrow,True
103,40,225,0.5,0.3247251216511488,0.19409619756218757,0.32821405722933106,0.24644213891161776,0.39951916881249755,narrow,True
103,40,225,1.0,0.2120376628930742,0.007168879489842969,0.17377776027486613,0.22310333583336586,0.2392318925709907,narrow,True
103,40,270,0.5,0.15887352356908688,0.011169365114053767,0.12145823455260704,0.21662464448896837,0.13853769166568525,narrow,True
103,40,270,1.0,0.28276716980409,0.21604536960670803,0.2343550279483974,0.2958406820919467,0.3181057993719259,narrow,True
103,40,315,0.5,0.27711437127046634,0.5548474820548136,0.2820655729480204,0.29080171485049533,0.2584758260128832,narrow,True
103,40,315,1.0,0.33259146389562094,0.13253582924315024,0.21184744609339928,0.42709232222975024,0.3588346233637134,narrow,True
103,60,0,0.5,0.8311524725852756,1.7439418744709938,0.601437407765125,0.9811794307830097,0.9108405792076915,narrow,True
103,60,0,1.0,0.19702486534095784,0.1131647441798335,0.12145695679329058,0.2415473284907731,0.22807031073880984,narrow,True
103,60,45,0.5,0.3214383153737937,0.04414932298219815,0.4662143392248399,0.1832488854984051,0.314851721398136,narrow,True
103,60,45,1.0,0.3932114170821128,0.1758465913910101,0.4316445456283914,0.33439264113649403,0.41359706448145334,narrow,True
103,60,90,0.5,0.16105929034801417,0.11670849719106854,0.18068911644026686,0.1429564952018805,0.15953225940189514,narrow,True
103,60,90,1.0,0.36329680038814766,0.05914859849989453,0.3363784578381559,0.31044676353473927,0.4430651797915481,narrow,True
103,60,135,0.5,0.22051574591209375,0.16339077686841136,0.22825605831219342,0.22147734973584837,0.21181382968823942,narrow,True
103,60,135,1.0,0.30779932370632995,0.00209796218398028,0.3586578530954394,0.23285363032492268,0.3318864876986278,narrow,True
103,60,180,0.5,0.17323598689041111,0.00995790997817125,0.15675780316935436,0.13998756865392942,0.2229625888479495,narrow,True
103,60,180,1.0,0.19652306578634424,0.039075360159417816,0.21712776803310796,0.16297000577752171,0.20947142354840306,narrow,True
103,60,225,0.5,0.16638622913089748,0.006622823062935909,0.17893891353727637,0.14987539065634153,0.17034438319907458,narrow,True
103,60,225,1.0,0.2611829809229873,0.2122157982414569,0.18269747715504092,0.2760672664198138,0.3247841991941073,narrow,True
103,60,270,0.5,0.3026103195180103,0.13083022782624168,0.26188110581015456,0.29601781265714566,0.3499320400867308,narrow,True
103,60,270,1.0,0.2567445154182632,0.01541340477957105,0.2465314949928697,0.26052231601776427,0.2631797352441556,narrow,True
103,60,315,0.5,0.22908551156351875,0.09870437317131825,0.21432741191489585,0.3028827684664032,0.17004635430925727,narrow,True
103,60,315,1.0,0.30354534111011855,0.11842780895210318,0.27332116566700776,0.2585939153681279,0.37872094229521996,narrow,True
0,20,0,0.5,0.19465813124502152,0.2284817279849574,0.2078095067359853,0.22447131469047404,0.15169357230860517,current,False
0,20,0,1.0,0.170322149240012,0.17693930526173177,0.18986531425810402,0.1608711469751373,0.16022998648679454,current,True
0,20,45,0.5,0.10936030211922136,0.02594639188214062,0.11324646027879788,0.10883921230128067,0.10599523377758556,current,True
0,20,45,1.0,0.16190678610723486,0.01792189466600512,0.17206297730080244,0.15180712481553987,0.1618502562053623,current,True
0,20,90,0.5,0.12762463645126063,0.056588083366516315,0.13052958975771414,0.1459310255247548,0.1064132940713129,current,True
0,20,90,1.0,0.18816638142500283,0.06644912366466314,0.23375958693956758,0.1700724844499494,0.16066707288549154,current,True
0,20,135,0.5,0.11352177050463723,0.047661365604015675,0.0708858276918243,0.13145437413966662,0.13822510968242074,current,True
0,20,135,1.0,0.1353990341646921,0.05832516762715169,0.11758714610382069,0.11542233958504644,0.17318761680520914,current,True
0,20,180,0.5,0.1792332112469426,0.3063924904030205,0.14576169760945187,0.22742509584892945,0.1645128402824465,current,True
0,20,180,1.0,0.1776058270223162,0.21205643316636466,0.1808189643201485,0.16995849609199054,0.18204002065480954,current,True
0,20,225,0.5,0.10833190008414996,0.0668843814170884,0.08411630738993991,0.11511220723108855,0.12576718563142142,current,True
0,20,225,1.0,0.19400413079721923,0.03981408731369339,0.1554401919061724,0.22559773139253314,0.20097446909295222,current,True
0,20,270,0.5,0.1275203358768215,0.021166796592174516,0.1321466242962628,0.1284503130181744,0.1219640703160273,current,True
0,20,270,1.0,0.26140060287670236,0.32793200624098917,0.2613776338619408,0.22466058733658048,0.29816358743158594,current,True
0,20,315,0.5,0.14239519724069155,0.09912538893005783,0.13957698482815803,0.15808891651097653,0.12951969038294012,current,True
0,20,315,1.0,0.1316204857381503,0.002802579318211442,0.14478449029544216,0.12814458038947218,0.12193238652953658,current,True
0,40,0,0.5,0.12027818745880053,0.040552790855856,0.12141136222689243,0.13276592724975939,0.1066572728997498,current,False
0,40,0,1.0,0.17016277251376655,0.15119377535959233,0.21432605330086218,0.12292333792168658,0.17323892631875087,current,False
0,40,45,0.5,0.11723331764351112,0.040133306623636546,0.1340357217017771,0.10959406881218482,0.10807016241657144,current,True
0,40,45,1.0,0.1393925735271402,0.018911578846652788,0.11930489449318617,0.1496428683342912,0.14922995775394332,current,True
0,40,90,0.5,0.10040302005705194,0.01982054031417116,0.07679910964226738,0.12167239858109716,0.10273755194779133,current,False
0,40,90,1.0,0.12049513999542326,0.006174576331162792,0.10832468494960208,0.10999890203096116,0.1431618330057065,current,True
0,40,135,0.5,0.12472511321230732,0.03658383867850437,0.1435698962581559,0.12563235842597245,0.10497308495279363,current,True
0,40,135,1.0,0.1352350502664223,0.07991264011404506,0.15087722680276763,0.11404344537843852,0.14078447861806076,current,True
0,40,180,0.5,0.11149542021545222,0.00043955053893569515,0.1106428717226694,0.11061139609811922,0.11323199282556806,current,True
0,40,180,1.0,0.1575546596981292,0.03096159452686571,0.1585028766349264,0.17938769775970773,0.13477340469975346,current,True
0,40,225,0.5,0.13419520660317444,0.042780117087103824,0.13807396273111522,0.12106862462726273,0.1434430324511454,current,True
0,40,225,1.0,0.15064749243775402,0.10034269050144293,0.17327142451813135,0.1408966313433633,0.13777442145176746,current,True
0,40,270,0.5,0.14624367624529452,0.04087613019693723,0.15295649467530997,0.10717687855686225,0.1785976555037113,current,True
0,40,270,1.0,0.12216516800870891,0.014490058340153744,0.10315911442858958,0.1360367120702355,0.12729967752730165,current,True
0,40,315,0.5,0.10705643115452773,0.10347702202960657,0.12563512824287174,0.09986512176116227,0.0956690434595492,current,True
0,40,315,1.0,0.12091627817589691,0.03084401549319034,0.11748750461832932,0.11441000934744192,0.1308513205619195,current,True
0,60,0,0.5,0.12510065770008127,0.02245944941617231,0.11482479238005194,0.13976055388302122,0.1207166268371707,current,True
0,60,0,1.0,0.14312060747462405,0.037295678437486456,0.20034147401818891,0.11570163216137727,0.11331871624430598,current,True
0,60,45,0.5,0.09641488621076333,0.004527650494458857,0.09132872130698308,0.09402374504856638,0.10389219227674051,current,True
0,60,45,1.0,0.11489038742307016,0.013334239251726056,0.10903247244774425,0.12022763564853467,0.11541105417293157,current,True
0,60,90,0.5,0.2066485965708751,0.14030796519363262,0.14601208897926868,0.23174832839052006,0.24218537234283644,current,True
0,60,90,1.0,0.1579368377034216,0.05174672672720555,0.14734618803950533,0.18149476456942887,0.14496956050133056,current,True
0,60,135,0.5,0.12785802269156354,0.026763076093019308,0.1248748011667226,0.13460237212741366,0.12409689478055431,current,True
0,60,135,1.0,0.11930230704078236,0.04048836525276066,0.1112701636472505,0.11548671814047662,0.13115003933461994,current,True
0,60,180,0.5,0.12606998000150427,0.049205713313763166,0.12411278126117407,0.14222989931497743,0.11186725942836127,current,True
0,60,180,1.0,0.20550250472850418,0.09807595734805143,0.2261109503922764,0.2091444693268948,0.18125209446634122,current,True
0,60,225,0.5,0.11602543869984595,0.01967260520865383,0.10848476328693832,0.13292601928293457,0.10666553352966496,current,True
0,60,225,1.0,0.12481928996925291,0.02532936608977699,0.11836206764124832,0.13282788536715637,0.12326791689935407,current,True
0,60,270,0.5,0.12580832079652368,0.06768154366050995,0.09410821892341666,0.12734022157659997,0.1559765218895544,current,True
0,60,270,1.0,0.1967406140204592,0.16521484950834964,0.1907495345922805,0.2215147505795484,0.1779575568895487,current,True
0,60,315,0.5,0.09769150236417833,0.02972732154605298,0.10637826863321309,0.09022269152402357,0.0964735469352983,current,True
0,60,315,1.0,0.10984590821602307,0.0352211234351911,0.11118512584681273,0.12405505861974568,0.09429754018151074,current,True
38,20,0,0.5,0.2305827956823647,0.1651225638832379,0.2026260011837792,0.2718182340251911,0.2173041518381238,current,False
38,20,0,1.0,0.27137287638985824,0.17965838523082545,0.18536736819606822,0.3496777368896822,0.27907352408382424,current,True
38,20,45,0.5,0.14212736986749164,0.02160848878007611,0.1314628950220181,0.1364745350268926,0.1584446795535642,current,True
38,20,45,1.0,0.12192935120782444,0.01573998217933311,0.11740122321109926,0.15624316702955032,0.09214366338282379,current,True
38,20,90,0.5,0.13225440932378782,0.026738064409429742,0.11481800606165099,0.16629170856041786,0.11565351334929463,current,True
38,20,90,1.0,0.17544436188395976,0.11977102796557981,0.18890391193893266,0.1797813991056233,0.1576477746073234,current,True
38,20,135,0.5,0.19094024717483207,0.026680735354097353,0.18723876213916577,0.20103278975166516,0.18454918963366534,current,True
38,20,135,1.0,0.123329478466086,0.005330978302946989,0.11332408243817388,0.14614398132754092,0.11052037163254325,current,True
38,20,180,0.5,0.124611402718937,0.035283102387156096,0.11841378246024,0.1250958221010579,0.13032460359551312,current,True
38,20,180,1.0,0.19116488178501004,0.12441942060345587,0.1836794121909314,0.1804321949058286,0.20938303825827012,current,True
38,20,225,0.5,0.1655329761043776,5.362782364089463e-05,0.10626354476553355,0.21410758442172365,0.17622779912587555,current,True
38,20,225,1.0,0.13371321202715783,0.00567544963112249,0.12543870870560725,0.14645157875721643,0.12924934861864978,current,True
38,20,270,0.5,0.22229990731708638,0.24735226484412434,0.19824690241717235,0.21097482194989708,0.2576779975841897,current,True
38,20,270,1.0,0.2604581397769422,0.20965394402230567,0.3423013681133142,0.17663682694446536,0.26243622427304714,current,True
38,20,315,0.5,0.10510119339378536,0.009597322591756753,0.10357506934377668,0.09943820455366056,0.11229030628391884,current,True
38,20,315,1.0,0.15183390531805538,0.02642042660135655,0.15526783304580266,0.1411542491510367,0.15907963375732678,current,True
38,40,0,0.5,0.1306515234696893,0.060491500238468505,0.13955696998402756,0.1137538082071328,0.13864379221790757,current,False
38,40,0,1.0,0.12067963982983441,0.02735898846939574,0.10788756393412119,0.13259363761195103,0.12155771794343101,current,False
38,40,45,0.5,0.11136600808531578,0.006602726091948081,0.11391843779968125,0.10341712977779345,0.11676245667847265,current,True
38,40,45,1.0,0.11845541242965034,0.0022777797133193283,0.10970053366049598,0.11897026595051943,0.12669543767793556,current,True
38,40,90,0.5,0.14572360700508666,0.010485394536289857,0.10870230812615,0.1885781775446838,0.13989033534442616,current,False
38,40,90,1.0,0.09266141744135986,0.005312479603539994,0.09401331187054254,0.0879562001888738,0.09601474026466322,current,True
38,40,135,0.5,0.11101167665304684,0.0004194119459674496,0.10301942455323235,0.12018906082264752,0.10982654458326063,current,True
38,40,135,1.0,0.11670040843123346,0.043082539041106795,0.08260842636422236,0.12933620204921853,0.1381565968802595,current,True
38,40,180,0.5,0.11365503741311228,0.13292964349805736,0.09732227114660272,0.10749381539459901,0.13614902569813514,current,True
38,40,180,1.0,0.13623226638974917,0.10878245313635627,0.13416773211222394,0.14153886594353338,0.13299020111349022,current,True
38,40,225,0.5,0.12212873836006778,0.0343502921852915,0.1386314124876982,0.11485617634182874,0.11289862625067643,current,True
38,40,225,1.0,0.13516174322520794,0.028217550905063817,0.12155792029580087,0.12145634782750073,0.16247096155232224,current,True
38,40,270,0.5,0.2505371678293176,0.19762612890791662,0.20987099026620692,0.2643569843920015,0.27738352882974426,current,True
38,40,270,1.0,0.16545746076553144,0.0573989232850116,0.16774363038770335,0.14224245035399077,0.18638630155490027,current,True
38,40,315,0.5,0.12843345888733929,0.03918914056143889,0.1208117502434578,0.13706242333026453,0.12742620308829555,current,True
38,40,315,1.0,0.15708049377185626,0.13019878072273583,0.16198714976036316,0.14732173850764815,0.1619325930475574,current,True
38,60,0,0.5,0.13062570062863602,0.06205756840411922,0.1247447099021799,0.15017938258886215,0.11695300939486603,current,True
38,60,0,1.0,0.1538254947076856,0.08387125974375806,0.16534429146535173,0.16857018056495576,0.1275620120927493,current,True
38,60,45,0.5,0.09388504981695635,0.008817736633390342,0.08839130655597166,0.08163538199104922,0.11162846090384816,current,True
38,60,45,1.0,0.10865429152731243,0.01437712538581593,0.11161562822602507,0.11885413670800342,0.09549310964790883,current,True
38,60,90,0.5,0.10525289311880015,0.018327385030640832,0.11402208186533125,0.10194083523833132,0.09979576225273787,current,True
38,60,90,1.0,0.15358975387673554,0.05403447187680791,0.15429926422237003,0.14655374670985657,0.15991625069798,current,True
38,60,135,0.5,0.10781665679186599,0.019705631498302102,0.09113770887362005,0.11105410232168064,0.12125815918029725,current,True
38,60,135,1.0,0.13340251647367454,0.039696686284332934,0.13699815315833558,0.1238300491040703,0.13937934715861766,current,True
38,60,180,0.5,0.11878852477774511,0.012404037352043344,0.14011807247567115,0.103507331393966,0.11274017046359817,current,True
38,60,180,1.0,0.15416308957700986,0.0012317081886328576,0.1152739153788393,0.17608225202600947,0.17113310132618087,current,True
38,60,225,0.5,0.133410922498014,0.021058133677437776,0.14655716695206705,0.1305085492342553,0.12316705130771968,current,True
38,60,225,1.0,0.12281663445357188,0.0074186312377821,0.1438892424941266,0.10540235874979818,0.11915830211679085,current,True
38,60,270,0.5,0.184128594325751,0.026884931988174526,0.15879990196624122,0.22599076388276834,0.1675951171282434,current,True
38,60,270,1.0,0.15271305739312227,0.1486411996692236,0.1633283855517697,0.1705043408557286,0.12430644577186847,current,True
38,60,315,0.5,0.1181295360686135,0.0749394142320643,0.1111198269550843,0.10885794248482622,0.13441083876593,current,True
38,60,315,1.0,0.13974783376881136,0.06934298102501606,0.17138379602744197,0.11599018909734918,0.1318695161816429,current,True
49,20,0,0.5,0.1402530850724011,0.05435195783653151,0.19050846580261105,0.11613591119351134,0.11411487822108098,current,False
49,20,0,1.0,0.1289956946547615,0.043086866687534135,0.13119210455567118,0.1445759355604788,0.11121904384813452,current,True
49,20,45,0.5,0.12158360974959563,0.030919289469397235,0.09708090618332146,0.13017281285734356,0.13749711020812186,current,True
49,20,45,1.0,0.10206544349049179,0.023387419279047923,0.0916485735290283,0.11454071661920687,0.1000070403232402,current,True
49,20,90,0.5,0.10927899462968288,0.03806829495866504,0.11584926433468766,0.09555958842751065,0.11642813112685033,current,True
49,20,90,1.0,0.14067916359507807,0.0596277283891038,0.16465460527750814,0.1495560301302833,0.10782685537744277,current,True
49,20,135,0.5,0.1082921068374721,0.01389499233624493,0.11372709631863268,0.09254651374074399,0.11860271045303966,current,True
49,20,135,1.0,0.1333956428609366,0.00512163738412793,0.1437506771095437,0.13069925038781963,0.1257370010854465,current,True
49,20,180,0.5,0.161922233627856,0.11740633263884391,0.15034880500181047,0.17938543023721887,0.1560324656445387,current,True
49,20,180,1.0,0.13600326840068067,0.034631311454526345,0.1201677744149517,0.16524195066677977,0.12260008012031057,current,True
49,20,225,0.5,0.13217067134974278,0.029296864618707088,0.12906332568011308,0.1107420549266262,0.15670663344248903,current,True
49,20,225,1.0,0.11499790417492821,0.012652712237167756,0.11426855720240625,0.14821955344433543,0.0825056018780429,current,True
49,20,270,0.5,0.10787870329644168,0.02377269177966391,0.11682971131106865,0.10891718167031739,0.09788921690793906,current,True
49,20,270,1.0,0.2028389408590604,0.07822539250808488,0.15337078049229774,0.21651672279238515,0.2386293192924983,current,True
49,20,315,0.5,0.11586356403957417,0.035072665099474626,0.1187582812338636,0.10503611924402376,0.12379629164083514,current,True
49,20,315,1.0,0.11125435351042169,0.0010201676425584093,0.09377100876433972,0.09742140952669717,0.14257064224022822,current,True
49,40,0,0.5,0.11288410920027803,0.048546890418177426,0.1169979897425172,0.12672915257815423,0.09492518528016267,current,False
49,40,0,1.0,0.1570997214803311,0.01865811007697293,0.13779930320884204,0.16596133577325983,0.16753852545889142,current,False
49,40,45,0.5,0.1226075302289365,0.029994195740813825,0.08453059854462303,0.12524687836914242,0.1580451137730441,current,True
49,40,45,1.0,0.12538449503227533,0.038794660168513406,0.11741858059869824,0.12555804604186102,0.1331768584562667,current,True
49,40,90,0.5,0.13142022741358175,0.01945127004755438,0.12938424537865628,0.12805850471009128,0.13681793215199767,current,False
49,40,90,1.0,0.12421746427891849,0.029223941976009717,0.13411983937212818,0.11002449777974023,0.128508055684887,current,True
49,40,135,0.5,0.10724835731109988,0.037486844137142955,0.10877532846577342,0.10654102561522028,0.10642871785230595,current,True
49,40,135,1.0,0.09499423784633261,0.04194244316176199,0.09574191900521598,0.10179475515602271,0.08744603937775913,current,True
49,40,180,0.5,0.13073992536591328,0.014140715779806372,0.11734681099782819,0.12369280033005003,0.15118016476986162,current,True
49,40,180,1.0,0.1560231933530373,0.011388883952358835,0.15437600730903145,0.14454130986933406,0.16915226288074645,current,True
49,40,225,0.5,0.1808053881448167,0.16030135114219196,0.13499291653090606,0.21390132825241584,0.19352191965112814,current,True
49,40,225,1.0,0.1805171644933188,0.1420102862422036,0.16179733278268704,0.2197459438376912,0.16000821685957817,current,True
49,40,270,0.5,0.09494303226414173,0.00736653587752919,0.07509421516640633,0.10032337263350566,0.10941150899251322,current,True
49,40,270,1.0,0.1491052110912602,0.033834848461094066,0.15568769816740696,0.1467175432434178,0.14491039186295582,current,True
49,40,315,0.5,0.11090249319718633,0.008513977351488868,0.12953325757075776,0.10133640972930713,0.10183781229149413,current,True
49,40,315,1.0,0.12394886505646867,0.04701182658284044,0.10844580574163273,0.12388731373775877,0.1395134756900145,current,True
49,60,0,0.5,0.11769902336505529,0.019104005169983132,0.11781377854728793,0.1411462193768055,0.09413707217107245,current,True
49,60,0,1.0,0.12638208552673105,0.06847992339920057,0.12280883112189656,0.13897915278598116,0.11735827267231548,current,True
49,60,45,0.5,0.10135471396043554,0.00424351419050722,0.11753561843880164,0.08937367426509069,0.09715484917741425,current,True
49,60,45,1.0,0.15170650158893387,0.05906201275270505,0.16976442443673279,0.14667930918548747,0.13867577114458138,current,True
49,60,90,0.5,0.17199629250373158,0.18994492194565632,0.15773264924247127,0.19757080361291385,0.16068542465580948,current,True
49,60,90,1.0,0.11348381527986269,0.03105952519515576,0.1110223251862349,0.14195527829967716,0.08747384235367608,current,True
49,60,135,0.5,0.09454763167100884,0.02408498831742832,0.09936230552903702,0.09797060139138046,0.08630998809260901,current,True
49,60,135,1.0,0.09334313216715455,0.0004351833043280597,0.08074727472817275,0.09743964580730119,0.10184247596598967,current,True
49,60,180,0.5,0.1278074282753737,0.024830775759164644,0.14485185963099148,0.11688031535710794,0.12169010983802162,current,True
49,60,180,1.0,0.1374441731700277,0.0011101582795112678,0.15146682563137842,0.1411586061666394,0.11970708771206523,current,True
49,60,225,0.5,0.12894127262423183,0.009438107932298353,0.1372123450208216,0.14597116321140327,0.10364030964047063,current,True
49,60,225,1.0,0.11979858475637754,0.010137829427890068,0.10479437301681159,0.12470324751783646,0.12989813373448458,current,True
49,60,270,0.5,0.16708738312398827,0.06902842178530527,0.16849736890261502,0.13676145841789467,0.19600332205145515,current,True
49,60,270,1.0,0.17671258363368794,0.17208265427101838,0.15225558591043992,0.1538489057739349,0.2240332592166889,current,True
49,60,315,0.5,0.11893166021082187,0.01945592018007076,0.12650277272955973,0.11010440508219616,0.12018780282070973,current,True
49,60,315,1.0,0.10328521650898365,0.00590987563084046,0.09788469232620664,0.10656439941784587,0.10540655778289842,current,True
65,20,0,0.5,0.13206039650109946,0.05030252482448728,0.15296935284241742,0.12050940576575778,0.1227024308951232,current,False
65,20,0,1.0,0.557127655270424,0.9367935508747972,0.2865189418030494,0.7875196479144433,0.5973443760937789,current,True
65,20,45,0.5,0.1492549181965989,0.018847043678888918,0.14052746213999903,0.16259490901632412,0.14464238343347355,current,True
65,20,45,1.0,0.14197962843347464,0.05597990970214917,0.1639821822747063,0.12789132224991728,0.13406538077580032,current,True
65,20,90,0.5,0.13049583863039285,0.012044542581261815,0.12237848718143976,0.13113554398407248,0.13797348472566634,current,True
65,20,90,1.0,0.17529534121304383,0.40027787562362316,0.17625272904038863,0.18366863106040449,0.16596466353833841,current,True
65,20,135,0.5,0.1110408740174668,0.003609846242649106,0.09373302236479962,0.12929495114167797,0.11009464854592281,current,True
65,20,135,1.0,0.1406357487417751,0.04575836452633164,0.14134638202730943,0.15593343422157763,0.1246274299764382,current,True
65,20,180,0.5,0.14638302849020096,0.03275057938335397,0.16753525896893798,0.14824558038057722,0.1233682461210877,current,True
65,20,180,1.0,0.15784464884654845,0.08907493302771988,0.15914631443800423,0.17358649763577805,0.14080113446586304,current,True
65,20,225,0.5,0.10305375298367721,0.016243993591139653,0.06828193675755315,0.12650270070597702,0.11437662148750152,current,True
65,20,225,1.0,0.13624010853671997,0.0806219185013239,0.1360990230261404,0.15068518199978514,0.12193612058423438,current,True
65,20,270,0.5,0.09184984814837786,0.016610014834146335,0.08690115430425309,0.09354896200990023,0.09509942813098024,current,True
65,20,270,1.0,0.11987532458026758,0.027676210861943176,0.10899420639621665,0.1454388421102185,0.1051929252343676,current,True
65,20,315,0.5,0.11175480881075561,0.02282429561037185,0.11879486775207726,0.11124026289004454,0.10522929579014506,current,True
65,20,315,1.0,0.09663283837173542,0.018967903145882512,0.09481619525617782,0.08769720223989252,0.10738511761913594,current,True
65,40,0,0.5,0.13385305633103958,0.017506947377001095,0.10318772429474801,0.16040044948046356,0.13797099521790718,current,False
65,40,0,1.0,0.34207763231865423,0.5380822605551875,0.18979561278329404,0.46891636005686743,0.3675209241158013,current,False
65,40,45,0.5,0.1061568759167485,0.0032917123888024703,0.10630517714890331,0.10905708227948989,0.1031083683218523,current,True
65,40,45,1.0,0.15910158205562538,0.018691076271050842,0.1513613714492943,0.1947083514654521,0.1312350232521297,current,True
65,40,90,0.5,0.08598043095656253,0.026936447789298608,0.07820268995750904,0.07828069364211394,0.10145790927006458,current,False
65,40,90,1.0,0.09691969278715469,0.025085889034946043,0.11694986745502375,0.071208986497354,0.10260022440908634,current,True
65,40,135,0.5,0.0852020576638541,0.0044616829731571935,0.06980629198701775,0.09169854073510803,0.09410134026943649,current,True
65,40,135,1.0,0.15691965627868523,0.006137057874297767,0.13062802445205188,0.17593529985730444,0.16419564452669935,current,True
65,40,180,0.5,0.1547804331389712,0.1559199725537714,0.12123354236350785,0.13895406269070276,0.20415369436270303,current,True
65,40,180,1.0,0.1541640798229138,0.008833428651623539,0.15018080171468862,0.17215498156232867,0.14015645619172412,current,True
65,40,225,0.5,0.16833445927986904,0.12234146354117956,0.1749808460866318,0.15569686861435766,0.17432566313861772,current,True
65,40,225,1.0,0.11476941897840669,0.0423285911388726,0.08508022525372388,0.1107259566269333,0.14850207505456292,current,True
65,40,270,0.5,0.2517195420210845,0.1337467359906279,0.1911085175284664,0.27475278334119047,0.28929732519359663,current,True
65,40,270,1.0,0.23271201429021962,0.1874613521966194,0.19071657988840843,0.25251154855599744,0.2549079144262531,current,True
65,40,315,0.5,0.12003022054739264,0.05403019069206009,0.1154728968174413,0.11005223320020896,0.13456553162452764,current,True
65,40,315,1.0,0.12762152470845659,0.01293981325632968,0.11345759411667851,0.15000923664686194,0.11939774336182929,current,True
65,60,0,0.5,0.11517329314791465,0.0008138475499243436,0.09915535715604724,0.11825079494279667,0.12811372734490004,current,True
65,60,0,1.0,0.15544091809155938,0.08903246691882005,0.14032334749247694,0.16590863912585155,0.16009076765634964,current,True
65,60,45,0.5,0.08470594190934726,0.01827229265828575,0.09792394267935292,0.07842331726925411,0.0777705657794347,current,True
65,60,45,1.0,0.13344096285882764,0.02200339291558172,0.11390655420253354,0.16928442913904518,0.1171319052349042,current,True
65,60,90,0.5,0.13840048422389387,0.004971192846691802,0.1247964940680168,0.15448420265219967,0.13592075595146516,current,True
65,60,90,1.0,0.14663565623801703,0.113803318025394,0.18177596992390302,0.13642794549413295,0.1217030532960151,current,True
65,60,135,0.5,0.0988846382676256,0.004179353627938963,0.09854090692133774,0.10880584484369957,0.08930716303783948,current,True
65,60,135,1.0,0.11721042747707788,0.017135834797363532,0.1085669784041913,0.12876968372568617,0.11429462030135619,current,True
65,60,180,0.5,0.11504948864595904,0.034039101890525274,0.11997951494049071,0.12062867157461979,0.10454027942276663,current,True
65,60,180,1.0,0.11947840663091312,0.08671979744328306,0.11471363090614212,0.10513372531574515,0.13858786367085213,current,True
65,60,225,0.5,0.14336804221172564,0.02539179699857729,0.16033668469622364,0.13096385987690182,0.13880358206205143,current,True
65,60,225,1.0,0.1463551168841012,0.028825214072720567,0.12972457088295997,0.17826398094751936,0.13107679882182424,current,True
65,60,270,0.5,0.1430437351590638,0.03373263443488723,0.10193033155029044,0.19639157614665786,0.13080929778024306,current,True
65,60,270,1.0,0.12309087356416325,0.04991173072718081,0.1084640266679051,0.13108719718323736,0.12972139684134726,current,True
65,60,315,0.5,0.11314089658765829,0.046226157105514684,0.1028563041762234,0.135310545871981,0.10125583971477042,current,True
65,60,315,1.0,0.11491593990786736,0.007761612612424151,0.11925293235142467,0.12186860199074957,0.10362628538142782,current,True
74,20,0,0.5,0.14321202663245505,0.04206227369527169,0.16363344128381532,0.11224808678552173,0.1537545518280281,current,False
74,20,0,1.0,0.13198674673174124,0.12172874764012676,0.13868891230034025,0.13052818102259583,0.1267431468722876,current,True
74,20,45,0.5,0.13075928728677308,0.06061087464299396,0.12251460927994386,0.1402961026734475,0.12946714990692787,current,True
74,20,45,1.0,0.11956408320345417,0.05679703328649897,0.09829536779817155,0.13831038738373141,0.12208649442845956,current,True
74,20,90,0.5,0.12555653650140694,0.02804027668294015,0.13563836536400536,0.13620230093533303,0.10482894320488241,current,True
74,20,90,1.0,0.1264752634588638,0.07277145987232458,0.12615794698341626,0.12180017801656937,0.13146766537660576,current,True
74,20,135,0.5,0.1360159780954512,0.0005044057966751619,0.10750757439328543,0.14124326186737335,0.1592970980256949,current,True
74,20,135,1.0,0.12039704852055777,0.03624386870133063,0.10042436578202077,0.10551171805692262,0.1552550617227299,current,True
74,20,180,0.5,0.1361974369908955,0.12434600858549757,0.1392675890363967,0.13830441999946608,0.13102030193682374,current,True
74,20,180,1.0,0.15365918236049617,0.06518026409248955,0.14420195146777398,0.1446452618738986,0.17213033373981587,current,True
74,20,225,0.5,0.14454731322066003,0.04440513738348061,0.14480649500325432,0.14339248777694585,0.14544295688177988,current,True
74,20,225,1.0,0.1678838875023928,0.07722265412944328,0.1480430035036817,0.1891323928571914,0.16647626614630529,current,True
74,20,270,0.5,0.22171445915818389,0.12038263711333957,0.16124419264518042,0.24560022886389285,0.25829895596547836,current,True
74,20,270,1.0,0.12155193765366794,0.007858502614020336,0.148631462938202,0.08921689679362249,0.1268074532291793,current,True
74,20,315,0.5,0.11113086671176786,0.03484672084721374,0.10536343844659363,0.10399806847309126,0.1240310932156187,current,True
74,20,315,1.0,0.10779829358309202,0.031195964829191625,0.10502631313660431,0.13130115362971664,0.0870674139829551,current,True
74,40,0,0.5,0.13199930281268615,0.0553957007159818,0.1338736498456004,0.13437240568958567,0.12775185290287244,current,False
74,40,0,1.0,0.1326484140206466,0.01656795412159189,0.1536258078517623,0.14109000483479897,0.10322942937537848,current,False
74,40,45,0.5,0.12330282114195508,0.002905045160996718,0.12178817808522216,0.121848123046962,0.1262721622936811,current,True
74,40,45,1.0,0.10847757559219977,0.013078063543830332,0.1218016372408014,0.10245589000641742,0.10117519952938048,current,True
74,40,90,0.5,0.0979363881031043,0.008820598372988993,0.09445154062520765,0.096729780428055,0.10262784325605029,current,False
74,40,90,1.0,0.11425606483036181,0.038349323230460655,0.1370054609810897,0.11112267706805978,0.09464005644193596,current,True
74,40,135,0.5,0.10648724248731627,0.007553046136774672,0.11227947025147461,0.10203871951995558,0.10514353769051857,current,True
74,40,135,1.0,0.11444420882903195,0.0232468405848351,0.12853740046188938,0.10518495399091882,0.10961027203428764,current,True
74,40,180,0.5,0.17326838416545653,0.3829742293525044,0.14817329142945726,0.20130844154909913,0.1703234195178132,current,True
74,40,180,1.0,0.11742661092020103,0.06291320765641646,0.12207095662511508,0.11462073076916213,0.11558814536632592,current,True
74,40,225,0.5,0.1225831381300239,0.05549172490120183,0.11702065875488425,0.10795250936266357,0.1427762462725239,current,True
74,40,225,1.0,0.10188675809948611,0.015420884452638513,0.10610248142343431,0.08606528729668107,0.11349250557834295,current,True
74,40,270,0.5,0.09873796688155732,0.03864169364923539,0.1256510329814726,0.075661967517403,0.09490090014579636,current,True
74,40,270,1.0,0.11549423639468992,0.039379753090867296,0.14310035811651045,0.10333592311692652,0.10004642795063279,current,True
74,40,315,0.5,0.11387596899919178,0.0222897016763354,0.1379433065522181,0.09972450984235204,0.10396009060300523,current,True
74,40,315,1.0,0.14813294819629122,0.07220409976032101,0.11501676105403791,0.1721776723754574,0.15720441115937833,current,True
74,60,0,0.5,0.1258652257676054,0.08677509702626576,0.13098705556240609,0.12390861740999179,0.12270000433041836,current,True
74,60,0,1.0,0.12262947106372052,0.03576515253311228,0.10659368241178793,0.13781406597031615,0.12348066480905752,current,True
74,60,45,0.5,0.12642257983649938,0.03657429130644638,0.13091046764869246,0.1287275175398735,0.1196297543209322,current,True
74,60,45,1.0,0.11452491459452901,0.0307515387100074,0.1357288083533745,0.10011564860662077,0.1077302868235918,current,True
74,60,90,0.5,0.15848464006989527,0.1167771970020707,0.16990516896243466,0.14505088429939172,0.1604978669478594,current,True
74,60,90,1.0,0.13630877397093769,0.0859293664676072,0.15106952409275387,0.11755853172192213,0.1402982660981371,current,True
74,60,135,0.5,0.17916375879894295,0.018037826899298955,0.15718832264075241,0.19121154342005775,0.18909141033601873,current,True
74,60,135,1.0,0.10254731328126798,0.011533433927472178,0.1463629664163568,0.10216732743297643,0.059111645994470684,current,True
74,60,180,0.5,0.14565036701547082,0.014575845771977618,0.11883732250107876,0.17270418920446964,0.145409589340864,current,True
74,60,180,1.0,0.1479746368995702,0.0008021240664341734,0.13447612773132306,0.12279921367504257,0.1866485692923449,current,True
74,60,225,0.5,0.1414108851207465,0.057801986720018,0.14575389309676773,0.10305103207945308,0.1754277301860187,current,True
74,60,225,1.0,0.11319823028662863,0.028512585999915137,0.11675924509483766,0.09910765730718832,0.12372778845785998,current,True
74,60,270,0.5,0.12969294340678375,0.05622621574035526,0.13111968725430329,0.11744134671258787,0.14051779625346006,current,True
74,60,270,1.0,0.11375618203133138,0.031793203418986185,0.11695067478238946,0.1024544555261904,0.12186341578541429,current,True
74,60,315,0.5,0.09926149779771072,0.00017250980487504774,0.10305161852529036,0.10065229920228042,0.09408057566556144,current,True
74,60,315,1.0,0.12054650978713204,0.0022615352398121474,0.10341005082898086,0.1225356395376881,0.13569383899472712,current,True
79,20,0,0.5,0.14934674958622554,0.13825831209768158,0.1615881000092752,0.14557080890528779,0.14088133984411366,current,False
79,20,0,1.0,0.16327716209184226,0.088491430179936,0.23184329242634766,0.12680307371421218,0.13118512013496694,current,True
79,20,45,0.5,0.12808330443879193,0.03294668826103459,0.1132229338358088,0.16252464054204652,0.10850233893852047,current,True
79,20,45,1.0,0.1338684709281304,0.007446925014999453,0.11360809992551403,0.16009920889476592,0.12789810396411122,current,True
79,20,90,0.5,0.14693696482350396,0.07652531914700286,0.16581136096541665,0.1576930962770275,0.11730643722806772,current,True
79,20,90,1.0,0.16856936162784977,0.05307658779136819,0.19216932999391348,0.17009718296810636,0.1434415719215295,current,True
79,20,135,0.5,0.14154104299783463,0.036757727653876957,0.12760947560659858,0.1365175820843626,0.16049607130254273,current,True
79,20,135,1.0,0.13815911887292612,0.015850757808442792,0.11297029351429606,0.14461056691764226,0.1568964961868401,current,True
79,20,180,0.5,0.1364183717765968,0.044552594951973126,0.13974968455647443,0.13964353461099835,0.12986189616231764,current,True
79,20,180,1.0,0.143164642975831,0.1353197459839038,0.19701725156915312,0.10391178200922882,0.12856489534911114,current,True
79,20,225,0.5,0.1304714040904051,0.01352316024380841,0.1306871078651799,0.12509343561269076,0.13563366879334468,current,True
79,20,225,1.0,0.13356452248909687,0.014332669412158893,0.13329577941351758,0.14454891039838186,0.12284887765539111,current,True
79,20,270,0.5,0.12448196131331409,0.013454201277714711,0.14370597240495114,0.12363104866128721,0.10610886287370389,current,True
79,20,270,1.0,0.18177533961146572,0.13406795384574338,0.17400383211880746,0.1478492917870135,0.22347289492857625,current,True
79,20,315,0.5,0.1225695286590287,0.012868527139821324,0.09388850000709247,0.1657485296003107,0.10807155636968294,current,True
79,20,315,1.0,0.1533644429267586,0.08021706316082558,0.12831561499463282,0.15803266091677018,0.17374505286887282,current,True
79,40,0,0.5,0.13071780529894164,0.010907580315769383,0.15068718770287365,0.11640302264635335,0.12506320554759787,current,False
79,40,0,1.0,0.1306910088229154,0.1184203488308694,0.12705324739170656,0.13214728457086933,0.13287249450617034,current,False
79,40,45,0.5,0.1262713706427235,0.04287522481284782,0.13617471272192733,0.1330589663656047,0.10958043284063848,current,True
79,40,45,1.0,0.1381863231304882,0.04873969679180408,0.1299864884032461,0.13054453469277558,0.154027946295443,current,True
79,40,90,0.5,0.12278126080979233,0.016646398542807427,0.10469126034796333,0.1389612431495939,0.12469127893181972,current,False
79,40,90,1.0,0.12849481935616222,0.011199493522726464,0.12443506955265304,0.11669884477456166,0.14435054374127196,current,True
79,40,135,0.5,0.14227643941330034,0.02861849154079131,0.15913021308891603,0.11748378031222559,0.15021532483875938,current,True
79,40,135,1.0,0.1269253657392437,0.045268398998575245,0.10779014993289723,0.1498695283899088,0.12311641889492508,current,True
79,40,180,0.5,0.12046672546206187,0.00904056043266801,0.12152546419544806,0.12385330294353457,0.11602140924720294,current,True
79,40,180,1.0,0.12480811701220175,0.03890643301068798,0.16721270823283496,0.11327980759580726,0.09393183520796305,current,True
79,40,225,0.5,0.16005802757467377,0.08954292353274818,0.15848939210927693,0.15729726355010737,0.16438742706463697,current,True
79,40,225,1.0,0.12650450394886673,0.0004256906429907439,0.12209890860658673,0.12547956173328023,0.13193504150673319,current,True
79,40,270,0.5,0.2210464348962665,0.1484870579719871,0.22281917452122027,0.24048905751233426,0.1998310726552449,current,True
79,40,270,1.0,0.14030822549781585,0.030313167705086665,0.12629719140755863,0.15930720407797938,0.1353202810079095,current,True
79,40,315,0.5,0.12876876992635886,0.004107449663896701,0.13447050313605338,0.12480920664182486,0.12702660000119836,current,True
79,40,315,1.0,0.1500740938012543,0.09947409511527691,0.1330070467520082,0.17391654874062065,0.1432986859111341,current,True
79,60,0,0.5,0.12913132888380716,0.006735734043740026,0.13518557014419263,0.14143609982919284,0.11077231667803596,current,True
79,60,0,1.0,0.12541784294209818,0.08941888974121898,0.1364975895316447,0.1271341812792856,0.11262175801536423,current,True
79,60,45,0.5,0.1144431451280649,0.02977693610965588,0.11752774521193952,0.11614872292366307,0.1096529672485921,current,True
79,60,45,1.0,0.15203134136892027,0.05581759433432009,0.13357151511403698,0.17293615975481708,0.14958634923790673,current,True
79,60,90,0.5,0.11527338794443646,0.03196957175810804,0.11858951512648419,0.09828870084050384,0.12894194786632135,current,True
79,60,90,1.0,0.11579022333895343,0.0066435235840118356,0.12656192906788127,0.11447530942701625,0.10633343152196278,current,True
79,60,135,0.5,0.11219980770944867,0.030840450863482166,0.1066636468579027,0.11470216583219209,0.11523361043825123,current,True
79,60,135,1.0,0.08321111633062174,0.053442567596283866,0.08014723057484659,0.09518406776255513,0.07430205065446352,current,True
79,60,180,0.5,0.13423546515982068,0.08664909631456282,0.12170061751234078,0.15471616318089187,0.1262896147862294,current,True
79,60,180,1.0,0.14143416512714854,0.11578531382660712,0.13797023440022793,0.12500762037894977,0.16132464060226787,current,True
79,60,225,0.5,0.1436088578805628,0.14441466074302356,0.16003937192517673,0.13666899357256507,0.13411820814394665,current,True
79,60,225,1.0,0.1794726566349284,0.30618654921913474,0.13014360674927195,0.1801366455280208,0.22813771762749244,current,True
79,60,270,0.5,0.20617651642555315,0.12912542805214056,0.20618958151257125,0.20742576413590813,0.20491420362818014,current,True
79,60,270,1.0,0.14787993904526778,0.01331418705721193,0.1463332070097966,0.1673698192450697,0.12993679088093704,current,True
79,60,315,0.5,0.09362224597482705,0.03018139484456727,0.09493572441077319,0.10248177660305927,0.08344923691064865,current,True
79,60,315,1.0,0.15728298641300353,0.07911240292086179,0.16599189396686098,0.1381470294660299,0.16771003580611973,current,True
82,20,0,0.5,0.1342721568999577,0.07985973400925787,0.15901710587668053,0.1195967934851087,0.12420257133808386,current,False
82,20,0,1.0,0.23995287193006587,0.30265368877595844,0.19457423454808553,0.2525902115976436,0.2726941696444685,current,True
82,20,45,0.5,0.12733735348396705,0.03470715274055031,0.11193760717691902,0.1550240187151936,0.11505043455978853,current,True
82,20,45,1.0,0.15157292496100205,0.0557881940291214,0.16037769535159488,0.135892826281374,0.15844825325003725,current,True
82,20,90,0.5,0.12133221144947155,0.054054044638437465,0.13274069373377279,0.12578221187339295,0.10547372874124898,current,True
82,20,90,1.0,0.10778009663753862,0.001984989314523311,0.10974372015288632,0.09819126432642378,0.11540530543330577,current,True
82,20,135,0.5,0.1467021155772442,0.024939724796158278,0.12097742455811222,0.16232130512143256,0.15680761705218782,current,True
82,20,135,1.0,0.1312300755160001,0.05888850092514345,0.13030325450488114,0.1651844345075011,0.09820253753561811,current,True
82,20,180,0.5,0.14226581929429674,0.01619539929755716,0.1256525569418429,0.1264626876470924,0.17468221329395484,current,True
82,20,180,1.0,0.13799824310759082,0.05176276829547219,0.1380709684554272,0.13754194456012153,0.13838181630722382,current,True
82,20,225,0.5,0.12095173588559477,0.005942311535441885,0.13256151494326507,0.12011787879789176,0.1101758139156275,current,True
82,20,225,1.0,0.15565287863691693,0.019888285861981252,0.17006884303674233,0.09117770038950596,0.20571209248450248,current,True
82,20,270,0.5,0.2011221304127775,0.1850185040292246,0.14206387946871404,0.2252724959311575,0.23603001583846095,current,True
82,20,270,1.0,0.20936055462008354,0.16686096845624265,0.1565046541386808,0.2412113312324779,0.23036567848909192,current,True
82,20,315,0.5,0.13551087685274035,0.06975201655533057,0.12867970276156798,0.12670516274862595,0.1511477650480272,current,True
82,20,315,1.0,0.154478509605583,0.07083647299978517,0.1247686514113471,0.20206370542613916,0.13660317197926272,current,True
82,40,0,0.5,0.10790591125502486,0.030638424599275047,0.11049597959452191,0.09627651533310445,0.11694523883744819,current,False
82,40,0,1.0,0.1385977642580821,0.058601962940567964,0.16225443769397369,0.13943480621285376,0.11410404886741889,current,False
82,40,45,0.5,0.11114150649390671,0.026438175462859172,0.1152207064374024,0.11156524010390703,0.10663857294041068,current,True
82,40,45,1.0,0.13113867423822553,0.025827357400970148,0.14224785063400538,0.1243738215744026,0.1267943505062686,current,True
82,40,90,0.5,0.10412274713377234,0.021414223000588085,0.10323549436311814,0.12166496841104486,0.08746777862715402,current,False
82,40,90,1.0,0.08344314789094102,0.019791589183764575,0.08212773813157455,0.08191640579786928,0.08628529974337917,current,True
82,40,135,0.5,0.10626909943214502,0.026702414155364607,0.10657091904581939,0.09342569193941544,0.11881068731120023,current,True
82,40,135,1.0,0.14614492662734044,0.009529773073158424,0.16309564857542885,0.13106398066305444,0.144275150643538,current,True
82,40,180,0.5,0.17872177169744644,0.11952819739893726,0.193252817341721,0.15901070988364258,0.18390178786697575,current,True
82,40,180,1.0,0.11520900876702304,0.006642002234613653,0.12489703362499613,0.1087967500564535,0.11193324261961947,current,True
82,40,225,0.5,0.11793093420775536,0.01966931067755391,0.1098899986992859,0.11160539231182387,0.1322974116121563,current,True
82,40,225,1.0,0.12475815019324939,0.036486405549623034,0.1254874009814967,0.11956219114118542,0.1292248584570661,current,True
82,40,270,0.5,0.11937801964179322,0.012778168155597534,0.13552837138440485,0.11750497885780202,0.10510070868317276,current,True
82,40,270,1.0,0.1327448554317564,0.044186324190886944,0.13276770485330835,0.13822035793153925,0.12724650351042158,current,True
82,40,315,0.5,0.14381007770291568,0.13424483538449533,0.15188546672390635,0.1359899963080407,0.14355477007679998,current,True
82,40,315,1.0,0.1445673391567813,0.08124762557828724,0.12866216122129687,0.1578039068043881,0.14723594944465887,current,True
82,60,0,0.5,0.11629315241172151,0.030403949083572086,0.11137112242019728,0.12179990003405836,0.11570843478090893,current,True
82,60,0,1.0,0.1310583990848786,0.054516491335207355,0.1296483494740775,0.14062926180386356,0.12289758597669476,current,True
82,60,45,0.5,0.1024612378957394,0.0016768455792948445,0.07897814605636339,0.10928587662269135,0.11911969100816343,current,True
82,60,45,1.0,0.11251220248242648,0.02987342773420919,0.10051200942225892,0.12354134634534401,0.11348325167967649,current,True
82,60,90,0.5,0.14504920193614176,0.0582618035443168,0.15525589149278818,0.13456391199673104,0.14532780231890602,current,True
82,60,90,1.0,0.11743435467884811,0.008778874331214643,0.11346359336853368,0.10912165948803829,0.12971781117997236,current,True
82,60,135,0.5,0.09756849160107202,0.008357333752305336,0.09388731436466441,0.10981426228563801,0.08900389815291362,current,True
82,60,135,1.0,0.115527533671116,0.023214781910824937,0.13069794016466504,0.11282421142162316,0.10306044942705976,current,True
82,60,180,0.5,0.12047120649344241,0.03975366027867789,0.11387989833335899,0.12391228457161077,0.12362143657535749,current,True
82,60,180,1.0,0.1533810721661073,0.09626332651197966,0.13940565533100757,0.16120110158925313,0.15953645957806115,current,True
82,60,225,0.5,0.12880945956129866,0.030934254790268415,0.14237651347361985,0.13031390761292158,0.1137379575973546,current,True
82,60,225,1.0,0.15798946605650377,0.03672147081341942,0.17430537421720546,0.16163911708456896,0.13802390686773688,current,True
82,60,270,0.5,0.14717079173710917,0.017598863706188156,0.10967020606636017,0.1629208539106039,0.1689213152343634,current,True
82,60,270,1.0,0.15123968063394064,0.03779994658261781,0.1463679810784648,0.16987536425337915,0.137475696569978,current,True
82,60,315,0.5,0.08825025421576964,0.02989815867002701,0.09604891061442532,0.09585451867174585,0.07284733336113774,current,True
82,60,315,1.0,0.19124351663670436,0.20769179209211625,0.18465531367721544,0.18740317194062897,0.2016720642922687,current,True
87,20,0,0.5,0.14517250873683335,0.014277454448095753,0.17128930338624204,0.12929018665172076,0.13493803617253727,current,False
87,20,0,1.0,0.2908479188932535,0.47910378897604466,0.17140696745661987,0.3706630714265394,0.3304737177966012,current,True
87,20,45,0.5,0.12481200715479834,0.03818547448417205,0.12092840819124999,0.13104630945881643,0.12246130381432857,current,True
87,20,45,1.0,0.14748255349358516,0.028296480642448576,0.1148138663696897,0.17600420877698697,0.15162958533407883,current,True
87,20,90,0.5,0.1046343561887091,0.00737532765278982,0.11666524970913278,0.09643856830934872,0.10079925054764584,current,True
87,20,90,1.0,0.15388534490596442,0.03919965139021,0.14106000196162968,0.15759926038169497,0.16299677237456864,current,True
87,20,135,0.5,0.11365909642273064,0.0209643325018982,0.13652261358552154,0.09678057672861526,0.10767409895405511,current,True
87,20,135,1.0,0.11907214481098878,0.05567353263189972,0.10086782358487738,0.12762177066105224,0.12872684018703673,current,True
87,20,180,0.5,0.1370750916178092,0.04365164530286466,0.15459791316774493,0.10924386556415597,0.14738349612152674,current,True
87,20,180,1.0,0.26113153551834817,0.3818214845538476,0.18131779352577565,0.3127732427503275,0.28930357027894155,current,True
87,20,225,0.5,0.13847371536601227,0.010864859397321168,0.10180397646714182,0.1999001986902056,0.11371697094068936,current,True
87,20,225,1.0,0.2020531057707937,0.12462444234239609,0.16130920467237872,0.21897512956483522,0.22587498307516707,current,True
87,20,270,0.5,0.16724065741520447,0.11988090568476864,0.1441928061497323,0.17215988198509619,0.1853692841107849,current,True
87,20,270,1.0,0.1449717176172096,0.10007507486432816,0.14843677914412584,0.14302142745424204,0.14345694625326083,current,True
87,20,315,0.5,0.12031218981668113,0.03944637254750813,0.12611444460886728,0.13257893940967325,0.10224318543150282,current,True
87,20,315,1.0,0.14747704750082702,0.0026697004272809494,0.12495075992815433,0.17118688261772488,0.14629349995660182,current,True
87,40,0,0.5,0.12020262638306438,0.00793605656313679,0.1147861901297026,0.10294754581937947,0.14287414320011105,current,False
87,40,0,1.0,0.21335673362958044,0.29197758101173477,0.16681875137164354,0.21575822884975915,0.25749322066733865,current,False
87,40,45,0.5,0.11766335436068372,0.015825650201128957,0.10179337832759103,0.13976737410940154,0.1114293106450586,current,True
87,40,45,1.0,0.1619510074783941,0.00547014597650284,0.14367544456844475,0.15483536810485066,0.1873422097618869,current,True
87,40,90,0.5,0.16785727096385417,0.04339930971461832,0.1836223496699354,0.15320001948545614,0.16674944373617093,current,False
87,40,90,1.0,0.11616409665988638,0.033498719087592506,0.13337469809278119,0.10125951637693575,0.11385807550994222,current,True
87,40,135,0.5,0.11042249129262345,0.027402580673918653,0.11525938145688332,0.09037926401384683,0.12562882840714018,current,True
87,40,135,1.0,0.14859176202057134,0.10722569980585815,0.15263111093819742,0.1432448571620522,0.14989931796146438,current,True
87,40,180,0.5,0.13319632714785223,0.04696420609288927,0.1464838584718172,0.08818718401917801,0.16491793895256143,current,True
87,40,180,1.0,0.1343671850033029,0.018285565406870787,0.11025945845622823,0.15618114248089865,0.13666095407278184,current,True
87,40,225,0.5,0.1499930227692656,0.12371080855595812,0.1100768933531447,0.18165192000725144,0.1582502549474007,current,True
87,40,225,1.0,0.1446255878444405,0.05764128301450558,0.12033914870685909,0.1529227763047552,0.16061483852170727,current,True
87,40,270,0.5,0.12664457434398077,0.007022572933648183,0.1379372968437901,0.12957432585524895,0.11242210033290326,current,True
87,40,270,1.0,0.1475353485474811,0.000819093121799925,0.15458666790633813,0.1456746267922955,0.1423447509438097,current,True
87,40,315,0.5,0.1347162810409464,0.12630522940153244,0.12919815498431192,0.1306570952398104,0.1442935928987169,current,True
87,40,315,1.0,0.13958147389270634,0.029501714384501245,0.1440033567542954,0.13471921006205084,0.14002185486177282,current,True
87,60,0,0.5,0.1531025821885916,0.10852279273578513,0.1377772386196448,0.16688159440099984,0.15464891354513016,current,True
87,60,0,1.0,0.1858664284717392,0.10384182592379883,0.1966080100194531,0.18932733343611421,0.1716639419596503,current,True
87,60,45,0.5,0.11028266391593704,0.013346924917767513,0.10057283765178675,0.10186423724091116,0.12841091685511316,current,True
87,60,45,1.0,0.14323954639482983,0.09274831003079735,0.1523244099144769,0.13323229837804668,0.14416193089196588,current,True
87,60,90,0.5,0.1400768995738082,0.10144388689767442,0.13045638822968547,0.15655506706157707,0.13321924343016206,current,True
87,60,90,1.0,0.12873665379266944,0.053933491862449334,0.1232147768866059,0.12837610700337965,0.13461907748802276,current,True
87,60,135,0.5,0.12831606413995925,0.0321235787184406,0.11793348961750337,0.14288929254412264,0.12412541025825174,current,True
87,60,135,1.0,0.10632555672588133,0.022850645188040985,0.11438605070934285,0.10071752238823108,0.10387309708007006,current,True
87,60,180,0.5,0.15098196739767508,0.004488717959320635,0.1341338058094957,0.15790638808027702,0.16090570830325257,current,True
87,60,180,1.0,0.1458066464963144,0.10666330854476698,0.13222985445360028,0.1390546571413362,0.16613542789400673,current,True
87,60,225,0.5,0.12225941513428595,0.05810653056483822,0.11513295548042655,0.11471109448943684,0.13693419543299445,current,True
87,60,225,1.0,0.1201019368682491,0.11197927225371859,0.1333906885239121,0.12051189330598308,0.10640322877485213,current,True
87,60,270,0.5,0.10566339383998008,0.007956273106092813,0.09349602282119812,0.12372082262844905,0.0997733360702931,current,True
87,60,270,1.0,0.11717775720322615,0.01762366902488696,0.12388824359337619,0.08843100135537055,0.13921402666093172,current,True
87,60,315,0.5,0.12197208377890566,0.026748072113202924,0.1166756974106475,0.12230123677579723,0.1269393171502723,current,True
87,60,315,1.0,0.14624193730110482,0.01822349946784628,0.14441505252785225,0.14253591503128032,0.1517748443441819,current,True
102,20,0,0.5,0.1630708357993151,0.06117597028097856,0.14265415894021927,0.19165355590669997,0.15490479255102607,current,False
102,20,0,1.0,0.32375206160022624,0.7074754436205896,0.18582732784512906,0.4823036348069209,0.3031252221486286,current,True
102,20,45,0.5,0.25866107164848445,0.5589279963898508,0.24510688193610275,0.2730664532515388,0.25780987975781183,current,True
102,20,45,1.0,1.110273896253091,0.9019656961775384,1.0434967266557338,1.1691691464199123,1.118155815683627,current,True
102,20,90,0.5,0.13808235793283521,0.05182450734992691,0.13144516360049122,0.12747407144681674,0.15532783875119768,current,True
102,20,90,1.0,0.09945853964185529,0.09162063733920857,0.08947159769221433,0.09943623148831549,0.10946778974503603,current,True
102,20,135,0.5,0.10793243615118038,0.03770507883717734,0.11388075263824983,0.10819235638594116,0.1017241994293502,current,True
102,20,135,1.0,0.16289241698000753,0.03579923670856546,0.15806621591008546,0.1857105540681659,0.14490048096177127,current,True
102,20,180,0.5,0.20140236808387513,0.10411797900856896,0.15976873495737232,0.1856368735999991,0.2588014956942539,current,True
102,20,180,1.0,0.16152379436533384,0.20944938217728729,0.17885252964430454,0.1747644484360856,0.1309544050156114,current,True
102,20,225,0.5,0.15202341413912768,0.09184931643934376,0.15113314265642824,0.14472512262407927,0.16021197713687557,current,True
102,20,225,1.0,0.19828134908387943,0.03590212745352704,0.2391780206945916,0.15086581021001821,0.20480021634702855,current,True
102,20,270,0.5,0.14788175160813113,0.09447838119574142,0.17323564318169196,0.11437513393786776,0.15603447770483364,current,True
102,20,270,1.0,0.12133276915977033,0.06413072036423596,0.10574095833764746,0.13344797732362124,0.1248093718180423,current,True
102,20,315,0.5,0.14270395596798774,0.062070839132217684,0.11994469662225263,0.15931834733374164,0.14884882394796897,current,True
102,20,315,1.0,0.14940205023133724,0.1017443548554677,0.15168251802386645,0.1371358363825978,0.15938779628754743,current,True
102,40,0,0.5,0.21982095632931098,0.4030998785172928,0.1352382875360848,0.26827632331884066,0.2559482581330075,current,False
102,40,0,1.0,1.6611909908191007,1.6305729406797513,1.491847654823657,1.7187194150938372,1.773005902539808,current,False
102,40,45,0.5,0.8617634198706475,1.2640479141214993,0.8836213399645043,0.9408970537415817,0.7607718659058567,current,True
102,40,45,1.0,0.7693877178045576,0.9353122792698928,0.772503770528401,0.8010781882369739,0.7345811946482983,current,True
102,40,90,0.5,0.09154866192462141,0.03286516578825336,0.088102139883671,0.10099734015544667,0.08554650573474654,current,False
102,40,90,1.0,0.14341633857202554,0.13056918292561162,0.16331794978235864,0.12457253517053582,0.14235853076318222,current,True
102,40,135,0.5,0.10717881012117166,0.05257686767815845,0.10716896322787785,0.116034454376056,0.09833301275958116,current,True
102,40,135,1.0,0.22698126868954915,0.2915920655950593,0.2301333771251407,0.23677801465790016,0.21403241428560668,current,True
102,40,180,0.5,0.13202687187707063,0.0339080211638347,0.13406666485485458,0.11598385285537105,0.14603009792098626,current,True
102,40,180,1.0,1.7130515429103503,1.8594103032662423,1.584703274142937,1.8263711048974174,1.728080249690697,current,True
102,40,225,0.5,0.24137165295972687,0.07432538275489886,0.26267660466959636,0.2003618408551585,0.2610765133544257,current,True
102,40,225,1.0,0.1691807349467033,0.31577444294259105,0.16730396285349697,0.1431221360547491,0.19711610593186385,current,True
102,40,270,0.5,0.1100830613249019,0.011316413566766789,0.0944001051514606,0.1354104228753199,0.10043865594792521,current,True
102,40,270,1.0,0.11730694049181267,0.014023347134188591,0.11886223608519578,0.11402671639232882,0.11903186899791343,current,True
102,40,315,0.5,0.11585669117846564,0.11292315064670694,0.10431899182016965,0.12276285150935484,0.12048823020587242,current,True
102,40,315,1.0,0.12542296289981983,0.08854151507783611,0.13100044877999167,0.1048415799181642,0.14042686000130358,current,True
102,60,0,0.5,0.25076640786854504,0.729771396292969,0.2510134998951338,0.24150317801138185,0.2597825456991195,current,True
102,60,0,1.0,0.8815634010439061,1.339228884604363,0.7177824909721278,0.947368163232212,0.9795395489273788,current,True
102,60,45,0.5,0.4636669792401087,0.6426378921398329,0.5057575239100573,0.45431397657160455,0.43092943723866406,current,True
102,60,45,1.0,0.19899534106627878,0.028226412277427462,0.24732374820779401,0.1721632374242552,0.17749903756678703,current,True
102,60,90,0.5,0.12710541974688092,0.04020687910857271,0.11815553722732278,0.14806338240974637,0.11509733960357361,current,True
102,60,90,1.0,0.19367923066709192,0.10475759367427316,0.1980587442804444,0.23180357707650523,0.15117537064432615,current,True
102,60,135,0.5,0.13264496696219502,0.02333514850021176,0.14420732362385102,0.14094631609956526,0.11278126116316876,current,True
102,60,135,1.0,0.35471859610080575,0.318566081218357,0.3534892122945781,0.3657692174273075,0.3448973585805318,current,True
102,60,180,0.5,0.18698813415188628,0.22041884639907963,0.16241183802295445,0.20560120021481254,0.19295136421789186,current,True
102,60,180,1.0,0.8647074825088165,1.7135642052709632,0.6611979735236482,1.0146646617367838,0.9182598122660173,current,True
102,60,225,0.5,0.11856631014973412,0.12633974029982728,0.11101190758541868,0.12431578161546478,0.12037124124831892,current,True
102,60,225,1.0,0.2313229517454719,0.3043920514847384,0.33156854604526764,0.1956471888035607,0.16675312038758736,current,True
102,60,270,0.5,0.11499848524739513,0.00039768712774742427,0.1061943172993666,0.11061992175430978,0.12818121668850901,current,True
102,60,270,1.0,0.2000459210398998,0.01215342504598781,0.22678682131904582,0.20165633649431397,0.1716946053063395,current,True
102,60,315,0.5,0.09835304594499705,0.0675902640670002,0.07061594604228538,0.11407482036746108,0.11036837142524472,current,True
102,60,315,1.0,0.19024427194223845,0.02536404174708076,0.17750538262979268,0.20724683428261415,0.18598059891430857,current,True
103,20,0,0.5,0.40266441781203133,0.2823891518618764,0.38332298336086174,0.4016149158500301,0.42305535422520224,current,False
103,20,0,1.0,0.763501179252628,1.3803576861962676,0.4919960996872386,1.0009296946669555,0.7975777434036897,current,True
103,20,45,0.5,0.18191183498320818,0.23950138830133075,0.19501262356521423,0.1784810687050027,0.17224181267940758,current,True
103,20,45,1.0,0.38014832892059297,0.4556608670496898,0.3403847811632983,0.3746082810430065,0.4254519245554741,current,True
103,20,90,0.5,0.15094423268418855,0.2575860383385241,0.19176808802415857,0.132870756907482,0.1281938531209251,current,True
103,20,90,1.0,0.1764725291846114,0.17875069864497134,0.18769760907842367,0.15717869489443623,0.18454128358097427,current,True
103,20,135,0.5,0.16705576155547797,0.11993387072511531,0.15584542798936057,0.15104366700245564,0.19427818967461766,current,True
103,20,135,1.0,0.16419517864904928,0.060688089711027106,0.137537482818172,0.19873817100884714,0.15630988212012867,current,True
103,20,180,0.5,0.27561036626105323,0.3703536181624432,0.17755465265626783,0.3127297922189546,0.33654665390793737,current,True
103,20,180,1.0,0.1748036213488873,0.09392254848621413,0.1325445223638294,0.18452268664419058,0.20734365503864197,current,True
103,20,225,0.5,1.2350595486391975,1.2563830919204695,1.1099046401335744,1.448530260412411,1.1467437453716074,current,True
103,20,225,1.0,0.12259804676787593,0.0030196696438062345,0.11262388392346785,0.12815795048725365,0.1270123058929063,current,True
103,20,270,0.5,0.1716739898044407,0.13849024132494403,0.15937073008550884,0.1561205707882677,0.19953066853954557,current,True
103,20,270,1.0,0.1980647678427705,0.1766358504507463,0.1742435021882301,0.18590159906320736,0.2340492022768741,current,True
103,20,315,0.5,0.4471068311946163,0.06378585140252672,0.4288117905706551,0.5611456811925113,0.35136302182068235,current,True
103,20,315,1.0,1.6506125682866504,1.5726152814930758,1.6503270047486087,1.7397160476565132,1.5617946524548292,current,True
103,40,0,0.5,0.34536445981744945,0.6039615587398728,0.3885961160141997,0.32347530182706014,0.32402196161108837,current,False
103,40,0,1.0,0.6846274184261899,1.4573882127139337,0.39454422037097037,0.9353282189527543,0.7240098159548449,current,False
103,40,45,0.5,0.26259985110495515,0.014244511223096787,0.2678412025176534,0.26008125925760267,0.2598770915396094,current,True
103,40,45,1.0,0.7848582960052299,0.9178224010589123,0.7515561167527716,0.8873197172280545,0.7156990540348634,current,True
103,40,90,0.5,0.18632030607401173,0.08416126243514627,0.2827156734732111,0.12728440623271337,0.1489608385161108,current,False
103,40,90,1.0,0.22787814333732123,0.14016782544619943,0.257303425836575,0.20796040876376432,0.21837059541162437,current,True
103,40,135,0.5,0.22799614005908397,0.04165990805256481,0.2203904041690598,0.236219007638242,0.22737900836995018,current,True
103,40,135,1.0,0.24672533915582706,0.06751782559116619,0.21293713494676642,0.26815516063969447,0.25908372188102036,current,True
103,40,180,0.5,0.703633141291946,1.0572493696431349,0.359365208394964,0.9700356362902983,0.7814985791905756,current,True
103,40,180,1.0,0.14778205752394777,0.04827262812911683,0.15039800992704996,0.18717402193378108,0.10577414071101218,current,True
103,40,225,0.5,0.29086385181329416,0.187398209196238,0.27901222052850483,0.31418838757438067,0.279390947336997,current,True
103,40,225,1.0,0.15287209762107262,0.007137074012715272,0.12468684895458135,0.1745845988830344,0.1593448450256021,current,True
103,40,270,0.5,0.14962242514779597,0.010692077769803472,0.15463442424997198,0.1817670106647541,0.11246584052866185,current,True
103,40,270,1.0,0.20004938173349643,0.2158960428548619,0.14929725693291618,0.228181422711917,0.2226694655556561,current,True
103,40,315,0.5,0.1846053475297611,0.5522409239855467,0.16880026129167905,0.21156780186909546,0.17344797942850876,current,True
103,40,315,1.0,0.2362595714335568,0.13292645504707065,0.18135691840138363,0.2837691856229978,0.24365261027628904,current,True
103,60,0,0.5,0.8758071337130359,1.7067323591202153,0.6085286423611033,1.027827923470738,0.9910648353072669,current,True
103,60,0,1.0,0.1659109619104294,0.15613067109249226,0.11205948407546303,0.20181601553523026,0.18385738612059488,current,True
103,60,45,0.5,0.3963492938833984,0.017606676345809123,0.4480950075612353,0.31842833225672496,0.422524541832235,current,True
103,60,45,1.0,0.4022272067877278,0.1382681837881609,0.4521648279502534,0.37086494633676304,0.38365184607616687,current,True
103,60,90,0.5,0.1600228364357098,0.12530631058774896,0.21068234437441102,0.15283843999674251,0.11654772493597589,current,True
103,60,90,1.0,0.3499484573139388,0.09954291949405075,0.3824799340223458,0.30076000721547347,0.3666054307039972,current,True
103,60,135,0.5,0.18034660348644482,0.16178215360277692,0.18931669805995513,0.16971010817741203,0.1820130042219673,current,True
103,60,135,1.0,0.381045393346199,0.0023573526159567986,0.3640216578655614,0.42393095419702786,0.3551835679760078,current,True
103,60,180,0.5,0.14998062778663204,0.008580228804328151,0.13629868125119332,0.1468631755097677,0.1667800265989351,current,True
103,60,180,1.0,0.1598811428357246,0.04286625919213973,0.168162120600574,0.13823412431705384,0.1732471835895459,current,True
103,60,225,0.5,0.1471446510419051,0.0064158980837821684,0.14253803882403526,0.1370852404077273,0.1618106738939528,current,True
103,60,225,1.0,0.181653257596777,0.21174504917077958,0.16222572538098678,0.16427446268461887,0.21845958472472526,current,True
103,60,270,0.5,0.18101513889935564,0.13038011553353798,0.154773633861358,0.19982868900758094,0.18844309382912805,current,True
103,60,270,1.0,0.17930434796925118,0.015713669254712872,0.20459593415484562,0.1809101684643728,0.15240694128853505,current,True
103,60,315,0.5,0.24052257425429283,0.09597451735514673,0.23928883807289825,0.2867221714751921,0.19555671321478812,current,True
103,60,315,1.0,0.2848180776029807,0.12026680445080891,0.31428649637572315,0.26033854156849756,0.2798291948647215,current,True
0,20,0,0.5,0.15613827665557564,0.21883324161524875,0.15746093229202357,0.17698491382233394,0.13396898385236944,wide,False
0,20,0,1.0,0.14121844540492198,0.17124544116914622,0.1532045667972871,0.14525341480290205,0.1251973546145768,wide,True
0,20,45,0.5,0.10222687141808096,0.025581952493761728,0.10473089323933675,0.11050344828202177,0.09144627273288433,wide,True
0,20,45,1.0,0.12806862425724688,0.01839714728543129,0.14201192270166874,0.12056885061360993,0.12162509945646205,wide,True
0,20,90,0.5,0.11195441144278422,0.0562445100214003,0.11630779163942159,0.12203691452426764,0.09751852816466332,wide,True
0,20,90,1.0,0.1533037760752023,0.0667070053808898,0.18177301077027974,0.15416070218318467,0.12397761527214245,wide,True
0,20,135,0.5,0.09939857383589479,0.04791771050127891,0.08631653835139469,0.0976837741673311,0.11419540898895861,wide,True
0,20,135,1.0,0.13235603909213442,0.058996257442094496,0.11436267324953575,0.13274943710330117,0.14995600692356637,wide,True
0,20,180,0.5,0.1467004070957834,0.29367665333378506,0.12985197857449796,0.16826810834092687,0.14198113437192542,wide,True
0,20,180,1.0,0.1509988539716651,0.20626070425812537,0.14369113254419902,0.14346449537174227,0.16584093399905403,wide,True
0,20,225,0.5,0.09623464558911306,0.06615524109393149,0.07918092878878727,0.08759318484416007,0.12192982313439181,wide,True
0,20,225,1.0,0.15123512523787822,0.0394702143264289,0.11767907246275988,0.17954532040004023,0.1564809828508345,wide,True
0,20,270,0.5,0.11693759146952538,0.020509401085580335,0.11029590683841586,0.12300286893622456,0.11751399863393579,wide,True
0,20,270,1.0,0.20286999843670683,0.32468782873502916,0.20469885281798647,0.19434128891347446,0.2095698535786596,wide,True
0,20,315,0.5,0.12943149327208003,0.09809746933058416,0.13140621825445187,0.1527864886088191,0.10410177295296913,wide,True
0,20,315,1.0,0.1072865211189703,0.0028326320011715384,0.09935792489310903,0.11312072952965428,0.10938090893414759,wide,True
0,40,0,0.5,0.11236032110899541,0.03773388813386769,0.1049571807941322,0.12406107924390716,0.10806270328894688,wide,False
0,40,0,1.0,0.14606445906888765,0.14749768118713907,0.18103119808264279,0.11680592997573294,0.14035624914828718,wide,False
0,40,45,0.5,0.10461818983216414,0.04000342365178139,0.10289986860133155,0.10954774164644764,0.10140695924871328,wide,True
0,40,45,1.0,0.11280242490028462,0.019037281566874634,0.09763553813896407,0.12123436093350917,0.11953737562838063,wide,True
0,40,90,0.5,0.10400994405377828,0.01986637966496207,0.099101134183174,0.10985600620471261,0.10307269177344823,wide,False
0,40,90,1.0,0.10801520994699969,0.006378051592114693,0.10592030508069128,0.09372444850149343,0.12440087625881432,wide,True
0,40,135,0.5,0.11360719905454013,0.03577691756577128,0.10892890914854869,0.1413796237998363,0.09051306421523538,wide,True
0,40,135,1.0,0.10830902621440687,0.07920973913955134,0.10764313940050366,0.09511452079689525,0.1221694184458217,wide,True
0,40,180,0.5,0.10896742075711964,0.0020509450394703196,0.11219469065684713,0.10461403498872465,0.11009353662578715,wide,True
0,40,180,1.0,0.1305564112871672,0.02909910485567669,0.12239760065110887,0.14159745235465954,0.12767418085573318,wide,True
0,40,225,0.5,0.11853411640982973,0.042935037678290676,0.12478652795899503,0.09989708519282109,0.1309187360776731,wide,True
0,40,225,1.0,0.12095035300911816,0.09940479622969549,0.15433810275504362,0.10018595859060792,0.10832699768170294,wide,True
0,40,270,0.5,0.11144551085953114,0.040876025789437456,0.11190017804209951,0.08823537444239984,0.13420098009409406,wide,True
0,40,270,1.0,0.10557745085915794,0.014237609769798685,0.09493525466621855,0.10265109000700057,0.11914600790425471,wide,True
0,40,315,0.5,0.09862763177776489,0.10301035917163023,0.09427391236076793,0.09448241388664501,0.1071265690858817,wide,True
0,40,315,1.0,0.11665725209828408,0.031159808440140338,0.13024545117363923,0.11314312210227545,0.10658318301893757,wide,True
0,60,0,0.5,0.10313714103945086,0.02281169305996873,0.10366908529960844,0.10570658679973,0.10003575101901413,wide,True
0,60,0,1.0,0.11055862918807265,0.03597903051863788,0.1593561038124231,0.08966525527884761,0.08265452847294727,wide,True
0,60,45,0.5,0.09075905082594062,0.004570854314488409,0.09613965172428594,0.08330504937786679,0.09283245137566916,wide,True
0,60,45,1.0,0.09627515197975561,0.01344018800467307,0.10540515171533053,0.08716992361360565,0.09625038061033069,wide,True
0,60,90,0.5,0.16872225866890037,0.139654192130197,0.13615282717593213,0.18751476961141617,0.18249917921935283,wide,True
0,60,90,1.0,0.12700245330538748,0.051110344114831494,0.11836178298172084,0.1542440887480801,0.10840148818636156,wide,True
0,60,135,0.5,0.10331520172730542,0.02659025981714983,0.10552877047236806,0.10781058054393391,0.0966062541656143,wide,True
0,60,135,1.0,0.09857044607652114,0.04022848590489984,0.08464913346119375,0.1094460922196472,0.1016161125487225,wide,True
0,60,180,0.5,0.10715236578046657,0.04898915352289959,0.11468615519499886,0.1160538745721589,0.09071706757424192,wide,True
0,60,180,1.0,0.15094891820282083,0.09076894503291877,0.18103571033556362,0.14606426141807632,0.12574678285482252,wide,True
0,60,225,0.5,0.11394718401790947,0.019343676247498123,0.11447767898353725,0.10603362433203173,0.12133024873815941,wide,True
0,60,225,1.0,0.12034491858810281,0.025356806720311587,0.11642400161552527,0.1302767594861948,0.11433399466258837,wide,True
0,60,270,0.5,0.09602502841405225,0.06742233634859149,0.0747101313357271,0.09972411495460573,0.11364083895182386,wide,True
0,60,270,1.0,0.14829793789692589,0.1640777097373966,0.13209456947717627,0.1754978210644142,0.13730142314918722,wide,True
0,60,315,0.5,0.08895555035731147,0.029707423037829778,0.08007910926121063,0.08711237807547009,0.09967516373525367,wide,True
0,60,315,1.0,0.10667055518182705,0.03464285423805037,0.11733764598041291,0.09443800413657805,0.10823601542849018,wide,True
38,20,0,0.5,0.19458706355641076,0.17112885833602776,0.1486216117181064,0.26201414333614054,0.17312543561498528,wide,False
38,20,0,1.0,0.23614516650089268,0.18782183963391524,0.14415264103435743,0.33044949519679834,0.23383336327152227,wide,True
38,20,45,0.5,0.10664198759342443,0.021332296756000076,0.10157440528310067,0.10580271010579606,0.1125488473913766,wide,True
38,20,45,1.0,0.09654140068760947,0.01620967247548069,0.08496204159392123,0.1266779193178692,0.07798424115103798,wide,True
38,20,90,0.5,0.10162695248849683,0.026543719044189586,0.08568739726683111,0.11863993581952953,0.10055352437912983,wide,True
38,20,90,1.0,0.15579797941139042,0.11920652400219071,0.19075313107199385,0.15347442512258494,0.1231663820395925,wide,True
38,20,135,0.5,0.15300987533327873,0.02433882239928114,0.1568429163093631,0.1782252095588221,0.12396150013165098,wide,True
38,20,135,1.0,0.09681827322914786,0.004638302890165186,0.09011370181409528,0.10341856000521155,0.09692255786813675,wide,True
38,20,180,0.5,0.10070789117000212,0.03048093979380026,0.08951101093328799,0.10254443835300359,0.11006822422371476,wide,True
38,20,180,1.0,0.16463179187724447,0.06206138104306344,0.1531080161901563,0.17795263234050263,0.1628347271010745,wide,True
38,20,225,0.5,0.16058002454735484,0.003061516515656872,0.10109194197328364,0.23451993449610753,0.14612819717267334,wide,True
38,20,225,1.0,0.10970570369876065,0.004232716512706953,0.09707354033903004,0.12560493707935216,0.10643863367789978,wide,True
38,20,270,0.5,0.18875493773471996,0.24400897658892712,0.14830911232031613,0.18413478218905355,0.23382091869479016,wide,True
38,20,270,1.0,0.2581954233332552,0.19753038432653683,0.3953646642036263,0.17281335382955593,0.2064082519665833,wide,True
38,20,315,0.5,0.09988595671880061,0.009537342747083798,0.08090417226260525,0.10943660039094581,0.10931709750285076,wide,True
38,20,315,1.0,0.12751769859998677,0.027693117395342203,0.14550737310475603,0.12147533826807297,0.11557038442713127,wide,True
38,40,0,0.5,0.11411669333880135,0.05900676258698517,0.10927522873816722,0.11652478055752179,0.11655007072071503,wide,False
38,40,0,1.0,0.1217545233171225,0.02743484956153807,0.10976574602218303,0.13663715114205133,0.11886067278713314,wide,False
38,40,45,0.5,0.10078835610267191,0.006405140633593369,0.09096157100303995,0.11561365833911454,0.09578983896586124,wide,True
38,40,45,1.0,0.08424550129691764,0.0021430826256098284,0.07898940535301158,0.07678599475126002,0.09696110378648129,wide,True
38,40,90,0.5,0.11494685109688045,0.010404554451664567,0.0983357225456604,0.14750760282866493,0.09899722791631599,wide,False
38,40,90,1.0,0.09377431849824887,0.005289551369628693,0.07537254985365534,0.10963118910969685,0.09631921653139444,wide,True
38,40,135,0.5,0.09791383060615068,0.00042532895500598623,0.09318768171286396,0.10981894600591571,0.09073486409967235,wide,True
38,40,135,1.0,0.1167037398999871,0.04210973107278153,0.10203906864150042,0.12361173069229725,0.12446042036616362,wide,True
38,40,180,0.5,0.10440362641968577,0.12283651573470274,0.10738359429585964,0.09436737048649657,0.11145991447670117,wide,True
38,40,180,1.0,0.12418034660234038,0.07777327973067064,0.11330510294282478,0.13221839230081978,0.12701754456337652,wide,True
38,40,225,0.5,0.10499555228653394,0.03426995878645904,0.11568793541570163,0.09373114758153128,0.1055675738623689,wide,True
38,40,225,1.0,0.10656098627422994,0.027164489818137467,0.10234321251652917,0.09328172568956786,0.12405802061659285,wide,True
38,40,270,0.5,0.22888283438404788,0.1971168915218913,0.2422755808868128,0.22746483517655566,0.21690808708877518,wide,True
38,40,270,1.0,0.12663220758021526,0.05724601689860854,0.14153671087402203,0.1082315804985498,0.13012833136807395,wide,True
38,40,315,0.5,0.1044852559985866,0.039137934461897124,0.10065076235086096,0.09794706356835421,0.11485794207654465,wide,True
38,40,315,1.0,0.13825124827779775,0.1299333570969135,0.13287501557602718,0.14151455545889968,0.14036417379846636,wide,True
38,60,0,0.5,0.10177519724351335,0.05765695366532111,0.11030001232604317,0.10916128448250442,0.08586429492199243,wide,True
38,60,0,1.0,0.13329252313972725,0.08592344356768924,0.147249472010481,0.13718230418401764,0.1154457932246831,wide,True
38,60,45,0.5,0.08208191525017394,0.00882436703598158,0.09441442884671232,0.05780430375355125,0.09402701315025828,wide,True
38,60,45,1.0,0.09116698837025161,0.014090053906509395,0.09306883859893053,0.08876858894534151,0.09166353756648271,wide,True
38,60,90,0.5,0.10957267632567073,0.01839487597242611,0.12501064922228436,0.0987437846516897,0.10496359510303813,wide,True
38,60,90,1.0,0.12203349731593971,0.05397847873505184,0.1141064006131963,0.12653586945731493,0.12545822187730796,wide,True
38,60,135,0.5,0.08607042779429071,0.019623979949212573,0.06067217621171323,0.09860902287751366,0.09893008429364528,wide,True
38,60,135,1.0,0.11271932452908733,0.03938660067434168,0.12689492586391546,0.10273087389646215,0.10853217382688438,wide,True
38,60,180,0.5,0.10183733627476665,0.010172578204911327,0.10814535181307955,0.10056372212763051,0.09680293488358989,wide,True
38,60,180,1.0,0.14591285768882473,0.02457884135731344,0.10508246001007003,0.1739258725368728,0.15873024051953133,wide,True
38,60,225,0.5,0.10787335222441112,0.02091461413400594,0.10432328982574146,0.11132660507955745,0.10797016176793447,wide,True
38,60,225,1.0,0.10105857226424435,0.00723424443899631,0.11442797899790166,0.08714932836047631,0.10159840943435505,wide,True
38,60,270,0.5,0.15088542335253965,0.026684621682003234,0.1428889934274051,0.16246309820919555,0.1473041784210183,wide,True
38,60,270,1.0,0.12629130868769303,0.1482595591324948,0.1316954979807617,0.13377766858802564,0.11340075949429185,wide,True
38,60,315,0.5,0.10648197024751195,0.07485288660106203,0.10151223082734367,0.09320735176869774,0.12472632814649443,wide,True
38,60,315,1.0,0.11816300714945073,0.06921882034535663,0.1351422966511018,0.10340815709489448,0.11593856770235592,wide,True
49,20,0,0.5,0.12861157128688272,0.04943808685942245,0.15993144388875713,0.11562810126410575,0.11027516870778527,wide,False
49,20,0,1.0,0.0956245083773601,0.04062115859750097,0.0902802480619613,0.10277784681137475,0.09381543025874421,wide,True
49,20,45,0.5,0.10506278716388828,0.03131894929647667,0.07862178995700311,0.10574236903664751,0.13082420249801427,wide,True
49,20,45,1.0,0.0896095792926435,0.02291966970610496,0.08127263613303434,0.09137000914116909,0.09618609260372704,wide,True
49,20,90,0.5,0.09287477468011392,0.03757080408564327,0.10005325154705058,0.09473558186565133,0.0838354906276399,wide,True
49,20,90,1.0,0.11455415984413682,0.0593187401893375,0.1319384654732852,0.10341735217088241,0.10830666188824284,wide,True
49,20,135,0.5,0.0874931315960405,0.013026970998296708,0.09062475419219863,0.08014645928202246,0.09170818131390039,wide,True
49,20,135,1.0,0.10030282865444558,0.003929730816586962,0.12073119505351705,0.09662376255549907,0.0835535283543206,wide,True
49,20,180,0.5,0.1277463085880376,0.11264830636711168,0.11241945289332164,0.14596423479403442,0.1248552380767567,wide,True
49,20,180,1.0,0.12967110462241524,0.035129839924633116,0.12713980305247422,0.14979213828701293,0.11208137252775853,wide,True
49,20,225,0.5,0.1025779947380977,0.02891856387049875,0.10620862141074713,0.09395343956039354,0.10757192324315241,wide,True
49,20,225,1.0,0.09623602449392121,0.012211398852245876,0.10083527019051139,0.1088845863422529,0.07898821694899935,wide,True
49,20,270,0.5,0.08647830401772157,0.023833566757769042,0.09183870332932925,0.0941500460647606,0.07344616265907482,wide,True
49,20,270,1.0,0.16104615560019064,0.0775034118505324,0.13782473630503367,0.1666881018407071,0.17862562865483117,wide,True
49,20,315,0.5,0.10160409132019547,0.03484864782192756,0.10352994123160045,0.10150641049336145,0.09977592223562452,wide,True
49,20,315,1.0,0.08271086573482683,0.0014139103382252828,0.07619558579598432,0.08829850620761498,0.08363850520088119,wide,True
49,40,0,0.5,0.10398930824636732,0.047752116423477244,0.1004122640784152,0.11117995958644397,0.10037570107424278,wide,False
49,40,0,1.0,0.12063684432474449,0.016483083764458614,0.10982448787662649,0.1188779833682993,0.1332080617293077,wide,False
49,40,45,0.5,0.1170573204804289,0.0303526375149568,0.09771997101806734,0.11930103403274135,0.13415095639047803,wide,True
49,40,45,1.0,0.11048892862780574,0.03807186836829167,0.0816039753085833,0.12877867034222598,0.12108414023260794,wide,True
49,40,90,0.5,0.11751623119934307,0.01943366264776305,0.11201101825924754,0.11475182150715137,0.1257858538316303,wide,False
49,40,90,1.0,0.10811645155035943,0.029235995071527653,0.11618165942523545,0.09363577978461815,0.11453191544122464,wide,True
49,40,135,0.5,0.1083267769895414,0.03736339372138737,0.1148139288926204,0.11593747820532108,0.09422892387068271,wide,True
49,40,135,1.0,0.08761587978728147,0.04180866977925838,0.09727077540165896,0.07963458077535265,0.0859422831848328,wide,True
49,40,180,0.5,0.10787387138092279,0.013229471179673826,0.0902420768966182,0.11322462478750867,0.12015491245864153,wide,True
49,40,180,1.0,0.12142316921500311,0.012358976502540725,0.12330751475356785,0.12229769501704867,0.11866429787439284,wide,True
49,40,225,0.5,0.15061291675879265,0.1598986674402753,0.11096930461516294,0.1735437438598545,0.1673257018013605,wide,True
49,40,225,1.0,0.13949009152845793,0.14091151596948212,0.13629195045449985,0.14761082578325677,0.13456749834761722,wide,True
49,40,270,0.5,0.09878730323429263,0.0073548144077396115,0.08541534700577819,0.11024200394565928,0.10070455875144046,wide,True
49,40,270,1.0,0.11878196738878581,0.033767387005522544,0.11813727006769945,0.11774286674936218,0.12046576534929576,wide,True
49,40,315,0.5,0.09515512269509846,0.00849669620470726,0.10648575127670602,0.10096334243753975,0.0780162743710496,wide,True
49,40,315,1.0,0.10908954041413292,0.04675615906005001,0.09306194002634469,0.10353644033340814,0.13067024088264595,wide,True
49,60,0,0.5,0.10666897240857061,0.019016324528477006,0.11664906491349009,0.11212185590499049,0.09123599640723129,wide,True
49,60,0,1.0,0.10138661843644999,0.06505930558457958,0.06814088011259714,0.12361479415758228,0.11240418103917055,wide,True
49,60,45,0.5,0.1183410191373946,0.0036715099877134487,0.164446581402178,0.09194954658056725,0.09862692942943857,wide,True
49,60,45,1.0,0.12034772650008478,0.0588467225850395,0.1426563762686226,0.11868152524653561,0.09970527798509614,wide,True
49,60,90,0.5,0.15718765332570786,0.1895507738782239,0.14962975004078394,0.17522378657351867,0.14670942336282095,wide,True
49,60,90,1.0,0.10583139507699503,0.03125970539330963,0.11620095899850616,0.12719747053328564,0.07409575569919333,wide,True
49,60,135,0.5,0.09241207506357203,0.02393029432841137,0.08956291988754325,0.10042618416419039,0.0872471211389825,wide,True
49,60,135,1.0,0.08664974978873104,0.0006174066523729671,0.09214691092648715,0.08823309473587963,0.07956924370382637,wide,True
49,60,180,0.5,0.10045540346129904,0.0207245014538817,0.1057786097140087,0.09686513571938603,0.09872246495050241,wide,True
49,60,180,1.0,0.12202429615468574,0.006605768082688999,0.14535582920403328,0.1175243031583574,0.10319275610166659,wide,True
49,60,225,0.5,0.10160412627320187,0.009427278055324975,0.10358163426478836,0.10866171221970407,0.09256903233511318,wide,True
49,60,225,1.0,0.10584336683331945,0.009986458205427824,0.10171402962545763,0.08612827509436732,0.1296877957801334,wide,True
49,60,270,0.5,0.13097508321530948,0.06884313814734926,0.12264926466756625,0.1171284031252618,0.15314758185310037,wide,True
49,60,270,1.0,0.15412647350759076,0.1718770171407426,0.1328456631057453,0.1488581449404138,0.18067561247661318,wide,True
49,60,315,0.5,0.10402376206933661,0.019430380674373037,0.12015175331539671,0.09521251629907809,0.09670701659353508,wide,True
49,60,315,1.0,0.10245441196137133,0.005861800863777628,0.09370145301949813,0.10214675579884316,0.11151502706577263,wide,True
65,20,0,0.5,0.10925371570840264,0.04645216510835155,0.10861924359570103,0.10647430207033542,0.11266760145917146,wide,False
65,20,0,1.0,0.4017233542138025,0.8894308040969089,0.2137471057987262,0.5545218674063305,0.4369010894363507,wide,True
65,20,45,0.5,0.11759560873019304,0.019408568117472713,0.12322751711642538,0.11426357789555404,0.11529573117859968,wide,True
65,20,45,1.0,0.11102189590635436,0.05523017795282468,0.12962091667091263,0.10037862336414122,0.10306614768400922,wide,True
65,20,90,0.5,0.11754110410998568,0.012338443950077584,0.12455474342945783,0.10869334315582688,0.11937522574467235,wide,True
65,20,90,1.0,0.14738165360997896,0.3977680082376773,0.14625453430765842,0.16518111554407058,0.13070931097820787,wide,True
65,20,135,0.5,0.09248729085384037,0.00394577931017349,0.08015253204505282,0.10678635425627082,0.09052298626019742,wide,True
65,20,135,1.0,0.11811881646442317,0.04609797697305528,0.12908555589334864,0.11095465359528438,0.11431623990463648,wide,True
65,20,180,0.5,0.1258206816260131,0.030269343327565822,0.14257828971386405,0.12363254974184384,0.11125120542233136,wide,True
65,20,180,1.0,0.12251880732956395,0.08240142166880839,0.10343686096215549,0.13391348220732843,0.13020607881920798,wide,True
65,20,225,0.5,0.10758112446421596,0.015406736604218475,0.0875806168277363,0.10710915622955422,0.12805360033535734,wide,True
65,20,225,1.0,0.11721456294881533,0.08086955792217924,0.11250599264433733,0.12804550224603375,0.11109219395607492,wide,True
65,20,270,0.5,0.08401269056546996,0.016020942713611198,0.08676841856825349,0.06715909492085273,0.09811055820730363,wide,True
65,20,270,1.0,0.10474488987225235,0.02778557490058912,0.10056647264039348,0.11811192419886618,0.09555627277749734,wide,True
65,20,315,0.5,0.09158465844823939,0.02265831690588494,0.09437973649055231,0.09900641998487002,0.08136781886929587,wide,True
65,20,315,1.0,0.09382410852461896,0.019703304761434982,0.08178648671545574,0.103148873274836,0.09653696558356512,wide,True
65,40,0,0.5,0.10086088174543152,0.016139888030992786,0.0921941031060228,0.09783738243941714,0.11255115969085464,wide,False
65,40,0,1.0,0.2561675212645657,0.5227668076452637,0.15106167024835931,0.3408386076765811,0.2766022858687567,wide,False
65,40,45,0.5,0.10414770581048671,0.0034978825811047354,0.10415156029822142,0.10845735948172092,0.09983419765151781,wide,True
65,40,45,1.0,0.1328292962330325,0.01811499282053129,0.11880936490491922,0.15772946042875755,0.12194906336542073,wide,True
65,40,90,0.5,0.08432626473178335,0.02689131262123735,0.08748344488070964,0.07271378585267566,0.09278156346196478,wide,False
65,40,90,1.0,0.09094195420000017,0.02505690864264618,0.0989174599469986,0.07860674842707613,0.09530165422592583,wide,True
65,40,135,0.5,0.08856081701573963,0.00434235179629654,0.07430081379235806,0.08585591183199935,0.10552572542286145,wide,True
65,40,135,1.0,0.16033781577154985,0.006789817621456987,0.15760363949791095,0.19171462435394188,0.13169518346279668,wide,True
65,40,180,0.5,0.13313258395904706,0.15041429145390553,0.10210756230672394,0.1383370122231365,0.15895317734728076,wide,True
65,40,180,1.0,0.14205744877211163,0.001219853393188628,0.11619835871483732,0.1887342997747563,0.12123968782674124,wide,True
65,40,225,0.5,0.1312932894041974,0.12204211160838914,0.12275200639319447,0.1367365726876728,0.13439128913172496,wide,True
65,40,225,1.0,0.1173001262790208,0.04153027226575575,0.08287851043497194,0.13306280481532382,0.13595906358676663,wide,True
65,40,270,0.5,0.20264920727402277,0.13376898205832538,0.16761217228092545,0.2096727122851987,0.2306627372559441,wide,True
65,40,270,1.0,0.19506308229306704,0.1873172631737485,0.14573858104977444,0.22523974000308236,0.21421092582634435,wide,True
65,40,315,0.5,0.10726945165896229,0.053997375137774674,0.09625297769749375,0.09820465264234199,0.1273507246370511,wide,True
65,40,315,1.0,0.11049352798058092,0.012983977441998416,0.09178336373513524,0.13155910023040335,0.10813811997620419,wide,True
65,60,0,0.5,0.0995180639906994,0.00029005647033220267,0.106319680099272,0.09118102443420119,0.10105348743862504,wide,True
65,60,0,1.0,0.14323405549167023,0.0856292023517958,0.12571926164441374,0.14613342644794786,0.1578494783826491,wide,True
65,60,45,0.5,0.07584547553028818,0.018192388398650047,0.08309950373562094,0.07496839676872272,0.06946852608652085,wide,True
65,60,45,1.0,0.12267666724098254,0.02216394311017336,0.09876893009423793,0.18260195906902782,0.0866591125596819,wide,True
65,60,90,0.5,0.12526415528070936,0.004927067383581004,0.10497247342336442,0.1383925223008695,0.13242747011789407,wide,True
65,60,90,1.0,0.12729146374506836,0.1137455968852319,0.15006911849550178,0.14770964698219619,0.08409562575750709,wide,True
65,60,135,0.5,0.08570768020189508,0.00415658592227344,0.08901269689420732,0.08801768626431881,0.0800926574471591,wide,True
65,60,135,1.0,0.12657759986112574,0.017283121146311965,0.11476340916528524,0.1477998617326025,0.11716952868548947,wide,True
65,60,180,0.5,0.11487479218841327,0.030916559485378456,0.10774423183240026,0.11439837742039072,0.12248176731244886,wide,True
65,60,180,1.0,0.11087216615744454,0.08228469688592206,0.1012734021812865,0.10653877648545408,0.12480431980559302,wide,True
65,60,225,0.5,0.12146950722704737,0.02539178023001348,0.12908316909772877,0.12594866560372786,0.10937668697968547,wide,True
65,60,225,1.0,0.1333013526427361,0.028647227918337032,0.12453675819572282,0.1563743822042685,0.11899291752821692,wide,True
65,60,270,0.5,0.11074254590582773,0.03375006966791,0.09872175776280279,0.1399058240571296,0.09360005589755077,wide,True
65,60,270,1.0,0.10398816448080979,0.04988204962545443,0.10685050456499003,0.10049649140673754,0.10461749747070186,wide,True
65,60,315,0.5,0.10855632927994345,0.046202408638298706,0.1048383646684484,0.12982380750083497,0.09100681567054703,wide,True
65,60,315,1.0,0.11961252364706054,0.007759672225686433,0.12453087488368127,0.1261289012394682,0.10817779481803216,wide,True
74,20,0,0.5,0.11503740863648289,0.04015024697708805,0.1300016127202654,0.10438972506308052,0.11072088812610274,wide,False
74,20,0,1.0,0.11353371920283443,0.1098827403323551,0.11822668561157094,0.10814071985781483,0.11423375213911749,wide,True
74,20,45,0.5,0.09126109869214871,0.060068937500605483,0.08573623726959133,0.10367484737248474,0.08437221143437006,wide,True
74,20,45,1.0,0.0979736983437587,0.05585843544832881,0.09711509666195747,0.10635042827000651,0.09045557009931211,wide,True
74,20,90,0.5,0.09757184454923096,0.027790890212073056,0.09814667336727818,0.10612580246343527,0.08844305781697945,wide,True
74,20,90,1.0,0.11904195201278694,0.07251549890510871,0.12672652017203453,0.11252134178223137,0.11787799408409491,wide,True
74,20,135,0.5,0.10150183430370689,0.0002489429977407971,0.0796467273671782,0.10791010566084,0.11694866988310246,wide,True
74,20,135,1.0,0.09913284025964166,0.03610311287860743,0.11104166699694762,0.07473861434366211,0.11161823943831525,wide,True
74,20,180,0.5,0.11592258075794404,0.11463814965543966,0.12849474070494402,0.101215015217261,0.11805798635162706,wide,True
74,20,180,1.0,0.12867704522892776,0.059666072799561064,0.12930612204090103,0.10189755483357164,0.15482745881231058,wide,True
74,20,225,0.5,0.12963729876556188,0.04403671068778297,0.16746503597912366,0.09752967183337163,0.12391718848419034,wide,True
74,20,225,1.0,0.14298917036444325,0.07593691716114505,0.11971221845336641,0.14965162905947837,0.15960366358048494,wide,True
74,20,270,0.5,0.16885533560429958,0.11933751247916063,0.11412234665090652,0.18970254480888576,0.20274111535310654,wide,True
74,20,270,1.0,0.10638798216483092,0.007589301642364715,0.1423170940373218,0.08120156419832453,0.0956452882588464,wide,True
74,20,315,0.5,0.08568114370400572,0.03453272750365144,0.08919485489678045,0.0777206891064156,0.09012788710882111,wide,True
74,20,315,1.0,0.09814650111038899,0.03046528782278543,0.10218796868450034,0.09957305915091622,0.09267847549575045,wide,True
74,40,0,0.5,0.11117415667699009,0.05341606990819472,0.14096665090637978,0.10096118183394835,0.09159463729064214,wide,False
74,40,0,1.0,0.10752942418888704,0.016792177419098976,0.11346239156629592,0.11805608822658792,0.09106979277377723,wide,False
74,40,45,0.5,0.09527855126433121,0.0027306583700568384,0.09118946554915876,0.08669743153371878,0.10794875671011613,wide,True
74,40,45,1.0,0.09190654531201249,0.012740996474440769,0.10239811466184817,0.08708652074643468,0.08623500052775465,wide,True
74,40,90,0.5,0.09051098440619454,0.00881195774599878,0.08249522898019224,0.08190684237019072,0.10713088186820069,wide,False
74,40,90,1.0,0.09747167695507437,0.038247501188631475,0.09425310900703646,0.11113047798965284,0.0870314438685339,wide,True
74,40,135,0.5,0.09419037229339285,0.007563526085777737,0.10151752871856952,0.101320940971836,0.07973264718977303,wide,True
74,40,135,1.0,0.09894507095473848,0.023176850899605684,0.10514068954520872,0.09827880523355195,0.09341571808545482,wide,True
74,40,180,0.5,0.15365055903452096,0.357716126455418,0.1330766027443538,0.1824331058703358,0.14544196848887328,wide,True
74,40,180,1.0,0.11396822466656736,0.05994304881051147,0.11734171645922199,0.11490529077902806,0.10965766676145204,wide,True
74,40,225,0.5,0.10589557923672643,0.055204578969681936,0.09882731566932572,0.10116289202138457,0.11769653001946895,wide,True
74,40,225,1.0,0.10060692621560129,0.01532525058135006,0.10156150502327196,0.08125808913332823,0.11900118449020364,wide,True
74,40,270,0.5,0.09709058682554338,0.03858305351297455,0.10825326292864634,0.07644611428444692,0.10657238326353688,wide,True
74,40,270,1.0,0.10837878539897346,0.03935822715600725,0.13360223735801505,0.09025504931526906,0.10127906952363627,wide,True
74,40,315,0.5,0.11073100344908214,0.022242949314321254,0.14603383382565083,0.10835467848868065,0.07780449803291495,wide,True
74,40,315,1.0,0.12192996941025186,0.07215659655559792,0.10358523630110031,0.14046661144725842,0.12173806048239688,wide,True
74,60,0,0.5,0.10617065652897557,0.08500144566576787,0.11156523804420279,0.10346520614054863,0.1034815254021753,wide,True
74,60,0,1.0,0.09469885407902671,0.033707635953057535,0.08821232749592116,0.11273869905815904,0.0831455356829999,wide,True
74,60,45,0.5,0.09464001749975688,0.03655606739362668,0.10871993718017406,0.09512606050704586,0.08007405481205077,wide,True
74,60,45,1.0,0.09964547627012683,0.030618241881642215,0.10855148257740496,0.1112926114408864,0.07909233479208914,wide,True
74,60,90,0.5,0.12689399454269398,0.11660657418448386,0.13808688380783418,0.127591447943978,0.11500365187626979,wide,True
74,60,90,1.0,0.12613664037740832,0.08575032934932438,0.12596160477718513,0.11371484266431643,0.13873347369072342,wide,True
74,60,135,0.5,0.15568224542221273,0.017991012763838733,0.14223318860766881,0.14448596621211085,0.1803275814468585,wide,True
74,60,135,1.0,0.0925883263994004,0.011536637162740887,0.10913563242377178,0.09683105051549959,0.07179829625892983,wide,True
74,60,180,0.5,0.12663038224068132,0.009755669110565279,0.11513176035088708,0.15519142027378013,0.1095679660973767,wide,True
74,60,180,1.0,0.12483076265316084,0.0008510306470115984,0.1171034988882715,0.12090185782682993,0.13648693124438113,wide,True
74,60,225,0.5,0.10928992666297643,0.057719777743862374,0.11519801339349912,0.09491540209560048,0.1177563644998297,wide,True
74,60,225,1.0,0.10160484844123245,0.028489676956627494,0.12178870223175073,0.07358609707547205,0.10943974601647455,wide,True
74,60,270,0.5,0.11384357379364725,0.05611926960626539,0.11497756000603554,0.09073662368851196,0.13581653768639423,wide,True
74,60,270,1.0,0.10032193605865243,0.0318676864264342,0.11102134449364211,0.08127414861695656,0.10867031506535857,wide,True
74,60,315,0.5,0.08908276879930083,0.00017327907192292007,0.09336931122099298,0.08835679844431207,0.08552219673259744,wide,True
74,60,315,1.0,0.09617314512615327,0.002257115442947942,0.08514668147700379,0.09779223596139368,0.10558051794006237,wide,True
79,20,0,0.5,0.12465303102241528,0.1294504252291739,0.13158647846381022,0.1188172685003461,0.1235553461030895,wide,False
79,20,0,1.0,0.1407553036380532,0.08482706246821176,0.17054204702187625,0.11616380303614707,0.13556006085613628,wide,True
79,20,45,0.5,0.10697388382145867,0.03305397932649397,0.0896535059049815,0.1356023666964991,0.09566577886289541,wide,True
79,20,45,1.0,0.11617942187653363,0.006483896297968934,0.0966624031658629,0.1344271843683118,0.11744867809542622,wide,True
79,20,90,0.5,0.14295388694540548,0.07714838969233585,0.1654785685847162,0.13401091344098093,0.12937217881051932,wide,True
79,20,90,1.0,0.13961231552331732,0.05299124381776956,0.1740296025607743,0.1283311713801939,0.11647617262898376,wide,True
79,20,135,0.5,0.10244009000161795,0.03568603748007087,0.09420393218102416,0.09992805390985715,0.11318828391397251,wide,True
79,20,135,1.0,0.11015288913338644,0.015872187465888126,0.08852775397845304,0.13092939565108067,0.11100151777062561,wide,True
79,20,180,0.5,0.1221924155376554,0.03537235817330251,0.13153007742542636,0.12039293967481517,0.11465422951272465,wide,True
79,20,180,1.0,0.12112320401648446,0.11217077418225614,0.14667889045239957,0.1054526913335981,0.11123803026345569,wide,True
79,20,225,0.5,0.1018582266803133,0.01328818293770711,0.09400910479772487,0.09473277744402808,0.11683279779918695,wide,True
79,20,225,1.0,0.10029475403460304,0.01500444444998499,0.09246636085829782,0.10115613136138948,0.10726176988412178,wide,True
79,20,270,0.5,0.10410507023468303,0.01234886531551976,0.12108380118883874,0.10090512061959693,0.09032628889561345,wide,True
79,20,270,1.0,0.13911250790457394,0.1319635710506586,0.12752440357813194,0.1305664067425733,0.15924671339301655,wide,True
79,20,315,0.5,0.09631738933483706,0.012407640967583657,0.07055007729678932,0.1377154022837657,0.08068668842395617,wide,True
79,20,315,1.0,0.1295703154490517,0.07763599260856878,0.1184870344668518,0.14281988207025487,0.1274040298100484,wide,True
79,40,0,0.5,0.10368502669484837,0.011485515467708015,0.13689771596012706,0.09241341060977817,0.08174395351463987,wide,False
79,40,0,1.0,0.12093043617177275,0.11855448432965102,0.12217844869327671,0.11602954451553674,0.12458331530650482,wide,False
79,40,45,0.5,0.0940538149111335,0.042352190615413975,0.0997963737123492,0.09176723209426468,0.09059783892678662,wide,True
79,40,45,1.0,0.11868854965039381,0.04778698124991702,0.12538950312622332,0.11294319657513652,0.11773294924982161,wide,True
79,40,90,0.5,0.08857849429884547,0.016570498433338274,0.07946264365670473,0.1003204369933634,0.08595240224646827,wide,False
79,40,90,1.0,0.11322698861295488,0.01109654128717659,0.09922675061740385,0.10225474292195338,0.1381994722995074,wide,True
79,40,135,0.5,0.12594519218389105,0.027897439692146763,0.15280578439825998,0.09913179619948864,0.12589799595392454,wide,True
79,40,135,1.0,0.10887276920590398,0.04505992261940557,0.0940491971496832,0.12770145957104112,0.1048676508969876,wide,True
79,40,180,0.5,0.10415433685561021,0.010339960662152323,0.10292957912790256,0.1036284816829221,0.10590494975600595,wide,True
79,40,180,1.0,0.11654715547066398,0.03329634384478766,0.14309301828357612,0.11798865474771482,0.08855979338070102,wide,True
79,40,225,0.5,0.13635539470669586,0.08973217263729957,0.15101993093777522,0.1266946570489707,0.13135159613334163,wide,True
79,40,225,1.0,0.11159042611788739,0.0014115299766041744,0.0943675224435672,0.12720870955933744,0.1131950463507575,wide,True
79,40,270,0.5,0.18043559413674407,0.14840104918603075,0.170371999082796,0.19199569407618164,0.17893908925125446,wide,True
79,40,270,1.0,0.12978086993168672,0.030282102796985802,0.11249552627407775,0.1530288307266936,0.12381825279428887,wide,True
79,40,315,0.5,0.11530445102237945,0.004158420483862277,0.12271743081605974,0.1131619124038182,0.11003400984726042,wide,True
79,40,315,1.0,0.11788247603834769,0.0992933692017316,0.0935683022241173,0.1394112297693479,0.12066789612157788,wide,True
79,60,0,0.5,0.11066198469474471,0.011023030755655468,0.11239759227391338,0.12124511443279717,0.09834324737752362,wide,True
79,60,0,1.0,0.11464794635855892,0.08842660643880298,0.12091986676237068,0.1172768975707637,0.10574707474254236,wide,True
79,60,45,0.5,0.10470255924724621,0.029654098232595606,0.1167050561185282,0.11143051291659264,0.08597210870661781,wide,True
79,60,45,1.0,0.12269911563030712,0.05576361677954026,0.12090971297878593,0.12186436956215346,0.12532326434998203,wide,True
79,60,90,0.5,0.10871171891750708,0.032086858525405694,0.13498726048228485,0.09244366193032613,0.09870423433991028,wide,True
79,60,90,1.0,0.09610910205126795,0.007187361841204194,0.10578299853461573,0.09928745163370889,0.08325685598547927,wide,True
79,60,135,0.5,0.10309796128180111,0.03072535338577942,0.09279515596160999,0.10459155243383839,0.111907175449955,wide,True
79,60,135,1.0,0.07946873061844874,0.053357143898000045,0.060371842840153817,0.088576718777651,0.08945763023754137,wide,True
79,60,180,0.5,0.11967783814992165,0.08588467798120596,0.12222528269354263,0.13556972314483237,0.10123850861138994,wide,True
79,60,180,1.0,0.13282464473763247,0.11373170032130386,0.12483850158551676,0.12686016990653115,0.14677526272084956,wide,True
79,60,225,0.5,0.12801207597018235,0.144014783572929,0.14145124014816837,0.11474542086693489,0.1278395668954438,wide,True
79,60,225,1.0,0.16483087843606994,0.3048490568248824,0.14360461740345765,0.16464851999445293,0.1862394979102992,wide,True
79,60,270,0.5,0.1692820148328821,0.12908381192775378,0.1775981585357458,0.1604909461967694,0.16975693976613115,wide,True
79,60,270,1.0,0.1362393243095524,0.013162526166421478,0.13311509899455892,0.1462767609978462,0.12932611293625212,wide,True
79,60,315,0.5,0.09255216050065806,0.03006205392918005,0.09246989625035479,0.09206819623804689,0.0931183890135725,wide,True
79,60,315,1.0,0.1265458251098562,0.07884436118662426,0.15087482778106182,0.09075634796189269,0.1380062995866141,wide,True
82,20,0,0.5,0.1054665977985758,0.07579711607330845,0.10781092970285516,0.1187732171651516,0.08981564652772059,wide,False
82,20,0,1.0,0.19239568302691276,0.2678797223460495,0.16307058762150262,0.2068007753801277,0.20731568607910802,wide,True
82,20,45,0.5,0.09869193313635789,0.033973086166648424,0.08147339055196715,0.1164113477657339,0.09819106109137263,wide,True
82,20,45,1.0,0.11409080944963433,0.055004567579440784,0.12848915264879437,0.10736894368100344,0.10641433201910516,wide,True
82,20,90,0.5,0.10197834787652825,0.0537857619650467,0.1030655116242988,0.1029630609729279,0.09990647103235804,wide,True
82,20,90,1.0,0.08334440452878411,0.0016794346358914788,0.08968065446418036,0.08670440488084652,0.0736481542413254,wide,True
82,20,135,0.5,0.1391046993957704,0.022646027479640056,0.14923588209993763,0.14097272081412215,0.12710549527325138,wide,True
82,20,135,1.0,0.10615788192550929,0.05893220370077532,0.09452588805762309,0.14285670682318755,0.08109105089571722,wide,True
82,20,180,0.5,0.12109564925409767,0.007470582374726869,0.10409369806184143,0.12826961814639576,0.13092363155405584,wide,True
82,20,180,1.0,0.1228438036010931,0.03550119246190155,0.09905045523201028,0.1422271883410342,0.12725376723023482,wide,True
82,20,225,0.5,0.09785557683608176,0.006215034773155711,0.09389792758794999,0.12069068287278029,0.07897812004751505,wide,True
82,20,225,1.0,0.13630088018066044,0.01952244365697912,0.13747728766194942,0.10719967095436556,0.16422568192566636,wide,True
82,20,270,0.5,0.16913682798227225,0.18353784571499165,0.13322143311638357,0.17728786287320245,0.19690118795723083,wide,True
82,20,270,1.0,0.15628934731114522,0.1646327668780196,0.12872288635371026,0.1837389274225567,0.15640622815716865,wide,True
82,20,315,0.5,0.12751460842613246,0.06799916636780425,0.1180615946757533,0.1264396304201793,0.1380426001824647,wide,True
82,20,315,1.0,0.12542040386232,0.07042879509294377,0.09874629840089248,0.14625711904737043,0.1312577941386971,wide,True
82,40,0,0.5,0.08728852654856019,0.029969058905984086,0.08200543557697193,0.09432501592703024,0.0855351281416784,wide,False
82,40,0,1.0,0.103508242821766,0.05346974494025598,0.13104294909647607,0.0890205081073677,0.09046127126145423,wide,False
82,40,45,0.5,0.09002765050008821,0.026147314081609578,0.08999254837605852,0.09091583440675127,0.08917456871745486,wide,True
82,40,45,1.0,0.11674104424696281,0.02597491293040023,0.12926223741368412,0.12054547298843396,0.10041542233877036,wide,True
82,40,90,0.5,0.0970581366188205,0.021368757345008777,0.09958806125907027,0.10387392273382887,0.08771242586356234,wide,False
82,40,90,1.0,0.07825916343279525,0.019720868308005547,0.08350755214159097,0.07850565363045303,0.07276428452634173,wide,True
82,40,135,0.5,0.08206986044329871,0.026471465653631426,0.07253773945808217,0.07990149234075802,0.09377034953105598,wide,True
82,40,135,1.0,0.11349567349532073,0.009491463450036253,0.1150257584884461,0.10079864087517654,0.12466262112233956,wide,True
82,40,180,0.5,0.14295384718136409,0.11319232797038542,0.151538932307911,0.12790063201040658,0.14942197722577472,wide,True
82,40,180,1.0,0.10973248763063115,0.011349283070171736,0.1104510054432904,0.10651591685233985,0.11223054059626318,wide,True
82,40,225,0.5,0.1090848892634051,0.019850478043507525,0.1058379508576942,0.10830089645334026,0.11311582047918085,wide,True
82,40,225,1.0,0.11303580329352854,0.036153063164073566,0.13090861586278088,0.09123314829554152,0.11696564572226323,wide,True
82,40,270,0.5,0.10526532778062153,0.012724214563361962,0.109000646336918,0.10512531384588833,0.10167002315905826,wide,True
82,40,270,1.0,0.11154446768350947,0.04412587383291205,0.10636457087498802,0.12227887768605647,0.10598995448948392,wide,True
82,40,315,0.5,0.1075371036869917,0.1340670252119937,0.10168085725548824,0.11092212708765473,0.11000832671783212,wide,True
82,40,315,1.0,0.1291134925063489,0.08119359814755749,0.12956825866459815,0.12958168145871785,0.12819053739573072,wide,True
82,60,0,0.5,0.11408813554317791,0.03254659543103184,0.11388018447186345,0.12106952744443503,0.10731469471323526,wide,True
82,60,0,1.0,0.1060023907012606,0.05385620285646205,0.09479090376621821,0.10727285982115906,0.11594340851640453,wide,True
82,60,45,0.5,0.09978690669306818,0.0014866397693638303,0.08106885091614555,0.10898117216271731,0.10931069700034172,wide,True
82,60,45,1.0,0.10931780151243926,0.029966231358494785,0.07860349909023467,0.13193457195955055,0.11741533348753255,wide,True
82,60,90,0.5,0.12061977410214832,0.058179292591684015,0.12707202447352073,0.12244547691578506,0.11234182091713922,wide,True
82,60,90,1.0,0.10466516223009155,0.008830433212424476,0.09464166946959321,0.10944586013097916,0.10990795708970229,wide,True
82,60,135,0.5,0.08347652760992336,0.008401000597466379,0.08379760320634913,0.08012718751602714,0.08650479210739381,wide,True
82,60,135,1.0,0.10903564948919904,0.023237163048756868,0.12740965604009605,0.10965835520034474,0.09003893722715635,wide,True
82,60,180,0.5,0.11743005626467296,0.031329001623918426,0.10476172397870906,0.12774382050116934,0.11978462431414044,wide,True
82,60,180,1.0,0.1281278112485106,0.08782005881217313,0.1307720414649421,0.1251193031853435,0.12849208909524623,wide,True
82,60,225,0.5,0.11006310626952187,0.030872385780294827,0.11554351877778274,0.09854971187263176,0.11609608815815108,wide,True
82,60,225,1.0,0.13391112199426258,0.03664266377732546,0.1506265936571231,0.1428361701020861,0.10827060222357854,wide,True
82,60,270,0.5,0.12544144973817617,0.017587708867371408,0.10262732930658225,0.13659163950970943,0.13710538039823683,wide,True
82,60,270,1.0,0.1387157796144019,0.037705858478754656,0.14224899934934854,0.14920196026223947,0.1246963792316177,wide,True
82,60,315,0.5,0.09078516683225511,0.02988538486430293,0.09033725333069939,0.0970222614023605,0.08499598576370543,wide,True
82,60,315,1.0,0.16438708783856068,0.20759279652464066,0.15582274976826538,0.19614637070092922,0.14119214304648742,wide,True
87,20,0,0.5,0.12177053842076617,0.014405131685037658,0.1385891297007647,0.11156782336564988,0.11515466219588393,wide,False
87,20,0,1.0,0.243948912027543,0.4640063423613108,0.18051458621567457,0.3068848389871499,0.24444731087980456,wide,True
87,20,45,0.5,0.11534375925394229,0.037598172865521085,0.10678356163229658,0.12721067564067357,0.11203704048885668,wide,True
87,20,45,1.0,0.1056245027481106,0.028234643441117403,0.09847949234989184,0.12700244605230637,0.09139156984213358,wide,True
87,20,90,0.5,0.09759283812370041,0.007163407478949218,0.09612795181337143,0.09804571881217586,0.09860484374555399,wide,True
87,20,90,1.0,0.14180323531548067,0.03842379040331307,0.13111593440145664,0.14376723506092742,0.1505265364840579,wide,True
87,20,135,0.5,0.10532970371290444,0.021735223990816264,0.11898711272082008,0.10188570784054718,0.09511629057734602,wide,True
87,20,135,1.0,0.09292644910784426,0.054860346757828894,0.06688476362938281,0.11029930303446368,0.10159528065968626,wide,True
87,20,180,0.5,0.11320003369545957,0.04102216293723701,0.1530610721924534,0.08694710036426512,0.0995919285296602,wide,True
87,20,180,1.0,0.21632426929999274,0.36689367153514185,0.15813788988872152,0.2644817852752039,0.22635313273605284,wide,True
87,20,225,0.5,0.1053532991144402,0.010703238277047814,0.08452756466584048,0.1442115045565674,0.08732082812091274,wide,True
87,20,225,1.0,0.15150473885241664,0.12355468808966949,0.11145163624386795,0.18552538624311438,0.15753719407026764,wide,True
87,20,270,0.5,0.1337975239020807,0.11859313211692535,0.14875283614439977,0.11915446335544959,0.13348527220639278,wide,True
87,20,270,1.0,0.11797097748818108,0.09878560414189229,0.12036423964286067,0.12064192183576197,0.11290677098592058,wide,True
87,20,315,0.5,0.09756417350922582,0.03920500940282728,0.10139657940383384,0.0885452251672251,0.10275071595661851,wide,True
87,20,315,1.0,0.13093684229652813,0.002768039874307507,0.1326505219300982,0.10941518884097531,0.15074481611851095,wide,True
87,40,0,0.5,0.10444695971508354,0.008212736389514747,0.11123001189006793,0.10274782141307987,0.09936304584210277,wide,False
87,40,0,1.0,0.18234670511654194,0.288756065885265,0.13383878547566358,0.2113718169452654,0.2018295129286968,wide,False
87,40,45,0.5,0.09331081185114003,0.015947878444766268,0.07834358887899871,0.116964532425476,0.08462431424894537,wide,True
87,40,45,1.0,0.14285008176188266,0.00592727285499014,0.14083022641494214,0.14084509354019123,0.1468749253305147,wide,True
87,40,90,0.5,0.1391854137235294,0.04320564977598712,0.150145608709597,0.12252710973359686,0.14488352272739435,wide,False
87,40,90,1.0,0.11750426163963111,0.03379594646879971,0.1420446314803795,0.10782249469888511,0.10264565873962872,wide,True
87,40,135,0.5,0.09256581763525433,0.027180206216700184,0.105739347585352,0.06917728361276516,0.1027808217076458,wide,True
87,40,135,1.0,0.12150885097818138,0.10716625102599268,0.12545793225911572,0.1252081423814882,0.11386047829394025,wide,True
87,40,180,0.5,0.10828364073215695,0.04499313489169024,0.1282648605486126,0.0692480488523857,0.12733801279547252,wide,True
87,40,180,1.0,0.11795769790323408,0.0196607978033427,0.1003066143148523,0.14095675760618726,0.11260972178866271,wide,True
87,40,225,0.5,0.12201991949574854,0.1235837453471356,0.10895013657897686,0.149769144970927,0.10734047693734178,wide,True
87,40,225,1.0,0.11648129305034828,0.05729732791299327,0.08499932678499349,0.12674759818523595,0.1376969541808154,wide,True
87,40,270,0.5,0.11602223653290557,0.007008492848341763,0.12610873593210484,0.11354045645277691,0.10841751721383497,wide,True
87,40,270,1.0,0.12369993798900691,0.0008220168421458964,0.11563450569650444,0.14154663045232668,0.11391867781818964,wide,True
87,40,315,0.5,0.10824929133175232,0.1260297475878009,0.10038883683103861,0.088303668893089,0.13605536827112935,wide,True
87,40,315,1.0,0.11756504508464839,0.029193432243326854,0.121876524339943,0.11446467078871421,0.11635394012528796,wide,True
87,60,0,0.5,0.1205562469751038,0.1081344065534739,0.12907359011521552,0.11811009126415539,0.11448505954594049,wide,True
87,60,0,1.0,0.14021157310644905,0.10321688388504968,0.12737217369376277,0.16063097910774157,0.13263156651784277,wide,True
87,60,45,0.5,0.10040131790589028,0.013187645222065917,0.08545897724826107,0.09579058154092474,0.11995439492848503,wide,True
87,60,45,1.0,0.11674551936460258,0.09259474650922143,0.1302117443094472,0.09863759988559712,0.12138721389876342,wide,True
87,60,90,0.5,0.12336124294265327,0.10123622483259877,0.11548658768191582,0.1289852414789513,0.12561189966709277,wide,True
87,60,90,1.0,0.1101326456268426,0.05367597550818874,0.10026191301251702,0.09962484807149938,0.13051117579651145,wide,True
87,60,135,0.5,0.11087928213358846,0.0320517366112502,0.11178252190939328,0.12081175709274222,0.10004356739862988,wide,True
87,60,135,1.0,0.09695082883591662,0.0227209721778824,0.09238069133530766,0.0955001611601641,0.1029716340122781,wide,True
87,60,180,0.5,0.137662488704048,0.005605876644439272,0.15391890089557148,0.1357926790579516,0.12327588615862095,wide,True
87,60,180,1.0,0.13508926746314343,0.1063471702612564,0.10787864686723221,0.13552182358945586,0.16186733193274222,wide,True
87,60,225,0.5,0.10578702533741874,0.057884987498408653,0.10224286913415037,0.10184611207139428,0.11327209480671158,wide,True
87,60,225,1.0,0.11177189142282144,0.11172568781687242,0.14135300394486042,0.09490806569319499,0.09905460463040888,wide,True
87,60,270,0.5,0.09191937582398359,0.007820235874161145,0.08850043234190769,0.08487151027363608,0.10238618485640702,wide,True
87,60,270,1.0,0.10513336028537958,0.017284902059473122,0.0989058267207841,0.09341939491793527,0.12307485921741937,wide,True
87,60,315,0.5,0.09717070643807864,0.026645060534165193,0.0922327808850292,0.08181257235344158,0.11746676607576517,wide,True
87,60,315,1.0,0.14060691304090986,0.018649266971638285,0.13503687977219445,0.14592357765206265,0.14086028169847248,wide,True
102,20,0,0.5,0.1354926770963051,0.06040149291376875,0.12766829979958744,0.15505367903030298,0.12375605245902489,wide,False
102,20,0,1.0,0.25574458959608387,0.7049829485762221,0.15044263443237976,0.3817176481881122,0.2350734861677596,wide,True
102,20,45,0.5,0.2063554758000595,0.5576008983545423,0.20479435077091618,0.2113070347961404,0.20296504183312192,wide,True
102,20,45,1.0,1.0069780053716693,0.9019914587137453,0.9031178208975605,1.0768626078633514,1.0409535873540956,wide,True
102,20,90,0.5,0.10646120561358652,0.051461369185551525,0.10647631624567791,0.10726313815789582,0.10564416243718577,wide,True
102,20,90,1.0,0.0940998391894408,0.0914340596905045,0.09744650345324857,0.10294113451318374,0.08191187960189009,wide,True
102,20,135,0.5,0.09453082244984339,0.03701591530574927,0.09097841468280105,0.10119965503426998,0.09141439763245912,wide,True
102,20,135,1.0,0.1230759604367745,0.03525461461105591,0.13230299583023056,0.12617325923802933,0.11075162624206364,wide,True
102,20,180,0.5,0.15808805246912602,0.101458606259092,0.12530652896510103,0.16019880779358273,0.1887588206486943,wide,True
102,20,180,1.0,0.11648600186968638,0.20478324807142304,0.13045873600009278,0.11222213712207052,0.10677713248689587,wide,True
102,20,225,0.5,0.15930238704617875,0.09343254576931308,0.18734965449168262,0.12823922374659316,0.1623182829002604,wide,True
102,20,225,1.0,0.19193321528796223,0.03831002347871535,0.25644033958092627,0.12268673753082773,0.19667256875213268,wide,True
102,20,270,0.5,0.11325870067841264,0.09351243838320156,0.11423644250869033,0.10592515453991294,0.11961450498663459,wide,True
102,20,270,1.0,0.10165521941545065,0.06399309356599998,0.10529039287455084,0.10644639297216366,0.09322887239963748,wide,True
102,20,315,0.5,0.1177907720832909,0.06096712567674034,0.11456194180842985,0.11871278508851238,0.1200975893529305,wide,True
102,20,315,1.0,0.12428276936610565,0.1003554403265583,0.14007728167091865,0.10227305911912213,0.1304979673082762,wide,True
102,40,0,0.5,0.18929978745581674,0.4022304086535445,0.14393552718140717,0.22783763034988713,0.19612620483615595,wide,False
102,40,0,1.0,1.5804262818281793,1.6299562469985125,1.4949010924102033,1.5822655267435701,1.6641122263307648,wide,False
102,40,45,0.5,0.8793774067505383,1.263351272108966,0.8954571327995489,0.9521884229807341,0.7904866644713318,wide,True
102,40,45,1.0,0.7424980493025727,0.9356764017505933,0.7209026087994634,0.7817734819560322,0.724818057152222,wide,True
102,40,90,0.5,0.09024654283443707,0.03283609898663979,0.09198202599428912,0.08619764325124929,0.09255995925777284,wide,False
102,40,90,1.0,0.1203023349698134,0.13044036690778787,0.12615627170602456,0.11336626072410388,0.12138447247931168,wide,True
102,40,135,0.5,0.09455096882996776,0.05225224598145986,0.10000688802221208,0.09517311912748438,0.0884728993402068,wide,True
102,40,135,1.0,0.17226884215258087,0.2909834307779901,0.17936847200649475,0.16616648301086204,0.1712715714403858,wide,True
102,40,180,0.5,0.12821784658151278,0.03069551694176031,0.12301886873134736,0.11977293937934319,0.14186173163384774,wide,True
102,40,180,1.0,1.788784406596375,1.8572913701879734,1.716661280955857,1.8996170724197339,1.7500748664135344,wide,True
102,40,225,0.5,0.19192948147875408,0.07477202154431298,0.19991611768143192,0.17670046618433072,0.19917186057049957,wide,True
102,40,225,1.0,0.14489287020847638,0.3140755704078326,0.14360788693794735,0.14775630772602452,0.14331441596145733,wide,True
102,40,270,0.5,0.09643601789093077,0.01131786862660325,0.07714198633172806,0.11840903131060618,0.09375703603045812,wide,True
102,40,270,1.0,0.10608071354100841,0.013994698875018733,0.10175836490629366,0.11145609447725752,0.1050276812394741,wide,True
102,40,315,0.5,0.1065673885530196,0.11284098891522068,0.1010631202343445,0.10036677928083751,0.11827226614387684,wide,True
102,40,315,1.0,0.11757220532860542,0.0884300783353737,0.11541066688463358,0.1134920487156679,0.12381390038551476,wide,True
102,60,0,0.5,0.2643600346528526,0.7290808726105936,0.2233063490349289,0.2734826245394628,0.29629113038416616,wide,True
102,60,0,1.0,0.7850807432161552,1.3380816933012052,0.6618311859428507,0.8395198241574992,0.8538912195481155,wide,True
102,60,45,0.5,0.47499890080398594,0.6423868287905702,0.5078876081932187,0.48872419975534276,0.42838489446339645,wide,True
102,60,45,1.0,0.1814647633341181,0.028205242457229752,0.20858084107568203,0.1661788285059162,0.1696346204207561,wide,True
102,60,90,0.5,0.10402724866957137,0.04014362692795074,0.11660099380697173,0.10194222490543417,0.09353852729630824,wide,True
102,60,90,1.0,0.15143559322823905,0.10465590656752385,0.15616087616629679,0.18680804584959187,0.11133785766882849,wide,True
102,60,135,0.5,0.12052984098876995,0.02316087326729729,0.13286118901232846,0.12199549940963278,0.10673283454434865,wide,True
102,60,135,1.0,0.34662534531033135,0.32013956565827184,0.35424069350824317,0.3428935675358016,0.34274177488694924,wide,True
102,60,180,0.5,0.1954234299660688,0.23054465864617105,0.17884672555581693,0.22912867888491611,0.1782948854574733,wide,True
102,60,180,1.0,0.9924693132116479,1.7065431745488517,0.731139071720128,1.1639484358192105,1.0823204320956048,wide,True
102,60,225,0.5,0.09782000819978486,0.12556585229779865,0.11025218854592717,0.09650825231832498,0.08669958373510242,wide,True
102,60,225,1.0,0.19322200136584056,0.3015222363580866,0.2599815628070234,0.1770463475857227,0.14263809370477556,wide,True
102,60,270,0.5,0.09206421103163083,0.00029982840405287924,0.09092077196582474,0.09012516099429882,0.09514670013476897,wide,True
102,60,270,1.0,0.16083468109861884,0.01242245847248067,0.1980314728686116,0.15269185993108594,0.13178071049615897,wide,True
102,60,315,0.5,0.08773458989171497,0.06752877453187928,0.08709856793315439,0.08031856374493597,0.09578663799705453,wide,True
102,60,315,1.0,0.1715144015549613,0.02526070469196111,0.14039341407069283,0.20930811418144002,0.16484167641275094,wide,True
103,20,0,0.5,0.31015219841615166,0.28230655622872597,0.2962798427892573,0.305830068070417,0.32834668438878056,wide,False
103,20,0,1.0,0.6785869259805904,1.3784601409638328,0.39567008259079883,0.9165066094964703,0.723584085854502,wide,True
103,20,45,0.5,0.1542046386412975,0.23812109761669914,0.16509769093746107,0.14420694643252618,0.1533092785539051,wide,True
103,20,45,1.0,0.2911700274415863,0.4537150224023731,0.25136205218317975,0.29968635751262107,0.32246167262895814,wide,True
103,20,90,0.5,0.12232256463732256,0.2561116698693854,0.15538724608340232,0.10137099596643048,0.11020945186213496,wide,True
103,20,90,1.0,0.15657824772103882,0.1778695365455063,0.16057857456133884,0.15193912566281975,0.15721704293895797,wide,True
103,20,135,0.5,0.12952054464578341,0.11947287155004807,0.11650188662508927,0.14289287457764854,0.12916687273461247,wide,True
103,20,135,1.0,0.13044180764811625,0.06025233751757611,0.1196332960247147,0.15370053832228794,0.11799158859734611,wide,True
103,20,180,0.5,0.2146423748714641,0.3507563723042218,0.13707607672989913,0.24566929962626743,0.2611817482582257,wide,True
103,20,180,1.0,0.14906308714523425,0.08876913519181812,0.13529376487390615,0.16289519287593526,0.1490003036858613,wide,True
103,20,225,0.5,0.9569369418227581,1.2532279670523452,0.9077762510962935,1.1385262464411503,0.8245083279308305,wide,True
103,20,225,1.0,0.10454310300016716,0.003633499893929916,0.10273977163233894,0.11178016741253727,0.09910936995562528,wide,True
103,20,270,0.5,0.1353651910040733,0.13731823670934304,0.1361044000632152,0.13647175363053388,0.13351941931847075,wide,True
103,20,270,1.0,0.15273477824475998,0.1752162008967879,0.14374411437832968,0.13605305028022158,0.17840717007572865,wide,True
103,20,315,0.5,0.3105718743253349,0.06381769616849534,0.3194220557983063,0.36638659159381304,0.2459069755838853,wide,True
103,20,315,1.0,1.335863213493206,1.5709484820439608,1.3626204433318765,1.4553225334069597,1.189646663740782,wide,True
103,40,0,0.5,0.304661279865775,0.603075039536623,0.35652484239537463,0.299816670703243,0.2576423264987073,wide,False
103,40,0,1.0,0.6574577584220309,1.4526212998648527,0.32349878508400615,0.9494243684840468,0.6994501216980399,wide,False
103,40,45,0.5,0.22203005626730402,0.014584074578791703,0.21587635652549406,0.22922516778057128,0.22098864449584676,wide,True
103,40,45,1.0,0.6846602307206368,0.9170462332807955,0.6852236843136987,0.7688259128474344,0.5999310950007766,wide,True
103,40,90,0.5,0.15101486341395923,0.08413682734570403,0.20744830410134005,0.10172137630996976,0.1438749098305679,wide,False
103,40,90,1.0,0.18595353700805636,0.14011276943695447,0.20585394136076174,0.16091105292033614,0.19109561674307118,wide,True
103,40,135,0.5,0.17688212751855734,0.0417343258854225,0.1914164734129115,0.17211497444700663,0.16711493469575375,wide,True
103,40,135,1.0,0.21470247516547103,0.06811141389609784,0.18180969452855297,0.24388758259168683,0.21841014837617334,wide,True
103,40,180,0.5,0.663546076344495,1.0517978872503109,0.38236654597148767,0.9590062075778313,0.6492654754841662,wide,True
103,40,180,1.0,0.13027384481799542,0.048301599492374545,0.11347182291959931,0.1650622838167239,0.11228742771766309,wide,True
103,40,225,0.5,0.229226594964429,0.1854788333047233,0.19395907184431924,0.2515150931186968,0.2422056199302709,wide,True
103,40,225,1.0,0.11899705039714688,0.007037402385143326,0.10019123419458834,0.1508411488356345,0.10595876816121788,wide,True
103,40,270,0.5,0.1341026885227932,0.01059900114786149,0.1583082866521447,0.1508101506500797,0.09318962826615527,wide,True
103,40,270,1.0,0.18363284900361598,0.21563206775710034,0.1472485441722932,0.19705156621680073,0.2065984366217541,wide,True
103,40,315,0.5,0.1509640711783398,0.5511342804562941,0.13165811487109158,0.18552480073418487,0.13570929792974298,wide,True
103,40,315,1.0,0.1749950977150151,0.1328023661333291,0.13538270464621047,0.22976806471842248,0.1598345237804123,wide,True
103,60,0,0.5,0.8962751537814281,1.7041691384109394,0.5560871764803986,1.1191543093391472,1.013583975524738,wide,True
103,60,0,1.0,0.1426832817679493,0.15355346732288647,0.10908669070763476,0.16275734103378742,0.15620581356242572,wide,True
103,60,45,0.5,0.3547898992396005,0.01813702990753441,0.37192983527155776,0.336738687097924,0.35570117534931983,wide,True
103,60,45,1.0,0.3013070773123397,0.13786105753542868,0.3235182283822523,0.30520198324063397,0.2752010203141329,wide,True
103,60,90,0.5,0.14103442877059316,0.12517430531386523,0.16625131517206018,0.13822715767372928,0.11862481346599008,wide,True
103,60,90,1.0,0.30869611676484987,0.09998971373398421,0.33960855929290457,0.2921336164300406,0.29434617457160445,wide,True
103,60,135,0.5,0.1556954453054747,0.16121942552301072,0.17589492185934322,0.14374485018967326,0.14744656386740762,wide,True
103,60,135,1.0,0.34328406488834423,0.0031966898493736994,0.29552969144050956,0.4090600323457262,0.325262470878797,wide,True
103,60,180,0.5,0.12183321983864985,0.008345426332595503,0.1232007873186802,0.11398187818662693,0.12831699401064242,wide,True
103,60,180,1.0,0.13402075900955512,0.042367453163151436,0.14956645701201676,0.11121482099426304,0.1412809990223855,wide,True
103,60,225,0.5,0.1327728577451508,0.006267219953833394,0.12883647819063365,0.13593359000579397,0.1335485050390248,wide,True
103,60,225,1.0,0.14606101917174877,0.21152121519094735,0.15169224763087502,0.13788503053527407,0.14860577934909724,wide,True
103,60,270,0.5,0.13251843963433407,0.13027201113673853,0.11848450474644241,0.14185583520335396,0.1372149789532059,wide,True
103,60,270,1.0,0.1409443539298719,0.01574108300858887,0.1518672896585096,0.14867125187931046,0.1222945202517956,wide,True
103,60,315,0.5,0.20183786631629433,0.09575839012245058,0.18910769184768528,0.24944972508167085,0.16695618201952692,wide,True
103,60,315,1.0,0.21160038684864316,0.12019506401378946,0.22429498002193865,0.205270125435412,0.20523605508857884,wide,True
