experiment,evaluation_partition,orientation,model,protocol,duration_s,surface_id,family_group,log_power_mae,modeled_band_total_rms_error
familiar,selection,forward,conditions_only,direction,0.25,10,specimen_10,0.3452740886810659,0.5538290810515636
familiar,selection,forward,conditions_only,direction,0.25,57,specimen_57,0.4165173509256848,0.641879581902739
familiar,selection,forward,conditions_only,direction,0.5,10,specimen_10,0.3452740886810659,0.5538290810515636
familiar,selection,forward,conditions_only,direction,0.5,57,specimen_57,0.4165173509256848,0.641879581902739
familiar,selection,forward,conditions_only,direction,1.0,10,specimen_10,0.3452740886810659,0.5538290810515636
familiar,selection,forward,conditions_only,direction,1.0,57,specimen_57,0.4165173509256848,0.641879581902739
familiar,selection,forward,conditions_only,load,0.25,10,specimen_10,0.3452740886810659,0.5538290810515636
familiar,selection,forward,conditions_only,load,0.25,57,specimen_57,0.4165173509256848,0.641879581902739
familiar,selection,forward,conditions_only,load,0.5,10,specimen_10,0.3452740886810659,0.5538290810515636
familiar,selection,forward,conditions_only,load,0.5,57,specimen_57,0.4165173509256848,0.641879581902739
familiar,selection,forward,conditions_only,load,1.0,10,specimen_10,0.3452740886810659,0.5538290810515636
familiar,selection,forward,conditions_only,load,1.0,57,specimen_57,0.4165173509256848,0.641879581902739
familiar,selection,forward,conditions_only,repeat,0.25,10,specimen_10,0.3452740886810659,0.5538290810515636
familiar,selection,forward,conditions_only,repeat,0.25,57,specimen_57,0.4165173509256848,0.641879581902739
familiar,selection,forward,conditions_only,repeat,0.5,10,specimen_10,0.3452740886810659,0.5538290810515636
familiar,selection,forward,conditions_only,repeat,0.5,57,specimen_57,0.4165173509256848,0.641879581902739
familiar,selection,forward,conditions_only,repeat,1.0,10,specimen_10,0.3452740886810659,0.5538290810515636
familiar,selection,forward,conditions_only,repeat,1.0,57,specimen_57,0.4165173509256848,0.641879581902739
familiar,selection,forward,conditions_only,single,0.25,10,specimen_10,0.3452740886810659,0.5538290810515636
familiar,selection,forward,conditions_only,single,0.25,57,specimen_57,0.4165173509256848,0.641879581902739
familiar,selection,forward,conditions_only,single,0.5,10,specimen_10,0.3452740886810659,0.5538290810515636
familiar,selection,forward,conditions_only,single,0.5,57,specimen_57,0.4165173509256848,0.641879581902739
familiar,selection,forward,conditions_only,single,1.0,10,specimen_10,0.3452740886810659,0.5538290810515636
familiar,selection,forward,conditions_only,single,1.0,57,specimen_57,0.4165173509256848,0.641879581902739
familiar,selection,forward,conditions_only,speed,0.25,10,specimen_10,0.3452740886810659,0.5538290810515636
familiar,selection,forward,conditions_only,speed,0.25,57,specimen_57,0.4165173509256848,0.641879581902739
familiar,selection,forward,conditions_only,speed,0.5,10,specimen_10,0.3452740886810659,0.5538290810515636
familiar,selection,forward,conditions_only,speed,0.5,57,specimen_57,0.4165173509256848,0.641879581902739
familiar,selection,forward,conditions_only,speed,1.0,10,specimen_10,0.3452740886810659,0.5538290810515636
familiar,selection,forward,conditions_only,speed,1.0,57,specimen_57,0.4165173509256848,0.641879581902739
familiar,selection,forward,copy,direction,0.25,10,specimen_10,0.5369755811532854,0.6320814028618791
familiar,selection,forward,copy,direction,0.25,57,specimen_57,0.5150289932812776,0.7312554382726932
familiar,selection,forward,copy,direction,0.5,10,specimen_10,0.5085852277101822,0.5684230129612593
familiar,selection,forward,copy,direction,0.5,57,specimen_57,0.5105970858530358,0.7279936679496408
familiar,selection,forward,copy,direction,1.0,10,specimen_10,0.49637414083518644,0.5462101646041155
familiar,selection,forward,copy,direction,1.0,57,specimen_57,0.498946993483402,0.7231004335969025
familiar,selection,forward,copy,load,0.25,10,specimen_10,0.578488771578013,0.5038253757326061
familiar,selection,forward,copy,load,0.25,57,specimen_57,0.5529685737903295,0.8421900977578306
familiar,selection,forward,copy,load,0.5,10,specimen_10,0.555771871477189,0.5236294714772084
familiar,selection,forward,copy,load,0.5,57,specimen_57,0.5501788787137079,0.860027199322846
familiar,selection,forward,copy,load,1.0,10,specimen_10,0.5387895631268986,0.5491644172489628
familiar,selection,forward,copy,load,1.0,57,specimen_57,0.5473876855725982,0.8758974788798114
familiar,selection,forward,copy,repeat,0.25,10,specimen_10,0.5953791495572961,0.5053274027021153
familiar,selection,forward,copy,repeat,0.25,57,specimen_57,0.5510326605854168,0.8402334231999585
familiar,selection,forward,copy,repeat,0.5,10,specimen_10,0.5806613643998498,0.5250229865220466
familiar,selection,forward,copy,repeat,0.5,57,specimen_57,0.5567945438378568,0.8570852321230892
familiar,selection,forward,copy,repeat,1.0,10,specimen_10,0.5657814584118503,0.5566511347987165
familiar,selection,forward,copy,repeat,1.0,57,specimen_57,0.5460884251037779,0.8692032788320728
familiar,selection,forward,copy,single,0.25,10,specimen_10,0.5940399041703166,0.5068359472469344
familiar,selection,forward,copy,single,0.25,57,specimen_57,0.5950154693394526,0.8497393802086772
familiar,selection,forward,copy,single,0.5,10,specimen_10,0.5735109962611425,0.5449426948664938
familiar,selection,forward,copy,single,0.5,57,specimen_57,0.5799590637224892,0.8633589843785049
familiar,selection,forward,copy,single,1.0,10,specimen_10,0.5597143182056405,0.5894258267532881
familiar,selection,forward,copy,single,1.0,57,specimen_57,0.5604794674407342,0.873820254787045
familiar,selection,forward,copy,speed,0.25,10,specimen_10,0.5412696498368678,0.5517300687282914
familiar,selection,forward,copy,speed,0.25,57,specimen_57,0.5901401042704933,0.8888087994088412
familiar,selection,forward,copy,speed,0.5,10,specimen_10,0.5357178652267545,0.6179064180677677
familiar,selection,forward,copy,speed,0.5,57,specimen_57,0.5821922005221496,0.9005985271249639
familiar,selection,forward,copy,speed,1.0,10,specimen_10,0.5353351322173485,0.6584858016642062
familiar,selection,forward,copy,speed,1.0,57,specimen_57,0.5744465131583317,0.910489453634476
familiar,selection,forward,encoder,direction,0.25,10,specimen_10,0.3693963832250147,0.5736927570723377
familiar,selection,forward,encoder,direction,0.25,57,specimen_57,0.35281502252275293,0.7164356989420949
familiar,selection,forward,encoder,direction,0.5,10,specimen_10,0.3286765772059108,0.5306129135100083
familiar,selection,forward,encoder,direction,0.5,57,specimen_57,0.35360202204548946,0.7319353083150615
familiar,selection,forward,encoder,direction,1.0,10,specimen_10,0.32172114221435605,0.5107936480636109
familiar,selection,forward,encoder,direction,1.0,57,specimen_57,0.34759697589007293,0.7269096303137051
familiar,selection,forward,encoder,load,0.25,10,specimen_10,0.3308828928028092,0.5150397280021846
familiar,selection,forward,encoder,load,0.25,57,specimen_57,0.3597266558896412,0.7429656081026321
familiar,selection,forward,encoder,load,0.5,10,specimen_10,0.3275781544772061,0.47519260445752426
familiar,selection,forward,encoder,load,0.5,57,specimen_57,0.3511385870250789,0.7351670341643636
familiar,selection,forward,encoder,load,1.0,10,specimen_10,0.34252574351249326,0.4466607043115785
familiar,selection,forward,encoder,load,1.0,57,specimen_57,0.349268143262827,0.7348014535833253
familiar,selection,forward,encoder,repeat,0.25,10,specimen_10,0.32435938207940623,0.4863736379027581
familiar,selection,forward,encoder,repeat,0.25,57,specimen_57,0.35668046614437393,0.7103796454826451
familiar,selection,forward,encoder,repeat,0.5,10,specimen_10,0.329679292598457,0.46737448923480124
familiar,selection,forward,encoder,repeat,0.5,57,specimen_57,0.368745294822888,0.7502196694857389
familiar,selection,forward,encoder,repeat,1.0,10,specimen_10,0.3300498690117489,0.4700979204451989
familiar,selection,forward,encoder,repeat,1.0,57,specimen_57,0.3497648841955445,0.7334870775691464
familiar,selection,forward,encoder,single,0.25,10,specimen_10,0.34761507425344346,0.5226315080315201
familiar,selection,forward,encoder,single,0.25,57,specimen_57,0.36885896517020283,0.7452129371135904
familiar,selection,forward,encoder,single,0.5,10,specimen_10,0.33413403752175247,0.47191718214800055
familiar,selection,forward,encoder,single,0.5,57,specimen_57,0.38383580755555274,0.7596120034860547
familiar,selection,forward,encoder,single,1.0,10,specimen_10,0.36727050895040686,0.4262406061180674
familiar,selection,forward,encoder,single,1.0,57,specimen_57,0.35042244670065964,0.7317249609468269
familiar,selection,forward,encoder,speed,0.25,10,specimen_10,0.3285918135308858,0.5199615049366253
familiar,selection,forward,encoder,speed,0.25,57,specimen_57,0.43644461317947414,0.7758228632726628
familiar,selection,forward,encoder,speed,0.5,10,specimen_10,0.34235801897717244,0.44961593015591034
familiar,selection,forward,encoder,speed,0.5,57,specimen_57,0.42108816800243926,0.775441012533638
familiar,selection,forward,encoder,speed,1.0,10,specimen_10,0.3477693625697584,0.44518366430166095
familiar,selection,forward,encoder,speed,1.0,57,specimen_57,0.3863584245696212,0.76114067999179
familiar,selection,forward,encoder_wrong_support,direction,0.25,10,specimen_10,0.4790434735742482,0.6689455035883592
familiar,selection,forward,encoder_wrong_support,direction,0.25,57,specimen_57,0.4021067041339296,0.6526455813136767
familiar,selection,forward,encoder_wrong_support,direction,0.5,10,specimen_10,0.5274492601553599,0.6928015256077575
familiar,selection,forward,encoder_wrong_support,direction,0.5,57,specimen_57,0.46389823948795145,0.6188044605294538
familiar,selection,forward,encoder_wrong_support,direction,1.0,10,specimen_10,0.5068175416778434,0.6846922973916176
familiar,selection,forward,encoder_wrong_support,direction,1.0,57,specimen_57,0.5020840980789879,0.6037335677963835
familiar,selection,forward,encoder_wrong_support,load,0.25,10,specimen_10,0.5586686439134857,0.7107767446318966
familiar,selection,forward,encoder_wrong_support,load,0.25,57,specimen_57,0.47581071113095136,0.6060552866611206
familiar,selection,forward,encoder_wrong_support,load,0.5,10,specimen_10,0.5275975549311349,0.6985538387557909
familiar,selection,forward,encoder_wrong_support,load,0.5,57,specimen_57,0.550443322821097,0.5786693977548262
familiar,selection,forward,encoder_wrong_support,load,1.0,10,specimen_10,0.523235267987757,0.697575579753933
familiar,selection,forward,encoder_wrong_support,load,1.0,57,specimen_57,0.6096194594195395,0.5619548858726591
familiar,selection,forward,encoder_wrong_support,repeat,0.25,10,specimen_10,0.4596444256603718,0.6607375881888679
familiar,selection,forward,encoder_wrong_support,repeat,0.25,57,specimen_57,0.5343186211856928,0.585414475575251
familiar,selection,forward,encoder_wrong_support,repeat,0.5,10,specimen_10,0.5845873676466219,0.721875401993589
familiar,selection,forward,encoder_wrong_support,repeat,0.5,57,specimen_57,0.5655413981188427,0.5722291990521028
familiar,selection,forward,encoder_wrong_support,repeat,1.0,10,specimen_10,0.5213469641678261,0.6955218145914444
familiar,selection,forward,encoder_wrong_support,repeat,1.0,57,specimen_57,0.5630178060947042,0.5733918491258296
familiar,selection,forward,encoder_wrong_support,single,0.25,10,specimen_10,0.5622886038865104,0.7139875886090086
familiar,selection,forward,encoder_wrong_support,single,0.25,57,specimen_57,0.4736625825365384,0.6132880527915909
familiar,selection,forward,encoder_wrong_support,single,0.5,10,specimen_10,0.6145489728360465,0.7361703934156428
familiar,selection,forward,encoder_wrong_support,single,0.5,57,specimen_57,0.5582728720072544,0.5782871294806408
familiar,selection,forward,encoder_wrong_support,single,1.0,10,specimen_10,0.5103061674444964,0.6922377636535986
familiar,selection,forward,encoder_wrong_support,single,1.0,57,specimen_57,0.6565826747453575,0.5546595699474036
familiar,selection,forward,encoder_wrong_support,speed,0.25,10,specimen_10,0.6945397111051012,0.7614081839857855
familiar,selection,forward,encoder_wrong_support,speed,0.25,57,specimen_57,0.48154232684861525,0.6131010294625043
familiar,selection,forward,encoder_wrong_support,speed,0.5,10,specimen_10,0.6821235454443729,0.7604173073473689
familiar,selection,forward,encoder_wrong_support,speed,0.5,57,specimen_57,0.6139320947907188,0.5630378779892272
familiar,selection,forward,encoder_wrong_support,speed,1.0,10,specimen_10,0.6237443069165404,0.7388469526047406
familiar,selection,forward,encoder_wrong_support,speed,1.0,57,specimen_57,0.6275681148875843,0.5620484863152105
familiar,selection,forward,fixed_features,direction,0.25,10,specimen_10,0.30305368009183276,0.4282043898366385
familiar,selection,forward,fixed_features,direction,0.25,57,specimen_57,0.33013722983067795,0.6797364110502983
familiar,selection,forward,fixed_features,direction,0.5,10,specimen_10,0.30186484620637216,0.43470349540746617
familiar,selection,forward,fixed_features,direction,0.5,57,specimen_57,0.33186843343112055,0.6700376460808826
familiar,selection,forward,fixed_features,direction,1.0,10,specimen_10,0.3005848577344422,0.44159898918857016
familiar,selection,forward,fixed_features,direction,1.0,57,specimen_57,0.33302441916544007,0.6676125988897167
familiar,selection,forward,fixed_features,load,0.25,10,specimen_10,0.3023514750604963,0.4380346601820504
familiar,selection,forward,fixed_features,load,0.25,57,specimen_57,0.3301199109526554,0.6866389887693679
familiar,selection,forward,fixed_features,load,0.5,10,specimen_10,0.29851033101692487,0.45058287983714873
familiar,selection,forward,fixed_features,load,0.5,57,specimen_57,0.32956038497247103,0.6864014327793379
familiar,selection,forward,fixed_features,load,1.0,10,specimen_10,0.2981405344595633,0.45621881402167186
familiar,selection,forward,fixed_features,load,1.0,57,specimen_57,0.329887229441393,0.682419100331982
familiar,selection,forward,fixed_features,repeat,0.25,10,specimen_10,0.30226173650074634,0.43090734319458884
familiar,selection,forward,fixed_features,repeat,0.25,57,specimen_57,0.3309248248720582,0.6886087978732945
familiar,selection,forward,fixed_features,repeat,0.5,10,specimen_10,0.29974147518242683,0.44159562854257217
familiar,selection,forward,fixed_features,repeat,0.5,57,specimen_57,0.3294551832257031,0.6900061946178752
familiar,selection,forward,fixed_features,repeat,1.0,10,specimen_10,0.30006678138949766,0.4450901079809962
familiar,selection,forward,fixed_features,repeat,1.0,57,specimen_57,0.3294280723941227,0.6833484052640864
familiar,selection,forward,fixed_features,single,0.25,10,specimen_10,0.309969944381835,0.42339802156942485
familiar,selection,forward,fixed_features,single,0.25,57,specimen_57,0.3316562784535387,0.6899760179635603
familiar,selection,forward,fixed_features,single,0.5,10,specimen_10,0.3035133814490928,0.4384237089231657
familiar,selection,forward,fixed_features,single,0.5,57,specimen_57,0.3300565779092167,0.6846976058876301
familiar,selection,forward,fixed_features,single,1.0,10,specimen_10,0.2991581314829927,0.4533104441399038
familiar,selection,forward,fixed_features,single,1.0,57,specimen_57,0.3298727920503868,0.6818341914802764
familiar,selection,forward,fixed_features,speed,0.25,10,specimen_10,0.2975839683889679,0.46792876746208917
familiar,selection,forward,fixed_features,speed,0.25,57,specimen_57,0.3306337250916235,0.6917924157864368
familiar,selection,forward,fixed_features,speed,0.5,10,specimen_10,0.2982411563753212,0.4715726788857404
familiar,selection,forward,fixed_features,speed,0.5,57,specimen_57,0.3297051888941098,0.6886583393367872
familiar,selection,forward,fixed_features,speed,1.0,10,specimen_10,0.29827952181851974,0.4710070008391787
familiar,selection,forward,fixed_features,speed,1.0,57,specimen_57,0.3295146800713406,0.6857977041336105
familiar,selection,forward,retrieval,direction,0.25,10,specimen_10,0.16260727365517794,0.15058772921325175
familiar,selection,forward,retrieval,direction,0.25,57,specimen_57,0.1523518473310206,0.09576042982745868
familiar,selection,forward,retrieval,direction,0.5,10,specimen_10,0.16260727365517794,0.15058772921325175
familiar,selection,forward,retrieval,direction,0.5,57,specimen_57,0.1523518473310206,0.09576042982745868
familiar,selection,forward,retrieval,direction,1.0,10,specimen_10,0.16260727365517794,0.15058772921325175
familiar,selection,forward,retrieval,direction,1.0,57,specimen_57,0.1523518473310206,0.09576042982745868
familiar,selection,forward,retrieval,load,0.25,10,specimen_10,0.16260727365517794,0.15058772921325175
familiar,selection,forward,retrieval,load,0.25,57,specimen_57,0.1523518473310206,0.09576042982745868
familiar,selection,forward,retrieval,load,0.5,10,specimen_10,0.16260727365517794,0.15058772921325175
familiar,selection,forward,retrieval,load,0.5,57,specimen_57,0.1523518473310206,0.09576042982745868
familiar,selection,forward,retrieval,load,1.0,10,specimen_10,0.16260727365517794,0.15058772921325175
familiar,selection,forward,retrieval,load,1.0,57,specimen_57,0.1523518473310206,0.09576042982745868
familiar,selection,forward,retrieval,repeat,0.25,10,specimen_10,0.16260727365517794,0.15058772921325175
familiar,selection,forward,retrieval,repeat,0.25,57,specimen_57,0.1523518473310206,0.09576042982745868
familiar,selection,forward,retrieval,repeat,0.5,10,specimen_10,0.16260727365517794,0.15058772921325175
familiar,selection,forward,retrieval,repeat,0.5,57,specimen_57,0.1523518473310206,0.09576042982745868
familiar,selection,forward,retrieval,repeat,1.0,10,specimen_10,0.16260727365517794,0.15058772921325175
familiar,selection,forward,retrieval,repeat,1.0,57,specimen_57,0.1523518473310206,0.09576042982745868
familiar,selection,forward,retrieval,single,0.25,10,specimen_10,0.16260727365517794,0.15058772921325175
familiar,selection,forward,retrieval,single,0.25,57,specimen_57,0.1523518473310206,0.09576042982745868
familiar,selection,forward,retrieval,single,0.5,10,specimen_10,0.16260727365517794,0.15058772921325175
familiar,selection,forward,retrieval,single,0.5,57,specimen_57,0.1523518473310206,0.09576042982745868
familiar,selection,forward,retrieval,single,1.0,10,specimen_10,0.16260727365517794,0.15058772921325175
familiar,selection,forward,retrieval,single,1.0,57,specimen_57,0.1523518473310206,0.09576042982745868
familiar,selection,forward,retrieval,speed,0.25,10,specimen_10,0.16260727365517794,0.15058772921325175
familiar,selection,forward,retrieval,speed,0.25,57,specimen_57,0.1523518473310206,0.09576042982745868
familiar,selection,forward,retrieval,speed,0.5,10,specimen_10,0.16260727365517794,0.15058772921325175
familiar,selection,forward,retrieval,speed,0.5,57,specimen_57,0.1523518473310206,0.09576042982745868
familiar,selection,forward,retrieval,speed,1.0,10,specimen_10,0.16260727365517794,0.15058772921325175
familiar,selection,forward,retrieval,speed,1.0,57,specimen_57,0.1523518473310206,0.09576042982745868
familiar,selection,forward,speed_rescaling,direction,0.25,10,specimen_10,0.6124655175402409,0.7731519863956499
familiar,selection,forward,speed_rescaling,direction,0.25,57,specimen_57,0.622698186558095,1.0316630303902912
familiar,selection,forward,speed_rescaling,direction,0.5,10,specimen_10,0.5877975068064014,0.7613633541541119
familiar,selection,forward,speed_rescaling,direction,0.5,57,specimen_57,0.619260958783887,1.0317326637357316
familiar,selection,forward,speed_rescaling,direction,1.0,10,specimen_10,0.5731145511150421,0.7688716872177426
familiar,selection,forward,speed_rescaling,direction,1.0,57,specimen_57,0.6025728077477462,1.0260660641473447
familiar,selection,forward,speed_rescaling,load,0.25,10,specimen_10,0.569531232122762,0.42473615121896147
familiar,selection,forward,speed_rescaling,load,0.25,57,specimen_57,0.5652596729226913,0.8356142093358572
familiar,selection,forward,speed_rescaling,load,0.5,10,specimen_10,0.5425503709513957,0.484833181832006
familiar,selection,forward,speed_rescaling,load,0.5,57,specimen_57,0.5538682076440664,0.8461114022683772
familiar,selection,forward,speed_rescaling,load,1.0,10,specimen_10,0.5263708921399116,0.5335961277703287
familiar,selection,forward,speed_rescaling,load,1.0,57,specimen_57,0.5387561924887267,0.8544721173698222
familiar,selection,forward,speed_rescaling,repeat,0.25,10,specimen_10,0.569531232122762,0.42473615121896147
familiar,selection,forward,speed_rescaling,repeat,0.25,57,specimen_57,0.5652596729226913,0.8356142093358572
familiar,selection,forward,speed_rescaling,repeat,0.5,10,specimen_10,0.5425503709513957,0.484833181832006
familiar,selection,forward,speed_rescaling,repeat,0.5,57,specimen_57,0.5538682076440664,0.8461114022683772
familiar,selection,forward,speed_rescaling,repeat,1.0,10,specimen_10,0.5263708921399116,0.5335961277703287
familiar,selection,forward,speed_rescaling,repeat,1.0,57,specimen_57,0.5387561924887267,0.8544721173698222
familiar,selection,forward,speed_rescaling,single,0.25,10,specimen_10,0.569531232122762,0.42473615121896147
familiar,selection,forward,speed_rescaling,single,0.25,57,specimen_57,0.5652596729226913,0.8356142093358572
familiar,selection,forward,speed_rescaling,single,0.5,10,specimen_10,0.5425503709513957,0.484833181832006
familiar,selection,forward,speed_rescaling,single,0.5,57,specimen_57,0.5538682076440664,0.8461114022683772
familiar,selection,forward,speed_rescaling,single,1.0,10,specimen_10,0.5263708921399116,0.5335961277703287
familiar,selection,forward,speed_rescaling,single,1.0,57,specimen_57,0.5387561924887267,0.8544721173698222
familiar,selection,forward,speed_rescaling,speed,0.25,10,specimen_10,0.5653887193852488,0.4350548505337727
familiar,selection,forward,speed_rescaling,speed,0.25,57,specimen_57,0.5758763538896964,0.8429364846722976
familiar,selection,forward,speed_rescaling,speed,0.5,10,specimen_10,0.5390846881388909,0.5023778500205854
familiar,selection,forward,speed_rescaling,speed,0.5,57,specimen_57,0.5627504036875015,0.8538733110436194
familiar,selection,forward,speed_rescaling,speed,1.0,10,specimen_10,0.5230300004551486,0.5490524014052239
familiar,selection,forward,speed_rescaling,speed,1.0,57,specimen_57,0.5475481256606731,0.8637474577599208
familiar,selection,reverse,conditions_only,direction,0.25,10,specimen_10,0.3357451550242538,0.5689009779262436
familiar,selection,reverse,conditions_only,direction,0.25,57,specimen_57,0.420936040315271,0.6410614638715925
familiar,selection,reverse,conditions_only,direction,0.5,10,specimen_10,0.3357451550242538,0.5689009779262436
familiar,selection,reverse,conditions_only,direction,0.5,57,specimen_57,0.420936040315271,0.6410614638715925
familiar,selection,reverse,conditions_only,direction,1.0,10,specimen_10,0.3357451550242538,0.5689009779262436
familiar,selection,reverse,conditions_only,direction,1.0,57,specimen_57,0.420936040315271,0.6410614638715925
familiar,selection,reverse,conditions_only,load,0.25,10,specimen_10,0.3357451550242538,0.5689009779262436
familiar,selection,reverse,conditions_only,load,0.25,57,specimen_57,0.420936040315271,0.6410614638715925
familiar,selection,reverse,conditions_only,load,0.5,10,specimen_10,0.3357451550242538,0.5689009779262436
familiar,selection,reverse,conditions_only,load,0.5,57,specimen_57,0.420936040315271,0.6410614638715925
familiar,selection,reverse,conditions_only,load,1.0,10,specimen_10,0.3357451550242538,0.5689009779262436
familiar,selection,reverse,conditions_only,load,1.0,57,specimen_57,0.420936040315271,0.6410614638715925
familiar,selection,reverse,conditions_only,repeat,0.25,10,specimen_10,0.3357451550242538,0.5689009779262436
familiar,selection,reverse,conditions_only,repeat,0.25,57,specimen_57,0.420936040315271,0.6410614638715925
familiar,selection,reverse,conditions_only,repeat,0.5,10,specimen_10,0.3357451550242538,0.5689009779262436
familiar,selection,reverse,conditions_only,repeat,0.5,57,specimen_57,0.420936040315271,0.6410614638715925
familiar,selection,reverse,conditions_only,repeat,1.0,10,specimen_10,0.3357451550242538,0.5689009779262436
familiar,selection,reverse,conditions_only,repeat,1.0,57,specimen_57,0.420936040315271,0.6410614638715925
familiar,selection,reverse,conditions_only,single,0.25,10,specimen_10,0.3357451550242538,0.5689009779262436
familiar,selection,reverse,conditions_only,single,0.25,57,specimen_57,0.420936040315271,0.6410614638715925
familiar,selection,reverse,conditions_only,single,0.5,10,specimen_10,0.3357451550242538,0.5689009779262436
familiar,selection,reverse,conditions_only,single,0.5,57,specimen_57,0.420936040315271,0.6410614638715925
familiar,selection,reverse,conditions_only,single,1.0,10,specimen_10,0.3357451550242538,0.5689009779262436
familiar,selection,reverse,conditions_only,single,1.0,57,specimen_57,0.420936040315271,0.6410614638715925
familiar,selection,reverse,conditions_only,speed,0.25,10,specimen_10,0.3357451550242538,0.5689009779262436
familiar,selection,reverse,conditions_only,speed,0.25,57,specimen_57,0.420936040315271,0.6410614638715925
familiar,selection,reverse,conditions_only,speed,0.5,10,specimen_10,0.3357451550242538,0.5689009779262436
familiar,selection,reverse,conditions_only,speed,0.5,57,specimen_57,0.420936040315271,0.6410614638715925
familiar,selection,reverse,conditions_only,speed,1.0,10,specimen_10,0.3357451550242538,0.5689009779262436
familiar,selection,reverse,conditions_only,speed,1.0,57,specimen_57,0.420936040315271,0.6410614638715925
familiar,selection,reverse,copy,direction,0.25,10,specimen_10,0.5320928939720876,0.6361477770445039
familiar,selection,reverse,copy,direction,0.25,57,specimen_57,0.516921434423161,0.7346423255685324
familiar,selection,reverse,copy,direction,0.5,10,specimen_10,0.5164280570636973,0.5917888518111806
familiar,selection,reverse,copy,direction,0.5,57,specimen_57,0.5203143100352943,0.7326152086651784
familiar,selection,reverse,copy,direction,1.0,10,specimen_10,0.4996731826842391,0.5706351471587437
familiar,selection,reverse,copy,direction,1.0,57,specimen_57,0.5071439549219642,0.7277394461174521
familiar,selection,reverse,copy,load,0.25,10,specimen_10,0.5912115977376152,0.5075248654681652
familiar,selection,reverse,copy,load,0.25,57,specimen_57,0.5538810114947557,0.844860976992857
familiar,selection,reverse,copy,load,0.5,10,specimen_10,0.56750125432954,0.5182656803179057
familiar,selection,reverse,copy,load,0.5,57,specimen_57,0.5521664689859797,0.8599658289346176
familiar,selection,reverse,copy,load,1.0,10,specimen_10,0.5471918736490207,0.5416305199781394
familiar,selection,reverse,copy,load,1.0,57,specimen_57,0.5481856486311539,0.8675408824858661
familiar,selection,reverse,copy,repeat,0.25,10,specimen_10,0.5929803636359063,0.5149098082045757
familiar,selection,reverse,copy,repeat,0.25,57,specimen_57,0.5530889865291301,0.8403685516601246
familiar,selection,reverse,copy,repeat,0.5,10,specimen_10,0.5784828212975351,0.5350042223014119
familiar,selection,reverse,copy,repeat,0.5,57,specimen_57,0.559376095611131,0.8575559316205531
familiar,selection,reverse,copy,repeat,1.0,10,specimen_10,0.5635198656558379,0.5641881402173122
familiar,selection,reverse,copy,repeat,1.0,57,specimen_57,0.5495580855851562,0.868862905566997
familiar,selection,reverse,copy,single,0.25,10,specimen_10,0.604674281758984,0.513605565505069
familiar,selection,reverse,copy,single,0.25,57,specimen_57,0.5677335402857001,0.8306806304021603
familiar,selection,reverse,copy,single,0.5,10,specimen_10,0.5937270576614021,0.5219825468361828
familiar,selection,reverse,copy,single,0.5,57,specimen_57,0.5629375916538223,0.8518504509016047
familiar,selection,reverse,copy,single,1.0,10,specimen_10,0.5752937500231714,0.5454248262092787
familiar,selection,reverse,copy,single,1.0,57,specimen_57,0.5470790909054695,0.8645831753279978
familiar,selection,reverse,copy,speed,0.25,10,specimen_10,0.5551502380561946,0.562490818182667
familiar,selection,reverse,copy,speed,0.25,57,specimen_57,0.5512322705929578,0.87215954587811
familiar,selection,reverse,copy,speed,0.5,10,specimen_10,0.5548704251887181,0.5842102664336744
familiar,selection,reverse,copy,speed,0.5,57,specimen_57,0.5489238694157671,0.8891160790054403
familiar,selection,reverse,copy,speed,1.0,10,specimen_10,0.5465735062221344,0.6256716565838004
familiar,selection,reverse,copy,speed,1.0,57,specimen_57,0.5495596023242469,0.8984872075649786
familiar,selection,reverse,encoder,direction,0.25,10,specimen_10,0.32149881429292937,0.5081909925627303
familiar,selection,reverse,encoder,direction,0.25,57,specimen_57,0.43620336552460987,0.6520312678868344
familiar,selection,reverse,encoder,direction,0.5,10,specimen_10,0.3189637835955981,0.5092670590017023
familiar,selection,reverse,encoder,direction,0.5,57,specimen_57,0.3713811884323756,0.6871550068128139
familiar,selection,reverse,encoder,direction,1.0,10,specimen_10,0.31425616506374243,0.5346646073674296
familiar,selection,reverse,encoder,direction,1.0,57,specimen_57,0.35983944277871743,0.6961974883770319
familiar,selection,reverse,encoder,load,0.25,10,specimen_10,0.3217754340307279,0.5016792491046741
familiar,selection,reverse,encoder,load,0.25,57,specimen_57,0.35966678166931326,0.7111980825739316
familiar,selection,reverse,encoder,load,0.5,10,specimen_10,0.33127551875782735,0.47267123729431454
familiar,selection,reverse,encoder,load,0.5,57,specimen_57,0.3584285994822329,0.7144706676500938
familiar,selection,reverse,encoder,load,1.0,10,specimen_10,0.3478377391443108,0.4577195918463434
familiar,selection,reverse,encoder,load,1.0,57,specimen_57,0.35251408657341293,0.7202593530474357
familiar,selection,reverse,encoder,repeat,0.25,10,specimen_10,0.3173729302079389,0.5020190106145296
familiar,selection,reverse,encoder,repeat,0.25,57,specimen_57,0.3594435111365535,0.7099403043726401
familiar,selection,reverse,encoder,repeat,0.5,10,specimen_10,0.32399319620295003,0.48396050430319537
familiar,selection,reverse,encoder,repeat,0.5,57,specimen_57,0.3705430556878899,0.7492333920510932
familiar,selection,reverse,encoder,repeat,1.0,10,specimen_10,0.3243176338799072,0.4864117406474932
familiar,selection,reverse,encoder,repeat,1.0,57,specimen_57,0.352201640493039,0.7326113961495083
familiar,selection,reverse,encoder,single,0.25,10,specimen_10,0.4293717539897471,0.41384300486506875
familiar,selection,reverse,encoder,single,0.25,57,specimen_57,0.5100000076221697,0.6228730098126509
familiar,selection,reverse,encoder,single,0.5,10,specimen_10,0.40265692318930774,0.4237327228506813
familiar,selection,reverse,encoder,single,0.5,57,specimen_57,0.3622864309811231,0.7007819064321993
familiar,selection,reverse,encoder,single,1.0,10,specimen_10,0.34288030738631886,0.46703875529406713
familiar,selection,reverse,encoder,single,1.0,57,specimen_57,0.37209727434497886,0.694578558456619
familiar,selection,reverse,encoder,speed,0.25,10,specimen_10,0.3194934366778894,0.5385616824917766
familiar,selection,reverse,encoder,speed,0.25,57,specimen_57,0.4760859114202585,0.6387157391561297
familiar,selection,reverse,encoder,speed,0.5,10,specimen_10,0.32246662789221964,0.549392708781136
familiar,selection,reverse,encoder,speed,0.5,57,specimen_57,0.4087867248013164,0.6714960035454872
familiar,selection,reverse,encoder,speed,1.0,10,specimen_10,0.3270171236133937,0.5567351230388019
familiar,selection,reverse,encoder,speed,1.0,57,specimen_57,0.3724722324898749,0.694645614724049
familiar,selection,reverse,encoder_wrong_support,direction,0.25,10,specimen_10,0.3417045399546623,0.5891195493527144
familiar,selection,reverse,encoder_wrong_support,direction,0.25,57,specimen_57,0.5477796271443367,0.5857799037998892
familiar,selection,reverse,encoder_wrong_support,direction,0.5,10,specimen_10,0.39433940793528705,0.6356165485155326
familiar,selection,reverse,encoder_wrong_support,direction,0.5,57,specimen_57,0.5413335683670911,0.5857255658517263
familiar,selection,reverse,encoder_wrong_support,direction,1.0,10,specimen_10,0.41222826143105823,0.6478636047192433
familiar,selection,reverse,encoder_wrong_support,direction,1.0,57,specimen_57,0.490443442581278,0.6067852832994333
familiar,selection,reverse,encoder_wrong_support,load,0.25,10,specimen_10,0.4474473907188936,0.6714131560348626
familiar,selection,reverse,encoder_wrong_support,load,0.25,57,specimen_57,0.5351141411246676,0.5811081403743338
familiar,selection,reverse,encoder_wrong_support,load,0.5,10,specimen_10,0.4581964503635059,0.6762455697444114
familiar,selection,reverse,encoder_wrong_support,load,0.5,57,specimen_57,0.5922328206625852,0.5632072065275618
familiar,selection,reverse,encoder_wrong_support,load,1.0,10,specimen_10,0.4713542029035814,0.684728616765795
familiar,selection,reverse,encoder_wrong_support,load,1.0,57,specimen_57,0.626693401372794,0.5552247167703294
familiar,selection,reverse,encoder_wrong_support,repeat,0.25,10,specimen_10,0.44854633826198004,0.6700263042662046
familiar,selection,reverse,encoder_wrong_support,repeat,0.25,57,specimen_57,0.538358815917463,0.5827695092712212
familiar,selection,reverse,encoder_wrong_support,repeat,0.5,10,specimen_10,0.574480643326586,0.7290938192029929
familiar,selection,reverse,encoder_wrong_support,repeat,0.5,57,specimen_57,0.5696482450673074,0.5693755109089806
familiar,selection,reverse,encoder_wrong_support,repeat,1.0,10,specimen_10,0.5108699279301094,0.7034004925191599
familiar,selection,reverse,encoder_wrong_support,repeat,1.0,57,specimen_57,0.567180221053687,0.5705239082748035
familiar,selection,reverse,encoder_wrong_support,single,0.25,10,specimen_10,0.33249091650500445,0.5529983272007933
familiar,selection,reverse,encoder_wrong_support,single,0.25,57,specimen_57,0.7520044588229874,0.5382084663438547
familiar,selection,reverse,encoder_wrong_support,single,0.5,10,specimen_10,0.41818205380078516,0.6550083799369076
familiar,selection,reverse,encoder_wrong_support,single,0.5,57,specimen_57,0.7134462511449149,0.5410238467349751
familiar,selection,reverse,encoder_wrong_support,single,1.0,10,specimen_10,0.40153704369158455,0.6457897432955318
familiar,selection,reverse,encoder_wrong_support,single,1.0,57,specimen_57,0.607648072369171,0.5597700201343637
familiar,selection,reverse,encoder_wrong_support,speed,0.25,10,specimen_10,0.33453664115884085,0.5729521702488921
familiar,selection,reverse,encoder_wrong_support,speed,0.25,57,specimen_57,0.4775293402825341,0.6144300059841945
familiar,selection,reverse,encoder_wrong_support,speed,0.5,10,specimen_10,0.36902032849012006,0.6157061790051154
familiar,selection,reverse,encoder_wrong_support,speed,0.5,57,specimen_57,0.4561363740852385,0.6202804914445664
familiar,selection,reverse,encoder_wrong_support,speed,1.0,10,specimen_10,0.406652131202546,0.6471078831539493
familiar,selection,reverse,encoder_wrong_support,speed,1.0,57,specimen_57,0.44493100159999094,0.6264927752147548
familiar,selection,reverse,fixed_features,direction,0.25,10,specimen_10,0.29097960272150947,0.4743006781554697
familiar,selection,reverse,fixed_features,direction,0.25,57,specimen_57,0.3428548696469768,0.6623708139367452
familiar,selection,reverse,fixed_features,direction,0.5,10,specimen_10,0.2939267947532784,0.45408349625052774
familiar,selection,reverse,fixed_features,direction,0.5,57,specimen_57,0.3554394384372463,0.6635609159876371
familiar,selection,reverse,fixed_features,direction,1.0,10,specimen_10,0.29649971744649356,0.4535064462295441
familiar,selection,reverse,fixed_features,direction,1.0,57,specimen_57,0.34979465129147985,0.6613939279384603
familiar,selection,reverse,fixed_features,load,0.25,10,specimen_10,0.2946264692618384,0.4533599167214401
familiar,selection,reverse,fixed_features,load,0.25,57,specimen_57,0.3286806938371232,0.6839282794057875
familiar,selection,reverse,fixed_features,load,0.5,10,specimen_10,0.29061580293275635,0.46524417169824017
familiar,selection,reverse,fixed_features,load,0.5,57,specimen_57,0.32756218096759926,0.6926353725203976
familiar,selection,reverse,fixed_features,load,1.0,10,specimen_10,0.2903006820246557,0.4705700986071857
familiar,selection,reverse,fixed_features,load,1.0,57,specimen_57,0.32844468557975337,0.6848062635713643
familiar,selection,reverse,fixed_features,repeat,0.25,10,specimen_10,0.2950149717791438,0.45551528333082597
familiar,selection,reverse,fixed_features,repeat,0.25,57,specimen_57,0.3288153463128888,0.6881694567632897
familiar,selection,reverse,fixed_features,repeat,0.5,10,specimen_10,0.29204706956416643,0.4655868447656168
familiar,selection,reverse,fixed_features,repeat,0.5,57,specimen_57,0.3278342288505838,0.6895668535078703
familiar,selection,reverse,fixed_features,repeat,1.0,10,specimen_10,0.29272196666857975,0.4688993968046668
familiar,selection,reverse,fixed_features,repeat,1.0,57,specimen_57,0.3281526497988587,0.6829090641540815
familiar,selection,reverse,fixed_features,single,0.25,10,specimen_10,0.29008752011291744,0.47193260585048513
familiar,selection,reverse,fixed_features,single,0.25,57,specimen_57,0.3296276772715126,0.6798503788317309
familiar,selection,reverse,fixed_features,single,0.5,10,specimen_10,0.29169806665523584,0.4636655453815362
familiar,selection,reverse,fixed_features,single,0.5,57,specimen_57,0.33116628299080986,0.6792345204077249
familiar,selection,reverse,fixed_features,single,1.0,10,specimen_10,0.2951874825946657,0.45942778112071053
familiar,selection,reverse,fixed_features,single,1.0,57,specimen_57,0.33114649638988797,0.6775218360964015
familiar,selection,reverse,fixed_features,speed,0.25,10,specimen_10,0.29540076854261116,0.5068542858538071
familiar,selection,reverse,fixed_features,speed,0.25,57,specimen_57,0.32815062724218547,0.6852277381260534
familiar,selection,reverse,fixed_features,speed,0.5,10,specimen_10,0.2896832814473755,0.49217090472038744
familiar,selection,reverse,fixed_features,speed,0.5,57,specimen_57,0.3293117781618243,0.6890112101288224
familiar,selection,reverse,fixed_features,speed,1.0,10,specimen_10,0.2890837227617038,0.4819447726293511
familiar,selection,reverse,fixed_features,speed,1.0,57,specimen_57,0.330028546719316,0.6855621450489302
familiar,selection,reverse,retrieval,direction,0.25,10,specimen_10,0.15421068115558512,0.1292791046446252
familiar,selection,reverse,retrieval,direction,0.25,57,specimen_57,0.15352221089364262,0.08121215025709215
familiar,selection,reverse,retrieval,direction,0.5,10,specimen_10,0.15421068115558512,0.1292791046446252
familiar,selection,reverse,retrieval,direction,0.5,57,specimen_57,0.15352221089364262,0.08121215025709215
familiar,selection,reverse,retrieval,direction,1.0,10,specimen_10,0.15421068115558512,0.1292791046446252
familiar,selection,reverse,retrieval,direction,1.0,57,specimen_57,0.15352221089364262,0.08121215025709215
familiar,selection,reverse,retrieval,load,0.25,10,specimen_10,0.41073316620281236,1.5360055287082
familiar,selection,reverse,retrieval,load,0.25,57,specimen_57,0.15352221089364262,0.08121215025709215
familiar,selection,reverse,retrieval,load,0.5,10,specimen_10,0.15421068115558512,0.1292791046446252
familiar,selection,reverse,retrieval,load,0.5,57,specimen_57,0.15352221089364262,0.08121215025709215
familiar,selection,reverse,retrieval,load,1.0,10,specimen_10,0.15421068115558512,0.1292791046446252
familiar,selection,reverse,retrieval,load,1.0,57,specimen_57,0.15352221089364262,0.08121215025709215
familiar,selection,reverse,retrieval,repeat,0.25,10,specimen_10,0.15421068115558512,0.1292791046446252
familiar,selection,reverse,retrieval,repeat,0.25,57,specimen_57,0.15352221089364262,0.08121215025709215
familiar,selection,reverse,retrieval,repeat,0.5,10,specimen_10,0.15421068115558512,0.1292791046446252
familiar,selection,reverse,retrieval,repeat,0.5,57,specimen_57,0.15352221089364262,0.08121215025709215
familiar,selection,reverse,retrieval,repeat,1.0,10,specimen_10,0.15421068115558512,0.1292791046446252
familiar,selection,reverse,retrieval,repeat,1.0,57,specimen_57,0.15352221089364262,0.08121215025709215
familiar,selection,reverse,retrieval,single,0.25,10,specimen_10,0.15421068115558512,0.1292791046446252
familiar,selection,reverse,retrieval,single,0.25,57,specimen_57,0.15352221089364262,0.08121215025709215
familiar,selection,reverse,retrieval,single,0.5,10,specimen_10,0.15421068115558512,0.1292791046446252
familiar,selection,reverse,retrieval,single,0.5,57,specimen_57,0.15352221089364262,0.08121215025709215
familiar,selection,reverse,retrieval,single,1.0,10,specimen_10,0.15421068115558512,0.1292791046446252
familiar,selection,reverse,retrieval,single,1.0,57,specimen_57,0.15352221089364262,0.08121215025709215
familiar,selection,reverse,retrieval,speed,0.25,10,specimen_10,0.15421068115558512,0.1292791046446252
familiar,selection,reverse,retrieval,speed,0.25,57,specimen_57,0.15352221089364262,0.08121215025709215
familiar,selection,reverse,retrieval,speed,0.5,10,specimen_10,0.15421068115558512,0.1292791046446252
familiar,selection,reverse,retrieval,speed,0.5,57,specimen_57,0.15352221089364262,0.08121215025709215
familiar,selection,reverse,retrieval,speed,1.0,10,specimen_10,0.15421068115558512,0.1292791046446252
familiar,selection,reverse,retrieval,speed,1.0,57,specimen_57,0.15352221089364262,0.08121215025709215
familiar,selection,reverse,speed_rescaling,direction,0.25,10,specimen_10,0.6136008707266093,0.7392894487614646
familiar,selection,reverse,speed_rescaling,direction,0.25,57,specimen_57,0.6183494955121728,1.035643253304994
familiar,selection,reverse,speed_rescaling,direction,0.5,10,specimen_10,0.5979591134515428,0.6947189155649763
familiar,selection,reverse,speed_rescaling,direction,0.5,57,specimen_57,0.622303218153141,1.0441024569716537
familiar,selection,reverse,speed_rescaling,direction,1.0,10,specimen_10,0.5823596252185613,0.6975914398351558
familiar,selection,reverse,speed_rescaling,direction,1.0,57,specimen_57,0.6109562839136986,1.0404062702412133
familiar,selection,reverse,speed_rescaling,load,0.25,10,specimen_10,0.5797137450729283,0.43781903259537336
familiar,selection,reverse,speed_rescaling,load,0.25,57,specimen_57,0.5431321130438802,0.8166628752993703
familiar,selection,reverse,speed_rescaling,load,0.5,10,specimen_10,0.5694514457929287,0.4567129250139605
familiar,selection,reverse,speed_rescaling,load,0.5,57,specimen_57,0.5399964919868862,0.8334763443702712
familiar,selection,reverse,speed_rescaling,load,1.0,10,specimen_10,0.5506433652789465,0.4931701678412794
familiar,selection,reverse,speed_rescaling,load,1.0,57,specimen_57,0.5308374904151422,0.8458004893045978
familiar,selection,reverse,speed_rescaling,repeat,0.25,10,specimen_10,0.5785105698794569,0.4440620084902477
familiar,selection,reverse,speed_rescaling,repeat,0.25,57,specimen_57,0.5649668872130511,0.8339851515058784
familiar,selection,reverse,speed_rescaling,repeat,0.5,10,specimen_10,0.5519677918155756,0.5050000906755119
familiar,selection,reverse,speed_rescaling,repeat,0.5,57,specimen_57,0.5552367277035989,0.8459499199855155
familiar,selection,reverse,speed_rescaling,repeat,1.0,10,specimen_10,0.5338563216902525,0.5447100047071617
familiar,selection,reverse,speed_rescaling,repeat,1.0,57,specimen_57,0.5419800168583162,0.8547468945622281
familiar,selection,reverse,speed_rescaling,single,0.25,10,specimen_10,0.5797137450729283,0.43781903259537336
familiar,selection,reverse,speed_rescaling,single,0.25,57,specimen_57,0.5431321130438802,0.8166628752993703
familiar,selection,reverse,speed_rescaling,single,0.5,10,specimen_10,0.5694514457929287,0.4567129250139605
familiar,selection,reverse,speed_rescaling,single,0.5,57,specimen_57,0.5399964919868862,0.8334763443702712
familiar,selection,reverse,speed_rescaling,single,1.0,10,specimen_10,0.5506433652789465,0.4931701678412794
familiar,selection,reverse,speed_rescaling,single,1.0,57,specimen_57,0.5308374904151422,0.8458004893045978
familiar,selection,reverse,speed_rescaling,speed,0.25,10,specimen_10,0.5746400283203407,0.45803414753136457
familiar,selection,reverse,speed_rescaling,speed,0.25,57,specimen_57,0.5461330801599614,0.8262406435672048
familiar,selection,reverse,speed_rescaling,speed,0.5,10,specimen_10,0.5693717187710322,0.48378762123993496
familiar,selection,reverse,speed_rescaling,speed,0.5,57,specimen_57,0.5386812813737112,0.8423052184842735
familiar,selection,reverse,speed_rescaling,speed,1.0,10,specimen_10,0.5508140672879658,0.5222479934685187
familiar,selection,reverse,speed_rescaling,speed,1.0,57,specimen_57,0.5345044328199932,0.8531560301305507
familiar,transfer,forward,conditions_only,direction,0.25,10,specimen_10,0.35024377598440737,0.7256618767531603
familiar,transfer,forward,conditions_only,direction,0.25,57,specimen_57,0.4004071597498299,0.8952896586948429
familiar,transfer,forward,conditions_only,direction,0.5,10,specimen_10,0.35024377598440737,0.7256618767531603
familiar,transfer,forward,conditions_only,direction,0.5,57,specimen_57,0.4004071597498299,0.8952896586948429
familiar,transfer,forward,conditions_only,direction,1.0,10,specimen_10,0.35024377598440737,0.7256618767531603
familiar,transfer,forward,conditions_only,direction,1.0,57,specimen_57,0.4004071597498299,0.8952896586948429
familiar,transfer,forward,conditions_only,load,0.25,10,specimen_10,0.35024377598440737,0.7256618767531603
familiar,transfer,forward,conditions_only,load,0.25,57,specimen_57,0.4004071597498299,0.8952896586948429
familiar,transfer,forward,conditions_only,load,0.5,10,specimen_10,0.35024377598440737,0.7256618767531603
familiar,transfer,forward,conditions_only,load,0.5,57,specimen_57,0.4004071597498299,0.8952896586948429
familiar,transfer,forward,conditions_only,load,1.0,10,specimen_10,0.35024377598440737,0.7256618767531603
familiar,transfer,forward,conditions_only,load,1.0,57,specimen_57,0.4004071597498299,0.8952896586948429
familiar,transfer,forward,conditions_only,repeat,0.25,10,specimen_10,0.35024377598440737,0.7256618767531603
familiar,transfer,forward,conditions_only,repeat,0.25,57,specimen_57,0.4004071597498299,0.8952896586948429
familiar,transfer,forward,conditions_only,repeat,0.5,10,specimen_10,0.35024377598440737,0.7256618767531603
familiar,transfer,forward,conditions_only,repeat,0.5,57,specimen_57,0.4004071597498299,0.8952896586948429
familiar,transfer,forward,conditions_only,repeat,1.0,10,specimen_10,0.35024377598440737,0.7256618767531603
familiar,transfer,forward,conditions_only,repeat,1.0,57,specimen_57,0.4004071597498299,0.8952896586948429
familiar,transfer,forward,conditions_only,single,0.25,10,specimen_10,0.35024377598440737,0.7256618767531603
familiar,transfer,forward,conditions_only,single,0.25,57,specimen_57,0.4004071597498299,0.8952896586948429
familiar,transfer,forward,conditions_only,single,0.5,10,specimen_10,0.35024377598440737,0.7256618767531603
familiar,transfer,forward,conditions_only,single,0.5,57,specimen_57,0.4004071597498299,0.8952896586948429
familiar,transfer,forward,conditions_only,single,1.0,10,specimen_10,0.35024377598440737,0.7256618767531603
familiar,transfer,forward,conditions_only,single,1.0,57,specimen_57,0.4004071597498299,0.8952896586948429
familiar,transfer,forward,conditions_only,speed,0.25,10,specimen_10,0.35024377598440737,0.7256618767531603
familiar,transfer,forward,conditions_only,speed,0.25,57,specimen_57,0.4004071597498299,0.8952896586948429
familiar,transfer,forward,conditions_only,speed,0.5,10,specimen_10,0.35024377598440737,0.7256618767531603
familiar,transfer,forward,conditions_only,speed,0.5,57,specimen_57,0.4004071597498299,0.8952896586948429
familiar,transfer,forward,conditions_only,speed,1.0,10,specimen_10,0.35024377598440737,0.7256618767531603
familiar,transfer,forward,conditions_only,speed,1.0,57,specimen_57,0.4004071597498299,0.8952896586948429
familiar,transfer,forward,copy,direction,0.25,10,specimen_10,0.47756306356045053,0.567872184044178
familiar,transfer,forward,copy,direction,0.25,57,specimen_57,0.5002076391015728,0.7558765700324871
familiar,transfer,forward,copy,direction,0.5,10,specimen_10,0.4493217852195768,0.5242106598872679
familiar,transfer,forward,copy,direction,0.5,57,specimen_57,0.49393579909059676,0.7569805538341356
familiar,transfer,forward,copy,direction,1.0,10,specimen_10,0.43784573724410536,0.5060251182928581
familiar,transfer,forward,copy,direction,1.0,57,specimen_57,0.48038518884723025,0.7586367254612163
familiar,transfer,forward,copy,load,0.25,10,specimen_10,0.5436620915429463,0.5785682440204126
familiar,transfer,forward,copy,load,0.25,57,specimen_57,0.5599361286014647,1.1689910348948973
familiar,transfer,forward,copy,load,0.5,10,specimen_10,0.5216181462170553,0.6376182711403906
familiar,transfer,forward,copy,load,0.5,57,specimen_57,0.5590489232515654,1.1885776364899086
familiar,transfer,forward,copy,load,1.0,10,specimen_10,0.5071086309152856,0.6858218359864
familiar,transfer,forward,copy,load,1.0,57,specimen_57,0.5598456093271771,1.204227759073707
familiar,transfer,forward,copy,repeat,0.25,10,specimen_10,0.563912247879157,0.5836520276095205
familiar,transfer,forward,copy,repeat,0.25,57,specimen_57,0.5577435707485996,1.1667145193035269
familiar,transfer,forward,copy,repeat,0.5,10,specimen_10,0.5504371430243282,0.6406503148643241
familiar,transfer,forward,copy,repeat,0.5,57,specimen_57,0.5676234674601583,1.1855350892149465
familiar,transfer,forward,copy,repeat,1.0,10,specimen_10,0.5377896624757228,0.6951517758199495
familiar,transfer,forward,copy,repeat,1.0,57,specimen_57,0.5593632854472101,1.197669069148392
familiar,transfer,forward,copy,single,0.25,10,specimen_10,0.5629165229969806,0.588757870684293
familiar,transfer,forward,copy,single,0.25,57,specimen_57,0.6060688380676655,1.1777596736793972
familiar,transfer,forward,copy,single,0.5,10,specimen_10,0.5458363163377528,0.6803261027074464
familiar,transfer,forward,copy,single,0.5,57,specimen_57,0.5923862891481494,1.1919430802505644
familiar,transfer,forward,copy,single,1.0,10,specimen_10,0.534431055179025,0.7307296939370939
familiar,transfer,forward,copy,single,1.0,57,specimen_57,0.5742013190608956,1.202192584051644
familiar,transfer,forward,copy,speed,0.25,10,specimen_10,0.511228079974433,0.6891617373204373
familiar,transfer,forward,copy,speed,0.25,57,specimen_57,0.6069764092696156,1.216877716838991
familiar,transfer,forward,copy,speed,0.5,10,specimen_10,0.5119903098314217,0.7624333736819888
familiar,transfer,forward,copy,speed,0.5,57,specimen_57,0.5992159247273812,1.2292744347303821
familiar,transfer,forward,copy,speed,1.0,10,specimen_10,0.5152891569501657,0.8082819641272008
familiar,transfer,forward,copy,speed,1.0,57,specimen_57,0.5929650710600343,1.2405997243397495
familiar,transfer,forward,encoder,direction,0.25,10,specimen_10,0.38998517241233427,0.7447608471898235
familiar,transfer,forward,encoder,direction,0.25,57,specimen_57,0.34101502215250945,1.0075087129839875
familiar,transfer,forward,encoder,direction,0.5,10,specimen_10,0.3344859312742184,0.6907307770514461
familiar,transfer,forward,encoder,direction,0.5,57,specimen_57,0.3451705231116368,1.0285843021345442
familiar,transfer,forward,encoder,direction,1.0,10,specimen_10,0.31953926976674646,0.6658061672356675
familiar,transfer,forward,encoder,direction,1.0,57,specimen_57,0.3374221365039165,1.0211195370692314
familiar,transfer,forward,encoder,load,0.25,10,specimen_10,0.3335099493463834,0.6695782736571427
familiar,transfer,forward,encoder,load,0.25,57,specimen_57,0.35378402376022094,1.0438047050900392
familiar,transfer,forward,encoder,load,0.5,10,specimen_10,0.31618427447019476,0.6161947415369247
familiar,transfer,forward,encoder,load,0.5,57,specimen_57,0.3424942445678589,1.0330733846917248
familiar,transfer,forward,encoder,load,1.0,10,specimen_10,0.3211745646519539,0.5775147906217343
familiar,transfer,forward,encoder,load,1.0,57,specimen_57,0.3400713723057356,1.032095247711495
familiar,transfer,forward,encoder,repeat,0.25,10,specimen_10,0.31613203157217074,0.6314084252881994
familiar,transfer,forward,encoder,repeat,0.25,57,specimen_57,0.3434786926477383,0.9993787492325438
familiar,transfer,forward,encoder,repeat,0.5,10,specimen_10,0.3154775290152965,0.605006769657203
familiar,transfer,forward,encoder,repeat,0.5,57,specimen_57,0.36469687808018464,1.0535771136043912
familiar,transfer,forward,encoder,repeat,1.0,10,specimen_10,0.31639215694024014,0.6079073636259142
familiar,transfer,forward,encoder,repeat,1.0,57,specimen_57,0.3406209506285496,1.0303428325400672
familiar,transfer,forward,encoder,single,0.25,10,specimen_10,0.35130321960418653,0.6774904818534386
familiar,transfer,forward,encoder,single,0.25,57,specimen_57,0.36319672010647946,1.0467226055520078
familiar,transfer,forward,encoder,single,0.5,10,specimen_10,0.32130269744457346,0.6090501677935628
familiar,transfer,forward,encoder,single,0.5,57,specimen_57,0.3821526506008246,1.066065785771454
familiar,transfer,forward,encoder,single,1.0,10,specimen_10,0.3396435408638074,0.5443597037460344
familiar,transfer,forward,encoder,single,1.0,57,specimen_57,0.3402279991752062,1.0275547108260568
familiar,transfer,forward,encoder,speed,0.25,10,specimen_10,0.3313973612892322,0.6779093963891364
familiar,transfer,forward,encoder,speed,0.25,57,specimen_57,0.4406605802285366,1.0879032436327087
familiar,transfer,forward,encoder,speed,0.5,10,specimen_10,0.32097691545883816,0.5831355601183925
familiar,transfer,forward,encoder,speed,0.5,57,specimen_57,0.42457250028084487,1.086997098726183
familiar,transfer,forward,encoder,speed,1.0,10,specimen_10,0.32480090378950804,0.5771259420756695
familiar,transfer,forward,encoder,speed,1.0,57,specimen_57,0.3852919548367843,1.0683373652977886
familiar,transfer,forward,encoder_wrong_support,direction,0.25,10,specimen_10,0.5198642573295496,0.8473084983626894
familiar,transfer,forward,encoder_wrong_support,direction,0.25,57,specimen_57,0.3842994547807253,0.9149067054311693
familiar,transfer,forward,encoder_wrong_support,direction,0.5,10,specimen_10,0.5721356043448815,0.8711458867666858
familiar,transfer,forward,encoder_wrong_support,direction,0.5,57,specimen_57,0.4459084402292202,0.867211927824831
familiar,transfer,forward,encoder_wrong_support,direction,1.0,10,specimen_10,0.5501864793208929,0.8624135561251897
familiar,transfer,forward,encoder_wrong_support,direction,1.0,57,specimen_57,0.48471992787642354,0.8450464517433716
familiar,transfer,forward,encoder_wrong_support,load,0.25,10,specimen_10,0.6051261470868038,0.8883972951871085
familiar,transfer,forward,encoder_wrong_support,load,0.25,57,specimen_57,0.4579438078097808,0.8494133949361683
familiar,transfer,forward,encoder_wrong_support,load,0.5,10,specimen_10,0.5723007302253674,0.8760782739318415
familiar,transfer,forward,encoder_wrong_support,load,0.5,57,specimen_57,0.5329202165206274,0.8038905182674548
familiar,transfer,forward,encoder_wrong_support,load,1.0,10,specimen_10,0.567727309006911,0.8747524820893792
familiar,transfer,forward,encoder_wrong_support,load,1.0,57,specimen_57,0.5921128331086575,0.7762592814739184
familiar,transfer,forward,encoder_wrong_support,repeat,0.25,10,specimen_10,0.4967146080273848,0.8384716274992702
familiar,transfer,forward,encoder_wrong_support,repeat,0.25,57,specimen_57,0.5170994251966476,0.8163865377771574
familiar,transfer,forward,encoder_wrong_support,repeat,0.5,10,specimen_10,0.6325115962670399,0.8994108695936923
familiar,transfer,forward,encoder_wrong_support,repeat,0.5,57,specimen_57,0.5482668582445536,0.7970882343680198
familiar,transfer,forward,encoder_wrong_support,repeat,1.0,10,specimen_10,0.5655647478042505,0.8727890693477421
familiar,transfer,forward,encoder_wrong_support,repeat,1.0,57,specimen_57,0.5456911524136862,0.8001630400200228
familiar,transfer,forward,encoder_wrong_support,single,0.25,10,specimen_10,0.6084259889828852,0.8918503820429243
familiar,transfer,forward,encoder_wrong_support,single,0.25,57,specimen_57,0.4564423457934306,0.8564960342841367
familiar,transfer,forward,encoder_wrong_support,single,0.5,10,specimen_10,0.6641420485117496,0.9136244060272048
familiar,transfer,forward,encoder_wrong_support,single,0.5,57,specimen_57,0.5412280104863338,0.8005166464939187
familiar,transfer,forward,encoder_wrong_support,single,1.0,10,specimen_10,0.5538188196145571,0.8695374086157485
familiar,transfer,forward,encoder_wrong_support,single,1.0,57,specimen_57,0.6390811208731089,0.7573376035649625
familiar,transfer,forward,encoder_wrong_support,speed,0.25,10,specimen_10,0.7468709487181444,0.938941492022412
familiar,transfer,forward,encoder_wrong_support,speed,0.25,57,specimen_57,0.46325681989009565,0.8558698757337422
familiar,transfer,forward,encoder_wrong_support,speed,0.5,10,specimen_10,0.7345614620508293,0.937583789284048
familiar,transfer,forward,encoder_wrong_support,speed,0.5,57,specimen_57,0.5968466267371789,0.7780982135264921
familiar,transfer,forward,encoder_wrong_support,speed,1.0,10,specimen_10,0.67371815099166,0.916184880372831
familiar,transfer,forward,encoder_wrong_support,speed,1.0,57,specimen_57,0.6108237459109379,0.7725258936098616
familiar,transfer,forward,fixed_features,direction,0.25,10,specimen_10,0.2864604841410067,0.5735117418301596
familiar,transfer,forward,fixed_features,direction,0.25,57,specimen_57,0.311537461849279,0.9560756781862749
familiar,transfer,forward,fixed_features,direction,0.5,10,specimen_10,0.2870890835849132,0.5825788232455209
familiar,transfer,forward,fixed_features,direction,0.5,57,specimen_57,0.31197419008327115,0.9424235275312797
familiar,transfer,forward,fixed_features,direction,1.0,10,specimen_10,0.2864579280749202,0.5923138793795643
familiar,transfer,forward,fixed_features,direction,1.0,57,specimen_57,0.3129913624799595,0.9389853696252933
familiar,transfer,forward,fixed_features,load,0.25,10,specimen_10,0.28568779660179905,0.5874457958855162
familiar,transfer,forward,fixed_features,load,0.25,57,specimen_57,0.31180872602193044,0.9657655388696349
familiar,transfer,forward,fixed_features,load,0.5,10,specimen_10,0.2878788829492638,0.6049261217156534
familiar,transfer,forward,fixed_features,load,0.5,57,specimen_57,0.3110281521696677,0.9653392804755965
familiar,transfer,forward,fixed_features,load,1.0,10,specimen_10,0.2895435929027632,0.6126111904549584
familiar,transfer,forward,fixed_features,load,1.0,57,specimen_57,0.3104253513742578,0.9597367666596758
familiar,transfer,forward,fixed_features,repeat,0.25,10,specimen_10,0.28509781951979385,0.5774212880992582
familiar,transfer,forward,fixed_features,repeat,0.25,57,specimen_57,0.314590013016602,0.9684757891628824
familiar,transfer,forward,fixed_features,repeat,0.5,10,specimen_10,0.28581940001426703,0.5923818759827563
familiar,transfer,forward,fixed_features,repeat,0.5,57,specimen_57,0.31225956901066204,0.970375011648779
familiar,transfer,forward,fixed_features,repeat,1.0,10,specimen_10,0.2853100719555384,0.597162643548313
familiar,transfer,forward,fixed_features,repeat,1.0,57,specimen_57,0.3104809414670966,0.9610208505615954
familiar,transfer,forward,fixed_features,single,0.25,10,specimen_10,0.28773619401720435,0.5664737294741017
familiar,transfer,forward,fixed_features,single,0.25,57,specimen_57,0.31454955497058523,0.9704801374100017
familiar,transfer,forward,fixed_features,single,0.5,10,specimen_10,0.28604467880096035,0.5876299574166932
familiar,transfer,forward,fixed_features,single,0.5,57,specimen_57,0.3114093352288136,0.9629707238196743
familiar,transfer,forward,fixed_features,single,1.0,10,specimen_10,0.28607771316006814,0.6085238691499888
familiar,transfer,forward,fixed_features,single,1.0,57,specimen_57,0.3108349399404925,0.9589121933354658
familiar,transfer,forward,fixed_features,speed,0.25,10,specimen_10,0.2883542522386142,0.6284292038906175
familiar,transfer,forward,fixed_features,speed,0.25,57,specimen_57,0.31196513520645625,0.9729843782834802
familiar,transfer,forward,fixed_features,speed,0.5,10,specimen_10,0.29167638885500097,0.6334204647178472
familiar,transfer,forward,fixed_features,speed,0.5,57,specimen_57,0.31096190472300367,0.968525265551744
familiar,transfer,forward,fixed_features,speed,1.0,10,specimen_10,0.29268731386485175,0.6326675969893345
familiar,transfer,forward,fixed_features,speed,1.0,57,specimen_57,0.3103739123042851,0.9644786395989489
familiar,transfer,forward,retrieval,direction,0.25,10,specimen_10,0.15065549294592873,0.12068878249183962
familiar,transfer,forward,retrieval,direction,0.25,57,specimen_57,0.14809325278005642,0.10369028695076146
familiar,transfer,forward,retrieval,direction,0.5,10,specimen_10,0.15065549294592873,0.12068878249183962
familiar,transfer,forward,retrieval,direction,0.5,57,specimen_57,0.14809325278005642,0.10369028695076146
familiar,transfer,forward,retrieval,direction,1.0,10,specimen_10,0.15065549294592873,0.12068878249183962
familiar,transfer,forward,retrieval,direction,1.0,57,specimen_57,0.14809325278005642,0.10369028695076146
familiar,transfer,forward,retrieval,load,0.25,10,specimen_10,0.15065549294592873,0.12068878249183962
familiar,transfer,forward,retrieval,load,0.25,57,specimen_57,0.14809325278005642,0.10369028695076146
familiar,transfer,forward,retrieval,load,0.5,10,specimen_10,0.15065549294592873,0.12068878249183962
familiar,transfer,forward,retrieval,load,0.5,57,specimen_57,0.14809325278005642,0.10369028695076146
familiar,transfer,forward,retrieval,load,1.0,10,specimen_10,0.15065549294592873,0.12068878249183962
familiar,transfer,forward,retrieval,load,1.0,57,specimen_57,0.14809325278005642,0.10369028695076146
familiar,transfer,forward,retrieval,repeat,0.25,10,specimen_10,0.15065549294592873,0.12068878249183962
familiar,transfer,forward,retrieval,repeat,0.25,57,specimen_57,0.14809325278005642,0.10369028695076146
familiar,transfer,forward,retrieval,repeat,0.5,10,specimen_10,0.15065549294592873,0.12068878249183962
familiar,transfer,forward,retrieval,repeat,0.5,57,specimen_57,0.14809325278005642,0.10369028695076146
familiar,transfer,forward,retrieval,repeat,1.0,10,specimen_10,0.15065549294592873,0.12068878249183962
familiar,transfer,forward,retrieval,repeat,1.0,57,specimen_57,0.14809325278005642,0.10369028695076146
familiar,transfer,forward,retrieval,single,0.25,10,specimen_10,0.15065549294592873,0.12068878249183962
familiar,transfer,forward,retrieval,single,0.25,57,specimen_57,0.14809325278005642,0.10369028695076146
familiar,transfer,forward,retrieval,single,0.5,10,specimen_10,0.15065549294592873,0.12068878249183962
familiar,transfer,forward,retrieval,single,0.5,57,specimen_57,0.14809325278005642,0.10369028695076146
familiar,transfer,forward,retrieval,single,1.0,10,specimen_10,0.15065549294592873,0.12068878249183962
familiar,transfer,forward,retrieval,single,1.0,57,specimen_57,0.14809325278005642,0.10369028695076146
familiar,transfer,forward,retrieval,speed,0.25,10,specimen_10,0.15065549294592873,0.12068878249183962
familiar,transfer,forward,retrieval,speed,0.25,57,specimen_57,0.14809325278005642,0.10369028695076146
familiar,transfer,forward,retrieval,speed,0.5,10,specimen_10,0.15065549294592873,0.12068878249183962
familiar,transfer,forward,retrieval,speed,0.5,57,specimen_57,0.14809325278005642,0.10369028695076146
familiar,transfer,forward,retrieval,speed,1.0,10,specimen_10,0.15065549294592873,0.12068878249183962
familiar,transfer,forward,retrieval,speed,1.0,57,specimen_57,0.14809325278005642,0.10369028695076146
familiar,transfer,forward,speed_rescaling,direction,0.25,10,specimen_10,0.6275935932434888,0.7961482873373359
familiar,transfer,forward,speed_rescaling,direction,0.25,57,specimen_57,0.6366954603391602,1.221528401599299
familiar,transfer,forward,speed_rescaling,direction,0.5,10,specimen_10,0.6093898493357083,0.8128206477052488
familiar,transfer,forward,speed_rescaling,direction,0.5,57,specimen_57,0.6372240225386263,1.2285770617910179
familiar,transfer,forward,speed_rescaling,direction,1.0,10,specimen_10,0.5916122081687347,0.8274384870133452
familiar,transfer,forward,speed_rescaling,direction,1.0,57,specimen_57,0.6199338818958047,1.229237856732128
familiar,transfer,forward,speed_rescaling,load,0.25,10,specimen_10,0.5823728056804254,0.5137894023421785
familiar,transfer,forward,speed_rescaling,load,0.25,57,specimen_57,0.5787404422574989,1.1448105561017476
familiar,transfer,forward,speed_rescaling,load,0.5,10,specimen_10,0.5613261920330787,0.616215121636919
familiar,transfer,forward,speed_rescaling,load,0.5,57,specimen_57,0.569424870556337,1.1603293966702197
familiar,transfer,forward,speed_rescaling,load,1.0,10,specimen_10,0.539993337296791,0.6721875484431135
familiar,transfer,forward,speed_rescaling,load,1.0,57,specimen_57,0.552241803147623,1.171657583683031
familiar,transfer,forward,speed_rescaling,repeat,0.25,10,specimen_10,0.5823728056804254,0.5137894023421785
familiar,transfer,forward,speed_rescaling,repeat,0.25,57,specimen_57,0.5787404422574989,1.1448105561017476
familiar,transfer,forward,speed_rescaling,repeat,0.5,10,specimen_10,0.5613261920330787,0.616215121636919
familiar,transfer,forward,speed_rescaling,repeat,0.5,57,specimen_57,0.569424870556337,1.1603293966702197
familiar,transfer,forward,speed_rescaling,repeat,1.0,10,specimen_10,0.539993337296791,0.6721875484431135
familiar,transfer,forward,speed_rescaling,repeat,1.0,57,specimen_57,0.552241803147623,1.171657583683031
familiar,transfer,forward,speed_rescaling,single,0.25,10,specimen_10,0.5823728056804254,0.5137894023421785
familiar,transfer,forward,speed_rescaling,single,0.25,57,specimen_57,0.5787404422574989,1.1448105561017476
familiar,transfer,forward,speed_rescaling,single,0.5,10,specimen_10,0.5613261920330787,0.616215121636919
familiar,transfer,forward,speed_rescaling,single,0.5,57,specimen_57,0.569424870556337,1.1603293966702197
familiar,transfer,forward,speed_rescaling,single,1.0,10,specimen_10,0.539993337296791,0.6721875484431135
familiar,transfer,forward,speed_rescaling,single,1.0,57,specimen_57,0.552241803147623,1.171657583683031
familiar,transfer,forward,speed_rescaling,speed,0.25,10,specimen_10,0.5823728056804254,0.5137894023421785
familiar,transfer,forward,speed_rescaling,speed,0.25,57,specimen_57,0.5787404422574989,1.1448105561017476
familiar,transfer,forward,speed_rescaling,speed,0.5,10,specimen_10,0.5613261920330787,0.616215121636919
familiar,transfer,forward,speed_rescaling,speed,0.5,57,specimen_57,0.569424870556337,1.1603293966702197
familiar,transfer,forward,speed_rescaling,speed,1.0,10,specimen_10,0.539993337296791,0.6721875484431135
familiar,transfer,forward,speed_rescaling,speed,1.0,57,specimen_57,0.552241803147623,1.171657583683031
familiar,transfer,reverse,conditions_only,direction,0.25,10,specimen_10,0.33340955187464466,0.6646926380087125
familiar,transfer,reverse,conditions_only,direction,0.25,57,specimen_57,0.41918690945778986,0.8627490491420372
familiar,transfer,reverse,conditions_only,direction,0.5,10,specimen_10,0.33340955187464466,0.6646926380087125
familiar,transfer,reverse,conditions_only,direction,0.5,57,specimen_57,0.41918690945778986,0.8627490491420372
familiar,transfer,reverse,conditions_only,direction,1.0,10,specimen_10,0.33340955187464466,0.6646926380087125
familiar,transfer,reverse,conditions_only,direction,1.0,57,specimen_57,0.41918690945778986,0.8627490491420372
familiar,transfer,reverse,conditions_only,load,0.25,10,specimen_10,0.33340955187464466,0.6646926380087125
familiar,transfer,reverse,conditions_only,load,0.25,57,specimen_57,0.41918690945778986,0.8627490491420372
familiar,transfer,reverse,conditions_only,load,0.5,10,specimen_10,0.33340955187464466,0.6646926380087125
familiar,transfer,reverse,conditions_only,load,0.5,57,specimen_57,0.41918690945778986,0.8627490491420372
familiar,transfer,reverse,conditions_only,load,1.0,10,specimen_10,0.33340955187464466,0.6646926380087125
familiar,transfer,reverse,conditions_only,load,1.0,57,specimen_57,0.41918690945778986,0.8627490491420372
familiar,transfer,reverse,conditions_only,repeat,0.25,10,specimen_10,0.33340955187464466,0.6646926380087125
familiar,transfer,reverse,conditions_only,repeat,0.25,57,specimen_57,0.41918690945778986,0.8627490491420372
familiar,transfer,reverse,conditions_only,repeat,0.5,10,specimen_10,0.33340955187464466,0.6646926380087125
familiar,transfer,reverse,conditions_only,repeat,0.5,57,specimen_57,0.41918690945778986,0.8627490491420372
familiar,transfer,reverse,conditions_only,repeat,1.0,10,specimen_10,0.33340955187464466,0.6646926380087125
familiar,transfer,reverse,conditions_only,repeat,1.0,57,specimen_57,0.41918690945778986,0.8627490491420372
familiar,transfer,reverse,conditions_only,single,0.25,10,specimen_10,0.33340955187464466,0.6646926380087125
familiar,transfer,reverse,conditions_only,single,0.25,57,specimen_57,0.41918690945778986,0.8627490491420372
familiar,transfer,reverse,conditions_only,single,0.5,10,specimen_10,0.33340955187464466,0.6646926380087125
familiar,transfer,reverse,conditions_only,single,0.5,57,specimen_57,0.41918690945778986,0.8627490491420372
familiar,transfer,reverse,conditions_only,single,1.0,10,specimen_10,0.33340955187464466,0.6646926380087125
familiar,transfer,reverse,conditions_only,single,1.0,57,specimen_57,0.41918690945778986,0.8627490491420372
familiar,transfer,reverse,conditions_only,speed,0.25,10,specimen_10,0.33340955187464466,0.6646926380087125
familiar,transfer,reverse,conditions_only,speed,0.25,57,specimen_57,0.41918690945778986,0.8627490491420372
familiar,transfer,reverse,conditions_only,speed,0.5,10,specimen_10,0.33340955187464466,0.6646926380087125
familiar,transfer,reverse,conditions_only,speed,0.5,57,specimen_57,0.41918690945778986,0.8627490491420372
familiar,transfer,reverse,conditions_only,speed,1.0,10,specimen_10,0.33340955187464466,0.6646926380087125
familiar,transfer,reverse,conditions_only,speed,1.0,57,specimen_57,0.41918690945778986,0.8627490491420372
familiar,transfer,reverse,copy,direction,0.25,10,specimen_10,0.4824091172765917,0.5688646046445246
familiar,transfer,reverse,copy,direction,0.25,57,specimen_57,0.5087391563559451,0.7396189189249305
familiar,transfer,reverse,copy,direction,0.5,10,specimen_10,0.46318377001479827,0.5316558687145013
familiar,transfer,reverse,copy,direction,0.5,57,specimen_57,0.5099316636405423,0.7396189189249305
familiar,transfer,reverse,copy,direction,1.0,10,specimen_10,0.44582481745093244,0.5122146630010832
familiar,transfer,reverse,copy,direction,1.0,57,specimen_57,0.4985936278947087,0.7396189189249305
familiar,transfer,reverse,copy,load,0.25,10,specimen_10,0.5639457991590061,0.5059514244607546
familiar,transfer,reverse,copy,load,0.25,57,specimen_57,0.5479193605814201,1.1390932171286456
familiar,transfer,reverse,copy,load,0.5,10,specimen_10,0.5404154721370307,0.5471236839224058
familiar,transfer,reverse,copy,load,0.5,57,specimen_57,0.5477428616110174,1.155633371743605
familiar,transfer,reverse,copy,load,1.0,10,specimen_10,0.5216533688122941,0.5982294606140717
familiar,transfer,reverse,copy,load,1.0,57,specimen_57,0.5449200691559715,1.1637612391441605
familiar,transfer,reverse,copy,repeat,0.25,10,specimen_10,0.5690004029358307,0.5371851395867746
familiar,transfer,reverse,copy,repeat,0.25,57,specimen_57,0.5498551028600756,1.1341739097507213
familiar,transfer,reverse,copy,repeat,0.5,10,specimen_10,0.5549548579912548,0.5859205468674888
familiar,transfer,reverse,copy,repeat,0.5,57,specimen_57,0.5581276261958787,1.152994479662141
familiar,transfer,reverse,copy,repeat,1.0,10,specimen_10,0.5386232534197684,0.637821442954487
familiar,transfer,reverse,copy,repeat,1.0,57,specimen_57,0.549437208763385,1.1651284595955864
familiar,transfer,reverse,copy,single,0.25,10,specimen_10,0.5815337994357164,0.5327618642107596
familiar,transfer,reverse,copy,single,0.25,57,specimen_57,0.5607176440272671,1.1235654167895117
familiar,transfer,reverse,copy,single,0.5,10,specimen_10,0.5687078606744776,0.5571751411797243
familiar,transfer,reverse,copy,single,0.5,57,specimen_57,0.5590037858492337,1.1467468491916182
familiar,transfer,reverse,copy,single,1.0,10,specimen_10,0.5504949608575554,0.6048479002033659
familiar,transfer,reverse,copy,single,1.0,57,specimen_57,0.5445784676348778,1.160689470509207
familiar,transfer,reverse,copy,speed,0.25,10,specimen_10,0.5331696511827219,0.6352101782858021
familiar,transfer,reverse,copy,speed,0.25,57,specimen_57,0.5461629227245177,1.1685378055583615
familiar,transfer,reverse,copy,speed,0.5,10,specimen_10,0.5284772358044623,0.664405529832034
familiar,transfer,reverse,copy,speed,0.5,57,specimen_57,0.5458006553984176,1.1853037441116685
familiar,transfer,reverse,copy,speed,1.0,10,specimen_10,0.5212433810174484,0.7085547933421613
familiar,transfer,reverse,copy,speed,1.0,57,specimen_57,0.5491019717609551,1.1944851737125117
familiar,transfer,reverse,encoder,direction,0.25,10,specimen_10,0.31089463371496934,0.58382409470031
familiar,transfer,reverse,encoder,direction,0.25,57,specimen_57,0.4343156058054704,0.8843066614025187
familiar,transfer,reverse,encoder,direction,0.5,10,specimen_10,0.3089838262933951,0.5849607635382255
familiar,transfer,reverse,encoder,direction,0.5,57,specimen_57,0.365436743467282,0.9340889112397034
familiar,transfer,reverse,encoder,direction,1.0,10,specimen_10,0.3116917405755092,0.6197624937594297
familiar,transfer,reverse,encoder,direction,1.0,57,specimen_57,0.3524730795851121,0.9466511668368794
familiar,transfer,reverse,encoder,load,0.25,10,specimen_10,0.31179754474224186,0.5764010892265033
familiar,transfer,reverse,encoder,load,0.25,57,specimen_57,0.3513281947145095,0.9682562244332934
familiar,transfer,reverse,encoder,load,0.5,10,specimen_10,0.31358600446046925,0.5388958757788784
familiar,transfer,reverse,encoder,load,0.5,57,specimen_57,0.3495598496534886,0.9729561501446207
familiar,transfer,reverse,encoder,load,1.0,10,specimen_10,0.3271749928975716,0.5191041160348252
familiar,transfer,reverse,encoder,load,1.0,57,specimen_57,0.34295898141005104,0.9806688112561744
familiar,transfer,reverse,encoder,repeat,0.25,10,specimen_10,0.3065332409280997,0.5771636217312969
familiar,transfer,reverse,encoder,repeat,0.25,57,specimen_57,0.3506320348152747,0.9668381396797381
familiar,transfer,reverse,encoder,repeat,0.5,10,specimen_10,0.308992852194187,0.5532866750561539
familiar,transfer,reverse,encoder,repeat,0.5,57,specimen_57,0.36075948121456003,1.0210365040515856
familiar,transfer,reverse,encoder,repeat,1.0,10,specimen_10,0.3098437705865273,0.556534853031002
familiar,transfer,reverse,encoder,repeat,1.0,57,specimen_57,0.34162475894658995,0.9978022229872616
familiar,transfer,reverse,encoder,single,0.25,10,specimen_10,0.40344460136615307,0.44832304669721096
familiar,transfer,reverse,encoder,single,0.25,57,specimen_57,0.5072961747646332,0.8420525778743286
familiar,transfer,reverse,encoder,single,0.5,10,specimen_10,0.37691536450233215,0.4629402065583834
familiar,transfer,reverse,encoder,single,0.5,57,specimen_57,0.35470843372436667,0.9530614126084921
familiar,transfer,reverse,encoder,single,1.0,10,specimen_10,0.32452531980398375,0.5282420415229462
familiar,transfer,reverse,encoder,single,1.0,57,specimen_57,0.36536816010872525,0.9439916193426732
familiar,transfer,reverse,encoder,speed,0.25,10,specimen_10,0.31811479268929893,0.626960367661281
familiar,transfer,reverse,encoder,speed,0.25,57,specimen_57,0.47377546360859507,0.8655690927481965
familiar,transfer,reverse,encoder,speed,0.5,10,specimen_10,0.32472307636187625,0.6384385137058844
familiar,transfer,reverse,encoder,speed,0.5,57,specimen_57,0.4045286644727755,0.9120582592032797
familiar,transfer,reverse,encoder,speed,1.0,10,specimen_10,0.3309968266731653,0.647280935223613
familiar,transfer,reverse,encoder,speed,1.0,57,specimen_57,0.36589753188383883,0.9446416364650654
familiar,transfer,reverse,encoder_wrong_support,direction,0.25,10,specimen_10,0.3485358622975839,0.686475992101859
familiar,transfer,reverse,encoder_wrong_support,direction,0.25,57,specimen_57,0.5464669508047594,0.7903472010300518
familiar,transfer,reverse,encoder_wrong_support,direction,0.5,10,specimen_10,0.4117778814755953,0.7382779205363342
familiar,transfer,reverse,encoder_wrong_support,direction,0.5,57,specimen_57,0.5397357615904931,0.7911453979503166
familiar,transfer,reverse,encoder_wrong_support,direction,1.0,10,specimen_10,0.43134349221602464,0.7519951556197205
familiar,transfer,reverse,encoder_wrong_support,direction,1.0,57,specimen_57,0.48836520161384195,0.8210352680466788
familiar,transfer,reverse,encoder_wrong_support,load,0.25,10,specimen_10,0.46909913592613667,0.7750472120725108
familiar,transfer,reverse,encoder_wrong_support,load,0.25,57,specimen_57,0.5326087589447316,0.7870568679535461
familiar,transfer,reverse,encoder_wrong_support,load,0.5,10,specimen_10,0.4802375338398493,0.7802385896692757
familiar,transfer,reverse,encoder_wrong_support,load,0.5,57,specimen_57,0.5905008862415949,0.7559996436841022
familiar,transfer,reverse,encoder_wrong_support,load,1.0,10,specimen_10,0.49414286475915176,0.7887172947200874
familiar,transfer,reverse,encoder_wrong_support,load,1.0,57,specimen_57,0.6251222185599499,0.7437941371765925
familiar,transfer,reverse,encoder_wrong_support,repeat,0.25,10,specimen_10,0.4693452320419825,0.7742602717438488
familiar,transfer,reverse,encoder_wrong_support,repeat,0.25,57,specimen_57,0.5365356955772791,0.7850805021670748
familiar,transfer,reverse,encoder_wrong_support,repeat,0.5,10,specimen_10,0.6009272325497407,0.8342657116953883
familiar,transfer,reverse,encoder_wrong_support,repeat,0.5,57,specimen_57,0.5680317588341542,0.76646348979573
familiar,transfer,reverse,encoder_wrong_support,repeat,1.0,10,specimen_10,0.535385257540605,0.807814440957614
familiar,transfer,reverse,encoder_wrong_support,repeat,1.0,57,specimen_57,0.5653480295187387,0.7694401824631657
familiar,transfer,reverse,encoder_wrong_support,single,0.25,10,specimen_10,0.32705897111923266,0.643996166741004
familiar,transfer,reverse,encoder_wrong_support,single,0.25,57,specimen_57,0.7519625008870393,0.7023362403786929
familiar,transfer,reverse,encoder_wrong_support,single,0.5,10,specimen_10,0.4373204371868036,0.758506724864616
familiar,transfer,reverse,encoder_wrong_support,single,0.5,57,specimen_57,0.7131402454315087,0.7129661128772297
familiar,transfer,reverse,encoder_wrong_support,single,1.0,10,specimen_10,0.4187694545357655,0.7486814006207337
familiar,transfer,reverse,encoder_wrong_support,single,1.0,57,specimen_57,0.606687891177642,0.7513783480324093
familiar,transfer,reverse,encoder_wrong_support,speed,0.25,10,specimen_10,0.3340593387301152,0.6675126816148719
familiar,transfer,reverse,encoder_wrong_support,speed,0.25,57,specimen_57,0.4751159304227584,0.8282984081181498
familiar,transfer,reverse,encoder_wrong_support,speed,0.5,10,specimen_10,0.37995562874353855,0.7147091563905569
familiar,transfer,reverse,encoder_wrong_support,speed,0.5,57,specimen_57,0.4533292555656188,0.8400289547075545
familiar,transfer,reverse,encoder_wrong_support,speed,1.0,10,specimen_10,0.4241783485198632,0.7492993916976468
familiar,transfer,reverse,encoder_wrong_support,speed,1.0,57,specimen_57,0.4418896421408041,0.8481141432018379
familiar,transfer,reverse,fixed_features,direction,0.25,10,specimen_10,0.2865443449497295,0.5479223714666804
familiar,transfer,reverse,fixed_features,direction,0.25,57,specimen_57,0.3346222156730515,0.8994245185163223
familiar,transfer,reverse,fixed_features,direction,0.5,10,specimen_10,0.28510411429636906,0.5198138780611418
familiar,transfer,reverse,fixed_features,direction,0.5,57,specimen_57,0.34941963740190285,0.9009631053567907
familiar,transfer,reverse,fixed_features,direction,1.0,10,specimen_10,0.28443120348139317,0.5187755710198249
familiar,transfer,reverse,fixed_features,direction,1.0,57,specimen_57,0.3425167101512713,0.8980596813554543
familiar,transfer,reverse,fixed_features,load,0.25,10,specimen_10,0.28265933280353067,0.5188733487903104
familiar,transfer,reverse,fixed_features,load,0.25,57,specimen_57,0.3160943442424348,0.9296976983474963
familiar,transfer,reverse,fixed_features,load,0.5,10,specimen_10,0.28203779515761396,0.5357404279185413
familiar,transfer,reverse,fixed_features,load,0.5,57,specimen_57,0.31401052066427965,0.9420508741414034
familiar,transfer,reverse,fixed_features,load,1.0,10,specimen_10,0.2813160424760859,0.5430072237152063
familiar,transfer,reverse,fixed_features,load,1.0,57,specimen_57,0.3149910862101994,0.93108302931873
familiar,transfer,reverse,fixed_features,repeat,0.25,10,specimen_10,0.2817251145049432,0.5217481073660308
familiar,transfer,reverse,fixed_features,repeat,0.25,57,specimen_57,0.31516177861720873,0.9359351796100768
familiar,transfer,reverse,fixed_features,repeat,0.5,10,specimen_10,0.28127319879726415,0.5358776498118304
familiar,transfer,reverse,fixed_features,repeat,0.5,57,specimen_57,0.31400106903324204,0.9378344020959735
familiar,transfer,reverse,fixed_features,repeat,1.0,10,specimen_10,0.28139449639218517,0.5404327682479719
familiar,transfer,reverse,fixed_features,repeat,1.0,57,specimen_57,0.3151773694232188,0.9284802410087898
familiar,transfer,reverse,fixed_features,single,0.25,10,specimen_10,0.282353045119091,0.5448384711001373
familiar,transfer,reverse,fixed_features,single,0.25,57,specimen_57,0.31693553685596904,0.9242770446139809
familiar,transfer,reverse,fixed_features,single,0.5,10,specimen_10,0.2818606462107367,0.5333181910874165
familiar,transfer,reverse,fixed_features,single,0.5,57,specimen_57,0.3190380775450035,0.9232423703915427
familiar,transfer,reverse,fixed_features,single,1.0,10,specimen_10,0.2823076546614167,0.5271068217094101
familiar,transfer,reverse,fixed_features,single,1.0,57,specimen_57,0.3189410573282742,0.9208760661824477
familiar,transfer,reverse,fixed_features,speed,0.25,10,specimen_10,0.29660637459173317,0.5912103445596926
familiar,transfer,reverse,fixed_features,speed,0.25,57,specimen_57,0.3155833824610866,0.9316535006698825
familiar,transfer,reverse,fixed_features,speed,0.5,10,specimen_10,0.286671101401676,0.571667715872155
familiar,transfer,reverse,fixed_features,speed,0.5,57,specimen_57,0.3163879595652166,0.9369298969703903
familiar,transfer,reverse,fixed_features,speed,1.0,10,specimen_10,0.28294938274326453,0.5580208889251674
familiar,transfer,reverse,fixed_features,speed,1.0,57,specimen_57,0.3169059648259663,0.9321619195149219
familiar,transfer,reverse,retrieval,direction,0.25,10,specimen_10,0.13949074782868529,0.10985908969145261
familiar,transfer,reverse,retrieval,direction,0.25,57,specimen_57,0.15283085939224977,0.10044676321367528
familiar,transfer,reverse,retrieval,direction,0.5,10,specimen_10,0.13949074782868529,0.10985908969145261
familiar,transfer,reverse,retrieval,direction,0.5,57,specimen_57,0.15283085939224977,0.10044676321367528
familiar,transfer,reverse,retrieval,direction,1.0,10,specimen_10,0.13949074782868529,0.10985908969145261
familiar,transfer,reverse,retrieval,direction,1.0,57,specimen_57,0.15283085939224977,0.10044676321367528
familiar,transfer,reverse,retrieval,load,0.25,10,specimen_10,0.43547927492379773,1.3389105916738901
familiar,transfer,reverse,retrieval,load,0.25,57,specimen_57,0.15283085939224977,0.10044676321367528
familiar,transfer,reverse,retrieval,load,0.5,10,specimen_10,0.13949074782868529,0.10985908969145261
familiar,transfer,reverse,retrieval,load,0.5,57,specimen_57,0.15283085939224977,0.10044676321367528
familiar,transfer,reverse,retrieval,load,1.0,10,specimen_10,0.13949074782868529,0.10985908969145261
familiar,transfer,reverse,retrieval,load,1.0,57,specimen_57,0.15283085939224977,0.10044676321367528
familiar,transfer,reverse,retrieval,repeat,0.25,10,specimen_10,0.13949074782868529,0.10985908969145261
familiar,transfer,reverse,retrieval,repeat,0.25,57,specimen_57,0.15283085939224977,0.10044676321367528
familiar,transfer,reverse,retrieval,repeat,0.5,10,specimen_10,0.13949074782868529,0.10985908969145261
familiar,transfer,reverse,retrieval,repeat,0.5,57,specimen_57,0.15283085939224977,0.10044676321367528
familiar,transfer,reverse,retrieval,repeat,1.0,10,specimen_10,0.13949074782868529,0.10985908969145261
familiar,transfer,reverse,retrieval,repeat,1.0,57,specimen_57,0.15283085939224977,0.10044676321367528
familiar,transfer,reverse,retrieval,single,0.25,10,specimen_10,0.13949074782868529,0.10985908969145261
familiar,transfer,reverse,retrieval,single,0.25,57,specimen_57,0.15283085939224977,0.10044676321367528
familiar,transfer,reverse,retrieval,single,0.5,10,specimen_10,0.13949074782868529,0.10985908969145261
familiar,transfer,reverse,retrieval,single,0.5,57,specimen_57,0.15283085939224977,0.10044676321367528
familiar,transfer,reverse,retrieval,single,1.0,10,specimen_10,0.13949074782868529,0.10985908969145261
familiar,transfer,reverse,retrieval,single,1.0,57,specimen_57,0.15283085939224977,0.10044676321367528
familiar,transfer,reverse,retrieval,speed,0.25,10,specimen_10,0.13949074782868529,0.10985908969145261
familiar,transfer,reverse,retrieval,speed,0.25,57,specimen_57,0.15283085939224977,0.10044676321367528
familiar,transfer,reverse,retrieval,speed,0.5,10,specimen_10,0.13949074782868529,0.10985908969145261
familiar,transfer,reverse,retrieval,speed,0.5,57,specimen_57,0.15283085939224977,0.10044676321367528
familiar,transfer,reverse,retrieval,speed,1.0,10,specimen_10,0.13949074782868529,0.10985908969145261
familiar,transfer,reverse,retrieval,speed,1.0,57,specimen_57,0.15283085939224977,0.10044676321367528
familiar,transfer,reverse,speed_rescaling,direction,0.25,10,specimen_10,0.6324162092640677,0.7792577131331734
familiar,transfer,reverse,speed_rescaling,direction,0.25,57,specimen_57,0.6338431839931117,1.1870556051682557
familiar,transfer,reverse,speed_rescaling,direction,0.5,10,specimen_10,0.6143923755892573,0.7508595791895483
familiar,transfer,reverse,speed_rescaling,direction,0.5,57,specimen_57,0.6414919687655802,1.2029123556961816
familiar,transfer,reverse,speed_rescaling,direction,1.0,10,specimen_10,0.6005411674956268,0.7615951114673671
familiar,transfer,reverse,speed_rescaling,direction,1.0,57,specimen_57,0.6239712152022437,1.206430432196565
familiar,transfer,reverse,speed_rescaling,load,0.25,10,specimen_10,0.6034360634503966,0.468041931723803
familiar,transfer,reverse,speed_rescaling,load,0.25,57,specimen_57,0.5664338114088565,1.0879186084669616
familiar,transfer,reverse,speed_rescaling,load,0.5,10,specimen_10,0.5868549580399466,0.4908685730353582
familiar,transfer,reverse,speed_rescaling,load,0.5,57,specimen_57,0.55583826593931,1.1131168066871806
familiar,transfer,reverse,speed_rescaling,load,1.0,10,specimen_10,0.5681739015710703,0.5376766452883577
familiar,transfer,reverse,speed_rescaling,load,1.0,57,specimen_57,0.5371602084823734,1.1287637486533595
familiar,transfer,reverse,speed_rescaling,repeat,0.25,10,specimen_10,0.5955650350413237,0.4763644736178897
familiar,transfer,reverse,speed_rescaling,repeat,0.25,57,specimen_57,0.5778552787214566,1.112269946548942
familiar,transfer,reverse,speed_rescaling,repeat,0.5,10,specimen_10,0.5713071081773013,0.5572792531570365
familiar,transfer,reverse,speed_rescaling,repeat,0.5,57,specimen_57,0.5677138616657698,1.127788787117414
familiar,transfer,reverse,speed_rescaling,repeat,1.0,10,specimen_10,0.5473395779579983,0.6114240087330194
familiar,transfer,reverse,speed_rescaling,repeat,1.0,57,specimen_57,0.5511748387538814,1.1391169741302254
familiar,transfer,reverse,speed_rescaling,single,0.25,10,specimen_10,0.6034360634503966,0.468041931723803
familiar,transfer,reverse,speed_rescaling,single,0.25,57,specimen_57,0.5664338114088565,1.0879186084669616
familiar,transfer,reverse,speed_rescaling,single,0.5,10,specimen_10,0.5868549580399466,0.4908685730353582
familiar,transfer,reverse,speed_rescaling,single,0.5,57,specimen_57,0.55583826593931,1.1131168066871806
familiar,transfer,reverse,speed_rescaling,single,1.0,10,specimen_10,0.5681739015710703,0.5376766452883577
familiar,transfer,reverse,speed_rescaling,single,1.0,57,specimen_57,0.5371602084823734,1.1287637486533595
familiar,transfer,reverse,speed_rescaling,speed,0.25,10,specimen_10,0.6034360634503966,0.468041931723803
familiar,transfer,reverse,speed_rescaling,speed,0.25,57,specimen_57,0.5664338114088565,1.0879186084669616
familiar,transfer,reverse,speed_rescaling,speed,0.5,10,specimen_10,0.5868549580399466,0.4908685730353582
familiar,transfer,reverse,speed_rescaling,speed,0.5,57,specimen_57,0.55583826593931,1.1131168066871806
familiar,transfer,reverse,speed_rescaling,speed,1.0,10,specimen_10,0.5681739015710703,0.5376766452883577
familiar,transfer,reverse,speed_rescaling,speed,1.0,57,specimen_57,0.5371602084823734,1.1287637486533595
omitted,selection,forward,conditions_only,direction,0.25,10,specimen_10,0.34806505872967847,0.5612241880726117
omitted,selection,forward,conditions_only,direction,0.25,57,specimen_57,0.4032568686580595,0.6485962849826761
omitted,selection,forward,conditions_only,direction,0.5,10,specimen_10,0.34806505872967847,0.5612241880726117
omitted,selection,forward,conditions_only,direction,0.5,57,specimen_57,0.4032568686580595,0.6485962849826761
omitted,selection,forward,conditions_only,direction,1.0,10,specimen_10,0.34806505872967847,0.5612241880726117
omitted,selection,forward,conditions_only,direction,1.0,57,specimen_57,0.4032568686580595,0.6485962849826761
omitted,selection,forward,conditions_only,load,0.25,10,specimen_10,0.34806505872967847,0.5612241880726117
omitted,selection,forward,conditions_only,load,0.25,57,specimen_57,0.4032568686580595,0.6485962849826761
omitted,selection,forward,conditions_only,load,0.5,10,specimen_10,0.34806505872967847,0.5612241880726117
omitted,selection,forward,conditions_only,load,0.5,57,specimen_57,0.4032568686580595,0.6485962849826761
omitted,selection,forward,conditions_only,load,1.0,10,specimen_10,0.34806505872967847,0.5612241880726117
omitted,selection,forward,conditions_only,load,1.0,57,specimen_57,0.4032568686580595,0.6485962849826761
omitted,selection,forward,conditions_only,repeat,0.25,10,specimen_10,0.34806505872967847,0.5612241880726117
omitted,selection,forward,conditions_only,repeat,0.25,57,specimen_57,0.4032568686580595,0.6485962849826761
omitted,selection,forward,conditions_only,repeat,0.5,10,specimen_10,0.34806505872967847,0.5612241880726117
omitted,selection,forward,conditions_only,repeat,0.5,57,specimen_57,0.4032568686580595,0.6485962849826761
omitted,selection,forward,conditions_only,repeat,1.0,10,specimen_10,0.34806505872967847,0.5612241880726117
omitted,selection,forward,conditions_only,repeat,1.0,57,specimen_57,0.4032568686580595,0.6485962849826761
omitted,selection,forward,conditions_only,single,0.25,10,specimen_10,0.34806505872967847,0.5612241880726117
omitted,selection,forward,conditions_only,single,0.25,57,specimen_57,0.4032568686580595,0.6485962849826761
omitted,selection,forward,conditions_only,single,0.5,10,specimen_10,0.34806505872967847,0.5612241880726117
omitted,selection,forward,conditions_only,single,0.5,57,specimen_57,0.4032568686580595,0.6485962849826761
omitted,selection,forward,conditions_only,single,1.0,10,specimen_10,0.34806505872967847,0.5612241880726117
omitted,selection,forward,conditions_only,single,1.0,57,specimen_57,0.4032568686580595,0.6485962849826761
omitted,selection,forward,conditions_only,speed,0.25,10,specimen_10,0.34806505872967847,0.5612241880726117
omitted,selection,forward,conditions_only,speed,0.25,57,specimen_57,0.4032568686580595,0.6485962849826761
omitted,selection,forward,conditions_only,speed,0.5,10,specimen_10,0.34806505872967847,0.5612241880726117
omitted,selection,forward,conditions_only,speed,0.5,57,specimen_57,0.4032568686580595,0.6485962849826761
omitted,selection,forward,conditions_only,speed,1.0,10,specimen_10,0.34806505872967847,0.5612241880726117
omitted,selection,forward,conditions_only,speed,1.0,57,specimen_57,0.4032568686580595,0.6485962849826761
omitted,selection,forward,copy,direction,0.25,10,specimen_10,0.5369755811532854,0.6320814028618791
omitted,selection,forward,copy,direction,0.25,57,specimen_57,0.5150289932812776,0.7312554382726932
omitted,selection,forward,copy,direction,0.5,10,specimen_10,0.5085852277101822,0.5684230129612593
omitted,selection,forward,copy,direction,0.5,57,specimen_57,0.5105970858530358,0.7279936679496408
omitted,selection,forward,copy,direction,1.0,10,specimen_10,0.49637414083518644,0.5462101646041155
omitted,selection,forward,copy,direction,1.0,57,specimen_57,0.498946993483402,0.7231004335969025
omitted,selection,forward,copy,load,0.25,10,specimen_10,0.578488771578013,0.5038253757326061
omitted,selection,forward,copy,load,0.25,57,specimen_57,0.5529685737903295,0.8421900977578306
omitted,selection,forward,copy,load,0.5,10,specimen_10,0.555771871477189,0.5236294714772084
omitted,selection,forward,copy,load,0.5,57,specimen_57,0.5501788787137079,0.860027199322846
omitted,selection,forward,copy,load,1.0,10,specimen_10,0.5387895631268986,0.5491644172489628
omitted,selection,forward,copy,load,1.0,57,specimen_57,0.5473876855725982,0.8758974788798114
omitted,selection,forward,copy,repeat,0.25,10,specimen_10,0.5953791495572961,0.5053274027021153
omitted,selection,forward,copy,repeat,0.25,57,specimen_57,0.5510326605854168,0.8402334231999585
omitted,selection,forward,copy,repeat,0.5,10,specimen_10,0.5806613643998498,0.5250229865220466
omitted,selection,forward,copy,repeat,0.5,57,specimen_57,0.5567945438378568,0.8570852321230892
omitted,selection,forward,copy,repeat,1.0,10,specimen_10,0.5657814584118503,0.5566511347987165
omitted,selection,forward,copy,repeat,1.0,57,specimen_57,0.5460884251037779,0.8692032788320728
omitted,selection,forward,copy,single,0.25,10,specimen_10,0.5940399041703166,0.5068359472469344
omitted,selection,forward,copy,single,0.25,57,specimen_57,0.5950154693394526,0.8497393802086772
omitted,selection,forward,copy,single,0.5,10,specimen_10,0.5735109962611425,0.5449426948664938
omitted,selection,forward,copy,single,0.5,57,specimen_57,0.5799590637224892,0.8633589843785049
omitted,selection,forward,copy,single,1.0,10,specimen_10,0.5597143182056405,0.5894258267532881
omitted,selection,forward,copy,single,1.0,57,specimen_57,0.5604794674407342,0.873820254787045
omitted,selection,forward,copy,speed,0.25,10,specimen_10,0.5412696498368678,0.5517300687282914
omitted,selection,forward,copy,speed,0.25,57,specimen_57,0.5901401042704933,0.8888087994088412
omitted,selection,forward,copy,speed,0.5,10,specimen_10,0.5357178652267545,0.6179064180677677
omitted,selection,forward,copy,speed,0.5,57,specimen_57,0.5821922005221496,0.9005985271249639
omitted,selection,forward,copy,speed,1.0,10,specimen_10,0.5353351322173485,0.6584858016642062
omitted,selection,forward,copy,speed,1.0,57,specimen_57,0.5744465131583317,0.910489453634476
omitted,selection,forward,encoder,direction,0.25,10,specimen_10,0.3450710767823639,0.5412196254694844
omitted,selection,forward,encoder,direction,0.25,57,specimen_57,0.33669886986414593,0.701994039615748
omitted,selection,forward,encoder,direction,0.5,10,specimen_10,0.31429970128969714,0.5010454331019959
omitted,selection,forward,encoder,direction,0.5,57,specimen_57,0.33934137812166504,0.714025949702461
omitted,selection,forward,encoder,direction,1.0,10,specimen_10,0.3108405895305402,0.4817808021383339
omitted,selection,forward,encoder,direction,1.0,57,specimen_57,0.3376226673523585,0.7091112755956827
omitted,selection,forward,encoder,load,0.25,10,specimen_10,0.316842530938712,0.49293988102925623
omitted,selection,forward,encoder,load,0.25,57,specimen_57,0.34231617595210223,0.7255664736546866
omitted,selection,forward,encoder,load,0.5,10,specimen_10,0.3224499129662008,0.4484642739719218
omitted,selection,forward,encoder,load,0.5,57,specimen_57,0.33464742666392616,0.7167882820431545
omitted,selection,forward,encoder,load,1.0,10,specimen_10,0.3466632351505034,0.4178886113182381
omitted,selection,forward,encoder,load,1.0,57,specimen_57,0.33465230352047715,0.7160791005282575
omitted,selection,forward,encoder,repeat,0.25,10,specimen_10,0.32581689728028845,0.4494962470905284
omitted,selection,forward,encoder,repeat,0.25,57,specimen_57,0.3465227158457944,0.687078931038049
omitted,selection,forward,encoder,repeat,0.5,10,specimen_10,0.33339422625122644,0.43251098738949884
omitted,selection,forward,encoder,repeat,0.5,57,specimen_57,0.3456014691654479,0.7289631732170153
omitted,selection,forward,encoder,repeat,1.0,10,specimen_10,0.3275640868779385,0.439068233255497
omitted,selection,forward,encoder,repeat,1.0,57,specimen_57,0.3333225787589044,0.711414848764969
omitted,selection,forward,encoder,single,0.25,10,specimen_10,0.3187390719399308,0.5030170629117571
omitted,selection,forward,encoder,single,0.25,57,specimen_57,0.34981676710374426,0.7307872706137419
omitted,selection,forward,encoder,single,0.5,10,specimen_10,0.3228181962939826,0.4503330953419404
omitted,selection,forward,encoder,single,0.5,57,specimen_57,0.36755390589435893,0.7431223375286925
omitted,selection,forward,encoder,single,1.0,10,specimen_10,0.3664645679069288,0.40358457671182174
omitted,selection,forward,encoder,single,1.0,57,specimen_57,0.3341838305420948,0.7156290371257539
omitted,selection,forward,encoder,speed,0.25,10,specimen_10,0.3190543440481027,0.4904470603299864
omitted,selection,forward,encoder,speed,0.25,57,specimen_57,0.41192363371903246,0.7559222371024266
omitted,selection,forward,encoder,speed,0.5,10,specimen_10,0.35474760943289957,0.41466164926564836
omitted,selection,forward,encoder,speed,0.5,57,specimen_57,0.3939192117840955,0.7531857774168581
omitted,selection,forward,encoder,speed,1.0,10,specimen_10,0.3610605790533803,0.410817285712301
omitted,selection,forward,encoder,speed,1.0,57,specimen_57,0.36339343011830794,0.7408125427145511
omitted,selection,forward,encoder_wrong_support,direction,0.25,10,specimen_10,0.4749757133875832,0.648519842823116
omitted,selection,forward,encoder_wrong_support,direction,0.25,57,specimen_57,0.4062476711291256,0.6266299620781229
omitted,selection,forward,encoder_wrong_support,direction,0.5,10,specimen_10,0.5181276525060335,0.6670973174954077
omitted,selection,forward,encoder_wrong_support,direction,0.5,57,specimen_57,0.47094652993660985,0.5940338490989826
omitted,selection,forward,encoder_wrong_support,direction,1.0,10,specimen_10,0.49833256593256287,0.6589669596429938
omitted,selection,forward,encoder_wrong_support,direction,1.0,57,specimen_57,0.5091605708003044,0.5780061912052308
omitted,selection,forward,encoder_wrong_support,load,0.25,10,specimen_10,0.5500683971878254,0.6858199418942686
omitted,selection,forward,encoder_wrong_support,load,0.25,57,specimen_57,0.4935795373537324,0.5900324260997106
omitted,selection,forward,encoder_wrong_support,load,0.5,10,specimen_10,0.5162132637518825,0.6724420156425209
omitted,selection,forward,encoder_wrong_support,load,0.5,57,specimen_57,0.5735172600005612,0.5567192496644824
omitted,selection,forward,encoder_wrong_support,load,1.0,10,specimen_10,0.5098854795549855,0.6709407322295836
omitted,selection,forward,encoder_wrong_support,load,1.0,57,specimen_57,0.6380378804875143,0.5346897571258024
omitted,selection,forward,encoder_wrong_support,repeat,0.25,10,specimen_10,0.4316785259906089,0.6273081866464373
omitted,selection,forward,encoder_wrong_support,repeat,0.25,57,specimen_57,0.5759335121873653,0.5573386443986926
omitted,selection,forward,encoder_wrong_support,repeat,0.5,10,specimen_10,0.5612788053624558,0.691064782806925
omitted,selection,forward,encoder_wrong_support,repeat,0.5,57,specimen_57,0.6075774480899175,0.5445830024200875
omitted,selection,forward,encoder_wrong_support,repeat,1.0,10,specimen_10,0.49824297721638827,0.6639286010090749
omitted,selection,forward,encoder_wrong_support,repeat,1.0,57,specimen_57,0.5951212687474309,0.5486850570831155
omitted,selection,forward,encoder_wrong_support,single,0.25,10,specimen_10,0.5634301282239682,0.694631805723687
omitted,selection,forward,encoder_wrong_support,single,0.25,57,specimen_57,0.475913764852466,0.5976980145766059
omitted,selection,forward,encoder_wrong_support,single,0.5,10,specimen_10,0.6117335562453126,0.7134322940823122
omitted,selection,forward,encoder_wrong_support,single,0.5,57,specimen_57,0.5729661911274447,0.5577123144545053
omitted,selection,forward,encoder_wrong_support,single,1.0,10,specimen_10,0.5058227288677837,0.6707086334251823
omitted,selection,forward,encoder_wrong_support,single,1.0,57,specimen_57,0.6727533509785478,0.5279499813088684
omitted,selection,forward,encoder_wrong_support,speed,0.25,10,specimen_10,0.681488906343778,0.7335025056016041
omitted,selection,forward,encoder_wrong_support,speed,0.25,57,specimen_57,0.5074645774156757,0.589009832860573
omitted,selection,forward,encoder_wrong_support,speed,0.5,10,specimen_10,0.6589958254586566,0.7288057739212895
omitted,selection,forward,encoder_wrong_support,speed,0.5,57,specimen_57,0.6499745263294741,0.5319721187849967
omitted,selection,forward,encoder_wrong_support,speed,1.0,10,specimen_10,0.6049329044692443,0.7095192973722205
omitted,selection,forward,encoder_wrong_support,speed,1.0,57,specimen_57,0.6603655736103202,0.5301470182752029
omitted,selection,forward,fixed_features,direction,0.25,10,specimen_10,0.29385327790163057,0.44634321937039145
omitted,selection,forward,fixed_features,direction,0.25,57,specimen_57,0.3287222737123445,0.6794476040085338
omitted,selection,forward,fixed_features,direction,0.5,10,specimen_10,0.2937114360174321,0.4503222466761503
omitted,selection,forward,fixed_features,direction,0.5,57,specimen_57,0.3292433628865736,0.6687558489283855
omitted,selection,forward,fixed_features,direction,1.0,10,specimen_10,0.293334815687397,0.4501940634206582
omitted,selection,forward,fixed_features,direction,1.0,57,specimen_57,0.33134311080720424,0.6666718056052171
omitted,selection,forward,fixed_features,load,0.25,10,specimen_10,0.2951019473293964,0.44295002586705984
omitted,selection,forward,fixed_features,load,0.25,57,specimen_57,0.32896678735084556,0.6848511071690525
omitted,selection,forward,fixed_features,load,0.5,10,specimen_10,0.2936684748966122,0.4628086934552151
omitted,selection,forward,fixed_features,load,0.5,57,specimen_57,0.3284142180589546,0.6859210136335531
omitted,selection,forward,fixed_features,load,1.0,10,specimen_10,0.29370106439473526,0.4654205709266472
omitted,selection,forward,fixed_features,load,1.0,57,specimen_57,0.32781906827435203,0.6792948291667472
omitted,selection,forward,fixed_features,repeat,0.25,10,specimen_10,0.29701865772243774,0.423994530831497
omitted,selection,forward,fixed_features,repeat,0.25,57,specimen_57,0.33057067132321155,0.687026980650862
omitted,selection,forward,fixed_features,repeat,0.5,10,specimen_10,0.294066965401536,0.43719062338650583
omitted,selection,forward,fixed_features,repeat,0.5,57,specimen_57,0.33100262591076396,0.6917326119383719
omitted,selection,forward,fixed_features,repeat,1.0,10,specimen_10,0.294099696579161,0.4454899752107549
omitted,selection,forward,fixed_features,repeat,1.0,57,specimen_57,0.3275381741448346,0.682678158583703
omitted,selection,forward,fixed_features,single,0.25,10,specimen_10,0.3003624418355871,0.43130095304877225
omitted,selection,forward,fixed_features,single,0.25,57,specimen_57,0.3299585861355556,0.6822828982060758
omitted,selection,forward,fixed_features,single,0.5,10,specimen_10,0.29629524665745677,0.4456477047226292
omitted,selection,forward,fixed_features,single,0.5,57,specimen_57,0.32813223907148786,0.6813504723924937
omitted,selection,forward,fixed_features,single,1.0,10,specimen_10,0.29407888858466946,0.4571250995151603
omitted,selection,forward,fixed_features,single,1.0,57,specimen_57,0.3279545672618185,0.6774200770537449
omitted,selection,forward,fixed_features,speed,0.25,10,specimen_10,0.29443771483421005,0.4823201273468443
omitted,selection,forward,fixed_features,speed,0.25,57,specimen_57,0.33081346015719665,0.6918829181948527
omitted,selection,forward,fixed_features,speed,0.5,10,specimen_10,0.2949222727132096,0.47594270405389805
omitted,selection,forward,fixed_features,speed,0.5,57,specimen_57,0.3284925600081356,0.6884574530843565
omitted,selection,forward,fixed_features,speed,1.0,10,specimen_10,0.2942278580898994,0.47138478181738236
omitted,selection,forward,fixed_features,speed,1.0,57,specimen_57,0.3276560584160453,0.6852172350165547
omitted,selection,forward,retrieval,direction,0.25,10,specimen_10,0.16260727365517794,0.15058772921325175
omitted,selection,forward,retrieval,direction,0.25,57,specimen_57,0.1523518473310206,0.09576042982745868
omitted,selection,forward,retrieval,direction,0.5,10,specimen_10,0.16260727365517794,0.15058772921325175
omitted,selection,forward,retrieval,direction,0.5,57,specimen_57,0.1523518473310206,0.09576042982745868
omitted,selection,forward,retrieval,direction,1.0,10,specimen_10,0.16260727365517794,0.15058772921325175
omitted,selection,forward,retrieval,direction,1.0,57,specimen_57,0.1523518473310206,0.09576042982745868
omitted,selection,forward,retrieval,load,0.25,10,specimen_10,0.16260727365517794,0.15058772921325175
omitted,selection,forward,retrieval,load,0.25,57,specimen_57,0.1523518473310206,0.09576042982745868
omitted,selection,forward,retrieval,load,0.5,10,specimen_10,0.16260727365517794,0.15058772921325175
omitted,selection,forward,retrieval,load,0.5,57,specimen_57,0.1523518473310206,0.09576042982745868
omitted,selection,forward,retrieval,load,1.0,10,specimen_10,0.16260727365517794,0.15058772921325175
omitted,selection,forward,retrieval,load,1.0,57,specimen_57,0.1523518473310206,0.09576042982745868
omitted,selection,forward,retrieval,repeat,0.25,10,specimen_10,0.16260727365517794,0.15058772921325175
omitted,selection,forward,retrieval,repeat,0.25,57,specimen_57,0.1523518473310206,0.09576042982745868
omitted,selection,forward,retrieval,repeat,0.5,10,specimen_10,0.16260727365517794,0.15058772921325175
omitted,selection,forward,retrieval,repeat,0.5,57,specimen_57,0.1523518473310206,0.09576042982745868
omitted,selection,forward,retrieval,repeat,1.0,10,specimen_10,0.16260727365517794,0.15058772921325175
omitted,selection,forward,retrieval,repeat,1.0,57,specimen_57,0.1523518473310206,0.09576042982745868
omitted,selection,forward,retrieval,single,0.25,10,specimen_10,0.16260727365517794,0.15058772921325175
omitted,selection,forward,retrieval,single,0.25,57,specimen_57,0.1523518473310206,0.09576042982745868
omitted,selection,forward,retrieval,single,0.5,10,specimen_10,0.16260727365517794,0.15058772921325175
omitted,selection,forward,retrieval,single,0.5,57,specimen_57,0.1523518473310206,0.09576042982745868
omitted,selection,forward,retrieval,single,1.0,10,specimen_10,0.16260727365517794,0.15058772921325175
omitted,selection,forward,retrieval,single,1.0,57,specimen_57,0.1523518473310206,0.09576042982745868
omitted,selection,forward,retrieval,speed,0.25,10,specimen_10,0.16260727365517794,0.15058772921325175
omitted,selection,forward,retrieval,speed,0.25,57,specimen_57,0.1523518473310206,0.09576042982745868
omitted,selection,forward,retrieval,speed,0.5,10,specimen_10,0.16260727365517794,0.15058772921325175
omitted,selection,forward,retrieval,speed,0.5,57,specimen_57,0.1523518473310206,0.09576042982745868
omitted,selection,forward,retrieval,speed,1.0,10,specimen_10,0.16260727365517794,0.15058772921325175
omitted,selection,forward,retrieval,speed,1.0,57,specimen_57,0.1523518473310206,0.09576042982745868
omitted,selection,forward,speed_rescaling,direction,0.25,10,specimen_10,0.6114675556051813,0.771552955677209
omitted,selection,forward,speed_rescaling,direction,0.25,57,specimen_57,0.622058827531652,1.0289264224318342
omitted,selection,forward,speed_rescaling,direction,0.5,10,specimen_10,0.5870045450715266,0.7598726211278664
omitted,selection,forward,speed_rescaling,direction,0.5,57,specimen_57,0.6185184512853048,1.028999437883385
omitted,selection,forward,speed_rescaling,direction,1.0,10,specimen_10,0.5725002390865838,0.7674041949434578
omitted,selection,forward,speed_rescaling,direction,1.0,57,specimen_57,0.6018596200915134,1.0234449214015804
omitted,selection,forward,speed_rescaling,load,0.25,10,specimen_10,0.5687554601941478,0.4273394819897412
omitted,selection,forward,speed_rescaling,load,0.25,57,specimen_57,0.565566624459267,0.836234895101526
omitted,selection,forward,speed_rescaling,load,0.5,10,specimen_10,0.5419928415657004,0.48698439185087533
omitted,selection,forward,speed_rescaling,load,0.5,57,specimen_57,0.5540737769522808,0.8468029178374845
omitted,selection,forward,speed_rescaling,load,1.0,10,specimen_10,0.5259717739653262,0.5361524731147853
omitted,selection,forward,speed_rescaling,load,1.0,57,specimen_57,0.538958404374462,0.8552104814656538
omitted,selection,forward,speed_rescaling,repeat,0.25,10,specimen_10,0.5687554601941478,0.4273394819897412
omitted,selection,forward,speed_rescaling,repeat,0.25,57,specimen_57,0.565566624459267,0.836234895101526
omitted,selection,forward,speed_rescaling,repeat,0.5,10,specimen_10,0.5419928415657004,0.48698439185087533
omitted,selection,forward,speed_rescaling,repeat,0.5,57,specimen_57,0.5540737769522808,0.8468029178374845
omitted,selection,forward,speed_rescaling,repeat,1.0,10,specimen_10,0.5259717739653262,0.5361524731147853
omitted,selection,forward,speed_rescaling,repeat,1.0,57,specimen_57,0.538958404374462,0.8552104814656538
omitted,selection,forward,speed_rescaling,single,0.25,10,specimen_10,0.5687554601941478,0.4273394819897412
omitted,selection,forward,speed_rescaling,single,0.25,57,specimen_57,0.565566624459267,0.836234895101526
omitted,selection,forward,speed_rescaling,single,0.5,10,specimen_10,0.5419928415657004,0.48698439185087533
omitted,selection,forward,speed_rescaling,single,0.5,57,specimen_57,0.5540737769522808,0.8468029178374845
omitted,selection,forward,speed_rescaling,single,1.0,10,specimen_10,0.5259717739653262,0.5361524731147853
omitted,selection,forward,speed_rescaling,single,1.0,57,specimen_57,0.538958404374462,0.8552104814656538
omitted,selection,forward,speed_rescaling,speed,0.25,10,specimen_10,0.563828231627261,0.4379566877947886
omitted,selection,forward,speed_rescaling,speed,0.25,57,specimen_57,0.576501463633229,0.8440890809384346
omitted,selection,forward,speed_rescaling,speed,0.5,10,specimen_10,0.5377314305975904,0.5054043263705904
omitted,selection,forward,speed_rescaling,speed,0.5,57,specimen_57,0.5633144337764201,0.8550768088451591
omitted,selection,forward,speed_rescaling,speed,1.0,10,specimen_10,0.5219593480546579,0.5524996311170014
omitted,selection,forward,speed_rescaling,speed,1.0,57,specimen_57,0.5479863008289257,0.8649800102301914
omitted,selection,reverse,conditions_only,direction,0.25,10,specimen_10,0.3375347059320634,0.5748669886613071
omitted,selection,reverse,conditions_only,direction,0.25,57,specimen_57,0.4093575068206528,0.6481569438726712
omitted,selection,reverse,conditions_only,direction,0.5,10,specimen_10,0.3375347059320634,0.5748669886613071
omitted,selection,reverse,conditions_only,direction,0.5,57,specimen_57,0.4093575068206528,0.6481569438726712
omitted,selection,reverse,conditions_only,direction,1.0,10,specimen_10,0.3375347059320634,0.5748669886613071
omitted,selection,reverse,conditions_only,direction,1.0,57,specimen_57,0.4093575068206528,0.6481569438726712
omitted,selection,reverse,conditions_only,load,0.25,10,specimen_10,0.3375347059320634,0.5748669886613071
omitted,selection,reverse,conditions_only,load,0.25,57,specimen_57,0.4093575068206528,0.6481569438726712
omitted,selection,reverse,conditions_only,load,0.5,10,specimen_10,0.3375347059320634,0.5748669886613071
omitted,selection,reverse,conditions_only,load,0.5,57,specimen_57,0.4093575068206528,0.6481569438726712
omitted,selection,reverse,conditions_only,load,1.0,10,specimen_10,0.3375347059320634,0.5748669886613071
omitted,selection,reverse,conditions_only,load,1.0,57,specimen_57,0.4093575068206528,0.6481569438726712
omitted,selection,reverse,conditions_only,repeat,0.25,10,specimen_10,0.3375347059320634,0.5748669886613071
omitted,selection,reverse,conditions_only,repeat,0.25,57,specimen_57,0.4093575068206528,0.6481569438726712
omitted,selection,reverse,conditions_only,repeat,0.5,10,specimen_10,0.3375347059320634,0.5748669886613071
omitted,selection,reverse,conditions_only,repeat,0.5,57,specimen_57,0.4093575068206528,0.6481569438726712
omitted,selection,reverse,conditions_only,repeat,1.0,10,specimen_10,0.3375347059320634,0.5748669886613071
omitted,selection,reverse,conditions_only,repeat,1.0,57,specimen_57,0.4093575068206528,0.6481569438726712
omitted,selection,reverse,conditions_only,single,0.25,10,specimen_10,0.3375347059320634,0.5748669886613071
omitted,selection,reverse,conditions_only,single,0.25,57,specimen_57,0.4093575068206528,0.6481569438726712
omitted,selection,reverse,conditions_only,single,0.5,10,specimen_10,0.3375347059320634,0.5748669886613071
omitted,selection,reverse,conditions_only,single,0.5,57,specimen_57,0.4093575068206528,0.6481569438726712
omitted,selection,reverse,conditions_only,single,1.0,10,specimen_10,0.3375347059320634,0.5748669886613071
omitted,selection,reverse,conditions_only,single,1.0,57,specimen_57,0.4093575068206528,0.6481569438726712
omitted,selection,reverse,conditions_only,speed,0.25,10,specimen_10,0.3375347059320634,0.5748669886613071
omitted,selection,reverse,conditions_only,speed,0.25,57,specimen_57,0.4093575068206528,0.6481569438726712
omitted,selection,reverse,conditions_only,speed,0.5,10,specimen_10,0.3375347059320634,0.5748669886613071
omitted,selection,reverse,conditions_only,speed,0.5,57,specimen_57,0.4093575068206528,0.6481569438726712
omitted,selection,reverse,conditions_only,speed,1.0,10,specimen_10,0.3375347059320634,0.5748669886613071
omitted,selection,reverse,conditions_only,speed,1.0,57,specimen_57,0.4093575068206528,0.6481569438726712
omitted,selection,reverse,copy,direction,0.25,10,specimen_10,0.5320928939720876,0.6361477770445039
omitted,selection,reverse,copy,direction,0.25,57,specimen_57,0.516921434423161,0.7346423255685324
omitted,selection,reverse,copy,direction,0.5,10,specimen_10,0.5164280570636973,0.5917888518111806
omitted,selection,reverse,copy,direction,0.5,57,specimen_57,0.5203143100352943,0.7326152086651784
omitted,selection,reverse,copy,direction,1.0,10,specimen_10,0.4996731826842391,0.5706351471587437
omitted,selection,reverse,copy,direction,1.0,57,specimen_57,0.5071439549219642,0.7277394461174521
omitted,selection,reverse,copy,load,0.25,10,specimen_10,0.5912115977376152,0.5075248654681652
omitted,selection,reverse,copy,load,0.25,57,specimen_57,0.5538810114947557,0.844860976992857
omitted,selection,reverse,copy,load,0.5,10,specimen_10,0.56750125432954,0.5182656803179057
omitted,selection,reverse,copy,load,0.5,57,specimen_57,0.5521664689859797,0.8599658289346176
omitted,selection,reverse,copy,load,1.0,10,specimen_10,0.5471918736490207,0.5416305199781394
omitted,selection,reverse,copy,load,1.0,57,specimen_57,0.5481856486311539,0.8675408824858661
omitted,selection,reverse,copy,repeat,0.25,10,specimen_10,0.5929803636359063,0.5149098082045757
omitted,selection,reverse,copy,repeat,0.25,57,specimen_57,0.5530889865291301,0.8403685516601246
omitted,selection,reverse,copy,repeat,0.5,10,specimen_10,0.5784828212975351,0.5350042223014119
omitted,selection,reverse,copy,repeat,0.5,57,specimen_57,0.559376095611131,0.8575559316205531
omitted,selection,reverse,copy,repeat,1.0,10,specimen_10,0.5635198656558379,0.5641881402173122
omitted,selection,reverse,copy,repeat,1.0,57,specimen_57,0.5495580855851562,0.868862905566997
omitted,selection,reverse,copy,single,0.25,10,specimen_10,0.604674281758984,0.513605565505069
omitted,selection,reverse,copy,single,0.25,57,specimen_57,0.5677335402857001,0.8306806304021603
omitted,selection,reverse,copy,single,0.5,10,specimen_10,0.5937270576614021,0.5219825468361828
omitted,selection,reverse,copy,single,0.5,57,specimen_57,0.5629375916538223,0.8518504509016047
omitted,selection,reverse,copy,single,1.0,10,specimen_10,0.5752937500231714,0.5454248262092787
omitted,selection,reverse,copy,single,1.0,57,specimen_57,0.5470790909054695,0.8645831753279978
omitted,selection,reverse,copy,speed,0.25,10,specimen_10,0.5551502380561946,0.562490818182667
omitted,selection,reverse,copy,speed,0.25,57,specimen_57,0.5512322705929578,0.87215954587811
omitted,selection,reverse,copy,speed,0.5,10,specimen_10,0.5548704251887181,0.5842102664336744
omitted,selection,reverse,copy,speed,0.5,57,specimen_57,0.5489238694157671,0.8891160790054403
omitted,selection,reverse,copy,speed,1.0,10,specimen_10,0.5465735062221344,0.6256716565838004
omitted,selection,reverse,copy,speed,1.0,57,specimen_57,0.5495596023242469,0.8984872075649786
omitted,selection,reverse,encoder,direction,0.25,10,specimen_10,0.3155581274944725,0.4649227736974461
omitted,selection,reverse,encoder,direction,0.25,57,specimen_57,0.4455739546454314,0.6291130997683817
omitted,selection,reverse,encoder,direction,0.5,10,specimen_10,0.3131696277044036,0.466703524096741
omitted,selection,reverse,encoder,direction,0.5,57,specimen_57,0.3662776536110675,0.6711453780802117
omitted,selection,reverse,encoder,direction,1.0,10,specimen_10,0.303416937702533,0.49595548663206585
omitted,selection,reverse,encoder,direction,1.0,57,specimen_57,0.3567162427035245,0.6782159562041038
omitted,selection,reverse,encoder,load,0.25,10,specimen_10,0.33348248221657495,0.46311751456752637
omitted,selection,reverse,encoder,load,0.25,57,specimen_57,0.34686513278972014,0.6888261519934947
omitted,selection,reverse,encoder,load,0.5,10,specimen_10,0.34337373077869415,0.4374112857177359
omitted,selection,reverse,encoder,load,0.5,57,specimen_57,0.34212349705172307,0.694225963047411
omitted,selection,reverse,encoder,load,1.0,10,specimen_10,0.3494951892079729,0.42916633177844216
omitted,selection,reverse,encoder,load,1.0,57,specimen_57,0.339205618496194,0.6987680999712954
omitted,selection,reverse,encoder,repeat,0.25,10,specimen_10,0.31988353112881834,0.46765265745076756
omitted,selection,reverse,encoder,repeat,0.25,57,specimen_57,0.35040370803890813,0.6866395899280441
omitted,selection,reverse,encoder,repeat,0.5,10,specimen_10,0.32904306562109426,0.4504794991003826
omitted,selection,reverse,encoder,repeat,0.5,57,specimen_57,0.3474824337119406,0.7280874917973773
omitted,selection,reverse,encoder,repeat,1.0,10,specimen_10,0.32247441713557096,0.45683603675735646
omitted,selection,reverse,encoder,repeat,1.0,57,specimen_57,0.33592151748863136,0.710856577595041
omitted,selection,reverse,encoder,single,0.25,10,specimen_10,0.4701668012774352,0.3748618827190422
omitted,selection,reverse,encoder,single,0.25,57,specimen_57,0.5287239023230293,0.5953806744249218
omitted,selection,reverse,encoder,single,0.5,10,specimen_10,0.4320400788476973,0.3843667402564625
omitted,selection,reverse,encoder,single,0.5,57,specimen_57,0.3569984957575798,0.6821605043354905
omitted,selection,reverse,encoder,single,1.0,10,specimen_10,0.3423708509089369,0.43559856650838813
omitted,selection,reverse,encoder,single,1.0,57,specimen_57,0.3686654528207851,0.6742288670794968
omitted,selection,reverse,encoder,speed,0.25,10,specimen_10,0.3098328158710942,0.5029970900478787
omitted,selection,reverse,encoder,speed,0.25,57,specimen_57,0.4994924671270631,0.6083549100048626
omitted,selection,reverse,encoder,speed,0.5,10,specimen_10,0.3045328058528178,0.5149634186933482
omitted,selection,reverse,encoder,speed,0.5,57,specimen_57,0.41275787240628037,0.64904948415746
omitted,selection,reverse,encoder,speed,1.0,10,specimen_10,0.3080925074490634,0.5257099038588747
omitted,selection,reverse,encoder,speed,1.0,57,specimen_57,0.3691287269872246,0.6734466528663717
omitted,selection,reverse,encoder_wrong_support,direction,0.25,10,specimen_10,0.3264858642536583,0.5578291963257322
omitted,selection,reverse,encoder_wrong_support,direction,0.25,57,specimen_57,0.5786727479461468,0.5501390157899094
omitted,selection,reverse,encoder_wrong_support,direction,0.5,10,specimen_10,0.38530275632034644,0.6122917867349874
omitted,selection,reverse,encoder_wrong_support,direction,0.5,57,specimen_57,0.5691689207698359,0.5511106015258488
omitted,selection,reverse,encoder_wrong_support,direction,1.0,10,specimen_10,0.4006860854499268,0.6224767328886607
omitted,selection,reverse,encoder_wrong_support,direction,1.0,57,specimen_57,0.5115788249355374,0.5753997780864933
omitted,selection,reverse,encoder_wrong_support,load,0.25,10,specimen_10,0.42201582116611075,0.6395770001390587
omitted,selection,reverse,encoder_wrong_support,load,0.25,57,specimen_57,0.5846814316782084,0.5511054538351399
omitted,selection,reverse,encoder_wrong_support,load,0.5,10,specimen_10,0.43719459031567426,0.6476266371639177
omitted,selection,reverse,encoder_wrong_support,load,0.5,57,specimen_57,0.63525155006033,0.5331278281153786
omitted,selection,reverse,encoder_wrong_support,load,1.0,10,specimen_10,0.44864639131860296,0.6542077926733242
omitted,selection,reverse,encoder_wrong_support,load,1.0,57,specimen_57,0.6518175811930136,0.5280492232133339
omitted,selection,reverse,encoder_wrong_support,repeat,0.25,10,specimen_10,0.42034280029210175,0.6366434507964854
omitted,selection,reverse,encoder_wrong_support,repeat,0.25,57,specimen_57,0.5794596346941862,0.5546811488215697
omitted,selection,reverse,encoder_wrong_support,repeat,0.5,10,specimen_10,0.5514058170445039,0.6988336599967903
omitted,selection,reverse,encoder_wrong_support,repeat,0.5,57,specimen_57,0.6109513283678979,0.5416979924131361
omitted,selection,reverse,encoder_wrong_support,repeat,1.0,10,specimen_10,0.4878328767689792,0.672364531465193
omitted,selection,reverse,encoder_wrong_support,repeat,1.0,57,specimen_57,0.5985443011829347,0.5459370301004317
omitted,selection,reverse,encoder_wrong_support,single,0.25,10,specimen_10,0.3213868835432963,0.5182034438806252
omitted,selection,reverse,encoder_wrong_support,single,0.25,57,specimen_57,0.8105242432969989,0.5133792176599221
omitted,selection,reverse,encoder_wrong_support,single,0.5,10,specimen_10,0.4010707728113189,0.629916166225389
omitted,selection,reverse,encoder_wrong_support,single,0.5,57,specimen_57,0.768053435014956,0.5163433775639638
omitted,selection,reverse,encoder_wrong_support,single,1.0,10,specimen_10,0.38402075015685777,0.6188665888867674
omitted,selection,reverse,encoder_wrong_support,single,1.0,57,specimen_57,0.6405477194171963,0.5330301795760709
omitted,selection,reverse,encoder_wrong_support,speed,0.25,10,specimen_10,0.3214975584185485,0.5342862442494795
omitted,selection,reverse,encoder_wrong_support,speed,0.25,57,specimen_57,0.5102727415435242,0.5821884311640503
omitted,selection,reverse,encoder_wrong_support,speed,0.5,10,specimen_10,0.3471295428321217,0.584000512437901
omitted,selection,reverse,encoder_wrong_support,speed,0.5,57,specimen_57,0.48506949063051835,0.5917133986120295
omitted,selection,reverse,encoder_wrong_support,speed,1.0,10,specimen_10,0.3851213385209893,0.6175201501055058
omitted,selection,reverse,encoder_wrong_support,speed,1.0,57,specimen_57,0.4679144879407955,0.6014203970612222
omitted,selection,reverse,fixed_features,direction,0.25,10,specimen_10,0.2889753339327021,0.476114944950128
omitted,selection,reverse,fixed_features,direction,0.25,57,specimen_57,0.334364339496098,0.6696333160239463
omitted,selection,reverse,fixed_features,direction,0.5,10,specimen_10,0.28806308604557346,0.45718022740554576
omitted,selection,reverse,fixed_features,direction,0.5,57,specimen_57,0.3452444025063502,0.6706737096956772
omitted,selection,reverse,fixed_features,direction,1.0,10,specimen_10,0.2889203584138951,0.4605939949560083
omitted,selection,reverse,fixed_features,direction,1.0,57,specimen_57,0.3417561461509236,0.6670026357714405
omitted,selection,reverse,fixed_features,load,0.25,10,specimen_10,0.2892662936295292,0.4556262657515288
omitted,selection,reverse,fixed_features,load,0.25,57,specimen_57,0.3276659549295449,0.6791277872005638
omitted,selection,reverse,fixed_features,load,0.5,10,specimen_10,0.28491158126887445,0.4742962311806057
omitted,selection,reverse,fixed_features,load,0.5,57,specimen_57,0.32845789695765554,0.6945329516402111
omitted,selection,reverse,fixed_features,load,1.0,10,specimen_10,0.28490047618657344,0.48177914993538623
omitted,selection,reverse,fixed_features,load,1.0,57,specimen_57,0.32779310604651085,0.6840171354662198
omitted,selection,reverse,fixed_features,repeat,0.25,10,specimen_10,0.2905944535041948,0.4492563414048647
omitted,selection,reverse,fixed_features,repeat,0.25,57,specimen_57,0.3309086964923662,0.6865876395408571
omitted,selection,reverse,fixed_features,repeat,0.5,10,specimen_10,0.2871378187423533,0.461593606225513
omitted,selection,reverse,fixed_features,repeat,0.5,57,specimen_57,0.3315342763098335,0.6912932708283669
omitted,selection,reverse,fixed_features,repeat,1.0,10,specimen_10,0.2874899289719852,0.46939489037308385
omitted,selection,reverse,fixed_features,repeat,1.0,57,specimen_57,0.32773558388530477,0.6822388174736981
omitted,selection,reverse,fixed_features,single,0.25,10,specimen_10,0.2857047746905273,0.4728992700156656
omitted,selection,reverse,fixed_features,single,0.25,57,specimen_57,0.3265789873732815,0.6823816360644529
omitted,selection,reverse,fixed_features,single,0.5,10,specimen_10,0.28568977854080546,0.4666578519586238
omitted,selection,reverse,fixed_features,single,0.5,57,specimen_57,0.32786999750174667,0.6833587978123451
omitted,selection,reverse,fixed_features,single,1.0,10,specimen_10,0.28847751291778095,0.46357695010071764
omitted,selection,reverse,fixed_features,single,1.0,57,specimen_57,0.3281803846544759,0.67894647272341
omitted,selection,reverse,fixed_features,speed,0.25,10,specimen_10,0.2970207018331143,0.5109963765878714
omitted,selection,reverse,fixed_features,speed,0.25,57,specimen_57,0.32675607876156226,0.6878891398363685
omitted,selection,reverse,fixed_features,speed,0.5,10,specimen_10,0.2886050193196864,0.5003875521791475
omitted,selection,reverse,fixed_features,speed,0.5,57,specimen_57,0.3290827653047249,0.6960894211459728
omitted,selection,reverse,fixed_features,speed,1.0,10,specimen_10,0.2855350063865327,0.48636277252314125
omitted,selection,reverse,fixed_features,speed,1.0,57,specimen_57,0.3278817686027573,0.688879480892139
omitted,selection,reverse,retrieval,direction,0.25,10,specimen_10,0.15421068115558512,0.1292791046446252
omitted,selection,reverse,retrieval,direction,0.25,57,specimen_57,0.15352221089364262,0.08121215025709215
omitted,selection,reverse,retrieval,direction,0.5,10,specimen_10,0.15421068115558512,0.1292791046446252
omitted,selection,reverse,retrieval,direction,0.5,57,specimen_57,0.15352221089364262,0.08121215025709215
omitted,selection,reverse,retrieval,direction,1.0,10,specimen_10,0.15421068115558512,0.1292791046446252
omitted,selection,reverse,retrieval,direction,1.0,57,specimen_57,0.15352221089364262,0.08121215025709215
omitted,selection,reverse,retrieval,load,0.25,10,specimen_10,0.41073316620281236,1.5360055287082
omitted,selection,reverse,retrieval,load,0.25,57,specimen_57,0.15352221089364262,0.08121215025709215
omitted,selection,reverse,retrieval,load,0.5,10,specimen_10,0.15421068115558512,0.1292791046446252
omitted,selection,reverse,retrieval,load,0.5,57,specimen_57,0.15352221089364262,0.08121215025709215
omitted,selection,reverse,retrieval,load,1.0,10,specimen_10,0.15421068115558512,0.1292791046446252
omitted,selection,reverse,retrieval,load,1.0,57,specimen_57,0.15352221089364262,0.08121215025709215
omitted,selection,reverse,retrieval,repeat,0.25,10,specimen_10,0.15421068115558512,0.1292791046446252
omitted,selection,reverse,retrieval,repeat,0.25,57,specimen_57,0.15352221089364262,0.08121215025709215
omitted,selection,reverse,retrieval,repeat,0.5,10,specimen_10,0.15421068115558512,0.1292791046446252
omitted,selection,reverse,retrieval,repeat,0.5,57,specimen_57,0.15352221089364262,0.08121215025709215
omitted,selection,reverse,retrieval,repeat,1.0,10,specimen_10,0.15421068115558512,0.1292791046446252
omitted,selection,reverse,retrieval,repeat,1.0,57,specimen_57,0.15352221089364262,0.08121215025709215
omitted,selection,reverse,retrieval,single,0.25,10,specimen_10,0.15421068115558512,0.1292791046446252
omitted,selection,reverse,retrieval,single,0.25,57,specimen_57,0.15352221089364262,0.08121215025709215
omitted,selection,reverse,retrieval,single,0.5,10,specimen_10,0.15421068115558512,0.1292791046446252
omitted,selection,reverse,retrieval,single,0.5,57,specimen_57,0.15352221089364262,0.08121215025709215
omitted,selection,reverse,retrieval,single,1.0,10,specimen_10,0.15421068115558512,0.1292791046446252
omitted,selection,reverse,retrieval,single,1.0,57,specimen_57,0.15352221089364262,0.08121215025709215
omitted,selection,reverse,retrieval,speed,0.25,10,specimen_10,0.15421068115558512,0.1292791046446252
omitted,selection,reverse,retrieval,speed,0.25,57,specimen_57,0.15352221089364262,0.08121215025709215
omitted,selection,reverse,retrieval,speed,0.5,10,specimen_10,0.15421068115558512,0.1292791046446252
omitted,selection,reverse,retrieval,speed,0.5,57,specimen_57,0.15352221089364262,0.08121215025709215
omitted,selection,reverse,retrieval,speed,1.0,10,specimen_10,0.15421068115558512,0.1292791046446252
omitted,selection,reverse,retrieval,speed,1.0,57,specimen_57,0.15352221089364262,0.08121215025709215
omitted,selection,reverse,speed_rescaling,direction,0.25,10,specimen_10,0.6123895587414224,0.737718357073912
omitted,selection,reverse,speed_rescaling,direction,0.25,57,specimen_57,0.6174286540921993,1.032949153420291
omitted,selection,reverse,speed_rescaling,direction,0.5,10,specimen_10,0.5968978225515371,0.6929484172796828
omitted,selection,reverse,speed_rescaling,direction,0.5,57,specimen_57,0.6214211787504469,1.0413765226037777
omitted,selection,reverse,speed_rescaling,direction,1.0,10,specimen_10,0.5814823068567694,0.6957791334407861
omitted,selection,reverse,speed_rescaling,direction,1.0,57,specimen_57,0.6100386971255586,1.037698107151599
omitted,selection,reverse,speed_rescaling,load,0.25,10,specimen_10,0.5786740604152543,0.44092447714648614
omitted,selection,reverse,speed_rescaling,load,0.25,57,specimen_57,0.5429497470311045,0.8173388788343452
omitted,selection,reverse,speed_rescaling,load,0.5,10,specimen_10,0.568441928131607,0.4590787436995382
omitted,selection,reverse,speed_rescaling,load,0.5,57,specimen_57,0.5400347737907171,0.8342433001369134
omitted,selection,reverse,speed_rescaling,load,1.0,10,specimen_10,0.5497704167323684,0.4949099670381958
omitted,selection,reverse,speed_rescaling,load,1.0,57,specimen_57,0.530830336957116,0.8465673983504448
omitted,selection,reverse,speed_rescaling,repeat,0.25,10,specimen_10,0.577664839427205,0.4468449006026983
omitted,selection,reverse,speed_rescaling,repeat,0.25,57,specimen_57,0.5652744505318053,0.8346997309815154
omitted,selection,reverse,speed_rescaling,repeat,0.5,10,specimen_10,0.5511910148714181,0.5066843992290094
omitted,selection,reverse,speed_rescaling,repeat,0.5,57,specimen_57,0.555347763911229,0.8467297972064856
omitted,selection,reverse,speed_rescaling,repeat,1.0,10,specimen_10,0.5332099709082726,0.5466565796955233
omitted,selection,reverse,speed_rescaling,repeat,1.0,57,specimen_57,0.5421069882413806,0.8554852586580597
omitted,selection,reverse,speed_rescaling,single,0.25,10,specimen_10,0.5786740604152543,0.44092447714648614
omitted,selection,reverse,speed_rescaling,single,0.25,57,specimen_57,0.5429497470311045,0.8173388788343452
omitted,selection,reverse,speed_rescaling,single,0.5,10,specimen_10,0.568441928131607,0.4590787436995382
omitted,selection,reverse,speed_rescaling,single,0.5,57,specimen_57,0.5400347737907171,0.8342433001369134
omitted,selection,reverse,speed_rescaling,single,1.0,10,specimen_10,0.5497704167323684,0.4949099670381958
omitted,selection,reverse,speed_rescaling,single,1.0,57,specimen_57,0.530830336957116,0.8465673983504448
omitted,selection,reverse,speed_rescaling,speed,0.25,10,specimen_10,0.5729755817520309,0.4611540432400991
omitted,selection,reverse,speed_rescaling,speed,0.25,57,specimen_57,0.5461654283436925,0.8274860760795854
omitted,selection,reverse,speed_rescaling,speed,0.5,10,specimen_10,0.5677029902763959,0.4867405183123125
omitted,selection,reverse,speed_rescaling,speed,0.5,57,specimen_57,0.5388667851607218,0.8436142046176087
omitted,selection,reverse,speed_rescaling,speed,1.0,10,specimen_10,0.5493614444136943,0.5249334659343617
omitted,selection,reverse,speed_rescaling,speed,1.0,57,specimen_57,0.5345952809828275,0.8544473323478784
omitted,transfer,forward,conditions_only,direction,0.25,10,specimen_10,0.3693808922411729,0.7357871149095622
omitted,transfer,forward,conditions_only,direction,0.25,57,specimen_57,0.4076054592454738,0.9050577441365261
omitted,transfer,forward,conditions_only,direction,0.5,10,specimen_10,0.3693808922411729,0.7357871149095622
omitted,transfer,forward,conditions_only,direction,0.5,57,specimen_57,0.4076054592454738,0.9050577441365261
omitted,transfer,forward,conditions_only,direction,1.0,10,specimen_10,0.3693808922411729,0.7357871149095622
omitted,transfer,forward,conditions_only,direction,1.0,57,specimen_57,0.4076054592454738,0.9050577441365261
omitted,transfer,forward,conditions_only,load,0.25,10,specimen_10,0.3693808922411729,0.7357871149095622
omitted,transfer,forward,conditions_only,load,0.25,57,specimen_57,0.4076054592454738,0.9050577441365261
omitted,transfer,forward,conditions_only,load,0.5,10,specimen_10,0.3693808922411729,0.7357871149095622
omitted,transfer,forward,conditions_only,load,0.5,57,specimen_57,0.4076054592454738,0.9050577441365261
omitted,transfer,forward,conditions_only,load,1.0,10,specimen_10,0.3693808922411729,0.7357871149095622
omitted,transfer,forward,conditions_only,load,1.0,57,specimen_57,0.4076054592454738,0.9050577441365261
omitted,transfer,forward,conditions_only,repeat,0.25,10,specimen_10,0.3693808922411729,0.7357871149095622
omitted,transfer,forward,conditions_only,repeat,0.25,57,specimen_57,0.4076054592454738,0.9050577441365261
omitted,transfer,forward,conditions_only,repeat,0.5,10,specimen_10,0.3693808922411729,0.7357871149095622
omitted,transfer,forward,conditions_only,repeat,0.5,57,specimen_57,0.4076054592454738,0.9050577441365261
omitted,transfer,forward,conditions_only,repeat,1.0,10,specimen_10,0.3693808922411729,0.7357871149095622
omitted,transfer,forward,conditions_only,repeat,1.0,57,specimen_57,0.4076054592454738,0.9050577441365261
omitted,transfer,forward,conditions_only,single,0.25,10,specimen_10,0.3693808922411729,0.7357871149095622
omitted,transfer,forward,conditions_only,single,0.25,57,specimen_57,0.4076054592454738,0.9050577441365261
omitted,transfer,forward,conditions_only,single,0.5,10,specimen_10,0.3693808922411729,0.7357871149095622
omitted,transfer,forward,conditions_only,single,0.5,57,specimen_57,0.4076054592454738,0.9050577441365261
omitted,transfer,forward,conditions_only,single,1.0,10,specimen_10,0.3693808922411729,0.7357871149095622
omitted,transfer,forward,conditions_only,single,1.0,57,specimen_57,0.4076054592454738,0.9050577441365261
omitted,transfer,forward,conditions_only,speed,0.25,10,specimen_10,0.3693808922411729,0.7357871149095622
omitted,transfer,forward,conditions_only,speed,0.25,57,specimen_57,0.4076054592454738,0.9050577441365261
omitted,transfer,forward,conditions_only,speed,0.5,10,specimen_10,0.3693808922411729,0.7357871149095622
omitted,transfer,forward,conditions_only,speed,0.5,57,specimen_57,0.4076054592454738,0.9050577441365261
omitted,transfer,forward,conditions_only,speed,1.0,10,specimen_10,0.3693808922411729,0.7357871149095622
omitted,transfer,forward,conditions_only,speed,1.0,57,specimen_57,0.4076054592454738,0.9050577441365261
omitted,transfer,forward,copy,direction,0.25,10,specimen_10,0.47756306356045053,0.567872184044178
omitted,transfer,forward,copy,direction,0.25,57,specimen_57,0.5002076391015728,0.7558765700324871
omitted,transfer,forward,copy,direction,0.5,10,specimen_10,0.4493217852195768,0.5242106598872679
omitted,transfer,forward,copy,direction,0.5,57,specimen_57,0.49393579909059676,0.7569805538341356
omitted,transfer,forward,copy,direction,1.0,10,specimen_10,0.43784573724410536,0.5060251182928581
omitted,transfer,forward,copy,direction,1.0,57,specimen_57,0.48038518884723025,0.7586367254612163
omitted,transfer,forward,copy,load,0.25,10,specimen_10,0.5436620915429463,0.5785682440204126
omitted,transfer,forward,copy,load,0.25,57,specimen_57,0.5599361286014647,1.1689910348948973
omitted,transfer,forward,copy,load,0.5,10,specimen_10,0.5216181462170553,0.6376182711403906
omitted,transfer,forward,copy,load,0.5,57,specimen_57,0.5590489232515654,1.1885776364899086
omitted,transfer,forward,copy,load,1.0,10,specimen_10,0.5071086309152856,0.6858218359864
omitted,transfer,forward,copy,load,1.0,57,specimen_57,0.5598456093271771,1.204227759073707
omitted,transfer,forward,copy,repeat,0.25,10,specimen_10,0.563912247879157,0.5836520276095205
omitted,transfer,forward,copy,repeat,0.25,57,specimen_57,0.5577435707485996,1.1667145193035269
omitted,transfer,forward,copy,repeat,0.5,10,specimen_10,0.5504371430243282,0.6406503148643241
omitted,transfer,forward,copy,repeat,0.5,57,specimen_57,0.5676234674601583,1.1855350892149465
omitted,transfer,forward,copy,repeat,1.0,10,specimen_10,0.5377896624757228,0.6951517758199495
omitted,transfer,forward,copy,repeat,1.0,57,specimen_57,0.5593632854472101,1.197669069148392
omitted,transfer,forward,copy,single,0.25,10,specimen_10,0.5629165229969806,0.588757870684293
omitted,transfer,forward,copy,single,0.25,57,specimen_57,0.6060688380676655,1.1777596736793972
omitted,transfer,forward,copy,single,0.5,10,specimen_10,0.5458363163377528,0.6803261027074464
omitted,transfer,forward,copy,single,0.5,57,specimen_57,0.5923862891481494,1.1919430802505644
omitted,transfer,forward,copy,single,1.0,10,specimen_10,0.534431055179025,0.7307296939370939
omitted,transfer,forward,copy,single,1.0,57,specimen_57,0.5742013190608956,1.202192584051644
omitted,transfer,forward,copy,speed,0.25,10,specimen_10,0.511228079974433,0.6891617373204373
omitted,transfer,forward,copy,speed,0.25,57,specimen_57,0.6069764092696156,1.216877716838991
omitted,transfer,forward,copy,speed,0.5,10,specimen_10,0.5119903098314217,0.7624333736819888
omitted,transfer,forward,copy,speed,0.5,57,specimen_57,0.5992159247273812,1.2292744347303821
omitted,transfer,forward,copy,speed,1.0,10,specimen_10,0.5152891569501657,0.8082819641272008
omitted,transfer,forward,copy,speed,1.0,57,specimen_57,0.5929650710600343,1.2405997243397495
omitted,transfer,forward,encoder,direction,0.25,10,specimen_10,0.37807389520681817,0.7156340361943366
omitted,transfer,forward,encoder,direction,0.25,57,specimen_57,0.3447746149240396,0.9893065006046213
omitted,transfer,forward,encoder,direction,0.5,10,specimen_10,0.3345109854753201,0.6651074593999199
omitted,transfer,forward,encoder,direction,0.5,57,specimen_57,0.3505501200755437,1.006365859329217
omitted,transfer,forward,encoder,direction,1.0,10,specimen_10,0.32415747107603615,0.6405506378270246
omitted,transfer,forward,encoder,direction,1.0,57,specimen_57,0.346868528960607,0.9988718907745123
omitted,transfer,forward,encoder,load,0.25,10,specimen_10,0.3324286410441765,0.6539257156082326
omitted,transfer,forward,encoder,load,0.25,57,specimen_57,0.3559543396799992,1.0220186613463966
omitted,transfer,forward,encoder,load,0.5,10,specimen_10,0.32485184417321133,0.5958969357610416
omitted,transfer,forward,encoder,load,0.5,57,specimen_57,0.34530229560839826,1.0099365042661002
omitted,transfer,forward,encoder,load,1.0,10,specimen_10,0.33880044940190435,0.5519346954416174
omitted,transfer,forward,encoder,load,1.0,57,specimen_57,0.3445500874748597,1.0082362626737913
omitted,transfer,forward,encoder,repeat,0.25,10,specimen_10,0.3277565177816611,0.5958809802659414
omitted,transfer,forward,encoder,repeat,0.25,57,specimen_57,0.35127985687592095,0.9694612106427578
omitted,transfer,forward,encoder,repeat,0.5,10,specimen_10,0.33013637077349883,0.5716931153248561
omitted,transfer,forward,encoder,repeat,0.5,57,specimen_57,0.36008477803224176,1.026633551961705
omitted,transfer,forward,encoder,repeat,1.0,10,specimen_10,0.3261505529666558,0.5821226591130636
omitted,transfer,forward,encoder,repeat,1.0,57,specimen_57,0.3426224373472042,1.0025211183766334
omitted,transfer,forward,encoder,single,0.25,10,specimen_10,0.33703972341922617,0.6663647305560584
omitted,transfer,forward,encoder,single,0.25,57,specimen_57,0.36438004099405735,1.0292964353941827
omitted,transfer,forward,encoder,single,0.5,10,specimen_10,0.3242331636257661,0.5977319132082726
omitted,transfer,forward,encoder,single,0.5,57,specimen_57,0.3857595647374789,1.0459013182064523
omitted,transfer,forward,encoder,single,1.0,10,specimen_10,0.3528178450770867,0.5303271897209189
omitted,transfer,forward,encoder,single,1.0,57,specimen_57,0.3438935973323309,1.0079502412882742
omitted,transfer,forward,encoder,speed,0.25,10,specimen_10,0.33225300908088684,0.6521534747726626
omitted,transfer,forward,encoder,speed,0.25,57,specimen_57,0.4357368036722526,1.063851319551495
omitted,transfer,forward,encoder,speed,0.5,10,specimen_10,0.3458896036713551,0.5498387101820054
omitted,transfer,forward,encoder,speed,0.5,57,specimen_57,0.4159244113625624,1.05942051839281
omitted,transfer,forward,encoder,speed,1.0,10,specimen_10,0.3510169214927233,0.5443509164574288
omitted,transfer,forward,encoder,speed,1.0,57,specimen_57,0.3812854041655858,1.0426486767023533
omitted,transfer,forward,encoder_wrong_support,direction,0.25,10,specimen_10,0.5229576444014524,0.8270956756427488
omitted,transfer,forward,encoder_wrong_support,direction,0.25,57,specimen_57,0.4058855473995209,0.8862307317442256
omitted,transfer,forward,encoder_wrong_support,direction,0.5,10,specimen_10,0.5685185805345193,0.846447282254933
omitted,transfer,forward,encoder_wrong_support,direction,0.5,57,specimen_57,0.47217272260250187,0.8423846713917137
omitted,transfer,forward,encoder_wrong_support,direction,1.0,10,specimen_10,0.54731556505729,0.8379631961197286
omitted,transfer,forward,encoder_wrong_support,direction,1.0,57,specimen_57,0.5109771325802192,0.8207284043248598
omitted,transfer,forward,encoder_wrong_support,load,0.25,10,specimen_10,0.6018503533724027,0.8643066969938608
omitted,transfer,forward,encoder_wrong_support,load,0.25,57,specimen_57,0.4935192129550836,0.8306312152898245
omitted,transfer,forward,encoder_wrong_support,load,0.5,10,specimen_10,0.5664475434101545,0.8505574295832695
omitted,transfer,forward,encoder_wrong_support,load,0.5,57,specimen_57,0.5737599741954069,0.7844612074378897
omitted,transfer,forward,encoder_wrong_support,load,1.0,10,specimen_10,0.5596203196507235,0.8485351838652986
omitted,transfer,forward,encoder_wrong_support,load,1.0,57,specimen_57,0.6374146495109949,0.7504805128832119
omitted,transfer,forward,encoder_wrong_support,repeat,0.25,10,specimen_10,0.47572381909076983,0.8051257472692344
omitted,transfer,forward,encoder_wrong_support,repeat,0.25,57,specimen_57,0.5763282233323807,0.785265348734194
omitted,transfer,forward,encoder_wrong_support,repeat,0.5,10,specimen_10,0.6133192384090179,0.8695145024991106
omitted,transfer,forward,encoder_wrong_support,repeat,0.5,57,specimen_57,0.6076287172543697,0.7654780952000818
omitted,transfer,forward,encoder_wrong_support,repeat,1.0,10,specimen_10,0.5473326528683686,0.8421424335878346
omitted,transfer,forward,encoder_wrong_support,repeat,1.0,57,specimen_57,0.595197910681749,0.7725299794589001
omitted,transfer,forward,encoder_wrong_support,single,0.25,10,specimen_10,0.6152048447193244,0.8728928433610658
omitted,transfer,forward,encoder_wrong_support,single,0.25,57,specimen_57,0.47629260290891695,0.8407270093442727
omitted,transfer,forward,encoder_wrong_support,single,0.5,10,specimen_10,0.6653036910753983,0.8916915259964902
omitted,transfer,forward,encoder_wrong_support,single,0.5,57,specimen_57,0.5728351882635019,0.7844120290419294
omitted,transfer,forward,encoder_wrong_support,single,1.0,10,specimen_10,0.5549449775463495,0.8484295864526131
omitted,transfer,forward,encoder_wrong_support,single,1.0,57,specimen_57,0.6704619664412279,0.7367783867976256
omitted,transfer,forward,encoder_wrong_support,speed,0.25,10,specimen_10,0.7373280059068631,0.9124256405417047
omitted,transfer,forward,encoder_wrong_support,speed,0.25,57,specimen_57,0.5082068160558358,0.8293935618662848
omitted,transfer,forward,encoder_wrong_support,speed,0.5,10,specimen_10,0.7143217031008158,0.9071004731972246
omitted,transfer,forward,encoder_wrong_support,speed,0.5,57,specimen_57,0.649149069419274,0.7495633530481474
omitted,transfer,forward,encoder_wrong_support,speed,1.0,10,specimen_10,0.6586733471888762,0.8878026621542919
omitted,transfer,forward,encoder_wrong_support,speed,1.0,57,specimen_57,0.6592484277028304,0.7460290486582789
omitted,transfer,forward,fixed_features,direction,0.25,10,specimen_10,0.30645414325069165,0.603212683326424
omitted,transfer,forward,fixed_features,direction,0.25,57,specimen_57,0.3359656772733083,0.9576353743824346
omitted,transfer,forward,fixed_features,direction,0.5,10,specimen_10,0.3069715118525044,0.6087447725043523
omitted,transfer,forward,fixed_features,direction,0.5,57,specimen_57,0.33453171455753605,0.942944454692019
omitted,transfer,forward,fixed_features,direction,1.0,10,specimen_10,0.30503082687050675,0.6086318344610061
omitted,transfer,forward,fixed_features,direction,1.0,57,specimen_57,0.3363081179019678,0.940039624701944
omitted,transfer,forward,fixed_features,load,0.25,10,specimen_10,0.3037739377200054,0.5982268654388945
omitted,transfer,forward,fixed_features,load,0.25,57,specimen_57,0.33552808289354313,0.965197156788784
omitted,transfer,forward,fixed_features,load,0.5,10,specimen_10,0.3085717896698974,0.6253951814817854
omitted,transfer,forward,fixed_features,load,0.5,57,specimen_57,0.3350494441319298,0.9667997722745416
omitted,transfer,forward,fixed_features,load,1.0,10,specimen_10,0.3089968193746992,0.6288703832065702
omitted,transfer,forward,fixed_features,load,1.0,57,specimen_57,0.3330137033528946,0.9576069157329142
omitted,transfer,forward,fixed_features,repeat,0.25,10,specimen_10,0.30173713841809324,0.571740282490744
omitted,transfer,forward,fixed_features,repeat,0.25,57,specimen_57,0.33940088774658234,0.9683339200793903
omitted,transfer,forward,fixed_features,repeat,0.5,10,specimen_10,0.3018153680935804,0.5903162706283798
omitted,transfer,forward,fixed_features,repeat,0.5,57,specimen_57,0.33973086374858136,0.974941858728402
omitted,transfer,forward,fixed_features,repeat,1.0,10,specimen_10,0.3017416595919533,0.6018916901381611
omitted,transfer,forward,fixed_features,repeat,1.0,57,specimen_57,0.33353956954435726,0.9623270801607272
omitted,transfer,forward,fixed_features,single,0.25,10,specimen_10,0.30288767125766514,0.5819123876836941
omitted,transfer,forward,fixed_features,single,0.25,57,specimen_57,0.33710244498423936,0.9614513291519677
omitted,transfer,forward,fixed_features,single,0.5,10,specimen_10,0.3032300080875979,0.6019783263935259
omitted,transfer,forward,fixed_features,single,0.5,57,specimen_57,0.3343693904580718,0.9603765362886297
omitted,transfer,forward,fixed_features,single,1.0,10,specimen_10,0.30384794009204225,0.6177817020708597
omitted,transfer,forward,fixed_features,single,1.0,57,specimen_57,0.33373627421218544,0.9549918823700266
omitted,transfer,forward,fixed_features,speed,0.25,10,specimen_10,0.3080120679668765,0.6514843680404562
omitted,transfer,forward,fixed_features,speed,0.25,57,specimen_57,0.33673715275400345,0.9750462963489943
omitted,transfer,forward,fixed_features,speed,0.5,10,specimen_10,0.30921213087332855,0.6429771183365365
omitted,transfer,forward,fixed_features,speed,0.5,57,specimen_57,0.33472655171351995,0.9703893713700656
omitted,transfer,forward,fixed_features,speed,1.0,10,specimen_10,0.3088590211720768,0.6368332150856963
omitted,transfer,forward,fixed_features,speed,1.0,57,specimen_57,0.33349501705409,0.965899445092142
omitted,transfer,forward,retrieval,direction,0.25,10,specimen_10,0.2728417953217007,0.43933040955625124
omitted,transfer,forward,retrieval,direction,0.25,57,specimen_57,0.3509583983973806,0.7130363660742134
omitted,transfer,forward,retrieval,direction,0.5,10,specimen_10,0.2728417953217007,0.43933040955625124
omitted,transfer,forward,retrieval,direction,0.5,57,specimen_57,0.3509583983973806,0.7130363660742134
omitted,transfer,forward,retrieval,direction,1.0,10,specimen_10,0.2728417953217007,0.43933040955625124
omitted,transfer,forward,retrieval,direction,1.0,57,specimen_57,0.3509583983973806,0.7130363660742134
omitted,transfer,forward,retrieval,load,0.25,10,specimen_10,0.2728417953217007,0.43933040955625124
omitted,transfer,forward,retrieval,load,0.25,57,specimen_57,0.3509583983973806,0.7130363660742134
omitted,transfer,forward,retrieval,load,0.5,10,specimen_10,0.2728417953217007,0.43933040955625124
omitted,transfer,forward,retrieval,load,0.5,57,specimen_57,0.3509583983973806,0.7130363660742134
omitted,transfer,forward,retrieval,load,1.0,10,specimen_10,0.2728417953217007,0.43933040955625124
omitted,transfer,forward,retrieval,load,1.0,57,specimen_57,0.3509583983973806,0.7130363660742134
omitted,transfer,forward,retrieval,repeat,0.25,10,specimen_10,0.2728417953217007,0.43933040955625124
omitted,transfer,forward,retrieval,repeat,0.25,57,specimen_57,0.3509583983973806,0.7130363660742134
omitted,transfer,forward,retrieval,repeat,0.5,10,specimen_10,0.2728417953217007,0.43933040955625124
omitted,transfer,forward,retrieval,repeat,0.5,57,specimen_57,0.3509583983973806,0.7130363660742134
omitted,transfer,forward,retrieval,repeat,1.0,10,specimen_10,0.2728417953217007,0.43933040955625124
omitted,transfer,forward,retrieval,repeat,1.0,57,specimen_57,0.3509583983973806,0.7130363660742134
omitted,transfer,forward,retrieval,single,0.25,10,specimen_10,0.2728417953217007,0.43933040955625124
omitted,transfer,forward,retrieval,single,0.25,57,specimen_57,0.3509583983973806,0.7130363660742134
omitted,transfer,forward,retrieval,single,0.5,10,specimen_10,0.2728417953217007,0.43933040955625124
omitted,transfer,forward,retrieval,single,0.5,57,specimen_57,0.3509583983973806,0.7130363660742134
omitted,transfer,forward,retrieval,single,1.0,10,specimen_10,0.2728417953217007,0.43933040955625124
omitted,transfer,forward,retrieval,single,1.0,57,specimen_57,0.3509583983973806,0.7130363660742134
omitted,transfer,forward,retrieval,speed,0.25,10,specimen_10,0.2728417953217007,0.43933040955625124
omitted,transfer,forward,retrieval,speed,0.25,57,specimen_57,0.3509583983973806,0.7130363660742134
omitted,transfer,forward,retrieval,speed,0.5,10,specimen_10,0.2728417953217007,0.43933040955625124
omitted,transfer,forward,retrieval,speed,0.5,57,specimen_57,0.3509583983973806,0.7130363660742134
omitted,transfer,forward,retrieval,speed,1.0,10,specimen_10,0.2728417953217007,0.43933040955625124
omitted,transfer,forward,retrieval,speed,1.0,57,specimen_57,0.3509583983973806,0.7130363660742134
omitted,transfer,forward,speed_rescaling,direction,0.25,10,specimen_10,0.6267791213453097,0.7942913695576789
omitted,transfer,forward,speed_rescaling,direction,0.25,57,specimen_57,0.6361404088344096,1.22108685681088
omitted,transfer,forward,speed_rescaling,direction,0.5,10,specimen_10,0.6087142139852578,0.8108523483003858
omitted,transfer,forward,speed_rescaling,direction,0.5,57,specimen_57,0.6366333284254874,1.2281012660816464
omitted,transfer,forward,speed_rescaling,direction,1.0,10,specimen_10,0.5911119107568343,0.8254291408295842
omitted,transfer,forward,speed_rescaling,direction,1.0,57,specimen_57,0.6193975102993411,1.2287469752906524
omitted,transfer,forward,speed_rescaling,load,0.25,10,specimen_10,0.5815610197278047,0.5173663099693504
omitted,transfer,forward,speed_rescaling,load,0.25,57,specimen_57,0.5791459395646892,1.1461976815514674
omitted,transfer,forward,speed_rescaling,load,0.5,10,specimen_10,0.5606270258302097,0.6191778141013888
omitted,transfer,forward,speed_rescaling,load,0.5,57,specimen_57,0.5699165786994652,1.1616360098243872
omitted,transfer,forward,speed_rescaling,load,1.0,10,specimen_10,0.539518792773647,0.6748657023139795
omitted,transfer,forward,speed_rescaling,load,1.0,57,specimen_57,0.5527784633327215,1.1729057397759366
omitted,transfer,forward,speed_rescaling,repeat,0.25,10,specimen_10,0.5815610197278047,0.5173663099693504
omitted,transfer,forward,speed_rescaling,repeat,0.25,57,specimen_57,0.5791459395646892,1.1461976815514674
omitted,transfer,forward,speed_rescaling,repeat,0.5,10,specimen_10,0.5606270258302097,0.6191778141013888
omitted,transfer,forward,speed_rescaling,repeat,0.5,57,specimen_57,0.5699165786994652,1.1616360098243872
omitted,transfer,forward,speed_rescaling,repeat,1.0,10,specimen_10,0.539518792773647,0.6748657023139795
omitted,transfer,forward,speed_rescaling,repeat,1.0,57,specimen_57,0.5527784633327215,1.1729057397759366
omitted,transfer,forward,speed_rescaling,single,0.25,10,specimen_10,0.5815610197278047,0.5173663099693504
omitted,transfer,forward,speed_rescaling,single,0.25,57,specimen_57,0.5791459395646892,1.1461976815514674
omitted,transfer,forward,speed_rescaling,single,0.5,10,specimen_10,0.5606270258302097,0.6191778141013888
omitted,transfer,forward,speed_rescaling,single,0.5,57,specimen_57,0.5699165786994652,1.1616360098243872
omitted,transfer,forward,speed_rescaling,single,1.0,10,specimen_10,0.539518792773647,0.6748657023139795
omitted,transfer,forward,speed_rescaling,single,1.0,57,specimen_57,0.5527784633327215,1.1729057397759366
omitted,transfer,forward,speed_rescaling,speed,0.25,10,specimen_10,0.5815610197278047,0.5173663099693504
omitted,transfer,forward,speed_rescaling,speed,0.25,57,specimen_57,0.5791459395646892,1.1461976815514674
omitted,transfer,forward,speed_rescaling,speed,0.5,10,specimen_10,0.5606270258302097,0.6191778141013888
omitted,transfer,forward,speed_rescaling,speed,0.5,57,specimen_57,0.5699165786994652,1.1616360098243872
omitted,transfer,forward,speed_rescaling,speed,1.0,10,specimen_10,0.539518792773647,0.6748657023139795
omitted,transfer,forward,speed_rescaling,speed,1.0,57,specimen_57,0.5527784633327215,1.1729057397759366
omitted,transfer,reverse,conditions_only,direction,0.25,10,specimen_10,0.351627212686262,0.6744607234503958
omitted,transfer,reverse,conditions_only,direction,0.25,57,specimen_57,0.4257309787437963,0.8725171345837205
omitted,transfer,reverse,conditions_only,direction,0.5,10,specimen_10,0.351627212686262,0.6744607234503958
omitted,transfer,reverse,conditions_only,direction,0.5,57,specimen_57,0.4257309787437963,0.8725171345837205
omitted,transfer,reverse,conditions_only,direction,1.0,10,specimen_10,0.351627212686262,0.6744607234503958
omitted,transfer,reverse,conditions_only,direction,1.0,57,specimen_57,0.4257309787437963,0.8725171345837205
omitted,transfer,reverse,conditions_only,load,0.25,10,specimen_10,0.351627212686262,0.6744607234503958
omitted,transfer,reverse,conditions_only,load,0.25,57,specimen_57,0.4257309787437963,0.8725171345837205
omitted,transfer,reverse,conditions_only,load,0.5,10,specimen_10,0.351627212686262,0.6744607234503958
omitted,transfer,reverse,conditions_only,load,0.5,57,specimen_57,0.4257309787437963,0.8725171345837205
omitted,transfer,reverse,conditions_only,load,1.0,10,specimen_10,0.351627212686262,0.6744607234503958
omitted,transfer,reverse,conditions_only,load,1.0,57,specimen_57,0.4257309787437963,0.8725171345837205
omitted,transfer,reverse,conditions_only,repeat,0.25,10,specimen_10,0.351627212686262,0.6744607234503958
omitted,transfer,reverse,conditions_only,repeat,0.25,57,specimen_57,0.4257309787437963,0.8725171345837205
omitted,transfer,reverse,conditions_only,repeat,0.5,10,specimen_10,0.351627212686262,0.6744607234503958
omitted,transfer,reverse,conditions_only,repeat,0.5,57,specimen_57,0.4257309787437963,0.8725171345837205
omitted,transfer,reverse,conditions_only,repeat,1.0,10,specimen_10,0.351627212686262,0.6744607234503958
omitted,transfer,reverse,conditions_only,repeat,1.0,57,specimen_57,0.4257309787437963,0.8725171345837205
omitted,transfer,reverse,conditions_only,single,0.25,10,specimen_10,0.351627212686262,0.6744607234503958
omitted,transfer,reverse,conditions_only,single,0.25,57,specimen_57,0.4257309787437963,0.8725171345837205
omitted,transfer,reverse,conditions_only,single,0.5,10,specimen_10,0.351627212686262,0.6744607234503958
omitted,transfer,reverse,conditions_only,single,0.5,57,specimen_57,0.4257309787437963,0.8725171345837205
omitted,transfer,reverse,conditions_only,single,1.0,10,specimen_10,0.351627212686262,0.6744607234503958
omitted,transfer,reverse,conditions_only,single,1.0,57,specimen_57,0.4257309787437963,0.8725171345837205
omitted,transfer,reverse,conditions_only,speed,0.25,10,specimen_10,0.351627212686262,0.6744607234503958
omitted,transfer,reverse,conditions_only,speed,0.25,57,specimen_57,0.4257309787437963,0.8725171345837205
omitted,transfer,reverse,conditions_only,speed,0.5,10,specimen_10,0.351627212686262,0.6744607234503958
omitted,transfer,reverse,conditions_only,speed,0.5,57,specimen_57,0.4257309787437963,0.8725171345837205
omitted,transfer,reverse,conditions_only,speed,1.0,10,specimen_10,0.351627212686262,0.6744607234503958
omitted,transfer,reverse,conditions_only,speed,1.0,57,specimen_57,0.4257309787437963,0.8725171345837205
omitted,transfer,reverse,copy,direction,0.25,10,specimen_10,0.4824091172765917,0.5688646046445246
omitted,transfer,reverse,copy,direction,0.25,57,specimen_57,0.5087391563559451,0.7396189189249305
omitted,transfer,reverse,copy,direction,0.5,10,specimen_10,0.46318377001479827,0.5316558687145013
omitted,transfer,reverse,copy,direction,0.5,57,specimen_57,0.5099316636405423,0.7396189189249305
omitted,transfer,reverse,copy,direction,1.0,10,specimen_10,0.44582481745093244,0.5122146630010832
omitted,transfer,reverse,copy,direction,1.0,57,specimen_57,0.4985936278947087,0.7396189189249305
omitted,transfer,reverse,copy,load,0.25,10,specimen_10,0.5639457991590061,0.5059514244607546
omitted,transfer,reverse,copy,load,0.25,57,specimen_57,0.5479193605814201,1.1390932171286456
omitted,transfer,reverse,copy,load,0.5,10,specimen_10,0.5404154721370307,0.5471236839224058
omitted,transfer,reverse,copy,load,0.5,57,specimen_57,0.5477428616110174,1.155633371743605
omitted,transfer,reverse,copy,load,1.0,10,specimen_10,0.5216533688122941,0.5982294606140717
omitted,transfer,reverse,copy,load,1.0,57,specimen_57,0.5449200691559715,1.1637612391441605
omitted,transfer,reverse,copy,repeat,0.25,10,specimen_10,0.5690004029358307,0.5371851395867746
omitted,transfer,reverse,copy,repeat,0.25,57,specimen_57,0.5498551028600756,1.1341739097507213
omitted,transfer,reverse,copy,repeat,0.5,10,specimen_10,0.5549548579912548,0.5859205468674888
omitted,transfer,reverse,copy,repeat,0.5,57,specimen_57,0.5581276261958787,1.152994479662141
omitted,transfer,reverse,copy,repeat,1.0,10,specimen_10,0.5386232534197684,0.637821442954487
omitted,transfer,reverse,copy,repeat,1.0,57,specimen_57,0.549437208763385,1.1651284595955864
omitted,transfer,reverse,copy,single,0.25,10,specimen_10,0.5815337994357164,0.5327618642107596
omitted,transfer,reverse,copy,single,0.25,57,specimen_57,0.5607176440272671,1.1235654167895117
omitted,transfer,reverse,copy,single,0.5,10,specimen_10,0.5687078606744776,0.5571751411797243
omitted,transfer,reverse,copy,single,0.5,57,specimen_57,0.5590037858492337,1.1467468491916182
omitted,transfer,reverse,copy,single,1.0,10,specimen_10,0.5504949608575554,0.6048479002033659
omitted,transfer,reverse,copy,single,1.0,57,specimen_57,0.5445784676348778,1.160689470509207
omitted,transfer,reverse,copy,speed,0.25,10,specimen_10,0.5331696511827219,0.6352101782858021
omitted,transfer,reverse,copy,speed,0.25,57,specimen_57,0.5461629227245177,1.1685378055583615
omitted,transfer,reverse,copy,speed,0.5,10,specimen_10,0.5284772358044623,0.664405529832034
omitted,transfer,reverse,copy,speed,0.5,57,specimen_57,0.5458006553984176,1.1853037441116685
omitted,transfer,reverse,copy,speed,1.0,10,specimen_10,0.5212433810174484,0.7085547933421613
omitted,transfer,reverse,copy,speed,1.0,57,specimen_57,0.5491019717609551,1.1944851737125117
omitted,transfer,reverse,encoder,direction,0.25,10,specimen_10,0.3190873311116145,0.5414504087471252
omitted,transfer,reverse,encoder,direction,0.25,57,specimen_57,0.4629099712922023,0.8558809235897028
omitted,transfer,reverse,encoder,direction,0.5,10,specimen_10,0.31768058985471725,0.5450235386511109
omitted,transfer,reverse,encoder,direction,0.5,57,specimen_57,0.3792928831699567,0.9146654013542342
omitted,transfer,reverse,encoder,direction,1.0,10,specimen_10,0.3151036185713915,0.584348890131746
omitted,transfer,reverse,encoder,direction,1.0,57,specimen_57,0.36900973472839743,0.9241051635250125
omitted,transfer,reverse,encoder,load,0.25,10,specimen_10,0.3373294113538204,0.5309138596675599
omitted,transfer,reverse,encoder,load,0.25,57,specimen_57,0.35796756526598567,0.939444706591436
omitted,transfer,reverse,encoder,load,0.5,10,specimen_10,0.3410900856057803,0.5005130453264086
omitted,transfer,reverse,encoder,load,0.5,57,specimen_57,0.3527722150469437,0.947065224090229
omitted,transfer,reverse,encoder,load,1.0,10,specimen_10,0.34568520329701596,0.49034878483543376
omitted,transfer,reverse,encoder,load,1.0,57,specimen_57,0.3494190050241275,0.9530105199941592
omitted,transfer,reverse,encoder,repeat,0.25,10,specimen_10,0.3233969192474316,0.5397120606363671
omitted,transfer,reverse,encoder,repeat,0.25,57,specimen_57,0.3618699952195852,0.9369206010899522
omitted,transfer,reverse,encoder,repeat,0.5,10,specimen_10,0.3287707469784296,0.5167948082825704
omitted,transfer,reverse,encoder,repeat,0.5,57,specimen_57,0.3567813033094773,0.9940929424088991
omitted,transfer,reverse,encoder,repeat,1.0,10,specimen_10,0.32312988222409517,0.5271479764341486
omitted,transfer,reverse,encoder,repeat,1.0,57,specimen_57,0.3451339023617597,0.9699805088238277
omitted,transfer,reverse,encoder,single,0.25,10,specimen_10,0.459787089855243,0.4088374514813054
omitted,transfer,reverse,encoder,single,0.25,57,specimen_57,0.5460909650875972,0.8086590507426591
omitted,transfer,reverse,encoder,single,0.5,10,specimen_10,0.42128159946356064,0.42397611012776354
omitted,transfer,reverse,encoder,single,0.5,57,specimen_57,0.3692186971505483,0.9300550247406907
omitted,transfer,reverse,encoder,single,1.0,10,specimen_10,0.33869185871802837,0.497962348942945
omitted,transfer,reverse,encoder,single,1.0,57,specimen_57,0.3818077796544784,0.9192146254210177
omitted,transfer,reverse,encoder,speed,0.25,10,specimen_10,0.32213873091416484,0.5897475083745828
omitted,transfer,reverse,encoder,speed,0.25,57,specimen_57,0.51611766180931,0.8277757736454842
omitted,transfer,reverse,encoder,speed,0.5,10,specimen_10,0.3194037167689739,0.6064128553566681
omitted,transfer,reverse,encoder,speed,0.5,57,specimen_57,0.4273577000086124,0.8846720291197991
omitted,transfer,reverse,encoder,speed,1.0,10,specimen_10,0.32508964167955595,0.6199120678441842
omitted,transfer,reverse,encoder,speed,1.0,57,specimen_57,0.3818331196522102,0.918273989144085
omitted,transfer,reverse,encoder_wrong_support,direction,0.25,10,specimen_10,0.3443887936763274,0.6578245124563781
omitted,transfer,reverse,encoder_wrong_support,direction,0.25,57,specimen_57,0.5960990473245963,0.7531258204440787
omitted,transfer,reverse,encoder_wrong_support,direction,0.5,10,specimen_10,0.41301311246859723,0.7186668247911517
omitted,transfer,reverse,encoder_wrong_support,direction,0.5,57,specimen_57,0.5860791340088233,0.7553506492872982
omitted,transfer,reverse,encoder_wrong_support,direction,1.0,10,specimen_10,0.4290913935655203,0.7287900910029075
omitted,transfer,reverse,encoder_wrong_support,direction,1.0,57,specimen_57,0.5281694936446654,0.788119524888944
omitted,transfer,reverse,encoder_wrong_support,load,0.25,10,specimen_10,0.451204532614121,0.7449735375915263
omitted,transfer,reverse,encoder_wrong_support,load,0.25,57,specimen_57,0.6004639844863843,0.7527415254306365
omitted,transfer,reverse,encoder_wrong_support,load,0.5,10,specimen_10,0.4668363080574916,0.7529632195409425
omitted,transfer,reverse,encoder_wrong_support,load,0.5,57,specimen_57,0.6515926875365086,0.7256222598614755
omitted,transfer,reverse,encoder_wrong_support,load,1.0,10,specimen_10,0.4784316875231572,0.759686404264592
omitted,transfer,reverse,encoder_wrong_support,load,1.0,57,specimen_57,0.6679562078072475,0.7166374507915182
omitted,transfer,reverse,encoder_wrong_support,repeat,0.25,10,specimen_10,0.4495402410244331,0.7418839388894299
omitted,transfer,reverse,encoder_wrong_support,repeat,0.25,57,specimen_57,0.5959727221574539,0.7554567773754192
omitted,transfer,reverse,encoder_wrong_support,repeat,0.5,10,specimen_10,0.5828189292015173,0.8043860539039457
omitted,transfer,reverse,encoder_wrong_support,repeat,0.5,57,specimen_57,0.6274866820910038,0.7370299999678368
omitted,transfer,reverse,encoder_wrong_support,repeat,1.0,10,specimen_10,0.518381587205789,0.7781127260616687
omitted,transfer,reverse,encoder_wrong_support,repeat,1.0,57,specimen_57,0.6149121125539144,0.7432850058706583
omitted,transfer,reverse,encoder_wrong_support,single,0.25,10,specimen_10,0.3282439886377408,0.6106026396093345
omitted,transfer,reverse,encoder_wrong_support,single,0.25,57,specimen_57,0.8237943358910389,0.6719542094917831
omitted,transfer,reverse,encoder_wrong_support,single,0.5,10,specimen_10,0.4288920160287466,0.7359107013474131
omitted,transfer,reverse,encoder_wrong_support,single,0.5,57,specimen_57,0.7820417498930907,0.6788131972488219
omitted,transfer,reverse,encoder_wrong_support,single,1.0,10,specimen_10,0.41019407984537953,0.7243422297326356
omitted,transfer,reverse,encoder_wrong_support,single,1.0,57,specimen_57,0.655752128515488,0.7228375001230368
omitted,transfer,reverse,encoder_wrong_support,speed,0.25,10,specimen_10,0.3312821688178258,0.6297193625121594
omitted,transfer,reverse,encoder_wrong_support,speed,0.25,57,specimen_57,0.5265471969659512,0.7953654273203207
omitted,transfer,reverse,encoder_wrong_support,speed,0.5,10,specimen_10,0.3679412819254093,0.6874897538628039
omitted,transfer,reverse,encoder_wrong_support,speed,0.5,57,specimen_57,0.5013246662341632,0.8080493915233542
omitted,transfer,reverse,encoder_wrong_support,speed,1.0,10,specimen_10,0.4118895286168807,0.7228076604340412
omitted,transfer,reverse,encoder_wrong_support,speed,1.0,57,specimen_57,0.48371661626375634,0.8194783295855421
omitted,transfer,reverse,fixed_features,direction,0.25,10,specimen_10,0.30661539057946985,0.5539636914329422
omitted,transfer,reverse,fixed_features,direction,0.25,57,specimen_57,0.3482776630321366,0.9120937721362211
omitted,transfer,reverse,fixed_features,direction,0.5,10,specimen_10,0.3015846700658471,0.5280849309228148
omitted,transfer,reverse,fixed_features,direction,0.5,57,specimen_57,0.3619380417597373,0.9135581731918384
omitted,transfer,reverse,fixed_features,direction,1.0,10,specimen_10,0.2996738791834893,0.5327503475115246
omitted,transfer,reverse,fixed_features,direction,1.0,57,specimen_57,0.3574738955828108,0.9084656584773901
omitted,transfer,reverse,fixed_features,load,0.25,10,specimen_10,0.29932489743751334,0.5256485263559393
omitted,transfer,reverse,fixed_features,load,0.25,57,specimen_57,0.33817773914614985,0.9254017798083622
omitted,transfer,reverse,fixed_features,load,0.5,10,specimen_10,0.2985551167922542,0.5517310726944911
omitted,transfer,reverse,fixed_features,load,0.5,57,specimen_57,0.3370586853866773,0.9469410331075742
omitted,transfer,reverse,fixed_features,load,1.0,10,specimen_10,0.2983580889492533,0.5615178508326191
omitted,transfer,reverse,fixed_features,load,1.0,57,specimen_57,0.33739633965653676,0.9321883476578032
omitted,transfer,reverse,fixed_features,repeat,0.25,10,specimen_10,0.298169878163336,0.5167650432491913
omitted,transfer,reverse,fixed_features,repeat,0.25,57,specimen_57,0.33962612123768693,0.9357933105265845
omitted,transfer,reverse,fixed_features,repeat,0.5,10,specimen_10,0.2966990837114586,0.5341526306171638
omitted,transfer,reverse,fixed_features,repeat,0.5,57,specimen_57,0.33977523892256895,0.9424012491755962
omitted,transfer,reverse,fixed_features,repeat,1.0,10,specimen_10,0.2967965645516419,0.5450613132645574
omitted,transfer,reverse,fixed_features,repeat,1.0,57,specimen_57,0.33779344563149655,0.9297864706079214
omitted,transfer,reverse,fixed_features,single,0.25,10,specimen_10,0.2990091727225803,0.5498894056695357
omitted,transfer,reverse,fixed_features,single,0.25,57,specimen_57,0.3361953692420858,0.9302461767113935
omitted,transfer,reverse,fixed_features,single,0.5,10,specimen_10,0.29779158091209373,0.5412857969305896
omitted,transfer,reverse,fixed_features,single,0.5,57,specimen_57,0.3378172766595826,0.9314423956352076
omitted,transfer,reverse,fixed_features,single,1.0,10,specimen_10,0.29710200662697495,0.5368637637268836
omitted,transfer,reverse,fixed_features,single,1.0,57,specimen_57,0.3389635024590877,0.9252580328632222
omitted,transfer,reverse,fixed_features,speed,0.25,10,specimen_10,0.31967504251928613,0.5999096645474149
omitted,transfer,reverse,fixed_features,speed,0.25,57,specimen_57,0.33674034617643633,0.9377509219058825
omitted,transfer,reverse,fixed_features,speed,0.5,10,specimen_10,0.30766325099923797,0.5860073715887701
omitted,transfer,reverse,fixed_features,speed,0.5,57,specimen_57,0.3370683966700592,0.9491044978618215
omitted,transfer,reverse,fixed_features,speed,1.0,10,specimen_10,0.2999893612263986,0.5676267991825937
omitted,transfer,reverse,fixed_features,speed,1.0,57,specimen_57,0.3366734885324221,0.9390003872619391
omitted,transfer,reverse,retrieval,direction,0.25,10,specimen_10,0.2617088028684854,0.38540960535910845
omitted,transfer,reverse,retrieval,direction,0.25,57,specimen_57,0.3561673878373289,0.6854861678237938
omitted,transfer,reverse,retrieval,direction,0.5,10,specimen_10,0.2617088028684854,0.38540960535910845
omitted,transfer,reverse,retrieval,direction,0.5,57,specimen_57,0.3561673878373289,0.6854861678237938
omitted,transfer,reverse,retrieval,direction,1.0,10,specimen_10,0.2617088028684854,0.38540960535910845
omitted,transfer,reverse,retrieval,direction,1.0,57,specimen_57,0.3561673878373289,0.6854861678237938
omitted,transfer,reverse,retrieval,load,0.25,10,specimen_10,0.49137744368851083,0.6172931725393341
omitted,transfer,reverse,retrieval,load,0.25,57,specimen_57,0.3561673878373289,0.6854861678237938
omitted,transfer,reverse,retrieval,load,0.5,10,specimen_10,0.2617088028684854,0.38540960535910845
omitted,transfer,reverse,retrieval,load,0.5,57,specimen_57,0.3561673878373289,0.6854861678237938
omitted,transfer,reverse,retrieval,load,1.0,10,specimen_10,0.2617088028684854,0.38540960535910845
omitted,transfer,reverse,retrieval,load,1.0,57,specimen_57,0.3561673878373289,0.6854861678237938
omitted,transfer,reverse,retrieval,repeat,0.25,10,specimen_10,0.2617088028684854,0.38540960535910845
omitted,transfer,reverse,retrieval,repeat,0.25,57,specimen_57,0.3561673878373289,0.6854861678237938
omitted,transfer,reverse,retrieval,repeat,0.5,10,specimen_10,0.2617088028684854,0.38540960535910845
omitted,transfer,reverse,retrieval,repeat,0.5,57,specimen_57,0.3561673878373289,0.6854861678237938
omitted,transfer,reverse,retrieval,repeat,1.0,10,specimen_10,0.2617088028684854,0.38540960535910845
omitted,transfer,reverse,retrieval,repeat,1.0,57,specimen_57,0.3561673878373289,0.6854861678237938
omitted,transfer,reverse,retrieval,single,0.25,10,specimen_10,0.2617088028684854,0.38540960535910845
omitted,transfer,reverse,retrieval,single,0.25,57,specimen_57,0.3561673878373289,0.6854861678237938
omitted,transfer,reverse,retrieval,single,0.5,10,specimen_10,0.2617088028684854,0.38540960535910845
omitted,transfer,reverse,retrieval,single,0.5,57,specimen_57,0.3561673878373289,0.6854861678237938
omitted,transfer,reverse,retrieval,single,1.0,10,specimen_10,0.2617088028684854,0.38540960535910845
omitted,transfer,reverse,retrieval,single,1.0,57,specimen_57,0.3561673878373289,0.6854861678237938
omitted,transfer,reverse,retrieval,speed,0.25,10,specimen_10,0.2617088028684854,0.38540960535910845
omitted,transfer,reverse,retrieval,speed,0.25,57,specimen_57,0.3561673878373289,0.6854861678237938
omitted,transfer,reverse,retrieval,speed,0.5,10,specimen_10,0.2617088028684854,0.38540960535910845
omitted,transfer,reverse,retrieval,speed,0.5,57,specimen_57,0.3561673878373289,0.6854861678237938
omitted,transfer,reverse,retrieval,speed,1.0,10,specimen_10,0.2617088028684854,0.38540960535910845
omitted,transfer,reverse,retrieval,speed,1.0,57,specimen_57,0.3561673878373289,0.6854861678237938
omitted,transfer,reverse,speed_rescaling,direction,0.25,10,specimen_10,0.6315329033843978,0.7775727011527228
omitted,transfer,reverse,speed_rescaling,direction,0.25,57,specimen_57,0.6332145064938449,1.1866774260138822
omitted,transfer,reverse,speed_rescaling,direction,0.5,10,specimen_10,0.6136223639191711,0.7493021461200124
omitted,transfer,reverse,speed_rescaling,direction,0.5,57,specimen_57,0.6408082200405679,1.2024688025602013
omitted,transfer,reverse,speed_rescaling,direction,1.0,10,specimen_10,0.5998760308139298,0.7599641505267596
omitted,transfer,reverse,speed_rescaling,direction,1.0,57,specimen_57,0.6233039225045626,1.2059609766261947
omitted,transfer,reverse,speed_rescaling,load,0.25,10,specimen_10,0.6025372814909663,0.47036131266507863
omitted,transfer,reverse,speed_rescaling,load,0.25,57,specimen_57,0.5667015721838884,1.089420840117288
omitted,transfer,reverse,speed_rescaling,load,0.5,10,specimen_10,0.5859918244271256,0.4934802219512765
omitted,transfer,reverse,speed_rescaling,load,0.5,57,specimen_57,0.5563098667281949,1.1144920680457717
omitted,transfer,reverse,speed_rescaling,load,1.0,10,specimen_10,0.5674285318734769,0.5403785462040517
omitted,transfer,reverse,speed_rescaling,load,1.0,57,specimen_57,0.5375592373476181,1.130061056386679
omitted,transfer,reverse,speed_rescaling,repeat,0.25,10,specimen_10,0.5946257194338103,0.47884311145299796
omitted,transfer,reverse,speed_rescaling,repeat,0.25,57,specimen_57,0.5783001597331798,1.1136570719986616
omitted,transfer,reverse,speed_rescaling,repeat,0.5,10,specimen_10,0.5705639679361263,0.5600699334664493
omitted,transfer,reverse,speed_rescaling,repeat,0.5,57,specimen_57,0.5680755287535175,1.1290954002715816
omitted,transfer,reverse,speed_rescaling,repeat,1.0,10,specimen_10,0.5467651575913636,0.6142586403673547
omitted,transfer,reverse,speed_rescaling,repeat,1.0,57,specimen_57,0.5516445627116239,1.1403651302231308
omitted,transfer,reverse,speed_rescaling,single,0.25,10,specimen_10,0.6025372814909663,0.47036131266507863
omitted,transfer,reverse,speed_rescaling,single,0.25,57,specimen_57,0.5667015721838884,1.089420840117288
omitted,transfer,reverse,speed_rescaling,single,0.5,10,specimen_10,0.5859918244271256,0.4934802219512765
omitted,transfer,reverse,speed_rescaling,single,0.5,57,specimen_57,0.5563098667281949,1.1144920680457717
omitted,transfer,reverse,speed_rescaling,single,1.0,10,specimen_10,0.5674285318734769,0.5403785462040517
omitted,transfer,reverse,speed_rescaling,single,1.0,57,specimen_57,0.5375592373476181,1.130061056386679
omitted,transfer,reverse,speed_rescaling,speed,0.25,10,specimen_10,0.6025372814909663,0.47036131266507863
omitted,transfer,reverse,speed_rescaling,speed,0.25,57,specimen_57,0.5667015721838884,1.089420840117288
omitted,transfer,reverse,speed_rescaling,speed,0.5,10,specimen_10,0.5859918244271256,0.4934802219512765
omitted,transfer,reverse,speed_rescaling,speed,0.5,57,specimen_57,0.5563098667281949,1.1144920680457717
omitted,transfer,reverse,speed_rescaling,speed,1.0,10,specimen_10,0.5674285318734769,0.5403785462040517
omitted,transfer,reverse,speed_rescaling,speed,1.0,57,specimen_57,0.5375592373476181,1.130061056386679
