experiment,evaluation_partition,orientation,model,protocol,duration_s,surface_id,family_group,query_speed_mm_s,query_direction_deg,query_nominal_force_N,log_power_mae,modeled_band_total_rms_error
expanded,selection,forward,conditions_only,direction,0.25,10,specimen_10,30,0,0.5,0.23137332623426676,0.1812527588156252
expanded,selection,forward,conditions_only,direction,0.25,10,specimen_10,40,45,1.0,0.2043872123478014,0.33162839944057754
expanded,selection,forward,conditions_only,direction,0.25,10,specimen_10,50,0,0.5,0.34688648616550116,0.5487551112729441
expanded,selection,forward,conditions_only,direction,0.25,10,specimen_10,60,90,1.0,0.25052477551912794,0.5084147945713671
expanded,selection,forward,conditions_only,direction,0.25,57,specimen_57,30,0,0.5,0.48492659104224795,0.17917697460479484
expanded,selection,forward,conditions_only,direction,0.25,57,specimen_57,40,45,1.0,0.36823345613353103,0.09563421344069634
expanded,selection,forward,conditions_only,direction,0.25,57,specimen_57,50,0,0.5,0.43978794326405496,0.1980375997697678
expanded,selection,forward,conditions_only,direction,0.25,57,specimen_57,60,90,1.0,0.2539262090226468,0.4557826610150142
expanded,selection,forward,conditions_only,direction,0.5,10,specimen_10,30,0,0.5,0.23137332623426676,0.1812527588156252
expanded,selection,forward,conditions_only,direction,0.5,10,specimen_10,40,45,1.0,0.2043872123478014,0.33162839944057754
expanded,selection,forward,conditions_only,direction,0.5,10,specimen_10,50,0,0.5,0.34688648616550116,0.5487551112729441
expanded,selection,forward,conditions_only,direction,0.5,10,specimen_10,60,90,1.0,0.25052477551912794,0.5084147945713671
expanded,selection,forward,conditions_only,direction,0.5,57,specimen_57,30,0,0.5,0.48492659104224795,0.17917697460479484
expanded,selection,forward,conditions_only,direction,0.5,57,specimen_57,40,45,1.0,0.36823345613353103,0.09563421344069634
expanded,selection,forward,conditions_only,direction,0.5,57,specimen_57,50,0,0.5,0.43978794326405496,0.1980375997697678
expanded,selection,forward,conditions_only,direction,0.5,57,specimen_57,60,90,1.0,0.2539262090226468,0.4557826610150142
expanded,selection,forward,conditions_only,direction,1.0,10,specimen_10,30,0,0.5,0.23137332623426676,0.1812527588156252
expanded,selection,forward,conditions_only,direction,1.0,10,specimen_10,40,45,1.0,0.2043872123478014,0.33162839944057754
expanded,selection,forward,conditions_only,direction,1.0,10,specimen_10,50,0,0.5,0.34688648616550116,0.5487551112729441
expanded,selection,forward,conditions_only,direction,1.0,10,specimen_10,60,90,1.0,0.25052477551912794,0.5084147945713671
expanded,selection,forward,conditions_only,direction,1.0,57,specimen_57,30,0,0.5,0.48492659104224795,0.17917697460479484
expanded,selection,forward,conditions_only,direction,1.0,57,specimen_57,40,45,1.0,0.36823345613353103,0.09563421344069634
expanded,selection,forward,conditions_only,direction,1.0,57,specimen_57,50,0,0.5,0.43978794326405496,0.1980375997697678
expanded,selection,forward,conditions_only,direction,1.0,57,specimen_57,60,90,1.0,0.2539262090226468,0.4557826610150142
expanded,selection,forward,conditions_only,load,0.25,10,specimen_10,30,0,0.5,0.23137332623426676,0.1812527588156252
expanded,selection,forward,conditions_only,load,0.25,10,specimen_10,40,45,1.0,0.2043872123478014,0.33162839944057754
expanded,selection,forward,conditions_only,load,0.25,10,specimen_10,50,0,0.5,0.34688648616550116,0.5487551112729441
expanded,selection,forward,conditions_only,load,0.25,10,specimen_10,60,90,1.0,0.25052477551912794,0.5084147945713671
expanded,selection,forward,conditions_only,load,0.25,57,specimen_57,30,0,0.5,0.48492659104224795,0.17917697460479484
expanded,selection,forward,conditions_only,load,0.25,57,specimen_57,40,45,1.0,0.36823345613353103,0.09563421344069634
expanded,selection,forward,conditions_only,load,0.25,57,specimen_57,50,0,0.5,0.43978794326405496,0.1980375997697678
expanded,selection,forward,conditions_only,load,0.25,57,specimen_57,60,90,1.0,0.2539262090226468,0.4557826610150142
expanded,selection,forward,conditions_only,load,0.5,10,specimen_10,30,0,0.5,0.23137332623426676,0.1812527588156252
expanded,selection,forward,conditions_only,load,0.5,10,specimen_10,40,45,1.0,0.2043872123478014,0.33162839944057754
expanded,selection,forward,conditions_only,load,0.5,10,specimen_10,50,0,0.5,0.34688648616550116,0.5487551112729441
expanded,selection,forward,conditions_only,load,0.5,10,specimen_10,60,90,1.0,0.25052477551912794,0.5084147945713671
expanded,selection,forward,conditions_only,load,0.5,57,specimen_57,30,0,0.5,0.48492659104224795,0.17917697460479484
expanded,selection,forward,conditions_only,load,0.5,57,specimen_57,40,45,1.0,0.36823345613353103,0.09563421344069634
expanded,selection,forward,conditions_only,load,0.5,57,specimen_57,50,0,0.5,0.43978794326405496,0.1980375997697678
expanded,selection,forward,conditions_only,load,0.5,57,specimen_57,60,90,1.0,0.2539262090226468,0.4557826610150142
expanded,selection,forward,conditions_only,load,1.0,10,specimen_10,30,0,0.5,0.23137332623426676,0.1812527588156252
expanded,selection,forward,conditions_only,load,1.0,10,specimen_10,40,45,1.0,0.2043872123478014,0.33162839944057754
expanded,selection,forward,conditions_only,load,1.0,10,specimen_10,50,0,0.5,0.34688648616550116,0.5487551112729441
expanded,selection,forward,conditions_only,load,1.0,10,specimen_10,60,90,1.0,0.25052477551912794,0.5084147945713671
expanded,selection,forward,conditions_only,load,1.0,57,specimen_57,30,0,0.5,0.48492659104224795,0.17917697460479484
expanded,selection,forward,conditions_only,load,1.0,57,specimen_57,40,45,1.0,0.36823345613353103,0.09563421344069634
expanded,selection,forward,conditions_only,load,1.0,57,specimen_57,50,0,0.5,0.43978794326405496,0.1980375997697678
expanded,selection,forward,conditions_only,load,1.0,57,specimen_57,60,90,1.0,0.2539262090226468,0.4557826610150142
expanded,selection,forward,conditions_only,repeat,0.25,10,specimen_10,30,0,0.5,0.23137332623426676,0.1812527588156252
expanded,selection,forward,conditions_only,repeat,0.25,10,specimen_10,40,45,1.0,0.2043872123478014,0.33162839944057754
expanded,selection,forward,conditions_only,repeat,0.25,10,specimen_10,50,0,0.5,0.34688648616550116,0.5487551112729441
expanded,selection,forward,conditions_only,repeat,0.25,10,specimen_10,60,90,1.0,0.25052477551912794,0.5084147945713671
expanded,selection,forward,conditions_only,repeat,0.25,57,specimen_57,30,0,0.5,0.48492659104224795,0.17917697460479484
expanded,selection,forward,conditions_only,repeat,0.25,57,specimen_57,40,45,1.0,0.36823345613353103,0.09563421344069634
expanded,selection,forward,conditions_only,repeat,0.25,57,specimen_57,50,0,0.5,0.43978794326405496,0.1980375997697678
expanded,selection,forward,conditions_only,repeat,0.25,57,specimen_57,60,90,1.0,0.2539262090226468,0.4557826610150142
expanded,selection,forward,conditions_only,repeat,0.5,10,specimen_10,30,0,0.5,0.23137332623426676,0.1812527588156252
expanded,selection,forward,conditions_only,repeat,0.5,10,specimen_10,40,45,1.0,0.2043872123478014,0.33162839944057754
expanded,selection,forward,conditions_only,repeat,0.5,10,specimen_10,50,0,0.5,0.34688648616550116,0.5487551112729441
expanded,selection,forward,conditions_only,repeat,0.5,10,specimen_10,60,90,1.0,0.25052477551912794,0.5084147945713671
expanded,selection,forward,conditions_only,repeat,0.5,57,specimen_57,30,0,0.5,0.48492659104224795,0.17917697460479484
expanded,selection,forward,conditions_only,repeat,0.5,57,specimen_57,40,45,1.0,0.36823345613353103,0.09563421344069634
expanded,selection,forward,conditions_only,repeat,0.5,57,specimen_57,50,0,0.5,0.43978794326405496,0.1980375997697678
expanded,selection,forward,conditions_only,repeat,0.5,57,specimen_57,60,90,1.0,0.2539262090226468,0.4557826610150142
expanded,selection,forward,conditions_only,repeat,1.0,10,specimen_10,30,0,0.5,0.23137332623426676,0.1812527588156252
expanded,selection,forward,conditions_only,repeat,1.0,10,specimen_10,40,45,1.0,0.2043872123478014,0.33162839944057754
expanded,selection,forward,conditions_only,repeat,1.0,10,specimen_10,50,0,0.5,0.34688648616550116,0.5487551112729441
expanded,selection,forward,conditions_only,repeat,1.0,10,specimen_10,60,90,1.0,0.25052477551912794,0.5084147945713671
expanded,selection,forward,conditions_only,repeat,1.0,57,specimen_57,30,0,0.5,0.48492659104224795,0.17917697460479484
expanded,selection,forward,conditions_only,repeat,1.0,57,specimen_57,40,45,1.0,0.36823345613353103,0.09563421344069634
expanded,selection,forward,conditions_only,repeat,1.0,57,specimen_57,50,0,0.5,0.43978794326405496,0.1980375997697678
expanded,selection,forward,conditions_only,repeat,1.0,57,specimen_57,60,90,1.0,0.2539262090226468,0.4557826610150142
expanded,selection,forward,conditions_only,single,0.25,10,specimen_10,30,0,0.5,0.23137332623426676,0.1812527588156252
expanded,selection,forward,conditions_only,single,0.25,10,specimen_10,40,45,1.0,0.2043872123478014,0.33162839944057754
expanded,selection,forward,conditions_only,single,0.25,10,specimen_10,50,0,0.5,0.34688648616550116,0.5487551112729441
expanded,selection,forward,conditions_only,single,0.25,10,specimen_10,60,90,1.0,0.25052477551912794,0.5084147945713671
expanded,selection,forward,conditions_only,single,0.25,57,specimen_57,30,0,0.5,0.48492659104224795,0.17917697460479484
expanded,selection,forward,conditions_only,single,0.25,57,specimen_57,40,45,1.0,0.36823345613353103,0.09563421344069634
expanded,selection,forward,conditions_only,single,0.25,57,specimen_57,50,0,0.5,0.43978794326405496,0.1980375997697678
expanded,selection,forward,conditions_only,single,0.25,57,specimen_57,60,90,1.0,0.2539262090226468,0.4557826610150142
expanded,selection,forward,conditions_only,single,0.5,10,specimen_10,30,0,0.5,0.23137332623426676,0.1812527588156252
expanded,selection,forward,conditions_only,single,0.5,10,specimen_10,40,45,1.0,0.2043872123478014,0.33162839944057754
expanded,selection,forward,conditions_only,single,0.5,10,specimen_10,50,0,0.5,0.34688648616550116,0.5487551112729441
expanded,selection,forward,conditions_only,single,0.5,10,specimen_10,60,90,1.0,0.25052477551912794,0.5084147945713671
expanded,selection,forward,conditions_only,single,0.5,57,specimen_57,30,0,0.5,0.48492659104224795,0.17917697460479484
expanded,selection,forward,conditions_only,single,0.5,57,specimen_57,40,45,1.0,0.36823345613353103,0.09563421344069634
expanded,selection,forward,conditions_only,single,0.5,57,specimen_57,50,0,0.5,0.43978794326405496,0.1980375997697678
expanded,selection,forward,conditions_only,single,0.5,57,specimen_57,60,90,1.0,0.2539262090226468,0.4557826610150142
expanded,selection,forward,conditions_only,single,1.0,10,specimen_10,30,0,0.5,0.23137332623426676,0.1812527588156252
expanded,selection,forward,conditions_only,single,1.0,10,specimen_10,40,45,1.0,0.2043872123478014,0.33162839944057754
expanded,selection,forward,conditions_only,single,1.0,10,specimen_10,50,0,0.5,0.34688648616550116,0.5487551112729441
expanded,selection,forward,conditions_only,single,1.0,10,specimen_10,60,90,1.0,0.25052477551912794,0.5084147945713671
expanded,selection,forward,conditions_only,single,1.0,57,specimen_57,30,0,0.5,0.48492659104224795,0.17917697460479484
expanded,selection,forward,conditions_only,single,1.0,57,specimen_57,40,45,1.0,0.36823345613353103,0.09563421344069634
expanded,selection,forward,conditions_only,single,1.0,57,specimen_57,50,0,0.5,0.43978794326405496,0.1980375997697678
expanded,selection,forward,conditions_only,single,1.0,57,specimen_57,60,90,1.0,0.2539262090226468,0.4557826610150142
expanded,selection,forward,conditions_only,speed,0.25,10,specimen_10,30,0,0.5,0.23137332623426676,0.1812527588156252
expanded,selection,forward,conditions_only,speed,0.25,10,specimen_10,40,45,1.0,0.2043872123478014,0.33162839944057754
expanded,selection,forward,conditions_only,speed,0.25,10,specimen_10,50,0,0.5,0.34688648616550116,0.5487551112729441
expanded,selection,forward,conditions_only,speed,0.25,10,specimen_10,60,90,1.0,0.25052477551912794,0.5084147945713671
expanded,selection,forward,conditions_only,speed,0.25,57,specimen_57,30,0,0.5,0.48492659104224795,0.17917697460479484
expanded,selection,forward,conditions_only,speed,0.25,57,specimen_57,40,45,1.0,0.36823345613353103,0.09563421344069634
expanded,selection,forward,conditions_only,speed,0.25,57,specimen_57,50,0,0.5,0.43978794326405496,0.1980375997697678
expanded,selection,forward,conditions_only,speed,0.25,57,specimen_57,60,90,1.0,0.2539262090226468,0.4557826610150142
expanded,selection,forward,conditions_only,speed,0.5,10,specimen_10,30,0,0.5,0.23137332623426676,0.1812527588156252
expanded,selection,forward,conditions_only,speed,0.5,10,specimen_10,40,45,1.0,0.2043872123478014,0.33162839944057754
expanded,selection,forward,conditions_only,speed,0.5,10,specimen_10,50,0,0.5,0.34688648616550116,0.5487551112729441
expanded,selection,forward,conditions_only,speed,0.5,10,specimen_10,60,90,1.0,0.25052477551912794,0.5084147945713671
expanded,selection,forward,conditions_only,speed,0.5,57,specimen_57,30,0,0.5,0.48492659104224795,0.17917697460479484
expanded,selection,forward,conditions_only,speed,0.5,57,specimen_57,40,45,1.0,0.36823345613353103,0.09563421344069634
expanded,selection,forward,conditions_only,speed,0.5,57,specimen_57,50,0,0.5,0.43978794326405496,0.1980375997697678
expanded,selection,forward,conditions_only,speed,0.5,57,specimen_57,60,90,1.0,0.2539262090226468,0.4557826610150142
expanded,selection,forward,conditions_only,speed,1.0,10,specimen_10,30,0,0.5,0.23137332623426676,0.1812527588156252
expanded,selection,forward,conditions_only,speed,1.0,10,specimen_10,40,45,1.0,0.2043872123478014,0.33162839944057754
expanded,selection,forward,conditions_only,speed,1.0,10,specimen_10,50,0,0.5,0.34688648616550116,0.5487551112729441
expanded,selection,forward,conditions_only,speed,1.0,10,specimen_10,60,90,1.0,0.25052477551912794,0.5084147945713671
expanded,selection,forward,conditions_only,speed,1.0,57,specimen_57,30,0,0.5,0.48492659104224795,0.17917697460479484
expanded,selection,forward,conditions_only,speed,1.0,57,specimen_57,40,45,1.0,0.36823345613353103,0.09563421344069634
expanded,selection,forward,conditions_only,speed,1.0,57,specimen_57,50,0,0.5,0.43978794326405496,0.1980375997697678
expanded,selection,forward,conditions_only,speed,1.0,57,specimen_57,60,90,1.0,0.2539262090226468,0.4557826610150142
expanded,selection,forward,copy,direction,0.25,10,specimen_10,30,0,0.5,0.5523683431807772,1.1394220895147442
expanded,selection,forward,copy,direction,0.25,10,specimen_10,40,45,1.0,0.2904311500884676,0.5971146264801546
expanded,selection,forward,copy,direction,0.25,10,specimen_10,50,0,0.5,0.557027500304983,0.6805846079507181
expanded,selection,forward,copy,direction,0.25,10,specimen_10,60,90,1.0,0.45116332225884853,0.2918364065758243
expanded,selection,forward,copy,direction,0.25,57,specimen_57,30,0,0.5,0.7594545796210891,1.24223749765267
expanded,selection,forward,copy,direction,0.25,57,specimen_57,40,45,1.0,0.41566722428703,0.5754944871975417
expanded,selection,forward,copy,direction,0.25,57,specimen_57,50,0,0.5,0.6626905415941681,0.7736877941714002
expanded,selection,forward,copy,direction,0.25,57,specimen_57,60,90,1.0,0.48592511336336847,0.4968185983019655
expanded,selection,forward,copy,direction,0.5,10,specimen_10,30,0,0.5,0.5051279067843905,1.0117841793051756
expanded,selection,forward,copy,direction,0.5,10,specimen_10,40,45,1.0,0.261159620769188,0.46947671627058596
expanded,selection,forward,copy,direction,0.5,10,specimen_10,50,0,0.5,0.552085343599312,0.5529466977411495
expanded,selection,forward,copy,direction,0.5,10,specimen_10,60,90,1.0,0.4572623784929615,0.41947431678539293
expanded,selection,forward,copy,direction,0.5,57,specimen_57,30,0,0.5,0.7613236134546945,1.2278857082312398
expanded,selection,forward,copy,direction,0.5,57,specimen_57,40,45,1.0,0.42170320078883466,0.5611426977761115
expanded,selection,forward,copy,direction,0.5,57,specimen_57,50,0,0.5,0.6624577705734424,0.75933600474997
expanded,selection,forward,copy,direction,0.5,57,specimen_57,60,90,1.0,0.4660517954724903,0.5111703877233957
expanded,selection,forward,copy,direction,1.0,10,specimen_10,30,0,0.5,0.4929788246168865,0.9526196895757918
expanded,selection,forward,copy,direction,1.0,10,specimen_10,40,45,1.0,0.25521914114435146,0.41031222654120225
expanded,selection,forward,copy,direction,1.0,10,specimen_10,50,0,0.5,0.5554998502894919,0.49378220801176576
expanded,selection,forward,copy,direction,1.0,10,specimen_10,60,90,1.0,0.47237238502977935,0.47863880651477664
expanded,selection,forward,copy,direction,1.0,57,specimen_57,30,0,0.5,0.7404403550816289,1.2063554770791909
expanded,selection,forward,copy,direction,1.0,57,specimen_57,40,45,1.0,0.41171002834935394,0.5396124666240626
expanded,selection,forward,copy,direction,1.0,57,specimen_57,50,0,0.5,0.634227666462159,0.7378057735979211
expanded,selection,forward,copy,direction,1.0,57,specimen_57,60,90,1.0,0.47380360331713955,0.5327006188754446
expanded,selection,forward,copy,load,0.25,10,specimen_10,30,0,0.5,0.2864569554764463,0.25023865825669855
expanded,selection,forward,copy,load,0.25,10,specimen_10,40,45,1.0,0.450496871306363,0.292068804777891
expanded,selection,forward,copy,load,0.25,10,specimen_10,50,0,0.5,0.23878336009918186,0.20859882330732749
expanded,selection,forward,copy,load,0.25,10,specimen_10,60,90,1.0,0.7062318663095454,1.1810198378338699
expanded,selection,forward,copy,load,0.25,57,specimen_57,30,0,0.5,0.23628662905758616,0.08931647501880371
expanded,selection,forward,copy,load,0.25,57,specimen_57,40,45,1.0,0.5257816911081107,0.5774265354363246
expanded,selection,forward,copy,load,0.25,57,specimen_57,50,0,0.5,0.31308241423456074,0.37923322846246615
expanded,selection,forward,copy,load,0.25,57,specimen_57,60,90,1.0,0.928234388290237,1.649739620935832
expanded,selection,forward,copy,load,0.5,10,specimen_10,30,0,0.5,0.23344362776244312,0.16084322164156062
expanded,selection,forward,copy,load,0.5,10,specimen_10,40,45,1.0,0.4192558945023174,0.3814642413930289
expanded,selection,forward,copy,load,0.5,10,specimen_10,50,0,0.5,0.21741609170353704,0.2979942599224654
expanded,selection,forward,copy,load,0.5,10,specimen_10,60,90,1.0,0.6935388531908878,1.2704152744490078
expanded,selection,forward,copy,load,0.5,57,specimen_57,30,0,0.5,0.21159108620611536,0.06616867313379035
expanded,selection,forward,copy,load,0.5,57,specimen_57,40,45,1.0,0.5230867855270841,0.600574337321338
expanded,selection,forward,copy,load,0.5,57,specimen_57,50,0,0.5,0.2935491795517137,0.4023810303474795
expanded,selection,forward,copy,load,0.5,57,specimen_57,60,90,1.0,0.9465014899606629,1.6728874228208452
expanded,selection,forward,copy,load,1.0,10,specimen_10,30,0,0.5,0.19300398704327995,0.09754670528736464
expanded,selection,forward,copy,load,1.0,10,specimen_10,40,45,1.0,0.404402380928311,0.4447607577472249
expanded,selection,forward,copy,load,1.0,10,specimen_10,50,0,0.5,0.22634027882217198,0.3612907762766614
expanded,selection,forward,copy,load,1.0,10,specimen_10,60,90,1.0,0.6846532307750045,1.333711790803204
expanded,selection,forward,copy,load,1.0,57,specimen_57,30,0,0.5,0.2043404824187792,0.04767307371657423
expanded,selection,forward,copy,load,1.0,57,specimen_57,40,45,1.0,0.5225765116019242,0.6190699367385541
expanded,selection,forward,copy,load,1.0,57,specimen_57,50,0,0.5,0.2843151278492758,0.42087662976469564
expanded,selection,forward,copy,load,1.0,57,specimen_57,60,90,1.0,0.962021952123929,1.6913830222380613
expanded,selection,forward,copy,repeat,0.25,10,specimen_10,30,0,0.5,0.2604439463675386,0.24197750992439815
expanded,selection,forward,copy,repeat,0.25,10,specimen_10,40,45,1.0,0.4663366365252894,0.3003299531101914
expanded,selection,forward,copy,repeat,0.25,10,specimen_10,50,0,0.5,0.23019082171137775,0.2168599716396279
expanded,selection,forward,copy,repeat,0.25,10,specimen_10,60,90,1.0,0.7429633225060478,1.1892809861661702
expanded,selection,forward,copy,repeat,0.25,57,specimen_57,30,0,0.5,0.2147879868708152,0.0920069025358777
expanded,selection,forward,copy,repeat,0.25,57,specimen_57,40,45,1.0,0.5231218685723295,0.5747361079192507
expanded,selection,forward,copy,repeat,0.25,57,specimen_57,50,0,0.5,0.304067114077667,0.37654280094539216
expanded,selection,forward,copy,repeat,0.25,57,specimen_57,60,90,1.0,0.9323387850360833,1.6470491934187579
expanded,selection,forward,copy,repeat,0.5,10,specimen_10,30,0,0.5,0.2123492668765631,0.15646360292921213
expanded,selection,forward,copy,repeat,0.5,10,specimen_10,40,45,1.0,0.45426312520299933,0.3858438601053774
expanded,selection,forward,copy,repeat,0.5,10,specimen_10,50,0,0.5,0.2005452667442643,0.3023738786348139
expanded,selection,forward,copy,repeat,0.5,10,specimen_10,60,90,1.0,0.735823646544155,1.2747948931613564
expanded,selection,forward,copy,repeat,0.5,57,specimen_57,30,0,0.5,0.1921488828421866,0.06976441082238186
expanded,selection,forward,copy,repeat,0.5,57,specimen_57,40,45,1.0,0.5364633350431672,0.5969785996327466
expanded,selection,forward,copy,repeat,0.5,57,specimen_57,50,0,0.5,0.29234807648016364,0.398785292658888
expanded,selection,forward,copy,repeat,0.5,57,specimen_57,60,90,1.0,0.9610348845972899,1.6692916851322537
expanded,selection,forward,copy,repeat,1.0,10,specimen_10,30,0,0.5,0.1745076188696505,0.08541778350375029
expanded,selection,forward,copy,repeat,1.0,10,specimen_10,40,45,1.0,0.44075397780145503,0.45688967953083925
expanded,selection,forward,copy,repeat,1.0,10,specimen_10,50,0,0.5,0.21140426375220467,0.37341969806027575
expanded,selection,forward,copy,repeat,1.0,10,specimen_10,60,90,1.0,0.7313909875047436,1.3458407125868181
expanded,selection,forward,copy,repeat,1.0,57,specimen_57,30,0,0.5,0.19169015025883782,0.05542425271921894
expanded,selection,forward,copy,repeat,1.0,57,specimen_57,40,45,1.0,0.5316992771177164,0.6113187577359094
expanded,selection,forward,copy,repeat,1.0,57,specimen_57,50,0,0.5,0.2829759845019157,0.4131254507620509
expanded,selection,forward,copy,repeat,1.0,57,specimen_57,60,90,1.0,0.9588876140464458,1.6836318432354167
expanded,selection,forward,copy,single,0.25,10,specimen_10,30,0,0.5,0.2500444098243778,0.2336805149278931
expanded,selection,forward,copy,single,0.25,10,specimen_10,40,45,1.0,0.4738397658122482,0.30862694810669644
expanded,selection,forward,copy,single,0.25,10,specimen_10,50,0,0.5,0.2541971663393722,0.22515696663613294
expanded,selection,forward,copy,single,0.25,10,specimen_10,60,90,1.0,0.736247152819781,1.1975779811626754
expanded,selection,forward,copy,single,0.25,57,specimen_57,30,0,0.5,0.2605574062625581,0.07895353827348564
expanded,selection,forward,copy,single,0.25,57,specimen_57,40,45,1.0,0.5810795280619758,0.5877894721816428
expanded,selection,forward,copy,single,0.25,57,specimen_57,50,0,0.5,0.3509891708952872,0.38959616520778423
expanded,selection,forward,copy,single,0.25,57,specimen_57,60,90,1.0,0.9818174892534737,1.66010255768115
expanded,selection,forward,copy,single,0.5,10,specimen_10,30,0,0.5,0.1848707751411148,0.10469115855000433
expanded,selection,forward,copy,single,0.5,10,specimen_10,40,45,1.0,0.451202439404943,0.4376163044845852
expanded,selection,forward,copy,single,0.5,10,specimen_10,50,0,0.5,0.22979788538780435,0.3541463230140217
expanded,selection,forward,copy,single,0.5,10,specimen_10,60,90,1.0,0.7318555721938632,1.3265673375405642
expanded,selection,forward,copy,single,0.5,57,specimen_57,30,0,0.5,0.21791257136914743,0.06219133050756079
expanded,selection,forward,copy,single,0.5,57,specimen_57,40,45,1.0,0.5685074116549539,0.6045516799475676
expanded,selection,forward,copy,single,0.5,57,specimen_57,50,0,0.5,0.3126665360763696,0.4063583729737091
expanded,selection,forward,copy,single,0.5,57,specimen_57,60,90,1.0,0.9884332137753633,1.6768647654470747
expanded,selection,forward,copy,single,1.0,10,specimen_10,30,0,0.5,0.15667158197727957,0.03916648995146266
expanded,selection,forward,copy,single,1.0,10,specimen_10,40,45,1.0,0.4395808108343226,0.5031409730831269
expanded,selection,forward,copy,single,1.0,10,specimen_10,50,0,0.5,0.24075889968569308,0.4196709916125634
expanded,selection,forward,copy,single,1.0,10,specimen_10,60,90,1.0,0.728352979306928,1.3920920061391058
expanded,selection,forward,copy,single,1.0,57,specimen_57,30,0,0.5,0.21051730790240022,0.05007828056083022
expanded,selection,forward,copy,single,1.0,57,specimen_57,40,45,1.0,0.5530794161211696,0.6166647298942982
expanded,selection,forward,copy,single,1.0,57,specimen_57,50,0,0.5,0.2940444780007222,0.41847142292043965
expanded,selection,forward,copy,single,1.0,57,specimen_57,60,90,1.0,0.9747822826003482,1.6889778153938053
expanded,selection,forward,copy,speed,0.25,10,specimen_10,30,0,0.5,0.16088495017013235,0.09320483355311615
expanded,selection,forward,copy,speed,0.25,10,specimen_10,40,45,1.0,0.4042184684760739,0.4491026294814734
expanded,selection,forward,copy,speed,0.25,10,specimen_10,50,0,0.5,0.2795275159232001,0.3656326480109099
expanded,selection,forward,copy,speed,0.25,10,specimen_10,60,90,1.0,0.6956082658947375,1.3380536625374524
expanded,selection,forward,copy,speed,0.25,57,specimen_57,30,0,0.5,0.20886816062701596,0.032723123630329226
expanded,selection,forward,copy,speed,0.25,57,specimen_57,40,45,1.0,0.5851164628533366,0.6340198868247992
expanded,selection,forward,copy,speed,0.25,57,specimen_57,50,0,0.5,0.33235045458731466,0.43582657985094064
expanded,selection,forward,copy,speed,0.25,57,specimen_57,60,90,1.0,1.004101231812293,1.7063329723243064
expanded,selection,forward,copy,speed,0.5,10,specimen_10,30,0,0.5,0.13089963856730866,0.0009477209700061717
expanded,selection,forward,copy,speed,0.5,10,specimen_10,40,45,1.0,0.39811708429583664,0.5413597420645834
expanded,selection,forward,copy,speed,0.5,10,specimen_10,50,0,0.5,0.2928226435947459,0.45788976059401987
expanded,selection,forward,copy,speed,0.5,10,specimen_10,60,90,1.0,0.7112309912804982,1.4303107751205624
expanded,selection,forward,copy,speed,0.5,57,specimen_57,30,0,0.5,0.1901562283885648,0.019071859959029214
expanded,selection,forward,copy,speed,0.5,57,specimen_57,40,45,1.0,0.5822811095361823,0.6476711504960991
expanded,selection,forward,copy,speed,0.5,57,specimen_57,50,0,0.5,0.3048629177948113,0.4494778435222406
expanded,selection,forward,copy,speed,0.5,57,specimen_57,60,90,1.0,1.0110810060273128,1.7199842359956063
expanded,selection,forward,copy,speed,1.0,10,specimen_10,30,0,0.5,0.12873943375479305,0.05156677544891419
expanded,selection,forward,copy,speed,1.0,10,specimen_10,40,45,1.0,0.41006054748124915,0.5938742384835037
expanded,selection,forward,copy,speed,1.0,10,specimen_10,50,0,0.5,0.322142730411711,0.5104042570129402
expanded,selection,forward,copy,speed,1.0,10,specimen_10,60,90,1.0,0.7221876682811894,1.4828252715394825
expanded,selection,forward,copy,speed,1.0,57,specimen_57,30,0,0.5,0.19063223446351985,0.0076192082111730675
expanded,selection,forward,copy,speed,1.0,57,specimen_57,40,45,1.0,0.5780009703392761,0.6591238022439553
expanded,selection,forward,copy,speed,1.0,57,specimen_57,50,0,0.5,0.2986088128659527,0.4609304952700968
expanded,selection,forward,copy,speed,1.0,57,specimen_57,60,90,1.0,1.010801668778889,1.7314368877434625
expanded,selection,forward,encoder,direction,0.25,10,specimen_10,30,0,0.5,0.20434131224950156,0.11631980146104239
expanded,selection,forward,encoder,direction,0.25,10,specimen_10,40,45,1.0,0.19535810252030691,0.2889433485627543
expanded,selection,forward,encoder,direction,0.25,10,specimen_10,50,0,0.5,0.24300375084082285,0.4698420267140497
expanded,selection,forward,encoder,direction,0.25,10,specimen_10,60,90,1.0,0.23827331264813742,0.04267422202847889
expanded,selection,forward,encoder,direction,0.25,57,specimen_57,30,0,0.5,0.2454394449790319,0.12222983811930022
expanded,selection,forward,encoder,direction,0.25,57,specimen_57,40,45,1.0,0.1912144422531128,0.21423909981971212
expanded,selection,forward,encoder,direction,0.25,57,specimen_57,50,0,0.5,0.2631035695473353,0.270938701667557
expanded,selection,forward,encoder,direction,0.25,57,specimen_57,60,90,1.0,0.149475559592247,0.18971402189613018
expanded,selection,forward,encoder,direction,0.5,10,specimen_10,30,0,0.5,0.18460426231225333,0.08430615919838975
expanded,selection,forward,encoder,direction,0.5,10,specimen_10,40,45,1.0,0.18499877055486044,0.22162170758658897
expanded,selection,forward,encoder,direction,0.5,10,specimen_10,50,0,0.5,0.1959290603796641,0.43140016376448775
expanded,selection,forward,encoder,direction,0.5,10,specimen_10,60,90,1.0,0.2429179698228836,0.07785851048355245
expanded,selection,forward,encoder,direction,0.5,57,specimen_57,30,0,0.5,0.23442251483599344,0.1087761949434392
expanded,selection,forward,encoder,direction,0.5,57,specimen_57,40,45,1.0,0.18583461145559946,0.24022451904443667
expanded,selection,forward,encoder,direction,0.5,57,specimen_57,50,0,0.5,0.2408118595679601,0.2857162493967431
expanded,selection,forward,encoder,direction,0.5,57,specimen_57,60,90,1.0,0.14618400235970816,0.2549755762858798
expanded,selection,forward,encoder,direction,1.0,10,specimen_10,30,0,0.5,0.18605921665827432,0.08316344333610187
expanded,selection,forward,encoder,direction,1.0,10,specimen_10,40,45,1.0,0.18531639873981476,0.20533307402207704
expanded,selection,forward,encoder,direction,1.0,10,specimen_10,50,0,0.5,0.19541491071383157,0.42781435652293925
expanded,selection,forward,encoder,direction,1.0,10,specimen_10,60,90,1.0,0.24988685548305511,0.10648962696476023
expanded,selection,forward,encoder,direction,1.0,57,specimen_57,30,0,0.5,0.23525937894980112,0.1127325474706341
expanded,selection,forward,encoder,direction,1.0,57,specimen_57,40,45,1.0,0.18676978846391043,0.23169874618004352
expanded,selection,forward,encoder,direction,1.0,57,specimen_57,50,0,0.5,0.24354763329029083,0.2813042891369914
expanded,selection,forward,encoder,direction,1.0,57,specimen_57,60,90,1.0,0.14674185713132223,0.23185849527354038
expanded,selection,forward,encoder,load,0.25,10,specimen_10,30,0,0.5,0.19854392111301422,0.063770700093794
expanded,selection,forward,encoder,load,0.25,10,specimen_10,40,45,1.0,0.1964474469423294,0.2185120338911054
expanded,selection,forward,encoder,load,0.25,10,specimen_10,50,0,0.5,0.21007807552814484,0.4171660066596199
expanded,selection,forward,encoder,load,0.25,10,specimen_10,60,90,1.0,0.24509231746196747,0.12098933085593029
expanded,selection,forward,encoder,load,0.25,57,specimen_57,30,0,0.5,0.21245659391085306,0.09558349470880471
expanded,selection,forward,encoder,load,0.25,57,specimen_57,40,45,1.0,0.1874680370092392,0.26612359490391213
expanded,selection,forward,encoder,load,0.25,57,specimen_57,50,0,0.5,0.21319266160329184,0.3034028085162159
expanded,selection,forward,encoder,load,0.25,57,specimen_57,60,90,1.0,0.14726090927918753,0.26909620088569713
expanded,selection,forward,encoder,load,0.5,10,specimen_10,30,0,0.5,0.19456836581230164,0.038420206296566395
expanded,selection,forward,encoder,load,0.5,10,specimen_10,40,45,1.0,0.1986128638188044,0.1511408197426691
expanded,selection,forward,encoder,load,0.5,10,specimen_10,50,0,0.5,0.18624040484428406,0.38717054435828735
expanded,selection,forward,encoder,load,0.5,10,specimen_10,60,90,1.0,0.25502317647139233,0.2350395461723734
expanded,selection,forward,encoder,load,0.5,57,specimen_57,30,0,0.5,0.2137244443098704,0.10344271580764235
expanded,selection,forward,encoder,load,0.5,57,specimen_57,40,45,1.0,0.18307832876841226,0.2520836825420573
expanded,selection,forward,encoder,load,0.5,57,specimen_57,50,0,0.5,0.2219087282816569,0.2955393191297442
expanded,selection,forward,encoder,load,0.5,57,specimen_57,60,90,1.0,0.14744913081328073,0.24267944135939565
expanded,selection,forward,encoder,load,1.0,10,specimen_10,30,0,0.5,0.2248090406258901,0.021453751671152415
expanded,selection,forward,encoder,load,1.0,10,specimen_10,40,45,1.0,0.2177675167719523,0.08879761778928803
expanded,selection,forward,encoder,load,1.0,10,specimen_10,50,0,0.5,0.19656198720137277,0.35568790117745414
expanded,selection,forward,encoder,load,1.0,10,specimen_10,60,90,1.0,0.28691986203193665,0.34887520000842587
expanded,selection,forward,encoder,load,1.0,57,specimen_57,30,0,0.5,0.21499728163083395,0.1025922596416089
expanded,selection,forward,encoder,load,1.0,57,specimen_57,40,45,1.0,0.18512130280335745,0.252658449579585
expanded,selection,forward,encoder,load,1.0,57,specimen_57,50,0,0.5,0.22218449413776398,0.2956012289271713
expanded,selection,forward,encoder,load,1.0,57,specimen_57,60,90,1.0,0.14771724243958792,0.24409281020590923
expanded,selection,forward,encoder,repeat,0.25,10,specimen_10,30,0,0.5,0.19219455619653067,0.05489533521029174
expanded,selection,forward,encoder,repeat,0.25,10,specimen_10,40,45,1.0,0.19321831067403158,0.1692221459060432
expanded,selection,forward,encoder,repeat,0.25,10,specimen_10,50,0,0.5,0.18608536819616953,0.401436214617398
expanded,selection,forward,encoder,repeat,0.25,10,specimen_10,60,90,1.0,0.25533414880434674,0.2120628559012454
expanded,selection,forward,encoder,repeat,0.25,57,specimen_57,30,0,0.5,0.24869145452976227,0.1267923088623992
expanded,selection,forward,encoder,repeat,0.25,57,specimen_57,40,45,1.0,0.20134742558002472,0.20232938867677216
expanded,selection,forward,encoder,repeat,0.25,57,specimen_57,50,0,0.5,0.2748839855194092,0.2659833296511987
expanded,selection,forward,encoder,repeat,0.25,57,specimen_57,60,90,1.0,0.16288084288438162,0.14149370352090548
expanded,selection,forward,encoder,repeat,0.5,10,specimen_10,30,0,0.5,0.20803979535897574,0.0290201153108528
expanded,selection,forward,encoder,repeat,0.5,10,specimen_10,40,45,1.0,0.20583140353361765,0.1327561705060225
expanded,selection,forward,encoder,repeat,0.5,10,specimen_10,50,0,0.5,0.18735240399837494,0.37509065927758317
expanded,selection,forward,encoder,repeat,0.5,10,specimen_10,60,90,1.0,0.2642962137858073,0.2790294135707674
expanded,selection,forward,encoder,repeat,0.5,57,specimen_57,30,0,0.5,0.21434160073598227,0.09003261071608763
expanded,selection,forward,encoder,repeat,0.5,57,specimen_57,40,45,1.0,0.19413922727108002,0.2784874962853085
expanded,selection,forward,encoder,repeat,0.5,57,specimen_57,50,0,0.5,0.21150928239027658,0.31025260692059825
expanded,selection,forward,encoder,repeat,0.5,57,specimen_57,60,90,1.0,0.15336632231871286,0.3053616372329028
expanded,selection,forward,encoder,repeat,1.0,10,specimen_10,30,0,0.5,0.20292878150939941,0.03772703179590727
expanded,selection,forward,encoder,repeat,1.0,10,specimen_10,40,45,1.0,0.19996642072995505,0.14578504716665505
expanded,selection,forward,encoder,repeat,1.0,10,specimen_10,50,0,0.5,0.18583021064599356,0.38417407326311714
expanded,selection,forward,encoder,repeat,1.0,10,specimen_10,60,90,1.0,0.25853237013022107,0.24686012279428127
expanded,selection,forward,encoder,repeat,1.0,57,specimen_57,30,0,0.5,0.21658613284428915,0.10282557216893677
expanded,selection,forward,encoder,repeat,1.0,57,specimen_57,40,45,1.0,0.184979518254598,0.2529597964705197
expanded,selection,forward,encoder,repeat,1.0,57,specimen_57,50,0,0.5,0.22224662701288858,0.2953581252335235
expanded,selection,forward,encoder,repeat,1.0,57,specimen_57,60,90,1.0,0.14838487903277078,0.23905344582991095
expanded,selection,forward,encoder,single,0.25,10,specimen_10,30,0,0.5,0.1969205637772878,0.08664841443933792
expanded,selection,forward,encoder,single,0.25,10,specimen_10,40,45,1.0,0.20470563570658365,0.2685984411609795
expanded,selection,forward,encoder,single,0.25,10,specimen_10,50,0,0.5,0.2322828471660614,0.44323428265084513
expanded,selection,forward,encoder,single,0.25,10,specimen_10,60,90,1.0,0.24443725744883218,0.07802448233616215
expanded,selection,forward,encoder,single,0.25,57,specimen_57,30,0,0.5,0.21799767514069876,0.10624210460525034
expanded,selection,forward,encoder,single,0.25,57,specimen_57,40,45,1.0,0.1930262347062429,0.2551845382781555
expanded,selection,forward,encoder,single,0.25,57,specimen_57,50,0,0.5,0.21739778916041055,0.29169171009647865
expanded,selection,forward,encoder,single,0.25,57,specimen_57,60,90,1.0,0.1530324270327886,0.2694401266315776
expanded,selection,forward,encoder,single,0.5,10,specimen_10,30,0,0.5,0.19695472220579782,0.036105194426245456
expanded,selection,forward,encoder,single,0.5,10,specimen_10,40,45,1.0,0.19940970838069916,0.1701672075048127
expanded,selection,forward,encoder,single,0.5,10,specimen_10,50,0,0.5,0.1859121024608612,0.3844827680881095
expanded,selection,forward,encoder,single,0.5,10,specimen_10,60,90,1.0,0.2512260029713313,0.17552312609900497
expanded,selection,forward,encoder,single,0.5,57,specimen_57,30,0,0.5,0.22063174347082773,0.09236209305481813
expanded,selection,forward,encoder,single,0.5,57,specimen_57,40,45,1.0,0.20593759417533875,0.28573982137417325
expanded,selection,forward,encoder,single,0.5,57,specimen_57,50,0,0.5,0.21072346965471903,0.30864458095481356
expanded,selection,forward,encoder,single,0.5,57,specimen_57,60,90,1.0,0.1684788316488266,0.34509775048056995
expanded,selection,forward,encoder,single,1.0,10,specimen_10,30,0,0.5,0.24622803926467896,0.012843487596429837
expanded,selection,forward,encoder,single,1.0,10,specimen_10,40,45,1.0,0.22994018097718558,0.09694995888827636
expanded,selection,forward,encoder,single,1.0,10,specimen_10,50,0,0.5,0.2064505716164907,0.3427517062024081
expanded,selection,forward,encoder,single,1.0,10,specimen_10,60,90,1.0,0.2898140251636505,0.31831494766855933
expanded,selection,forward,encoder,single,1.0,57,specimen_57,30,0,0.5,0.2226778914531072,0.11051388868478858
expanded,selection,forward,encoder,single,1.0,57,specimen_57,40,45,1.0,0.1895050803820292,0.2486178030444269
expanded,selection,forward,encoder,single,1.0,57,specimen_57,50,0,0.5,0.22515341639518738,0.2865543056495491
expanded,selection,forward,encoder,single,1.0,57,specimen_57,60,90,1.0,0.15068175892035165,0.25008657806588896
expanded,selection,forward,encoder,speed,0.25,10,specimen_10,30,0,0.5,0.18745183944702148,0.10035923108043998
expanded,selection,forward,encoder,speed,0.25,10,specimen_10,40,45,1.0,0.19283989568551382,0.20758394157913443
expanded,selection,forward,encoder,speed,0.25,10,specimen_10,50,0,0.5,0.22693699101607004,0.43988349048192527
expanded,selection,forward,encoder,speed,0.25,10,specimen_10,60,90,1.0,0.25771698355674744,0.15763193582972837
expanded,selection,forward,encoder,speed,0.25,57,specimen_57,30,0,0.5,0.23887946208318075,0.07076263171684684
expanded,selection,forward,encoder,speed,0.25,57,specimen_57,40,45,1.0,0.23386475443840027,0.31940366030548617
expanded,selection,forward,encoder,speed,0.25,57,specimen_57,50,0,0.5,0.22400977710882822,0.33356916013882926
expanded,selection,forward,encoder,speed,0.25,57,specimen_57,60,90,1.0,0.2001433769861857,0.4118647930286515
expanded,selection,forward,encoder,speed,0.5,10,specimen_10,30,0,0.5,0.22587867081165314,0.0303344260847536
expanded,selection,forward,encoder,speed,0.5,10,specimen_10,40,45,1.0,0.2138555347919464,0.06975934879333774
expanded,selection,forward,encoder,speed,0.5,10,specimen_10,50,0,0.5,0.2162019262711207,0.3552616958709063
expanded,selection,forward,encoder,speed,0.5,10,specimen_10,60,90,1.0,0.3219171365102132,0.38571505845288145
expanded,selection,forward,encoder,speed,0.5,57,specimen_57,30,0,0.5,0.23007226487000784,0.07375160840664312
expanded,selection,forward,encoder,speed,0.5,57,specimen_57,40,45,1.0,0.2236950695514679,0.3128322870879875
expanded,selection,forward,encoder,speed,0.5,57,specimen_57,50,0,0.5,0.21807342767715454,0.32996029303606234
expanded,selection,forward,encoder,speed,0.5,57,specimen_57,60,90,1.0,0.18845311800638834,0.3944316305196913
expanded,selection,forward,encoder,speed,1.0,10,specimen_10,30,0,0.5,0.22035724421342215,0.0345944325011481
expanded,selection,forward,encoder,speed,1.0,10,specimen_10,40,45,1.0,0.20810759564240774,0.07593674540541377
expanded,selection,forward,encoder,speed,1.0,10,specimen_10,50,0,0.5,0.21720638871192932,0.36166855704451545
expanded,selection,forward,encoder,speed,1.0,10,specimen_10,60,90,1.0,0.3220510184764862,0.38404678686726906
expanded,selection,forward,encoder,speed,1.0,57,specimen_57,30,0,0.5,0.22040810684363046,0.0827744321450986
expanded,selection,forward,encoder,speed,1.0,57,specimen_57,40,45,1.0,0.2053341120481491,0.29422381607269904
expanded,selection,forward,encoder,speed,1.0,57,specimen_57,50,0,0.5,0.2140911022822062,0.31909340865146274
expanded,selection,forward,encoder,speed,1.0,57,specimen_57,60,90,1.0,0.16637312869230905,0.3462055319778465
expanded,selection,forward,encoder_wrong_support,direction,0.25,10,specimen_10,30,0,0.5,0.48014209667841595,0.23819989530111982
expanded,selection,forward,encoder_wrong_support,direction,0.25,10,specimen_10,40,45,1.0,0.42077497641245526,0.4502332858195934
expanded,selection,forward,encoder_wrong_support,direction,0.25,10,specimen_10,50,0,0.5,0.5535707473754883,0.6216562131707333
expanded,selection,forward,encoder_wrong_support,direction,0.25,10,specimen_10,60,90,1.0,0.31666020552317303,0.24234615545248306
expanded,selection,forward,encoder_wrong_support,direction,0.25,57,specimen_57,30,0,0.5,0.5443849762280782,0.24410993195937766
expanded,selection,forward,encoder_wrong_support,direction,0.25,57,specimen_57,40,45,1.0,0.41741562883059186,0.056604304192646504
expanded,selection,forward,encoder_wrong_support,direction,0.25,57,specimen_57,50,0,0.5,0.552460511525472,0.11912451521087346
expanded,selection,forward,encoder_wrong_support,direction,0.25,57,specimen_57,60,90,1.0,0.24326667189598083,0.051477575036270894
expanded,selection,forward,encoder_wrong_support,direction,0.5,10,specimen_10,30,0,0.5,0.5296360154946645,0.25165353847698085
expanded,selection,forward,encoder_wrong_support,direction,0.5,10,specimen_10,40,45,1.0,0.47232647736867267,0.47621870504431785
expanded,selection,forward,encoder_wrong_support,direction,0.5,10,specimen_10,50,0,0.5,0.604945162932078,0.6364337608999193
expanded,selection,forward,encoder_wrong_support,direction,0.5,10,specimen_10,60,90,1.0,0.34258294105529785,0.3076077098422327
expanded,selection,forward,encoder_wrong_support,direction,0.5,57,specimen_57,30,0,0.5,0.6188826163609823,0.2761235742220303
expanded,selection,forward,encoder_wrong_support,direction,0.5,57,specimen_57,40,45,1.0,0.48312623302141827,0.03317565563853919
expanded,selection,forward,encoder_wrong_support,direction,0.5,57,specimen_57,50,0,0.5,0.6281901200612386,0.08068265226131159
expanded,selection,forward,encoder_wrong_support,direction,0.5,57,specimen_57,60,90,1.0,0.2945483724276225,0.13049064403990532
expanded,selection,forward,encoder_wrong_support,direction,1.0,10,specimen_10,30,0,0.5,0.519501398007075,0.24769718594978593
expanded,selection,forward,encoder_wrong_support,direction,1.0,10,specimen_10,40,45,1.0,0.4603111147880554,0.46769293217992475
expanded,selection,forward,encoder_wrong_support,direction,1.0,10,specimen_10,50,0,0.5,0.5944108764330546,0.6320218006401676
expanded,selection,forward,encoder_wrong_support,direction,1.0,10,specimen_10,60,90,1.0,0.33608152468999225,0.28449062882989323
expanded,selection,forward,encoder_wrong_support,direction,1.0,57,specimen_57,30,0,0.5,0.6290836930274963,0.2772662900843182
expanded,selection,forward,encoder_wrong_support,direction,1.0,57,specimen_57,40,45,1.0,0.4913976192474365,0.03776151387194756
expanded,selection,forward,encoder_wrong_support,direction,1.0,57,specimen_57,50,0,0.5,0.6410742402076721,0.07709684501976304
expanded,selection,forward,encoder_wrong_support,direction,1.0,57,specimen_57,60,90,1.0,0.3087111214796702,0.15912176052111313
expanded,selection,forward,encoder_wrong_support,load,0.25,10,specimen_10,30,0,0.5,0.5966188311576843,0.26484623871161533
expanded,selection,forward,encoder_wrong_support,load,0.25,10,specimen_10,40,45,1.0,0.5253899693489075,0.5021177809037933
expanded,selection,forward,encoder_wrong_support,load,0.25,10,specimen_10,50,0,0.5,0.6734992663065592,0.6541203200193921
expanded,selection,forward,encoder_wrong_support,load,0.25,10,specimen_10,60,90,1.0,0.36566383639971417,0.32172833444205
expanded,selection,forward,encoder_wrong_support,load,0.25,57,specimen_57,30,0,0.5,0.627121369043986,0.2966590333266261
expanded,selection,forward,encoder_wrong_support,load,0.25,57,specimen_57,40,45,1.0,0.4859418570995331,0.0397388128014707
expanded,selection,forward,encoder_wrong_support,load,0.25,57,specimen_57,50,0,0.5,0.6190644105275472,0.06644849515644365
expanded,selection,forward,encoder_wrong_support,load,0.25,57,specimen_57,60,90,1.0,0.27731987337271374,0.1682894761456807
expanded,selection,forward,encoder_wrong_support,load,0.5,10,specimen_10,30,0,0.5,0.5653125842412313,0.2569870176127777
expanded,selection,forward,encoder_wrong_support,load,0.5,10,specimen_10,40,45,1.0,0.49124882618586224,0.48807786854193846
expanded,selection,forward,encoder_wrong_support,load,0.5,10,specimen_10,50,0,0.5,0.642503043015798,0.6462568306329204
expanded,selection,forward,encoder_wrong_support,load,0.5,10,specimen_10,60,90,1.0,0.3473263581593831,0.2953115749157485
expanded,selection,forward,encoder_wrong_support,load,0.5,57,specimen_57,30,0,0.5,0.6891720294952393,0.32200952712385367
expanded,selection,forward,encoder_wrong_support,load,0.5,57,specimen_57,40,45,1.0,0.5414716601371765,0.08485336625721211
expanded,selection,forward,encoder_wrong_support,load,0.5,57,specimen_57,50,0,0.5,0.6800714731216431,0.03670878640401868
expanded,selection,forward,encoder_wrong_support,load,0.5,57,specimen_57,60,90,1.0,0.32840893665949505,0.28767167972872626
expanded,selection,forward,encoder_wrong_support,load,1.0,10,specimen_10,30,0,0.5,0.5678058664004008,0.2578374737788111
expanded,selection,forward,encoder_wrong_support,load,1.0,10,specimen_10,40,45,1.0,0.49428264300028485,0.4886526355794662
expanded,selection,forward,encoder_wrong_support,load,1.0,10,specimen_10,50,0,0.5,0.6438111066818237,0.6463187404303475
expanded,selection,forward,encoder_wrong_support,load,1.0,10,specimen_10,60,90,1.0,0.3509340484937032,0.2967249437622621
expanded,selection,forward,encoder_wrong_support,load,1.0,57,specimen_57,30,0,0.5,0.751859982808431,0.347824592046823
expanded,selection,forward,encoder_wrong_support,load,1.0,57,specimen_57,40,45,1.0,0.5951542854309082,0.14719656821059315
expanded,selection,forward,encoder_wrong_support,load,1.0,57,specimen_57,50,0,0.5,0.7411489288012186,0.015576288945137776
expanded,selection,forward,encoder_wrong_support,load,1.0,57,specimen_57,60,90,1.0,0.38229237993558246,0.40150733356477875
expanded,selection,forward,encoder_wrong_support,repeat,0.25,10,specimen_10,30,0,0.5,0.46736567219098407,0.23363742455802083
expanded,selection,forward,encoder_wrong_support,repeat,0.25,10,specimen_10,40,45,1.0,0.3949209948380788,0.4383235746766534
expanded,selection,forward,encoder_wrong_support,repeat,0.25,10,specimen_10,50,0,0.5,0.5361590484778086,0.6167008411543748
expanded,selection,forward,encoder_wrong_support,repeat,0.25,10,specimen_10,60,90,1.0,0.29995911320050556,0.19412583707725836
expanded,selection,forward,encoder_wrong_support,repeat,0.25,57,specimen_57,30,0,0.5,0.6744953195254008,0.30553439821012834
expanded,selection,forward,encoder_wrong_support,repeat,0.25,57,specimen_57,40,45,1.0,0.5281480153401693,0.06677204009383801
expanded,selection,forward,encoder_wrong_support,repeat,0.25,57,specimen_57,50,0,0.5,0.6735036969184875,0.05071870311422181
expanded,selection,forward,encoder_wrong_support,repeat,0.25,57,specimen_57,60,90,1.0,0.3285909791787465,0.2646949894575983
expanded,selection,forward,encoder_wrong_support,repeat,0.5,10,specimen_10,30,0,0.5,0.6181764602661133,0.2703971227043324
expanded,selection,forward,encoder_wrong_support,repeat,0.5,10,specimen_10,40,45,1.0,0.547399123509725,0.5144816822851898
expanded,selection,forward,encoder_wrong_support,repeat,0.5,10,specimen_10,50,0,0.5,0.6946464578310648,0.6609701184237745
expanded,selection,forward,encoder_wrong_support,repeat,0.5,10,specimen_10,60,90,1.0,0.37763259808222455,0.3579937707892557
expanded,selection,forward,encoder_wrong_support,repeat,0.5,57,specimen_57,30,0,0.5,0.7143295605977377,0.33140961810956726
expanded,selection,forward,encoder_wrong_support,repeat,0.5,57,specimen_57,40,45,1.0,0.5632961988449097,0.10323801549385869
expanded,selection,forward,encoder_wrong_support,repeat,0.5,57,specimen_57,50,0,0.5,0.7059774597485861,0.024373147774407022
expanded,selection,forward,encoder_wrong_support,repeat,0.5,57,specimen_57,60,90,1.0,0.34603389104207355,0.33166154712712026
expanded,selection,forward,encoder_wrong_support,repeat,1.0,10,specimen_10,30,0,0.5,0.564740796883901,0.2576041612514833
expanded,selection,forward,encoder_wrong_support,repeat,1.0,10,specimen_10,40,45,1.0,0.4916793902715047,0.48895398247040084
expanded,selection,forward,encoder_wrong_support,repeat,1.0,10,specimen_10,50,0,0.5,0.6416030526161194,0.6460756367366997
expanded,selection,forward,encoder_wrong_support,repeat,1.0,10,specimen_10,60,90,1.0,0.3458761970202128,0.2916855793862638
expanded,selection,forward,encoder_wrong_support,repeat,1.0,57,specimen_57,30,0,0.5,0.6981087327003479,0.3227027016245128
expanded,selection,forward,encoder_wrong_support,repeat,1.0,57,specimen_57,40,45,1.0,0.5489661395549774,0.09020913883322616
expanded,selection,forward,encoder_wrong_support,repeat,1.0,57,specimen_57,50,0,0.5,0.6912923057874044,0.033456561759940905
expanded,selection,forward,encoder_wrong_support,repeat,1.0,57,specimen_57,60,90,1.0,0.33293124039967853,0.29949225635063415
expanded,selection,forward,encoder_wrong_support,single,0.25,10,specimen_10,30,0,0.5,0.582664410273234,0.2541876288151697
expanded,selection,forward,encoder_wrong_support,single,0.25,10,specimen_10,40,45,1.0,0.5193160772323608,0.4911787242780367
expanded,selection,forward,encoder_wrong_support,single,0.25,10,specimen_10,50,0,0.5,0.6594220598538717,0.6424092215996549
expanded,selection,forward,encoder_wrong_support,single,0.25,10,specimen_10,60,90,1.0,0.36998826265335083,0.3220722601879305
expanded,selection,forward,encoder_wrong_support,single,0.25,57,specimen_57,30,0,0.5,0.5795926253000895,0.2737813189810821
expanded,selection,forward,encoder_wrong_support,single,0.25,57,specimen_57,40,45,1.0,0.4417349596818288,0.04881788522050434
expanded,selection,forward,encoder_wrong_support,single,0.25,57,specimen_57,50,0,0.5,0.5711848934491476,0.09251677114766899
expanded,selection,forward,encoder_wrong_support,single,0.25,57,specimen_57,60,90,1.0,0.23822097977002463,0.08241853746787091
expanded,selection,forward,encoder_wrong_support,single,0.5,10,specimen_10,30,0,0.5,0.6373783747355143,0.26806764036560193
expanded,selection,forward,encoder_wrong_support,single,0.5,10,specimen_10,40,45,1.0,0.5730209747950236,0.5217340073740545
expanded,selection,forward,encoder_wrong_support,single,0.5,10,specimen_10,50,0,0.5,0.7146744529406229,0.6593620924579898
expanded,selection,forward,encoder_wrong_support,single,0.5,10,specimen_10,60,90,1.0,0.39989239970843,0.39772988403692283
expanded,selection,forward,encoder_wrong_support,single,0.5,57,specimen_57,30,0,0.5,0.6889716386795044,0.3243245389941746
expanded,selection,forward,encoder_wrong_support,single,0.5,57,specimen_57,40,45,1.0,0.5374971429506937,0.06582697849506851
expanded,selection,forward,encoder_wrong_support,single,0.5,57,specimen_57,50,0,0.5,0.6787569522857666,0.03659888276100395
expanded,selection,forward,encoder_wrong_support,single,0.5,57,specimen_57,60,90,1.0,0.31320542097091675,0.22815525965535785
expanded,selection,forward,encoder_wrong_support,single,1.0,10,specimen_10,30,0,0.5,0.5555629034837087,0.24991584473563147
expanded,selection,forward,encoder_wrong_support,single,1.0,10,specimen_10,40,45,1.0,0.490353524684906,0.4846119890443081
expanded,selection,forward,encoder_wrong_support,single,1.0,10,specimen_10,50,0,0.5,0.6317506631215414,0.6372718171527253
expanded,selection,forward,encoder_wrong_support,single,1.0,10,specimen_10,60,90,1.0,0.3524008591969808,0.30271871162224184
expanded,selection,forward,encoder_wrong_support,single,1.0,57,specimen_57,30,0,0.5,0.7757613062858582,0.35909793455417344
expanded,selection,forward,encoder_wrong_support,single,1.0,57,specimen_57,40,45,1.0,0.6105250716209412,0.13904422711160483
expanded,selection,forward,encoder_wrong_support,single,1.0,57,specimen_57,50,0,0.5,0.7636518279711405,0.011898031109307317
expanded,selection,forward,encoder_wrong_support,single,1.0,57,specimen_57,60,90,1.0,0.38444602489471436,0.3709470812249122
expanded,selection,forward,encoder_wrong_support,speed,0.25,10,specimen_10,30,0,0.5,0.7063926657040914,0.2896671017035732
expanded,selection,forward,encoder_wrong_support,speed,0.25,10,specimen_10,40,45,1.0,0.6336716810862223,0.5553978463053674
expanded,selection,forward,encoder_wrong_support,speed,0.25,10,specimen_10,50,0,0.5,0.780509869257609,0.6842866716420054
expanded,selection,forward,encoder_wrong_support,speed,0.25,10,specimen_10,60,90,1.0,0.42898834745089215,0.46449692658500435
expanded,selection,forward,encoder_wrong_support,speed,0.25,57,specimen_57,30,0,0.5,0.5773865977923075,0.26007050233998
expanded,selection,forward,encoder_wrong_support,speed,0.25,57,specimen_57,40,45,1.0,0.44400737682978314,0.04436999868009047
expanded,selection,forward,encoder_wrong_support,speed,0.25,57,specimen_57,50,0,0.5,0.5957173506418864,0.08916597897874905
expanded,selection,forward,encoder_wrong_support,speed,0.25,57,specimen_57,60,90,1.0,0.30134133994579315,0.17878928210988185
expanded,selection,forward,encoder_wrong_support,speed,0.5,10,specimen_10,30,0,0.5,0.6896340052286783,0.28667812501377693
expanded,selection,forward,encoder_wrong_support,speed,0.5,10,specimen_10,40,45,1.0,0.6180295745531718,0.5488264730878687
expanded,selection,forward,encoder_wrong_support,speed,0.5,10,specimen_10,50,0,0.5,0.7644673585891724,0.6806778045392385
expanded,selection,forward,encoder_wrong_support,speed,0.5,10,specimen_10,60,90,1.0,0.42084625363349915,0.4470637640760442
expanded,selection,forward,encoder_wrong_support,speed,0.5,57,specimen_57,30,0,0.5,0.7475135127703348,0.33394435814148
expanded,selection,forward,encoder_wrong_support,speed,0.5,57,specimen_57,40,45,1.0,0.5941125353177389,0.16623483720654345
expanded,selection,forward,encoder_wrong_support,speed,0.5,57,specimen_57,50,0,0.5,0.7509661714235941,0.020287190191455712
expanded,selection,forward,encoder_wrong_support,speed,0.5,57,specimen_57,60,90,1.0,0.4240802526473999,0.43834719200923433
expanded,selection,forward,encoder_wrong_support,speed,1.0,10,specimen_10,30,0,0.5,0.6454022328058878,0.2776553012753214
expanded,selection,forward,encoder_wrong_support,speed,1.0,10,specimen_10,40,45,1.0,0.5733820796012878,0.5302180020725803
expanded,selection,forward,encoder_wrong_support,speed,1.0,10,specimen_10,50,0,0.5,0.7212750116984049,0.6698109201546391
expanded,selection,forward,encoder_wrong_support,speed,1.0,10,specimen_10,60,90,1.0,0.3952887753645579,0.39883766553419936
expanded,selection,forward,encoder_wrong_support,speed,1.0,57,specimen_57,30,0,0.5,0.7344131072362264,0.325835300919272
expanded,selection,forward,encoder_wrong_support,speed,1.0,57,specimen_57,40,45,1.0,0.5842009782791138,0.16005744059446744
expanded,selection,forward,encoder_wrong_support,speed,1.0,57,specimen_57,50,0,0.5,0.7413928310076395,0.012123016570939948
expanded,selection,forward,encoder_wrong_support,speed,1.0,57,specimen_57,60,90,1.0,0.4230444033940633,0.43667892042362194
expanded,selection,forward,fixed_features,direction,0.25,10,specimen_10,30,0,0.5,0.16623741351065247,0.10988491133271128
expanded,selection,forward,fixed_features,direction,0.25,10,specimen_10,40,45,1.0,0.17236722015953124,0.07466013765766011
expanded,selection,forward,fixed_features,direction,0.25,10,specimen_10,50,0,0.5,0.19721237731749452,0.31926295898872714
expanded,selection,forward,fixed_features,direction,0.25,10,specimen_10,60,90,1.0,0.29016173035862125,0.3402365775516718
expanded,selection,forward,fixed_features,direction,0.25,57,specimen_57,30,0,0.5,0.21446194513650144,0.06396764859755447
expanded,selection,forward,fixed_features,direction,0.25,57,specimen_57,40,45,1.0,0.14537633573352843,0.17516762248703666
expanded,selection,forward,fixed_features,direction,0.25,57,specimen_57,50,0,0.5,0.2049398755829316,0.1493492591770582
expanded,selection,forward,fixed_features,direction,0.25,57,specimen_57,60,90,1.0,0.2340713525373468,0.44384929476626844
expanded,selection,forward,fixed_features,direction,0.5,10,specimen_10,30,0,0.5,0.16363005937055927,0.12184162123886444
expanded,selection,forward,fixed_features,direction,0.5,10,specimen_10,40,45,1.0,0.15966197549711905,0.09599506813101599
expanded,selection,forward,fixed_features,direction,0.5,10,specimen_10,50,0,0.5,0.20883695693586032,0.3342549646631593
expanded,selection,forward,fixed_features,direction,0.5,10,specimen_10,60,90,1.0,0.2770274234333858,0.3012321468182857
expanded,selection,forward,fixed_features,direction,0.5,57,specimen_57,30,0,0.5,0.23266774709197416,0.06872532326346006
expanded,selection,forward,fixed_features,direction,0.5,57,specimen_57,40,45,1.0,0.14713827487795636,0.17470373684619966
expanded,selection,forward,fixed_features,direction,0.5,57,specimen_57,50,0,0.5,0.22635859334177064,0.13266839720012658
expanded,selection,forward,fixed_features,direction,0.5,57,specimen_57,60,90,1.0,0.21766239359661896,0.4253755249144757
expanded,selection,forward,fixed_features,direction,1.0,10,specimen_10,30,0,0.5,0.16638379286816402,0.13142773518063833
expanded,selection,forward,fixed_features,direction,1.0,10,specimen_10,40,45,1.0,0.15678751120010462,0.12212937148762526
expanded,selection,forward,fixed_features,direction,1.0,10,specimen_10,50,0,0.5,0.20699201563992908,0.3467829702532753
expanded,selection,forward,fixed_features,direction,1.0,10,specimen_10,60,90,1.0,0.2679767951580268,0.23861320643538741
expanded,selection,forward,fixed_features,direction,1.0,57,specimen_57,30,0,0.5,0.23991712958055986,0.07124289544854837
expanded,selection,forward,fixed_features,direction,1.0,57,specimen_57,40,45,1.0,0.15089730553531622,0.16905854439529366
expanded,selection,forward,fixed_features,direction,1.0,57,specimen_57,50,0,0.5,0.23419721756796075,0.1330409773115664
expanded,selection,forward,fixed_features,direction,1.0,57,specimen_57,60,90,1.0,0.21065707244476228,0.4110951108435863
expanded,selection,forward,fixed_features,load,0.25,10,specimen_10,30,0,0.5,0.1701775251434822,0.10574203506904106
expanded,selection,forward,fixed_features,load,0.25,10,specimen_10,40,45,1.0,0.18078010759494587,0.0709147763870408
expanded,selection,forward,fixed_features,load,0.25,10,specimen_10,50,0,0.5,0.1862973708889231,0.32128326331061174
expanded,selection,forward,fixed_features,load,0.25,10,specimen_10,60,90,1.0,0.2953643630831636,0.3194154550648096
expanded,selection,forward,fixed_features,load,0.25,57,specimen_57,30,0,0.5,0.2041562507283657,0.059178362709673166
expanded,selection,forward,fixed_features,load,0.25,57,specimen_57,40,45,1.0,0.14505243433301637,0.1950757300995295
expanded,selection,forward,fixed_features,load,0.25,57,specimen_57,50,0,0.5,0.201880998519832,0.15529041770070184
expanded,selection,forward,fixed_features,load,0.25,57,specimen_57,60,90,1.0,0.2444550475355447,0.49057272773536353
expanded,selection,forward,fixed_features,load,0.5,10,specimen_10,30,0,0.5,0.16364807688872948,0.13945374419171142
expanded,selection,forward,fixed_features,load,0.5,10,specimen_10,40,45,1.0,0.14728567412317428,0.11910833263567544
expanded,selection,forward,fixed_features,load,0.5,10,specimen_10,50,0,0.5,0.214967711897334,0.35413247084123367
expanded,selection,forward,fixed_features,load,0.5,10,specimen_10,60,90,1.0,0.2603866891398442,0.2338915575975582
expanded,selection,forward,fixed_features,load,0.5,57,specimen_57,30,0,0.5,0.20192747396204883,0.058015835992656
expanded,selection,forward,fixed_features,load,0.5,57,specimen_57,40,45,1.0,0.14916652024096524,0.20592598818537333
expanded,selection,forward,fixed_features,load,0.5,57,specimen_57,50,0,0.5,0.19943340620543384,0.14187259545062347
expanded,selection,forward,fixed_features,load,0.5,57,specimen_57,60,90,1.0,0.2508240182191918,0.5055097093475744
expanded,selection,forward,fixed_features,load,1.0,10,specimen_10,30,0,0.5,0.165314585036233,0.1476445186062238
expanded,selection,forward,fixed_features,load,1.0,10,specimen_10,40,45,1.0,0.14161971158185022,0.12601665105987925
expanded,selection,forward,fixed_features,load,1.0,10,specimen_10,50,0,0.5,0.22276384128871993,0.3660102932408852
expanded,selection,forward,fixed_features,load,1.0,10,specimen_10,60,90,1.0,0.2532175341483928,0.20799755790277086
expanded,selection,forward,fixed_features,load,1.0,57,specimen_57,30,0,0.5,0.20729302119958073,0.057848874597638794
expanded,selection,forward,fixed_features,load,1.0,57,specimen_57,40,45,1.0,0.1464399734900352,0.20546483671725058
expanded,selection,forward,fixed_features,load,1.0,57,specimen_57,50,0,0.5,0.20658490161061108,0.14648755058622076
expanded,selection,forward,fixed_features,load,1.0,57,specimen_57,60,90,1.0,0.2454490292188324,0.5029165901276924
expanded,selection,forward,fixed_features,repeat,0.25,10,specimen_10,30,0,0.5,0.1603135064309629,0.11538887031490647
expanded,selection,forward,fixed_features,repeat,0.25,10,specimen_10,40,45,1.0,0.16626206652949393,0.07889145715779367
expanded,selection,forward,fixed_features,repeat,0.25,10,specimen_10,50,0,0.5,0.18914533834902114,0.3250086212476879
expanded,selection,forward,fixed_features,repeat,0.25,10,specimen_10,60,90,1.0,0.28497401217175317,0.29490471288366216
expanded,selection,forward,fixed_features,repeat,0.25,57,specimen_57,30,0,0.5,0.1933156905440332,0.05083527924905187
expanded,selection,forward,fixed_features,repeat,0.25,57,specimen_57,40,45,1.0,0.15270328886730133,0.21528969862450553
expanded,selection,forward,fixed_features,repeat,0.25,57,specimen_57,50,0,0.5,0.18579538915159902,0.14526725356621906
expanded,selection,forward,fixed_features,repeat,0.25,57,specimen_57,60,90,1.0,0.26927130379957726,0.5130189934011304
expanded,selection,forward,fixed_features,repeat,0.5,10,specimen_10,30,0,0.5,0.15991861144620878,0.13102177553533645
expanded,selection,forward,fixed_features,repeat,0.5,10,specimen_10,40,45,1.0,0.15282184066619997,0.10806548490178902
expanded,selection,forward,fixed_features,repeat,0.5,10,specimen_10,50,0,0.5,0.20134467747699133,0.33600952988603905
expanded,selection,forward,fixed_features,repeat,0.5,10,specimen_10,60,90,1.0,0.2689800542098908,0.24162179798334327
expanded,selection,forward,fixed_features,repeat,0.5,57,specimen_57,30,0,0.5,0.19271319844006143,0.05302666534808512
expanded,selection,forward,fixed_features,repeat,0.5,57,specimen_57,40,45,1.0,0.15624911135946332,0.2169012350365862
expanded,selection,forward,fixed_features,repeat,0.5,57,specimen_57,50,0,0.5,0.19002751125781378,0.14130261432498237
expanded,selection,forward,fixed_features,repeat,0.5,57,specimen_57,60,90,1.0,0.2658651674258368,0.5227549485463678
expanded,selection,forward,fixed_features,repeat,1.0,10,specimen_10,30,0,0.5,0.16299460579275052,0.13691885281341226
expanded,selection,forward,fixed_features,repeat,1.0,10,specimen_10,40,45,1.0,0.15182727196038395,0.13454031419063994
expanded,selection,forward,fixed_features,repeat,1.0,10,specimen_10,50,0,0.5,0.2028364108771672,0.34335197042269183
expanded,selection,forward,fixed_features,repeat,1.0,10,specimen_10,60,90,1.0,0.26276248617241066,0.1883453557263004
expanded,selection,forward,fixed_features,repeat,1.0,57,specimen_57,30,0,0.5,0.20248441484989232,0.05659703418520076
expanded,selection,forward,fixed_features,repeat,1.0,57,specimen_57,40,45,1.0,0.14789998556626283,0.20708101446792637
expanded,selection,forward,fixed_features,repeat,1.0,57,specimen_57,50,0,0.5,0.20116678832124824,0.1469794881284755
expanded,selection,forward,fixed_features,repeat,1.0,57,specimen_57,60,90,1.0,0.24829376115102816,0.4989213544240829
expanded,selection,forward,fixed_features,single,0.25,10,specimen_10,30,0,0.5,0.18147426719854623,0.09886309708905922
expanded,selection,forward,fixed_features,single,0.25,10,specimen_10,40,45,1.0,0.19309183296043844,0.08103998046742511
expanded,selection,forward,fixed_features,single,0.25,10,specimen_10,50,0,0.5,0.1885089374684327,0.30414312306564595
expanded,selection,forward,fixed_features,single,0.25,10,specimen_10,60,90,1.0,0.30673012058676646,0.3213472282994254
expanded,selection,forward,fixed_features,single,0.25,57,specimen_57,30,0,0.5,0.20896630119794293,0.06282494133336677
expanded,selection,forward,fixed_features,single,0.25,57,specimen_57,40,45,1.0,0.1532735821709235,0.18468641869460223
expanded,selection,forward,fixed_features,single,0.25,57,specimen_57,50,0,0.5,0.19664855807783374,0.14465343820411758
expanded,selection,forward,fixed_features,single,0.25,57,specimen_57,60,90,1.0,0.25197869647590027,0.4834687151835748
expanded,selection,forward,fixed_features,single,0.5,10,specimen_10,30,0,0.5,0.16579030984502224,0.12281303111996683
expanded,selection,forward,fixed_features,single,0.5,10,specimen_10,40,45,1.0,0.16378772005088715,0.11626282109014907
expanded,selection,forward,fixed_features,single,0.5,10,specimen_10,50,0,0.5,0.19839313601103623,0.3312651931317797
expanded,selection,forward,fixed_features,single,0.5,10,specimen_10,60,90,1.0,0.27715170477940687,0.2515078399500963
expanded,selection,forward,fixed_features,single,0.5,57,specimen_57,30,0,0.5,0.2089927048291724,0.06119442835858355
expanded,selection,forward,fixed_features,single,0.5,57,specimen_57,40,45,1.0,0.14926636532259918,0.1986274509240843
expanded,selection,forward,fixed_features,single,0.5,57,specimen_57,50,0,0.5,0.20253387117652544,0.13399234250354175
expanded,selection,forward,fixed_features,single,0.5,57,specimen_57,60,90,1.0,0.24692925656587428,0.49392840714647845
expanded,selection,forward,fixed_features,single,1.0,10,specimen_10,30,0,0.5,0.16619086023572333,0.14005438390741753
expanded,selection,forward,fixed_features,single,1.0,10,specimen_10,40,45,1.0,0.1526421873245386,0.14295378710857687
expanded,selection,forward,fixed_features,single,1.0,10,specimen_10,50,0,0.5,0.20679966614209752,0.3543573004476547
expanded,selection,forward,fixed_features,single,1.0,10,specimen_10,60,90,1.0,0.260819059280356,0.17923269183106827
expanded,selection,forward,fixed_features,single,1.0,57,specimen_57,30,0,0.5,0.20913931422684184,0.0603781436656278
expanded,selection,forward,fixed_features,single,1.0,57,specimen_57,40,45,1.0,0.14789332601313107,0.20040439724928127
expanded,selection,forward,fixed_features,single,1.0,57,specimen_57,50,0,0.5,0.20448669505248482,0.13343693528083278
expanded,selection,forward,fixed_features,single,1.0,57,specimen_57,60,90,1.0,0.24430120027232416,0.48770722709193004
expanded,selection,forward,fixed_features,speed,0.25,10,specimen_10,30,0,0.5,0.17928870280820508,0.14235219707057606
expanded,selection,forward,fixed_features,speed,0.25,10,specimen_10,40,45,1.0,0.16297398913778313,0.1375369651485001
expanded,selection,forward,fixed_features,speed,0.25,10,specimen_10,50,0,0.5,0.20695407084393902,0.37051070678528486
expanded,selection,forward,fixed_features,speed,0.25,10,specimen_10,60,90,1.0,0.2629540241636346,0.1777007609647243
expanded,selection,forward,fixed_features,speed,0.25,57,specimen_57,30,0,0.5,0.2045502901691997,0.05552763101767286
expanded,selection,forward,fixed_features,speed,0.25,57,specimen_57,40,45,1.0,0.1592534937745979,0.22002910311566082
expanded,selection,forward,fixed_features,speed,0.25,57,specimen_57,50,0,0.5,0.21234594087605438,0.15709691851589858
expanded,selection,forward,fixed_features,speed,0.25,57,specimen_57,60,90,1.0,0.25360360121655395,0.5460062306245679
expanded,selection,forward,fixed_features,speed,0.5,10,specimen_10,30,0,0.5,0.17058020111743866,0.14122421846282462
expanded,selection,forward,fixed_features,speed,0.5,10,specimen_10,40,45,1.0,0.15611113731812432,0.13043197792059258
expanded,selection,forward,fixed_features,speed,0.5,10,specimen_10,50,0,0.5,0.21080645602075107,0.3581980785358748
expanded,selection,forward,fixed_features,speed,0.5,10,specimen_10,60,90,1.0,0.2642441204434561,0.1994457851238356
expanded,selection,forward,fixed_features,speed,0.5,57,specimen_57,30,0,0.5,0.20109351685221152,0.05540029348959627
expanded,selection,forward,fixed_features,speed,0.5,57,specimen_57,40,45,1.0,0.15518003476320386,0.22126109284514794
expanded,selection,forward,fixed_features,speed,0.5,57,specimen_57,50,0,0.5,0.20905453532870108,0.14397622220199147
expanded,selection,forward,fixed_features,speed,0.5,57,specimen_57,60,90,1.0,0.2513415456128036,0.5332297821186585
expanded,selection,forward,fixed_features,speed,1.0,10,specimen_10,30,0,0.5,0.1697076823323195,0.14724863984376807
expanded,selection,forward,fixed_features,speed,1.0,10,specimen_10,40,45,1.0,0.14639750525918796,0.13292071301974295
expanded,selection,forward,fixed_features,speed,1.0,10,specimen_10,50,0,0.5,0.22045448678671567,0.3661444300077723
expanded,selection,forward,fixed_features,speed,1.0,10,specimen_10,60,90,1.0,0.25616174001577613,0.18805648369016348
expanded,selection,forward,fixed_features,speed,1.0,57,specimen_57,30,0,0.5,0.20205504793480414,0.05562525602311627
expanded,selection,forward,fixed_features,speed,1.0,57,specimen_57,40,45,1.0,0.15140510282383765,0.21811835501594323
expanded,selection,forward,fixed_features,speed,1.0,57,specimen_57,50,0,0.5,0.2080356896133014,0.1444296618270683
expanded,selection,forward,fixed_features,speed,1.0,57,specimen_57,60,90,1.0,0.24885076569176626,0.5227396365447388
expanded,selection,forward,retrieval,direction,0.25,10,specimen_10,30,0,0.5,0.22413147042649437,0.19757265169166893
expanded,selection,forward,retrieval,direction,0.25,10,specimen_10,40,45,1.0,0.18053079787301848,0.20598893696551301
expanded,selection,forward,retrieval,direction,0.25,10,specimen_10,50,0,0.5,0.18761644086961837,0.19530581137116032
expanded,selection,forward,retrieval,direction,0.25,10,specimen_10,60,90,1.0,0.2106082312090697,0.0738867311890492
expanded,selection,forward,retrieval,direction,0.25,57,specimen_57,30,0,0.5,0.12499290100467005,0.006127078818665949
expanded,selection,forward,retrieval,direction,0.25,57,specimen_57,40,45,1.0,0.14410427733786604,0.020915920943198607
expanded,selection,forward,retrieval,direction,0.25,57,specimen_57,50,0,0.5,0.16653401555759842,0.08707102596764871
expanded,selection,forward,retrieval,direction,0.25,57,specimen_57,60,90,1.0,0.14266469572436555,0.17494234223062466
expanded,selection,forward,retrieval,direction,0.5,10,specimen_10,30,0,0.5,0.22413147042649437,0.19757265169166893
expanded,selection,forward,retrieval,direction,0.5,10,specimen_10,40,45,1.0,0.18053079787301848,0.20598893696551301
expanded,selection,forward,retrieval,direction,0.5,10,specimen_10,50,0,0.5,0.18761644086961837,0.19530581137116032
expanded,selection,forward,retrieval,direction,0.5,10,specimen_10,60,90,1.0,0.2106082312090697,0.0738867311890492
expanded,selection,forward,retrieval,direction,0.5,57,specimen_57,30,0,0.5,0.12499290100467005,0.006127078818665949
expanded,selection,forward,retrieval,direction,0.5,57,specimen_57,40,45,1.0,0.14410427733786604,0.020915920943198607
expanded,selection,forward,retrieval,direction,0.5,57,specimen_57,50,0,0.5,0.16653401555759842,0.08707102596764871
expanded,selection,forward,retrieval,direction,0.5,57,specimen_57,60,90,1.0,0.14266469572436555,0.17494234223062466
expanded,selection,forward,retrieval,direction,1.0,10,specimen_10,30,0,0.5,0.22413147042649437,0.19757265169166893
expanded,selection,forward,retrieval,direction,1.0,10,specimen_10,40,45,1.0,0.18053079787301848,0.20598893696551301
expanded,selection,forward,retrieval,direction,1.0,10,specimen_10,50,0,0.5,0.18761644086961837,0.19530581137116032
expanded,selection,forward,retrieval,direction,1.0,10,specimen_10,60,90,1.0,0.2106082312090697,0.0738867311890492
expanded,selection,forward,retrieval,direction,1.0,57,specimen_57,30,0,0.5,0.12499290100467005,0.006127078818665949
expanded,selection,forward,retrieval,direction,1.0,57,specimen_57,40,45,1.0,0.14410427733786604,0.020915920943198607
expanded,selection,forward,retrieval,direction,1.0,57,specimen_57,50,0,0.5,0.16653401555759842,0.08707102596764871
expanded,selection,forward,retrieval,direction,1.0,57,specimen_57,60,90,1.0,0.14266469572436555,0.17494234223062466
expanded,selection,forward,retrieval,load,0.25,10,specimen_10,30,0,0.5,0.22413147042649437,0.19757265169166893
expanded,selection,forward,retrieval,load,0.25,10,specimen_10,40,45,1.0,0.18053079787301848,0.20598893696551301
expanded,selection,forward,retrieval,load,0.25,10,specimen_10,50,0,0.5,0.18761644086961837,0.19530581137116032
expanded,selection,forward,retrieval,load,0.25,10,specimen_10,60,90,1.0,0.2106082312090697,0.0738867311890492
expanded,selection,forward,retrieval,load,0.25,57,specimen_57,30,0,0.5,0.12499290100467005,0.006127078818665949
expanded,selection,forward,retrieval,load,0.25,57,specimen_57,40,45,1.0,0.14410427733786604,0.020915920943198607
expanded,selection,forward,retrieval,load,0.25,57,specimen_57,50,0,0.5,0.16653401555759842,0.08707102596764871
expanded,selection,forward,retrieval,load,0.25,57,specimen_57,60,90,1.0,0.14266469572436555,0.17494234223062466
expanded,selection,forward,retrieval,load,0.5,10,specimen_10,30,0,0.5,0.22413147042649437,0.19757265169166893
expanded,selection,forward,retrieval,load,0.5,10,specimen_10,40,45,1.0,0.18053079787301848,0.20598893696551301
expanded,selection,forward,retrieval,load,0.5,10,specimen_10,50,0,0.5,0.18761644086961837,0.19530581137116032
expanded,selection,forward,retrieval,load,0.5,10,specimen_10,60,90,1.0,0.2106082312090697,0.0738867311890492
expanded,selection,forward,retrieval,load,0.5,57,specimen_57,30,0,0.5,0.12499290100467005,0.006127078818665949
expanded,selection,forward,retrieval,load,0.5,57,specimen_57,40,45,1.0,0.14410427733786604,0.020915920943198607
expanded,selection,forward,retrieval,load,0.5,57,specimen_57,50,0,0.5,0.16653401555759842,0.08707102596764871
expanded,selection,forward,retrieval,load,0.5,57,specimen_57,60,90,1.0,0.14266469572436555,0.17494234223062466
expanded,selection,forward,retrieval,load,1.0,10,specimen_10,30,0,0.5,0.22413147042649437,0.19757265169166893
expanded,selection,forward,retrieval,load,1.0,10,specimen_10,40,45,1.0,0.18053079787301848,0.20598893696551301
expanded,selection,forward,retrieval,load,1.0,10,specimen_10,50,0,0.5,0.18761644086961837,0.19530581137116032
expanded,selection,forward,retrieval,load,1.0,10,specimen_10,60,90,1.0,0.2106082312090697,0.0738867311890492
expanded,selection,forward,retrieval,load,1.0,57,specimen_57,30,0,0.5,0.12499290100467005,0.006127078818665949
expanded,selection,forward,retrieval,load,1.0,57,specimen_57,40,45,1.0,0.14410427733786604,0.020915920943198607
expanded,selection,forward,retrieval,load,1.0,57,specimen_57,50,0,0.5,0.16653401555759842,0.08707102596764871
expanded,selection,forward,retrieval,load,1.0,57,specimen_57,60,90,1.0,0.14266469572436555,0.17494234223062466
expanded,selection,forward,retrieval,repeat,0.25,10,specimen_10,30,0,0.5,0.22413147042649437,0.19757265169166893
expanded,selection,forward,retrieval,repeat,0.25,10,specimen_10,40,45,1.0,0.18053079787301848,0.20598893696551301
expanded,selection,forward,retrieval,repeat,0.25,10,specimen_10,50,0,0.5,0.18761644086961837,0.19530581137116032
expanded,selection,forward,retrieval,repeat,0.25,10,specimen_10,60,90,1.0,0.2106082312090697,0.0738867311890492
expanded,selection,forward,retrieval,repeat,0.25,57,specimen_57,30,0,0.5,0.12499290100467005,0.006127078818665949
expanded,selection,forward,retrieval,repeat,0.25,57,specimen_57,40,45,1.0,0.14410427733786604,0.020915920943198607
expanded,selection,forward,retrieval,repeat,0.25,57,specimen_57,50,0,0.5,0.16653401555759842,0.08707102596764871
expanded,selection,forward,retrieval,repeat,0.25,57,specimen_57,60,90,1.0,0.14266469572436555,0.17494234223062466
expanded,selection,forward,retrieval,repeat,0.5,10,specimen_10,30,0,0.5,0.22413147042649437,0.19757265169166893
expanded,selection,forward,retrieval,repeat,0.5,10,specimen_10,40,45,1.0,0.18053079787301848,0.20598893696551301
expanded,selection,forward,retrieval,repeat,0.5,10,specimen_10,50,0,0.5,0.18761644086961837,0.19530581137116032
expanded,selection,forward,retrieval,repeat,0.5,10,specimen_10,60,90,1.0,0.2106082312090697,0.0738867311890492
expanded,selection,forward,retrieval,repeat,0.5,57,specimen_57,30,0,0.5,0.12499290100467005,0.006127078818665949
expanded,selection,forward,retrieval,repeat,0.5,57,specimen_57,40,45,1.0,0.14410427733786604,0.020915920943198607
expanded,selection,forward,retrieval,repeat,0.5,57,specimen_57,50,0,0.5,0.16653401555759842,0.08707102596764871
expanded,selection,forward,retrieval,repeat,0.5,57,specimen_57,60,90,1.0,0.14266469572436555,0.17494234223062466
expanded,selection,forward,retrieval,repeat,1.0,10,specimen_10,30,0,0.5,0.22413147042649437,0.19757265169166893
expanded,selection,forward,retrieval,repeat,1.0,10,specimen_10,40,45,1.0,0.18053079787301848,0.20598893696551301
expanded,selection,forward,retrieval,repeat,1.0,10,specimen_10,50,0,0.5,0.18761644086961837,0.19530581137116032
expanded,selection,forward,retrieval,repeat,1.0,10,specimen_10,60,90,1.0,0.2106082312090697,0.0738867311890492
expanded,selection,forward,retrieval,repeat,1.0,57,specimen_57,30,0,0.5,0.12499290100467005,0.006127078818665949
expanded,selection,forward,retrieval,repeat,1.0,57,specimen_57,40,45,1.0,0.14410427733786604,0.020915920943198607
expanded,selection,forward,retrieval,repeat,1.0,57,specimen_57,50,0,0.5,0.16653401555759842,0.08707102596764871
expanded,selection,forward,retrieval,repeat,1.0,57,specimen_57,60,90,1.0,0.14266469572436555,0.17494234223062466
expanded,selection,forward,retrieval,single,0.25,10,specimen_10,30,0,0.5,0.22413147042649437,0.19757265169166893
expanded,selection,forward,retrieval,single,0.25,10,specimen_10,40,45,1.0,0.18053079787301848,0.20598893696551301
expanded,selection,forward,retrieval,single,0.25,10,specimen_10,50,0,0.5,0.18761644086961837,0.19530581137116032
expanded,selection,forward,retrieval,single,0.25,10,specimen_10,60,90,1.0,0.2106082312090697,0.0738867311890492
expanded,selection,forward,retrieval,single,0.25,57,specimen_57,30,0,0.5,0.12499290100467005,0.006127078818665949
expanded,selection,forward,retrieval,single,0.25,57,specimen_57,40,45,1.0,0.14410427733786604,0.020915920943198607
expanded,selection,forward,retrieval,single,0.25,57,specimen_57,50,0,0.5,0.16653401555759842,0.08707102596764871
expanded,selection,forward,retrieval,single,0.25,57,specimen_57,60,90,1.0,0.14266469572436555,0.17494234223062466
expanded,selection,forward,retrieval,single,0.5,10,specimen_10,30,0,0.5,0.22413147042649437,0.19757265169166893
expanded,selection,forward,retrieval,single,0.5,10,specimen_10,40,45,1.0,0.18053079787301848,0.20598893696551301
expanded,selection,forward,retrieval,single,0.5,10,specimen_10,50,0,0.5,0.18761644086961837,0.19530581137116032
expanded,selection,forward,retrieval,single,0.5,10,specimen_10,60,90,1.0,0.2106082312090697,0.0738867311890492
expanded,selection,forward,retrieval,single,0.5,57,specimen_57,30,0,0.5,0.12499290100467005,0.006127078818665949
expanded,selection,forward,retrieval,single,0.5,57,specimen_57,40,45,1.0,0.14410427733786604,0.020915920943198607
expanded,selection,forward,retrieval,single,0.5,57,specimen_57,50,0,0.5,0.16653401555759842,0.08707102596764871
expanded,selection,forward,retrieval,single,0.5,57,specimen_57,60,90,1.0,0.14266469572436555,0.17494234223062466
expanded,selection,forward,retrieval,single,1.0,10,specimen_10,30,0,0.5,0.22413147042649437,0.19757265169166893
expanded,selection,forward,retrieval,single,1.0,10,specimen_10,40,45,1.0,0.18053079787301848,0.20598893696551301
expanded,selection,forward,retrieval,single,1.0,10,specimen_10,50,0,0.5,0.18761644086961837,0.19530581137116032
expanded,selection,forward,retrieval,single,1.0,10,specimen_10,60,90,1.0,0.2106082312090697,0.0738867311890492
expanded,selection,forward,retrieval,single,1.0,57,specimen_57,30,0,0.5,0.12499290100467005,0.006127078818665949
expanded,selection,forward,retrieval,single,1.0,57,specimen_57,40,45,1.0,0.14410427733786604,0.020915920943198607
expanded,selection,forward,retrieval,single,1.0,57,specimen_57,50,0,0.5,0.16653401555759842,0.08707102596764871
expanded,selection,forward,retrieval,single,1.0,57,specimen_57,60,90,1.0,0.14266469572436555,0.17494234223062466
expanded,selection,forward,retrieval,speed,0.25,10,specimen_10,30,0,0.5,0.22413147042649437,0.19757265169166893
expanded,selection,forward,retrieval,speed,0.25,10,specimen_10,40,45,1.0,0.18053079787301848,0.20598893696551301
expanded,selection,forward,retrieval,speed,0.25,10,specimen_10,50,0,0.5,0.18761644086961837,0.19530581137116032
expanded,selection,forward,retrieval,speed,0.25,10,specimen_10,60,90,1.0,0.2106082312090697,0.0738867311890492
expanded,selection,forward,retrieval,speed,0.25,57,specimen_57,30,0,0.5,0.12499290100467005,0.006127078818665949
expanded,selection,forward,retrieval,speed,0.25,57,specimen_57,40,45,1.0,0.14410427733786604,0.020915920943198607
expanded,selection,forward,retrieval,speed,0.25,57,specimen_57,50,0,0.5,0.16653401555759842,0.08707102596764871
expanded,selection,forward,retrieval,speed,0.25,57,specimen_57,60,90,1.0,0.14266469572436555,0.17494234223062466
expanded,selection,forward,retrieval,speed,0.5,10,specimen_10,30,0,0.5,0.22413147042649437,0.19757265169166893
expanded,selection,forward,retrieval,speed,0.5,10,specimen_10,40,45,1.0,0.18053079787301848,0.20598893696551301
expanded,selection,forward,retrieval,speed,0.5,10,specimen_10,50,0,0.5,0.18761644086961837,0.19530581137116032
expanded,selection,forward,retrieval,speed,0.5,10,specimen_10,60,90,1.0,0.2106082312090697,0.0738867311890492
expanded,selection,forward,retrieval,speed,0.5,57,specimen_57,30,0,0.5,0.12499290100467005,0.006127078818665949
expanded,selection,forward,retrieval,speed,0.5,57,specimen_57,40,45,1.0,0.14410427733786604,0.020915920943198607
expanded,selection,forward,retrieval,speed,0.5,57,specimen_57,50,0,0.5,0.16653401555759842,0.08707102596764871
expanded,selection,forward,retrieval,speed,0.5,57,specimen_57,60,90,1.0,0.14266469572436555,0.17494234223062466
expanded,selection,forward,retrieval,speed,1.0,10,specimen_10,30,0,0.5,0.22413147042649437,0.19757265169166893
expanded,selection,forward,retrieval,speed,1.0,10,specimen_10,40,45,1.0,0.18053079787301848,0.20598893696551301
expanded,selection,forward,retrieval,speed,1.0,10,specimen_10,50,0,0.5,0.18761644086961837,0.19530581137116032
expanded,selection,forward,retrieval,speed,1.0,10,specimen_10,60,90,1.0,0.2106082312090697,0.0738867311890492
expanded,selection,forward,retrieval,speed,1.0,57,specimen_57,30,0,0.5,0.12499290100467005,0.006127078818665949
expanded,selection,forward,retrieval,speed,1.0,57,specimen_57,40,45,1.0,0.14410427733786604,0.020915920943198607
expanded,selection,forward,retrieval,speed,1.0,57,specimen_57,50,0,0.5,0.16653401555759842,0.08707102596764871
expanded,selection,forward,retrieval,speed,1.0,57,specimen_57,60,90,1.0,0.14266469572436555,0.17494234223062466
expanded,selection,forward,speed_rescaling,direction,0.25,10,specimen_10,30,0,0.5,0.25669558544448196,0.21364403432885737
expanded,selection,forward,speed_rescaling,direction,0.25,10,specimen_10,40,45,1.0,0.4989314874595725,0.19347553639320458
expanded,selection,forward,speed_rescaling,direction,0.25,10,specimen_10,50,0,0.5,0.33441851374441267,0.21555522734011467
expanded,selection,forward,speed_rescaling,direction,0.25,10,specimen_10,60,90,1.0,0.6434245845130365,0.6838196507742724
expanded,selection,forward,speed_rescaling,direction,0.25,57,specimen_57,30,0,0.5,0.24593607826738087,0.07552925079977937
expanded,selection,forward,speed_rescaling,direction,0.25,57,specimen_57,40,45,1.0,0.544284345539887,0.5450260577782734
expanded,selection,forward,speed_rescaling,direction,0.25,57,specimen_57,50,0,0.5,0.3467738591647676,0.3855750998640354
expanded,selection,forward,speed_rescaling,direction,0.25,57,specimen_57,60,90,1.0,0.7217088289159485,0.4461401271577776
expanded,selection,forward,speed_rescaling,direction,0.5,10,specimen_10,30,0,0.5,0.22690243062032342,0.08920308080865558
expanded,selection,forward,speed_rescaling,direction,0.5,10,specimen_10,40,45,1.0,0.4714158579232564,0.34059002052330833
expanded,selection,forward,speed_rescaling,direction,0.5,10,specimen_10,50,0,0.5,0.30336295831186777,0.3478141936280784
expanded,selection,forward,speed_rescaling,direction,0.5,10,specimen_10,60,90,1.0,0.6120737322049332,0.509441650215233
expanded,selection,forward,speed_rescaling,direction,0.5,57,specimen_57,30,0,0.5,0.23066362946897398,0.061744983199833264
expanded,selection,forward,speed_rescaling,direction,0.5,57,specimen_57,40,45,1.0,0.5241534666353121,0.5641436316433708
expanded,selection,forward,speed_rescaling,direction,0.5,57,specimen_57,50,0,0.5,0.3298697153807401,0.40347254614666495
expanded,selection,forward,speed_rescaling,direction,0.5,57,specimen_57,60,90,1.0,0.725478428351325,0.4207801637836537
expanded,selection,forward,speed_rescaling,direction,1.0,10,specimen_10,30,0,0.5,0.21821531875617617,0.028243069890050765
expanded,selection,forward,speed_rescaling,direction,1.0,10,specimen_10,40,45,1.0,0.4482533401463775,0.4153219836042784
expanded,selection,forward,speed_rescaling,direction,1.0,10,specimen_10,50,0,0.5,0.28703802653995114,0.4145189243377706
expanded,selection,forward,speed_rescaling,direction,1.0,10,specimen_10,60,90,1.0,0.6076803663289293,0.4286440908550766
expanded,selection,forward,speed_rescaling,direction,1.0,57,specimen_57,30,0,0.5,0.21366611111114486,0.05157049529467264
expanded,selection,forward,speed_rescaling,direction,1.0,57,specimen_57,40,45,1.0,0.5097454751944293,0.5779587644899513
expanded,selection,forward,speed_rescaling,direction,1.0,57,specimen_57,50,0,0.5,0.30612580756359453,0.41646723590111057
expanded,selection,forward,speed_rescaling,direction,1.0,57,specimen_57,60,90,1.0,0.6878635347761696,0.38537208184706206
expanded,selection,forward,speed_rescaling,load,0.25,10,specimen_10,30,0,0.5,0.25669558544448196,0.21364403432885737
expanded,selection,forward,speed_rescaling,load,0.25,10,specimen_10,40,45,1.0,0.4989314874595725,0.19347553639320458
expanded,selection,forward,speed_rescaling,load,0.25,10,specimen_10,50,0,0.5,0.33441851374441267,0.21555522734011467
expanded,selection,forward,speed_rescaling,load,0.25,10,specimen_10,60,90,1.0,0.8792816459033072,1.0623137263470857
expanded,selection,forward,speed_rescaling,load,0.25,57,specimen_57,30,0,0.5,0.24593607826738087,0.07552925079977937
expanded,selection,forward,speed_rescaling,load,0.25,57,specimen_57,40,45,1.0,0.544284345539887,0.5450260577782734
expanded,selection,forward,speed_rescaling,load,0.25,57,specimen_57,50,0,0.5,0.3467738591647676,0.3855750998640354
expanded,selection,forward,speed_rescaling,load,0.25,57,specimen_57,60,90,1.0,0.8974321691980824,1.6162547126006712
expanded,selection,forward,speed_rescaling,load,0.5,10,specimen_10,30,0,0.5,0.22690243062032342,0.08920308080865558
expanded,selection,forward,speed_rescaling,load,0.5,10,specimen_10,40,45,1.0,0.4714158579232564,0.34059002052330833
expanded,selection,forward,speed_rescaling,load,0.5,10,specimen_10,50,0,0.5,0.30336295831186777,0.3478141936280784
expanded,selection,forward,speed_rescaling,load,0.5,10,specimen_10,60,90,1.0,0.8463969283621914,1.2152148380081247
expanded,selection,forward,speed_rescaling,load,0.5,57,specimen_57,30,0,0.5,0.23066362946897398,0.061744983199833264
expanded,selection,forward,speed_rescaling,load,0.5,57,specimen_57,40,45,1.0,0.5241534666353121,0.5641436316433708
expanded,selection,forward,speed_rescaling,load,0.5,57,specimen_57,50,0,0.5,0.3298697153807401,0.40347254614666495
expanded,selection,forward,speed_rescaling,load,0.5,57,specimen_57,60,90,1.0,0.8952562745033319,1.6367687773769306
expanded,selection,forward,speed_rescaling,load,1.0,10,specimen_10,30,0,0.5,0.21821531875617617,0.028243069890050765
expanded,selection,forward,speed_rescaling,load,1.0,10,specimen_10,40,45,1.0,0.4482533401463775,0.4153219836042784
expanded,selection,forward,speed_rescaling,load,1.0,10,specimen_10,50,0,0.5,0.28703802653995114,0.4145189243377706
expanded,selection,forward,speed_rescaling,load,1.0,10,specimen_10,60,90,1.0,0.8310498457848966,1.2934574814896425
expanded,selection,forward,speed_rescaling,load,1.0,57,specimen_57,30,0,0.5,0.21366611111114486,0.05157049529467264
expanded,selection,forward,speed_rescaling,load,1.0,57,specimen_57,40,45,1.0,0.5097454751944293,0.5779587644899513
expanded,selection,forward,speed_rescaling,load,1.0,57,specimen_57,50,0,0.5,0.30612580756359453,0.41646723590111057
expanded,selection,forward,speed_rescaling,load,1.0,57,specimen_57,60,90,1.0,0.8822391121153772,1.6516921132916245
expanded,selection,forward,speed_rescaling,repeat,0.25,10,specimen_10,30,0,0.5,0.25669558544448196,0.21364403432885737
expanded,selection,forward,speed_rescaling,repeat,0.25,10,specimen_10,40,45,1.0,0.4989314874595725,0.19347553639320458
expanded,selection,forward,speed_rescaling,repeat,0.25,10,specimen_10,50,0,0.5,0.33441851374441267,0.21555522734011467
expanded,selection,forward,speed_rescaling,repeat,0.25,10,specimen_10,60,90,1.0,0.8792816459033072,1.0623137263470857
expanded,selection,forward,speed_rescaling,repeat,0.25,57,specimen_57,30,0,0.5,0.24593607826738087,0.07552925079977937
expanded,selection,forward,speed_rescaling,repeat,0.25,57,specimen_57,40,45,1.0,0.544284345539887,0.5450260577782734
expanded,selection,forward,speed_rescaling,repeat,0.25,57,specimen_57,50,0,0.5,0.3467738591647676,0.3855750998640354
expanded,selection,forward,speed_rescaling,repeat,0.25,57,specimen_57,60,90,1.0,0.8974321691980824,1.6162547126006712
expanded,selection,forward,speed_rescaling,repeat,0.5,10,specimen_10,30,0,0.5,0.22690243062032342,0.08920308080865558
expanded,selection,forward,speed_rescaling,repeat,0.5,10,specimen_10,40,45,1.0,0.4714158579232564,0.34059002052330833
expanded,selection,forward,speed_rescaling,repeat,0.5,10,specimen_10,50,0,0.5,0.30336295831186777,0.3478141936280784
expanded,selection,forward,speed_rescaling,repeat,0.5,10,specimen_10,60,90,1.0,0.8463969283621914,1.2152148380081247
expanded,selection,forward,speed_rescaling,repeat,0.5,57,specimen_57,30,0,0.5,0.23066362946897398,0.061744983199833264
expanded,selection,forward,speed_rescaling,repeat,0.5,57,specimen_57,40,45,1.0,0.5241534666353121,0.5641436316433708
expanded,selection,forward,speed_rescaling,repeat,0.5,57,specimen_57,50,0,0.5,0.3298697153807401,0.40347254614666495
expanded,selection,forward,speed_rescaling,repeat,0.5,57,specimen_57,60,90,1.0,0.8952562745033319,1.6367687773769306
expanded,selection,forward,speed_rescaling,repeat,1.0,10,specimen_10,30,0,0.5,0.21821531875617617,0.028243069890050765
expanded,selection,forward,speed_rescaling,repeat,1.0,10,specimen_10,40,45,1.0,0.4482533401463775,0.4153219836042784
expanded,selection,forward,speed_rescaling,repeat,1.0,10,specimen_10,50,0,0.5,0.28703802653995114,0.4145189243377706
expanded,selection,forward,speed_rescaling,repeat,1.0,10,specimen_10,60,90,1.0,0.8310498457848966,1.2934574814896425
expanded,selection,forward,speed_rescaling,repeat,1.0,57,specimen_57,30,0,0.5,0.21366611111114486,0.05157049529467264
expanded,selection,forward,speed_rescaling,repeat,1.0,57,specimen_57,40,45,1.0,0.5097454751944293,0.5779587644899513
expanded,selection,forward,speed_rescaling,repeat,1.0,57,specimen_57,50,0,0.5,0.30612580756359453,0.41646723590111057
expanded,selection,forward,speed_rescaling,repeat,1.0,57,specimen_57,60,90,1.0,0.8822391121153772,1.6516921132916245
expanded,selection,forward,speed_rescaling,single,0.25,10,specimen_10,30,0,0.5,0.25669558544448196,0.21364403432885737
expanded,selection,forward,speed_rescaling,single,0.25,10,specimen_10,40,45,1.0,0.4989314874595725,0.19347553639320458
expanded,selection,forward,speed_rescaling,single,0.25,10,specimen_10,50,0,0.5,0.33441851374441267,0.21555522734011467
expanded,selection,forward,speed_rescaling,single,0.25,10,specimen_10,60,90,1.0,0.8792816459033072,1.0623137263470857
expanded,selection,forward,speed_rescaling,single,0.25,57,specimen_57,30,0,0.5,0.24593607826738087,0.07552925079977937
expanded,selection,forward,speed_rescaling,single,0.25,57,specimen_57,40,45,1.0,0.544284345539887,0.5450260577782734
expanded,selection,forward,speed_rescaling,single,0.25,57,specimen_57,50,0,0.5,0.3467738591647676,0.3855750998640354
expanded,selection,forward,speed_rescaling,single,0.25,57,specimen_57,60,90,1.0,0.8974321691980824,1.6162547126006712
expanded,selection,forward,speed_rescaling,single,0.5,10,specimen_10,30,0,0.5,0.22690243062032342,0.08920308080865558
expanded,selection,forward,speed_rescaling,single,0.5,10,specimen_10,40,45,1.0,0.4714158579232564,0.34059002052330833
expanded,selection,forward,speed_rescaling,single,0.5,10,specimen_10,50,0,0.5,0.30336295831186777,0.3478141936280784
expanded,selection,forward,speed_rescaling,single,0.5,10,specimen_10,60,90,1.0,0.8463969283621914,1.2152148380081247
expanded,selection,forward,speed_rescaling,single,0.5,57,specimen_57,30,0,0.5,0.23066362946897398,0.061744983199833264
expanded,selection,forward,speed_rescaling,single,0.5,57,specimen_57,40,45,1.0,0.5241534666353121,0.5641436316433708
expanded,selection,forward,speed_rescaling,single,0.5,57,specimen_57,50,0,0.5,0.3298697153807401,0.40347254614666495
expanded,selection,forward,speed_rescaling,single,0.5,57,specimen_57,60,90,1.0,0.8952562745033319,1.6367687773769306
expanded,selection,forward,speed_rescaling,single,1.0,10,specimen_10,30,0,0.5,0.21821531875617617,0.028243069890050765
expanded,selection,forward,speed_rescaling,single,1.0,10,specimen_10,40,45,1.0,0.4482533401463775,0.4153219836042784
expanded,selection,forward,speed_rescaling,single,1.0,10,specimen_10,50,0,0.5,0.28703802653995114,0.4145189243377706
expanded,selection,forward,speed_rescaling,single,1.0,10,specimen_10,60,90,1.0,0.8310498457848966,1.2934574814896425
expanded,selection,forward,speed_rescaling,single,1.0,57,specimen_57,30,0,0.5,0.21366611111114486,0.05157049529467264
expanded,selection,forward,speed_rescaling,single,1.0,57,specimen_57,40,45,1.0,0.5097454751944293,0.5779587644899513
expanded,selection,forward,speed_rescaling,single,1.0,57,specimen_57,50,0,0.5,0.30612580756359453,0.41646723590111057
expanded,selection,forward,speed_rescaling,single,1.0,57,specimen_57,60,90,1.0,0.8822391121153772,1.6516921132916245
expanded,selection,forward,speed_rescaling,speed,0.25,10,specimen_10,30,0,0.5,0.25669558544448196,0.21364403432885737
expanded,selection,forward,speed_rescaling,speed,0.25,10,specimen_10,40,45,1.0,0.4989314874595725,0.19347553639320458
expanded,selection,forward,speed_rescaling,speed,0.25,10,specimen_10,50,0,0.5,0.33441851374441267,0.21555522734011467
expanded,selection,forward,speed_rescaling,speed,0.25,10,specimen_10,60,90,1.0,0.8792816459033072,1.0623137263470857
expanded,selection,forward,speed_rescaling,speed,0.25,57,specimen_57,30,0,0.5,0.24593607826738087,0.07552925079977937
expanded,selection,forward,speed_rescaling,speed,0.25,57,specimen_57,40,45,1.0,0.544284345539887,0.5450260577782734
expanded,selection,forward,speed_rescaling,speed,0.25,57,specimen_57,50,0,0.5,0.3467738591647676,0.3855750998640354
expanded,selection,forward,speed_rescaling,speed,0.25,57,specimen_57,60,90,1.0,0.8974321691980824,1.6162547126006712
expanded,selection,forward,speed_rescaling,speed,0.5,10,specimen_10,30,0,0.5,0.22690243062032342,0.08920308080865558
expanded,selection,forward,speed_rescaling,speed,0.5,10,specimen_10,40,45,1.0,0.4714158579232564,0.34059002052330833
expanded,selection,forward,speed_rescaling,speed,0.5,10,specimen_10,50,0,0.5,0.30336295831186777,0.3478141936280784
expanded,selection,forward,speed_rescaling,speed,0.5,10,specimen_10,60,90,1.0,0.8463969283621914,1.2152148380081247
expanded,selection,forward,speed_rescaling,speed,0.5,57,specimen_57,30,0,0.5,0.23066362946897398,0.061744983199833264
expanded,selection,forward,speed_rescaling,speed,0.5,57,specimen_57,40,45,1.0,0.5241534666353121,0.5641436316433708
expanded,selection,forward,speed_rescaling,speed,0.5,57,specimen_57,50,0,0.5,0.3298697153807401,0.40347254614666495
expanded,selection,forward,speed_rescaling,speed,0.5,57,specimen_57,60,90,1.0,0.8952562745033319,1.6367687773769306
expanded,selection,forward,speed_rescaling,speed,1.0,10,specimen_10,30,0,0.5,0.21821531875617617,0.028243069890050765
expanded,selection,forward,speed_rescaling,speed,1.0,10,specimen_10,40,45,1.0,0.4482533401463775,0.4153219836042784
expanded,selection,forward,speed_rescaling,speed,1.0,10,specimen_10,50,0,0.5,0.28703802653995114,0.4145189243377706
expanded,selection,forward,speed_rescaling,speed,1.0,10,specimen_10,60,90,1.0,0.8310498457848966,1.2934574814896425
expanded,selection,forward,speed_rescaling,speed,1.0,57,specimen_57,30,0,0.5,0.21366611111114486,0.05157049529467264
expanded,selection,forward,speed_rescaling,speed,1.0,57,specimen_57,40,45,1.0,0.5097454751944293,0.5779587644899513
expanded,selection,forward,speed_rescaling,speed,1.0,57,specimen_57,50,0,0.5,0.30612580756359453,0.41646723590111057
expanded,selection,forward,speed_rescaling,speed,1.0,57,specimen_57,60,90,1.0,0.8822391121153772,1.6516921132916245
expanded,selection,reverse,conditions_only,direction,0.25,10,specimen_10,30,0,0.5,0.23743565923700738,0.18437052356120887
expanded,selection,reverse,conditions_only,direction,0.25,10,specimen_10,40,45,1.0,0.17574067307318822,0.3272335159556119
expanded,selection,reverse,conditions_only,direction,0.25,10,specimen_10,50,0,0.5,0.4068903013514311,0.5545004421230368
expanded,selection,reverse,conditions_only,direction,0.25,10,specimen_10,60,90,1.0,0.2610814974302436,0.7358764973836207
expanded,selection,reverse,conditions_only,direction,0.25,57,specimen_57,30,0,0.5,0.5040416481306599,0.1890686661081978
expanded,selection,reverse,conditions_only,direction,0.25,57,specimen_57,40,45,1.0,0.36576589969152834,0.10670655891678205
expanded,selection,reverse,conditions_only,direction,0.25,57,specimen_57,50,0,0.5,0.4615185457997515,0.21793894782326168
expanded,selection,reverse,conditions_only,direction,0.25,57,specimen_57,60,90,1.0,0.22381518619654694,0.38347589879201216
expanded,selection,reverse,conditions_only,direction,0.5,10,specimen_10,30,0,0.5,0.23743565923700738,0.18437052356120887
expanded,selection,reverse,conditions_only,direction,0.5,10,specimen_10,40,45,1.0,0.17574067307318822,0.3272335159556119
expanded,selection,reverse,conditions_only,direction,0.5,10,specimen_10,50,0,0.5,0.4068903013514311,0.5545004421230368
expanded,selection,reverse,conditions_only,direction,0.5,10,specimen_10,60,90,1.0,0.2610814974302436,0.7358764973836207
expanded,selection,reverse,conditions_only,direction,0.5,57,specimen_57,30,0,0.5,0.5040416481306599,0.1890686661081978
expanded,selection,reverse,conditions_only,direction,0.5,57,specimen_57,40,45,1.0,0.36576589969152834,0.10670655891678205
expanded,selection,reverse,conditions_only,direction,0.5,57,specimen_57,50,0,0.5,0.4615185457997515,0.21793894782326168
expanded,selection,reverse,conditions_only,direction,0.5,57,specimen_57,60,90,1.0,0.22381518619654694,0.38347589879201216
expanded,selection,reverse,conditions_only,direction,1.0,10,specimen_10,30,0,0.5,0.23743565923700738,0.18437052356120887
expanded,selection,reverse,conditions_only,direction,1.0,10,specimen_10,40,45,1.0,0.17574067307318822,0.3272335159556119
expanded,selection,reverse,conditions_only,direction,1.0,10,specimen_10,50,0,0.5,0.4068903013514311,0.5545004421230368
expanded,selection,reverse,conditions_only,direction,1.0,10,specimen_10,60,90,1.0,0.2610814974302436,0.7358764973836207
expanded,selection,reverse,conditions_only,direction,1.0,57,specimen_57,30,0,0.5,0.5040416481306599,0.1890686661081978
expanded,selection,reverse,conditions_only,direction,1.0,57,specimen_57,40,45,1.0,0.36576589969152834,0.10670655891678205
expanded,selection,reverse,conditions_only,direction,1.0,57,specimen_57,50,0,0.5,0.4615185457997515,0.21793894782326168
expanded,selection,reverse,conditions_only,direction,1.0,57,specimen_57,60,90,1.0,0.22381518619654694,0.38347589879201216
expanded,selection,reverse,conditions_only,load,0.25,10,specimen_10,30,0,0.5,0.23743565923700738,0.18437052356120887
expanded,selection,reverse,conditions_only,load,0.25,10,specimen_10,40,45,1.0,0.17574067307318822,0.3272335159556119
expanded,selection,reverse,conditions_only,load,0.25,10,specimen_10,50,0,0.5,0.4068903013514311,0.5545004421230368
expanded,selection,reverse,conditions_only,load,0.25,10,specimen_10,60,90,1.0,0.2610814974302436,0.7358764973836207
expanded,selection,reverse,conditions_only,load,0.25,57,specimen_57,30,0,0.5,0.5040416481306599,0.1890686661081978
expanded,selection,reverse,conditions_only,load,0.25,57,specimen_57,40,45,1.0,0.36576589969152834,0.10670655891678205
expanded,selection,reverse,conditions_only,load,0.25,57,specimen_57,50,0,0.5,0.4615185457997515,0.21793894782326168
expanded,selection,reverse,conditions_only,load,0.25,57,specimen_57,60,90,1.0,0.22381518619654694,0.38347589879201216
expanded,selection,reverse,conditions_only,load,0.5,10,specimen_10,30,0,0.5,0.23743565923700738,0.18437052356120887
expanded,selection,reverse,conditions_only,load,0.5,10,specimen_10,40,45,1.0,0.17574067307318822,0.3272335159556119
expanded,selection,reverse,conditions_only,load,0.5,10,specimen_10,50,0,0.5,0.4068903013514311,0.5545004421230368
expanded,selection,reverse,conditions_only,load,0.5,10,specimen_10,60,90,1.0,0.2610814974302436,0.7358764973836207
expanded,selection,reverse,conditions_only,load,0.5,57,specimen_57,30,0,0.5,0.5040416481306599,0.1890686661081978
expanded,selection,reverse,conditions_only,load,0.5,57,specimen_57,40,45,1.0,0.36576589969152834,0.10670655891678205
expanded,selection,reverse,conditions_only,load,0.5,57,specimen_57,50,0,0.5,0.4615185457997515,0.21793894782326168
expanded,selection,reverse,conditions_only,load,0.5,57,specimen_57,60,90,1.0,0.22381518619654694,0.38347589879201216
expanded,selection,reverse,conditions_only,load,1.0,10,specimen_10,30,0,0.5,0.23743565923700738,0.18437052356120887
expanded,selection,reverse,conditions_only,load,1.0,10,specimen_10,40,45,1.0,0.17574067307318822,0.3272335159556119
expanded,selection,reverse,conditions_only,load,1.0,10,specimen_10,50,0,0.5,0.4068903013514311,0.5545004421230368
expanded,selection,reverse,conditions_only,load,1.0,10,specimen_10,60,90,1.0,0.2610814974302436,0.7358764973836207
expanded,selection,reverse,conditions_only,load,1.0,57,specimen_57,30,0,0.5,0.5040416481306599,0.1890686661081978
expanded,selection,reverse,conditions_only,load,1.0,57,specimen_57,40,45,1.0,0.36576589969152834,0.10670655891678205
expanded,selection,reverse,conditions_only,load,1.0,57,specimen_57,50,0,0.5,0.4615185457997515,0.21793894782326168
expanded,selection,reverse,conditions_only,load,1.0,57,specimen_57,60,90,1.0,0.22381518619654694,0.38347589879201216
expanded,selection,reverse,conditions_only,repeat,0.25,10,specimen_10,30,0,0.5,0.23743565923700738,0.18437052356120887
expanded,selection,reverse,conditions_only,repeat,0.25,10,specimen_10,40,45,1.0,0.17574067307318822,0.3272335159556119
expanded,selection,reverse,conditions_only,repeat,0.25,10,specimen_10,50,0,0.5,0.4068903013514311,0.5545004421230368
expanded,selection,reverse,conditions_only,repeat,0.25,10,specimen_10,60,90,1.0,0.2610814974302436,0.7358764973836207
expanded,selection,reverse,conditions_only,repeat,0.25,57,specimen_57,30,0,0.5,0.5040416481306599,0.1890686661081978
expanded,selection,reverse,conditions_only,repeat,0.25,57,specimen_57,40,45,1.0,0.36576589969152834,0.10670655891678205
expanded,selection,reverse,conditions_only,repeat,0.25,57,specimen_57,50,0,0.5,0.4615185457997515,0.21793894782326168
expanded,selection,reverse,conditions_only,repeat,0.25,57,specimen_57,60,90,1.0,0.22381518619654694,0.38347589879201216
expanded,selection,reverse,conditions_only,repeat,0.5,10,specimen_10,30,0,0.5,0.23743565923700738,0.18437052356120887
expanded,selection,reverse,conditions_only,repeat,0.5,10,specimen_10,40,45,1.0,0.17574067307318822,0.3272335159556119
expanded,selection,reverse,conditions_only,repeat,0.5,10,specimen_10,50,0,0.5,0.4068903013514311,0.5545004421230368
expanded,selection,reverse,conditions_only,repeat,0.5,10,specimen_10,60,90,1.0,0.2610814974302436,0.7358764973836207
expanded,selection,reverse,conditions_only,repeat,0.5,57,specimen_57,30,0,0.5,0.5040416481306599,0.1890686661081978
expanded,selection,reverse,conditions_only,repeat,0.5,57,specimen_57,40,45,1.0,0.36576589969152834,0.10670655891678205
expanded,selection,reverse,conditions_only,repeat,0.5,57,specimen_57,50,0,0.5,0.4615185457997515,0.21793894782326168
expanded,selection,reverse,conditions_only,repeat,0.5,57,specimen_57,60,90,1.0,0.22381518619654694,0.38347589879201216
expanded,selection,reverse,conditions_only,repeat,1.0,10,specimen_10,30,0,0.5,0.23743565923700738,0.18437052356120887
expanded,selection,reverse,conditions_only,repeat,1.0,10,specimen_10,40,45,1.0,0.17574067307318822,0.3272335159556119
expanded,selection,reverse,conditions_only,repeat,1.0,10,specimen_10,50,0,0.5,0.4068903013514311,0.5545004421230368
expanded,selection,reverse,conditions_only,repeat,1.0,10,specimen_10,60,90,1.0,0.2610814974302436,0.7358764973836207
expanded,selection,reverse,conditions_only,repeat,1.0,57,specimen_57,30,0,0.5,0.5040416481306599,0.1890686661081978
expanded,selection,reverse,conditions_only,repeat,1.0,57,specimen_57,40,45,1.0,0.36576589969152834,0.10670655891678205
expanded,selection,reverse,conditions_only,repeat,1.0,57,specimen_57,50,0,0.5,0.4615185457997515,0.21793894782326168
expanded,selection,reverse,conditions_only,repeat,1.0,57,specimen_57,60,90,1.0,0.22381518619654694,0.38347589879201216
expanded,selection,reverse,conditions_only,single,0.25,10,specimen_10,30,0,0.5,0.23743565923700738,0.18437052356120887
expanded,selection,reverse,conditions_only,single,0.25,10,specimen_10,40,45,1.0,0.17574067307318822,0.3272335159556119
expanded,selection,reverse,conditions_only,single,0.25,10,specimen_10,50,0,0.5,0.4068903013514311,0.5545004421230368
expanded,selection,reverse,conditions_only,single,0.25,10,specimen_10,60,90,1.0,0.2610814974302436,0.7358764973836207
expanded,selection,reverse,conditions_only,single,0.25,57,specimen_57,30,0,0.5,0.5040416481306599,0.1890686661081978
expanded,selection,reverse,conditions_only,single,0.25,57,specimen_57,40,45,1.0,0.36576589969152834,0.10670655891678205
expanded,selection,reverse,conditions_only,single,0.25,57,specimen_57,50,0,0.5,0.4615185457997515,0.21793894782326168
expanded,selection,reverse,conditions_only,single,0.25,57,specimen_57,60,90,1.0,0.22381518619654694,0.38347589879201216
expanded,selection,reverse,conditions_only,single,0.5,10,specimen_10,30,0,0.5,0.23743565923700738,0.18437052356120887
expanded,selection,reverse,conditions_only,single,0.5,10,specimen_10,40,45,1.0,0.17574067307318822,0.3272335159556119
expanded,selection,reverse,conditions_only,single,0.5,10,specimen_10,50,0,0.5,0.4068903013514311,0.5545004421230368
expanded,selection,reverse,conditions_only,single,0.5,10,specimen_10,60,90,1.0,0.2610814974302436,0.7358764973836207
expanded,selection,reverse,conditions_only,single,0.5,57,specimen_57,30,0,0.5,0.5040416481306599,0.1890686661081978
expanded,selection,reverse,conditions_only,single,0.5,57,specimen_57,40,45,1.0,0.36576589969152834,0.10670655891678205
expanded,selection,reverse,conditions_only,single,0.5,57,specimen_57,50,0,0.5,0.4615185457997515,0.21793894782326168
expanded,selection,reverse,conditions_only,single,0.5,57,specimen_57,60,90,1.0,0.22381518619654694,0.38347589879201216
expanded,selection,reverse,conditions_only,single,1.0,10,specimen_10,30,0,0.5,0.23743565923700738,0.18437052356120887
expanded,selection,reverse,conditions_only,single,1.0,10,specimen_10,40,45,1.0,0.17574067307318822,0.3272335159556119
expanded,selection,reverse,conditions_only,single,1.0,10,specimen_10,50,0,0.5,0.4068903013514311,0.5545004421230368
expanded,selection,reverse,conditions_only,single,1.0,10,specimen_10,60,90,1.0,0.2610814974302436,0.7358764973836207
expanded,selection,reverse,conditions_only,single,1.0,57,specimen_57,30,0,0.5,0.5040416481306599,0.1890686661081978
expanded,selection,reverse,conditions_only,single,1.0,57,specimen_57,40,45,1.0,0.36576589969152834,0.10670655891678205
expanded,selection,reverse,conditions_only,single,1.0,57,specimen_57,50,0,0.5,0.4615185457997515,0.21793894782326168
expanded,selection,reverse,conditions_only,single,1.0,57,specimen_57,60,90,1.0,0.22381518619654694,0.38347589879201216
expanded,selection,reverse,conditions_only,speed,0.25,10,specimen_10,30,0,0.5,0.23743565923700738,0.18437052356120887
expanded,selection,reverse,conditions_only,speed,0.25,10,specimen_10,40,45,1.0,0.17574067307318822,0.3272335159556119
expanded,selection,reverse,conditions_only,speed,0.25,10,specimen_10,50,0,0.5,0.4068903013514311,0.5545004421230368
expanded,selection,reverse,conditions_only,speed,0.25,10,specimen_10,60,90,1.0,0.2610814974302436,0.7358764973836207
expanded,selection,reverse,conditions_only,speed,0.25,57,specimen_57,30,0,0.5,0.5040416481306599,0.1890686661081978
expanded,selection,reverse,conditions_only,speed,0.25,57,specimen_57,40,45,1.0,0.36576589969152834,0.10670655891678205
expanded,selection,reverse,conditions_only,speed,0.25,57,specimen_57,50,0,0.5,0.4615185457997515,0.21793894782326168
expanded,selection,reverse,conditions_only,speed,0.25,57,specimen_57,60,90,1.0,0.22381518619654694,0.38347589879201216
expanded,selection,reverse,conditions_only,speed,0.5,10,specimen_10,30,0,0.5,0.23743565923700738,0.18437052356120887
expanded,selection,reverse,conditions_only,speed,0.5,10,specimen_10,40,45,1.0,0.17574067307318822,0.3272335159556119
expanded,selection,reverse,conditions_only,speed,0.5,10,specimen_10,50,0,0.5,0.4068903013514311,0.5545004421230368
expanded,selection,reverse,conditions_only,speed,0.5,10,specimen_10,60,90,1.0,0.2610814974302436,0.7358764973836207
expanded,selection,reverse,conditions_only,speed,0.5,57,specimen_57,30,0,0.5,0.5040416481306599,0.1890686661081978
expanded,selection,reverse,conditions_only,speed,0.5,57,specimen_57,40,45,1.0,0.36576589969152834,0.10670655891678205
expanded,selection,reverse,conditions_only,speed,0.5,57,specimen_57,50,0,0.5,0.4615185457997515,0.21793894782326168
expanded,selection,reverse,conditions_only,speed,0.5,57,specimen_57,60,90,1.0,0.22381518619654694,0.38347589879201216
expanded,selection,reverse,conditions_only,speed,1.0,10,specimen_10,30,0,0.5,0.23743565923700738,0.18437052356120887
expanded,selection,reverse,conditions_only,speed,1.0,10,specimen_10,40,45,1.0,0.17574067307318822,0.3272335159556119
expanded,selection,reverse,conditions_only,speed,1.0,10,specimen_10,50,0,0.5,0.4068903013514311,0.5545004421230368
expanded,selection,reverse,conditions_only,speed,1.0,10,specimen_10,60,90,1.0,0.2610814974302436,0.7358764973836207
expanded,selection,reverse,conditions_only,speed,1.0,57,specimen_57,30,0,0.5,0.5040416481306599,0.1890686661081978
expanded,selection,reverse,conditions_only,speed,1.0,57,specimen_57,40,45,1.0,0.36576589969152834,0.10670655891678205
expanded,selection,reverse,conditions_only,speed,1.0,57,specimen_57,50,0,0.5,0.4615185457997515,0.21793894782326168
expanded,selection,reverse,conditions_only,speed,1.0,57,specimen_57,60,90,1.0,0.22381518619654694,0.38347589879201216
expanded,selection,reverse,copy,direction,0.25,10,specimen_10,30,0,0.5,0.5347983235355982,1.088033455225791
expanded,selection,reverse,copy,direction,0.25,10,specimen_10,40,45,1.0,0.31991061734275433,0.5532386404217509
expanded,selection,reverse,copy,direction,0.25,10,specimen_10,50,0,0.5,0.5073267764163997,0.626568407557256
expanded,selection,reverse,copy,direction,0.25,10,specimen_10,60,90,1.0,0.482360868956533,0.5675689789314473
expanded,selection,reverse,copy,direction,0.25,57,specimen_57,30,0,0.5,0.7933195917372554,1.254407647833842
expanded,selection,reverse,copy,direction,0.25,57,specimen_57,40,45,1.0,0.4021297570228189,0.5667006003992249
expanded,selection,reverse,copy,direction,0.25,57,specimen_57,50,0,0.5,0.673370617742156,0.7560649047956752
expanded,selection,reverse,copy,direction,0.25,57,specimen_57,60,90,1.0,0.5170861794453314,0.4222333774011946
expanded,selection,reverse,copy,direction,0.5,10,specimen_10,30,0,0.5,0.49026498209748914,0.9806770127419806
expanded,selection,reverse,copy,direction,0.5,10,specimen_10,40,45,1.0,0.30075930506948956,0.44588219793794037
expanded,selection,reverse,copy,direction,0.5,10,specimen_10,50,0,0.5,0.4954623724015342,0.5192119650734455
expanded,selection,reverse,copy,direction,0.5,10,specimen_10,60,90,1.0,0.4883538293159227,0.6749254214152578
expanded,selection,reverse,copy,direction,0.5,57,specimen_57,30,0,0.5,0.8072317455712511,1.2454883334590843
expanded,selection,reverse,copy,direction,0.5,57,specimen_57,40,45,1.0,0.4157445659805892,0.5577812860244672
expanded,selection,reverse,copy,direction,0.5,57,specimen_57,50,0,0.5,0.6910679144334188,0.7471455904209175
expanded,selection,reverse,copy,direction,0.5,57,specimen_57,60,90,1.0,0.49965556579336096,0.4311526917759523
expanded,selection,reverse,copy,direction,1.0,10,specimen_10,30,0,0.5,0.46501346032778884,0.9174930941733717
expanded,selection,reverse,copy,direction,1.0,10,specimen_10,40,45,1.0,0.27486963095384104,0.38269827936933143
expanded,selection,reverse,copy,direction,1.0,10,specimen_10,50,0,0.5,0.5046889980552155,0.4560280465048365
expanded,selection,reverse,copy,direction,1.0,10,specimen_10,60,90,1.0,0.4983042382060669,0.7381093399838667
expanded,selection,reverse,copy,direction,1.0,57,specimen_57,30,0,0.5,0.7963030344605828,1.2240349782490891
expanded,selection,reverse,copy,direction,1.0,57,specimen_57,40,45,1.0,0.4049848434897651,0.536327930814472
expanded,selection,reverse,copy,direction,1.0,57,specimen_57,50,0,0.5,0.665579436065099,0.7256922352109224
expanded,selection,reverse,copy,direction,1.0,57,specimen_57,60,90,1.0,0.501033973905412,0.4526060469859474
expanded,selection,reverse,copy,load,0.25,10,specimen_10,30,0,0.5,0.32941528010729965,0.30363670500019024
expanded,selection,reverse,copy,load,0.25,10,specimen_10,40,45,1.0,0.5007003002959257,0.23115810980385
expanded,selection,reverse,copy,load,0.25,10,specimen_10,50,0,0.5,0.2503505715218492,0.1578283426683449
expanded,selection,reverse,copy,load,0.25,10,specimen_10,60,90,1.0,0.7127807560549387,1.3519657291570482
expanded,selection,reverse,copy,load,0.25,57,specimen_57,30,0,0.5,0.23505459581152274,0.09608486713809747
expanded,selection,reverse,copy,load,0.25,57,specimen_57,40,45,1.0,0.5191841962626155,0.5916221802965196
expanded,selection,reverse,copy,load,0.25,57,specimen_57,50,0,0.5,0.3001520809465073,0.40225787590006923
expanded,selection,reverse,copy,load,0.25,57,specimen_57,60,90,1.0,0.94481168158492,1.5805561580969392
expanded,selection,reverse,copy,load,0.5,10,specimen_10,30,0,0.5,0.2817318084770421,0.2204024485554995
expanded,selection,reverse,copy,load,0.5,10,specimen_10,40,45,1.0,0.472001242434553,0.3143923662485407
expanded,selection,reverse,copy,load,0.5,10,specimen_10,50,0,0.5,0.22629723973946855,0.24106259911303562
expanded,selection,reverse,copy,load,0.5,10,specimen_10,60,90,1.0,0.7053131662291495,1.4351999856017388
expanded,selection,reverse,copy,load,0.5,57,specimen_57,30,0,0.5,0.21518774899334048,0.07653741168405451
expanded,selection,reverse,copy,load,0.5,57,specimen_57,40,45,1.0,0.5211291501527338,0.6111696357505625
expanded,selection,reverse,copy,load,0.5,57,specimen_57,50,0,0.5,0.2961996208228483,0.4218053313541122
expanded,selection,reverse,copy,load,0.5,57,specimen_57,60,90,1.0,0.9511337257081586,1.600103613550982
expanded,selection,reverse,copy,load,1.0,10,specimen_10,30,0,0.5,0.23447047535791735,0.1351235195726278
expanded,selection,reverse,copy,load,1.0,10,specimen_10,40,45,1.0,0.4484971318988918,0.3996712952314124
expanded,selection,reverse,copy,load,1.0,10,specimen_10,50,0,0.5,0.21734766778268522,0.32634152809590733
expanded,selection,reverse,copy,load,1.0,10,specimen_10,60,90,1.0,0.7074279970102836,1.5204789145846105
expanded,selection,reverse,copy,load,1.0,57,specimen_57,30,0,0.5,0.210791891106039,0.06693175021067074
expanded,selection,reverse,copy,load,1.0,57,specimen_57,40,45,1.0,0.5231088141242163,0.6207752972239463
expanded,selection,reverse,copy,load,1.0,57,specimen_57,50,0,0.5,0.2873114653944357,0.43141099282749595
expanded,selection,reverse,copy,load,1.0,57,specimen_57,60,90,1.0,0.9592111342409,1.6097092750243658
expanded,selection,reverse,copy,repeat,0.25,10,specimen_10,30,0,0.5,0.26270751996207514,0.23885974517881448
expanded,selection,reverse,copy,repeat,0.25,10,specimen_10,40,45,1.0,0.5052304189400222,0.29593506962522576
expanded,selection,reverse,copy,repeat,0.25,10,specimen_10,50,0,0.5,0.22019034343065613,0.22260530248972066
expanded,selection,reverse,copy,repeat,0.25,10,specimen_10,60,90,1.0,0.7367682586715721,1.4167426889784238
expanded,selection,reverse,copy,repeat,0.25,57,specimen_57,30,0,0.5,0.220752718816018,0.10189859403928067
expanded,selection,reverse,copy,repeat,0.25,57,specimen_57,40,45,1.0,0.5264755825508515,0.5858084533953364
expanded,selection,reverse,copy,repeat,0.25,57,specimen_57,50,0,0.5,0.30106770245011455,0.396444148998886
expanded,selection,reverse,copy,repeat,0.25,57,specimen_57,60,90,1.0,0.9382278888881279,1.5747424311957559
expanded,selection,reverse,copy,repeat,0.5,10,specimen_10,30,0,0.5,0.21850340315084815,0.15334583818362846
expanded,selection,reverse,copy,repeat,0.5,10,specimen_10,40,45,1.0,0.4823515025625811,0.3814489766204118
expanded,selection,reverse,copy,repeat,0.5,10,specimen_10,50,0,0.5,0.21103056264632422,0.3081192094849067
expanded,selection,reverse,copy,repeat,0.5,10,specimen_10,60,90,1.0,0.7389949817342659,1.50225659597361
expanded,selection,reverse,copy,repeat,0.5,57,specimen_57,30,0,0.5,0.20191208481822753,0.07965610232578482
expanded,selection,reverse,copy,repeat,0.5,57,specimen_57,40,45,1.0,0.5350864405926598,0.6080509451088323
expanded,selection,reverse,copy,repeat,0.5,57,specimen_57,50,0,0.5,0.2876893538606493,0.4186866407123819
expanded,selection,reverse,copy,repeat,0.5,57,specimen_57,60,90,1.0,0.9648121812589902,1.5969849229092516
expanded,selection,reverse,copy,repeat,1.0,10,specimen_10,30,0,0.5,0.1777351723850319,0.08230001875816662
expanded,selection,reverse,copy,repeat,1.0,10,specimen_10,40,45,1.0,0.464843218913009,0.4524947960458736
expanded,selection,reverse,copy,repeat,1.0,10,specimen_10,50,0,0.5,0.22990839780156733,0.3791650289103685
expanded,selection,reverse,copy,repeat,1.0,10,specimen_10,60,90,1.0,0.7454794815597533,1.5733024153990718
expanded,selection,reverse,copy,repeat,1.0,57,specimen_57,30,0,0.5,0.1997710961074155,0.06531594422262191
expanded,selection,reverse,copy,repeat,1.0,57,specimen_57,40,45,1.0,0.527031192138574,0.6223911032119951
expanded,selection,reverse,copy,repeat,1.0,57,specimen_57,50,0,0.5,0.27811729958921355,0.4330267988155448
expanded,selection,reverse,copy,repeat,1.0,57,specimen_57,60,90,1.0,0.9647948278736155,1.6113250810124147
expanded,selection,reverse,copy,single,0.25,10,specimen_10,30,0,0.5,0.27072583475770845,0.2470743994485568
expanded,selection,reverse,copy,single,0.25,10,specimen_10,40,45,1.0,0.5090504373874563,0.2877204153554834
expanded,selection,reverse,copy,single,0.25,10,specimen_10,50,0,0.5,0.25843353868929203,0.21439064821997833
expanded,selection,reverse,copy,single,0.25,10,specimen_10,60,90,1.0,0.7618848568812702,1.4085280347086817
expanded,selection,reverse,copy,single,0.25,57,specimen_57,30,0,0.5,0.25569190608083314,0.11443590390252831
expanded,selection,reverse,copy,single,0.25,57,specimen_57,40,45,1.0,0.5487488376982483,0.5732711435320887
expanded,selection,reverse,copy,single,0.25,57,specimen_57,50,0,0.5,0.32580771516806556,0.3839068391356384
expanded,selection,reverse,copy,single,0.25,57,specimen_57,60,90,1.0,0.9338004252671004,1.562205121332508
expanded,selection,reverse,copy,single,0.5,10,specimen_10,30,0,0.5,0.24562014855456518,0.20173545650619373
expanded,selection,reverse,copy,single,0.5,10,specimen_10,40,45,1.0,0.5016583086394738,0.3330593582978465
expanded,selection,reverse,copy,single,0.5,10,specimen_10,50,0,0.5,0.218272869199267,0.2597295911623414
expanded,selection,reverse,copy,single,0.5,10,specimen_10,60,90,1.0,0.7489415295266629,1.4538669776510447
expanded,selection,reverse,copy,single,0.5,57,specimen_57,30,0,0.5,0.22111204925946248,0.08703966560912987
expanded,selection,reverse,copy,single,0.5,57,specimen_57,40,45,1.0,0.5336099073956028,0.6006673818254872
expanded,selection,reverse,copy,single,0.5,57,specimen_57,50,0,0.5,0.30003138266596585,0.4113030774290368
expanded,selection,reverse,copy,single,0.5,57,specimen_57,60,90,1.0,0.9591852565360939,1.5896013596259067
expanded,selection,reverse,copy,single,1.0,10,specimen_10,30,0,0.5,0.19911441495702428,0.1255635512769807
expanded,selection,reverse,copy,single,1.0,10,specimen_10,40,45,1.0,0.4787008427963917,0.4092312635270595
expanded,selection,reverse,copy,single,1.0,10,specimen_10,50,0,0.5,0.2179410974278,0.3359014963915544
expanded,selection,reverse,copy,single,1.0,10,specimen_10,60,90,1.0,0.7479705556082606,1.5300388828802576
expanded,selection,reverse,copy,single,1.0,57,specimen_57,30,0,0.5,0.216344093847294,0.07056202223379762
expanded,selection,reverse,copy,single,1.0,57,specimen_57,40,45,1.0,0.523795615543555,0.6171450252008195
expanded,selection,reverse,copy,single,1.0,57,specimen_57,50,0,0.5,0.28677742624490365,0.4277807208043691
expanded,selection,reverse,copy,single,1.0,57,specimen_57,60,90,1.0,0.9529314693054413,1.6060790030012388
expanded,selection,reverse,copy,speed,0.25,10,specimen_10,30,0,0.5,0.1661741513205771,0.08569466282745719
expanded,selection,reverse,copy,speed,0.25,10,specimen_10,40,45,1.0,0.4335066726466666,0.44910015197658304
expanded,selection,reverse,copy,speed,0.25,10,specimen_10,50,0,0.5,0.29810944469738254,0.37577038484107794
expanded,selection,reverse,copy,speed,0.25,10,specimen_10,60,90,1.0,0.7592374153083007,1.569907771329781
expanded,selection,reverse,copy,speed,0.25,57,specimen_57,30,0,0.5,0.21905936302452,0.061286717175706024
expanded,selection,reverse,copy,speed,0.25,57,specimen_57,40,45,1.0,0.5232636609247794,0.6264203302589111
expanded,selection,reverse,copy,speed,0.25,57,specimen_57,50,0,0.5,0.30123519807452503,0.4370560258624607
expanded,selection,reverse,copy,speed,0.25,57,specimen_57,60,90,1.0,0.9501384741232296,1.6153543080593304
expanded,selection,reverse,copy,speed,0.5,10,specimen_10,30,0,0.5,0.13547752024304097,0.04957354929802982
expanded,selection,reverse,copy,speed,0.5,10,specimen_10,40,45,1.0,0.4308322481251258,0.4852212655060104
expanded,selection,reverse,copy,speed,0.5,10,specimen_10,50,0,0.5,0.30180453224997167,0.4118914983705053
expanded,selection,reverse,copy,speed,0.5,10,specimen_10,60,90,1.0,0.7568271233572196,1.6060288848592086
expanded,selection,reverse,copy,speed,0.5,57,specimen_57,30,0,0.5,0.1997183034458239,0.041472426158161296
expanded,selection,reverse,copy,speed,0.5,57,specimen_57,40,45,1.0,0.5196406683257563,0.6462346212764558
expanded,selection,reverse,copy,speed,0.5,57,specimen_57,50,0,0.5,0.2904269130671115,0.4568703168800054
expanded,selection,reverse,copy,speed,0.5,57,specimen_57,60,90,1.0,0.9674259320289309,1.6351685990768752
expanded,selection,reverse,copy,speed,1.0,10,specimen_10,30,0,0.5,0.11799128176804508,0.0026028530321206
expanded,selection,reverse,copy,speed,1.0,10,specimen_10,40,45,1.0,0.421701998590001,0.5373976678361608
expanded,selection,reverse,copy,speed,1.0,10,specimen_10,50,0,0.5,0.3302468948940188,0.46406790070065573
expanded,selection,reverse,copy,speed,1.0,10,specimen_10,60,90,1.0,0.7615600756794215,1.6582052871893591
expanded,selection,reverse,copy,speed,1.0,57,specimen_57,30,0,0.5,0.20712141690219754,0.03062164572080117
expanded,selection,reverse,copy,speed,1.0,57,specimen_57,40,45,1.0,0.5307526899939079,0.6570854017138159
expanded,selection,reverse,copy,speed,1.0,57,specimen_57,50,0,0.5,0.2844090289697708,0.46772109731736555
expanded,selection,reverse,copy,speed,1.0,57,specimen_57,60,90,1.0,0.9733318953085264,1.6460193795142353
expanded,selection,reverse,encoder,direction,0.25,10,specimen_10,30,0,0.5,0.23368356625239053,0.05891267754499396
expanded,selection,reverse,encoder,direction,0.25,10,specimen_10,40,45,1.0,0.23062253495057425,0.14977150851196555
expanded,selection,reverse,encoder,direction,0.25,10,specimen_10,50,0,0.5,0.22650445501009622,0.4003461049684985
expanded,selection,reverse,encoder,direction,0.25,10,specimen_10,60,90,1.0,0.20669744412104288,0.08435531752673671
expanded,selection,reverse,encoder,direction,0.25,57,specimen_57,30,0,0.5,0.4280125896135966,0.19477295253502755
expanded,selection,reverse,encoder,direction,0.25,57,specimen_57,40,45,1.0,0.32509749631086987,0.09949808306232806
expanded,selection,reverse,encoder,direction,0.25,57,specimen_57,50,0,0.5,0.46103941400845844,0.21547766172722124
expanded,selection,reverse,encoder,direction,0.25,57,specimen_57,60,90,1.0,0.22848591208457947,0.1440540198557172
expanded,selection,reverse,encoder,direction,0.5,10,specimen_10,30,0,0.5,0.2234488526980082,0.05265752787287561
expanded,selection,reverse,encoder,direction,0.5,10,specimen_10,40,45,1.0,0.2292775958776474,0.14913882870907155
expanded,selection,reverse,encoder,direction,0.5,10,specimen_10,50,0,0.5,0.22461151580015817,0.3947806326652145
expanded,selection,reverse,encoder,direction,0.5,10,specimen_10,60,90,1.0,0.20122081538041434,0.08990957565849393
expanded,selection,reverse,encoder,direction,0.5,57,specimen_57,30,0,0.5,0.29335251947244007,0.1432425428776104
expanded,selection,reverse,encoder,direction,0.5,57,specimen_57,40,45,1.0,0.2145669013261795,0.20257047093478345
expanded,selection,reverse,encoder,direction,0.5,57,specimen_57,50,0,0.5,0.32796331246693927,0.27566046508197606
expanded,selection,reverse,encoder,direction,0.5,57,specimen_57,60,90,1.0,0.14635211477677026,0.08295969865818272
expanded,selection,reverse,encoder,direction,1.0,10,specimen_10,30,0,0.5,0.20010055601596832,0.09088928301325892
expanded,selection,reverse,encoder,direction,1.0,10,specimen_10,40,45,1.0,0.18175790210564932,0.21131983735077306
expanded,selection,reverse,encoder,direction,1.0,10,specimen_10,50,0,0.5,0.2537631044785182,0.4384794786570283
expanded,selection,reverse,encoder,direction,1.0,10,specimen_10,60,90,1.0,0.19045809904734293,0.13525404767424284
expanded,selection,reverse,encoder,direction,1.0,57,specimen_57,30,0,0.5,0.2780628651380539,0.13910625863891465
expanded,selection,reverse,encoder,direction,1.0,57,specimen_57,40,45,1.0,0.2056395709514618,0.21001344943067002
expanded,selection,reverse,encoder,direction,1.0,57,specimen_57,50,0,0.5,0.31185166041056317,0.28148524516734247
expanded,selection,reverse,encoder,direction,1.0,57,specimen_57,60,90,1.0,0.14240771035353342,0.09588962420186371
expanded,selection,reverse,encoder,load,0.25,10,specimen_10,30,0,0.5,0.21633753180503845,0.028485220638401126
expanded,selection,reverse,encoder,load,0.25,10,specimen_10,40,45,1.0,0.23292655746142069,0.11347192708218808
expanded,selection,reverse,encoder,load,0.25,10,specimen_10,50,0,0.5,0.21161079903443655,0.3746280231153068
expanded,selection,reverse,encoder,load,0.25,10,specimen_10,60,90,1.0,0.1886073350906372,0.08822814902138054
expanded,selection,reverse,encoder,load,0.25,57,specimen_57,30,0,0.5,0.2715805222590764,0.14031516499070473
expanded,selection,reverse,encoder,load,0.25,57,specimen_57,40,45,1.0,0.2032451629638672,0.20499139391869847
expanded,selection,reverse,encoder,load,0.25,57,specimen_57,50,0,0.5,0.3055434425671895,0.27978879158561515
expanded,selection,reverse,encoder,load,0.25,57,specimen_57,60,90,1.0,0.1432812660932541,0.06817571045116806
expanded,selection,reverse,encoder,load,0.5,10,specimen_10,30,0,0.5,0.2328387349843979,0.022562648455044965
expanded,selection,reverse,encoder,load,0.5,10,specimen_10,40,45,1.0,0.25709231197834015,0.08427828782832048
expanded,selection,reverse,encoder,load,0.5,10,specimen_10,50,0,0.5,0.20974598824977875,0.35492024807062467
expanded,selection,reverse,encoder,load,0.5,10,specimen_10,60,90,1.0,0.19541780153910318,0.12892601499023293
expanded,selection,reverse,encoder,load,0.5,57,specimen_57,30,0,0.5,0.24296416342258453,0.12800793026596358
expanded,selection,reverse,encoder,load,0.5,57,specimen_57,40,45,1.0,0.18711401025454202,0.23074385904363215
expanded,selection,reverse,encoder,load,0.5,57,specimen_57,50,0,0.5,0.2763691842556,0.29633232211396393
expanded,selection,reverse,encoder,load,0.5,57,specimen_57,60,90,1.0,0.13736979166666666,0.1026809411001534
expanded,selection,reverse,encoder,load,1.0,10,specimen_10,30,0,0.5,0.2502274463574092,0.017822873548147673
expanded,selection,reverse,encoder,load,1.0,10,specimen_10,40,45,1.0,0.2766125599543254,0.06811521364556967
expanded,selection,reverse,encoder,load,1.0,10,specimen_10,50,0,0.5,0.21022222936153412,0.3421477896695977
expanded,selection,reverse,encoder,load,1.0,10,specimen_10,60,90,1.0,0.20196921626726785,0.1610981393005663
expanded,selection,reverse,encoder,load,1.0,57,specimen_57,30,0,0.5,0.2298324704170227,0.12193161060344948
expanded,selection,reverse,encoder,load,1.0,57,specimen_57,40,45,1.0,0.180743878086408,0.24424614834434524
expanded,selection,reverse,encoder,load,1.0,57,specimen_57,50,0,0.5,0.2586406320333481,0.3042845692817004
expanded,selection,reverse,encoder,load,1.0,57,specimen_57,60,90,1.0,0.138101264834404,0.12149647085506714
expanded,selection,reverse,encoder,repeat,0.25,10,specimen_10,30,0,0.5,0.1992542048295339,0.05801309995587541
expanded,selection,reverse,encoder,repeat,0.25,10,specimen_10,40,45,1.0,0.2033856858809789,0.16482726242107756
expanded,selection,reverse,encoder,repeat,0.25,10,specimen_10,50,0,0.5,0.22110108037789664,0.40718154546749075
expanded,selection,reverse,encoder,repeat,0.25,10,specimen_10,60,90,1.0,0.18675018846988678,0.03284450867863864
expanded,selection,reverse,encoder,repeat,0.25,57,specimen_57,30,0,0.5,0.2606692264477412,0.13668400036580217
expanded,selection,reverse,encoder,repeat,0.25,57,specimen_57,40,45,1.0,0.20265261828899384,0.21340173415285787
expanded,selection,reverse,encoder,repeat,0.25,57,specimen_57,50,0,0.5,0.29902250568072003,0.28588467770469256
expanded,selection,reverse,encoder,repeat,0.25,57,specimen_57,60,90,1.0,0.14195908854405084,0.06918694129790344
expanded,selection,reverse,encoder,repeat,0.5,10,specimen_10,30,0,0.5,0.2113976925611496,0.032137880056436474
expanded,selection,reverse,encoder,repeat,0.5,10,specimen_10,40,45,1.0,0.22715337574481964,0.12836128702105687
expanded,selection,reverse,encoder,repeat,0.5,10,specimen_10,50,0,0.5,0.21407716969648996,0.38083599012767594
expanded,selection,reverse,encoder,repeat,0.5,10,specimen_10,60,90,1.0,0.18827471137046814,0.05156771075851374
expanded,selection,reverse,encoder,repeat,0.5,57,specimen_57,30,0,0.5,0.21269913017749786,0.0999243022194906
expanded,selection,reverse,encoder,repeat,0.5,57,specimen_57,40,45,1.0,0.1742744743824005,0.2895598417613942
expanded,selection,reverse,encoder,repeat,0.5,57,specimen_57,50,0,0.5,0.22024000684420267,0.3301539549740921
expanded,selection,reverse,encoder,repeat,0.5,57,specimen_57,60,90,1.0,0.15652606387933096,0.23305487500990077
expanded,selection,reverse,encoder,repeat,1.0,10,specimen_10,30,0,0.5,0.20608513553937277,0.040844796541490945
expanded,selection,reverse,encoder,repeat,1.0,10,specimen_10,40,45,1.0,0.21691125134627023,0.1413901636816894
expanded,selection,reverse,encoder,repeat,1.0,10,specimen_10,50,0,0.5,0.21840841074784598,0.3899194041132099
expanded,selection,reverse,encoder,repeat,1.0,10,specimen_10,60,90,1.0,0.18739569187164307,0.04442289122504395
expanded,selection,reverse,encoder,repeat,1.0,57,specimen_57,30,0,0.5,0.21764866014321646,0.11271726367233974
expanded,selection,reverse,encoder,repeat,1.0,57,specimen_57,40,45,1.0,0.173260231812795,0.2640321419466054
expanded,selection,reverse,encoder,repeat,1.0,57,specimen_57,50,0,0.5,0.2387285977602005,0.3152594732870173
expanded,selection,reverse,encoder,repeat,1.0,57,specimen_57,60,90,1.0,0.14256914953390756,0.16674668360690892
expanded,selection,reverse,encoder,single,0.25,10,specimen_10,30,0,0.5,0.35200684269269306,0.04981957498463289
expanded,selection,reverse,encoder,single,0.25,10,specimen_10,40,45,1.0,0.35547615091005963,0.020510752126493188
expanded,selection,reverse,encoder,single,0.25,10,specimen_10,50,0,0.5,0.26752027372519177,0.2784851374153993
expanded,selection,reverse,encoder,single,0.25,10,specimen_10,60,90,1.0,0.28593037525812787,0.32737254149055817
expanded,selection,reverse,encoder,single,0.25,57,specimen_57,30,0,0.5,0.49349485834439594,0.21563969222345314
expanded,selection,reverse,encoder,single,0.25,57,specimen_57,40,45,1.0,0.3755825261274974,0.07758596172109673
expanded,selection,reverse,encoder,single,0.25,57,specimen_57,50,0,0.5,0.5259644587834676,0.19193386631473616
expanded,selection,reverse,encoder,single,0.25,57,specimen_57,60,90,1.0,0.2674999584754308,0.17386248311276828
expanded,selection,reverse,encoder,single,0.5,10,specimen_10,30,0,0.5,0.30772756040096283,0.048634909739791864
expanded,selection,reverse,encoder,single,0.5,10,specimen_10,40,45,1.0,0.3275376359621684,0.03294586543828104
expanded,selection,reverse,encoder,single,0.5,10,specimen_10,50,0,0.5,0.23138988514741263,0.29288939106794487
expanded,selection,reverse,encoder,single,0.5,10,specimen_10,60,90,1.0,0.23531545201937357,0.23530974801974094
expanded,selection,reverse,encoder,single,0.5,57,specimen_57,30,0,0.5,0.262037272254626,0.14103640922670568
expanded,selection,reverse,encoder,single,0.5,57,specimen_57,40,45,1.0,0.2000534882148107,0.21594334690437744
expanded,selection,reverse,encoder,single,0.5,57,specimen_57,50,0,0.5,0.29540111621220905,0.28059195334283743
expanded,selection,reverse,encoder,single,0.5,57,specimen_57,60,90,1.0,0.14029410481452942,0.09521148055777595
expanded,selection,reverse,encoder,single,1.0,10,specimen_10,30,0,0.5,0.22930925091107687,0.03198679339286533
expanded,selection,reverse,encoder,single,1.0,10,specimen_10,40,45,1.0,0.24443373580773672,0.12421426472285764
expanded,selection,reverse,encoder,single,1.0,10,specimen_10,50,0,0.5,0.21312340597311655,0.3607141854835658
expanded,selection,reverse,encoder,single,1.0,10,specimen_10,60,90,1.0,0.19389393428961435,0.04791115201361862
expanded,selection,reverse,encoder,single,1.0,57,specimen_57,30,0,0.5,0.2776425927877426,0.1492471093523282
expanded,selection,reverse,encoder,single,1.0,57,specimen_57,40,45,1.0,0.2157189150651296,0.2015396883892744
expanded,selection,reverse,encoder,single,1.0,57,specimen_57,50,0,0.5,0.31169737378756207,0.2720839662245118
expanded,selection,reverse,encoder,single,1.0,57,specimen_57,60,90,1.0,0.15083621939023337,0.04855050154093946
expanded,selection,reverse,encoder,speed,0.25,10,specimen_10,30,0,0.5,0.17678112288316092,0.0883263390018681
expanded,selection,reverse,encoder,speed,0.25,10,specimen_10,40,45,1.0,0.170627032717069,0.179551108287012
expanded,selection,reverse,encoder,speed,0.25,10,specimen_10,50,0,0.5,0.24969025452931723,0.4303229680984491
expanded,selection,reverse,encoder,speed,0.25,10,specimen_10,60,90,1.0,0.18605920672416687,0.06220333854579222
expanded,selection,reverse,encoder,speed,0.25,57,specimen_57,30,0,0.5,0.46702595551808673,0.20390619868077442
expanded,selection,reverse,encoder,speed,0.25,57,specimen_57,40,45,1.0,0.3720593551794688,0.07950251255587208
expanded,selection,reverse,encoder,speed,0.25,57,specimen_57,50,0,0.5,0.5039514402548472,0.20680991154903197
expanded,selection,reverse,encoder,speed,0.25,57,specimen_57,60,90,1.0,0.27454839646816254,0.21227527793220688
expanded,selection,reverse,encoder,speed,0.5,10,specimen_10,30,0,0.5,0.1837576280037562,0.09724166443958941
expanded,selection,reverse,encoder,speed,0.5,10,specimen_10,40,45,1.0,0.16140910486380258,0.20413020723403452
expanded,selection,reverse,encoder,speed,0.5,10,specimen_10,50,0,0.5,0.2796761492888133,0.4410216627504977
expanded,selection,reverse,encoder,speed,0.5,10,specimen_10,60,90,1.0,0.18614405393600464,0.11189551757280025
expanded,selection,reverse,encoder,speed,0.5,57,specimen_57,30,0,0.5,0.3533376455307007,0.16925793934984013
expanded,selection,reverse,encoder,speed,0.5,57,specimen_57,40,45,1.0,0.2812352379163106,0.14852926796755228
expanded,selection,reverse,encoder,speed,0.5,57,specimen_57,50,0,0.5,0.3952266275882721,0.24833783066513737
expanded,selection,reverse,encoder,speed,0.5,57,specimen_57,60,90,1.0,0.19789391259352365,0.08038246064007937
expanded,selection,reverse,encoder,speed,1.0,10,specimen_10,30,0,0.5,0.1919953872760137,0.1025564559361688
expanded,selection,reverse,encoder,speed,1.0,10,specimen_10,40,45,1.0,0.16110365092754364,0.21867699789912495
expanded,selection,reverse,encoder,speed,1.0,10,specimen_10,50,0,0.5,0.2967742482821147,0.44834166424479677
expanded,selection,reverse,encoder,speed,1.0,10,specimen_10,60,90,1.0,0.18982203801472983,0.12907085044684763
expanded,selection,reverse,encoder,speed,1.0,57,specimen_57,30,0,0.5,0.29134895900885266,0.1485605138323477
expanded,selection,reverse,encoder,speed,1.0,57,specimen_57,40,45,1.0,0.23109223445256552,0.19012766578115545
expanded,selection,reverse,encoder,speed,1.0,57,specimen_57,50,0,0.5,0.33050885796546936,0.27261395567759383
expanded,selection,reverse,encoder,speed,1.0,57,specimen_57,60,90,1.0,0.15957859655221304,0.010198120686733795
expanded,selection,reverse,encoder_wrong_support,direction,0.25,10,specimen_10,30,0,0.5,0.3268352846304576,0.17866623713437912
expanded,selection,reverse,encoder_wrong_support,direction,0.25,10,specimen_10,40,45,1.0,0.23026619851589203,0.3200250401011579
expanded,selection,reverse,encoder_wrong_support,direction,0.25,10,specimen_10,50,0,0.5,0.4214380880196889,0.5520391560269963
expanded,selection,reverse,encoder_wrong_support,direction,0.25,10,specimen_10,60,90,1.0,0.2261330783367157,0.20834657873589135
expanded,selection,reverse,encoder_wrong_support,direction,0.25,57,specimen_57,30,0,0.5,0.7252461314201355,0.31452651212441274
expanded,selection,reverse,encoder_wrong_support,direction,0.25,57,specimen_57,40,45,1.0,0.5529557168483734,0.07075544852686429
expanded,selection,reverse,encoder_wrong_support,direction,0.25,57,specimen_57,50,0,0.5,0.7390909592310587,0.06378461066872336
expanded,selection,reverse,encoder_wrong_support,direction,0.25,57,specimen_57,60,90,1.0,0.36522072553634644,0.334663723732964
expanded,selection,reverse,encoder_wrong_support,direction,0.5,10,specimen_10,30,0,0.5,0.43204710880915326,0.23019664679179627
expanded,selection,reverse,encoder_wrong_support,direction,0.5,10,specimen_10,40,45,1.0,0.3090697228908539,0.42309742797361327
expanded,selection,reverse,encoder_wrong_support,direction,0.5,10,specimen_10,50,0,0.5,0.5562204718589783,0.6122219593817512
expanded,selection,reverse,encoder_wrong_support,direction,0.5,10,specimen_10,60,90,1.0,0.282219539086024,0.43536029724979125
expanded,selection,reverse,encoder_wrong_support,direction,0.5,57,specimen_57,30,0,0.5,0.7208515008290609,0.32078166179653106
expanded,selection,reverse,encoder_wrong_support,direction,0.5,57,specimen_57,40,45,1.0,0.5554027060667673,0.07138812832975831
expanded,selection,reverse,encoder_wrong_support,direction,0.5,57,specimen_57,50,0,0.5,0.7308202584584554,0.058219138365439384
expanded,selection,reverse,encoder_wrong_support,direction,0.5,57,specimen_57,60,90,1.0,0.3493487536907196,0.32988744875722736
expanded,selection,reverse,encoder_wrong_support,direction,1.0,10,specimen_10,30,0,0.5,0.45086735486984253,0.23433293103049202
expanded,selection,reverse,encoder_wrong_support,direction,1.0,10,specimen_10,40,45,1.0,0.3222007950146993,0.4305404064694998
expanded,selection,reverse,encoder_wrong_support,direction,1.0,10,specimen_10,50,0,0.5,0.5762775540351868,0.6180467394671176
expanded,selection,reverse,encoder_wrong_support,direction,1.0,10,specimen_10,60,90,1.0,0.2925107379754384,0.44829022279347225
expanded,selection,reverse,encoder_wrong_support,direction,1.0,57,specimen_57,30,0,0.5,0.6307719349861145,0.28254990665614776
expanded,selection,reverse,encoder_wrong_support,direction,1.0,57,specimen_57,40,45,1.0,0.47693408528963727,0.016709138280946074
expanded,selection,reverse,encoder_wrong_support,direction,1.0,57,specimen_57,50,0,0.5,0.6463196873664856,0.10191798435725319
expanded,selection,reverse,encoder_wrong_support,direction,1.0,57,specimen_57,60,90,1.0,0.28609460095564526,0.2171465509173657
expanded,selection,reverse,encoder_wrong_support,load,0.25,10,specimen_10,30,0,0.5,0.46140777071317035,0.23312402467870194
expanded,selection,reverse,encoder_wrong_support,load,0.25,10,specimen_10,40,45,1.0,0.3290230631828308,0.4255183509575284
expanded,selection,reverse,encoder_wrong_support,load,0.25,10,specimen_10,50,0,0.5,0.5848463177680969,0.6163502858853902
expanded,selection,reverse,encoder_wrong_support,load,0.25,10,specimen_10,60,90,1.0,0.29159556825955707,0.4191793247667581
expanded,selection,reverse,encoder_wrong_support,load,0.25,57,specimen_57,30,0,0.5,0.7465149760246277,0.34495396903100556
expanded,selection,reverse,encoder_wrong_support,load,0.25,57,specimen_57,40,45,1.0,0.5764242013295492,0.10705502995664178
expanded,selection,reverse,encoder_wrong_support,load,0.25,57,specimen_57,50,0,0.5,0.7424865961074829,0.04567517569601206
expanded,selection,reverse,encoder_wrong_support,load,0.25,57,specimen_57,60,90,1.0,0.35383254289627075,0.4406287476129891
expanded,selection,reverse,encoder_wrong_support,load,0.5,10,specimen_10,30,0,0.5,0.5037862658500671,0.2454312594034431
expanded,selection,reverse,encoder_wrong_support,load,0.5,10,specimen_10,40,45,1.0,0.36028630534807843,0.45127081608246195
expanded,selection,reverse,encoder_wrong_support,load,0.5,10,specimen_10,50,0,0.5,0.6297884384791056,0.6328938164137391
expanded,selection,reverse,encoder_wrong_support,load,0.5,10,specimen_10,60,90,1.0,0.31333090861638385,0.45508153969176196
expanded,selection,reverse,encoder_wrong_support,load,0.5,57,specimen_57,30,0,0.5,0.7807984550793966,0.3649244653373384
expanded,selection,reverse,encoder_wrong_support,load,0.5,57,specimen_57,40,45,1.0,0.606860081354777,0.13624866921050938
expanded,selection,reverse,encoder_wrong_support,load,0.5,57,specimen_57,50,0,0.5,0.773002564907074,0.029765432830956378
expanded,selection,reverse,encoder_wrong_support,load,0.5,57,specimen_57,60,90,1.0,0.3747317890326182,0.4813266135818415
expanded,selection,reverse,encoder_wrong_support,load,1.0,10,specimen_10,30,0,0.5,0.5320682326952616,0.25150757906595717
expanded,selection,reverse,encoder_wrong_support,load,1.0,10,specimen_10,40,45,1.0,0.38365641236305237,0.4647731053831751
expanded,selection,reverse,encoder_wrong_support,load,1.0,10,specimen_10,50,0,0.5,0.6592368880907694,0.6408460635814754
expanded,selection,reverse,encoder_wrong_support,load,1.0,10,specimen_10,60,90,1.0,0.32766468326250714,0.4738970694466757
expanded,selection,reverse,encoder_wrong_support,load,1.0,57,specimen_57,30,0,0.5,0.804033637046814,0.37635201042980926
expanded,selection,reverse,encoder_wrong_support,load,1.0,57,specimen_57,40,45,1.0,0.6291403770446777,0.15241174339326016
expanded,selection,reverse,encoder_wrong_support,load,1.0,57,specimen_57,50,0,0.5,0.7948028842608134,0.011040982533829827
expanded,selection,reverse,encoder_wrong_support,load,1.0,57,specimen_57,60,90,1.0,0.38956817984580994,0.5134987378921748
expanded,selection,reverse,encoder_wrong_support,repeat,0.25,10,specimen_10,30,0,0.5,0.46982936064402264,0.23675518930360454
expanded,selection,reverse,encoder_wrong_support,repeat,0.25,10,specimen_10,40,45,1.0,0.33121248086293537,0.43392869119168775
expanded,selection,reverse,encoder_wrong_support,repeat,0.25,10,specimen_10,50,0,0.5,0.5939375162124634,0.6224461720044676
expanded,selection,reverse,encoder_wrong_support,repeat,0.25,10,specimen_10,60,90,1.0,0.29311654965082806,0.421587539889512
expanded,selection,reverse,encoder_wrong_support,repeat,0.25,57,specimen_57,30,0,0.5,0.691091775894165,0.3154260897135313
expanded,selection,reverse,encoder_wrong_support,repeat,0.25,57,specimen_57,40,45,1.0,0.5294183095296224,0.055699694617752295
expanded,selection,reverse,encoder_wrong_support,repeat,0.25,57,specimen_57,50,0,0.5,0.6944003303845724,0.07062005116771568
expanded,selection,reverse,encoder_wrong_support,repeat,0.25,57,specimen_57,60,90,1.0,0.31840728720029193,0.3370017516806003
expanded,selection,reverse,encoder_wrong_support,repeat,0.5,10,specimen_10,30,0,0.5,0.6263159910837809,0.2735148874499161
expanded,selection,reverse,encoder_wrong_support,repeat,0.5,10,specimen_10,40,45,1.0,0.47884394725163776,0.5100867988002241
expanded,selection,reverse,encoder_wrong_support,repeat,0.5,10,specimen_10,50,0,0.5,0.7555853923161825,0.6667154492738673
expanded,selection,reverse,encoder_wrong_support,repeat,0.5,10,specimen_10,60,90,1.0,0.39649902780850727,0.5854554736015093
expanded,selection,reverse,encoder_wrong_support,repeat,0.5,57,specimen_57,30,0,0.5,0.7309766014417013,0.3413013096129702
expanded,selection,reverse,encoder_wrong_support,repeat,0.5,57,specimen_57,40,45,1.0,0.5642833709716797,0.09216567001777298
expanded,selection,reverse,encoder_wrong_support,repeat,0.5,57,specimen_57,50,0,0.5,0.7272157271703085,0.044274495827900884
expanded,selection,reverse,encoder_wrong_support,repeat,0.5,57,specimen_57,60,90,1.0,0.33600176374117535,0.4039683093501223
expanded,selection,reverse,encoder_wrong_support,repeat,1.0,10,specimen_10,30,0,0.5,0.572227676709493,0.26072192599706695
expanded,selection,reverse,encoder_wrong_support,repeat,1.0,10,specimen_10,40,45,1.0,0.4226115643978119,0.4845590989854352
expanded,selection,reverse,encoder_wrong_support,repeat,1.0,10,specimen_10,50,0,0.5,0.7007657885551453,0.6518209675867924
expanded,selection,reverse,encoder_wrong_support,repeat,1.0,10,specimen_10,60,90,1.0,0.3545179069042206,0.5191472821985175
expanded,selection,reverse,encoder_wrong_support,repeat,1.0,57,specimen_57,30,0,0.5,0.7146052718162537,0.3325943931279158
expanded,selection,reverse,encoder_wrong_support,repeat,1.0,57,specimen_57,40,45,1.0,0.5499125719070435,0.07913679335714045
expanded,selection,reverse,encoder_wrong_support,repeat,1.0,57,specimen_57,50,0,0.5,0.7123502294222513,0.053357909813434766
expanded,selection,reverse,encoder_wrong_support,repeat,1.0,57,specimen_57,60,90,1.0,0.3224262197812398,0.3717990185736362
expanded,selection,reverse,encoder_wrong_support,single,0.25,10,specimen_10,30,0,0.5,0.3078165153662364,0.1577994974459535
expanded,selection,reverse,encoder_wrong_support,single,0.25,10,specimen_10,40,45,1.0,0.21828792989253998,0.29811291875992657
expanded,selection,reverse,encoder_wrong_support,single,0.25,10,specimen_10,50,0,0.5,0.3721214135487874,0.5284953606145112
expanded,selection,reverse,encoder_wrong_support,single,0.25,10,specimen_10,60,90,1.0,0.21334353586037955,0.17853811547884027
expanded,selection,reverse,encoder_wrong_support,single,0.25,57,specimen_57,30,0,0.5,0.9368158380190531,0.4232587646540396
expanded,selection,reverse,encoder_wrong_support,single,0.25,57,specimen_57,40,45,1.0,0.7249364256858826,0.24103770916532305
expanded,selection,reverse,encoder_wrong_support,single,0.25,57,specimen_57,50,0,0.5,0.9286120732625326,0.05807635688437577
expanded,selection,reverse,encoder_wrong_support,single,0.25,57,specimen_57,60,90,1.0,0.509022722641627,0.6797731400821667
expanded,selection,reverse,encoder_wrong_support,single,0.5,10,specimen_10,30,0,0.5,0.46898982922236127,0.232402780442701
expanded,selection,reverse,encoder_wrong_support,single,0.5,10,specimen_10,40,45,1.0,0.3345944384733836,0.43647030394320724
expanded,selection,reverse,encoder_wrong_support,single,0.5,10,specimen_10,50,0,0.5,0.5937126477559408,0.6171534476426125
expanded,selection,reverse,encoder_wrong_support,single,0.5,10,specimen_10,60,90,1.0,0.2990145683288574,0.4476120791493845
expanded,selection,reverse,encoder_wrong_support,single,0.5,57,specimen_57,30,0,0.5,0.8881344000498453,0.41673564044286265
expanded,selection,reverse,encoder_wrong_support,single,0.5,57,specimen_57,40,45,1.0,0.6894356409708658,0.20356678064206168
expanded,selection,reverse,encoder_wrong_support,single,0.5,57,specimen_57,50,0,0.5,0.875364621480306,0.04367210323183024
expanded,selection,reverse,encoder_wrong_support,single,0.5,57,specimen_57,60,90,1.0,0.44628379742304486,0.5877103466113495
expanded,selection,reverse,encoder_wrong_support,single,1.0,10,specimen_10,30,0,0.5,0.4473489721616109,0.22419208031707846
expanded,selection,reverse,encoder_wrong_support,single,1.0,10,specimen_10,40,45,1.0,0.3148090938727061,0.4220666454281043
expanded,selection,reverse,encoder_wrong_support,single,1.0,10,specimen_10,50,0,0.5,0.5710526506106058,0.6086454605242869
expanded,selection,reverse,encoder_wrong_support,single,1.0,10,specimen_10,60,90,1.0,0.2818852166334788,0.40095110013254803
expanded,selection,reverse,encoder_wrong_support,single,1.0,57,specimen_57,30,0,0.5,0.7623591224352518,0.3592679941274197
expanded,selection,reverse,encoder_wrong_support,single,1.0,57,specimen_57,40,45,1.0,0.5840673446655273,0.09631269231597221
expanded,selection,reverse,encoder_wrong_support,single,1.0,57,specimen_57,50,0,0.5,0.7564975221951803,0.02415269118379071
expanded,selection,reverse,encoder_wrong_support,single,1.0,57,specimen_57,60,90,1.0,0.34260981281598407,0.37443678242867345
expanded,selection,reverse,encoder_wrong_support,speed,0.25,10,specimen_10,30,0,0.5,0.3180556694666545,0.1695329909886322
expanded,selection,reverse,encoder_wrong_support,speed,0.25,10,specimen_10,40,45,1.0,0.21709887186686197,0.30002946959470195
expanded,selection,reverse,encoder_wrong_support,speed,0.25,10,specimen_10,50,0,0.5,0.3919990261395772,0.5433714058488072
expanded,selection,reverse,encoder_wrong_support,speed,0.25,10,specimen_10,60,90,1.0,0.21247861286004385,0.14012532065940167
expanded,selection,reverse,encoder_wrong_support,speed,0.25,57,specimen_57,30,0,0.5,0.624841034412384,0.28511285066753855
expanded,selection,reverse,encoder_wrong_support,speed,0.25,57,specimen_57,40,45,1.0,0.4728716313838959,0.040975848751817846
expanded,selection,reverse,encoder_wrong_support,speed,0.25,57,specimen_57,50,0,0.5,0.6418838699658712,0.09376147379867406
expanded,selection,reverse,encoder_wrong_support,speed,0.25,57,specimen_57,60,90,1.0,0.3040752112865448,0.30120688509606985
expanded,selection,reverse,encoder_wrong_support,speed,0.5,10,specimen_10,30,0,0.5,0.37146012981732685,0.20418125031956658
expanded,selection,reverse,encoder_wrong_support,speed,0.5,10,specimen_10,40,45,1.0,0.24804175893465677,0.3690562250063822
expanded,selection,reverse,encoder_wrong_support,speed,0.5,10,specimen_10,50,0,0.5,0.4810828963915507,0.5848993249649125
expanded,selection,reverse,encoder_wrong_support,speed,0.5,10,specimen_10,60,90,1.0,0.23238995174566904,0.2720181379515292
expanded,selection,reverse,encoder_wrong_support,speed,0.5,57,specimen_57,30,0,0.5,0.5869093338648478,0.2761975252298173
expanded,selection,reverse,encoder_wrong_support,speed,0.5,57,specimen_57,40,45,1.0,0.4338870445887248,0.01639674980479533
expanded,selection,reverse,encoder_wrong_support,speed,0.5,57,specimen_57,50,0,0.5,0.6024558941523234,0.10446016845072255
expanded,selection,reverse,encoder_wrong_support,speed,0.5,57,specimen_57,60,90,1.0,0.2709100544452667,0.2565330647211506
expanded,selection,reverse,encoder_wrong_support,speed,1.0,10,specimen_10,30,0,0.5,0.42872972289721173,0.22487867583705898
expanded,selection,reverse,encoder_wrong_support,speed,1.0,10,specimen_10,40,45,1.0,0.2919279932975769,0.41065462281998527
expanded,selection,reverse,encoder_wrong_support,speed,1.0,10,specimen_10,50,0,0.5,0.5508811275164286,0.6091754499773689
expanded,selection,reverse,encoder_wrong_support,speed,1.0,10,specimen_10,60,90,1.0,0.2636171778043111,0.36165550113884337
expanded,selection,reverse,encoder_wrong_support,speed,1.0,57,specimen_57,30,0,0.5,0.5699331760406494,0.27088273373323785
expanded,selection,reverse,encoder_wrong_support,speed,1.0,57,specimen_57,40,45,1.0,0.41661323110262555,0.006241338693897758
expanded,selection,reverse,encoder_wrong_support,speed,1.0,57,specimen_57,50,0,0.5,0.5832917292912801,0.11178016994502164
expanded,selection,reverse,encoder_wrong_support,speed,1.0,57,specimen_57,60,90,1.0,0.2544501523176829,0.2242921805341993
expanded,selection,reverse,fixed_features,direction,0.25,10,specimen_10,30,0,0.5,0.17032768923157482,0.15361719701820065
expanded,selection,reverse,fixed_features,direction,0.25,10,specimen_10,40,45,1.0,0.13222680669952788,0.09758877011091416
expanded,selection,reverse,fixed_features,direction,0.25,10,specimen_10,50,0,0.5,0.28282709911205084,0.37523043728906214
expanded,selection,reverse,fixed_features,direction,0.25,10,specimen_10,60,90,1.0,0.18621176418323568,0.022443812243901462
expanded,selection,reverse,fixed_features,direction,0.25,57,specimen_57,30,0,0.5,0.27173443556866034,0.08783444382907465
expanded,selection,reverse,fixed_features,direction,0.25,57,specimen_57,40,45,1.0,0.172689911794947,0.17472680165204424
expanded,selection,reverse,fixed_features,direction,0.25,57,specimen_57,50,0,0.5,0.2856208418202748,0.1567701593306512
expanded,selection,reverse,fixed_features,direction,0.25,57,specimen_57,60,90,1.0,0.19109017152901284,0.2987107262464286
expanded,selection,reverse,fixed_features,direction,0.5,10,specimen_10,30,0,0.5,0.15371912568085974,0.11653575258742727
expanded,selection,reverse,fixed_features,direction,0.5,10,specimen_10,40,45,1.0,0.1726370472543822,0.049643359593157355
expanded,selection,reverse,fixed_features,direction,0.5,10,specimen_10,50,0,0.5,0.23717539686331066,0.3327684940740635
expanded,selection,reverse,fixed_features,direction,0.5,10,specimen_10,60,90,1.0,0.1913309967532224,0.14840848803020723
expanded,selection,reverse,fixed_features,direction,0.5,57,specimen_57,30,0,0.5,0.2864881428108514,0.0919707416990905
expanded,selection,reverse,fixed_features,direction,0.5,57,specimen_57,40,45,1.0,0.19042570348625612,0.1849947049202616
expanded,selection,reverse,fixed_features,direction,0.5,57,specimen_57,50,0,0.5,0.302458465562542,0.1466834862754507
expanded,selection,reverse,fixed_features,direction,0.5,57,specimen_57,60,90,1.0,0.19653691526965036,0.3231082246020389
expanded,selection,reverse,fixed_features,direction,1.0,10,specimen_10,30,0,0.5,0.1613142018265176,0.11735432358252068
expanded,selection,reverse,fixed_features,direction,1.0,10,specimen_10,40,45,1.0,0.18439920493552378,0.07541704256336024
expanded,selection,reverse,fixed_features,direction,1.0,10,specimen_10,50,0,0.5,0.23121430934026566,0.33511546175959206
expanded,selection,reverse,fixed_features,direction,1.0,10,specimen_10,60,90,1.0,0.1875244447219356,0.09852431114211013
expanded,selection,reverse,fixed_features,direction,1.0,57,specimen_57,30,0,0.5,0.28062684077392214,0.09001288197476062
expanded,selection,reverse,fixed_features,direction,1.0,57,specimen_57,40,45,1.0,0.17904539980191206,0.17904354412574552
expanded,selection,reverse,fixed_features,direction,1.0,57,specimen_57,50,0,0.5,0.2927939336750276,0.15197507161439172
expanded,selection,reverse,fixed_features,direction,1.0,57,specimen_57,60,90,1.0,0.1918518131752657,0.319998602146808
expanded,selection,reverse,fixed_features,load,0.25,10,specimen_10,30,0,0.5,0.1515778887103683,0.11546363811256455
expanded,selection,reverse,fixed_features,load,0.25,10,specimen_10,40,45,1.0,0.17657911568924844,0.026930854591511677
expanded,selection,reverse,fixed_features,load,0.25,10,specimen_10,50,0,0.5,0.22838152704695355,0.3540543809020744
expanded,selection,reverse,fixed_features,load,0.25,10,specimen_10,60,90,1.0,0.18717507342020331,0.16454020928867363
expanded,selection,reverse,fixed_features,load,0.25,57,specimen_57,30,0,0.5,0.2090250389316389,0.06922922693501274
expanded,selection,reverse,fixed_features,load,0.25,57,specimen_57,40,45,1.0,0.1488511044280106,0.2229596182258511
expanded,selection,reverse,fixed_features,load,0.25,57,specimen_57,50,0,0.5,0.2146454194373173,0.15066570725025907
expanded,selection,reverse,fixed_features,load,0.25,57,specimen_57,60,90,1.0,0.24897987515804956,0.4179867462895661
expanded,selection,reverse,fixed_features,load,0.5,10,specimen_10,30,0,0.5,0.15057747719867567,0.1274864417134945
expanded,selection,reverse,fixed_features,load,0.5,10,specimen_10,40,45,1.0,0.16714026341552557,0.049916047735947267
expanded,selection,reverse,fixed_features,load,0.5,10,specimen_10,50,0,0.5,0.23170679417417217,0.35636215437102836
expanded,selection,reverse,fixed_features,load,0.5,10,specimen_10,60,90,1.0,0.18644732381118448,0.11348212505820499
expanded,selection,reverse,fixed_features,load,0.5,57,specimen_57,30,0,0.5,0.20179133411642244,0.061834482630120285
expanded,selection,reverse,fixed_features,load,0.5,57,specimen_57,40,45,1.0,0.15199119783154055,0.24116394424259524
expanded,selection,reverse,fixed_features,load,0.5,57,specimen_57,50,0,0.5,0.20501880258023752,0.16709128985161392
expanded,selection,reverse,fixed_features,load,0.5,57,specimen_57,60,90,1.0,0.2650924453500692,0.47135026674913405
expanded,selection,reverse,fixed_features,load,1.0,10,specimen_10,30,0,0.5,0.15842588372342659,0.1287882653162501
expanded,selection,reverse,fixed_features,load,1.0,10,specimen_10,40,45,1.0,0.17809562565492124,0.0754723868832412
expanded,selection,reverse,fixed_features,load,1.0,10,specimen_10,50,0,0.5,0.22608722473297474,0.3550880763465635
expanded,selection,reverse,fixed_features,load,1.0,10,specimen_10,60,90,1.0,0.1866998628651658,0.061680956721744895
expanded,selection,reverse,fixed_features,load,1.0,57,specimen_57,30,0,0.5,0.21129668520847136,0.06646765978076583
expanded,selection,reverse,fixed_features,load,1.0,57,specimen_57,40,45,1.0,0.14269201708176418,0.22358078832241146
expanded,selection,reverse,fixed_features,load,1.0,57,specimen_57,50,0,0.5,0.20829169393219513,0.1657958592687906
expanded,selection,reverse,fixed_features,load,1.0,57,specimen_57,60,90,1.0,0.2505540912757593,0.43841693786298985
expanded,selection,reverse,fixed_features,repeat,0.25,10,specimen_10,30,0,0.5,0.15653895864318512,0.11850663506049014
expanded,selection,reverse,fixed_features,repeat,0.25,10,specimen_10,40,45,1.0,0.18470221222796981,0.07449657367282803
expanded,selection,reverse,fixed_features,repeat,0.25,10,specimen_10,50,0,0.5,0.2154666195761874,0.3307539520977807
expanded,selection,reverse,fixed_features,repeat,0.25,10,specimen_10,60,90,1.0,0.19302584264712022,0.06744301007140852
expanded,selection,reverse,fixed_features,repeat,0.25,57,specimen_57,30,0,0.5,0.20297879752001982,0.06072697075245484
expanded,selection,reverse,fixed_features,repeat,0.25,57,specimen_57,40,45,1.0,0.1409662133825436,0.22636204410059124
expanded,selection,reverse,fixed_features,repeat,0.25,57,specimen_57,50,0,0.5,0.18919607960511345,0.16516860161971292
expanded,selection,reverse,fixed_features,repeat,0.25,57,specimen_57,60,90,1.0,0.27409494746494273,0.4407122311781284
expanded,selection,reverse,fixed_features,repeat,0.5,10,specimen_10,30,0,0.5,0.15791606364792243,0.13413954028092012
expanded,selection,reverse,fixed_features,repeat,0.5,10,specimen_10,40,45,1.0,0.1657676158778667,0.10367060141682338
expanded,selection,reverse,fixed_features,repeat,0.5,10,specimen_10,50,0,0.5,0.23388446333866786,0.3417548607361318
expanded,selection,reverse,fixed_features,repeat,0.5,10,specimen_10,60,90,1.0,0.18778837103718946,0.014160095171089626
expanded,selection,reverse,fixed_features,repeat,0.5,57,specimen_57,30,0,0.5,0.20457739976727077,0.06291835685148808
expanded,selection,reverse,fixed_features,repeat,0.5,57,specimen_57,40,45,1.0,0.14342677812994117,0.22797358051267191
expanded,selection,reverse,fixed_features,repeat,0.5,57,specimen_57,50,0,0.5,0.19403804612782072,0.16120396237847623
expanded,selection,reverse,fixed_features,repeat,0.5,57,specimen_57,60,90,1.0,0.27030201124281356,0.4504481863233658
expanded,selection,reverse,fixed_features,repeat,1.0,10,specimen_10,30,0,0.5,0.16605555999563962,0.14003661755899593
expanded,selection,reverse,fixed_features,repeat,1.0,10,specimen_10,40,45,1.0,0.16861843721225775,0.1301454307056743
expanded,selection,reverse,fixed_features,repeat,1.0,10,specimen_10,50,0,0.5,0.23852246857953832,0.3490973012727846
expanded,selection,reverse,fixed_features,repeat,1.0,10,specimen_10,60,90,1.0,0.18471084241610733,0.03911634708595324
expanded,selection,reverse,fixed_features,repeat,1.0,57,specimen_57,30,0,0.5,0.21294853936490665,0.06648872568860373
expanded,selection,reverse,fixed_features,repeat,1.0,57,specimen_57,40,45,1.0,0.14067081013205435,0.21815335994401208
expanded,selection,reverse,fixed_features,repeat,1.0,57,specimen_57,50,0,0.5,0.20874693213205806,0.16688083618196936
expanded,selection,reverse,fixed_features,repeat,1.0,57,specimen_57,60,90,1.0,0.248323610820986,0.4266145922010809
expanded,selection,reverse,fixed_features,single,0.25,10,specimen_10,30,0,0.5,0.1592646202096203,0.14650869100343122
expanded,selection,reverse,fixed_features,single,0.25,10,specimen_10,40,45,1.0,0.14416935453281335,0.09928122697323394
expanded,selection,reverse,fixed_features,single,0.25,10,specimen_10,50,0,0.5,0.255955830705559,0.3746222759906369
expanded,selection,reverse,fixed_features,single,0.25,10,specimen_10,60,90,1.0,0.18201384054327527,0.0020894512348466066
expanded,selection,reverse,fixed_features,single,0.25,57,specimen_57,30,0,0.5,0.23040388731095288,0.06824120410470338
expanded,selection,reverse,fixed_features,single,0.25,57,specimen_57,40,45,1.0,0.1536544448918966,0.21650878043893018
expanded,selection,reverse,fixed_features,single,0.25,57,specimen_57,50,0,0.5,0.24780401241719244,0.1805139206603218
expanded,selection,reverse,fixed_features,single,0.25,57,specimen_57,60,90,1.0,0.22568586955642148,0.4093556180892908
expanded,selection,reverse,fixed_features,single,0.5,10,specimen_10,30,0,0.5,0.1518848608776756,0.1268201676580486
expanded,selection,reverse,fixed_features,single,0.5,10,specimen_10,40,45,1.0,0.1660307003612802,0.07269198421019252
expanded,selection,reverse,fixed_features,single,0.5,10,specimen_10,50,0,0.5,0.23147878560674548,0.34378190479186965
expanded,selection,reverse,fixed_features,single,0.5,10,specimen_10,60,90,1.0,0.18771212343860966,0.06833290432077987
expanded,selection,reverse,fixed_features,single,0.5,57,specimen_57,30,0,0.5,0.22586194401980234,0.07184398271379963
expanded,selection,reverse,fixed_features,single,0.5,57,specimen_57,40,45,1.0,0.14855576888979016,0.2131495422154257
expanded,selection,reverse,fixed_features,single,0.5,57,specimen_57,50,0,0.5,0.23288420910875907,0.1610208631851241
expanded,selection,reverse,fixed_features,single,0.5,57,specimen_57,60,90,1.0,0.23159327077512204,0.40889771170234734
expanded,selection,reverse,fixed_features,single,1.0,10,specimen_10,30,0,0.5,0.16012047437569718,0.1248706384172324
expanded,selection,reverse,fixed_features,single,1.0,10,specimen_10,40,45,1.0,0.17982733556153818,0.0951066126098774
expanded,selection,reverse,fixed_features,single,1.0,10,specimen_10,50,0,0.5,0.22387897500176532,0.3356835824280774
expanded,selection,reverse,fixed_features,single,1.0,10,specimen_10,60,90,1.0,0.18892031022504208,0.03280379807714162
expanded,selection,reverse,fixed_features,single,1.0,57,specimen_57,30,0,0.5,0.22656176040492879,0.07117930741318837
expanded,selection,reverse,fixed_features,single,1.0,57,specimen_57,40,45,1.0,0.14448637360901193,0.2107116635068872
expanded,selection,reverse,fixed_features,single,1.0,57,specimen_57,50,0,0.5,0.23038695925117048,0.16785123190378193
expanded,selection,reverse,fixed_features,single,1.0,57,specimen_57,60,90,1.0,0.228945292654429,0.4057902268396698
expanded,selection,reverse,fixed_features,speed,0.25,10,specimen_10,30,0,0.5,0.17563113791768625,0.16665534345308625
expanded,selection,reverse,fixed_features,speed,0.25,10,specimen_10,40,45,1.0,0.13734992966117068,0.13433886781613857
expanded,selection,reverse,fixed_features,speed,0.25,10,specimen_10,50,0,0.5,0.28449785298802494,0.3889107839626016
expanded,selection,reverse,fixed_features,speed,0.25,10,specimen_10,60,90,1.0,0.1835972000364272,0.09366941554658936
expanded,selection,reverse,fixed_features,speed,0.25,57,specimen_57,30,0,0.5,0.21235976159961645,0.06555602956389964
expanded,selection,reverse,fixed_features,speed,0.25,57,specimen_57,40,45,1.0,0.14945206163221228,0.23079962020934286
expanded,selection,reverse,fixed_features,speed,0.25,57,specimen_57,50,0,0.5,0.22443551491459857,0.16902600556778669
expanded,selection,reverse,fixed_features,speed,0.25,57,specimen_57,60,90,1.0,0.24258891699393356,0.43318830303483713
expanded,selection,reverse,fixed_features,speed,0.5,10,specimen_10,30,0,0.5,0.16435279833966734,0.1443428909631811
expanded,selection,reverse,fixed_features,speed,0.5,10,specimen_10,40,45,1.0,0.16039052158997388,0.11015915445134472
expanded,selection,reverse,fixed_features,speed,0.5,10,specimen_10,50,0,0.5,0.25284928785781213,0.3640897701160244
expanded,selection,reverse,fixed_features,speed,0.5,10,specimen_10,60,90,1.0,0.18404173849533115,0.018276703948712836
expanded,selection,reverse,fixed_features,speed,0.5,57,specimen_57,30,0,0.5,0.21260102656309324,0.06585995362488181
expanded,selection,reverse,fixed_features,speed,0.5,57,specimen_57,40,45,1.0,0.15345224233695817,0.23459249836678997
expanded,selection,reverse,fixed_features,speed,0.5,57,specimen_57,50,0,0.5,0.22421198413738885,0.17291246898965185
expanded,selection,reverse,fixed_features,speed,0.5,57,specimen_57,60,90,1.0,0.246966569605408,0.454462163629318
expanded,selection,reverse,fixed_features,speed,1.0,10,specimen_10,30,0,0.5,0.16362892192208378,0.14382886822297797
expanded,selection,reverse,fixed_features,speed,1.0,10,specimen_10,40,45,1.0,0.15939010717757054,0.1183698983921948
expanded,selection,reverse,fixed_features,speed,1.0,10,specimen_10,50,0,0.5,0.24739920079998703,0.3568640663047379
expanded,selection,reverse,fixed_features,speed,1.0,10,specimen_10,60,90,1.0,0.18481903882411946,0.025096252416761722
expanded,selection,reverse,fixed_features,speed,1.0,57,specimen_57,30,0,0.5,0.21849699340594844,0.06706265702759914
expanded,selection,reverse,fixed_features,speed,1.0,57,specimen_57,40,45,1.0,0.1496378105417284,0.22607844175384784
expanded,selection,reverse,fixed_features,speed,1.0,57,specimen_57,50,0,0.5,0.22843132552865852,0.18069715432800448
expanded,selection,reverse,fixed_features,speed,1.0,57,specimen_57,60,90,1.0,0.23941731089469517,0.4442311567949908
expanded,selection,reverse,retrieval,direction,0.25,10,specimen_10,30,0,0.5,0.2341236013509965,0.2006904164372526
expanded,selection,reverse,retrieval,direction,0.25,10,specimen_10,40,45,1.0,0.1479176281784961,0.20159405348054737
expanded,selection,reverse,retrieval,direction,0.25,10,specimen_10,50,0,0.5,0.2311171553569472,0.2010511422212531
expanded,selection,reverse,retrieval,direction,0.25,10,specimen_10,60,90,1.0,0.14394650389638533,0.30134843400130285
expanded,selection,reverse,retrieval,direction,0.25,57,specimen_57,30,0,0.5,0.1203997250638168,0.0037646126847370176
expanded,selection,reverse,retrieval,direction,0.25,57,specimen_57,40,45,1.0,0.12553383553061367,0.009843575467112897
expanded,selection,reverse,retrieval,direction,0.25,57,specimen_57,50,0,0.5,0.14803425360323808,0.10697237402114257
expanded,selection,reverse,retrieval,direction,0.25,57,specimen_57,60,90,1.0,0.13114901707692486,0.10263558000762263
expanded,selection,reverse,retrieval,direction,0.5,10,specimen_10,30,0,0.5,0.2341236013509965,0.2006904164372526
expanded,selection,reverse,retrieval,direction,0.5,10,specimen_10,40,45,1.0,0.1479176281784961,0.20159405348054737
expanded,selection,reverse,retrieval,direction,0.5,10,specimen_10,50,0,0.5,0.2311171553569472,0.2010511422212531
expanded,selection,reverse,retrieval,direction,0.5,10,specimen_10,60,90,1.0,0.14394650389638533,0.30134843400130285
expanded,selection,reverse,retrieval,direction,0.5,57,specimen_57,30,0,0.5,0.1203997250638168,0.0037646126847370176
expanded,selection,reverse,retrieval,direction,0.5,57,specimen_57,40,45,1.0,0.12553383553061367,0.009843575467112897
expanded,selection,reverse,retrieval,direction,0.5,57,specimen_57,50,0,0.5,0.14803425360323808,0.10697237402114257
expanded,selection,reverse,retrieval,direction,0.5,57,specimen_57,60,90,1.0,0.13114901707692486,0.10263558000762263
expanded,selection,reverse,retrieval,direction,1.0,10,specimen_10,30,0,0.5,0.2341236013509965,0.2006904164372526
expanded,selection,reverse,retrieval,direction,1.0,10,specimen_10,40,45,1.0,0.1479176281784961,0.20159405348054737
expanded,selection,reverse,retrieval,direction,1.0,10,specimen_10,50,0,0.5,0.2311171553569472,0.2010511422212531
expanded,selection,reverse,retrieval,direction,1.0,10,specimen_10,60,90,1.0,0.14394650389638533,0.30134843400130285
expanded,selection,reverse,retrieval,direction,1.0,57,specimen_57,30,0,0.5,0.1203997250638168,0.0037646126847370176
expanded,selection,reverse,retrieval,direction,1.0,57,specimen_57,40,45,1.0,0.12553383553061367,0.009843575467112897
expanded,selection,reverse,retrieval,direction,1.0,57,specimen_57,50,0,0.5,0.14803425360323808,0.10697237402114257
expanded,selection,reverse,retrieval,direction,1.0,57,specimen_57,60,90,1.0,0.13114901707692486,0.10263558000762263
expanded,selection,reverse,retrieval,load,0.25,10,specimen_10,30,0,0.5,0.5524251102442937,2.0467485400598857
expanded,selection,reverse,retrieval,load,0.25,10,specimen_10,40,45,1.0,1.1297920400498034,6.424889466922226
expanded,selection,reverse,retrieval,load,0.25,10,specimen_10,50,0,0.5,0.47364481392328256,1.2306008069141248
expanded,selection,reverse,retrieval,load,0.25,10,specimen_10,60,90,1.0,0.2870435631896629,1.0688252092790194
expanded,selection,reverse,retrieval,load,0.25,57,specimen_57,30,0,0.5,0.1203997250638168,0.0037646126847370176
expanded,selection,reverse,retrieval,load,0.25,57,specimen_57,40,45,1.0,0.12553383553061367,0.009843575467112897
expanded,selection,reverse,retrieval,load,0.25,57,specimen_57,50,0,0.5,0.14803425360323808,0.10697237402114257
expanded,selection,reverse,retrieval,load,0.25,57,specimen_57,60,90,1.0,0.13114901707692486,0.10263558000762263
expanded,selection,reverse,retrieval,load,0.5,10,specimen_10,30,0,0.5,0.2341236013509965,0.2006904164372526
expanded,selection,reverse,retrieval,load,0.5,10,specimen_10,40,45,1.0,0.1479176281784961,0.20159405348054737
expanded,selection,reverse,retrieval,load,0.5,10,specimen_10,50,0,0.5,0.2311171553569472,0.2010511422212531
expanded,selection,reverse,retrieval,load,0.5,10,specimen_10,60,90,1.0,0.14394650389638533,0.30134843400130285
expanded,selection,reverse,retrieval,load,0.5,57,specimen_57,30,0,0.5,0.1203997250638168,0.0037646126847370176
expanded,selection,reverse,retrieval,load,0.5,57,specimen_57,40,45,1.0,0.12553383553061367,0.009843575467112897
expanded,selection,reverse,retrieval,load,0.5,57,specimen_57,50,0,0.5,0.14803425360323808,0.10697237402114257
expanded,selection,reverse,retrieval,load,0.5,57,specimen_57,60,90,1.0,0.13114901707692486,0.10263558000762263
expanded,selection,reverse,retrieval,load,1.0,10,specimen_10,30,0,0.5,0.2341236013509965,0.2006904164372526
expanded,selection,reverse,retrieval,load,1.0,10,specimen_10,40,45,1.0,0.1479176281784961,0.20159405348054737
expanded,selection,reverse,retrieval,load,1.0,10,specimen_10,50,0,0.5,0.2311171553569472,0.2010511422212531
expanded,selection,reverse,retrieval,load,1.0,10,specimen_10,60,90,1.0,0.14394650389638533,0.30134843400130285
expanded,selection,reverse,retrieval,load,1.0,57,specimen_57,30,0,0.5,0.1203997250638168,0.0037646126847370176
expanded,selection,reverse,retrieval,load,1.0,57,specimen_57,40,45,1.0,0.12553383553061367,0.009843575467112897
expanded,selection,reverse,retrieval,load,1.0,57,specimen_57,50,0,0.5,0.14803425360323808,0.10697237402114257
expanded,selection,reverse,retrieval,load,1.0,57,specimen_57,60,90,1.0,0.13114901707692486,0.10263558000762263
expanded,selection,reverse,retrieval,repeat,0.25,10,specimen_10,30,0,0.5,0.2341236013509965,0.2006904164372526
expanded,selection,reverse,retrieval,repeat,0.25,10,specimen_10,40,45,1.0,0.1479176281784961,0.20159405348054737
expanded,selection,reverse,retrieval,repeat,0.25,10,specimen_10,50,0,0.5,0.2311171553569472,0.2010511422212531
expanded,selection,reverse,retrieval,repeat,0.25,10,specimen_10,60,90,1.0,0.14394650389638533,0.30134843400130285
expanded,selection,reverse,retrieval,repeat,0.25,57,specimen_57,30,0,0.5,0.1203997250638168,0.0037646126847370176
expanded,selection,reverse,retrieval,repeat,0.25,57,specimen_57,40,45,1.0,0.12553383553061367,0.009843575467112897
expanded,selection,reverse,retrieval,repeat,0.25,57,specimen_57,50,0,0.5,0.14803425360323808,0.10697237402114257
expanded,selection,reverse,retrieval,repeat,0.25,57,specimen_57,60,90,1.0,0.13114901707692486,0.10263558000762263
expanded,selection,reverse,retrieval,repeat,0.5,10,specimen_10,30,0,0.5,0.2341236013509965,0.2006904164372526
expanded,selection,reverse,retrieval,repeat,0.5,10,specimen_10,40,45,1.0,0.1479176281784961,0.20159405348054737
expanded,selection,reverse,retrieval,repeat,0.5,10,specimen_10,50,0,0.5,0.2311171553569472,0.2010511422212531
expanded,selection,reverse,retrieval,repeat,0.5,10,specimen_10,60,90,1.0,0.14394650389638533,0.30134843400130285
expanded,selection,reverse,retrieval,repeat,0.5,57,specimen_57,30,0,0.5,0.1203997250638168,0.0037646126847370176
expanded,selection,reverse,retrieval,repeat,0.5,57,specimen_57,40,45,1.0,0.12553383553061367,0.009843575467112897
expanded,selection,reverse,retrieval,repeat,0.5,57,specimen_57,50,0,0.5,0.14803425360323808,0.10697237402114257
expanded,selection,reverse,retrieval,repeat,0.5,57,specimen_57,60,90,1.0,0.13114901707692486,0.10263558000762263
expanded,selection,reverse,retrieval,repeat,1.0,10,specimen_10,30,0,0.5,0.2341236013509965,0.2006904164372526
expanded,selection,reverse,retrieval,repeat,1.0,10,specimen_10,40,45,1.0,0.1479176281784961,0.20159405348054737
expanded,selection,reverse,retrieval,repeat,1.0,10,specimen_10,50,0,0.5,0.2311171553569472,0.2010511422212531
expanded,selection,reverse,retrieval,repeat,1.0,10,specimen_10,60,90,1.0,0.14394650389638533,0.30134843400130285
expanded,selection,reverse,retrieval,repeat,1.0,57,specimen_57,30,0,0.5,0.1203997250638168,0.0037646126847370176
expanded,selection,reverse,retrieval,repeat,1.0,57,specimen_57,40,45,1.0,0.12553383553061367,0.009843575467112897
expanded,selection,reverse,retrieval,repeat,1.0,57,specimen_57,50,0,0.5,0.14803425360323808,0.10697237402114257
expanded,selection,reverse,retrieval,repeat,1.0,57,specimen_57,60,90,1.0,0.13114901707692486,0.10263558000762263
expanded,selection,reverse,retrieval,single,0.25,10,specimen_10,30,0,0.5,0.2341236013509965,0.2006904164372526
expanded,selection,reverse,retrieval,single,0.25,10,specimen_10,40,45,1.0,0.1479176281784961,0.20159405348054737
expanded,selection,reverse,retrieval,single,0.25,10,specimen_10,50,0,0.5,0.2311171553569472,0.2010511422212531
expanded,selection,reverse,retrieval,single,0.25,10,specimen_10,60,90,1.0,0.14394650389638533,0.30134843400130285
expanded,selection,reverse,retrieval,single,0.25,57,specimen_57,30,0,0.5,0.1203997250638168,0.0037646126847370176
expanded,selection,reverse,retrieval,single,0.25,57,specimen_57,40,45,1.0,0.12553383553061367,0.009843575467112897
expanded,selection,reverse,retrieval,single,0.25,57,specimen_57,50,0,0.5,0.14803425360323808,0.10697237402114257
expanded,selection,reverse,retrieval,single,0.25,57,specimen_57,60,90,1.0,0.13114901707692486,0.10263558000762263
expanded,selection,reverse,retrieval,single,0.5,10,specimen_10,30,0,0.5,0.2341236013509965,0.2006904164372526
expanded,selection,reverse,retrieval,single,0.5,10,specimen_10,40,45,1.0,0.1479176281784961,0.20159405348054737
expanded,selection,reverse,retrieval,single,0.5,10,specimen_10,50,0,0.5,0.2311171553569472,0.2010511422212531
expanded,selection,reverse,retrieval,single,0.5,10,specimen_10,60,90,1.0,0.14394650389638533,0.30134843400130285
expanded,selection,reverse,retrieval,single,0.5,57,specimen_57,30,0,0.5,0.1203997250638168,0.0037646126847370176
expanded,selection,reverse,retrieval,single,0.5,57,specimen_57,40,45,1.0,0.12553383553061367,0.009843575467112897
expanded,selection,reverse,retrieval,single,0.5,57,specimen_57,50,0,0.5,0.14803425360323808,0.10697237402114257
expanded,selection,reverse,retrieval,single,0.5,57,specimen_57,60,90,1.0,0.13114901707692486,0.10263558000762263
expanded,selection,reverse,retrieval,single,1.0,10,specimen_10,30,0,0.5,0.2341236013509965,0.2006904164372526
expanded,selection,reverse,retrieval,single,1.0,10,specimen_10,40,45,1.0,0.1479176281784961,0.20159405348054737
expanded,selection,reverse,retrieval,single,1.0,10,specimen_10,50,0,0.5,0.2311171553569472,0.2010511422212531
expanded,selection,reverse,retrieval,single,1.0,10,specimen_10,60,90,1.0,0.14394650389638533,0.30134843400130285
expanded,selection,reverse,retrieval,single,1.0,57,specimen_57,30,0,0.5,0.1203997250638168,0.0037646126847370176
expanded,selection,reverse,retrieval,single,1.0,57,specimen_57,40,45,1.0,0.12553383553061367,0.009843575467112897
expanded,selection,reverse,retrieval,single,1.0,57,specimen_57,50,0,0.5,0.14803425360323808,0.10697237402114257
expanded,selection,reverse,retrieval,single,1.0,57,specimen_57,60,90,1.0,0.13114901707692486,0.10263558000762263
expanded,selection,reverse,retrieval,speed,0.25,10,specimen_10,30,0,0.5,0.2341236013509965,0.2006904164372526
expanded,selection,reverse,retrieval,speed,0.25,10,specimen_10,40,45,1.0,0.1479176281784961,0.20159405348054737
expanded,selection,reverse,retrieval,speed,0.25,10,specimen_10,50,0,0.5,0.2311171553569472,0.2010511422212531
expanded,selection,reverse,retrieval,speed,0.25,10,specimen_10,60,90,1.0,0.14394650389638533,0.30134843400130285
expanded,selection,reverse,retrieval,speed,0.25,57,specimen_57,30,0,0.5,0.1203997250638168,0.0037646126847370176
expanded,selection,reverse,retrieval,speed,0.25,57,specimen_57,40,45,1.0,0.12553383553061367,0.009843575467112897
expanded,selection,reverse,retrieval,speed,0.25,57,specimen_57,50,0,0.5,0.14803425360323808,0.10697237402114257
expanded,selection,reverse,retrieval,speed,0.25,57,specimen_57,60,90,1.0,0.13114901707692486,0.10263558000762263
expanded,selection,reverse,retrieval,speed,0.5,10,specimen_10,30,0,0.5,0.2341236013509965,0.2006904164372526
expanded,selection,reverse,retrieval,speed,0.5,10,specimen_10,40,45,1.0,0.1479176281784961,0.20159405348054737
expanded,selection,reverse,retrieval,speed,0.5,10,specimen_10,50,0,0.5,0.2311171553569472,0.2010511422212531
expanded,selection,reverse,retrieval,speed,0.5,10,specimen_10,60,90,1.0,0.14394650389638533,0.30134843400130285
expanded,selection,reverse,retrieval,speed,0.5,57,specimen_57,30,0,0.5,0.1203997250638168,0.0037646126847370176
expanded,selection,reverse,retrieval,speed,0.5,57,specimen_57,40,45,1.0,0.12553383553061367,0.009843575467112897
expanded,selection,reverse,retrieval,speed,0.5,57,specimen_57,50,0,0.5,0.14803425360323808,0.10697237402114257
expanded,selection,reverse,retrieval,speed,0.5,57,specimen_57,60,90,1.0,0.13114901707692486,0.10263558000762263
expanded,selection,reverse,retrieval,speed,1.0,10,specimen_10,30,0,0.5,0.2341236013509965,0.2006904164372526
expanded,selection,reverse,retrieval,speed,1.0,10,specimen_10,40,45,1.0,0.1479176281784961,0.20159405348054737
expanded,selection,reverse,retrieval,speed,1.0,10,specimen_10,50,0,0.5,0.2311171553569472,0.2010511422212531
expanded,selection,reverse,retrieval,speed,1.0,10,specimen_10,60,90,1.0,0.14394650389638533,0.30134843400130285
expanded,selection,reverse,retrieval,speed,1.0,57,specimen_57,30,0,0.5,0.1203997250638168,0.0037646126847370176
expanded,selection,reverse,retrieval,speed,1.0,57,specimen_57,40,45,1.0,0.12553383553061367,0.009843575467112897
expanded,selection,reverse,retrieval,speed,1.0,57,specimen_57,50,0,0.5,0.14803425360323808,0.10697237402114257
expanded,selection,reverse,retrieval,speed,1.0,57,specimen_57,60,90,1.0,0.13114901707692486,0.10263558000762263
expanded,selection,reverse,speed_rescaling,direction,0.25,10,specimen_10,30,0,0.5,0.29068454583296716,0.2309424713618674
expanded,selection,reverse,speed_rescaling,direction,0.25,10,specimen_10,40,45,1.0,0.548745256369067,0.17024884513624827
expanded,selection,reverse,speed_rescaling,direction,0.25,10,specimen_10,50,0,0.5,0.31141058676085714,0.20442179591851062
expanded,selection,reverse,speed_rescaling,direction,0.25,10,specimen_10,60,90,1.0,0.6751831168794037,0.36335983793757753
expanded,selection,reverse,speed_rescaling,direction,0.25,57,specimen_57,30,0,0.5,0.2703284334131117,0.11107321177200444
expanded,selection,reverse,speed_rescaling,direction,0.25,57,specimen_57,40,45,1.0,0.5327696219591763,0.526911818188334
expanded,selection,reverse,speed_rescaling,direction,0.25,57,specimen_57,50,0,0.5,0.3416874783810399,0.379888880651658
expanded,selection,reverse,speed_rescaling,direction,0.25,57,specimen_57,60,90,1.0,0.7071560968363317,0.5177141183911185
expanded,selection,reverse,speed_rescaling,direction,0.5,10,specimen_10,30,0,0.5,0.24931289056585046,0.18971732127025687
expanded,selection,reverse,speed_rescaling,direction,0.5,10,specimen_10,40,45,1.0,0.5415253585485393,0.22195865584674912
expanded,selection,reverse,speed_rescaling,direction,0.5,10,specimen_10,50,0,0.5,0.283792193305133,0.2501180575788522
expanded,selection,reverse,speed_rescaling,direction,0.5,10,specimen_10,60,90,1.0,0.6246593959334862,0.18984510878197236
expanded,selection,reverse,speed_rescaling,direction,0.5,57,specimen_57,30,0,0.5,0.23154413066324386,0.08734492680871245
expanded,selection,reverse,speed_rescaling,direction,0.5,57,specimen_57,40,45,1.0,0.5075609931895002,0.5581576789075026
expanded,selection,reverse,speed_rescaling,direction,0.5,57,specimen_57,50,0,0.5,0.33319452033683755,0.40811371531824564
expanded,selection,reverse,speed_rescaling,direction,0.5,57,specimen_57,60,90,1.0,0.7173528372891941,0.5029505576572841
expanded,selection,reverse,speed_rescaling,direction,1.0,10,specimen_10,30,0,0.5,0.23491177845947644,0.1157935576436595
expanded,selection,reverse,speed_rescaling,direction,1.0,10,specimen_10,40,45,1.0,0.5120295177453252,0.3088339675598616
expanded,selection,reverse,speed_rescaling,direction,1.0,10,specimen_10,50,0,0.5,0.2837252926204939,0.328390624573594
expanded,selection,reverse,speed_rescaling,direction,1.0,10,specimen_10,60,90,1.0,0.6185514452305624,0.10903702522971415
expanded,selection,reverse,speed_rescaling,direction,1.0,57,specimen_57,30,0,0.5,0.21752462348850088,0.07229219976911092
expanded,selection,reverse,speed_rescaling,direction,1.0,57,specimen_57,40,45,1.0,0.49292304542462634,0.5769507024011632
expanded,selection,reverse,speed_rescaling,direction,1.0,57,specimen_57,50,0,0.5,0.3053713117585997,0.42544240710080883
expanded,selection,reverse,speed_rescaling,direction,1.0,57,specimen_57,60,90,1.0,0.6893034789700468,0.4681661377716346
expanded,selection,reverse,speed_rescaling,load,0.25,10,specimen_10,30,0,0.5,0.29068454583296716,0.2309424713618674
expanded,selection,reverse,speed_rescaling,load,0.25,10,specimen_10,40,45,1.0,0.548745256369067,0.17024884513624827
expanded,selection,reverse,speed_rescaling,load,0.25,10,specimen_10,50,0,0.5,0.31141058676085714,0.20442179591851062
expanded,selection,reverse,speed_rescaling,load,0.25,10,specimen_10,60,90,1.0,0.8447388578679922,1.2731275745616628
expanded,selection,reverse,speed_rescaling,load,0.25,57,specimen_57,30,0,0.5,0.2703284334131117,0.11107321177200444
expanded,selection,reverse,speed_rescaling,load,0.25,57,specimen_57,40,45,1.0,0.5327696219591763,0.526911818188334
expanded,selection,reverse,speed_rescaling,load,0.25,57,specimen_57,50,0,0.5,0.3416874783810399,0.379888880651658
expanded,selection,reverse,speed_rescaling,load,0.25,57,specimen_57,60,90,1.0,0.8517442587076604,1.5135232545782138
expanded,selection,reverse,speed_rescaling,load,0.5,10,specimen_10,30,0,0.5,0.24931289056585046,0.18971732127025687
expanded,selection,reverse,speed_rescaling,load,0.5,10,specimen_10,40,45,1.0,0.5415253585485393,0.22195865584674912
expanded,selection,reverse,speed_rescaling,load,0.5,10,specimen_10,50,0,0.5,0.283792193305133,0.2501180575788522
expanded,selection,reverse,speed_rescaling,load,0.5,10,specimen_10,60,90,1.0,0.8530524892387826,1.3252477173000643
expanded,selection,reverse,speed_rescaling,load,0.5,57,specimen_57,30,0,0.5,0.23154413066324386,0.08734492680871245
expanded,selection,reverse,speed_rescaling,load,0.5,57,specimen_57,40,45,1.0,0.5075609931895002,0.5581576789075026
expanded,selection,reverse,speed_rescaling,load,0.5,57,specimen_57,50,0,0.5,0.33319452033683755,0.40811371531824564
expanded,selection,reverse,speed_rescaling,load,0.5,57,specimen_57,60,90,1.0,0.8654358918569153,1.545875861689883
expanded,selection,reverse,speed_rescaling,load,1.0,10,specimen_10,30,0,0.5,0.23491177845947644,0.1157935576436595
expanded,selection,reverse,speed_rescaling,load,1.0,10,specimen_10,40,45,1.0,0.5120295177453252,0.3088339675598616
expanded,selection,reverse,speed_rescaling,load,1.0,10,specimen_10,50,0,0.5,0.2837252926204939,0.328390624573594
expanded,selection,reverse,speed_rescaling,load,1.0,10,specimen_10,60,90,1.0,0.8522141398438835,1.416061834555618
expanded,selection,reverse,speed_rescaling,load,1.0,57,specimen_57,30,0,0.5,0.21752462348850088,0.07229219976911092
expanded,selection,reverse,speed_rescaling,load,1.0,57,specimen_57,40,45,1.0,0.49292304542462634,0.5769507024011632
expanded,selection,reverse,speed_rescaling,load,1.0,57,specimen_57,50,0,0.5,0.3053713117585997,0.42544240710080883
expanded,selection,reverse,speed_rescaling,load,1.0,57,specimen_57,60,90,1.0,0.8562723236809496,1.5660622361747905
expanded,selection,reverse,speed_rescaling,repeat,0.25,10,specimen_10,30,0,0.5,0.2620606400291365,0.2105262695832737
expanded,selection,reverse,speed_rescaling,repeat,0.25,10,specimen_10,40,45,1.0,0.5429525169574593,0.18908065290823894
expanded,selection,reverse,speed_rescaling,repeat,0.25,10,specimen_10,50,0,0.5,0.3286417083580681,0.22130055819020744
expanded,selection,reverse,speed_rescaling,repeat,0.25,10,specimen_10,60,90,1.0,0.8873288476403941,1.2897754291593393
expanded,selection,reverse,speed_rescaling,repeat,0.25,57,specimen_57,30,0,0.5,0.25714233905720646,0.08542094230318234
expanded,selection,reverse,speed_rescaling,repeat,0.25,57,specimen_57,40,45,1.0,0.539131334681666,0.5560984032543591
expanded,selection,reverse,speed_rescaling,repeat,0.25,57,specimen_57,50,0,0.5,0.35521258170587017,0.40547644791752924
expanded,selection,reverse,speed_rescaling,repeat,0.25,57,specimen_57,60,90,1.0,0.8940744214819945,1.5439479503776692
expanded,selection,reverse,speed_rescaling,repeat,0.5,10,specimen_10,30,0,0.5,0.2336893810900512,0.0860853160630719
expanded,selection,reverse,speed_rescaling,repeat,0.5,10,specimen_10,40,45,1.0,0.5062158156454459,0.3361951370383427
expanded,selection,reverse,speed_rescaling,repeat,0.5,10,specimen_10,50,0,0.5,0.308233200445043,0.3535595244781712
expanded,selection,reverse,speed_rescaling,repeat,0.5,10,specimen_10,60,90,1.0,0.873707968685106,1.4426765408203783
expanded,selection,reverse,speed_rescaling,repeat,0.5,57,specimen_57,30,0,0.5,0.2387723802294298,0.07163667470323623
expanded,selection,reverse,speed_rescaling,repeat,0.5,57,specimen_57,40,45,1.0,0.526704360842207,0.5752159771194565
expanded,selection,reverse,speed_rescaling,repeat,0.5,57,specimen_57,50,0,0.5,0.3251428565567538,0.4233738942001588
expanded,selection,reverse,speed_rescaling,repeat,0.5,57,specimen_57,60,90,1.0,0.9064878951192235,1.5644620151539286
expanded,selection,reverse,speed_rescaling,repeat,1.0,10,specimen_10,30,0,0.5,0.2407740919870868,0.02512530514446709
expanded,selection,reverse,speed_rescaling,repeat,1.0,10,specimen_10,40,45,1.0,0.4779223471685871,0.41092710011931277
expanded,selection,reverse,speed_rescaling,repeat,1.0,10,specimen_10,50,0,0.5,0.30194947461522,0.42026425518786337
expanded,selection,reverse,speed_rescaling,repeat,1.0,10,specimen_10,60,90,1.0,0.8613120771016067,1.520919184301896
expanded,selection,reverse,speed_rescaling,repeat,1.0,57,specimen_57,30,0,0.5,0.21875861062740612,0.06146218679807561
expanded,selection,reverse,speed_rescaling,repeat,1.0,57,specimen_57,40,45,1.0,0.511839260602864,0.589031109966037
expanded,selection,reverse,speed_rescaling,repeat,1.0,57,specimen_57,50,0,0.5,0.3075768895552267,0.4363685839546044
expanded,selection,reverse,speed_rescaling,repeat,1.0,57,specimen_57,60,90,1.0,0.8956714820865956,1.5793853510686224
expanded,selection,reverse,speed_rescaling,single,0.25,10,specimen_10,30,0,0.5,0.29068454583296716,0.2309424713618674
expanded,selection,reverse,speed_rescaling,single,0.25,10,specimen_10,40,45,1.0,0.548745256369067,0.17024884513624827
expanded,selection,reverse,speed_rescaling,single,0.25,10,specimen_10,50,0,0.5,0.31141058676085714,0.20442179591851062
expanded,selection,reverse,speed_rescaling,single,0.25,10,specimen_10,60,90,1.0,0.8447388578679922,1.2731275745616628
expanded,selection,reverse,speed_rescaling,single,0.25,57,specimen_57,30,0,0.5,0.2703284334131117,0.11107321177200444
expanded,selection,reverse,speed_rescaling,single,0.25,57,specimen_57,40,45,1.0,0.5327696219591763,0.526911818188334
expanded,selection,reverse,speed_rescaling,single,0.25,57,specimen_57,50,0,0.5,0.3416874783810399,0.379888880651658
expanded,selection,reverse,speed_rescaling,single,0.25,57,specimen_57,60,90,1.0,0.8517442587076604,1.5135232545782138
expanded,selection,reverse,speed_rescaling,single,0.5,10,specimen_10,30,0,0.5,0.24931289056585046,0.18971732127025687
expanded,selection,reverse,speed_rescaling,single,0.5,10,specimen_10,40,45,1.0,0.5415253585485393,0.22195865584674912
expanded,selection,reverse,speed_rescaling,single,0.5,10,specimen_10,50,0,0.5,0.283792193305133,0.2501180575788522
expanded,selection,reverse,speed_rescaling,single,0.5,10,specimen_10,60,90,1.0,0.8530524892387826,1.3252477173000643
expanded,selection,reverse,speed_rescaling,single,0.5,57,specimen_57,30,0,0.5,0.23154413066324386,0.08734492680871245
expanded,selection,reverse,speed_rescaling,single,0.5,57,specimen_57,40,45,1.0,0.5075609931895002,0.5581576789075026
expanded,selection,reverse,speed_rescaling,single,0.5,57,specimen_57,50,0,0.5,0.33319452033683755,0.40811371531824564
expanded,selection,reverse,speed_rescaling,single,0.5,57,specimen_57,60,90,1.0,0.8654358918569153,1.545875861689883
expanded,selection,reverse,speed_rescaling,single,1.0,10,specimen_10,30,0,0.5,0.23491177845947644,0.1157935576436595
expanded,selection,reverse,speed_rescaling,single,1.0,10,specimen_10,40,45,1.0,0.5120295177453252,0.3088339675598616
expanded,selection,reverse,speed_rescaling,single,1.0,10,specimen_10,50,0,0.5,0.2837252926204939,0.328390624573594
expanded,selection,reverse,speed_rescaling,single,1.0,10,specimen_10,60,90,1.0,0.8522141398438835,1.416061834555618
expanded,selection,reverse,speed_rescaling,single,1.0,57,specimen_57,30,0,0.5,0.21752462348850088,0.07229219976911092
expanded,selection,reverse,speed_rescaling,single,1.0,57,specimen_57,40,45,1.0,0.49292304542462634,0.5769507024011632
expanded,selection,reverse,speed_rescaling,single,1.0,57,specimen_57,50,0,0.5,0.3053713117585997,0.42544240710080883
expanded,selection,reverse,speed_rescaling,single,1.0,57,specimen_57,60,90,1.0,0.8562723236809496,1.5660622361747905
expanded,selection,reverse,speed_rescaling,speed,0.25,10,specimen_10,30,0,0.5,0.29068454583296716,0.2309424713618674
expanded,selection,reverse,speed_rescaling,speed,0.25,10,specimen_10,40,45,1.0,0.548745256369067,0.17024884513624827
expanded,selection,reverse,speed_rescaling,speed,0.25,10,specimen_10,50,0,0.5,0.31141058676085714,0.20442179591851062
expanded,selection,reverse,speed_rescaling,speed,0.25,10,specimen_10,60,90,1.0,0.8447388578679922,1.2731275745616628
expanded,selection,reverse,speed_rescaling,speed,0.25,57,specimen_57,30,0,0.5,0.2703284334131117,0.11107321177200444
expanded,selection,reverse,speed_rescaling,speed,0.25,57,specimen_57,40,45,1.0,0.5327696219591763,0.526911818188334
expanded,selection,reverse,speed_rescaling,speed,0.25,57,specimen_57,50,0,0.5,0.3416874783810399,0.379888880651658
expanded,selection,reverse,speed_rescaling,speed,0.25,57,specimen_57,60,90,1.0,0.8517442587076604,1.5135232545782138
expanded,selection,reverse,speed_rescaling,speed,0.5,10,specimen_10,30,0,0.5,0.24931289056585046,0.18971732127025687
expanded,selection,reverse,speed_rescaling,speed,0.5,10,specimen_10,40,45,1.0,0.5415253585485393,0.22195865584674912
expanded,selection,reverse,speed_rescaling,speed,0.5,10,specimen_10,50,0,0.5,0.283792193305133,0.2501180575788522
expanded,selection,reverse,speed_rescaling,speed,0.5,10,specimen_10,60,90,1.0,0.8530524892387826,1.3252477173000643
expanded,selection,reverse,speed_rescaling,speed,0.5,57,specimen_57,30,0,0.5,0.23154413066324386,0.08734492680871245
expanded,selection,reverse,speed_rescaling,speed,0.5,57,specimen_57,40,45,1.0,0.5075609931895002,0.5581576789075026
expanded,selection,reverse,speed_rescaling,speed,0.5,57,specimen_57,50,0,0.5,0.33319452033683755,0.40811371531824564
expanded,selection,reverse,speed_rescaling,speed,0.5,57,specimen_57,60,90,1.0,0.8654358918569153,1.545875861689883
expanded,selection,reverse,speed_rescaling,speed,1.0,10,specimen_10,30,0,0.5,0.23491177845947644,0.1157935576436595
expanded,selection,reverse,speed_rescaling,speed,1.0,10,specimen_10,40,45,1.0,0.5120295177453252,0.3088339675598616
expanded,selection,reverse,speed_rescaling,speed,1.0,10,specimen_10,50,0,0.5,0.2837252926204939,0.328390624573594
expanded,selection,reverse,speed_rescaling,speed,1.0,10,specimen_10,60,90,1.0,0.8522141398438835,1.416061834555618
expanded,selection,reverse,speed_rescaling,speed,1.0,57,specimen_57,30,0,0.5,0.21752462348850088,0.07229219976911092
expanded,selection,reverse,speed_rescaling,speed,1.0,57,specimen_57,40,45,1.0,0.49292304542462634,0.5769507024011632
expanded,selection,reverse,speed_rescaling,speed,1.0,57,specimen_57,50,0,0.5,0.3053713117585997,0.42544240710080883
expanded,selection,reverse,speed_rescaling,speed,1.0,57,specimen_57,60,90,1.0,0.8562723236809496,1.5660622361747905
omitted,selection,forward,conditions_only,direction,0.25,10,specimen_10,20,45,1.0,0.1995241733539427,0.05649008678783762
omitted,selection,forward,conditions_only,direction,0.25,10,specimen_10,20,90,1.0,0.2161620414360027,0.10131288567394137
omitted,selection,forward,conditions_only,direction,0.25,10,specimen_10,40,45,1.0,0.2260097072631392,0.2926539282974302
omitted,selection,forward,conditions_only,direction,0.25,10,specimen_10,40,90,1.0,0.3089875628307435,1.2292562789660317
omitted,selection,forward,conditions_only,direction,0.25,10,specimen_10,60,45,1.0,0.3011577438436643,0.6211453526832729
omitted,selection,forward,conditions_only,direction,0.25,10,specimen_10,60,90,1.0,0.3118013440024568,0.731644354813902
omitted,selection,forward,conditions_only,direction,0.25,57,specimen_57,20,45,1.0,0.3584770865508559,0.03500094060517822
omitted,selection,forward,conditions_only,direction,0.25,57,specimen_57,20,90,1.0,0.4021865307628632,0.11078337047650588
omitted,selection,forward,conditions_only,direction,0.25,57,specimen_57,40,45,1.0,0.4112139892362583,0.056659742297549
omitted,selection,forward,conditions_only,direction,0.25,57,specimen_57,40,90,1.0,0.25866497399582167,1.0650234887785666
omitted,selection,forward,conditions_only,direction,0.25,57,specimen_57,60,45,1.0,0.35471747959980443,0.4742024722884379
omitted,selection,forward,conditions_only,direction,0.25,57,specimen_57,60,90,1.0,0.3131734392843925,0.6790122212575491
omitted,selection,forward,conditions_only,direction,0.5,10,specimen_10,20,45,1.0,0.1995241733539427,0.05649008678783762
omitted,selection,forward,conditions_only,direction,0.5,10,specimen_10,20,90,1.0,0.2161620414360027,0.10131288567394137
omitted,selection,forward,conditions_only,direction,0.5,10,specimen_10,40,45,1.0,0.2260097072631392,0.2926539282974302
omitted,selection,forward,conditions_only,direction,0.5,10,specimen_10,40,90,1.0,0.3089875628307435,1.2292562789660317
omitted,selection,forward,conditions_only,direction,0.5,10,specimen_10,60,45,1.0,0.3011577438436643,0.6211453526832729
omitted,selection,forward,conditions_only,direction,0.5,10,specimen_10,60,90,1.0,0.3118013440024568,0.731644354813902
omitted,selection,forward,conditions_only,direction,0.5,57,specimen_57,20,45,1.0,0.3584770865508559,0.03500094060517822
omitted,selection,forward,conditions_only,direction,0.5,57,specimen_57,20,90,1.0,0.4021865307628632,0.11078337047650588
omitted,selection,forward,conditions_only,direction,0.5,57,specimen_57,40,45,1.0,0.4112139892362583,0.056659742297549
omitted,selection,forward,conditions_only,direction,0.5,57,specimen_57,40,90,1.0,0.25866497399582167,1.0650234887785666
omitted,selection,forward,conditions_only,direction,0.5,57,specimen_57,60,45,1.0,0.35471747959980443,0.4742024722884379
omitted,selection,forward,conditions_only,direction,0.5,57,specimen_57,60,90,1.0,0.3131734392843925,0.6790122212575491
omitted,selection,forward,conditions_only,direction,1.0,10,specimen_10,20,45,1.0,0.1995241733539427,0.05649008678783762
omitted,selection,forward,conditions_only,direction,1.0,10,specimen_10,20,90,1.0,0.2161620414360027,0.10131288567394137
omitted,selection,forward,conditions_only,direction,1.0,10,specimen_10,40,45,1.0,0.2260097072631392,0.2926539282974302
omitted,selection,forward,conditions_only,direction,1.0,10,specimen_10,40,90,1.0,0.3089875628307435,1.2292562789660317
omitted,selection,forward,conditions_only,direction,1.0,10,specimen_10,60,45,1.0,0.3011577438436643,0.6211453526832729
omitted,selection,forward,conditions_only,direction,1.0,10,specimen_10,60,90,1.0,0.3118013440024568,0.731644354813902
omitted,selection,forward,conditions_only,direction,1.0,57,specimen_57,20,45,1.0,0.3584770865508559,0.03500094060517822
omitted,selection,forward,conditions_only,direction,1.0,57,specimen_57,20,90,1.0,0.4021865307628632,0.11078337047650588
omitted,selection,forward,conditions_only,direction,1.0,57,specimen_57,40,45,1.0,0.4112139892362583,0.056659742297549
omitted,selection,forward,conditions_only,direction,1.0,57,specimen_57,40,90,1.0,0.25866497399582167,1.0650234887785666
omitted,selection,forward,conditions_only,direction,1.0,57,specimen_57,60,45,1.0,0.35471747959980443,0.4742024722884379
omitted,selection,forward,conditions_only,direction,1.0,57,specimen_57,60,90,1.0,0.3131734392843925,0.6790122212575491
omitted,selection,forward,conditions_only,load,0.25,10,specimen_10,20,45,1.0,0.1995241733539427,0.05649008678783762
omitted,selection,forward,conditions_only,load,0.25,10,specimen_10,20,90,1.0,0.2161620414360027,0.10131288567394137
omitted,selection,forward,conditions_only,load,0.25,10,specimen_10,40,45,1.0,0.2260097072631392,0.2926539282974302
omitted,selection,forward,conditions_only,load,0.25,10,specimen_10,40,90,1.0,0.3089875628307435,1.2292562789660317
omitted,selection,forward,conditions_only,load,0.25,10,specimen_10,60,45,1.0,0.3011577438436643,0.6211453526832729
omitted,selection,forward,conditions_only,load,0.25,10,specimen_10,60,90,1.0,0.3118013440024568,0.731644354813902
omitted,selection,forward,conditions_only,load,0.25,57,specimen_57,20,45,1.0,0.3584770865508559,0.03500094060517822
omitted,selection,forward,conditions_only,load,0.25,57,specimen_57,20,90,1.0,0.4021865307628632,0.11078337047650588
omitted,selection,forward,conditions_only,load,0.25,57,specimen_57,40,45,1.0,0.4112139892362583,0.056659742297549
omitted,selection,forward,conditions_only,load,0.25,57,specimen_57,40,90,1.0,0.25866497399582167,1.0650234887785666
omitted,selection,forward,conditions_only,load,0.25,57,specimen_57,60,45,1.0,0.35471747959980443,0.4742024722884379
omitted,selection,forward,conditions_only,load,0.25,57,specimen_57,60,90,1.0,0.3131734392843925,0.6790122212575491
omitted,selection,forward,conditions_only,load,0.5,10,specimen_10,20,45,1.0,0.1995241733539427,0.05649008678783762
omitted,selection,forward,conditions_only,load,0.5,10,specimen_10,20,90,1.0,0.2161620414360027,0.10131288567394137
omitted,selection,forward,conditions_only,load,0.5,10,specimen_10,40,45,1.0,0.2260097072631392,0.2926539282974302
omitted,selection,forward,conditions_only,load,0.5,10,specimen_10,40,90,1.0,0.3089875628307435,1.2292562789660317
omitted,selection,forward,conditions_only,load,0.5,10,specimen_10,60,45,1.0,0.3011577438436643,0.6211453526832729
omitted,selection,forward,conditions_only,load,0.5,10,specimen_10,60,90,1.0,0.3118013440024568,0.731644354813902
omitted,selection,forward,conditions_only,load,0.5,57,specimen_57,20,45,1.0,0.3584770865508559,0.03500094060517822
omitted,selection,forward,conditions_only,load,0.5,57,specimen_57,20,90,1.0,0.4021865307628632,0.11078337047650588
omitted,selection,forward,conditions_only,load,0.5,57,specimen_57,40,45,1.0,0.4112139892362583,0.056659742297549
omitted,selection,forward,conditions_only,load,0.5,57,specimen_57,40,90,1.0,0.25866497399582167,1.0650234887785666
omitted,selection,forward,conditions_only,load,0.5,57,specimen_57,60,45,1.0,0.35471747959980443,0.4742024722884379
omitted,selection,forward,conditions_only,load,0.5,57,specimen_57,60,90,1.0,0.3131734392843925,0.6790122212575491
omitted,selection,forward,conditions_only,load,1.0,10,specimen_10,20,45,1.0,0.1995241733539427,0.05649008678783762
omitted,selection,forward,conditions_only,load,1.0,10,specimen_10,20,90,1.0,0.2161620414360027,0.10131288567394137
omitted,selection,forward,conditions_only,load,1.0,10,specimen_10,40,45,1.0,0.2260097072631392,0.2926539282974302
omitted,selection,forward,conditions_only,load,1.0,10,specimen_10,40,90,1.0,0.3089875628307435,1.2292562789660317
omitted,selection,forward,conditions_only,load,1.0,10,specimen_10,60,45,1.0,0.3011577438436643,0.6211453526832729
omitted,selection,forward,conditions_only,load,1.0,10,specimen_10,60,90,1.0,0.3118013440024568,0.731644354813902
omitted,selection,forward,conditions_only,load,1.0,57,specimen_57,20,45,1.0,0.3584770865508559,0.03500094060517822
omitted,selection,forward,conditions_only,load,1.0,57,specimen_57,20,90,1.0,0.4021865307628632,0.11078337047650588
omitted,selection,forward,conditions_only,load,1.0,57,specimen_57,40,45,1.0,0.4112139892362583,0.056659742297549
omitted,selection,forward,conditions_only,load,1.0,57,specimen_57,40,90,1.0,0.25866497399582167,1.0650234887785666
omitted,selection,forward,conditions_only,load,1.0,57,specimen_57,60,45,1.0,0.35471747959980443,0.4742024722884379
omitted,selection,forward,conditions_only,load,1.0,57,specimen_57,60,90,1.0,0.3131734392843925,0.6790122212575491
omitted,selection,forward,conditions_only,repeat,0.25,10,specimen_10,20,45,1.0,0.1995241733539427,0.05649008678783762
omitted,selection,forward,conditions_only,repeat,0.25,10,specimen_10,20,90,1.0,0.2161620414360027,0.10131288567394137
omitted,selection,forward,conditions_only,repeat,0.25,10,specimen_10,40,45,1.0,0.2260097072631392,0.2926539282974302
omitted,selection,forward,conditions_only,repeat,0.25,10,specimen_10,40,90,1.0,0.3089875628307435,1.2292562789660317
omitted,selection,forward,conditions_only,repeat,0.25,10,specimen_10,60,45,1.0,0.3011577438436643,0.6211453526832729
omitted,selection,forward,conditions_only,repeat,0.25,10,specimen_10,60,90,1.0,0.3118013440024568,0.731644354813902
omitted,selection,forward,conditions_only,repeat,0.25,57,specimen_57,20,45,1.0,0.3584770865508559,0.03500094060517822
omitted,selection,forward,conditions_only,repeat,0.25,57,specimen_57,20,90,1.0,0.4021865307628632,0.11078337047650588
omitted,selection,forward,conditions_only,repeat,0.25,57,specimen_57,40,45,1.0,0.4112139892362583,0.056659742297549
omitted,selection,forward,conditions_only,repeat,0.25,57,specimen_57,40,90,1.0,0.25866497399582167,1.0650234887785666
omitted,selection,forward,conditions_only,repeat,0.25,57,specimen_57,60,45,1.0,0.35471747959980443,0.4742024722884379
omitted,selection,forward,conditions_only,repeat,0.25,57,specimen_57,60,90,1.0,0.3131734392843925,0.6790122212575491
omitted,selection,forward,conditions_only,repeat,0.5,10,specimen_10,20,45,1.0,0.1995241733539427,0.05649008678783762
omitted,selection,forward,conditions_only,repeat,0.5,10,specimen_10,20,90,1.0,0.2161620414360027,0.10131288567394137
omitted,selection,forward,conditions_only,repeat,0.5,10,specimen_10,40,45,1.0,0.2260097072631392,0.2926539282974302
omitted,selection,forward,conditions_only,repeat,0.5,10,specimen_10,40,90,1.0,0.3089875628307435,1.2292562789660317
omitted,selection,forward,conditions_only,repeat,0.5,10,specimen_10,60,45,1.0,0.3011577438436643,0.6211453526832729
omitted,selection,forward,conditions_only,repeat,0.5,10,specimen_10,60,90,1.0,0.3118013440024568,0.731644354813902
omitted,selection,forward,conditions_only,repeat,0.5,57,specimen_57,20,45,1.0,0.3584770865508559,0.03500094060517822
omitted,selection,forward,conditions_only,repeat,0.5,57,specimen_57,20,90,1.0,0.4021865307628632,0.11078337047650588
omitted,selection,forward,conditions_only,repeat,0.5,57,specimen_57,40,45,1.0,0.4112139892362583,0.056659742297549
omitted,selection,forward,conditions_only,repeat,0.5,57,specimen_57,40,90,1.0,0.25866497399582167,1.0650234887785666
omitted,selection,forward,conditions_only,repeat,0.5,57,specimen_57,60,45,1.0,0.35471747959980443,0.4742024722884379
omitted,selection,forward,conditions_only,repeat,0.5,57,specimen_57,60,90,1.0,0.3131734392843925,0.6790122212575491
omitted,selection,forward,conditions_only,repeat,1.0,10,specimen_10,20,45,1.0,0.1995241733539427,0.05649008678783762
omitted,selection,forward,conditions_only,repeat,1.0,10,specimen_10,20,90,1.0,0.2161620414360027,0.10131288567394137
omitted,selection,forward,conditions_only,repeat,1.0,10,specimen_10,40,45,1.0,0.2260097072631392,0.2926539282974302
omitted,selection,forward,conditions_only,repeat,1.0,10,specimen_10,40,90,1.0,0.3089875628307435,1.2292562789660317
omitted,selection,forward,conditions_only,repeat,1.0,10,specimen_10,60,45,1.0,0.3011577438436643,0.6211453526832729
omitted,selection,forward,conditions_only,repeat,1.0,10,specimen_10,60,90,1.0,0.3118013440024568,0.731644354813902
omitted,selection,forward,conditions_only,repeat,1.0,57,specimen_57,20,45,1.0,0.3584770865508559,0.03500094060517822
omitted,selection,forward,conditions_only,repeat,1.0,57,specimen_57,20,90,1.0,0.4021865307628632,0.11078337047650588
omitted,selection,forward,conditions_only,repeat,1.0,57,specimen_57,40,45,1.0,0.4112139892362583,0.056659742297549
omitted,selection,forward,conditions_only,repeat,1.0,57,specimen_57,40,90,1.0,0.25866497399582167,1.0650234887785666
omitted,selection,forward,conditions_only,repeat,1.0,57,specimen_57,60,45,1.0,0.35471747959980443,0.4742024722884379
omitted,selection,forward,conditions_only,repeat,1.0,57,specimen_57,60,90,1.0,0.3131734392843925,0.6790122212575491
omitted,selection,forward,conditions_only,single,0.25,10,specimen_10,20,45,1.0,0.1995241733539427,0.05649008678783762
omitted,selection,forward,conditions_only,single,0.25,10,specimen_10,20,90,1.0,0.2161620414360027,0.10131288567394137
omitted,selection,forward,conditions_only,single,0.25,10,specimen_10,40,45,1.0,0.2260097072631392,0.2926539282974302
omitted,selection,forward,conditions_only,single,0.25,10,specimen_10,40,90,1.0,0.3089875628307435,1.2292562789660317
omitted,selection,forward,conditions_only,single,0.25,10,specimen_10,60,45,1.0,0.3011577438436643,0.6211453526832729
omitted,selection,forward,conditions_only,single,0.25,10,specimen_10,60,90,1.0,0.3118013440024568,0.731644354813902
omitted,selection,forward,conditions_only,single,0.25,57,specimen_57,20,45,1.0,0.3584770865508559,0.03500094060517822
omitted,selection,forward,conditions_only,single,0.25,57,specimen_57,20,90,1.0,0.4021865307628632,0.11078337047650588
omitted,selection,forward,conditions_only,single,0.25,57,specimen_57,40,45,1.0,0.4112139892362583,0.056659742297549
omitted,selection,forward,conditions_only,single,0.25,57,specimen_57,40,90,1.0,0.25866497399582167,1.0650234887785666
omitted,selection,forward,conditions_only,single,0.25,57,specimen_57,60,45,1.0,0.35471747959980443,0.4742024722884379
omitted,selection,forward,conditions_only,single,0.25,57,specimen_57,60,90,1.0,0.3131734392843925,0.6790122212575491
omitted,selection,forward,conditions_only,single,0.5,10,specimen_10,20,45,1.0,0.1995241733539427,0.05649008678783762
omitted,selection,forward,conditions_only,single,0.5,10,specimen_10,20,90,1.0,0.2161620414360027,0.10131288567394137
omitted,selection,forward,conditions_only,single,0.5,10,specimen_10,40,45,1.0,0.2260097072631392,0.2926539282974302
omitted,selection,forward,conditions_only,single,0.5,10,specimen_10,40,90,1.0,0.3089875628307435,1.2292562789660317
omitted,selection,forward,conditions_only,single,0.5,10,specimen_10,60,45,1.0,0.3011577438436643,0.6211453526832729
omitted,selection,forward,conditions_only,single,0.5,10,specimen_10,60,90,1.0,0.3118013440024568,0.731644354813902
omitted,selection,forward,conditions_only,single,0.5,57,specimen_57,20,45,1.0,0.3584770865508559,0.03500094060517822
omitted,selection,forward,conditions_only,single,0.5,57,specimen_57,20,90,1.0,0.4021865307628632,0.11078337047650588
omitted,selection,forward,conditions_only,single,0.5,57,specimen_57,40,45,1.0,0.4112139892362583,0.056659742297549
omitted,selection,forward,conditions_only,single,0.5,57,specimen_57,40,90,1.0,0.25866497399582167,1.0650234887785666
omitted,selection,forward,conditions_only,single,0.5,57,specimen_57,60,45,1.0,0.35471747959980443,0.4742024722884379
omitted,selection,forward,conditions_only,single,0.5,57,specimen_57,60,90,1.0,0.3131734392843925,0.6790122212575491
omitted,selection,forward,conditions_only,single,1.0,10,specimen_10,20,45,1.0,0.1995241733539427,0.05649008678783762
omitted,selection,forward,conditions_only,single,1.0,10,specimen_10,20,90,1.0,0.2161620414360027,0.10131288567394137
omitted,selection,forward,conditions_only,single,1.0,10,specimen_10,40,45,1.0,0.2260097072631392,0.2926539282974302
omitted,selection,forward,conditions_only,single,1.0,10,specimen_10,40,90,1.0,0.3089875628307435,1.2292562789660317
omitted,selection,forward,conditions_only,single,1.0,10,specimen_10,60,45,1.0,0.3011577438436643,0.6211453526832729
omitted,selection,forward,conditions_only,single,1.0,10,specimen_10,60,90,1.0,0.3118013440024568,0.731644354813902
omitted,selection,forward,conditions_only,single,1.0,57,specimen_57,20,45,1.0,0.3584770865508559,0.03500094060517822
omitted,selection,forward,conditions_only,single,1.0,57,specimen_57,20,90,1.0,0.4021865307628632,0.11078337047650588
omitted,selection,forward,conditions_only,single,1.0,57,specimen_57,40,45,1.0,0.4112139892362583,0.056659742297549
omitted,selection,forward,conditions_only,single,1.0,57,specimen_57,40,90,1.0,0.25866497399582167,1.0650234887785666
omitted,selection,forward,conditions_only,single,1.0,57,specimen_57,60,45,1.0,0.35471747959980443,0.4742024722884379
omitted,selection,forward,conditions_only,single,1.0,57,specimen_57,60,90,1.0,0.3131734392843925,0.6790122212575491
omitted,selection,forward,conditions_only,speed,0.25,10,specimen_10,20,45,1.0,0.1995241733539427,0.05649008678783762
omitted,selection,forward,conditions_only,speed,0.25,10,specimen_10,20,90,1.0,0.2161620414360027,0.10131288567394137
omitted,selection,forward,conditions_only,speed,0.25,10,specimen_10,40,45,1.0,0.2260097072631392,0.2926539282974302
omitted,selection,forward,conditions_only,speed,0.25,10,specimen_10,40,90,1.0,0.3089875628307435,1.2292562789660317
omitted,selection,forward,conditions_only,speed,0.25,10,specimen_10,60,45,1.0,0.3011577438436643,0.6211453526832729
omitted,selection,forward,conditions_only,speed,0.25,10,specimen_10,60,90,1.0,0.3118013440024568,0.731644354813902
omitted,selection,forward,conditions_only,speed,0.25,57,specimen_57,20,45,1.0,0.3584770865508559,0.03500094060517822
omitted,selection,forward,conditions_only,speed,0.25,57,specimen_57,20,90,1.0,0.4021865307628632,0.11078337047650588
omitted,selection,forward,conditions_only,speed,0.25,57,specimen_57,40,45,1.0,0.4112139892362583,0.056659742297549
omitted,selection,forward,conditions_only,speed,0.25,57,specimen_57,40,90,1.0,0.25866497399582167,1.0650234887785666
omitted,selection,forward,conditions_only,speed,0.25,57,specimen_57,60,45,1.0,0.35471747959980443,0.4742024722884379
omitted,selection,forward,conditions_only,speed,0.25,57,specimen_57,60,90,1.0,0.3131734392843925,0.6790122212575491
omitted,selection,forward,conditions_only,speed,0.5,10,specimen_10,20,45,1.0,0.1995241733539427,0.05649008678783762
omitted,selection,forward,conditions_only,speed,0.5,10,specimen_10,20,90,1.0,0.2161620414360027,0.10131288567394137
omitted,selection,forward,conditions_only,speed,0.5,10,specimen_10,40,45,1.0,0.2260097072631392,0.2926539282974302
omitted,selection,forward,conditions_only,speed,0.5,10,specimen_10,40,90,1.0,0.3089875628307435,1.2292562789660317
omitted,selection,forward,conditions_only,speed,0.5,10,specimen_10,60,45,1.0,0.3011577438436643,0.6211453526832729
omitted,selection,forward,conditions_only,speed,0.5,10,specimen_10,60,90,1.0,0.3118013440024568,0.731644354813902
omitted,selection,forward,conditions_only,speed,0.5,57,specimen_57,20,45,1.0,0.3584770865508559,0.03500094060517822
omitted,selection,forward,conditions_only,speed,0.5,57,specimen_57,20,90,1.0,0.4021865307628632,0.11078337047650588
omitted,selection,forward,conditions_only,speed,0.5,57,specimen_57,40,45,1.0,0.4112139892362583,0.056659742297549
omitted,selection,forward,conditions_only,speed,0.5,57,specimen_57,40,90,1.0,0.25866497399582167,1.0650234887785666
omitted,selection,forward,conditions_only,speed,0.5,57,specimen_57,60,45,1.0,0.35471747959980443,0.4742024722884379
omitted,selection,forward,conditions_only,speed,0.5,57,specimen_57,60,90,1.0,0.3131734392843925,0.6790122212575491
omitted,selection,forward,conditions_only,speed,1.0,10,specimen_10,20,45,1.0,0.1995241733539427,0.05649008678783762
omitted,selection,forward,conditions_only,speed,1.0,10,specimen_10,20,90,1.0,0.2161620414360027,0.10131288567394137
omitted,selection,forward,conditions_only,speed,1.0,10,specimen_10,40,45,1.0,0.2260097072631392,0.2926539282974302
omitted,selection,forward,conditions_only,speed,1.0,10,specimen_10,40,90,1.0,0.3089875628307435,1.2292562789660317
omitted,selection,forward,conditions_only,speed,1.0,10,specimen_10,60,45,1.0,0.3011577438436643,0.6211453526832729
omitted,selection,forward,conditions_only,speed,1.0,10,specimen_10,60,90,1.0,0.3118013440024568,0.731644354813902
omitted,selection,forward,conditions_only,speed,1.0,57,specimen_57,20,45,1.0,0.3584770865508559,0.03500094060517822
omitted,selection,forward,conditions_only,speed,1.0,57,specimen_57,20,90,1.0,0.4021865307628632,0.11078337047650588
omitted,selection,forward,conditions_only,speed,1.0,57,specimen_57,40,45,1.0,0.4112139892362583,0.056659742297549
omitted,selection,forward,conditions_only,speed,1.0,57,specimen_57,40,90,1.0,0.25866497399582167,1.0650234887785666
omitted,selection,forward,conditions_only,speed,1.0,57,specimen_57,60,45,1.0,0.35471747959980443,0.4742024722884379
omitted,selection,forward,conditions_only,speed,1.0,57,specimen_57,60,90,1.0,0.3131734392843925,0.6790122212575491
omitted,selection,forward,copy,direction,0.25,10,specimen_10,20,45,1.0,0.6966587559077114,1.051569103529917
omitted,selection,forward,copy,direction,0.25,10,specimen_10,20,90,1.0,0.7087121850232695,0.9319229846587136
omitted,selection,forward,copy,direction,0.25,10,specimen_10,40,45,1.0,0.2904311500884676,0.5971146264801546
omitted,selection,forward,copy,direction,0.25,10,specimen_10,40,90,1.0,0.24026726619255437,0.4271166548257932
omitted,selection,forward,copy,direction,0.25,10,specimen_10,60,45,1.0,0.34349965373058094,0.07546341554547409
omitted,selection,forward,copy,direction,0.25,10,specimen_10,60,90,1.0,0.45116332225884853,0.2918364065758243
omitted,selection,forward,copy,direction,0.25,57,specimen_57,20,45,1.0,0.5355109795266063,0.8154439244300824
omitted,selection,forward,copy,direction,0.25,57,specimen_57,20,90,1.0,0.5616778942647661,0.8864049155266668
omitted,selection,forward,copy,direction,0.25,57,specimen_57,40,45,1.0,0.41566722428703,0.5754944871975417
omitted,selection,forward,copy,direction,0.25,57,specimen_57,40,90,1.0,0.2203114342343234,0.5204981899208221
omitted,selection,forward,copy,direction,0.25,57,specimen_57,60,45,1.0,0.4028806597535434,0.1861348604331332
omitted,selection,forward,copy,direction,0.25,57,specimen_57,60,90,1.0,0.48592511336336847,0.4968185983019655
omitted,selection,forward,copy,direction,0.5,10,specimen_10,20,45,1.0,0.6419809508558286,0.9239311933203485
omitted,selection,forward,copy,direction,0.5,10,specimen_10,20,90,1.0,0.6568109243380936,0.804285074449145
omitted,selection,forward,copy,direction,0.5,10,specimen_10,40,45,1.0,0.261159620769188,0.46947671627058596
omitted,selection,forward,copy,direction,0.5,10,specimen_10,40,90,1.0,0.22506258512726926,0.5547545650353618
omitted,selection,forward,copy,direction,0.5,10,specimen_10,60,45,1.0,0.35759978759397876,0.2031013257550427
omitted,selection,forward,copy,direction,0.5,10,specimen_10,60,90,1.0,0.4572623784929615,0.41947431678539293
omitted,selection,forward,copy,direction,0.5,57,specimen_57,20,45,1.0,0.5303127735164579,0.8010921350086522
omitted,selection,forward,copy,direction,0.5,57,specimen_57,20,90,1.0,0.5684487319657823,0.8720531261052366
omitted,selection,forward,copy,direction,0.5,57,specimen_57,40,45,1.0,0.42170320078883466,0.5611426977761115
omitted,selection,forward,copy,direction,0.5,57,specimen_57,40,90,1.0,0.20509385719062215,0.5348499793422523
omitted,selection,forward,copy,direction,0.5,57,specimen_57,60,45,1.0,0.38953976190764883,0.20048664985456344
omitted,selection,forward,copy,direction,0.5,57,specimen_57,60,90,1.0,0.4660517954724903,0.5111703877233957
omitted,selection,forward,copy,direction,1.0,10,specimen_10,20,45,1.0,0.605941756548141,0.8647667035909647
omitted,selection,forward,copy,direction,1.0,10,specimen_10,20,90,1.0,0.6133931784985287,0.7451205847197613
omitted,selection,forward,copy,direction,1.0,10,specimen_10,40,45,1.0,0.25521914114435146,0.41031222654120225
omitted,selection,forward,copy,direction,1.0,10,specimen_10,40,90,1.0,0.22839928087586459,0.6139190547647455
omitted,selection,forward,copy,direction,1.0,10,specimen_10,60,45,1.0,0.38321602422999085,0.2622658154844264
omitted,selection,forward,copy,direction,1.0,10,specimen_10,60,90,1.0,0.47237238502977935,0.47863880651477664
omitted,selection,forward,copy,direction,1.0,57,specimen_57,20,45,1.0,0.5108293598507871,0.7795619038566033
omitted,selection,forward,copy,direction,1.0,57,specimen_57,20,90,1.0,0.5449064238197069,0.8505228949531877
omitted,selection,forward,copy,direction,1.0,57,specimen_57,40,45,1.0,0.41171002834935394,0.5396124666240626
omitted,selection,forward,copy,direction,1.0,57,specimen_57,40,90,1.0,0.21625812217344942,0.5563802104943012
omitted,selection,forward,copy,direction,1.0,57,specimen_57,60,45,1.0,0.3990010167737203,0.22201688100661232
omitted,selection,forward,copy,direction,1.0,57,specimen_57,60,90,1.0,0.47380360331713955,0.5327006188754446
omitted,selection,forward,copy,load,0.25,10,specimen_10,20,45,1.0,0.6879481722067128,0.1623856722718715
omitted,selection,forward,copy,load,0.25,10,specimen_10,20,90,1.0,0.8136935040405318,0.04273955340066804
omitted,selection,forward,copy,load,0.25,10,specimen_10,40,45,1.0,0.450496871306363,0.292068804777891
omitted,selection,forward,copy,load,0.25,10,specimen_10,40,90,1.0,0.6474105100349855,1.3163000860838387
omitted,selection,forward,copy,load,0.25,10,specimen_10,60,45,1.0,0.5091902672299672,0.9646468468035196
omitted,selection,forward,copy,load,0.25,10,specimen_10,60,90,1.0,0.7062318663095454,1.1810198378338699
omitted,selection,forward,copy,load,0.25,57,specimen_57,20,45,1.0,0.47593746453070435,0.33747709820378397
omitted,selection,forward,copy,load,0.25,57,specimen_57,20,90,1.0,0.4732881485273304,0.2665161071071996
omitted,selection,forward,copy,load,0.25,57,specimen_57,40,45,1.0,0.5257816911081107,0.5774265354363246
omitted,selection,forward,copy,load,0.25,57,specimen_57,40,90,1.0,0.8315705614320247,1.6734192125546885
omitted,selection,forward,copy,load,0.25,57,specimen_57,60,45,1.0,0.7810310674582568,1.3390558830669996
omitted,selection,forward,copy,load,0.25,57,specimen_57,60,90,1.0,0.928234388290237,1.649739620935832
omitted,selection,forward,copy,load,0.5,10,specimen_10,20,45,1.0,0.6491220661645069,0.07299023565673357
omitted,selection,forward,copy,load,0.5,10,specimen_10,20,90,1.0,0.7807455772913455,0.046655883214469895
omitted,selection,forward,copy,load,0.5,10,specimen_10,40,45,1.0,0.4192558945023174,0.3814642413930289
omitted,selection,forward,copy,load,0.5,10,specimen_10,40,90,1.0,0.6379052117875328,1.4056955226989767
omitted,selection,forward,copy,load,0.5,10,specimen_10,60,45,1.0,0.5177708383329196,1.0540422834186576
omitted,selection,forward,copy,load,0.5,10,specimen_10,60,90,1.0,0.6935388531908878,1.2704152744490078
omitted,selection,forward,copy,load,0.5,57,specimen_57,20,45,1.0,0.46452787161652487,0.36062490008879733
omitted,selection,forward,copy,load,0.5,57,specimen_57,20,90,1.0,0.46421063839529647,0.28966390899221295
omitted,selection,forward,copy,load,0.5,57,specimen_57,40,45,1.0,0.5230867855270841,0.600574337321338
omitted,selection,forward,copy,load,0.5,57,specimen_57,40,90,1.0,0.8467667275145043,1.6965670144397018
omitted,selection,forward,copy,load,0.5,57,specimen_57,60,45,1.0,0.7975679690089885,1.362203684952013
omitted,selection,forward,copy,load,0.5,57,specimen_57,60,90,1.0,0.9465014899606629,1.6728874228208452
omitted,selection,forward,copy,load,1.0,10,specimen_10,20,45,1.0,0.6154627553398534,0.009693719302537596
omitted,selection,forward,copy,load,1.0,10,specimen_10,20,90,1.0,0.7470689866494601,0.10995239956866587
omitted,selection,forward,copy,load,1.0,10,specimen_10,40,45,1.0,0.404402380928311,0.4447607577472249
omitted,selection,forward,copy,load,1.0,10,specimen_10,40,90,1.0,0.6338208121225396,1.4689920390531728
omitted,selection,forward,copy,load,1.0,10,specimen_10,60,45,1.0,0.5302735839958743,1.1173387997728534
omitted,selection,forward,copy,load,1.0,10,specimen_10,60,90,1.0,0.6846532307750045,1.333711790803204
omitted,selection,forward,copy,load,1.0,57,specimen_57,20,45,1.0,0.45957951736683283,0.37912049950601345
omitted,selection,forward,copy,load,1.0,57,specimen_57,20,90,1.0,0.46150650409705185,0.3081595084094291
omitted,selection,forward,copy,load,1.0,57,specimen_57,40,45,1.0,0.5225765116019242,0.6190699367385541
omitted,selection,forward,copy,load,1.0,57,specimen_57,40,90,1.0,0.8558144298642097,1.7150626138569178
omitted,selection,forward,copy,load,1.0,57,specimen_57,60,45,1.0,0.8114076655552959,1.380699284369229
omitted,selection,forward,copy,load,1.0,57,specimen_57,60,90,1.0,0.962021952123929,1.6913830222380613
omitted,selection,forward,copy,repeat,0.25,10,specimen_10,20,45,1.0,0.6991897622073524,0.1541245239395711
omitted,selection,forward,copy,repeat,0.25,10,specimen_10,20,90,1.0,0.834249067485613,0.034478405068367635
omitted,selection,forward,copy,repeat,0.25,10,specimen_10,40,45,1.0,0.4663366365252894,0.3003299531101914
omitted,selection,forward,copy,repeat,0.25,10,specimen_10,40,90,1.0,0.68458895486754,1.324561234416139
omitted,selection,forward,copy,repeat,0.25,10,specimen_10,60,45,1.0,0.5329767644948361,0.97290799513582
omitted,selection,forward,copy,repeat,0.25,10,specimen_10,60,90,1.0,0.7429633225060478,1.1892809861661702
omitted,selection,forward,copy,repeat,0.25,57,specimen_57,20,45,1.0,0.46533270122227516,0.33478667068671
omitted,selection,forward,copy,repeat,0.25,57,specimen_57,20,90,1.0,0.4618722938865558,0.2638256795901256
omitted,selection,forward,copy,repeat,0.25,57,specimen_57,40,45,1.0,0.5231218685723295,0.5747361079192507
omitted,selection,forward,copy,repeat,0.25,57,specimen_57,40,90,1.0,0.8293965243849507,1.6707287850376145
omitted,selection,forward,copy,repeat,0.25,57,specimen_57,60,45,1.0,0.7910000037545837,1.3363654555499256
omitted,selection,forward,copy,repeat,0.25,57,specimen_57,60,90,1.0,0.9323387850360833,1.6470491934187579
omitted,selection,forward,copy,repeat,0.5,10,specimen_10,20,45,1.0,0.6742437113495218,0.06861061694438508
omitted,selection,forward,copy,repeat,0.5,10,specimen_10,20,90,1.0,0.8060552080748794,0.05103550192681838
omitted,selection,forward,copy,repeat,0.5,10,specimen_10,40,45,1.0,0.45426312520299933,0.3858438601053774
omitted,selection,forward,copy,repeat,0.5,10,specimen_10,40,90,1.0,0.6743974610320554,1.4100751414113253
omitted,selection,forward,copy,repeat,0.5,10,specimen_10,60,45,1.0,0.5461439129400033,1.058421902131006
omitted,selection,forward,copy,repeat,0.5,10,specimen_10,60,90,1.0,0.735823646544155,1.2747948931613564
omitted,selection,forward,copy,repeat,0.5,57,specimen_57,20,45,1.0,0.4619023346785906,0.3570291624002058
omitted,selection,forward,copy,repeat,0.5,57,specimen_57,20,90,1.0,0.46330873426418284,0.28606817130362144
omitted,selection,forward,copy,repeat,0.5,57,specimen_57,40,45,1.0,0.5364633350431672,0.5969785996327466
omitted,selection,forward,copy,repeat,0.5,57,specimen_57,40,90,1.0,0.8604396500234381,1.6929712767511103
omitted,selection,forward,copy,repeat,0.5,57,specimen_57,60,45,1.0,0.8228981730183484,1.3586079472634214
omitted,selection,forward,copy,repeat,0.5,57,specimen_57,60,90,1.0,0.9610348845972899,1.6692916851322537
omitted,selection,forward,copy,repeat,1.0,10,specimen_10,20,45,1.0,0.6411031084454331,0.002435202481076759
omitted,selection,forward,copy,repeat,1.0,10,specimen_10,20,90,1.0,0.7726078491273111,0.12208132135228023
omitted,selection,forward,copy,repeat,1.0,10,specimen_10,40,45,1.0,0.44075397780145503,0.45688967953083925
omitted,selection,forward,copy,repeat,1.0,10,specimen_10,40,90,1.0,0.6704805199321656,1.481120960836787
omitted,selection,forward,copy,repeat,1.0,10,specimen_10,60,45,1.0,0.5675816147025082,1.129467721556468
omitted,selection,forward,copy,repeat,1.0,10,specimen_10,60,90,1.0,0.7313909875047436,1.3458407125868181
omitted,selection,forward,copy,repeat,1.0,57,specimen_57,20,45,1.0,0.4540398049823189,0.37136932050336874
omitted,selection,forward,copy,repeat,1.0,57,specimen_57,20,90,1.0,0.4523054388655437,0.30040832940678436
omitted,selection,forward,copy,repeat,1.0,57,specimen_57,40,45,1.0,0.5316992771177164,0.6113187577359094
omitted,selection,forward,copy,repeat,1.0,57,specimen_57,40,90,1.0,0.8568558988932913,1.7073114348542733
omitted,selection,forward,copy,repeat,1.0,57,specimen_57,60,45,1.0,0.8214909010644872,1.3729481053665844
omitted,selection,forward,copy,repeat,1.0,57,specimen_57,60,90,1.0,0.9588876140464458,1.6836318432354167
omitted,selection,forward,copy,single,0.25,10,specimen_10,20,45,1.0,0.6843162617932183,0.14582752894306605
omitted,selection,forward,copy,single,0.25,10,specimen_10,20,90,1.0,0.8214869824150481,0.026181410071862588
omitted,selection,forward,copy,single,0.25,10,specimen_10,40,45,1.0,0.4738397658122482,0.30862694810669644
omitted,selection,forward,copy,single,0.25,10,specimen_10,40,90,1.0,0.6710950757691546,1.3328582294126443
omitted,selection,forward,copy,single,0.25,10,specimen_10,60,45,1.0,0.5583161483814233,0.9812049901323251
omitted,selection,forward,copy,single,0.25,10,specimen_10,60,90,1.0,0.736247152819781,1.1975779811626754
omitted,selection,forward,copy,single,0.25,57,specimen_57,20,45,1.0,0.5025043353638506,0.34784003494910204
omitted,selection,forward,copy,single,0.25,57,specimen_57,20,90,1.0,0.4792517822951609,0.27687904385251766
omitted,selection,forward,copy,single,0.25,57,specimen_57,40,45,1.0,0.5810795280619758,0.5877894721816428
omitted,selection,forward,copy,single,0.25,57,specimen_57,40,90,1.0,0.8849429049455253,1.6837821493000065
omitted,selection,forward,copy,single,0.25,57,specimen_57,60,45,1.0,0.8499777831464445,1.3494188198123176
omitted,selection,forward,copy,single,0.25,57,specimen_57,60,90,1.0,0.9818174892534737,1.66010255768115
omitted,selection,forward,copy,single,0.5,10,specimen_10,20,45,1.0,0.6506568498492116,0.01683817256517728
omitted,selection,forward,copy,single,0.5,10,specimen_10,20,90,1.0,0.7876438344173534,0.10280794630602619
omitted,selection,forward,copy,single,0.5,10,specimen_10,40,45,1.0,0.451202439404943,0.4376163044845852
omitted,selection,forward,copy,single,0.5,10,specimen_10,40,90,1.0,0.6746149210961291,1.461847585790533
omitted,selection,forward,copy,single,0.5,10,specimen_10,60,45,1.0,0.5704686700811675,1.1101943465102138
omitted,selection,forward,copy,single,0.5,10,specimen_10,60,90,1.0,0.7318555721938632,1.3265673375405642
omitted,selection,forward,copy,single,0.5,57,specimen_57,20,45,1.0,0.4904807121069154,0.3646022427150269
omitted,selection,forward,copy,single,0.5,57,specimen_57,20,90,1.0,0.48486958802257335,0.2936412516184425
omitted,selection,forward,copy,single,0.5,57,specimen_57,40,45,1.0,0.5685074116549539,0.6045516799475676
omitted,selection,forward,copy,single,0.5,57,specimen_57,40,90,1.0,0.8893013983678877,1.7005443570659313
omitted,selection,forward,copy,single,0.5,57,specimen_57,60,45,1.0,0.8549762704330378,1.3661810275782424
omitted,selection,forward,copy,single,0.5,57,specimen_57,60,90,1.0,0.9884332137753633,1.6768647654470747
omitted,selection,forward,copy,single,1.0,10,specimen_10,20,45,1.0,0.6160767144198506,0.04868649603336439
omitted,selection,forward,copy,single,1.0,10,specimen_10,20,90,1.0,0.7477419400378297,0.16833261490456786
omitted,selection,forward,copy,single,1.0,10,specimen_10,40,45,1.0,0.4395808108343226,0.5031409730831269
omitted,selection,forward,copy,single,1.0,10,specimen_10,40,90,1.0,0.6768443014824032,1.5273722543890746
omitted,selection,forward,copy,single,1.0,10,specimen_10,60,45,1.0,0.5908851663683334,1.1757190151087555
omitted,selection,forward,copy,single,1.0,10,specimen_10,60,90,1.0,0.728352979306928,1.3920920061391058
omitted,selection,forward,copy,single,1.0,57,specimen_57,20,45,1.0,0.47233665450876394,0.37671529266175746
omitted,selection,forward,copy,single,1.0,57,specimen_57,20,90,1.0,0.4685271276328611,0.3057543015651731
omitted,selection,forward,copy,single,1.0,57,specimen_57,40,45,1.0,0.5530794161211696,0.6166647298942982
omitted,selection,forward,copy,single,1.0,57,specimen_57,40,90,1.0,0.8729512103434978,1.712657407012662
omitted,selection,forward,copy,single,1.0,57,specimen_57,60,45,1.0,0.8444176373649395,1.378294077524973
omitted,selection,forward,copy,single,1.0,57,specimen_57,60,90,1.0,0.9747822826003482,1.6889778153938053
omitted,selection,forward,copy,speed,0.25,10,specimen_10,20,45,1.0,0.5756528914757585,0.005351847568289103
omitted,selection,forward,copy,speed,0.25,10,specimen_10,20,90,1.0,0.7092336380288112,0.11429427130291436
omitted,selection,forward,copy,speed,0.25,10,specimen_10,40,45,1.0,0.4042184684760739,0.4491026294814734
omitted,selection,forward,copy,speed,0.25,10,specimen_10,40,90,1.0,0.6332052834024284,1.4733339107874213
omitted,selection,forward,copy,speed,0.25,10,specimen_10,60,45,1.0,0.5927283777994499,1.121680671507102
omitted,selection,forward,copy,speed,0.25,10,specimen_10,60,90,1.0,0.6956082658947375,1.3380536625374524
omitted,selection,forward,copy,speed,0.25,57,specimen_57,20,45,1.0,0.4941566276245335,0.39407044959225845
omitted,selection,forward,copy,speed,0.25,57,specimen_57,20,90,1.0,0.47218565074395347,0.3231094584956741
omitted,selection,forward,copy,speed,0.25,57,specimen_57,40,45,1.0,0.5851164628533366,0.6340198868247992
omitted,selection,forward,copy,speed,0.25,57,specimen_57,40,90,1.0,0.9057696048418308,1.730012563943163
omitted,selection,forward,copy,speed,0.25,57,specimen_57,60,45,1.0,0.8756544627113082,1.395649234455474
omitted,selection,forward,copy,speed,0.25,57,specimen_57,60,90,1.0,1.004101231812293,1.7063329723243064
omitted,selection,forward,copy,speed,0.5,10,specimen_10,20,45,1.0,0.5469332971513333,0.08690526501482088
omitted,selection,forward,copy,speed,0.5,10,specimen_10,20,90,1.0,0.6824788532107954,0.20655138388602434
omitted,selection,forward,copy,speed,0.5,10,specimen_10,40,45,1.0,0.39811708429583664,0.5413597420645834
omitted,selection,forward,copy,speed,0.5,10,specimen_10,40,90,1.0,0.6510507209481176,1.5655910233705312
omitted,selection,forward,copy,speed,0.5,10,specimen_10,60,45,1.0,0.6297104801320311,1.213937784090212
omitted,selection,forward,copy,speed,0.5,10,specimen_10,60,90,1.0,0.7112309912804982,1.4303107751205624
omitted,selection,forward,copy,speed,0.5,57,specimen_57,20,45,1.0,0.4866030591277785,0.40772171326355844
omitted,selection,forward,copy,speed,0.5,57,specimen_57,20,90,1.0,0.4779538316268912,0.33676072216697406
omitted,selection,forward,copy,speed,0.5,57,specimen_57,40,45,1.0,0.5822811095361823,0.6476711504960991
omitted,selection,forward,copy,speed,0.5,57,specimen_57,40,90,1.0,0.9121571917876073,1.743663827614463
omitted,selection,forward,copy,speed,0.5,57,specimen_57,60,45,1.0,0.8787070138883436,1.409300498126774
omitted,selection,forward,copy,speed,0.5,57,specimen_57,60,90,1.0,1.0110810060273128,1.7199842359956063
omitted,selection,forward,copy,speed,1.0,10,specimen_10,20,45,1.0,0.5258961915160992,0.13941976143374124
omitted,selection,forward,copy,speed,1.0,10,specimen_10,20,90,1.0,0.6580519152297634,0.2590658803049447
omitted,selection,forward,copy,speed,1.0,10,specimen_10,40,45,1.0,0.41006054748124915,0.5938742384835037
omitted,selection,forward,copy,speed,1.0,10,specimen_10,40,90,1.0,0.6698161983838821,1.6181055197894514
omitted,selection,forward,copy,speed,1.0,10,specimen_10,60,45,1.0,0.6711985321327646,1.2664522805091325
omitted,selection,forward,copy,speed,1.0,10,specimen_10,60,90,1.0,0.7221876682811894,1.4828252715394825
omitted,selection,forward,copy,speed,1.0,57,specimen_57,20,45,1.0,0.474475519120835,0.4191743650114146
omitted,selection,forward,copy,speed,1.0,57,specimen_57,20,90,1.0,0.47203054696814756,0.3482133739148302
omitted,selection,forward,copy,speed,1.0,57,specimen_57,40,45,1.0,0.5780009703392761,0.6591238022439553
omitted,selection,forward,copy,speed,1.0,57,specimen_57,40,90,1.0,0.9087771964873608,1.755116479362319
omitted,selection,forward,copy,speed,1.0,57,specimen_57,60,45,1.0,0.8822491305787228,1.4207531498746302
omitted,selection,forward,copy,speed,1.0,57,specimen_57,60,90,1.0,1.010801668778889,1.7314368877434625
omitted,selection,forward,encoder,direction,0.25,10,specimen_10,20,45,1.0,0.1934712678194046,0.0964314303652976
omitted,selection,forward,encoder,direction,0.25,10,specimen_10,20,90,1.0,0.19076692561308542,0.18756983802209237
omitted,selection,forward,encoder,direction,0.25,10,specimen_10,40,45,1.0,0.18225556115309396,0.10437029815792183
omitted,selection,forward,encoder,direction,0.25,10,specimen_10,40,90,1.0,0.25781087080637616,1.0498509564159446
omitted,selection,forward,encoder,direction,0.25,10,specimen_10,60,45,1.0,0.1970598647991816,0.05120525259108829
omitted,selection,forward,encoder,direction,0.25,10,specimen_10,60,90,1.0,0.30977752804756165,0.1802969200289167
omitted,selection,forward,encoder,direction,0.25,57,specimen_57,20,45,1.0,0.1708871672550837,0.19790754881058012
omitted,selection,forward,encoder,direction,0.25,57,specimen_57,20,90,1.0,0.2067109594742457,0.044797320736688
omitted,selection,forward,encoder,direction,0.25,57,specimen_57,40,45,1.0,0.21048734585444132,0.21198834670099384
omitted,selection,forward,encoder,direction,0.25,57,specimen_57,40,90,1.0,0.2542754610379537,1.0360736126818937
omitted,selection,forward,encoder,direction,0.25,57,specimen_57,60,45,1.0,0.2813199957211812,0.5121452948967049
omitted,selection,forward,encoder,direction,0.25,57,specimen_57,60,90,1.0,0.2328133781750997,0.34024289795710483
omitted,selection,forward,encoder,direction,0.5,10,specimen_10,20,45,1.0,0.21504823366800943,0.07526247640947159
omitted,selection,forward,encoder,direction,0.5,10,specimen_10,20,90,1.0,0.18259744346141815,0.16339537667617157
omitted,selection,forward,encoder,direction,0.5,10,specimen_10,40,45,1.0,0.18988026678562164,0.07275605915303407
omitted,selection,forward,encoder,direction,0.5,10,specimen_10,40,90,1.0,0.22941813866297403,1.0035799682554571
omitted,selection,forward,encoder,direction,0.5,10,specimen_10,60,45,1.0,0.20268531640370688,0.04442040881852479
omitted,selection,forward,encoder,direction,0.5,10,specimen_10,60,90,1.0,0.32797281940778095,0.1597208854902826
omitted,selection,forward,encoder,direction,0.5,57,specimen_57,20,45,1.0,0.17777090768019357,0.21248596903688624
omitted,selection,forward,encoder,direction,0.5,57,specimen_57,20,90,1.0,0.18601961930592856,0.07130220906484201
omitted,selection,forward,encoder,direction,0.5,57,specimen_57,40,45,1.0,0.19381927450497946,0.2329892862630019
omitted,selection,forward,encoder,direction,0.5,57,specimen_57,40,90,1.0,0.26724060873190564,1.0693434167763165
omitted,selection,forward,encoder,direction,0.5,57,specimen_57,60,45,1.0,0.2798560559749603,0.5473054866365047
omitted,selection,forward,encoder,direction,0.5,57,specimen_57,60,90,1.0,0.21302524209022522,0.37664687918943357
omitted,selection,forward,encoder,direction,1.0,10,specimen_10,20,45,1.0,0.2234584540128708,0.07193761105166359
omitted,selection,forward,encoder,direction,1.0,10,specimen_10,20,90,1.0,0.18105865021546683,0.15207598314115964
omitted,selection,forward,encoder,direction,1.0,10,specimen_10,40,45,1.0,0.1929365893205007,0.07142636267158246
omitted,selection,forward,encoder,direction,1.0,10,specimen_10,40,90,1.0,0.2207206537326177,0.978874476022295
omitted,selection,forward,encoder,direction,1.0,10,specimen_10,60,45,1.0,0.20277313888072968,0.0430545620815869
omitted,selection,forward,encoder,direction,1.0,10,specimen_10,60,90,1.0,0.33962109684944153,0.16357693573912133
omitted,selection,forward,encoder,direction,1.0,57,specimen_57,20,45,1.0,0.17493069668610892,0.20884287190338402
omitted,selection,forward,encoder,direction,1.0,57,specimen_57,20,90,1.0,0.18740501999855042,0.06787391412965264
omitted,selection,forward,encoder,direction,1.0,57,specimen_57,40,45,1.0,0.19653063515822092,0.2298553682758835
omitted,selection,forward,encoder,direction,1.0,57,specimen_57,40,90,1.0,0.260955477754275,1.0584727663313316
omitted,selection,forward,encoder,direction,1.0,57,specimen_57,60,45,1.0,0.2791641652584076,0.5442214107993224
omitted,selection,forward,encoder,direction,1.0,57,specimen_57,60,90,1.0,0.21658392747243246,0.3701855804158216
omitted,selection,forward,encoder,load,0.25,10,specimen_10,20,45,1.0,0.25060635805130005,0.048336619398530734
omitted,selection,forward,encoder,load,0.25,10,specimen_10,20,90,1.0,0.1930826505025228,0.15949570412070666
omitted,selection,forward,encoder,load,0.25,10,specimen_10,40,45,1.0,0.21465034782886505,0.05862300145316649
omitted,selection,forward,encoder,load,0.25,10,specimen_10,40,90,1.0,0.2409193217754364,1.0182413053989177
omitted,selection,forward,encoder,load,0.25,10,specimen_10,60,45,1.0,0.22208124895890555,0.10630416619673522
omitted,selection,forward,encoder,load,0.25,10,specimen_10,60,90,1.0,0.3148967723051707,0.14624365707535833
omitted,selection,forward,encoder,load,0.25,57,specimen_57,20,45,1.0,0.19217022260030112,0.2205663822275384
omitted,selection,forward,encoder,load,0.25,57,specimen_57,20,90,1.0,0.19329839448134103,0.07908247856499263
omitted,selection,forward,encoder,load,0.25,57,specimen_57,40,45,1.0,0.18475125233332315,0.2491612291449539
omitted,selection,forward,encoder,load,0.25,57,specimen_57,40,90,1.0,0.2808762490749359,1.097829702827837
omitted,selection,forward,encoder,load,0.25,57,specimen_57,60,45,1.0,0.2893316646416982,0.5834569177973552
omitted,selection,forward,encoder,load,0.25,57,specimen_57,60,90,1.0,0.2072787880897522,0.423274727013121
omitted,selection,forward,encoder,load,0.5,10,specimen_10,20,45,1.0,0.2732146332661311,0.03151196108719715
omitted,selection,forward,encoder,load,0.5,10,specimen_10,20,90,1.0,0.19710417091846466,0.13920140216809987
omitted,selection,forward,encoder,load,0.5,10,specimen_10,40,45,1.0,0.22935417791207632,0.052167548214292626
omitted,selection,forward,encoder,load,0.5,10,specimen_10,40,90,1.0,0.22367662688096365,0.9790772610960593
omitted,selection,forward,encoder,load,0.5,10,specimen_10,60,45,1.0,0.23701324065526327,0.13392452933689433
omitted,selection,forward,encoder,load,0.5,10,specimen_10,60,90,1.0,0.33962686856587726,0.1819637711086377
omitted,selection,forward,encoder,load,0.5,57,specimen_57,20,45,1.0,0.1932284782330195,0.2211681043194785
omitted,selection,forward,encoder,load,0.5,57,specimen_57,20,90,1.0,0.19645061095555624,0.07400219439288776
omitted,selection,forward,encoder,load,0.5,57,specimen_57,40,45,1.0,0.18213660021622977,0.2535089882477105
omitted,selection,forward,encoder,load,0.5,57,specimen_57,40,90,1.0,0.2758854428927104,1.0981745325700245
omitted,selection,forward,encoder,load,0.5,57,specimen_57,60,45,1.0,0.2909574508666992,0.6007242770311589
omitted,selection,forward,encoder,load,0.5,57,specimen_57,60,90,1.0,0.20912215113639832,0.46025579047110504
omitted,selection,forward,encoder,load,1.0,10,specimen_10,20,45,1.0,0.30765117208162945,0.02903151011761736
omitted,selection,forward,encoder,load,1.0,10,specimen_10,20,90,1.0,0.20308875540892282,0.11444799649249578
omitted,selection,forward,encoder,load,1.0,10,specimen_10,40,45,1.0,0.25455612937609357,0.0593975212757647
omitted,selection,forward,encoder,load,1.0,10,specimen_10,40,90,1.0,0.21407489975293478,0.9392220077243655
omitted,selection,forward,encoder,load,1.0,10,specimen_10,60,45,1.0,0.261629397670428,0.18388536907205136
omitted,selection,forward,encoder,load,1.0,10,specimen_10,60,90,1.0,0.36624552806218463,0.19549383173953694
omitted,selection,forward,encoder,load,1.0,57,specimen_57,20,45,1.0,0.18910257518291473,0.21745378760411227
omitted,selection,forward,encoder,load,1.0,57,specimen_57,20,90,1.0,0.19578024744987488,0.07186721555138376
omitted,selection,forward,encoder,load,1.0,57,specimen_57,40,45,1.0,0.18310479323069254,0.2478249050738968
omitted,selection,forward,encoder,load,1.0,57,specimen_57,40,90,1.0,0.2714112202326457,1.08715021173897
omitted,selection,forward,encoder,load,1.0,57,specimen_57,60,45,1.0,0.28699209292729694,0.5881044886083299
omitted,selection,forward,encoder,load,1.0,57,specimen_57,60,90,1.0,0.21004971861839294,0.4387627372216021
omitted,selection,forward,encoder,repeat,0.25,10,specimen_10,20,45,1.0,0.23759076992670694,0.06522389535520356
omitted,selection,forward,encoder,repeat,0.25,10,specimen_10,20,90,1.0,0.19638975958029428,0.1461504378955685
omitted,selection,forward,encoder,repeat,0.25,10,specimen_10,40,45,1.0,0.19597026209036508,0.07784886148343613
omitted,selection,forward,encoder,repeat,0.25,10,specimen_10,40,90,1.0,0.2235392431418101,0.9749403707347627
omitted,selection,forward,encoder,repeat,0.25,10,specimen_10,60,45,1.0,0.209775040547053,0.06149170323158263
omitted,selection,forward,encoder,repeat,0.25,10,specimen_10,60,90,1.0,0.3390195071697235,0.1548008573495776
omitted,selection,forward,encoder,repeat,0.25,57,specimen_57,20,45,1.0,0.17446523904800415,0.19936611572711835
omitted,selection,forward,encoder,repeat,0.25,57,specimen_57,20,90,1.0,0.21115740140279135,0.046845717236485486
omitted,selection,forward,encoder,repeat,0.25,57,specimen_57,40,45,1.0,0.2048687736193339,0.21609344936640965
omitted,selection,forward,encoder,repeat,0.25,57,specimen_57,40,90,1.0,0.25702569385369617,1.0449739078654916
omitted,selection,forward,encoder,repeat,0.25,57,specimen_57,60,45,1.0,0.28124894698460895,0.524231932204549
omitted,selection,forward,encoder,repeat,0.25,57,specimen_57,60,90,1.0,0.2336689531803131,0.33725141495320826
omitted,selection,forward,encoder,repeat,0.5,10,specimen_10,20,45,1.0,0.2772697110970815,0.02942714753758265
omitted,selection,forward,encoder,repeat,0.5,10,specimen_10,20,90,1.0,0.20123450458049774,0.12955505256455793
omitted,selection,forward,encoder,repeat,0.5,10,specimen_10,40,45,1.0,0.22901447614034018,0.031060165039026016
omitted,selection,forward,encoder,repeat,0.5,10,specimen_10,40,90,1.0,0.21928455432256064,0.9574149385423906
omitted,selection,forward,encoder,repeat,0.5,10,specimen_10,60,45,1.0,0.23683216174443564,0.13987014932586028
omitted,selection,forward,encoder,repeat,0.5,10,specimen_10,60,90,1.0,0.3530238668123881,0.2067834109667442
omitted,selection,forward,encoder,repeat,0.5,57,specimen_57,20,45,1.0,0.20909777780373892,0.23173148619752762
omitted,selection,forward,encoder,repeat,0.5,57,specimen_57,20,90,1.0,0.19463826715946198,0.08975211659685535
omitted,selection,forward,encoder,repeat,0.5,57,specimen_57,40,45,1.0,0.186565895875295,0.2688777589571589
omitted,selection,forward,encoder,repeat,0.5,57,specimen_57,40,90,1.0,0.2974904676278432,1.124537692504906
omitted,selection,forward,encoder,repeat,0.5,57,specimen_57,60,45,1.0,0.3048240939776103,0.6248489374272168
omitted,selection,forward,encoder,repeat,0.5,57,specimen_57,60,90,1.0,0.2082688957452774,0.4843723047113518
omitted,selection,forward,encoder,repeat,1.0,10,specimen_10,20,45,1.0,0.2664203147093455,0.03535760877098978
omitted,selection,forward,encoder,repeat,1.0,10,specimen_10,20,90,1.0,0.1919033726056417,0.13596744340040912
omitted,selection,forward,encoder,repeat,1.0,10,specimen_10,40,45,1.0,0.2218064417441686,0.023805065253025354
omitted,selection,forward,encoder,repeat,1.0,10,specimen_10,40,90,1.0,0.21839637060960135,0.9697815450414898
omitted,selection,forward,encoder,repeat,1.0,10,specimen_10,60,45,1.0,0.23057704667250314,0.13206589474940386
omitted,selection,forward,encoder,repeat,1.0,10,specimen_10,60,90,1.0,0.3415721654891968,0.18686242785148846
omitted,selection,forward,encoder,repeat,1.0,57,specimen_57,20,45,1.0,0.19250607987244925,0.2211361009024891
omitted,selection,forward,encoder,repeat,1.0,57,specimen_57,20,90,1.0,0.19419693450133005,0.07491918546391406
omitted,selection,forward,encoder,repeat,1.0,57,specimen_57,40,45,1.0,0.1827564239501953,0.2533799172753923
omitted,selection,forward,encoder,repeat,1.0,57,specimen_57,40,90,1.0,0.27398378650347394,1.0938210757520386
omitted,selection,forward,encoder,repeat,1.0,57,specimen_57,60,45,1.0,0.28972235321998596,0.5978999547902087
omitted,selection,forward,encoder,repeat,1.0,57,specimen_57,60,90,1.0,0.20915271838506064,0.4450103103467888
omitted,selection,forward,encoder,single,0.25,10,specimen_10,20,45,1.0,0.19993208348751068,0.09793434519152881
omitted,selection,forward,encoder,single,0.25,10,specimen_10,20,90,1.0,0.19584978620211282,0.18232461011487314
omitted,selection,forward,encoder,single,0.25,10,specimen_10,40,45,1.0,0.19418850044409433,0.09657191723369118
omitted,selection,forward,encoder,single,0.25,10,specimen_10,40,90,1.0,0.26005353033542633,1.0363977989593425
omitted,selection,forward,encoder,single,0.25,10,specimen_10,60,45,1.0,0.20466638604799905,0.021081567945052004
omitted,selection,forward,encoder,single,0.25,10,specimen_10,60,90,1.0,0.30693334341049194,0.1154100928834673
omitted,selection,forward,encoder,single,0.25,57,specimen_57,20,45,1.0,0.1896530737479528,0.21003526556900623
omitted,selection,forward,encoder,single,0.25,57,specimen_57,20,90,1.0,0.21322060624758402,0.05996646350114706
omitted,selection,forward,encoder,single,0.25,57,specimen_57,40,45,1.0,0.1919797162214915,0.2299954291687777
omitted,selection,forward,encoder,single,0.25,57,specimen_57,40,90,1.0,0.27405532201131183,1.0728158125649665
omitted,selection,forward,encoder,single,0.25,57,specimen_57,60,45,1.0,0.28548922141393024,0.5555898742857031
omitted,selection,forward,encoder,single,0.25,57,specimen_57,60,90,1.0,0.21120804051558176,0.38922343084166305
omitted,selection,forward,encoder,single,0.5,10,specimen_10,20,45,1.0,0.24941312273343405,0.05080951623336449
omitted,selection,forward,encoder,single,0.5,10,specimen_10,20,90,1.0,0.19701018432776132,0.1487041863335873
omitted,selection,forward,encoder,single,0.5,10,specimen_10,40,45,1.0,0.22105811536312103,0.03401026736149378
omitted,selection,forward,encoder,single,0.5,10,specimen_10,40,90,1.0,0.23141979177792868,0.9816804553126749
omitted,selection,forward,encoder,single,0.5,10,specimen_10,60,45,1.0,0.23149312535921732,0.11640591460258139
omitted,selection,forward,encoder,single,0.5,10,specimen_10,60,90,1.0,0.3337554335594177,0.15759177550729872
omitted,selection,forward,encoder,single,0.5,57,specimen_57,20,45,1.0,0.21428767840067545,0.2270777065740758
omitted,selection,forward,encoder,single,0.5,57,specimen_57,20,90,1.0,0.20361647506554922,0.08489135106528094
omitted,selection,forward,encoder,single,0.5,57,specimen_57,40,45,1.0,0.19093707700570425,0.2593367408800043
omitted,selection,forward,encoder,single,0.5,57,specimen_57,40,90,1.0,0.2996471623579661,1.1111971492975765
omitted,selection,forward,encoder,single,0.5,57,specimen_57,60,45,1.0,0.30942891041437787,0.6155516069074702
omitted,selection,forward,encoder,single,0.5,57,specimen_57,60,90,1.0,0.20999001463254294,0.4801073146314805
omitted,selection,forward,encoder,single,1.0,10,specimen_10,20,45,1.0,0.32003577550252277,0.012247796203876763
omitted,selection,forward,encoder,single,1.0,10,specimen_10,20,90,1.0,0.21212678154309592,0.10791214651041407
omitted,selection,forward,encoder,single,1.0,10,specimen_10,40,45,1.0,0.27030666669209796,0.05603839123234108
omitted,selection,forward,encoder,single,1.0,10,specimen_10,40,90,1.0,0.21841303507486978,0.9136369996072958
omitted,selection,forward,encoder,single,1.0,10,specimen_10,60,45,1.0,0.27801309029261273,0.21084804089138767
omitted,selection,forward,encoder,single,1.0,10,specimen_10,60,90,1.0,0.37626155217488605,0.19006054545161563
omitted,selection,forward,encoder,single,1.0,57,specimen_57,20,45,1.0,0.1862060179313024,0.20801992583730491
omitted,selection,forward,encoder,single,1.0,57,specimen_57,20,90,1.0,0.20765303075313568,0.06015339708291693
omitted,selection,forward,encoder,single,1.0,57,specimen_57,40,45,1.0,0.19009631872177124,0.2307840910883634
omitted,selection,forward,encoder,single,1.0,57,specimen_57,40,90,1.0,0.266502246260643,1.0590224566504767
omitted,selection,forward,encoder,single,1.0,57,specimen_57,60,45,1.0,0.2835519214471181,0.5629603645204071
omitted,selection,forward,encoder,single,1.0,57,specimen_57,60,90,1.0,0.21360588570435843,0.3976712185831012
omitted,selection,forward,encoder,speed,0.25,10,specimen_10,20,45,1.0,0.20925155778725943,0.11715981373199613
omitted,selection,forward,encoder,speed,0.25,10,specimen_10,20,90,1.0,0.19399385154247284,0.17472437889276893
omitted,selection,forward,encoder,speed,0.25,10,specimen_10,40,45,1.0,0.18709473311901093,0.17984312981362768
omitted,selection,forward,encoder,speed,0.25,10,specimen_10,40,90,1.0,0.2324303537607193,1.0104212441534173
omitted,selection,forward,encoder,speed,0.25,10,specimen_10,60,45,1.0,0.19568189978599548,0.08214778188525385
omitted,selection,forward,encoder,speed,0.25,10,specimen_10,60,90,1.0,0.33177324136098224,0.0858211802911298
omitted,selection,forward,encoder,speed,0.25,57,specimen_57,20,45,1.0,0.2361139009396235,0.24084707742571984
omitted,selection,forward,encoder,speed,0.25,57,specimen_57,20,90,1.0,0.21817208329836527,0.09967099484902886
omitted,selection,forward,encoder,speed,0.25,57,specimen_57,40,45,1.0,0.20352480312188467,0.2808685457146541
omitted,selection,forward,encoder,speed,0.25,57,specimen_57,40,90,1.0,0.3373502492904663,1.1521342776172194
omitted,selection,forward,encoder,speed,0.25,57,specimen_57,60,45,1.0,0.32785847783088684,0.6445424042565909
omitted,selection,forward,encoder,speed,0.25,57,specimen_57,60,90,1.0,0.2214843382438024,0.5190339920426248
omitted,selection,forward,encoder,speed,0.5,10,specimen_10,20,45,1.0,0.2769136279821396,0.056432344540909285
omitted,selection,forward,encoder,speed,0.5,10,specimen_10,20,90,1.0,0.21618840098381042,0.11525502169331525
omitted,selection,forward,encoder,speed,0.5,10,specimen_10,40,45,1.0,0.22033692399660745,0.06660147605973236
omitted,selection,forward,encoder,speed,0.5,10,specimen_10,40,90,1.0,0.2233335425456365,0.9106038042597184
omitted,selection,forward,encoder,speed,0.5,10,specimen_10,60,45,1.0,0.2359683761994044,0.08538506413685017
omitted,selection,forward,encoder,speed,0.5,10,specimen_10,60,90,1.0,0.38956549763679504,0.18519990486812535
omitted,selection,forward,encoder,speed,0.5,57,specimen_57,20,45,1.0,0.2337035338083903,0.24127540718291526
omitted,selection,forward,encoder,speed,0.5,57,specimen_57,20,90,1.0,0.20738327006498972,0.09829850010312485
omitted,selection,forward,encoder,speed,0.5,57,specimen_57,40,45,1.0,0.20014624297618866,0.28263907445000486
omitted,selection,forward,encoder,speed,0.5,57,specimen_57,40,90,1.0,0.33061691125233966,1.1489942078303774
omitted,selection,forward,encoder,speed,0.5,57,specimen_57,60,45,1.0,0.3268544673919678,0.6502974846598811
omitted,selection,forward,encoder,speed,0.5,57,specimen_57,60,90,1.0,0.21952590346336365,0.5300547106550318
omitted,selection,forward,encoder,speed,1.0,10,specimen_10,20,45,1.0,0.2683016260464986,0.06514754392377786
omitted,selection,forward,encoder,speed,1.0,10,specimen_10,20,90,1.0,0.21312399208545685,0.11942433552824953
omitted,selection,forward,encoder,speed,1.0,10,specimen_10,40,45,1.0,0.2133020063241323,0.08462561076101893
omitted,selection,forward,encoder,speed,1.0,10,specimen_10,40,90,1.0,0.2222172568241755,0.9161287001097403
omitted,selection,forward,encoder,speed,1.0,10,specimen_10,60,45,1.0,0.22838523983955383,0.062359015811048746
omitted,selection,forward,encoder,speed,1.0,10,specimen_10,60,90,1.0,0.3854061961174011,0.17202629811391498
omitted,selection,forward,encoder,speed,1.0,57,specimen_57,20,45,1.0,0.2184401899576187,0.2348885692888307
omitted,selection,forward,encoder,speed,1.0,57,specimen_57,20,90,1.0,0.19744678835074106,0.09136877010981011
omitted,selection,forward,encoder,speed,1.0,57,specimen_57,40,45,1.0,0.19154735406239828,0.27303330482638016
omitted,selection,forward,encoder,speed,1.0,57,specimen_57,40,90,1.0,0.30920328696568805,1.1289330237376167
omitted,selection,forward,encoder,speed,1.0,57,specimen_57,60,45,1.0,0.31321604053179425,0.6323644925074915
omitted,selection,forward,encoder,speed,1.0,57,specimen_57,60,90,1.0,0.21229035158952078,0.5003409160306768
omitted,selection,forward,encoder_wrong_support,direction,0.25,10,specimen_10,20,45,1.0,0.25564026832580566,0.21939669499323952
omitted,selection,forward,encoder_wrong_support,direction,0.25,10,specimen_10,20,90,1.0,0.23914856712023416,0.25689357688713527
omitted,selection,forward,encoder_wrong_support,direction,0.25,10,specimen_10,40,45,1.0,0.40049387017885846,0.44798253270087507
omitted,selection,forward,encoder_wrong_support,direction,0.25,10,specimen_10,40,90,1.0,0.3795252839724223,1.2003064028693589
omitted,selection,forward,encoder_wrong_support,direction,0.25,10,specimen_10,60,45,1.0,0.47210312883059186,0.6590881752915398
omitted,selection,forward,encoder_wrong_support,direction,0.25,10,specimen_10,60,90,1.0,0.36640408635139465,0.3928750315134577
omitted,selection,forward,encoder_wrong_support,direction,0.25,57,specimen_57,20,45,1.0,0.31463218728701275,0.0749422841826382
omitted,selection,forward,encoder_wrong_support,direction,0.25,57,specimen_57,20,90,1.0,0.2615814357995987,0.024526418128354877
omitted,selection,forward,encoder_wrong_support,direction,0.25,57,specimen_57,40,45,1.0,0.5283691883087158,0.13162388784195936
omitted,selection,forward,encoder_wrong_support,direction,0.25,57,specimen_57,40,90,1.0,0.2678783635298411,0.8856181662284793
omitted,selection,forward,encoder_wrong_support,direction,0.25,57,specimen_57,60,45,1.0,0.5357247193654379,0.15781943831124012
omitted,selection,forward,encoder_wrong_support,direction,0.25,57,specimen_57,60,90,1.0,0.3992622196674347,0.1627528755101324
omitted,selection,forward,encoder_wrong_support,direction,0.5,10,specimen_10,20,45,1.0,0.2820758322874705,0.23397511521954564
omitted,selection,forward,encoder_wrong_support,direction,0.5,10,specimen_10,20,90,1.0,0.2737981975078583,0.2833984652152893
omitted,selection,forward,encoder_wrong_support,direction,0.5,10,specimen_10,40,45,1.0,0.448868731657664,0.4689834722628831
omitted,selection,forward,encoder_wrong_support,direction,0.5,10,specimen_10,40,90,1.0,0.423149178425471,1.2335762069637817
omitted,selection,forward,encoder_wrong_support,direction,0.5,10,specimen_10,60,45,1.0,0.5209926168123881,0.6942483670313396
omitted,selection,forward,encoder_wrong_support,direction,0.5,10,specimen_10,60,90,1.0,0.3880847593148549,0.42927901274578645
omitted,selection,forward,encoder_wrong_support,direction,0.5,57,specimen_57,20,45,1.0,0.3562690019607544,0.05377333022681219
omitted,selection,forward,encoder_wrong_support,direction,0.5,57,specimen_57,20,90,1.0,0.30065582195917767,0.04870087947427567
omitted,selection,forward,encoder_wrong_support,direction,0.5,57,specimen_57,40,45,1.0,0.5708224177360535,0.16323812684684713
omitted,selection,forward,encoder_wrong_support,direction,0.5,57,specimen_57,40,90,1.0,0.29182080427805585,0.8393471780679921
omitted,selection,forward,encoder_wrong_support,direction,0.5,57,specimen_57,60,45,1.0,0.5674558877944946,0.19136328921335974
omitted,selection,forward,encoder_wrong_support,direction,0.5,57,specimen_57,60,90,1.0,0.4341125190258026,0.17726493000906687
omitted,selection,forward,encoder_wrong_support,direction,1.0,10,specimen_10,20,45,1.0,0.27541305621465045,0.23033201808604342
omitted,selection,forward,encoder_wrong_support,direction,1.0,10,specimen_10,20,90,1.0,0.26526981592178345,0.2799701702800999
omitted,selection,forward,encoder_wrong_support,direction,1.0,10,specimen_10,40,45,1.0,0.4387569824854533,0.46584955427576463
omitted,selection,forward,encoder_wrong_support,direction,1.0,10,specimen_10,40,90,1.0,0.4085727532704671,1.2227055565187965
omitted,selection,forward,encoder_wrong_support,direction,1.0,10,specimen_10,60,45,1.0,0.5120982825756073,0.6911642911941573
omitted,selection,forward,encoder_wrong_support,direction,1.0,10,specimen_10,60,90,1.0,0.3815238873163859,0.4228177139721745
omitted,selection,forward,encoder_wrong_support,direction,1.0,57,specimen_57,20,45,1.0,0.3689277172088623,0.05044846486900419
omitted,selection,forward,encoder_wrong_support,direction,1.0,57,specimen_57,20,90,1.0,0.3220777710278829,0.06002027300928762
omitted,selection,forward,encoder_wrong_support,direction,1.0,57,specimen_57,40,45,1.0,0.584295411904653,0.16456782332829875
omitted,selection,forward,encoder_wrong_support,direction,1.0,57,specimen_57,40,90,1.0,0.30655871828397113,0.8146416858348298
omitted,selection,forward,encoder_wrong_support,direction,1.0,57,specimen_57,60,45,1.0,0.5729817748069763,0.18524833144475142
omitted,selection,forward,encoder_wrong_support,direction,1.0,57,specimen_57,60,90,1.0,0.45105568567911786,0.1811209802579056
omitted,selection,forward,encoder_wrong_support,load,0.25,10,specimen_10,20,45,1.0,0.30977864066759747,0.2420555284101978
omitted,selection,forward,encoder_wrong_support,load,0.25,10,specimen_10,20,90,1.0,0.29191306233406067,0.2911787347154399
omitted,selection,forward,encoder_wrong_support,load,0.25,10,specimen_10,40,45,1.0,0.4879849851131439,0.4851554151448351
omitted,selection,forward,encoder_wrong_support,load,0.25,10,specimen_10,40,90,1.0,0.45351247986157733,1.2620624930153022
omitted,selection,forward,encoder_wrong_support,load,0.25,10,specimen_10,60,45,1.0,0.5623914003372192,0.7303997981921903
omitted,selection,forward,encoder_wrong_support,load,0.25,10,specimen_10,60,90,1.0,0.4055192172527313,0.4759068605694739
omitted,selection,forward,encoder_wrong_support,load,0.25,57,specimen_57,20,45,1.0,0.3985264201958974,0.0411735706709776
omitted,selection,forward,encoder_wrong_support,load,0.25,57,specimen_57,20,90,1.0,0.30186566710472107,0.0526005520297406
omitted,selection,forward,encoder_wrong_support,load,0.25,57,specimen_57,40,45,1.0,0.6132393280665079,0.24544799392349279
omitted,selection,forward,encoder_wrong_support,load,0.25,57,specimen_57,40,90,1.0,0.2883137067159017,0.8540085152114525
omitted,selection,forward,encoder_wrong_support,load,0.25,57,specimen_57,60,45,1.0,0.5963078737258911,0.25324704659157016
omitted,selection,forward,encoder_wrong_support,load,0.25,57,specimen_57,60,90,1.0,0.4247843523820241,0.15813966140402158
omitted,selection,forward,encoder_wrong_support,load,0.5,10,specimen_10,20,45,1.0,0.3107130030790965,0.2426572505021379
omitted,selection,forward,encoder_wrong_support,load,0.5,10,specimen_10,20,90,1.0,0.2770224412282308,0.286098450543335
omitted,selection,forward,encoder_wrong_support,load,0.5,10,specimen_10,40,45,1.0,0.4865421652793884,0.4895031742475917
omitted,selection,forward,encoder_wrong_support,load,0.5,10,specimen_10,40,90,1.0,0.44236331184705097,1.26240732275749
omitted,selection,forward,encoder_wrong_support,load,0.5,10,specimen_10,60,45,1.0,0.5654613773028055,0.7476671574259939
omitted,selection,forward,encoder_wrong_support,load,0.5,10,specimen_10,60,90,1.0,0.40198686718940735,0.5128879240274579
omitted,selection,forward,encoder_wrong_support,load,0.5,57,specimen_57,20,45,1.0,0.42880281805992126,0.02402928020891304
omitted,selection,forward,encoder_wrong_support,load,0.5,57,specimen_57,20,90,1.0,0.33860650658607483,0.07289485398234737
omitted,selection,forward,encoder_wrong_support,load,0.5,57,specimen_57,40,45,1.0,0.6423272093137106,0.2501899880446504
omitted,selection,forward,encoder_wrong_support,load,0.5,57,specimen_57,40,90,1.0,0.3157252271970113,0.8148444709085941
omitted,selection,forward,encoder_wrong_support,load,0.5,57,specimen_57,60,45,1.0,0.6245194474856058,0.28086740973172925
omitted,selection,forward,encoder_wrong_support,load,0.5,57,specimen_57,60,90,1.0,0.4633244176705678,0.199507815627422
omitted,selection,forward,encoder_wrong_support,load,1.0,10,specimen_10,20,45,1.0,0.3034452696641286,0.23894293378677167
omitted,selection,forward,encoder_wrong_support,load,1.0,10,specimen_10,20,90,1.0,0.2746351460615794,0.283963471701831
omitted,selection,forward,encoder_wrong_support,load,1.0,10,specimen_10,40,45,1.0,0.4781425694624583,0.483819091073778
omitted,selection,forward,encoder_wrong_support,load,1.0,10,specimen_10,40,90,1.0,0.434479296207428,1.2513830019264354
omitted,selection,forward,encoder_wrong_support,load,1.0,10,specimen_10,60,45,1.0,0.5561406215031942,0.7350473690031647
omitted,selection,forward,encoder_wrong_support,load,1.0,10,specimen_10,60,90,1.0,0.398155152797699,0.49139487077795496
omitted,selection,forward,encoder_wrong_support,load,1.0,57,specimen_57,20,45,1.0,0.4703289171059926,0.021868461390064226
omitted,selection,forward,encoder_wrong_support,load,1.0,57,specimen_57,20,90,1.0,0.37688271204630536,0.09764825965795147
omitted,selection,forward,encoder_wrong_support,load,1.0,57,specimen_57,40,45,1.0,0.6838084657986959,0.27742543563796446
omitted,selection,forward,encoder_wrong_support,load,1.0,57,specimen_57,40,90,1.0,0.3423965374628703,0.7749892175369003
omitted,selection,forward,encoder_wrong_support,load,1.0,57,specimen_57,60,45,1.0,0.6610894004503886,0.3308282494668863
omitted,selection,forward,encoder_wrong_support,load,1.0,57,specimen_57,60,90,1.0,0.4993829131126404,0.21303787625832124
omitted,selection,forward,encoder_wrong_support,repeat,0.25,10,specimen_10,20,45,1.0,0.26461440324783325,0.22085526190977775
omitted,selection,forward,encoder_wrong_support,repeat,0.25,10,specimen_10,20,90,1.0,0.2447263946135839,0.25894197338693276
omitted,selection,forward,encoder_wrong_support,repeat,0.25,10,specimen_10,40,45,1.0,0.41000104943911236,0.4520876353662908
omitted,selection,forward,encoder_wrong_support,repeat,0.25,10,specimen_10,40,90,1.0,0.3850446244080861,1.2092066980529566
omitted,selection,forward,encoder_wrong_support,repeat,0.25,10,specimen_10,60,45,1.0,0.4837420582771301,0.6711748125993839
omitted,selection,forward,encoder_wrong_support,repeat,0.25,10,specimen_10,60,90,1.0,0.3696315884590149,0.38988354850956114
omitted,selection,forward,encoder_wrong_support,repeat,0.25,57,specimen_57,20,45,1.0,0.3829024334748586,0.04373474917254416
omitted,selection,forward,encoder_wrong_support,repeat,0.25,57,specimen_57,20,90,1.0,0.3482530514399211,0.06594581825487873
omitted,selection,forward,encoder_wrong_support,repeat,0.25,57,specimen_57,40,45,1.0,0.5821807583173116,0.15814532451644506
omitted,selection,forward,encoder_wrong_support,repeat,0.25,57,specimen_57,40,90,1.0,0.321466604868571,0.8107075805472976
omitted,selection,forward,encoder_wrong_support,repeat,0.25,57,specimen_57,60,45,1.0,0.5814734498659769,0.19202719901425644
omitted,selection,forward,encoder_wrong_support,repeat,0.25,57,specimen_57,60,90,1.0,0.45558567841847736,0.1723449018683619
omitted,selection,forward,encoder_wrong_support,repeat,0.5,10,specimen_10,20,45,1.0,0.3339328467845917,0.25322063238018705
omitted,selection,forward,encoder_wrong_support,repeat,0.5,10,specimen_10,20,90,1.0,0.3090922137101491,0.30184837274730264
omitted,selection,forward,encoder_wrong_support,repeat,0.5,10,specimen_10,40,45,1.0,0.5234653751055399,0.5048719449570401
omitted,selection,forward,encoder_wrong_support,repeat,0.5,10,specimen_10,40,90,1.0,0.47871071100234985,1.2887704826923712
omitted,selection,forward,encoder_wrong_support,repeat,0.5,10,specimen_10,60,45,1.0,0.6001644929250082,0.7717918178220518
omitted,selection,forward,encoder_wrong_support,repeat,0.5,10,specimen_10,60,90,1.0,0.4223168392976125,0.5370044382677047
omitted,selection,forward,encoder_wrong_support,repeat,0.5,57,specimen_57,20,45,1.0,0.43517304460207623,0.022264098810029515
omitted,selection,forward,encoder_wrong_support,repeat,0.5,57,specimen_57,20,90,1.0,0.3645038306713104,0.0825412035858893
omitted,selection,forward,encoder_wrong_support,repeat,0.5,57,specimen_57,40,45,1.0,0.6456448833147684,0.2457680646968331
omitted,selection,forward,encoder_wrong_support,repeat,0.5,57,specimen_57,40,90,1.0,0.3312905629475911,0.7931821483549255
omitted,selection,forward,encoder_wrong_support,repeat,0.5,57,specimen_57,60,45,1.0,0.6282092134157816,0.2868130297206952
omitted,selection,forward,encoder_wrong_support,repeat,0.5,57,specimen_57,60,90,1.0,0.4786209960778554,0.2243274554855285
omitted,selection,forward,encoder_wrong_support,repeat,1.0,10,specimen_10,20,45,1.0,0.3085564076900482,0.24262524708514852
omitted,selection,forward,encoder_wrong_support,repeat,1.0,10,specimen_10,20,90,1.0,0.2789918879667918,0.2870154416143613
omitted,selection,forward,encoder_wrong_support,repeat,1.0,10,specimen_10,40,45,1.0,0.48560406764348346,0.4893741032752734
omitted,selection,forward,encoder_wrong_support,repeat,1.0,10,specimen_10,40,90,1.0,0.44008612632751465,1.2580538659395035
omitted,selection,forward,encoder_wrong_support,repeat,1.0,10,specimen_10,60,45,1.0,0.5632600784301758,0.7448428351850437
omitted,selection,forward,encoder_wrong_support,repeat,1.0,10,specimen_10,60,90,1.0,0.40125704805056256,0.49764244390314166
omitted,selection,forward,encoder_wrong_support,repeat,1.0,57,specimen_57,20,45,1.0,0.42281877994537354,0.019468519161906766
omitted,selection,forward,encoder_wrong_support,repeat,1.0,57,specimen_57,20,90,1.0,0.3454386194547017,0.07612881275003813
omitted,selection,forward,encoder_wrong_support,repeat,1.0,57,specimen_57,40,45,1.0,0.635415772596995,0.23968939327774838
omitted,selection,forward,encoder_wrong_support,repeat,1.0,57,specimen_57,40,90,1.0,0.3185081481933594,0.8055487548540247
omitted,selection,forward,encoder_wrong_support,repeat,1.0,57,specimen_57,60,45,1.0,0.6193959712982178,0.2790087751442388
omitted,selection,forward,encoder_wrong_support,repeat,1.0,57,specimen_57,60,90,1.0,0.4651525318622589,0.20440647237027276
omitted,selection,forward,encoder_wrong_support,single,0.25,10,specimen_10,20,45,1.0,0.2972779373327891,0.23152441175166563
omitted,selection,forward,encoder_wrong_support,single,0.25,10,specimen_10,20,90,1.0,0.27581670383612317,0.2720627196515943
omitted,selection,forward,encoder_wrong_support,single,0.25,10,specimen_10,40,45,1.0,0.4695974091688792,0.4659896151686589
omitted,selection,forward,encoder_wrong_support,single,0.25,10,specimen_10,40,90,1.0,0.4402145544687907,1.2370486027524317
omitted,selection,forward,encoder_wrong_support,single,0.25,10,specimen_10,60,45,1.0,0.5463276505470276,0.7025327546805379
omitted,selection,forward,encoder_wrong_support,single,0.25,10,specimen_10,60,90,1.0,0.40267067154248554,0.44185556439801593
omitted,selection,forward,encoder_wrong_support,single,0.25,57,specimen_57,20,45,1.0,0.3172675569852193,0.07644519900886941
omitted,selection,forward,encoder_wrong_support,single,0.25,57,specimen_57,20,90,1.0,0.288585623105367,0.04131716009154692
omitted,selection,forward,encoder_wrong_support,single,0.25,57,specimen_57,40,45,1.0,0.5348732769489288,0.13942226876619002
omitted,selection,forward,encoder_wrong_support,single,0.25,57,specimen_57,40,90,1.0,0.2855810026327769,0.8721650087718773
omitted,selection,forward,encoder_wrong_support,single,0.25,57,specimen_57,60,45,1.0,0.5439069867134094,0.14664042402454625
omitted,selection,forward,encoder_wrong_support,single,0.25,57,specimen_57,60,90,1.0,0.3926594952742259,0.11708438771929035
omitted,selection,forward,encoder_wrong_support,single,0.5,10,specimen_10,20,45,1.0,0.33806456128756207,0.2485668527567352
omitted,selection,forward,encoder_wrong_support,single,0.5,10,specimen_10,20,90,1.0,0.3110044002532959,0.2969876072157282
omitted,selection,forward,encoder_wrong_support,single,0.5,10,specimen_10,40,45,1.0,0.5290600856145223,0.4953309268798855
omitted,selection,forward,encoder_wrong_support,single,0.5,10,specimen_10,40,90,1.0,0.48418431480725604,1.2754299394850417
omitted,selection,forward,encoder_wrong_support,single,0.5,10,specimen_10,60,45,1.0,0.6112649242083231,0.7624944873023051
omitted,selection,forward,encoder_wrong_support,single,0.5,10,specimen_10,60,90,1.0,0.43226727843284607,0.5327394481878334
omitted,selection,forward,encoder_wrong_support,single,0.5,57,specimen_57,20,45,1.0,0.3995465040206909,0.02932037005070509
omitted,selection,forward,encoder_wrong_support,single,0.5,57,specimen_57,20,90,1.0,0.33726729949315387,0.06339206981685992
omitted,selection,forward,encoder_wrong_support,single,0.5,57,specimen_57,40,45,1.0,0.6222875515619913,0.2212605701689543
omitted,selection,forward,encoder_wrong_support,single,0.5,57,specimen_57,40,90,1.0,0.3129605750242869,0.8174476651252096
omitted,selection,forward,encoder_wrong_support,single,0.5,57,specimen_57,60,45,1.0,0.6144968867301941,0.2633487949974163
omitted,selection,forward,encoder_wrong_support,single,0.5,57,specimen_57,60,90,1.0,0.44778143366177875,0.175135820026083
omitted,selection,forward,encoder_wrong_support,single,1.0,10,specimen_10,20,45,1.0,0.2930030922094981,0.22950907201996432
omitted,selection,forward,encoder_wrong_support,single,1.0,10,specimen_10,20,90,1.0,0.26646695534388226,0.2722496532333642
omitted,selection,forward,encoder_wrong_support,single,1.0,10,specimen_10,40,45,1.0,0.4621085226535797,0.46677827708824465
omitted,selection,forward,encoder_wrong_support,single,1.0,10,specimen_10,40,90,1.0,0.4215436478455861,1.2232552468379418
omitted,selection,forward,encoder_wrong_support,single,1.0,10,specimen_10,60,45,1.0,0.5434141755104065,0.709903244915242
omitted,selection,forward,encoder_wrong_support,single,1.0,10,specimen_10,60,90,1.0,0.39563679695129395,0.4503033521394541
omitted,selection,forward,encoder_wrong_support,single,1.0,57,specimen_57,20,45,1.0,0.48616357644399005,0.0194108449314299
omitted,selection,forward,encoder_wrong_support,single,1.0,57,specimen_57,20,90,1.0,0.40278056263923645,0.10418410964003318
omitted,selection,forward,encoder_wrong_support,single,1.0,57,specimen_57,40,45,1.0,0.7028619249661764,0.2910923759816722
omitted,selection,forward,encoder_wrong_support,single,1.0,57,specimen_57,40,90,1.0,0.3590082824230194,0.7494042094198307
omitted,selection,forward,encoder_wrong_support,single,1.0,57,specimen_57,60,45,1.0,0.68030846118927,0.35779092128622264
omitted,selection,forward,encoder_wrong_support,single,1.0,57,specimen_57,60,90,1.0,0.5076216558615366,0.2076045899703999
omitted,selection,forward,encoder_wrong_support,speed,0.25,10,specimen_10,20,45,1.0,0.3651185830434163,0.2623362236083792
omitted,selection,forward,encoder_wrong_support,speed,0.25,10,specimen_10,20,90,1.0,0.34980172912279767,0.3117672509994761
omitted,selection,forward,encoder_wrong_support,speed,0.25,10,specimen_10,40,45,1.0,0.5666540861129761,0.5168627317145352
omitted,selection,forward,encoder_wrong_support,speed,0.25,10,specimen_10,40,90,1.0,0.5320450266202291,1.3163670678046846
omitted,selection,forward,encoder_wrong_support,speed,0.25,10,specimen_10,60,45,1.0,0.6415158112843832,0.7914852846514259
omitted,selection,forward,encoder_wrong_support,speed,0.25,10,specimen_10,60,90,1.0,0.4545586407184601,0.5716661255989777
omitted,selection,forward,encoder_wrong_support,speed,0.25,57,specimen_57,20,45,1.0,0.3189712017774582,0.09567066754933673
omitted,selection,forward,encoder_wrong_support,speed,0.25,57,specimen_57,20,90,1.0,0.29925060272216797,0.04590229358357082
omitted,selection,forward,encoder_wrong_support,speed,0.25,57,specimen_57,40,45,1.0,0.5071839988231659,0.056151056186253524
omitted,selection,forward,encoder_wrong_support,speed,0.25,57,specimen_57,40,90,1.0,0.30139395594596863,0.8461884539659521
omitted,selection,forward,encoder_wrong_support,speed,0.25,57,specimen_57,60,45,1.0,0.5274226168791453,0.0647950985095811
omitted,selection,forward,encoder_wrong_support,speed,0.25,57,specimen_57,60,90,1.0,0.4314771592617035,0.1033652248099141
omitted,selection,forward,encoder_wrong_support,speed,0.5,10,specimen_10,20,45,1.0,0.3631565173467,0.26276455336557464
omitted,selection,forward,encoder_wrong_support,speed,0.5,10,specimen_10,20,90,1.0,0.34029413263003033,0.3103947562535721
omitted,selection,forward,encoder_wrong_support,speed,0.5,10,specimen_10,40,45,1.0,0.5658820668856303,0.518633260449886
omitted,selection,forward,encoder_wrong_support,speed,0.5,10,specimen_10,40,90,1.0,0.523365447918574,1.3132269980178426
omitted,selection,forward,encoder_wrong_support,speed,0.5,10,specimen_10,60,45,1.0,0.6430995464324951,0.7972403650547161
omitted,selection,forward,encoder_wrong_support,speed,0.5,10,specimen_10,60,90,1.0,0.4525608718395233,0.5826868442113847
omitted,selection,forward,encoder_wrong_support,speed,0.5,57,specimen_57,20,45,1.0,0.42591820160547894,0.04207324932355505
omitted,selection,forward,encoder_wrong_support,speed,0.5,57,specimen_57,20,90,1.0,0.3910096287727356,0.096841234457132
omitted,selection,forward,encoder_wrong_support,speed,0.5,57,specimen_57,40,45,1.0,0.6325501799583435,0.16939270994014885
omitted,selection,forward,encoder_wrong_support,speed,0.5,57,specimen_57,40,90,1.0,0.363971749941508,0.7463710140722531
omitted,selection,forward,encoder_wrong_support,speed,0.5,57,specimen_57,60,45,1.0,0.6294691761334738,0.23232794453168512
omitted,selection,forward,encoder_wrong_support,speed,0.5,57,specimen_57,60,90,1.0,0.5171989699204763,0.20274394938690965
omitted,selection,forward,encoder_wrong_support,speed,1.0,10,specimen_10,20,45,1.0,0.34481600920359295,0.2563777154714901
omitted,selection,forward,encoder_wrong_support,speed,1.0,10,specimen_10,20,90,1.0,0.32095275322596234,0.30346502626025734
omitted,selection,forward,encoder_wrong_support,speed,1.0,10,specimen_10,40,45,1.0,0.5414458314577738,0.5090274908262614
omitted,selection,forward,encoder_wrong_support,speed,1.0,10,specimen_10,40,90,1.0,0.4957153300444285,1.293165813925082
omitted,selection,forward,encoder_wrong_support,speed,1.0,10,specimen_10,60,45,1.0,0.619168738524119,0.7793073729023264
omitted,selection,forward,encoder_wrong_support,speed,1.0,10,specimen_10,60,90,1.0,0.43634434541066486,0.5529730495870296
omitted,selection,forward,encoder_wrong_support,speed,1.0,57,specimen_57,20,45,1.0,0.4135402242342631,0.04365839774111846
omitted,selection,forward,encoder_wrong_support,speed,1.0,57,specimen_57,20,90,1.0,0.3854854702949524,0.09267192062219771
omitted,selection,forward,encoder_wrong_support,speed,1.0,57,specimen_57,40,45,1.0,0.61960502465566,0.15136857523886227
omitted,selection,forward,encoder_wrong_support,speed,1.0,57,specimen_57,40,90,1.0,0.360121746857961,0.7518959099222752
omitted,selection,forward,encoder_wrong_support,speed,1.0,57,specimen_57,60,45,1.0,0.6199213862419128,0.2093018962058837
omitted,selection,forward,encoder_wrong_support,speed,1.0,57,specimen_57,60,90,1.0,0.5111488004525503,0.18957034263269926
omitted,selection,forward,fixed_features,direction,0.25,10,specimen_10,20,45,1.0,0.24230589271156103,0.05758266984987892
omitted,selection,forward,fixed_features,direction,0.25,10,specimen_10,20,90,1.0,0.21772901992601335,0.024272749079663702
omitted,selection,forward,fixed_features,direction,0.25,10,specimen_10,40,45,1.0,0.17895585121913074,0.17136589602622598
omitted,selection,forward,fixed_features,direction,0.25,10,specimen_10,40,90,1.0,0.22507929381261463,0.981959829491275
omitted,selection,forward,fixed_features,direction,0.25,10,specimen_10,60,45,1.0,0.18856876081799756,0.1803608983064311
omitted,selection,forward,fixed_features,direction,0.25,10,specimen_10,60,90,1.0,0.26977956611135084,0.07970670938496949
omitted,selection,forward,fixed_features,direction,0.25,57,specimen_57,20,45,1.0,0.21978711814282623,0.17849473451959463
omitted,selection,forward,fixed_features,direction,0.25,57,specimen_57,20,90,1.0,0.22332946181729527,0.011404321063900213
omitted,selection,forward,fixed_features,direction,0.25,57,specimen_57,40,45,1.0,0.25004856714855017,0.1721841259142799
omitted,selection,forward,fixed_features,direction,0.25,57,specimen_57,40,90,1.0,0.3301847100703495,1.1596008289209827
omitted,selection,forward,fixed_features,direction,0.25,57,specimen_57,60,45,1.0,0.28680951262847354,0.4627784898314149
omitted,selection,forward,fixed_features,direction,0.25,57,specimen_57,60,90,1.0,0.2467859390320144,0.6448953827381534
omitted,selection,forward,fixed_features,direction,0.5,10,specimen_10,20,45,1.0,0.23725543532687007,0.06285811636171346
omitted,selection,forward,fixed_features,direction,0.5,10,specimen_10,20,90,1.0,0.21407466319060733,0.03066171001496898
omitted,selection,forward,fixed_features,direction,0.5,10,specimen_10,40,45,1.0,0.1791962820951528,0.18105419702025993
omitted,selection,forward,fixed_features,direction,0.5,10,specimen_10,40,90,1.0,0.23181624663661907,0.993294292154647
omitted,selection,forward,fixed_features,direction,0.5,10,specimen_10,60,45,1.0,0.18979708806278597,0.19911999715776618
omitted,selection,forward,fixed_features,direction,0.5,10,specimen_10,60,90,1.0,0.26558776767066733,0.10117023870370168
omitted,selection,forward,fixed_features,direction,0.5,57,specimen_57,20,45,1.0,0.21605840038590038,0.15892551424408535
omitted,selection,forward,fixed_features,direction,0.5,57,specimen_57,20,90,1.0,0.22371645870056053,0.0037068861158435773
omitted,selection,forward,fixed_features,direction,0.5,57,specimen_57,40,45,1.0,0.26859567871172557,0.14254095054963578
omitted,selection,forward,fixed_features,direction,0.5,57,specimen_57,40,90,1.0,0.3072353532604338,1.1344766304926692
omitted,selection,forward,fixed_features,direction,0.5,57,specimen_57,60,45,1.0,0.29890970854106147,0.4154843623511655
omitted,selection,forward,fixed_features,direction,0.5,57,specimen_57,60,90,1.0,0.2454995624525315,0.6005933661804974
omitted,selection,forward,fixed_features,direction,1.0,10,specimen_10,20,45,1.0,0.24447790624207452,0.06124660981326657
omitted,selection,forward,fixed_features,direction,1.0,10,specimen_10,20,90,1.0,0.21749540898834907,0.030145999848970484
omitted,selection,forward,fixed_features,direction,1.0,10,specimen_10,40,45,1.0,0.1800065020839937,0.17800748892689333
omitted,selection,forward,fixed_features,direction,1.0,10,specimen_10,40,90,1.0,0.22201989529994917,0.9929711291795367
omitted,selection,forward,fixed_features,direction,1.0,10,specimen_10,60,45,1.0,0.18526869862305675,0.19223460183702867
omitted,selection,forward,fixed_features,direction,1.0,10,specimen_10,60,90,1.0,0.27113484133126114,0.10038245052399919
omitted,selection,forward,fixed_features,direction,1.0,57,specimen_57,20,45,1.0,0.2151679793622205,0.15981463654105582
omitted,selection,forward,fixed_features,direction,1.0,57,specimen_57,20,90,1.0,0.22019771895119353,0.006972714601270913
omitted,selection,forward,fixed_features,direction,1.0,57,specimen_57,40,45,1.0,0.2785517143547899,0.14260989395432577
omitted,selection,forward,fixed_features,direction,1.0,57,specimen_57,40,90,1.0,0.2960738031307166,1.1286483038848636
omitted,selection,forward,fixed_features,direction,1.0,57,specimen_57,60,45,1.0,0.3051683140879688,0.4117054506811877
omitted,selection,forward,fixed_features,direction,1.0,57,specimen_57,60,90,1.0,0.245657167234847,0.5888387272685938
omitted,selection,forward,fixed_features,load,0.25,10,specimen_10,20,45,1.0,0.24766715527954541,0.062030465001070234
omitted,selection,forward,fixed_features,load,0.25,10,specimen_10,20,90,1.0,0.22099780340102715,0.026696187325428777
omitted,selection,forward,fixed_features,load,0.25,10,specimen_10,40,45,1.0,0.17656077512656987,0.17695842591843236
omitted,selection,forward,fixed_features,load,0.25,10,specimen_10,40,90,1.0,0.2203107556087824,0.9885465489151821
omitted,selection,forward,fixed_features,load,0.25,10,specimen_10,60,45,1.0,0.1839106383848107,0.1868247530724907
omitted,selection,forward,fixed_features,load,0.25,10,specimen_10,60,90,1.0,0.2795301043339444,0.09485012190652231
omitted,selection,forward,fixed_features,load,0.25,57,specimen_57,20,45,1.0,0.2165074654085727,0.1758275785755914
omitted,selection,forward,fixed_features,load,0.25,57,specimen_57,20,90,1.0,0.22581539432714726,0.015513370964738482
omitted,selection,forward,fixed_features,load,0.25,57,specimen_57,40,45,1.0,0.252921545192408,0.1681959696361326
omitted,selection,forward,fixed_features,load,0.25,57,specimen_57,40,90,1.0,0.3334976984026841,1.1653864231416322
omitted,selection,forward,fixed_features,load,0.25,57,specimen_57,60,45,1.0,0.2935460580798719,0.4587017467032135
omitted,selection,forward,fixed_features,load,0.25,57,specimen_57,60,90,1.0,0.24691594386179058,0.6538491644480273
omitted,selection,forward,fixed_features,load,0.5,10,specimen_10,20,45,1.0,0.22125971071603331,0.08680600100876024
omitted,selection,forward,fixed_features,load,0.5,10,specimen_10,20,90,1.0,0.20075732214423767,0.057306139787652643
omitted,selection,forward,fixed_features,load,0.5,10,specimen_10,40,45,1.0,0.1769828833466565,0.21769331165273098
omitted,selection,forward,fixed_features,load,0.5,10,specimen_10,40,90,1.0,0.2461134250590604,1.038270270560247
omitted,selection,forward,fixed_features,load,0.5,10,specimen_10,60,45,1.0,0.1871342045046248,0.25862256261143024
omitted,selection,forward,fixed_features,load,0.5,10,specimen_10,60,90,1.0,0.27029893444613795,0.18085389317319156
omitted,selection,forward,fixed_features,load,0.5,57,specimen_57,20,45,1.0,0.21781803298985866,0.16970580807527924
omitted,selection,forward,fixed_features,load,0.5,57,specimen_57,20,90,1.0,0.22551396015574654,0.01371416300478534
omitted,selection,forward,fixed_features,load,0.5,57,specimen_57,40,45,1.0,0.24870994525630405,0.16036442138947626
omitted,selection,forward,fixed_features,load,0.5,57,specimen_57,40,90,1.0,0.3360764175552318,1.1638038339230627
omitted,selection,forward,fixed_features,load,0.5,57,specimen_57,60,45,1.0,0.2932181877782319,0.4495520467999812
omitted,selection,forward,fixed_features,load,0.5,57,specimen_57,60,90,1.0,0.24903118547404293,0.6535465074959941
omitted,selection,forward,fixed_features,load,1.0,10,specimen_10,20,45,1.0,0.21580512666941365,0.09191273871906824
omitted,selection,forward,fixed_features,load,1.0,10,specimen_10,20,90,1.0,0.19654658594633975,0.0629391267120949
omitted,selection,forward,fixed_features,load,1.0,10,specimen_10,40,45,1.0,0.17734161835100484,0.2257307831255162
omitted,selection,forward,fixed_features,load,1.0,10,specimen_10,40,90,1.0,0.24790802440751433,1.048133497749546
omitted,selection,forward,fixed_features,load,1.0,10,specimen_10,60,45,1.0,0.18735510585053186,0.27188673493231685
omitted,selection,forward,fixed_features,load,1.0,10,specimen_10,60,90,1.0,0.27307054200570646,0.19869851631924096
omitted,selection,forward,fixed_features,load,1.0,57,specimen_57,20,45,1.0,0.2134214539772367,0.16806786501678372
omitted,selection,forward,fixed_features,load,1.0,57,specimen_57,20,90,1.0,0.22150794457918432,0.010351667517204954
omitted,selection,forward,fixed_features,load,1.0,57,specimen_57,40,45,1.0,0.25689718462331396,0.15713799707181786
omitted,selection,forward,fixed_features,load,1.0,57,specimen_57,40,90,1.0,0.32367614228484803,1.1578851912388568
omitted,selection,forward,fixed_features,load,1.0,57,specimen_57,60,45,1.0,0.298918650562272,0.4417833892461771
omitted,selection,forward,fixed_features,load,1.0,57,specimen_57,60,90,1.0,0.2472436057269669,0.6416656230548463
omitted,selection,forward,fixed_features,repeat,0.25,10,specimen_10,20,45,1.0,0.22590098559810246,0.07008250735695687
omitted,selection,forward,fixed_features,repeat,0.25,10,specimen_10,20,90,1.0,0.20454014129456502,0.041848921299717956
omitted,selection,forward,fixed_features,repeat,0.25,10,specimen_10,40,45,1.0,0.17481937254927957,0.1915567913956252
omitted,selection,forward,fixed_features,repeat,0.25,10,specimen_10,40,90,1.0,0.23532361011721217,1.0133290064423526
omitted,selection,forward,fixed_features,repeat,0.25,10,specimen_10,60,45,1.0,0.18417404755145048,0.2163536104551136
omitted,selection,forward,fixed_features,repeat,0.25,10,specimen_10,60,90,1.0,0.27325115312895665,0.1381268176900723
omitted,selection,forward,fixed_features,repeat,0.25,57,specimen_57,20,45,1.0,0.23184547479069803,0.18718507481496144
omitted,selection,forward,fixed_features,repeat,0.25,57,specimen_57,20,90,1.0,0.23313505643055535,0.036084989170036996
omitted,selection,forward,fixed_features,repeat,0.25,57,specimen_57,40,45,1.0,0.22024062972903224,0.18768930922446192
omitted,selection,forward,fixed_features,repeat,0.25,57,specimen_57,40,90,1.0,0.37839305381379873,1.197854313365792
omitted,selection,forward,fixed_features,repeat,0.25,57,specimen_57,60,45,1.0,0.2766864954829189,0.4962787614470374
omitted,selection,forward,fixed_features,repeat,0.25,57,specimen_57,60,90,1.0,0.26068052908594597,0.7093775454279678
omitted,selection,forward,fixed_features,repeat,0.5,10,specimen_10,20,45,1.0,0.21776651868601118,0.0846331515690476
omitted,selection,forward,fixed_features,repeat,0.5,10,specimen_10,20,90,1.0,0.19837568874497713,0.057636680067614354
omitted,selection,forward,fixed_features,repeat,0.5,10,specimen_10,40,45,1.0,0.17661138743850843,0.21469971394387666
omitted,selection,forward,fixed_features,repeat,0.5,10,specimen_10,40,90,1.0,0.24724611666162724,1.040058351953899
omitted,selection,forward,fixed_features,repeat,0.5,10,specimen_10,60,45,1.0,0.18651545008239334,0.25522398680369385
omitted,selection,forward,fixed_features,repeat,0.5,10,specimen_10,60,90,1.0,0.2748837002297139,0.18600630880331992
omitted,selection,forward,fixed_features,repeat,0.5,57,specimen_57,20,45,1.0,0.2235244580972399,0.17845591117435067
omitted,selection,forward,fixed_features,repeat,0.5,57,specimen_57,20,90,1.0,0.22519262429281797,0.023717033557154488
omitted,selection,forward,fixed_features,repeat,0.5,57,specimen_57,40,45,1.0,0.23536052202539703,0.17412682650334343
omitted,selection,forward,fixed_features,repeat,0.5,57,specimen_57,40,90,1.0,0.35376787231911627,1.1799075591063124
omitted,selection,forward,fixed_features,repeat,0.5,57,specimen_57,60,45,1.0,0.28606806886245456,0.4725093713882056
omitted,selection,forward,fixed_features,repeat,0.5,57,specimen_57,60,90,1.0,0.25395727481013824,0.6807985596022217
omitted,selection,forward,fixed_features,repeat,1.0,10,specimen_10,20,45,1.0,0.22940518028489798,0.0767410111291682
omitted,selection,forward,fixed_features,repeat,1.0,10,specimen_10,20,90,1.0,0.20611572955540255,0.05142234314256877
omitted,selection,forward,fixed_features,repeat,1.0,10,specimen_10,40,45,1.0,0.17579289415241547,0.20325457868785446
omitted,selection,forward,fixed_features,repeat,1.0,10,specimen_10,40,90,1.0,0.2363576149155692,1.0305891930729223
omitted,selection,forward,fixed_features,repeat,1.0,10,specimen_10,60,45,1.0,0.18225283035086115,0.23755344354111396
omitted,selection,forward,fixed_features,repeat,1.0,10,specimen_10,60,90,1.0,0.27454860785153856,0.17055126975214052
omitted,selection,forward,fixed_features,repeat,1.0,57,specimen_57,20,45,1.0,0.21596643819164765,0.17256030750534485
omitted,selection,forward,fixed_features,repeat,1.0,57,specimen_57,20,90,1.0,0.2192976904660401,0.012670179306233265
omitted,selection,forward,fixed_features,repeat,1.0,57,specimen_57,40,45,1.0,0.2529426768650775,0.1640507705870322
omitted,selection,forward,fixed_features,repeat,1.0,57,specimen_57,40,90,1.0,0.32638182248593667,1.1616196344829373
omitted,selection,forward,fixed_features,repeat,1.0,57,specimen_57,60,45,1.0,0.2955094391570842,0.4520257872345166
omitted,selection,forward,fixed_features,repeat,1.0,57,specimen_57,60,90,1.0,0.24827941467630446,0.6478624670302979
omitted,selection,forward,fixed_features,single,0.25,10,specimen_10,20,45,1.0,0.2708431294655446,0.0509949307126234
omitted,selection,forward,fixed_features,single,0.25,10,specimen_10,20,90,1.0,0.24116501159846204,0.012800112103745875
omitted,selection,forward,fixed_features,single,0.25,10,specimen_10,40,45,1.0,0.1846183318830826,0.15835660710497457
omitted,selection,forward,fixed_features,single,0.25,10,specimen_10,40,90,1.0,0.21761230819070643,0.9643834783748266
omitted,selection,forward,fixed_features,single,0.25,10,specimen_10,60,45,1.0,0.18925845525491714,0.15225919588222792
omitted,selection,forward,fixed_features,single,0.25,10,specimen_10,60,90,1.0,0.28577696827629395,0.0498403819616593
omitted,selection,forward,fixed_features,single,0.25,57,specimen_57,20,45,1.0,0.2246917567640955,0.17235574891685262
omitted,selection,forward,fixed_features,single,0.25,57,specimen_57,20,90,1.0,0.22929585363064833,0.004537863797997477
omitted,selection,forward,fixed_features,single,0.25,57,specimen_57,40,45,1.0,0.25840750755299174,0.16315889160015462
omitted,selection,forward,fixed_features,single,0.25,57,specimen_57,40,90,1.0,0.3321818493024739,1.1516109534003482
omitted,selection,forward,fixed_features,single,0.25,57,specimen_57,60,45,1.0,0.2904084640675186,0.44946375618765866
omitted,selection,forward,fixed_features,single,0.25,57,specimen_57,60,90,1.0,0.2507641563747283,0.6358396525412964
omitted,selection,forward,fixed_features,single,0.5,10,specimen_10,20,45,1.0,0.24976171108389902,0.06879412769693838
omitted,selection,forward,fixed_features,single,0.5,10,specimen_10,20,90,1.0,0.22242089921643385,0.03452465275672978
omitted,selection,forward,fixed_features,single,0.5,10,specimen_10,40,45,1.0,0.1794554483752051,0.1885601810288362
omitted,selection,forward,fixed_features,single,0.5,10,specimen_10,40,90,1.0,0.2279903177016549,1.0014428765976944
omitted,selection,forward,fixed_features,single,0.5,10,specimen_10,60,45,1.0,0.18633015106409398,0.2072218878808827
omitted,selection,forward,fixed_features,single,0.5,10,specimen_10,60,90,1.0,0.2751793759365164,0.11717147731473543
omitted,selection,forward,fixed_features,single,0.5,57,specimen_57,20,45,1.0,0.21906152592998515,0.16201418537039447
omitted,selection,forward,fixed_features,single,0.5,57,specimen_57,20,90,1.0,0.22596056817692664,0.0020717610720445423
omitted,selection,forward,fixed_features,single,0.5,57,specimen_57,40,45,1.0,0.25918684887597,0.14849632866968
omitted,selection,forward,fixed_features,single,0.5,57,specimen_57,40,90,1.0,0.32368440825224104,1.1468945456111994
omitted,selection,forward,fixed_features,single,0.5,57,specimen_57,60,45,1.0,0.2958923165932393,0.4286731505710164
omitted,selection,forward,fixed_features,single,0.5,57,specimen_57,60,90,1.0,0.24898504191276002,0.6266649108096443
omitted,selection,forward,fixed_features,single,1.0,10,specimen_10,20,45,1.0,0.23646757631503948,0.07799272231092458
omitted,selection,forward,fixed_features,single,1.0,10,specimen_10,20,90,1.0,0.21126536744392463,0.049205567320302124
omitted,selection,forward,fixed_features,single,1.0,10,specimen_10,40,45,1.0,0.17675049644646348,0.2042931987403087
omitted,selection,forward,fixed_features,single,1.0,10,specimen_10,40,90,1.0,0.23310954148871224,1.0267155740454526
omitted,selection,forward,fixed_features,single,1.0,10,specimen_10,60,45,1.0,0.18284874696285627,0.23651019874615575
omitted,selection,forward,fixed_features,single,1.0,10,specimen_10,60,90,1.0,0.2748454989570831,0.1630040167424116
omitted,selection,forward,fixed_features,single,1.0,57,specimen_57,20,45,1.0,0.21745801576310952,0.16440682725797146
omitted,selection,forward,fixed_features,single,1.0,57,specimen_57,20,90,1.0,0.22210431393593025,0.004500732307357924
omitted,selection,forward,fixed_features,single,1.0,57,specimen_57,40,45,1.0,0.2570242516841845,0.1520434262876914
omitted,selection,forward,fixed_features,single,1.0,57,specimen_57,40,90,1.0,0.32253787942245166,1.1499719464941531
omitted,selection,forward,fixed_features,single,1.0,57,specimen_57,60,45,1.0,0.29519177480539,0.4335599718466767
omitted,selection,forward,fixed_features,single,1.0,57,specimen_57,60,90,1.0,0.2486941048882668,0.6303174882014799
omitted,selection,forward,fixed_features,speed,0.25,10,specimen_10,20,45,1.0,0.25000453032924186,0.0833164231253023
omitted,selection,forward,fixed_features,speed,0.25,10,specimen_10,20,90,1.0,0.22435801571920377,0.052664846668919796
omitted,selection,forward,fixed_features,speed,0.25,10,specimen_10,40,45,1.0,0.18048114073901234,0.20837525963448555
omitted,selection,forward,fixed_features,speed,0.25,10,specimen_10,40,90,1.0,0.22708238051464394,1.0296469301990734
omitted,selection,forward,fixed_features,speed,0.25,10,specimen_10,60,45,1.0,0.181011263022307,0.23515796782443465
omitted,selection,forward,fixed_features,speed,0.25,10,specimen_10,60,90,1.0,0.2839640713288054,0.16269183967305967
omitted,selection,forward,fixed_features,speed,0.25,57,specimen_57,20,45,1.0,0.2199709314127455,0.15847256969352613
omitted,selection,forward,fixed_features,speed,0.25,57,specimen_57,20,90,1.0,0.2263625203165276,0.0007122212416685869
omitted,selection,forward,fixed_features,speed,0.25,57,specimen_57,40,45,1.0,0.2828727816705974,0.14100001033576715
omitted,selection,forward,fixed_features,speed,0.25,57,specimen_57,40,90,1.0,0.30587906245098434,1.140935380599314
omitted,selection,forward,fixed_features,speed,0.25,57,specimen_57,60,45,1.0,0.3167808524606755,0.41222717319998536
omitted,selection,forward,fixed_features,speed,0.25,57,specimen_57,60,90,1.0,0.25168940831819864,0.6122173277362915
omitted,selection,forward,fixed_features,speed,0.5,10,specimen_10,20,45,1.0,0.22976545274571605,0.09327170559239029
omitted,selection,forward,fixed_features,speed,0.5,10,specimen_10,20,90,1.0,0.20624682300661287,0.06125171710262156
omitted,selection,forward,fixed_features,speed,0.5,10,specimen_10,40,45,1.0,0.17534199837208128,0.22606683705938624
omitted,selection,forward,fixed_features,speed,0.5,10,specimen_10,40,90,1.0,0.24168979688288397,1.046674572317429
omitted,selection,forward,fixed_features,speed,0.5,10,specimen_10,60,45,1.0,0.18234796639588613,0.26856036480607903
omitted,selection,forward,fixed_features,speed,0.5,10,specimen_10,60,90,1.0,0.28321487615586105,0.1980878683759122
omitted,selection,forward,fixed_features,speed,0.5,57,specimen_57,20,45,1.0,0.21522817988563206,0.1584439153664718
omitted,selection,forward,fixed_features,speed,0.5,57,specimen_57,20,90,1.0,0.22561767251907924,0.005727825312921264
omitted,selection,forward,fixed_features,speed,0.5,57,specimen_57,40,45,1.0,0.26690261562041667,0.14257537565230238
omitted,selection,forward,fixed_features,speed,0.5,57,specimen_57,40,90,1.0,0.3191668968507256,1.150441033401215
omitted,selection,forward,fixed_features,speed,0.5,57,specimen_57,60,45,1.0,0.3075245719148521,0.4196309955288049
omitted,selection,forward,fixed_features,speed,0.5,57,specimen_57,60,90,1.0,0.24928536903381912,0.6287955858948562
omitted,selection,forward,fixed_features,speed,1.0,10,specimen_10,20,45,1.0,0.2226891032461726,0.09388575044010272
omitted,selection,forward,fixed_features,speed,1.0,10,specimen_10,20,90,1.0,0.20059689953149837,0.06407929800603407
omitted,selection,forward,fixed_features,speed,1.0,10,specimen_10,40,45,1.0,0.174623803132593,0.22832867717900496
omitted,selection,forward,fixed_features,speed,1.0,10,specimen_10,40,90,1.0,0.24452489551310405,1.0514741375699672
omitted,selection,forward,fixed_features,speed,1.0,10,specimen_10,60,45,1.0,0.18219315449637588,0.2752419027676274
omitted,selection,forward,fixed_features,speed,1.0,10,specimen_10,60,90,1.0,0.27962724865500777,0.20717727032061273
omitted,selection,forward,fixed_features,speed,1.0,57,specimen_57,20,45,1.0,0.2130599807924711,0.16161997553308488
omitted,selection,forward,fixed_features,speed,1.0,57,specimen_57,20,90,1.0,0.22396546559738373,0.008761853533374886
omitted,selection,forward,fixed_features,speed,1.0,57,specimen_57,40,45,1.0,0.26152627980765897,0.14764874575971765
omitted,selection,forward,fixed_features,speed,1.0,57,specimen_57,40,90,1.0,0.32132638207569575,1.1548357305362877
omitted,selection,forward,fixed_features,speed,1.0,57,specimen_57,60,45,1.0,0.30439194095646654,0.4281724641154061
omitted,selection,forward,fixed_features,speed,1.0,57,specimen_57,60,90,1.0,0.2484550566746616,0.6359294079241713
omitted,selection,forward,retrieval,direction,0.25,10,specimen_10,20,45,1.0,0.11016213475052983,0.025566805787415103
omitted,selection,forward,retrieval,direction,0.25,10,specimen_10,20,90,1.0,0.16704629754683176,0.15145417957485896
omitted,selection,forward,retrieval,direction,0.25,10,specimen_10,40,45,1.0,0.18053079787301848,0.20598893696551301
omitted,selection,forward,retrieval,direction,0.25,10,specimen_10,40,90,1.0,0.16374492575912725,0.0277977188962355
omitted,selection,forward,retrieval,direction,0.25,10,specimen_10,60,45,1.0,0.14198073808000336,0.13873332586607612
omitted,selection,forward,retrieval,direction,0.25,10,specimen_10,60,90,1.0,0.2106082312090697,0.0738867311890492
omitted,selection,forward,retrieval,direction,0.25,57,specimen_57,20,45,1.0,0.13625345770066874,0.004998208236139945
omitted,selection,forward,retrieval,direction,0.25,57,specimen_57,20,90,1.0,0.16139878926478216,0.09463253685389716
omitted,selection,forward,retrieval,direction,0.25,57,specimen_57,40,45,1.0,0.14410427733786604,0.020915920943198607
omitted,selection,forward,retrieval,direction,0.25,57,specimen_57,40,90,1.0,0.12405609889963964,0.009919166379173339
omitted,selection,forward,retrieval,direction,0.25,57,specimen_57,60,45,1.0,0.193058585375422,0.21112668734301288
omitted,selection,forward,retrieval,direction,0.25,57,specimen_57,60,90,1.0,0.14266469572436555,0.17494234223062466
omitted,selection,forward,retrieval,direction,0.5,10,specimen_10,20,45,1.0,0.11016213475052983,0.025566805787415103
omitted,selection,forward,retrieval,direction,0.5,10,specimen_10,20,90,1.0,0.16704629754683176,0.15145417957485896
omitted,selection,forward,retrieval,direction,0.5,10,specimen_10,40,45,1.0,0.18053079787301848,0.20598893696551301
omitted,selection,forward,retrieval,direction,0.5,10,specimen_10,40,90,1.0,0.16374492575912725,0.0277977188962355
omitted,selection,forward,retrieval,direction,0.5,10,specimen_10,60,45,1.0,0.14198073808000336,0.13873332586607612
omitted,selection,forward,retrieval,direction,0.5,10,specimen_10,60,90,1.0,0.2106082312090697,0.0738867311890492
omitted,selection,forward,retrieval,direction,0.5,57,specimen_57,20,45,1.0,0.13625345770066874,0.004998208236139945
omitted,selection,forward,retrieval,direction,0.5,57,specimen_57,20,90,1.0,0.16139878926478216,0.09463253685389716
omitted,selection,forward,retrieval,direction,0.5,57,specimen_57,40,45,1.0,0.14410427733786604,0.020915920943198607
omitted,selection,forward,retrieval,direction,0.5,57,specimen_57,40,90,1.0,0.12405609889963964,0.009919166379173339
omitted,selection,forward,retrieval,direction,0.5,57,specimen_57,60,45,1.0,0.193058585375422,0.21112668734301288
omitted,selection,forward,retrieval,direction,0.5,57,specimen_57,60,90,1.0,0.14266469572436555,0.17494234223062466
omitted,selection,forward,retrieval,direction,1.0,10,specimen_10,20,45,1.0,0.11016213475052983,0.025566805787415103
omitted,selection,forward,retrieval,direction,1.0,10,specimen_10,20,90,1.0,0.16704629754683176,0.15145417957485896
omitted,selection,forward,retrieval,direction,1.0,10,specimen_10,40,45,1.0,0.18053079787301848,0.20598893696551301
omitted,selection,forward,retrieval,direction,1.0,10,specimen_10,40,90,1.0,0.16374492575912725,0.0277977188962355
omitted,selection,forward,retrieval,direction,1.0,10,specimen_10,60,45,1.0,0.14198073808000336,0.13873332586607612
omitted,selection,forward,retrieval,direction,1.0,10,specimen_10,60,90,1.0,0.2106082312090697,0.0738867311890492
omitted,selection,forward,retrieval,direction,1.0,57,specimen_57,20,45,1.0,0.13625345770066874,0.004998208236139945
omitted,selection,forward,retrieval,direction,1.0,57,specimen_57,20,90,1.0,0.16139878926478216,0.09463253685389716
omitted,selection,forward,retrieval,direction,1.0,57,specimen_57,40,45,1.0,0.14410427733786604,0.020915920943198607
omitted,selection,forward,retrieval,direction,1.0,57,specimen_57,40,90,1.0,0.12405609889963964,0.009919166379173339
omitted,selection,forward,retrieval,direction,1.0,57,specimen_57,60,45,1.0,0.193058585375422,0.21112668734301288
omitted,selection,forward,retrieval,direction,1.0,57,specimen_57,60,90,1.0,0.14266469572436555,0.17494234223062466
omitted,selection,forward,retrieval,load,0.25,10,specimen_10,20,45,1.0,0.11016213475052983,0.025566805787415103
omitted,selection,forward,retrieval,load,0.25,10,specimen_10,20,90,1.0,0.16704629754683176,0.15145417957485896
omitted,selection,forward,retrieval,load,0.25,10,specimen_10,40,45,1.0,0.18053079787301848,0.20598893696551301
omitted,selection,forward,retrieval,load,0.25,10,specimen_10,40,90,1.0,0.16374492575912725,0.0277977188962355
omitted,selection,forward,retrieval,load,0.25,10,specimen_10,60,45,1.0,0.14198073808000336,0.13873332586607612
omitted,selection,forward,retrieval,load,0.25,10,specimen_10,60,90,1.0,0.2106082312090697,0.0738867311890492
omitted,selection,forward,retrieval,load,0.25,57,specimen_57,20,45,1.0,0.13625345770066874,0.004998208236139945
omitted,selection,forward,retrieval,load,0.25,57,specimen_57,20,90,1.0,0.16139878926478216,0.09463253685389716
omitted,selection,forward,retrieval,load,0.25,57,specimen_57,40,45,1.0,0.14410427733786604,0.020915920943198607
omitted,selection,forward,retrieval,load,0.25,57,specimen_57,40,90,1.0,0.12405609889963964,0.009919166379173339
omitted,selection,forward,retrieval,load,0.25,57,specimen_57,60,45,1.0,0.193058585375422,0.21112668734301288
omitted,selection,forward,retrieval,load,0.25,57,specimen_57,60,90,1.0,0.14266469572436555,0.17494234223062466
omitted,selection,forward,retrieval,load,0.5,10,specimen_10,20,45,1.0,0.11016213475052983,0.025566805787415103
omitted,selection,forward,retrieval,load,0.5,10,specimen_10,20,90,1.0,0.16704629754683176,0.15145417957485896
omitted,selection,forward,retrieval,load,0.5,10,specimen_10,40,45,1.0,0.18053079787301848,0.20598893696551301
omitted,selection,forward,retrieval,load,0.5,10,specimen_10,40,90,1.0,0.16374492575912725,0.0277977188962355
omitted,selection,forward,retrieval,load,0.5,10,specimen_10,60,45,1.0,0.14198073808000336,0.13873332586607612
omitted,selection,forward,retrieval,load,0.5,10,specimen_10,60,90,1.0,0.2106082312090697,0.0738867311890492
omitted,selection,forward,retrieval,load,0.5,57,specimen_57,20,45,1.0,0.13625345770066874,0.004998208236139945
omitted,selection,forward,retrieval,load,0.5,57,specimen_57,20,90,1.0,0.16139878926478216,0.09463253685389716
omitted,selection,forward,retrieval,load,0.5,57,specimen_57,40,45,1.0,0.14410427733786604,0.020915920943198607
omitted,selection,forward,retrieval,load,0.5,57,specimen_57,40,90,1.0,0.12405609889963964,0.009919166379173339
omitted,selection,forward,retrieval,load,0.5,57,specimen_57,60,45,1.0,0.193058585375422,0.21112668734301288
omitted,selection,forward,retrieval,load,0.5,57,specimen_57,60,90,1.0,0.14266469572436555,0.17494234223062466
omitted,selection,forward,retrieval,load,1.0,10,specimen_10,20,45,1.0,0.11016213475052983,0.025566805787415103
omitted,selection,forward,retrieval,load,1.0,10,specimen_10,20,90,1.0,0.16704629754683176,0.15145417957485896
omitted,selection,forward,retrieval,load,1.0,10,specimen_10,40,45,1.0,0.18053079787301848,0.20598893696551301
omitted,selection,forward,retrieval,load,1.0,10,specimen_10,40,90,1.0,0.16374492575912725,0.0277977188962355
omitted,selection,forward,retrieval,load,1.0,10,specimen_10,60,45,1.0,0.14198073808000336,0.13873332586607612
omitted,selection,forward,retrieval,load,1.0,10,specimen_10,60,90,1.0,0.2106082312090697,0.0738867311890492
omitted,selection,forward,retrieval,load,1.0,57,specimen_57,20,45,1.0,0.13625345770066874,0.004998208236139945
omitted,selection,forward,retrieval,load,1.0,57,specimen_57,20,90,1.0,0.16139878926478216,0.09463253685389716
omitted,selection,forward,retrieval,load,1.0,57,specimen_57,40,45,1.0,0.14410427733786604,0.020915920943198607
omitted,selection,forward,retrieval,load,1.0,57,specimen_57,40,90,1.0,0.12405609889963964,0.009919166379173339
omitted,selection,forward,retrieval,load,1.0,57,specimen_57,60,45,1.0,0.193058585375422,0.21112668734301288
omitted,selection,forward,retrieval,load,1.0,57,specimen_57,60,90,1.0,0.14266469572436555,0.17494234223062466
omitted,selection,forward,retrieval,repeat,0.25,10,specimen_10,20,45,1.0,0.11016213475052983,0.025566805787415103
omitted,selection,forward,retrieval,repeat,0.25,10,specimen_10,20,90,1.0,0.16704629754683176,0.15145417957485896
omitted,selection,forward,retrieval,repeat,0.25,10,specimen_10,40,45,1.0,0.18053079787301848,0.20598893696551301
omitted,selection,forward,retrieval,repeat,0.25,10,specimen_10,40,90,1.0,0.16374492575912725,0.0277977188962355
omitted,selection,forward,retrieval,repeat,0.25,10,specimen_10,60,45,1.0,0.14198073808000336,0.13873332586607612
omitted,selection,forward,retrieval,repeat,0.25,10,specimen_10,60,90,1.0,0.2106082312090697,0.0738867311890492
omitted,selection,forward,retrieval,repeat,0.25,57,specimen_57,20,45,1.0,0.13625345770066874,0.004998208236139945
omitted,selection,forward,retrieval,repeat,0.25,57,specimen_57,20,90,1.0,0.16139878926478216,0.09463253685389716
omitted,selection,forward,retrieval,repeat,0.25,57,specimen_57,40,45,1.0,0.14410427733786604,0.020915920943198607
omitted,selection,forward,retrieval,repeat,0.25,57,specimen_57,40,90,1.0,0.12405609889963964,0.009919166379173339
omitted,selection,forward,retrieval,repeat,0.25,57,specimen_57,60,45,1.0,0.193058585375422,0.21112668734301288
omitted,selection,forward,retrieval,repeat,0.25,57,specimen_57,60,90,1.0,0.14266469572436555,0.17494234223062466
omitted,selection,forward,retrieval,repeat,0.5,10,specimen_10,20,45,1.0,0.11016213475052983,0.025566805787415103
omitted,selection,forward,retrieval,repeat,0.5,10,specimen_10,20,90,1.0,0.16704629754683176,0.15145417957485896
omitted,selection,forward,retrieval,repeat,0.5,10,specimen_10,40,45,1.0,0.18053079787301848,0.20598893696551301
omitted,selection,forward,retrieval,repeat,0.5,10,specimen_10,40,90,1.0,0.16374492575912725,0.0277977188962355
omitted,selection,forward,retrieval,repeat,0.5,10,specimen_10,60,45,1.0,0.14198073808000336,0.13873332586607612
omitted,selection,forward,retrieval,repeat,0.5,10,specimen_10,60,90,1.0,0.2106082312090697,0.0738867311890492
omitted,selection,forward,retrieval,repeat,0.5,57,specimen_57,20,45,1.0,0.13625345770066874,0.004998208236139945
omitted,selection,forward,retrieval,repeat,0.5,57,specimen_57,20,90,1.0,0.16139878926478216,0.09463253685389716
omitted,selection,forward,retrieval,repeat,0.5,57,specimen_57,40,45,1.0,0.14410427733786604,0.020915920943198607
omitted,selection,forward,retrieval,repeat,0.5,57,specimen_57,40,90,1.0,0.12405609889963964,0.009919166379173339
omitted,selection,forward,retrieval,repeat,0.5,57,specimen_57,60,45,1.0,0.193058585375422,0.21112668734301288
omitted,selection,forward,retrieval,repeat,0.5,57,specimen_57,60,90,1.0,0.14266469572436555,0.17494234223062466
omitted,selection,forward,retrieval,repeat,1.0,10,specimen_10,20,45,1.0,0.11016213475052983,0.025566805787415103
omitted,selection,forward,retrieval,repeat,1.0,10,specimen_10,20,90,1.0,0.16704629754683176,0.15145417957485896
omitted,selection,forward,retrieval,repeat,1.0,10,specimen_10,40,45,1.0,0.18053079787301848,0.20598893696551301
omitted,selection,forward,retrieval,repeat,1.0,10,specimen_10,40,90,1.0,0.16374492575912725,0.0277977188962355
omitted,selection,forward,retrieval,repeat,1.0,10,specimen_10,60,45,1.0,0.14198073808000336,0.13873332586607612
omitted,selection,forward,retrieval,repeat,1.0,10,specimen_10,60,90,1.0,0.2106082312090697,0.0738867311890492
omitted,selection,forward,retrieval,repeat,1.0,57,specimen_57,20,45,1.0,0.13625345770066874,0.004998208236139945
omitted,selection,forward,retrieval,repeat,1.0,57,specimen_57,20,90,1.0,0.16139878926478216,0.09463253685389716
omitted,selection,forward,retrieval,repeat,1.0,57,specimen_57,40,45,1.0,0.14410427733786604,0.020915920943198607
omitted,selection,forward,retrieval,repeat,1.0,57,specimen_57,40,90,1.0,0.12405609889963964,0.009919166379173339
omitted,selection,forward,retrieval,repeat,1.0,57,specimen_57,60,45,1.0,0.193058585375422,0.21112668734301288
omitted,selection,forward,retrieval,repeat,1.0,57,specimen_57,60,90,1.0,0.14266469572436555,0.17494234223062466
omitted,selection,forward,retrieval,single,0.25,10,specimen_10,20,45,1.0,0.11016213475052983,0.025566805787415103
omitted,selection,forward,retrieval,single,0.25,10,specimen_10,20,90,1.0,0.16704629754683176,0.15145417957485896
omitted,selection,forward,retrieval,single,0.25,10,specimen_10,40,45,1.0,0.18053079787301848,0.20598893696551301
omitted,selection,forward,retrieval,single,0.25,10,specimen_10,40,90,1.0,0.16374492575912725,0.0277977188962355
omitted,selection,forward,retrieval,single,0.25,10,specimen_10,60,45,1.0,0.14198073808000336,0.13873332586607612
omitted,selection,forward,retrieval,single,0.25,10,specimen_10,60,90,1.0,0.2106082312090697,0.0738867311890492
omitted,selection,forward,retrieval,single,0.25,57,specimen_57,20,45,1.0,0.13625345770066874,0.004998208236139945
omitted,selection,forward,retrieval,single,0.25,57,specimen_57,20,90,1.0,0.16139878926478216,0.09463253685389716
omitted,selection,forward,retrieval,single,0.25,57,specimen_57,40,45,1.0,0.14410427733786604,0.020915920943198607
omitted,selection,forward,retrieval,single,0.25,57,specimen_57,40,90,1.0,0.12405609889963964,0.009919166379173339
omitted,selection,forward,retrieval,single,0.25,57,specimen_57,60,45,1.0,0.193058585375422,0.21112668734301288
omitted,selection,forward,retrieval,single,0.25,57,specimen_57,60,90,1.0,0.14266469572436555,0.17494234223062466
omitted,selection,forward,retrieval,single,0.5,10,specimen_10,20,45,1.0,0.11016213475052983,0.025566805787415103
omitted,selection,forward,retrieval,single,0.5,10,specimen_10,20,90,1.0,0.16704629754683176,0.15145417957485896
omitted,selection,forward,retrieval,single,0.5,10,specimen_10,40,45,1.0,0.18053079787301848,0.20598893696551301
omitted,selection,forward,retrieval,single,0.5,10,specimen_10,40,90,1.0,0.16374492575912725,0.0277977188962355
omitted,selection,forward,retrieval,single,0.5,10,specimen_10,60,45,1.0,0.14198073808000336,0.13873332586607612
omitted,selection,forward,retrieval,single,0.5,10,specimen_10,60,90,1.0,0.2106082312090697,0.0738867311890492
omitted,selection,forward,retrieval,single,0.5,57,specimen_57,20,45,1.0,0.13625345770066874,0.004998208236139945
omitted,selection,forward,retrieval,single,0.5,57,specimen_57,20,90,1.0,0.16139878926478216,0.09463253685389716
omitted,selection,forward,retrieval,single,0.5,57,specimen_57,40,45,1.0,0.14410427733786604,0.020915920943198607
omitted,selection,forward,retrieval,single,0.5,57,specimen_57,40,90,1.0,0.12405609889963964,0.009919166379173339
omitted,selection,forward,retrieval,single,0.5,57,specimen_57,60,45,1.0,0.193058585375422,0.21112668734301288
omitted,selection,forward,retrieval,single,0.5,57,specimen_57,60,90,1.0,0.14266469572436555,0.17494234223062466
omitted,selection,forward,retrieval,single,1.0,10,specimen_10,20,45,1.0,0.11016213475052983,0.025566805787415103
omitted,selection,forward,retrieval,single,1.0,10,specimen_10,20,90,1.0,0.16704629754683176,0.15145417957485896
omitted,selection,forward,retrieval,single,1.0,10,specimen_10,40,45,1.0,0.18053079787301848,0.20598893696551301
omitted,selection,forward,retrieval,single,1.0,10,specimen_10,40,90,1.0,0.16374492575912725,0.0277977188962355
omitted,selection,forward,retrieval,single,1.0,10,specimen_10,60,45,1.0,0.14198073808000336,0.13873332586607612
omitted,selection,forward,retrieval,single,1.0,10,specimen_10,60,90,1.0,0.2106082312090697,0.0738867311890492
omitted,selection,forward,retrieval,single,1.0,57,specimen_57,20,45,1.0,0.13625345770066874,0.004998208236139945
omitted,selection,forward,retrieval,single,1.0,57,specimen_57,20,90,1.0,0.16139878926478216,0.09463253685389716
omitted,selection,forward,retrieval,single,1.0,57,specimen_57,40,45,1.0,0.14410427733786604,0.020915920943198607
omitted,selection,forward,retrieval,single,1.0,57,specimen_57,40,90,1.0,0.12405609889963964,0.009919166379173339
omitted,selection,forward,retrieval,single,1.0,57,specimen_57,60,45,1.0,0.193058585375422,0.21112668734301288
omitted,selection,forward,retrieval,single,1.0,57,specimen_57,60,90,1.0,0.14266469572436555,0.17494234223062466
omitted,selection,forward,retrieval,speed,0.25,10,specimen_10,20,45,1.0,0.11016213475052983,0.025566805787415103
omitted,selection,forward,retrieval,speed,0.25,10,specimen_10,20,90,1.0,0.16704629754683176,0.15145417957485896
omitted,selection,forward,retrieval,speed,0.25,10,specimen_10,40,45,1.0,0.18053079787301848,0.20598893696551301
omitted,selection,forward,retrieval,speed,0.25,10,specimen_10,40,90,1.0,0.16374492575912725,0.0277977188962355
omitted,selection,forward,retrieval,speed,0.25,10,specimen_10,60,45,1.0,0.14198073808000336,0.13873332586607612
omitted,selection,forward,retrieval,speed,0.25,10,specimen_10,60,90,1.0,0.2106082312090697,0.0738867311890492
omitted,selection,forward,retrieval,speed,0.25,57,specimen_57,20,45,1.0,0.13625345770066874,0.004998208236139945
omitted,selection,forward,retrieval,speed,0.25,57,specimen_57,20,90,1.0,0.16139878926478216,0.09463253685389716
omitted,selection,forward,retrieval,speed,0.25,57,specimen_57,40,45,1.0,0.14410427733786604,0.020915920943198607
omitted,selection,forward,retrieval,speed,0.25,57,specimen_57,40,90,1.0,0.12405609889963964,0.009919166379173339
omitted,selection,forward,retrieval,speed,0.25,57,specimen_57,60,45,1.0,0.193058585375422,0.21112668734301288
omitted,selection,forward,retrieval,speed,0.25,57,specimen_57,60,90,1.0,0.14266469572436555,0.17494234223062466
omitted,selection,forward,retrieval,speed,0.5,10,specimen_10,20,45,1.0,0.11016213475052983,0.025566805787415103
omitted,selection,forward,retrieval,speed,0.5,10,specimen_10,20,90,1.0,0.16704629754683176,0.15145417957485896
omitted,selection,forward,retrieval,speed,0.5,10,specimen_10,40,45,1.0,0.18053079787301848,0.20598893696551301
omitted,selection,forward,retrieval,speed,0.5,10,specimen_10,40,90,1.0,0.16374492575912725,0.0277977188962355
omitted,selection,forward,retrieval,speed,0.5,10,specimen_10,60,45,1.0,0.14198073808000336,0.13873332586607612
omitted,selection,forward,retrieval,speed,0.5,10,specimen_10,60,90,1.0,0.2106082312090697,0.0738867311890492
omitted,selection,forward,retrieval,speed,0.5,57,specimen_57,20,45,1.0,0.13625345770066874,0.004998208236139945
omitted,selection,forward,retrieval,speed,0.5,57,specimen_57,20,90,1.0,0.16139878926478216,0.09463253685389716
omitted,selection,forward,retrieval,speed,0.5,57,specimen_57,40,45,1.0,0.14410427733786604,0.020915920943198607
omitted,selection,forward,retrieval,speed,0.5,57,specimen_57,40,90,1.0,0.12405609889963964,0.009919166379173339
omitted,selection,forward,retrieval,speed,0.5,57,specimen_57,60,45,1.0,0.193058585375422,0.21112668734301288
omitted,selection,forward,retrieval,speed,0.5,57,specimen_57,60,90,1.0,0.14266469572436555,0.17494234223062466
omitted,selection,forward,retrieval,speed,1.0,10,specimen_10,20,45,1.0,0.11016213475052983,0.025566805787415103
omitted,selection,forward,retrieval,speed,1.0,10,specimen_10,20,90,1.0,0.16704629754683176,0.15145417957485896
omitted,selection,forward,retrieval,speed,1.0,10,specimen_10,40,45,1.0,0.18053079787301848,0.20598893696551301
omitted,selection,forward,retrieval,speed,1.0,10,specimen_10,40,90,1.0,0.16374492575912725,0.0277977188962355
omitted,selection,forward,retrieval,speed,1.0,10,specimen_10,60,45,1.0,0.14198073808000336,0.13873332586607612
omitted,selection,forward,retrieval,speed,1.0,10,specimen_10,60,90,1.0,0.2106082312090697,0.0738867311890492
omitted,selection,forward,retrieval,speed,1.0,57,specimen_57,20,45,1.0,0.13625345770066874,0.004998208236139945
omitted,selection,forward,retrieval,speed,1.0,57,specimen_57,20,90,1.0,0.16139878926478216,0.09463253685389716
omitted,selection,forward,retrieval,speed,1.0,57,specimen_57,40,45,1.0,0.14410427733786604,0.020915920943198607
omitted,selection,forward,retrieval,speed,1.0,57,specimen_57,40,90,1.0,0.12405609889963964,0.009919166379173339
omitted,selection,forward,retrieval,speed,1.0,57,specimen_57,60,45,1.0,0.193058585375422,0.21112668734301288
omitted,selection,forward,retrieval,speed,1.0,57,specimen_57,60,90,1.0,0.14266469572436555,0.17494234223062466
omitted,selection,forward,speed_rescaling,direction,0.25,10,specimen_10,20,45,1.0,0.5119460402045238,0.235732893951759
omitted,selection,forward,speed_rescaling,direction,0.25,10,specimen_10,20,90,1.0,0.5911686791748222,1.7053632263075915
omitted,selection,forward,speed_rescaling,direction,0.25,10,specimen_10,40,45,1.0,0.5145094355642584,0.1502187096821832
omitted,selection,forward,speed_rescaling,direction,0.25,10,specimen_10,40,90,1.0,0.19404780020419862,0.5899826555501342
omitted,selection,forward,speed_rescaling,direction,0.25,10,specimen_10,60,45,1.0,0.7287726779751408,0.788185405229811
omitted,selection,forward,speed_rescaling,direction,0.25,10,specimen_10,60,90,1.0,0.6707744963447451,0.8472030274843609
omitted,selection,forward,speed_rescaling,direction,0.25,57,specimen_57,20,45,1.0,0.4555408029614227,0.3339330476956604
omitted,selection,forward,speed_rescaling,direction,0.25,57,specimen_57,20,90,1.0,0.5846379318446766,1.5726313079457275
omitted,selection,forward,speed_rescaling,direction,0.25,57,specimen_57,40,45,1.0,0.5367274950463007,0.5289619072924708
omitted,selection,forward,speed_rescaling,direction,0.25,57,specimen_57,40,90,1.0,0.21635113344653387,0.46183979269097075
omitted,selection,forward,speed_rescaling,direction,0.25,57,specimen_57,60,45,1.0,0.7781741722630203,1.2845087945606835
omitted,selection,forward,speed_rescaling,direction,0.25,57,specimen_57,60,90,1.0,0.7432616103288439,0.5919618137582268
omitted,selection,forward,speed_rescaling,direction,0.5,10,specimen_10,20,45,1.0,0.49591991380259354,0.09985257232985634
omitted,selection,forward,speed_rescaling,direction,0.5,10,specimen_10,20,90,1.0,0.5769048945571269,1.5423847247729396
omitted,selection,forward,speed_rescaling,direction,0.5,10,specimen_10,40,45,1.0,0.48395740042202456,0.3041419293599106
omitted,selection,forward,speed_rescaling,direction,0.5,10,specimen_10,40,90,1.0,0.14179551041127458,0.4147251896053361
omitted,selection,forward,speed_rescaling,direction,0.5,10,specimen_10,60,45,1.0,0.7105621905322037,0.9503358938072293
omitted,selection,forward,speed_rescaling,direction,0.5,10,specimen_10,60,90,1.0,0.6331067531562171,0.6622764584056182
omitted,selection,forward,speed_rescaling,direction,0.5,57,specimen_57,20,45,1.0,0.4450885124160869,0.3443938337434999
omitted,selection,forward,speed_rescaling,direction,0.5,57,specimen_57,20,90,1.0,0.5779681142969504,1.5580442746971022
omitted,selection,forward,speed_rescaling,direction,0.5,57,specimen_57,40,45,1.0,0.5159056303377184,0.5489642785011424
omitted,selection,forward,speed_rescaling,direction,0.5,57,specimen_57,40,90,1.0,0.19612582909690676,0.44026332861807727
omitted,selection,forward,speed_rescaling,direction,0.5,57,specimen_57,60,45,1.0,0.777581899764418,1.3062638072616595
omitted,selection,forward,speed_rescaling,direction,0.5,57,specimen_57,60,90,1.0,0.747341885392815,0.5650677617350104
omitted,selection,forward,speed_rescaling,direction,1.0,10,specimen_10,20,45,1.0,0.4793439723810935,0.027588798072804677
omitted,selection,forward,speed_rescaling,direction,1.0,10,specimen_10,20,90,1.0,0.5616444897307789,1.4609136528721889
omitted,selection,forward,speed_rescaling,direction,1.0,10,specimen_10,40,45,1.0,0.45827000064667295,0.38233262851694994
omitted,selection,forward,speed_rescaling,direction,1.0,10,specimen_10,40,90,1.0,0.12398979125434366,0.3344563025770695
omitted,selection,forward,speed_rescaling,direction,1.0,10,specimen_10,60,45,1.0,0.7076247447768255,1.0333116336844017
omitted,selection,forward,speed_rescaling,direction,1.0,10,specimen_10,60,90,1.0,0.6251348174226451,0.5765912492937559
omitted,selection,forward,speed_rescaling,direction,1.0,57,specimen_57,20,45,1.0,0.4393095474514295,0.3520545716154243
omitted,selection,forward,speed_rescaling,direction,1.0,57,specimen_57,20,90,1.0,0.5758731459817337,1.5346630002690498
omitted,selection,forward,speed_rescaling,direction,1.0,57,specimen_57,40,45,1.0,0.5027199402143866,0.5634188017290567
omitted,selection,forward,speed_rescaling,direction,1.0,57,specimen_57,40,90,1.0,0.17659939987016152,0.40559215845149876
omitted,selection,forward,speed_rescaling,direction,1.0,57,specimen_57,60,45,1.0,0.7593515335118087,1.322089893700697
omitted,selection,forward,speed_rescaling,direction,1.0,57,specimen_57,60,90,1.0,0.7074773387546208,0.5275177549153376
omitted,selection,forward,speed_rescaling,load,0.25,10,specimen_10,20,45,1.0,0.5119460402045238,0.235732893951759
omitted,selection,forward,speed_rescaling,load,0.25,10,specimen_10,20,90,1.0,0.6271310097403234,0.11608677508055554
omitted,selection,forward,speed_rescaling,load,0.25,10,specimen_10,40,45,1.0,0.5145094355642584,0.1502187096821832
omitted,selection,forward,speed_rescaling,load,0.25,10,specimen_10,40,90,1.0,0.6789191994202571,1.174449990988131
omitted,selection,forward,speed_rescaling,load,0.25,10,specimen_10,60,45,1.0,0.7287726779751408,0.788185405229811
omitted,selection,forward,speed_rescaling,load,0.25,10,specimen_10,60,90,1.0,0.888006978113472,1.0045583962601612
omitted,selection,forward,speed_rescaling,load,0.25,57,specimen_57,20,45,1.0,0.4555408029614227,0.3339330476956604
omitted,selection,forward,speed_rescaling,load,0.25,57,specimen_57,20,90,1.0,0.5071051392213928,0.262972056599076
omitted,selection,forward,speed_rescaling,load,0.25,57,specimen_57,40,45,1.0,0.5367274950463007,0.5289619072924708
omitted,selection,forward,speed_rescaling,load,0.25,57,specimen_57,40,90,1.0,0.797756350596592,1.6249545844108346
omitted,selection,forward,speed_rescaling,load,0.25,57,specimen_57,60,45,1.0,0.7781741722630203,1.2845087945606835
omitted,selection,forward,speed_rescaling,load,0.25,57,specimen_57,60,90,1.0,0.871198433219659,1.5951925324295158
omitted,selection,forward,speed_rescaling,load,0.5,10,specimen_10,20,45,1.0,0.49591991380259354,0.09985257232985634
omitted,selection,forward,speed_rescaling,load,0.5,10,specimen_10,20,90,1.0,0.6075848092789534,0.01979354654134713
omitted,selection,forward,speed_rescaling,load,0.5,10,specimen_10,40,45,1.0,0.48395740042202456,0.3041419293599106
omitted,selection,forward,speed_rescaling,load,0.5,10,specimen_10,40,90,1.0,0.6713631512156922,1.3283732106658583
omitted,selection,forward,speed_rescaling,load,0.5,10,specimen_10,60,45,1.0,0.7105621905322037,0.9503358938072293
omitted,selection,forward,speed_rescaling,load,0.5,10,specimen_10,60,90,1.0,0.8523440741188743,1.1667088848375795
omitted,selection,forward,speed_rescaling,load,0.5,57,specimen_57,20,45,1.0,0.4450885124160869,0.3443938337434999
omitted,selection,forward,speed_rescaling,load,0.5,57,specimen_57,20,90,1.0,0.4891937739132934,0.27343284264691553
omitted,selection,forward,speed_rescaling,load,0.5,57,specimen_57,40,45,1.0,0.5159056303377184,0.5489642785011424
omitted,selection,forward,speed_rescaling,load,0.5,57,specimen_57,40,90,1.0,0.802692874673157,1.6449569556195063
omitted,selection,forward,speed_rescaling,load,0.5,57,specimen_57,60,45,1.0,0.777581899764418,1.3062638072616595
omitted,selection,forward,speed_rescaling,load,0.5,57,specimen_57,60,90,1.0,0.8722824287186554,1.6169475451304918
omitted,selection,forward,speed_rescaling,load,1.0,10,specimen_10,20,45,1.0,0.4793439723810935,0.027588798072804677
omitted,selection,forward,speed_rescaling,load,1.0,10,specimen_10,20,90,1.0,0.5946325251001469,0.09205732079839879
omitted,selection,forward,speed_rescaling,load,1.0,10,specimen_10,40,45,1.0,0.45827000064667295,0.38233262851694994
omitted,selection,forward,speed_rescaling,load,1.0,10,specimen_10,40,90,1.0,0.6647301045800327,1.4065639098228977
omitted,selection,forward,speed_rescaling,load,1.0,10,specimen_10,60,45,1.0,0.7076247447768255,1.0333116336844017
omitted,selection,forward,speed_rescaling,load,1.0,10,specimen_10,60,90,1.0,0.8321485853363605,1.2496846247147522
omitted,selection,forward,speed_rescaling,load,1.0,57,specimen_57,20,45,1.0,0.4393095474514295,0.3520545716154243
omitted,selection,forward,speed_rescaling,load,1.0,57,specimen_57,20,90,1.0,0.49070474653216917,0.2810935805188399
omitted,selection,forward,speed_rescaling,load,1.0,57,specimen_57,40,45,1.0,0.5027199402143866,0.5634188017290567
omitted,selection,forward,speed_rescaling,load,1.0,57,specimen_57,40,90,1.0,0.790866455707782,1.6594114788474204
omitted,selection,forward,speed_rescaling,load,1.0,57,specimen_57,60,45,1.0,0.7593515335118087,1.322089893700697
omitted,selection,forward,speed_rescaling,load,1.0,57,specimen_57,60,90,1.0,0.8550702607391548,1.6327736315695294
omitted,selection,forward,speed_rescaling,repeat,0.25,10,specimen_10,20,45,1.0,0.5119460402045238,0.235732893951759
omitted,selection,forward,speed_rescaling,repeat,0.25,10,specimen_10,20,90,1.0,0.6271310097403234,0.11608677508055554
omitted,selection,forward,speed_rescaling,repeat,0.25,10,specimen_10,40,45,1.0,0.5145094355642584,0.1502187096821832
omitted,selection,forward,speed_rescaling,repeat,0.25,10,specimen_10,40,90,1.0,0.6789191994202571,1.174449990988131
omitted,selection,forward,speed_rescaling,repeat,0.25,10,specimen_10,60,45,1.0,0.7287726779751408,0.788185405229811
omitted,selection,forward,speed_rescaling,repeat,0.25,10,specimen_10,60,90,1.0,0.888006978113472,1.0045583962601612
omitted,selection,forward,speed_rescaling,repeat,0.25,57,specimen_57,20,45,1.0,0.4555408029614227,0.3339330476956604
omitted,selection,forward,speed_rescaling,repeat,0.25,57,specimen_57,20,90,1.0,0.5071051392213928,0.262972056599076
omitted,selection,forward,speed_rescaling,repeat,0.25,57,specimen_57,40,45,1.0,0.5367274950463007,0.5289619072924708
omitted,selection,forward,speed_rescaling,repeat,0.25,57,specimen_57,40,90,1.0,0.797756350596592,1.6249545844108346
omitted,selection,forward,speed_rescaling,repeat,0.25,57,specimen_57,60,45,1.0,0.7781741722630203,1.2845087945606835
omitted,selection,forward,speed_rescaling,repeat,0.25,57,specimen_57,60,90,1.0,0.871198433219659,1.5951925324295158
omitted,selection,forward,speed_rescaling,repeat,0.5,10,specimen_10,20,45,1.0,0.49591991380259354,0.09985257232985634
omitted,selection,forward,speed_rescaling,repeat,0.5,10,specimen_10,20,90,1.0,0.6075848092789534,0.01979354654134713
omitted,selection,forward,speed_rescaling,repeat,0.5,10,specimen_10,40,45,1.0,0.48395740042202456,0.3041419293599106
omitted,selection,forward,speed_rescaling,repeat,0.5,10,specimen_10,40,90,1.0,0.6713631512156922,1.3283732106658583
omitted,selection,forward,speed_rescaling,repeat,0.5,10,specimen_10,60,45,1.0,0.7105621905322037,0.9503358938072293
omitted,selection,forward,speed_rescaling,repeat,0.5,10,specimen_10,60,90,1.0,0.8523440741188743,1.1667088848375795
omitted,selection,forward,speed_rescaling,repeat,0.5,57,specimen_57,20,45,1.0,0.4450885124160869,0.3443938337434999
omitted,selection,forward,speed_rescaling,repeat,0.5,57,specimen_57,20,90,1.0,0.4891937739132934,0.27343284264691553
omitted,selection,forward,speed_rescaling,repeat,0.5,57,specimen_57,40,45,1.0,0.5159056303377184,0.5489642785011424
omitted,selection,forward,speed_rescaling,repeat,0.5,57,specimen_57,40,90,1.0,0.802692874673157,1.6449569556195063
omitted,selection,forward,speed_rescaling,repeat,0.5,57,specimen_57,60,45,1.0,0.777581899764418,1.3062638072616595
omitted,selection,forward,speed_rescaling,repeat,0.5,57,specimen_57,60,90,1.0,0.8722824287186554,1.6169475451304918
omitted,selection,forward,speed_rescaling,repeat,1.0,10,specimen_10,20,45,1.0,0.4793439723810935,0.027588798072804677
omitted,selection,forward,speed_rescaling,repeat,1.0,10,specimen_10,20,90,1.0,0.5946325251001469,0.09205732079839879
omitted,selection,forward,speed_rescaling,repeat,1.0,10,specimen_10,40,45,1.0,0.45827000064667295,0.38233262851694994
omitted,selection,forward,speed_rescaling,repeat,1.0,10,specimen_10,40,90,1.0,0.6647301045800327,1.4065639098228977
omitted,selection,forward,speed_rescaling,repeat,1.0,10,specimen_10,60,45,1.0,0.7076247447768255,1.0333116336844017
omitted,selection,forward,speed_rescaling,repeat,1.0,10,specimen_10,60,90,1.0,0.8321485853363605,1.2496846247147522
omitted,selection,forward,speed_rescaling,repeat,1.0,57,specimen_57,20,45,1.0,0.4393095474514295,0.3520545716154243
omitted,selection,forward,speed_rescaling,repeat,1.0,57,specimen_57,20,90,1.0,0.49070474653216917,0.2810935805188399
omitted,selection,forward,speed_rescaling,repeat,1.0,57,specimen_57,40,45,1.0,0.5027199402143866,0.5634188017290567
omitted,selection,forward,speed_rescaling,repeat,1.0,57,specimen_57,40,90,1.0,0.790866455707782,1.6594114788474204
omitted,selection,forward,speed_rescaling,repeat,1.0,57,specimen_57,60,45,1.0,0.7593515335118087,1.322089893700697
omitted,selection,forward,speed_rescaling,repeat,1.0,57,specimen_57,60,90,1.0,0.8550702607391548,1.6327736315695294
omitted,selection,forward,speed_rescaling,single,0.25,10,specimen_10,20,45,1.0,0.5119460402045238,0.235732893951759
omitted,selection,forward,speed_rescaling,single,0.25,10,specimen_10,20,90,1.0,0.6271310097403234,0.11608677508055554
omitted,selection,forward,speed_rescaling,single,0.25,10,specimen_10,40,45,1.0,0.5145094355642584,0.1502187096821832
omitted,selection,forward,speed_rescaling,single,0.25,10,specimen_10,40,90,1.0,0.6789191994202571,1.174449990988131
omitted,selection,forward,speed_rescaling,single,0.25,10,specimen_10,60,45,1.0,0.7287726779751408,0.788185405229811
omitted,selection,forward,speed_rescaling,single,0.25,10,specimen_10,60,90,1.0,0.888006978113472,1.0045583962601612
omitted,selection,forward,speed_rescaling,single,0.25,57,specimen_57,20,45,1.0,0.4555408029614227,0.3339330476956604
omitted,selection,forward,speed_rescaling,single,0.25,57,specimen_57,20,90,1.0,0.5071051392213928,0.262972056599076
omitted,selection,forward,speed_rescaling,single,0.25,57,specimen_57,40,45,1.0,0.5367274950463007,0.5289619072924708
omitted,selection,forward,speed_rescaling,single,0.25,57,specimen_57,40,90,1.0,0.797756350596592,1.6249545844108346
omitted,selection,forward,speed_rescaling,single,0.25,57,specimen_57,60,45,1.0,0.7781741722630203,1.2845087945606835
omitted,selection,forward,speed_rescaling,single,0.25,57,specimen_57,60,90,1.0,0.871198433219659,1.5951925324295158
omitted,selection,forward,speed_rescaling,single,0.5,10,specimen_10,20,45,1.0,0.49591991380259354,0.09985257232985634
omitted,selection,forward,speed_rescaling,single,0.5,10,specimen_10,20,90,1.0,0.6075848092789534,0.01979354654134713
omitted,selection,forward,speed_rescaling,single,0.5,10,specimen_10,40,45,1.0,0.48395740042202456,0.3041419293599106
omitted,selection,forward,speed_rescaling,single,0.5,10,specimen_10,40,90,1.0,0.6713631512156922,1.3283732106658583
omitted,selection,forward,speed_rescaling,single,0.5,10,specimen_10,60,45,1.0,0.7105621905322037,0.9503358938072293
omitted,selection,forward,speed_rescaling,single,0.5,10,specimen_10,60,90,1.0,0.8523440741188743,1.1667088848375795
omitted,selection,forward,speed_rescaling,single,0.5,57,specimen_57,20,45,1.0,0.4450885124160869,0.3443938337434999
omitted,selection,forward,speed_rescaling,single,0.5,57,specimen_57,20,90,1.0,0.4891937739132934,0.27343284264691553
omitted,selection,forward,speed_rescaling,single,0.5,57,specimen_57,40,45,1.0,0.5159056303377184,0.5489642785011424
omitted,selection,forward,speed_rescaling,single,0.5,57,specimen_57,40,90,1.0,0.802692874673157,1.6449569556195063
omitted,selection,forward,speed_rescaling,single,0.5,57,specimen_57,60,45,1.0,0.777581899764418,1.3062638072616595
omitted,selection,forward,speed_rescaling,single,0.5,57,specimen_57,60,90,1.0,0.8722824287186554,1.6169475451304918
omitted,selection,forward,speed_rescaling,single,1.0,10,specimen_10,20,45,1.0,0.4793439723810935,0.027588798072804677
omitted,selection,forward,speed_rescaling,single,1.0,10,specimen_10,20,90,1.0,0.5946325251001469,0.09205732079839879
omitted,selection,forward,speed_rescaling,single,1.0,10,specimen_10,40,45,1.0,0.45827000064667295,0.38233262851694994
omitted,selection,forward,speed_rescaling,single,1.0,10,specimen_10,40,90,1.0,0.6647301045800327,1.4065639098228977
omitted,selection,forward,speed_rescaling,single,1.0,10,specimen_10,60,45,1.0,0.7076247447768255,1.0333116336844017
omitted,selection,forward,speed_rescaling,single,1.0,10,specimen_10,60,90,1.0,0.8321485853363605,1.2496846247147522
omitted,selection,forward,speed_rescaling,single,1.0,57,specimen_57,20,45,1.0,0.4393095474514295,0.3520545716154243
omitted,selection,forward,speed_rescaling,single,1.0,57,specimen_57,20,90,1.0,0.49070474653216917,0.2810935805188399
omitted,selection,forward,speed_rescaling,single,1.0,57,specimen_57,40,45,1.0,0.5027199402143866,0.5634188017290567
omitted,selection,forward,speed_rescaling,single,1.0,57,specimen_57,40,90,1.0,0.790866455707782,1.6594114788474204
omitted,selection,forward,speed_rescaling,single,1.0,57,specimen_57,60,45,1.0,0.7593515335118087,1.322089893700697
omitted,selection,forward,speed_rescaling,single,1.0,57,specimen_57,60,90,1.0,0.8550702607391548,1.6327736315695294
omitted,selection,forward,speed_rescaling,speed,0.25,10,specimen_10,20,45,1.0,0.4617281442770523,0.07634813372519322
omitted,selection,forward,speed_rescaling,speed,0.25,10,specimen_10,20,90,1.0,0.5880247366989027,0.1959942525963967
omitted,selection,forward,speed_rescaling,speed,0.25,10,specimen_10,40,45,1.0,0.5145094355642584,0.1502187096821832
omitted,selection,forward,speed_rescaling,speed,0.25,10,specimen_10,40,90,1.0,0.6789191994202571,1.174449990988131
omitted,selection,forward,speed_rescaling,speed,0.25,10,specimen_10,60,45,1.0,0.7287726779751408,0.788185405229811
omitted,selection,forward,speed_rescaling,speed,0.25,10,specimen_10,60,90,1.0,0.888006978113472,1.0045583962601612
omitted,selection,forward,speed_rescaling,speed,0.25,57,specimen_57,20,45,1.0,0.5043415446426928,0.4116847503892503
omitted,selection,forward,speed_rescaling,speed,0.25,57,specimen_57,20,90,1.0,0.5230103288945799,0.3407237592926659
omitted,selection,forward,speed_rescaling,speed,0.25,57,specimen_57,40,45,1.0,0.5367274950463007,0.5289619072924708
omitted,selection,forward,speed_rescaling,speed,0.25,57,specimen_57,40,90,1.0,0.797756350596592,1.6249545844108346
omitted,selection,forward,speed_rescaling,speed,0.25,57,specimen_57,60,45,1.0,0.7781741722630203,1.2845087945606835
omitted,selection,forward,speed_rescaling,speed,0.25,57,specimen_57,60,90,1.0,0.871198433219659,1.5951925324295158
omitted,selection,forward,speed_rescaling,speed,0.5,10,specimen_10,20,45,1.0,0.4522138475207635,0.12451504082760756
omitted,selection,forward,speed_rescaling,speed,0.5,10,specimen_10,20,90,1.0,0.5807553599612286,0.24416115969881103
omitted,selection,forward,speed_rescaling,speed,0.5,10,specimen_10,40,45,1.0,0.48395740042202456,0.3041419293599106
omitted,selection,forward,speed_rescaling,speed,0.5,10,specimen_10,40,90,1.0,0.6713631512156922,1.3283732106658583
omitted,selection,forward,speed_rescaling,speed,0.5,10,specimen_10,60,45,1.0,0.7105621905322037,0.9503358938072293
omitted,selection,forward,speed_rescaling,speed,0.5,10,specimen_10,60,90,1.0,0.8523440741188743,1.1667088848375795
omitted,selection,forward,speed_rescaling,speed,0.5,57,specimen_57,20,45,1.0,0.496375410630055,0.4232091986594888
omitted,selection,forward,speed_rescaling,speed,0.5,57,specimen_57,20,90,1.0,0.5152913102639415,0.3522482075629044
omitted,selection,forward,speed_rescaling,speed,0.5,57,specimen_57,40,45,1.0,0.5159056303377184,0.5489642785011424
omitted,selection,forward,speed_rescaling,speed,0.5,57,specimen_57,40,90,1.0,0.802692874673157,1.6449569556195063
omitted,selection,forward,speed_rescaling,speed,0.5,57,specimen_57,60,45,1.0,0.777581899764418,1.3062638072616595
omitted,selection,forward,speed_rescaling,speed,0.5,57,specimen_57,60,90,1.0,0.8722824287186554,1.6169475451304918
omitted,selection,forward,speed_rescaling,speed,1.0,10,specimen_10,20,45,1.0,0.44623244178763466,0.16705698578395245
omitted,selection,forward,speed_rescaling,speed,1.0,10,specimen_10,20,90,1.0,0.5766514426672625,0.2867031046551559
omitted,selection,forward,speed_rescaling,speed,1.0,10,specimen_10,40,45,1.0,0.45827000064667295,0.38233262851694994
omitted,selection,forward,speed_rescaling,speed,1.0,10,specimen_10,40,90,1.0,0.6647301045800327,1.4065639098228977
omitted,selection,forward,speed_rescaling,speed,1.0,10,specimen_10,60,45,1.0,0.7076247447768255,1.0333116336844017
omitted,selection,forward,speed_rescaling,speed,1.0,10,specimen_10,60,90,1.0,0.8321485853363605,1.2496846247147522
omitted,selection,forward,speed_rescaling,speed,1.0,57,specimen_57,20,45,1.0,0.4841517659532939,0.4363879831530495
omitted,selection,forward,speed_rescaling,speed,1.0,57,specimen_57,20,90,1.0,0.5112919278108333,0.3654269920564651
omitted,selection,forward,speed_rescaling,speed,1.0,57,specimen_57,40,45,1.0,0.5027199402143866,0.5634188017290567
omitted,selection,forward,speed_rescaling,speed,1.0,57,specimen_57,40,90,1.0,0.790866455707782,1.6594114788474204
omitted,selection,forward,speed_rescaling,speed,1.0,57,specimen_57,60,45,1.0,0.7593515335118087,1.322089893700697
omitted,selection,forward,speed_rescaling,speed,1.0,57,specimen_57,60,90,1.0,0.8550702607391548,1.6327736315695294
omitted,selection,reverse,conditions_only,direction,0.25,10,specimen_10,20,45,1.0,0.24429833581382066,0.048886570254698225
omitted,selection,reverse,conditions_only,direction,0.25,10,specimen_10,20,90,1.0,0.2191336757046364,0.06451251675012704
omitted,selection,reverse,conditions_only,direction,0.25,10,specimen_10,40,45,1.0,0.1846193136563216,0.28825904481246456
omitted,selection,reverse,conditions_only,direction,0.25,10,specimen_10,40,90,1.0,0.3293637138685103,1.2793544142074074
omitted,selection,reverse,conditions_only,direction,0.25,10,specimen_10,60,45,1.0,0.30132261807032257,0.6433563057164697
omitted,selection,reverse,conditions_only,direction,0.25,10,specimen_10,60,90,1.0,0.3240328409930291,0.9591060576261556
omitted,selection,reverse,conditions_only,direction,0.25,57,specimen_57,20,45,1.0,0.39785507023426286,0.014289075397737272
omitted,selection,reverse,conditions_only,direction,0.25,57,specimen_57,20,90,1.0,0.39299104869444523,0.11505446294335131
omitted,selection,reverse,conditions_only,direction,0.25,57,specimen_57,40,45,1.0,0.4069805443792743,0.06773208777363471
omitted,selection,reverse,conditions_only,direction,0.25,57,specimen_57,40,90,1.0,0.26466293954720294,1.050691786446037
omitted,selection,reverse,conditions_only,direction,0.25,57,specimen_57,60,45,1.0,0.35749214332296253,0.43673559187071653
omitted,selection,reverse,conditions_only,direction,0.25,57,specimen_57,60,90,1.0,0.30327960790217484,0.6067054590345471
omitted,selection,reverse,conditions_only,direction,0.5,10,specimen_10,20,45,1.0,0.24429833581382066,0.048886570254698225
omitted,selection,reverse,conditions_only,direction,0.5,10,specimen_10,20,90,1.0,0.2191336757046364,0.06451251675012704
omitted,selection,reverse,conditions_only,direction,0.5,10,specimen_10,40,45,1.0,0.1846193136563216,0.28825904481246456
omitted,selection,reverse,conditions_only,direction,0.5,10,specimen_10,40,90,1.0,0.3293637138685103,1.2793544142074074
omitted,selection,reverse,conditions_only,direction,0.5,10,specimen_10,60,45,1.0,0.30132261807032257,0.6433563057164697
omitted,selection,reverse,conditions_only,direction,0.5,10,specimen_10,60,90,1.0,0.3240328409930291,0.9591060576261556
omitted,selection,reverse,conditions_only,direction,0.5,57,specimen_57,20,45,1.0,0.39785507023426286,0.014289075397737272
omitted,selection,reverse,conditions_only,direction,0.5,57,specimen_57,20,90,1.0,0.39299104869444523,0.11505446294335131
omitted,selection,reverse,conditions_only,direction,0.5,57,specimen_57,40,45,1.0,0.4069805443792743,0.06773208777363471
omitted,selection,reverse,conditions_only,direction,0.5,57,specimen_57,40,90,1.0,0.26466293954720294,1.050691786446037
omitted,selection,reverse,conditions_only,direction,0.5,57,specimen_57,60,45,1.0,0.35749214332296253,0.43673559187071653
omitted,selection,reverse,conditions_only,direction,0.5,57,specimen_57,60,90,1.0,0.30327960790217484,0.6067054590345471
omitted,selection,reverse,conditions_only,direction,1.0,10,specimen_10,20,45,1.0,0.24429833581382066,0.048886570254698225
omitted,selection,reverse,conditions_only,direction,1.0,10,specimen_10,20,90,1.0,0.2191336757046364,0.06451251675012704
omitted,selection,reverse,conditions_only,direction,1.0,10,specimen_10,40,45,1.0,0.1846193136563216,0.28825904481246456
omitted,selection,reverse,conditions_only,direction,1.0,10,specimen_10,40,90,1.0,0.3293637138685103,1.2793544142074074
omitted,selection,reverse,conditions_only,direction,1.0,10,specimen_10,60,45,1.0,0.30132261807032257,0.6433563057164697
omitted,selection,reverse,conditions_only,direction,1.0,10,specimen_10,60,90,1.0,0.3240328409930291,0.9591060576261556
omitted,selection,reverse,conditions_only,direction,1.0,57,specimen_57,20,45,1.0,0.39785507023426286,0.014289075397737272
omitted,selection,reverse,conditions_only,direction,1.0,57,specimen_57,20,90,1.0,0.39299104869444523,0.11505446294335131
omitted,selection,reverse,conditions_only,direction,1.0,57,specimen_57,40,45,1.0,0.4069805443792743,0.06773208777363471
omitted,selection,reverse,conditions_only,direction,1.0,57,specimen_57,40,90,1.0,0.26466293954720294,1.050691786446037
omitted,selection,reverse,conditions_only,direction,1.0,57,specimen_57,60,45,1.0,0.35749214332296253,0.43673559187071653
omitted,selection,reverse,conditions_only,direction,1.0,57,specimen_57,60,90,1.0,0.30327960790217484,0.6067054590345471
omitted,selection,reverse,conditions_only,load,0.25,10,specimen_10,20,45,1.0,0.24429833581382066,0.048886570254698225
omitted,selection,reverse,conditions_only,load,0.25,10,specimen_10,20,90,1.0,0.2191336757046364,0.06451251675012704
omitted,selection,reverse,conditions_only,load,0.25,10,specimen_10,40,45,1.0,0.1846193136563216,0.28825904481246456
omitted,selection,reverse,conditions_only,load,0.25,10,specimen_10,40,90,1.0,0.3293637138685103,1.2793544142074074
omitted,selection,reverse,conditions_only,load,0.25,10,specimen_10,60,45,1.0,0.30132261807032257,0.6433563057164697
omitted,selection,reverse,conditions_only,load,0.25,10,specimen_10,60,90,1.0,0.3240328409930291,0.9591060576261556
omitted,selection,reverse,conditions_only,load,0.25,57,specimen_57,20,45,1.0,0.39785507023426286,0.014289075397737272
omitted,selection,reverse,conditions_only,load,0.25,57,specimen_57,20,90,1.0,0.39299104869444523,0.11505446294335131
omitted,selection,reverse,conditions_only,load,0.25,57,specimen_57,40,45,1.0,0.4069805443792743,0.06773208777363471
omitted,selection,reverse,conditions_only,load,0.25,57,specimen_57,40,90,1.0,0.26466293954720294,1.050691786446037
omitted,selection,reverse,conditions_only,load,0.25,57,specimen_57,60,45,1.0,0.35749214332296253,0.43673559187071653
omitted,selection,reverse,conditions_only,load,0.25,57,specimen_57,60,90,1.0,0.30327960790217484,0.6067054590345471
omitted,selection,reverse,conditions_only,load,0.5,10,specimen_10,20,45,1.0,0.24429833581382066,0.048886570254698225
omitted,selection,reverse,conditions_only,load,0.5,10,specimen_10,20,90,1.0,0.2191336757046364,0.06451251675012704
omitted,selection,reverse,conditions_only,load,0.5,10,specimen_10,40,45,1.0,0.1846193136563216,0.28825904481246456
omitted,selection,reverse,conditions_only,load,0.5,10,specimen_10,40,90,1.0,0.3293637138685103,1.2793544142074074
omitted,selection,reverse,conditions_only,load,0.5,10,specimen_10,60,45,1.0,0.30132261807032257,0.6433563057164697
omitted,selection,reverse,conditions_only,load,0.5,10,specimen_10,60,90,1.0,0.3240328409930291,0.9591060576261556
omitted,selection,reverse,conditions_only,load,0.5,57,specimen_57,20,45,1.0,0.39785507023426286,0.014289075397737272
omitted,selection,reverse,conditions_only,load,0.5,57,specimen_57,20,90,1.0,0.39299104869444523,0.11505446294335131
omitted,selection,reverse,conditions_only,load,0.5,57,specimen_57,40,45,1.0,0.4069805443792743,0.06773208777363471
omitted,selection,reverse,conditions_only,load,0.5,57,specimen_57,40,90,1.0,0.26466293954720294,1.050691786446037
omitted,selection,reverse,conditions_only,load,0.5,57,specimen_57,60,45,1.0,0.35749214332296253,0.43673559187071653
omitted,selection,reverse,conditions_only,load,0.5,57,specimen_57,60,90,1.0,0.30327960790217484,0.6067054590345471
omitted,selection,reverse,conditions_only,load,1.0,10,specimen_10,20,45,1.0,0.24429833581382066,0.048886570254698225
omitted,selection,reverse,conditions_only,load,1.0,10,specimen_10,20,90,1.0,0.2191336757046364,0.06451251675012704
omitted,selection,reverse,conditions_only,load,1.0,10,specimen_10,40,45,1.0,0.1846193136563216,0.28825904481246456
omitted,selection,reverse,conditions_only,load,1.0,10,specimen_10,40,90,1.0,0.3293637138685103,1.2793544142074074
omitted,selection,reverse,conditions_only,load,1.0,10,specimen_10,60,45,1.0,0.30132261807032257,0.6433563057164697
omitted,selection,reverse,conditions_only,load,1.0,10,specimen_10,60,90,1.0,0.3240328409930291,0.9591060576261556
omitted,selection,reverse,conditions_only,load,1.0,57,specimen_57,20,45,1.0,0.39785507023426286,0.014289075397737272
omitted,selection,reverse,conditions_only,load,1.0,57,specimen_57,20,90,1.0,0.39299104869444523,0.11505446294335131
omitted,selection,reverse,conditions_only,load,1.0,57,specimen_57,40,45,1.0,0.4069805443792743,0.06773208777363471
omitted,selection,reverse,conditions_only,load,1.0,57,specimen_57,40,90,1.0,0.26466293954720294,1.050691786446037
omitted,selection,reverse,conditions_only,load,1.0,57,specimen_57,60,45,1.0,0.35749214332296253,0.43673559187071653
omitted,selection,reverse,conditions_only,load,1.0,57,specimen_57,60,90,1.0,0.30327960790217484,0.6067054590345471
omitted,selection,reverse,conditions_only,repeat,0.25,10,specimen_10,20,45,1.0,0.24429833581382066,0.048886570254698225
omitted,selection,reverse,conditions_only,repeat,0.25,10,specimen_10,20,90,1.0,0.2191336757046364,0.06451251675012704
omitted,selection,reverse,conditions_only,repeat,0.25,10,specimen_10,40,45,1.0,0.1846193136563216,0.28825904481246456
omitted,selection,reverse,conditions_only,repeat,0.25,10,specimen_10,40,90,1.0,0.3293637138685103,1.2793544142074074
omitted,selection,reverse,conditions_only,repeat,0.25,10,specimen_10,60,45,1.0,0.30132261807032257,0.6433563057164697
omitted,selection,reverse,conditions_only,repeat,0.25,10,specimen_10,60,90,1.0,0.3240328409930291,0.9591060576261556
omitted,selection,reverse,conditions_only,repeat,0.25,57,specimen_57,20,45,1.0,0.39785507023426286,0.014289075397737272
omitted,selection,reverse,conditions_only,repeat,0.25,57,specimen_57,20,90,1.0,0.39299104869444523,0.11505446294335131
omitted,selection,reverse,conditions_only,repeat,0.25,57,specimen_57,40,45,1.0,0.4069805443792743,0.06773208777363471
omitted,selection,reverse,conditions_only,repeat,0.25,57,specimen_57,40,90,1.0,0.26466293954720294,1.050691786446037
omitted,selection,reverse,conditions_only,repeat,0.25,57,specimen_57,60,45,1.0,0.35749214332296253,0.43673559187071653
omitted,selection,reverse,conditions_only,repeat,0.25,57,specimen_57,60,90,1.0,0.30327960790217484,0.6067054590345471
omitted,selection,reverse,conditions_only,repeat,0.5,10,specimen_10,20,45,1.0,0.24429833581382066,0.048886570254698225
omitted,selection,reverse,conditions_only,repeat,0.5,10,specimen_10,20,90,1.0,0.2191336757046364,0.06451251675012704
omitted,selection,reverse,conditions_only,repeat,0.5,10,specimen_10,40,45,1.0,0.1846193136563216,0.28825904481246456
omitted,selection,reverse,conditions_only,repeat,0.5,10,specimen_10,40,90,1.0,0.3293637138685103,1.2793544142074074
omitted,selection,reverse,conditions_only,repeat,0.5,10,specimen_10,60,45,1.0,0.30132261807032257,0.6433563057164697
omitted,selection,reverse,conditions_only,repeat,0.5,10,specimen_10,60,90,1.0,0.3240328409930291,0.9591060576261556
omitted,selection,reverse,conditions_only,repeat,0.5,57,specimen_57,20,45,1.0,0.39785507023426286,0.014289075397737272
omitted,selection,reverse,conditions_only,repeat,0.5,57,specimen_57,20,90,1.0,0.39299104869444523,0.11505446294335131
omitted,selection,reverse,conditions_only,repeat,0.5,57,specimen_57,40,45,1.0,0.4069805443792743,0.06773208777363471
omitted,selection,reverse,conditions_only,repeat,0.5,57,specimen_57,40,90,1.0,0.26466293954720294,1.050691786446037
omitted,selection,reverse,conditions_only,repeat,0.5,57,specimen_57,60,45,1.0,0.35749214332296253,0.43673559187071653
omitted,selection,reverse,conditions_only,repeat,0.5,57,specimen_57,60,90,1.0,0.30327960790217484,0.6067054590345471
omitted,selection,reverse,conditions_only,repeat,1.0,10,specimen_10,20,45,1.0,0.24429833581382066,0.048886570254698225
omitted,selection,reverse,conditions_only,repeat,1.0,10,specimen_10,20,90,1.0,0.2191336757046364,0.06451251675012704
omitted,selection,reverse,conditions_only,repeat,1.0,10,specimen_10,40,45,1.0,0.1846193136563216,0.28825904481246456
omitted,selection,reverse,conditions_only,repeat,1.0,10,specimen_10,40,90,1.0,0.3293637138685103,1.2793544142074074
omitted,selection,reverse,conditions_only,repeat,1.0,10,specimen_10,60,45,1.0,0.30132261807032257,0.6433563057164697
omitted,selection,reverse,conditions_only,repeat,1.0,10,specimen_10,60,90,1.0,0.3240328409930291,0.9591060576261556
omitted,selection,reverse,conditions_only,repeat,1.0,57,specimen_57,20,45,1.0,0.39785507023426286,0.014289075397737272
omitted,selection,reverse,conditions_only,repeat,1.0,57,specimen_57,20,90,1.0,0.39299104869444523,0.11505446294335131
omitted,selection,reverse,conditions_only,repeat,1.0,57,specimen_57,40,45,1.0,0.4069805443792743,0.06773208777363471
omitted,selection,reverse,conditions_only,repeat,1.0,57,specimen_57,40,90,1.0,0.26466293954720294,1.050691786446037
omitted,selection,reverse,conditions_only,repeat,1.0,57,specimen_57,60,45,1.0,0.35749214332296253,0.43673559187071653
omitted,selection,reverse,conditions_only,repeat,1.0,57,specimen_57,60,90,1.0,0.30327960790217484,0.6067054590345471
omitted,selection,reverse,conditions_only,single,0.25,10,specimen_10,20,45,1.0,0.24429833581382066,0.048886570254698225
omitted,selection,reverse,conditions_only,single,0.25,10,specimen_10,20,90,1.0,0.2191336757046364,0.06451251675012704
omitted,selection,reverse,conditions_only,single,0.25,10,specimen_10,40,45,1.0,0.1846193136563216,0.28825904481246456
omitted,selection,reverse,conditions_only,single,0.25,10,specimen_10,40,90,1.0,0.3293637138685103,1.2793544142074074
omitted,selection,reverse,conditions_only,single,0.25,10,specimen_10,60,45,1.0,0.30132261807032257,0.6433563057164697
omitted,selection,reverse,conditions_only,single,0.25,10,specimen_10,60,90,1.0,0.3240328409930291,0.9591060576261556
omitted,selection,reverse,conditions_only,single,0.25,57,specimen_57,20,45,1.0,0.39785507023426286,0.014289075397737272
omitted,selection,reverse,conditions_only,single,0.25,57,specimen_57,20,90,1.0,0.39299104869444523,0.11505446294335131
omitted,selection,reverse,conditions_only,single,0.25,57,specimen_57,40,45,1.0,0.4069805443792743,0.06773208777363471
omitted,selection,reverse,conditions_only,single,0.25,57,specimen_57,40,90,1.0,0.26466293954720294,1.050691786446037
omitted,selection,reverse,conditions_only,single,0.25,57,specimen_57,60,45,1.0,0.35749214332296253,0.43673559187071653
omitted,selection,reverse,conditions_only,single,0.25,57,specimen_57,60,90,1.0,0.30327960790217484,0.6067054590345471
omitted,selection,reverse,conditions_only,single,0.5,10,specimen_10,20,45,1.0,0.24429833581382066,0.048886570254698225
omitted,selection,reverse,conditions_only,single,0.5,10,specimen_10,20,90,1.0,0.2191336757046364,0.06451251675012704
omitted,selection,reverse,conditions_only,single,0.5,10,specimen_10,40,45,1.0,0.1846193136563216,0.28825904481246456
omitted,selection,reverse,conditions_only,single,0.5,10,specimen_10,40,90,1.0,0.3293637138685103,1.2793544142074074
omitted,selection,reverse,conditions_only,single,0.5,10,specimen_10,60,45,1.0,0.30132261807032257,0.6433563057164697
omitted,selection,reverse,conditions_only,single,0.5,10,specimen_10,60,90,1.0,0.3240328409930291,0.9591060576261556
omitted,selection,reverse,conditions_only,single,0.5,57,specimen_57,20,45,1.0,0.39785507023426286,0.014289075397737272
omitted,selection,reverse,conditions_only,single,0.5,57,specimen_57,20,90,1.0,0.39299104869444523,0.11505446294335131
omitted,selection,reverse,conditions_only,single,0.5,57,specimen_57,40,45,1.0,0.4069805443792743,0.06773208777363471
omitted,selection,reverse,conditions_only,single,0.5,57,specimen_57,40,90,1.0,0.26466293954720294,1.050691786446037
omitted,selection,reverse,conditions_only,single,0.5,57,specimen_57,60,45,1.0,0.35749214332296253,0.43673559187071653
omitted,selection,reverse,conditions_only,single,0.5,57,specimen_57,60,90,1.0,0.30327960790217484,0.6067054590345471
omitted,selection,reverse,conditions_only,single,1.0,10,specimen_10,20,45,1.0,0.24429833581382066,0.048886570254698225
omitted,selection,reverse,conditions_only,single,1.0,10,specimen_10,20,90,1.0,0.2191336757046364,0.06451251675012704
omitted,selection,reverse,conditions_only,single,1.0,10,specimen_10,40,45,1.0,0.1846193136563216,0.28825904481246456
omitted,selection,reverse,conditions_only,single,1.0,10,specimen_10,40,90,1.0,0.3293637138685103,1.2793544142074074
omitted,selection,reverse,conditions_only,single,1.0,10,specimen_10,60,45,1.0,0.30132261807032257,0.6433563057164697
omitted,selection,reverse,conditions_only,single,1.0,10,specimen_10,60,90,1.0,0.3240328409930291,0.9591060576261556
omitted,selection,reverse,conditions_only,single,1.0,57,specimen_57,20,45,1.0,0.39785507023426286,0.014289075397737272
omitted,selection,reverse,conditions_only,single,1.0,57,specimen_57,20,90,1.0,0.39299104869444523,0.11505446294335131
omitted,selection,reverse,conditions_only,single,1.0,57,specimen_57,40,45,1.0,0.4069805443792743,0.06773208777363471
omitted,selection,reverse,conditions_only,single,1.0,57,specimen_57,40,90,1.0,0.26466293954720294,1.050691786446037
omitted,selection,reverse,conditions_only,single,1.0,57,specimen_57,60,45,1.0,0.35749214332296253,0.43673559187071653
omitted,selection,reverse,conditions_only,single,1.0,57,specimen_57,60,90,1.0,0.30327960790217484,0.6067054590345471
omitted,selection,reverse,conditions_only,speed,0.25,10,specimen_10,20,45,1.0,0.24429833581382066,0.048886570254698225
omitted,selection,reverse,conditions_only,speed,0.25,10,specimen_10,20,90,1.0,0.2191336757046364,0.06451251675012704
omitted,selection,reverse,conditions_only,speed,0.25,10,specimen_10,40,45,1.0,0.1846193136563216,0.28825904481246456
omitted,selection,reverse,conditions_only,speed,0.25,10,specimen_10,40,90,1.0,0.3293637138685103,1.2793544142074074
omitted,selection,reverse,conditions_only,speed,0.25,10,specimen_10,60,45,1.0,0.30132261807032257,0.6433563057164697
omitted,selection,reverse,conditions_only,speed,0.25,10,specimen_10,60,90,1.0,0.3240328409930291,0.9591060576261556
omitted,selection,reverse,conditions_only,speed,0.25,57,specimen_57,20,45,1.0,0.39785507023426286,0.014289075397737272
omitted,selection,reverse,conditions_only,speed,0.25,57,specimen_57,20,90,1.0,0.39299104869444523,0.11505446294335131
omitted,selection,reverse,conditions_only,speed,0.25,57,specimen_57,40,45,1.0,0.4069805443792743,0.06773208777363471
omitted,selection,reverse,conditions_only,speed,0.25,57,specimen_57,40,90,1.0,0.26466293954720294,1.050691786446037
omitted,selection,reverse,conditions_only,speed,0.25,57,specimen_57,60,45,1.0,0.35749214332296253,0.43673559187071653
omitted,selection,reverse,conditions_only,speed,0.25,57,specimen_57,60,90,1.0,0.30327960790217484,0.6067054590345471
omitted,selection,reverse,conditions_only,speed,0.5,10,specimen_10,20,45,1.0,0.24429833581382066,0.048886570254698225
omitted,selection,reverse,conditions_only,speed,0.5,10,specimen_10,20,90,1.0,0.2191336757046364,0.06451251675012704
omitted,selection,reverse,conditions_only,speed,0.5,10,specimen_10,40,45,1.0,0.1846193136563216,0.28825904481246456
omitted,selection,reverse,conditions_only,speed,0.5,10,specimen_10,40,90,1.0,0.3293637138685103,1.2793544142074074
omitted,selection,reverse,conditions_only,speed,0.5,10,specimen_10,60,45,1.0,0.30132261807032257,0.6433563057164697
omitted,selection,reverse,conditions_only,speed,0.5,10,specimen_10,60,90,1.0,0.3240328409930291,0.9591060576261556
omitted,selection,reverse,conditions_only,speed,0.5,57,specimen_57,20,45,1.0,0.39785507023426286,0.014289075397737272
omitted,selection,reverse,conditions_only,speed,0.5,57,specimen_57,20,90,1.0,0.39299104869444523,0.11505446294335131
omitted,selection,reverse,conditions_only,speed,0.5,57,specimen_57,40,45,1.0,0.4069805443792743,0.06773208777363471
omitted,selection,reverse,conditions_only,speed,0.5,57,specimen_57,40,90,1.0,0.26466293954720294,1.050691786446037
omitted,selection,reverse,conditions_only,speed,0.5,57,specimen_57,60,45,1.0,0.35749214332296253,0.43673559187071653
omitted,selection,reverse,conditions_only,speed,0.5,57,specimen_57,60,90,1.0,0.30327960790217484,0.6067054590345471
omitted,selection,reverse,conditions_only,speed,1.0,10,specimen_10,20,45,1.0,0.24429833581382066,0.048886570254698225
omitted,selection,reverse,conditions_only,speed,1.0,10,specimen_10,20,90,1.0,0.2191336757046364,0.06451251675012704
omitted,selection,reverse,conditions_only,speed,1.0,10,specimen_10,40,45,1.0,0.1846193136563216,0.28825904481246456
omitted,selection,reverse,conditions_only,speed,1.0,10,specimen_10,40,90,1.0,0.3293637138685103,1.2793544142074074
omitted,selection,reverse,conditions_only,speed,1.0,10,specimen_10,60,45,1.0,0.30132261807032257,0.6433563057164697
omitted,selection,reverse,conditions_only,speed,1.0,10,specimen_10,60,90,1.0,0.3240328409930291,0.9591060576261556
omitted,selection,reverse,conditions_only,speed,1.0,57,specimen_57,20,45,1.0,0.39785507023426286,0.014289075397737272
omitted,selection,reverse,conditions_only,speed,1.0,57,specimen_57,20,90,1.0,0.39299104869444523,0.11505446294335131
omitted,selection,reverse,conditions_only,speed,1.0,57,specimen_57,40,45,1.0,0.4069805443792743,0.06773208777363471
omitted,selection,reverse,conditions_only,speed,1.0,57,specimen_57,40,90,1.0,0.26466293954720294,1.050691786446037
omitted,selection,reverse,conditions_only,speed,1.0,57,specimen_57,60,45,1.0,0.35749214332296253,0.43673559187071653
omitted,selection,reverse,conditions_only,speed,1.0,57,specimen_57,60,90,1.0,0.30327960790217484,0.6067054590345471
omitted,selection,reverse,copy,direction,0.25,10,specimen_10,20,45,1.0,0.7073794334396789,1.0109017505196871
omitted,selection,reverse,copy,direction,0.25,10,specimen_10,20,90,1.0,0.6908321639298212,0.9204524840391586
omitted,selection,reverse,copy,direction,0.25,10,specimen_10,40,45,1.0,0.31991061734275433,0.5532386404217509
omitted,selection,reverse,copy,direction,0.25,10,specimen_10,40,90,1.0,0.27770912322620184,0.5254856596105382
omitted,selection,reverse,copy,direction,0.25,10,specimen_10,60,45,1.0,0.3367604273787395,0.1459452381220403
omitted,selection,reverse,copy,direction,0.25,10,specimen_10,60,90,1.0,0.482360868956533,0.5675689789314473
omitted,selection,reverse,copy,direction,0.25,57,specimen_57,20,45,1.0,0.558526157754437,0.8384342483152922
omitted,selection,reverse,copy,direction,0.25,57,specimen_57,20,90,1.0,0.5539111742392058,0.8929544666712811
omitted,selection,reverse,copy,direction,0.25,57,specimen_57,40,45,1.0,0.4021297570228189,0.5667006003992249
omitted,selection,reverse,copy,direction,0.25,57,specimen_57,40,90,1.0,0.23822244667426828,0.5038880289105236
omitted,selection,reverse,copy,direction,0.25,57,specimen_57,60,45,1.0,0.3831826860000855,0.14638952133764294
omitted,selection,reverse,copy,direction,0.25,57,specimen_57,60,90,1.0,0.5170861794453314,0.4222333774011946
omitted,selection,reverse,copy,direction,0.5,10,specimen_10,20,45,1.0,0.6842933865680781,0.9035453080358766
omitted,selection,reverse,copy,direction,0.5,10,specimen_10,20,90,1.0,0.6590498033751617,0.8130960415553481
omitted,selection,reverse,copy,direction,0.5,10,specimen_10,40,45,1.0,0.30075930506948956,0.44588219793794037
omitted,selection,reverse,copy,direction,0.5,10,specimen_10,40,90,1.0,0.2877773834532491,0.6328421020943487
omitted,selection,reverse,copy,direction,0.5,10,specimen_10,60,45,1.0,0.34312879037441957,0.2533016806058508
omitted,selection,reverse,copy,direction,0.5,10,specimen_10,60,90,1.0,0.4883538293159227,0.6749254214152578
omitted,selection,reverse,copy,direction,0.5,57,specimen_57,20,45,1.0,0.5733517592728042,0.8295149339405345
omitted,selection,reverse,copy,direction,0.5,57,specimen_57,20,90,1.0,0.5673931318181012,0.8840351522965234
omitted,selection,reverse,copy,direction,0.5,57,specimen_57,40,45,1.0,0.4157445659805892,0.5577812860244672
omitted,selection,reverse,copy,direction,0.5,57,specimen_57,40,90,1.0,0.20616822278005106,0.5128073432852813
omitted,selection,reverse,copy,direction,0.5,57,specimen_57,60,45,1.0,0.3841606200070285,0.15530883571240062
omitted,selection,reverse,copy,direction,0.5,57,specimen_57,60,90,1.0,0.49965556579336096,0.4311526917759523
omitted,selection,reverse,copy,direction,1.0,10,specimen_10,20,45,1.0,0.6456638006988524,0.8403613894672677
omitted,selection,reverse,copy,direction,1.0,10,specimen_10,20,90,1.0,0.6193182689917022,0.7499121229867391
omitted,selection,reverse,copy,direction,1.0,10,specimen_10,40,45,1.0,0.27486963095384104,0.38269827936933143
omitted,selection,reverse,copy,direction,1.0,10,specimen_10,40,90,1.0,0.2920930406874899,0.6960260206629576
omitted,selection,reverse,copy,direction,1.0,10,specimen_10,60,45,1.0,0.3716932069936874,0.31648559917445973
omitted,selection,reverse,copy,direction,1.0,10,specimen_10,60,90,1.0,0.4983042382060669,0.7381093399838667
omitted,selection,reverse,copy,direction,1.0,57,specimen_57,20,45,1.0,0.5548554938937814,0.8080615787305394
omitted,selection,reverse,copy,direction,1.0,57,specimen_57,20,90,1.0,0.5392121661742267,0.8625817970865283
omitted,selection,reverse,copy,direction,1.0,57,specimen_57,40,45,1.0,0.4049848434897651,0.536327930814472
omitted,selection,reverse,copy,direction,1.0,57,specimen_57,40,90,1.0,0.21003998447442154,0.5342606984952765
omitted,selection,reverse,copy,direction,1.0,57,specimen_57,60,45,1.0,0.38857904955573774,0.17676219092239576
omitted,selection,reverse,copy,direction,1.0,57,specimen_57,60,90,1.0,0.501033973905412,0.4526060469859474
omitted,selection,reverse,copy,load,0.25,10,specimen_10,20,45,1.0,0.7166300164329661,0.22650500029408627
omitted,selection,reverse,copy,load,0.25,10,specimen_10,20,90,1.0,0.7981156055907789,0.13605573381355773
omitted,selection,reverse,copy,load,0.25,10,specimen_10,40,45,1.0,0.5007003002959257,0.23115810980385
omitted,selection,reverse,copy,load,0.25,10,specimen_10,40,90,1.0,0.7003827443522299,1.309882409836139
omitted,selection,reverse,copy,load,0.25,10,specimen_10,60,45,1.0,0.49394662507794923,0.9303419883476411
omitted,selection,reverse,copy,load,0.25,10,specimen_10,60,90,1.0,0.7127807560549387,1.3519657291570482
omitted,selection,reverse,copy,load,0.25,57,specimen_57,20,45,1.0,0.4707780783291846,0.31988853238045223
omitted,selection,reverse,copy,load,0.25,57,specimen_57,20,90,1.0,0.449508250535747,0.26536831402446337
omitted,selection,reverse,copy,load,0.25,57,specimen_57,40,45,1.0,0.5191841962626155,0.5916221802965196
omitted,selection,reverse,copy,load,0.25,57,specimen_57,40,90,1.0,0.8533107159229706,1.6622108096062682
omitted,selection,reverse,copy,load,0.25,57,specimen_57,60,45,1.0,0.7829519964527972,1.3047123020333875
omitted,selection,reverse,copy,load,0.25,57,specimen_57,60,90,1.0,0.94481168158492,1.5805561580969392
omitted,selection,reverse,copy,load,0.5,10,specimen_10,20,45,1.0,0.6840109693742623,0.14327074384939553
omitted,selection,reverse,copy,load,0.5,10,specimen_10,20,90,1.0,0.7672440940261058,0.052821477368867
omitted,selection,reverse,copy,load,0.5,10,specimen_10,40,45,1.0,0.472001242434553,0.3143923662485407
omitted,selection,reverse,copy,load,0.5,10,specimen_10,40,90,1.0,0.6847878950017616,1.3931166662808296
omitted,selection,reverse,copy,load,0.5,10,specimen_10,60,45,1.0,0.491004219533323,1.0135762447923318
omitted,selection,reverse,copy,load,0.5,10,specimen_10,60,90,1.0,0.7053131662291495,1.4351999856017388
omitted,selection,reverse,copy,load,0.5,57,specimen_57,20,45,1.0,0.46061357000219805,0.3394359878344952
omitted,selection,reverse,copy,load,0.5,57,specimen_57,20,90,1.0,0.4445320187353388,0.28491576947850633
omitted,selection,reverse,copy,load,0.5,57,specimen_57,40,45,1.0,0.5211291501527338,0.6111696357505625
omitted,selection,reverse,copy,load,0.5,57,specimen_57,40,90,1.0,0.861780691626429,1.6817582650603111
omitted,selection,reverse,copy,load,0.5,57,specimen_57,60,45,1.0,0.7961158113799414,1.3242597574874304
omitted,selection,reverse,copy,load,0.5,57,specimen_57,60,90,1.0,0.9511337257081586,1.600103613550982
omitted,selection,reverse,copy,load,1.0,10,specimen_10,20,45,1.0,0.6508277896486261,0.05799181486652383
omitted,selection,reverse,copy,load,1.0,10,specimen_10,20,90,1.0,0.7362502110864845,0.032457451614004706
omitted,selection,reverse,copy,load,1.0,10,specimen_10,40,45,1.0,0.4484971318988918,0.3996712952314124
omitted,selection,reverse,copy,load,1.0,10,specimen_10,40,90,1.0,0.6753837574008791,1.4783955952637013
omitted,selection,reverse,copy,load,1.0,10,specimen_10,60,45,1.0,0.5074823262889447,1.0988551737752035
omitted,selection,reverse,copy,load,1.0,10,specimen_10,60,90,1.0,0.7074279970102836,1.5204789145846105
omitted,selection,reverse,copy,load,1.0,57,specimen_57,20,45,1.0,0.44893557632780984,0.34904164930787895
omitted,selection,reverse,copy,load,1.0,57,specimen_57,20,90,1.0,0.43362793525942434,0.2945214309518901
omitted,selection,reverse,copy,load,1.0,57,specimen_57,40,45,1.0,0.5231088141242163,0.6207752972239463
omitted,selection,reverse,copy,load,1.0,57,specimen_57,40,90,1.0,0.8686103634067438,1.6913639265336948
omitted,selection,reverse,copy,load,1.0,57,specimen_57,60,45,1.0,0.8064592939335699,1.3338654189608141
omitted,selection,reverse,copy,load,1.0,57,specimen_57,60,90,1.0,0.9592111342409,1.6097092750243658
omitted,selection,reverse,copy,repeat,0.25,10,specimen_10,20,45,1.0,0.7111308222628331,0.1617280404727105
omitted,selection,reverse,copy,repeat,0.25,10,specimen_10,20,90,1.0,0.7997675184802312,0.07127877399218197
omitted,selection,reverse,copy,repeat,0.25,10,specimen_10,40,45,1.0,0.5052304189400222,0.29593506962522576
omitted,selection,reverse,copy,repeat,0.25,10,specimen_10,40,90,1.0,0.7135613550349875,1.3746593696575147
omitted,selection,reverse,copy,repeat,0.25,10,specimen_10,60,45,1.0,0.5324617813573193,0.9951189481690169
omitted,selection,reverse,copy,repeat,0.25,10,specimen_10,60,90,1.0,0.7367682586715721,1.4167426889784238
omitted,selection,reverse,copy,repeat,0.25,57,specimen_57,20,45,1.0,0.46254870721898805,0.314074805479269
omitted,selection,reverse,copy,repeat,0.25,57,specimen_57,20,90,1.0,0.436916104130791,0.25955458712328017
omitted,selection,reverse,copy,repeat,0.25,57,specimen_57,40,45,1.0,0.5264755825508515,0.5858084533953364
omitted,selection,reverse,copy,repeat,0.25,57,specimen_57,40,90,1.0,0.8501568500303479,1.656397082705085
omitted,selection,reverse,copy,repeat,0.25,57,specimen_57,60,45,1.0,0.7880925201681261,1.2988985751322042
omitted,selection,reverse,copy,repeat,0.25,57,specimen_57,60,90,1.0,0.9382278888881279,1.5747424311957559
omitted,selection,reverse,copy,repeat,0.5,10,specimen_10,20,45,1.0,0.6858280750089243,0.07621413347752448
omitted,selection,reverse,copy,repeat,0.5,10,specimen_10,20,90,1.0,0.7725720192280697,0.014235133003004052
omitted,selection,reverse,copy,repeat,0.5,10,specimen_10,40,45,1.0,0.4823515025625811,0.3814489766204118
omitted,selection,reverse,copy,repeat,0.5,10,specimen_10,40,90,1.0,0.7091695625162412,1.460173276652701
omitted,selection,reverse,copy,repeat,0.5,10,specimen_10,60,45,1.0,0.5394441798777657,1.080632855164203
omitted,selection,reverse,copy,repeat,0.5,10,specimen_10,60,90,1.0,0.7389949817342659,1.50225659597361
omitted,selection,reverse,copy,repeat,0.5,57,specimen_57,20,45,1.0,0.45619245527521884,0.3363172971927649
omitted,selection,reverse,copy,repeat,0.5,57,specimen_57,20,90,1.0,0.44444563835365053,0.281797078836776
omitted,selection,reverse,copy,repeat,0.5,57,specimen_57,40,45,1.0,0.5350864405926598,0.6080509451088323
omitted,selection,reverse,copy,repeat,0.5,57,specimen_57,40,90,1.0,0.8776951491973585,1.6786395744185807
omitted,selection,reverse,copy,repeat,0.5,57,specimen_57,60,45,1.0,0.8206892280154133,1.3211410668457
omitted,selection,reverse,copy,repeat,0.5,57,specimen_57,60,90,1.0,0.9648121812589902,1.5969849229092516
omitted,selection,reverse,copy,repeat,1.0,10,specimen_10,20,45,1.0,0.6547685344224581,0.005168314052062639
omitted,selection,reverse,copy,repeat,1.0,10,specimen_10,20,90,1.0,0.7412467502306882,0.0852809524284659
omitted,selection,reverse,copy,repeat,1.0,10,specimen_10,40,45,1.0,0.464843218913009,0.4524947960458736
omitted,selection,reverse,copy,repeat,1.0,10,specimen_10,40,90,1.0,0.7080954385570686,1.5312190960781626
omitted,selection,reverse,copy,repeat,1.0,10,specimen_10,60,45,1.0,0.5586308284015936,1.1516786745896648
omitted,selection,reverse,copy,repeat,1.0,10,specimen_10,60,90,1.0,0.7454794815597533,1.5733024153990718
omitted,selection,reverse,copy,repeat,1.0,57,specimen_57,20,45,1.0,0.4463487393333874,0.3506574552959278
omitted,selection,reverse,copy,repeat,1.0,57,specimen_57,20,90,1.0,0.4257166695677872,0.29613723693993893
omitted,selection,reverse,copy,repeat,1.0,57,specimen_57,40,45,1.0,0.527031192138574,0.6223911032119951
omitted,selection,reverse,copy,repeat,1.0,57,specimen_57,40,90,1.0,0.8725960167502237,1.6929797325217437
omitted,selection,reverse,copy,repeat,1.0,57,specimen_57,60,45,1.0,0.8183417982027846,1.335481224948863
omitted,selection,reverse,copy,repeat,1.0,57,specimen_57,60,90,1.0,0.9647948278736155,1.6113250810124147
omitted,selection,reverse,copy,single,0.25,10,specimen_10,20,45,1.0,0.7101970522194173,0.16994269474245283
omitted,selection,reverse,copy,single,0.25,10,specimen_10,20,90,1.0,0.8045167135768286,0.07949342826192429
omitted,selection,reverse,copy,single,0.25,10,specimen_10,40,45,1.0,0.5090504373874563,0.2877204153554834
omitted,selection,reverse,copy,single,0.25,10,specimen_10,40,90,1.0,0.7260119298363298,1.3664447153877726
omitted,selection,reverse,copy,single,0.25,10,specimen_10,60,45,1.0,0.5578971138690597,0.9869042938992746
omitted,selection,reverse,copy,single,0.25,10,specimen_10,60,90,1.0,0.7618848568812702,1.4085280347086817
omitted,selection,reverse,copy,single,0.25,57,specimen_57,20,45,1.0,0.49912802358835756,0.3015374956160214
omitted,selection,reverse,copy,single,0.25,57,specimen_57,20,90,1.0,0.4521546060166705,0.24701727726003253
omitted,selection,reverse,copy,single,0.25,57,specimen_57,40,45,1.0,0.5487488376982483,0.5732711435320887
omitted,selection,reverse,copy,single,0.25,57,specimen_57,40,90,1.0,0.852734936316247,1.6438597728418372
omitted,selection,reverse,copy,single,0.25,57,specimen_57,60,45,1.0,0.7856339627742438,1.2863612652689564
omitted,selection,reverse,copy,single,0.25,57,specimen_57,60,90,1.0,0.9338004252671004,1.562205121332508
omitted,selection,reverse,copy,single,0.5,10,specimen_10,20,45,1.0,0.7027530435545581,0.12460375180008976
omitted,selection,reverse,copy,single,0.5,10,specimen_10,20,90,1.0,0.7935413257336901,0.03415448531956122
omitted,selection,reverse,copy,single,0.5,10,specimen_10,40,45,1.0,0.5016583086394738,0.3330593582978465
omitted,selection,reverse,copy,single,0.5,10,specimen_10,40,90,1.0,0.7208592271662525,1.4117836583301355
omitted,selection,reverse,copy,single,0.5,10,specimen_10,60,45,1.0,0.5423378525443675,1.0322432368416377
omitted,selection,reverse,copy,single,0.5,10,specimen_10,60,90,1.0,0.7489415295266629,1.4538669776510447
omitted,selection,reverse,copy,single,0.5,57,specimen_57,20,45,1.0,0.46953005350858384,0.3289337339094198
omitted,selection,reverse,copy,single,0.5,57,specimen_57,20,90,1.0,0.4448124363772406,0.27441351555343096
omitted,selection,reverse,copy,single,0.5,57,specimen_57,40,45,1.0,0.5336099073956028,0.6006673818254872
omitted,selection,reverse,copy,single,0.5,57,specimen_57,40,90,1.0,0.8725606830637593,1.6712560111352357
omitted,selection,reverse,copy,single,0.5,57,specimen_57,60,45,1.0,0.8117033427090844,1.313757503562355
omitted,selection,reverse,copy,single,0.5,57,specimen_57,60,90,1.0,0.9591852565360939,1.5896013596259067
omitted,selection,reverse,copy,single,1.0,10,specimen_10,20,45,1.0,0.6746730063369251,0.048431846570876735
omitted,selection,reverse,copy,single,1.0,10,specimen_10,20,90,1.0,0.7656146336936827,0.0420174199096518
omitted,selection,reverse,copy,single,1.0,10,specimen_10,40,45,1.0,0.4787008427963917,0.4092312635270595
omitted,selection,reverse,copy,single,1.0,10,specimen_10,40,90,1.0,0.7096956128407493,1.4879555635593484
omitted,selection,reverse,copy,single,1.0,10,specimen_10,60,45,1.0,0.554563838024024,1.1084151420708506
omitted,selection,reverse,copy,single,1.0,10,specimen_10,60,90,1.0,0.7479705556082606,1.5300388828802576
omitted,selection,reverse,copy,single,1.0,57,specimen_57,20,45,1.0,0.4466268298438905,0.3454113772847521
omitted,selection,reverse,copy,single,1.0,57,specimen_57,20,90,1.0,0.41823939599255905,0.2908911589287632
omitted,selection,reverse,copy,single,1.0,57,specimen_57,40,45,1.0,0.523795615543555,0.6171450252008195
omitted,selection,reverse,copy,single,1.0,57,specimen_57,40,90,1.0,0.8657301995662566,1.687733654510568
omitted,selection,reverse,copy,single,1.0,57,specimen_57,60,45,1.0,0.8102328561531237,1.3302351469376872
omitted,selection,reverse,copy,single,1.0,57,specimen_57,60,90,1.0,0.9529314693054413,1.6060790030012388
omitted,selection,reverse,copy,speed,0.25,10,specimen_10,20,45,1.0,0.6069161883330072,0.008562958121353215
omitted,selection,reverse,copy,speed,0.25,10,specimen_10,20,90,1.0,0.7088953474767022,0.08188630835917532
omitted,selection,reverse,copy,speed,0.25,10,specimen_10,40,45,1.0,0.4335066726466666,0.44910015197658304
omitted,selection,reverse,copy,speed,0.25,10,specimen_10,40,90,1.0,0.6893890245452822,1.527824452008872
omitted,selection,reverse,copy,speed,0.25,10,specimen_10,60,45,1.0,0.6209887061724942,1.148284030520374
omitted,selection,reverse,copy,speed,0.25,10,specimen_10,60,90,1.0,0.7592374153083007,1.569907771329781
omitted,selection,reverse,copy,speed,0.25,57,specimen_57,20,45,1.0,0.45373438095669716,0.3546866823428437
omitted,selection,reverse,copy,speed,0.25,57,specimen_57,20,90,1.0,0.4309514861731078,0.3001664639868548
omitted,selection,reverse,copy,speed,0.25,57,specimen_57,40,45,1.0,0.5232636609247794,0.6264203302589111
omitted,selection,reverse,copy,speed,0.25,57,specimen_57,40,90,1.0,0.8620263804295356,1.6970089595686595
omitted,selection,reverse,copy,speed,0.25,57,specimen_57,60,45,1.0,0.802211435391579,1.3395104519957788
omitted,selection,reverse,copy,speed,0.25,57,specimen_57,60,90,1.0,0.9501384741232296,1.6153543080593304
omitted,selection,reverse,copy,speed,0.5,10,specimen_10,20,45,1.0,0.607864940712287,0.02755815540807416
omitted,selection,reverse,copy,speed,0.5,10,specimen_10,20,90,1.0,0.7031779486527676,0.11800742188860269
omitted,selection,reverse,copy,speed,0.5,10,specimen_10,40,45,1.0,0.4308322481251258,0.4852212655060104
omitted,selection,reverse,copy,speed,0.5,10,specimen_10,40,90,1.0,0.6990140501621452,1.5639455655382994
omitted,selection,reverse,copy,speed,0.5,10,specimen_10,60,45,1.0,0.6254590455305395,1.1844051440498016
omitted,selection,reverse,copy,speed,0.5,10,specimen_10,60,90,1.0,0.7568271233572196,1.6060288848592086
omitted,selection,reverse,copy,speed,0.5,57,specimen_57,20,45,1.0,0.44357053611500813,0.3745009733603884
omitted,selection,reverse,copy,speed,0.5,57,specimen_57,20,90,1.0,0.4265211620674579,0.31998075500439954
omitted,selection,reverse,copy,speed,0.5,57,specimen_57,40,45,1.0,0.5196406683257563,0.6462346212764558
omitted,selection,reverse,copy,speed,0.5,57,specimen_57,40,90,1.0,0.8772615580585285,1.7168232505862042
omitted,selection,reverse,copy,speed,0.5,57,specimen_57,60,45,1.0,0.8234095658159961,1.3593247430133235
omitted,selection,reverse,copy,speed,0.5,57,specimen_57,60,90,1.0,0.9674259320289309,1.6351685990768752
omitted,selection,reverse,copy,speed,1.0,10,specimen_10,20,45,1.0,0.5865799171393178,0.07973455773822458
omitted,selection,reverse,copy,speed,1.0,10,specimen_10,20,90,1.0,0.6787557878794228,0.1701838242187531
omitted,selection,reverse,copy,speed,1.0,10,specimen_10,40,45,1.0,0.421701998590001,0.5373976678361608
omitted,selection,reverse,copy,speed,1.0,10,specimen_10,40,90,1.0,0.7025469158625232,1.61612196786845
omitted,selection,reverse,copy,speed,1.0,10,specimen_10,60,45,1.0,0.6552852555738509,1.236581546379952
omitted,selection,reverse,copy,speed,1.0,10,specimen_10,60,90,1.0,0.7615600756794215,1.6582052871893591
omitted,selection,reverse,copy,speed,1.0,57,specimen_57,20,45,1.0,0.4403140007871796,0.38535175379774855
omitted,selection,reverse,copy,speed,1.0,57,specimen_57,20,90,1.0,0.4210444453121551,0.3308315354417597
omitted,selection,reverse,copy,speed,1.0,57,specimen_57,40,45,1.0,0.5307526899939079,0.6570854017138159
omitted,selection,reverse,copy,speed,1.0,57,specimen_57,40,90,1.0,0.8814457990962348,1.7276740310235643
omitted,selection,reverse,copy,speed,1.0,57,specimen_57,60,45,1.0,0.8306449215036125,1.3701755234506836
omitted,selection,reverse,copy,speed,1.0,57,specimen_57,60,90,1.0,0.9733318953085264,1.6460193795142353
omitted,selection,reverse,encoder,direction,0.25,10,specimen_10,20,45,1.0,0.31532517075538635,0.04320494316691503
omitted,selection,reverse,encoder,direction,0.25,10,specimen_10,20,90,1.0,0.19974449773629507,0.07761122579630216
omitted,selection,reverse,encoder,direction,0.25,10,specimen_10,40,45,1.0,0.27324069539705914,0.05697149197610855
omitted,selection,reverse,encoder,direction,0.25,10,specimen_10,40,90,1.0,0.22875187794367471,0.9528154537116812
omitted,selection,reverse,encoder,direction,0.25,10,specimen_10,60,45,1.0,0.24005229274431863,0.1101050497598619
omitted,selection,reverse,encoder,direction,0.25,10,specimen_10,60,90,1.0,0.28384047746658325,0.16694812853330068
omitted,selection,reverse,encoder,direction,0.25,57,specimen_57,20,45,1.0,0.2882869342962901,0.12206937902209271
omitted,selection,reverse,encoder,direction,0.25,57,specimen_57,20,90,1.0,0.29743626713752747,0.03936070695620886
omitted,selection,reverse,encoder,direction,0.25,57,specimen_57,40,45,1.0,0.34072867035865784,0.1350533701532233
omitted,selection,reverse,encoder,direction,0.25,57,specimen_57,40,90,1.0,0.2917676568031311,0.8841660987376018
omitted,selection,reverse,encoder,direction,0.25,57,specimen_57,60,45,1.0,0.36529189348220825,0.3139606557509363
omitted,selection,reverse,encoder,direction,0.25,57,specimen_57,60,90,1.0,0.3208926220734914,0.0943024329211628
omitted,selection,reverse,encoder,direction,0.5,10,specimen_10,20,45,1.0,0.31557286779085797,0.04726252009118611
omitted,selection,reverse,encoder,direction,0.5,10,specimen_10,20,90,1.0,0.18763862550258636,0.08409528445835564
omitted,selection,reverse,encoder,direction,0.5,10,specimen_10,40,45,1.0,0.2751316875219345,0.06237954311724958
omitted,selection,reverse,encoder,direction,0.5,10,specimen_10,40,90,1.0,0.22523417075475058,0.9749129127482447
omitted,selection,reverse,encoder,direction,0.5,10,specimen_10,60,45,1.0,0.24363076190153757,0.1317864858618217
omitted,selection,reverse,encoder,direction,0.5,10,specimen_10,60,90,1.0,0.2715455542008082,0.1960912664020272
omitted,selection,reverse,encoder,direction,0.5,57,specimen_57,20,45,1.0,0.19638356069723764,0.16872999025620597
omitted,selection,reverse,encoder,direction,0.5,57,specimen_57,20,90,1.0,0.2057380129893621,0.03905919527392406
omitted,selection,reverse,encoder,direction,0.5,57,specimen_57,40,45,1.0,0.22392083704471588,0.21372071126760603
omitted,selection,reverse,encoder,direction,0.5,57,specimen_57,40,90,1.0,0.2600258042414983,0.9967464145343091
omitted,selection,reverse,encoder,direction,0.5,57,specimen_57,60,45,1.0,0.2967771788438161,0.4581080230760716
omitted,selection,reverse,encoder,direction,0.5,57,specimen_57,60,90,1.0,0.24088658392429352,0.23324412911720835
omitted,selection,reverse,encoder,direction,1.0,10,specimen_10,20,45,1.0,0.2480215976635615,0.06905907103422908
omitted,selection,reverse,encoder,direction,1.0,10,specimen_10,20,90,1.0,0.17179836332798004,0.12022976820405192
omitted,selection,reverse,encoder,direction,1.0,10,specimen_10,40,45,1.0,0.2046132038036982,0.07236107828712439
omitted,selection,reverse,encoder,direction,1.0,10,specimen_10,40,90,1.0,0.24062123894691467,1.0355310456007982
omitted,selection,reverse,encoder,direction,1.0,10,specimen_10,60,45,1.0,0.199004535873731,0.06136271861889816
omitted,selection,reverse,encoder,direction,1.0,10,specimen_10,60,90,1.0,0.248709167043368,0.23352989290631387
omitted,selection,reverse,encoder,direction,1.0,57,specimen_57,20,45,1.0,0.18866760532061258,0.17320412992449943
omitted,selection,reverse,encoder,direction,1.0,57,specimen_57,20,90,1.0,0.20100311934947968,0.04454369980177053
omitted,selection,reverse,encoder,direction,1.0,57,specimen_57,40,45,1.0,0.21243198215961456,0.21944466182465341
omitted,selection,reverse,encoder,direction,1.0,57,specimen_57,40,90,1.0,0.2599055419365565,1.0050536681698528
omitted,selection,reverse,encoder,direction,1.0,57,specimen_57,60,45,1.0,0.2899373571077983,0.46992764539260934
omitted,selection,reverse,encoder,direction,1.0,57,specimen_57,60,90,1.0,0.23412641882896423,0.24926501200732476
omitted,selection,reverse,encoder,load,0.25,10,specimen_10,20,45,1.0,0.29871951540311176,0.027237729650521587
omitted,selection,reverse,encoder,load,0.25,10,specimen_10,20,90,1.0,0.20323430001735687,0.08462064632396242
omitted,selection,reverse,encoder,load,0.25,10,specimen_10,40,45,1.0,0.25261720021565753,0.015013687810620327
omitted,selection,reverse,encoder,load,0.25,10,specimen_10,40,90,1.0,0.23515022794405618,0.977738401575612
omitted,selection,reverse,encoder,load,0.25,10,specimen_10,60,45,1.0,0.2337176501750946,0.11758413780555872
omitted,selection,reverse,encoder,load,0.25,10,specimen_10,60,90,1.0,0.2606237083673477,0.17664112596337023
omitted,selection,reverse,encoder,load,0.25,57,specimen_57,20,45,1.0,0.18896852930386862,0.17353310418767484
omitted,selection,reverse,encoder,load,0.25,57,specimen_57,20,90,1.0,0.2028116981188456,0.044260285011081514
omitted,selection,reverse,encoder,load,0.25,57,specimen_57,40,45,1.0,0.20755640168984732,0.2208376606422048
omitted,selection,reverse,encoder,load,0.25,57,specimen_57,40,90,1.0,0.2628060777982076,1.0182373772872426
omitted,selection,reverse,encoder,load,0.25,57,specimen_57,60,45,1.0,0.2890615661938985,0.47345366537222966
omitted,selection,reverse,encoder,load,0.25,57,specimen_57,60,90,1.0,0.2346538503964742,0.24480526241004844
omitted,selection,reverse,encoder,load,0.5,10,specimen_10,20,45,1.0,0.3531751533349355,0.034149399370773804
omitted,selection,reverse,encoder,load,0.5,10,specimen_10,20,90,1.0,0.21087637543678284,0.06613626659755367
omitted,selection,reverse,encoder,load,0.5,10,specimen_10,40,45,1.0,0.31199753284454346,0.08951604736784728
omitted,selection,reverse,encoder,load,0.5,10,specimen_10,40,90,1.0,0.23214268684387207,0.9619412848006581
omitted,selection,reverse,encoder,load,0.5,10,specimen_10,60,45,1.0,0.2737763573726018,0.19710896136705833
omitted,selection,reverse,encoder,load,0.5,10,specimen_10,60,90,1.0,0.2753192683060964,0.15674250787729585
omitted,selection,reverse,encoder,load,0.5,57,specimen_57,20,45,1.0,0.17781201004981995,0.18353448098868105
omitted,selection,reverse,encoder,load,0.5,57,specimen_57,20,90,1.0,0.197199155886968,0.052988975571128916
omitted,selection,reverse,encoder,load,0.5,57,specimen_57,40,45,1.0,0.18430610497792563,0.23928581820805875
omitted,selection,reverse,encoder,load,0.5,57,specimen_57,40,90,1.0,0.2659654418627421,1.040800991134645
omitted,selection,reverse,encoder,load,0.5,57,specimen_57,60,45,1.0,0.2810337245464325,0.5119717828786869
omitted,selection,reverse,encoder,load,0.5,57,specimen_57,60,90,1.0,0.22593969603379568,0.29660169710510703
omitted,selection,reverse,encoder,load,1.0,10,specimen_10,20,45,1.0,0.3770702878634135,0.03699547781730069
omitted,selection,reverse,encoder,load,1.0,10,specimen_10,20,90,1.0,0.19989992181460062,0.06336338475300825
omitted,selection,reverse,encoder,load,1.0,10,specimen_10,40,45,1.0,0.33917489647865295,0.12961207667156152
omitted,selection,reverse,encoder,load,1.0,10,specimen_10,40,90,1.0,0.224152738849322,0.9722865595568985
omitted,selection,reverse,encoder,load,1.0,10,specimen_10,60,45,1.0,0.2956996460755666,0.2531310293929446
omitted,selection,reverse,encoder,load,1.0,10,specimen_10,60,90,1.0,0.27006817360719043,0.21389823852553222
omitted,selection,reverse,encoder,load,1.0,57,specimen_57,20,45,1.0,0.17633019387722015,0.18828585315239774
omitted,selection,reverse,encoder,load,1.0,57,specimen_57,20,90,1.0,0.1946863979101181,0.05810130415196472
omitted,selection,reverse,encoder,load,1.0,57,specimen_57,40,45,1.0,0.17629273235797882,0.24722716112946827
omitted,selection,reverse,encoder,load,1.0,57,specimen_57,40,90,1.0,0.27002157767613727,1.0513398591006513
omitted,selection,reverse,encoder,load,1.0,57,specimen_57,60,45,1.0,0.27960039178530377,0.5295950044424019
omitted,selection,reverse,encoder,load,1.0,57,specimen_57,60,90,1.0,0.22336342434088388,0.3269836905751707
omitted,selection,reverse,encoder,repeat,0.25,10,specimen_10,20,45,1.0,0.26930174728234607,0.05762037882206417
omitted,selection,reverse,encoder,repeat,0.25,10,specimen_10,20,90,1.0,0.18977345526218414,0.10935006897175419
omitted,selection,reverse,encoder,repeat,0.25,10,specimen_10,40,45,1.0,0.21492918829123178,0.07345397799847049
omitted,selection,reverse,encoder,repeat,0.25,10,specimen_10,40,90,1.0,0.23733985920747122,1.0250385059761384
omitted,selection,reverse,encoder,repeat,0.25,10,specimen_10,60,45,1.0,0.20818538963794708,0.05408805222051701
omitted,selection,reverse,encoder,repeat,0.25,10,specimen_10,60,90,1.0,0.24944003919760385,0.21001905273931842
omitted,selection,reverse,encoder,repeat,0.25,57,specimen_57,20,45,1.0,0.18081537882486978,0.1786542505196774
omitted,selection,reverse,encoder,repeat,0.25,57,specimen_57,20,90,1.0,0.20448746780554453,0.04257462476964006
omitted,selection,reverse,encoder,repeat,0.25,57,specimen_57,40,45,1.0,0.19504951934019724,0.22716579484249536
omitted,selection,reverse,encoder,repeat,0.25,57,specimen_57,40,90,1.0,0.26387612024943036,1.0306422055329618
omitted,selection,reverse,encoder,repeat,0.25,57,specimen_57,60,45,1.0,0.28304047385851544,0.4867650517868276
omitted,selection,reverse,encoder,repeat,0.25,57,specimen_57,60,90,1.0,0.22843845188617706,0.26494465273020623
omitted,selection,reverse,encoder,repeat,0.5,10,specimen_10,20,45,1.0,0.30618993441263836,0.026892642026536184
omitted,selection,reverse,encoder,repeat,0.5,10,specimen_10,20,90,1.0,0.19566082954406738,0.09275468364074362
omitted,selection,reverse,encoder,repeat,0.5,10,specimen_10,40,45,1.0,0.26436243454615277,0.0295952038773708
omitted,selection,reverse,encoder,repeat,0.5,10,specimen_10,40,90,1.0,0.23338251809279123,1.0075130737837663
omitted,selection,reverse,encoder,repeat,0.5,10,specimen_10,60,45,1.0,0.2378354767958323,0.11765919629266341
omitted,selection,reverse,encoder,repeat,0.5,10,specimen_10,60,90,1.0,0.25597967704137164,0.20712662948089378
omitted,selection,reverse,encoder,repeat,0.5,57,specimen_57,20,45,1.0,0.1877976357936859,0.21101962099008667
omitted,selection,reverse,encoder,repeat,0.5,57,specimen_57,20,90,1.0,0.1924254149198532,0.08548102413000992
omitted,selection,reverse,encoder,repeat,0.5,57,specimen_57,40,45,1.0,0.16234365105628967,0.2799501044332446
omitted,selection,reverse,encoder,repeat,0.5,57,specimen_57,40,90,1.0,0.3052890698115031,1.1102059901723764
omitted,selection,reverse,encoder,repeat,0.5,57,specimen_57,60,45,1.0,0.2901422480742137,0.5873820570094954
omitted,selection,reverse,encoder,repeat,0.5,57,specimen_57,60,90,1.0,0.2293784866730372,0.41206554248834976
omitted,selection,reverse,encoder,repeat,1.0,10,specimen_10,20,45,1.0,0.29700862367947894,0.027754092237850376
omitted,selection,reverse,encoder,repeat,1.0,10,specimen_10,20,90,1.0,0.1853083223104477,0.09916707447659479
omitted,selection,reverse,encoder,repeat,1.0,10,specimen_10,40,45,1.0,0.2554750939210256,0.02527002641468057
omitted,selection,reverse,encoder,repeat,1.0,10,specimen_10,40,90,1.0,0.23362528284390768,1.0198796802828654
omitted,selection,reverse,encoder,repeat,1.0,10,specimen_10,60,45,1.0,0.23200505475203195,0.10985494171620698
omitted,selection,reverse,encoder,repeat,1.0,10,specimen_10,60,90,1.0,0.2477251042922338,0.22627016700122815
omitted,selection,reverse,encoder,repeat,1.0,57,specimen_57,20,45,1.0,0.1779956171909968,0.20042423569504816
omitted,selection,reverse,encoder,repeat,1.0,57,specimen_57,20,90,1.0,0.19056945045789084,0.07064809299706863
omitted,selection,reverse,encoder,repeat,1.0,57,specimen_57,40,45,1.0,0.1628964195648829,0.264452262751478
omitted,selection,reverse,encoder,repeat,1.0,57,specimen_57,40,90,1.0,0.2839934825897217,1.0794893734195088
omitted,selection,reverse,encoder,repeat,1.0,57,specimen_57,60,45,1.0,0.2805379629135132,0.5604330743724873
omitted,selection,reverse,encoder,repeat,1.0,57,specimen_57,60,90,1.0,0.22274119158585867,0.37270354812378675
omitted,selection,reverse,encoder,single,0.25,10,specimen_10,20,45,1.0,0.38950300216674805,0.022946358622895513
omitted,selection,reverse,encoder,single,0.25,10,specimen_10,20,90,1.0,0.2858988046646118,0.06750005423291523
omitted,selection,reverse,encoder,single,0.25,10,specimen_10,40,45,1.0,0.3500203490257263,0.06415192119766784
omitted,selection,reverse,encoder,single,0.25,10,specimen_10,40,90,1.0,0.2659962972005208,0.8527925334584413
omitted,selection,reverse,encoder,single,0.25,10,specimen_10,60,45,1.0,0.30937857429186505,0.20811467118255048
omitted,selection,reverse,encoder,single,0.25,10,specimen_10,60,90,1.0,0.3413983682791392,0.1303099391153212
omitted,selection,reverse,encoder,single,0.25,57,specimen_57,20,45,1.0,0.29868261019388836,0.11534194101066397
omitted,selection,reverse,encoder,single,0.25,57,specimen_57,20,90,1.0,0.33938761552174884,0.03764813948122603
omitted,selection,reverse,encoder,single,0.25,57,specimen_57,40,45,1.0,0.35884154836336773,0.12073973470828685
omitted,selection,reverse,encoder,single,0.25,57,specimen_57,40,90,1.0,0.3079446256160736,0.8725674820512559
omitted,selection,reverse,encoder,single,0.25,57,specimen_57,60,45,1.0,0.3702666362126668,0.3011498821932428
omitted,selection,reverse,encoder,single,0.25,57,specimen_57,60,90,1.0,0.3381408154964447,0.045519399846604504
omitted,selection,reverse,encoder,single,0.5,10,specimen_10,20,45,1.0,0.41992664337158203,0.06279615964508634
omitted,selection,reverse,encoder,single,0.5,10,specimen_10,20,90,1.0,0.25368257363637287,0.05269683320996007
omitted,selection,reverse,encoder,single,0.5,10,specimen_10,40,45,1.0,0.3856748441855113,0.16274831673357784
omitted,selection,reverse,encoder,single,0.5,10,specimen_10,40,90,1.0,0.24403096735477448,0.8806725189534225
omitted,selection,reverse,encoder,single,0.5,10,specimen_10,60,45,1.0,0.33773642778396606,0.2961723391993531
omitted,selection,reverse,encoder,single,0.5,10,specimen_10,60,90,1.0,0.3203303317228953,0.16883932804319413
omitted,selection,reverse,encoder,single,0.5,57,specimen_57,20,45,1.0,0.19401168326536813,0.16646512124842847
omitted,selection,reverse,encoder,single,0.5,57,specimen_57,20,90,1.0,0.22146708766619363,0.034102520200209506
omitted,selection,reverse,encoder,single,0.5,57,specimen_57,40,45,1.0,0.21834336717923483,0.2077984187443809
omitted,selection,reverse,encoder,single,0.5,57,specimen_57,40,90,1.0,0.2626500328381856,0.9977727333440572
omitted,selection,reverse,encoder,single,0.5,57,specimen_57,60,45,1.0,0.2926505506038666,0.4600230023697997
omitted,selection,reverse,encoder,single,0.5,57,specimen_57,60,90,1.0,0.2407905012369156,0.21055519819380933
omitted,selection,reverse,encoder,single,1.0,10,specimen_10,20,45,1.0,0.3252360423405965,0.018851412999548584
omitted,selection,reverse,encoder,single,1.0,10,specimen_10,20,90,1.0,0.18874638775984445,0.09133270467382566
omitted,selection,reverse,encoder,single,1.0,10,specimen_10,40,45,1.0,0.29450540741284686,0.06740019662021653
omitted,selection,reverse,encoder,single,1.0,10,specimen_10,40,90,1.0,0.23322678109010062,0.9958131959211814
omitted,selection,reverse,encoder,single,1.0,10,specimen_10,60,45,1.0,0.2612997939189275,0.18282910394758747
omitted,selection,reverse,encoder,single,1.0,10,specimen_10,60,90,1.0,0.252215897043546,0.20835353968272793
omitted,selection,reverse,encoder,single,1.0,57,specimen_57,20,45,1.0,0.19734459618727365,0.16402330725566291
omitted,selection,reverse,encoder,single,1.0,57,specimen_57,20,90,1.0,0.2302890121936798,0.027217837561087904
omitted,selection,reverse,encoder,single,1.0,57,specimen_57,40,45,1.0,0.22402099271615347,0.20539629545306817
omitted,selection,reverse,encoder,single,1.0,57,specimen_57,40,90,1.0,0.26459964116414386,0.9904931411797501
omitted,selection,reverse,encoder,single,1.0,57,specimen_57,60,45,1.0,0.29484401146570843,0.46176068893947814
omitted,selection,reverse,encoder,single,1.0,57,specimen_57,60,90,1.0,0.24283828337987265,0.2140193373060467
omitted,selection,reverse,encoder,speed,0.25,10,specimen_10,20,45,1.0,0.22895688315232596,0.09654758278045987
omitted,selection,reverse,encoder,speed,0.25,10,specimen_10,20,90,1.0,0.18231640756130219,0.1329385773732772
omitted,selection,reverse,encoder,speed,0.25,10,specimen_10,40,45,1.0,0.17747288942337036,0.1451370192667467
omitted,selection,reverse,encoder,speed,0.25,10,specimen_10,40,90,1.0,0.2456382761398951,1.0448940972108698
omitted,selection,reverse,encoder,speed,0.25,10,specimen_10,60,45,1.0,0.19042076170444489,0.04649457637857113
omitted,selection,reverse,encoder,speed,0.25,10,specimen_10,60,90,1.0,0.24922451873620352,0.1974098272317967
omitted,selection,reverse,encoder,speed,0.25,57,specimen_57,20,45,1.0,0.3030675450960795,0.11427975338790108
omitted,selection,reverse,encoder,speed,0.25,57,specimen_57,20,90,1.0,0.33556658029556274,0.042993866432111706
omitted,selection,reverse,encoder,speed,0.25,57,specimen_57,40,45,1.0,0.3523888985315959,0.12606646453667178
omitted,selection,reverse,encoder,speed,0.25,57,specimen_57,40,90,1.0,0.3066784143447876,0.8642995164177368
omitted,selection,reverse,encoder,speed,0.25,57,specimen_57,60,45,1.0,0.3662880261739095,0.3097758027311513
omitted,selection,reverse,encoder,speed,0.25,57,specimen_57,60,90,1.0,0.3336860736211141,0.057382448589622305
omitted,selection,reverse,encoder,speed,0.5,10,specimen_10,20,45,1.0,0.2201335777839025,0.10511387593536985
omitted,selection,reverse,encoder,speed,0.5,10,specimen_10,20,90,1.0,0.18002469340960184,0.14239184066247387
omitted,selection,reverse,encoder,speed,0.5,10,specimen_10,40,45,1.0,0.16929672161738077,0.15479088665241034
omitted,selection,reverse,encoder,speed,0.5,10,specimen_10,40,90,1.0,0.25112682580947876,1.0656452859405847
omitted,selection,reverse,encoder,speed,0.5,10,specimen_10,60,45,1.0,0.18758635222911835,0.06078423571442119
omitted,selection,reverse,encoder,speed,0.5,10,specimen_10,60,90,1.0,0.24165882170200348,0.22781158376206392
omitted,selection,reverse,encoder,speed,0.5,57,specimen_57,20,45,1.0,0.2430880218744278,0.14044653441542757
omitted,selection,reverse,encoder,speed,0.5,57,specimen_57,20,90,1.0,0.27247822284698486,0.013241318023124301
omitted,selection,reverse,encoder,speed,0.5,57,specimen_57,40,45,1.0,0.28014859557151794,0.17189721048096676
omitted,selection,reverse,encoder,speed,0.5,57,specimen_57,40,90,1.0,0.2754453818003337,0.9280129908331706
omitted,selection,reverse,encoder,speed,0.5,57,specimen_57,60,45,1.0,0.3225739498933156,0.38811941379527254
omitted,selection,reverse,encoder,speed,0.5,57,specimen_57,60,90,1.0,0.27887529134750366,0.1449917787806656
omitted,selection,reverse,encoder,speed,1.0,10,specimen_10,20,45,1.0,0.21112325290838876,0.11608220222112024
omitted,selection,reverse,encoder,speed,1.0,10,specimen_10,20,90,1.0,0.1877007136742274,0.15287542555773237
omitted,selection,reverse,encoder,speed,1.0,10,specimen_10,40,45,1.0,0.16530191898345947,0.16033224268640134
omitted,selection,reverse,encoder,speed,1.0,10,specimen_10,40,90,1.0,0.267089049021403,1.0929973781414386
omitted,selection,reverse,encoder,speed,1.0,10,specimen_10,60,45,1.0,0.18821745117505392,0.07626032449595639
omitted,selection,reverse,encoder,speed,1.0,10,specimen_10,60,90,1.0,0.2357253928979238,0.26933629931208775
omitted,selection,reverse,encoder,speed,1.0,57,specimen_57,20,45,1.0,0.20289508998394012,0.16042118949045545
omitted,selection,reverse,encoder,speed,1.0,57,specimen_57,20,90,1.0,0.23345481852690378,0.016541653264026013
omitted,selection,reverse,encoder,speed,1.0,57,specimen_57,40,45,1.0,0.22992185254891714,0.20317079633890323
omitted,selection,reverse,encoder,speed,1.0,57,specimen_57,40,90,1.0,0.26335899035135907,0.9750853108206599
omitted,selection,reverse,encoder,speed,1.0,57,specimen_57,60,45,1.0,0.29542010029157,0.44462797599488474
omitted,selection,reverse,encoder,speed,1.0,57,specimen_57,60,90,1.0,0.24558193484942117,0.20186382156469262
omitted,selection,reverse,encoder_wrong_support,direction,0.25,10,specimen_10,20,45,1.0,0.21955373883247375,0.15666687387905368
omitted,selection,reverse,encoder_wrong_support,direction,0.25,10,specimen_10,20,90,1.0,0.19472498695055643,0.15644165245150687
omitted,selection,reverse,encoder_wrong_support,direction,0.25,10,specimen_10,40,45,1.0,0.22062450647354126,0.3555803271920532
omitted,selection,reverse,encoder_wrong_support,direction,0.25,10,specimen_10,40,90,1.0,0.2825385332107544,1.1128287264989722
omitted,selection,reverse,encoder_wrong_support,direction,0.25,10,specimen_10,60,45,1.0,0.3083304514487584,0.5205813695966895
omitted,selection,reverse,encoder_wrong_support,direction,0.25,10,specimen_10,60,90,1.0,0.27779047687848407,0.44670303151277135
omitted,selection,reverse,encoder_wrong_support,direction,0.25,57,specimen_57,20,45,1.0,0.4940391182899475,0.031672444881261384
omitted,selection,reverse,encoder_wrong_support,direction,0.25,57,specimen_57,20,90,1.0,0.3858218193054199,0.10195575389717619
omitted,selection,reverse,encoder_wrong_support,direction,0.25,57,specimen_57,40,45,1.0,0.6594699025154114,0.21605907809351443
omitted,selection,reverse,encoder_wrong_support,direction,0.25,57,specimen_57,40,90,1.0,0.351318895816803,0.7241528259503108
omitted,selection,reverse,encoder_wrong_support,direction,0.25,57,specimen_57,60,45,1.0,0.6479633649190267,0.3106355316992751
omitted,selection,reverse,encoder_wrong_support,direction,0.25,57,specimen_57,60,90,1.0,0.4976708988348643,0.2506175774725475
omitted,selection,reverse,encoder_wrong_support,direction,0.5,10,specimen_10,20,45,1.0,0.22910799086093903,0.20332748511316692
omitted,selection,reverse,encoder_wrong_support,direction,0.5,10,specimen_10,20,90,1.0,0.22389768064022064,0.21862617496740241
omitted,selection,reverse,encoder_wrong_support,direction,0.5,10,specimen_10,40,45,1.0,0.30816177527109784,0.43424766830643585
omitted,selection,reverse,encoder_wrong_support,direction,0.5,10,specimen_10,40,90,1.0,0.35446228583653766,1.2254090422956796
omitted,selection,reverse,encoder_wrong_support,direction,0.5,10,specimen_10,60,45,1.0,0.4303695559501648,0.6647287369218248
omitted,selection,reverse,encoder_wrong_support,direction,0.5,10,specimen_10,60,90,1.0,0.3304488956928253,0.5856447277088169
omitted,selection,reverse,encoder_wrong_support,direction,0.5,57,specimen_57,20,45,1.0,0.49393240610758465,0.036867065002269404
omitted,selection,reverse,encoder_wrong_support,direction,0.5,57,specimen_57,20,90,1.0,0.366120566924413,0.09547169523512271
omitted,selection,reverse,encoder_wrong_support,direction,0.5,57,specimen_57,40,45,1.0,0.6618747711181641,0.24155160328239556
omitted,selection,reverse,encoder_wrong_support,direction,0.5,57,specimen_57,40,90,1.0,0.3336922824382782,0.7462502849868743
omitted,selection,reverse,encoder_wrong_support,direction,0.5,57,specimen_57,60,45,1.0,0.6509450872739156,0.3384071997075749
omitted,selection,reverse,encoder_wrong_support,direction,0.5,57,specimen_57,60,90,1.0,0.4833862980206807,0.23646808356939716
omitted,selection,reverse,encoder_wrong_support,direction,1.0,10,specimen_10,20,45,1.0,0.23486721018950144,0.2078016247814604
omitted,selection,reverse,encoder_wrong_support,direction,1.0,10,specimen_10,20,90,1.0,0.2314571092526118,0.22411067949524888
omitted,selection,reverse,encoder_wrong_support,direction,1.0,10,specimen_10,40,45,1.0,0.3220960001150767,0.4399716188634833
omitted,selection,reverse,encoder_wrong_support,direction,1.0,10,specimen_10,40,90,1.0,0.36571794748306274,1.233716295931223
omitted,selection,reverse,encoder_wrong_support,direction,1.0,10,specimen_10,60,45,1.0,0.4478807946046193,0.6765483592383625
omitted,selection,reverse,encoder_wrong_support,direction,1.0,10,specimen_10,60,90,1.0,0.3417034049828847,0.6016656105989333
omitted,selection,reverse,encoder_wrong_support,direction,1.0,57,specimen_57,20,45,1.0,0.40309839447339374,0.03446157617726812
omitted,selection,reverse,encoder_wrong_support,direction,1.0,57,specimen_57,20,90,1.0,0.31010274092356366,0.059337211489426424
omitted,selection,reverse,encoder_wrong_support,direction,1.0,57,specimen_57,40,45,1.0,0.5724846720695496,0.14816587875170548
omitted,selection,reverse,encoder_wrong_support,direction,1.0,57,specimen_57,40,90,1.0,0.2978563408056895,0.806868417839428
omitted,selection,reverse,encoder_wrong_support,direction,1.0,57,specimen_57,60,45,1.0,0.5772884686787924,0.22475179656585312
omitted,selection,reverse,encoder_wrong_support,direction,1.0,57,specimen_57,60,90,1.0,0.4318053722381592,0.19000393532982515
omitted,selection,reverse,encoder_wrong_support,load,0.25,10,specimen_10,20,45,1.0,0.24250107010205588,0.2081305990446358
omitted,selection,reverse,encoder_wrong_support,load,0.25,10,specimen_10,20,90,1.0,0.2364378571510315,0.22382726470455985
omitted,selection,reverse,encoder_wrong_support,load,0.25,10,specimen_10,40,45,1.0,0.32932355999946594,0.4413646176810347
omitted,selection,reverse,encoder_wrong_support,load,0.25,10,specimen_10,40,90,1.0,0.37654860814412433,1.2469000050486132
omitted,selection,reverse,encoder_wrong_support,load,0.25,10,specimen_10,60,45,1.0,0.45588014523188275,0.680074379217983
omitted,selection,reverse,encoder_wrong_support,load,0.25,10,specimen_10,60,90,1.0,0.34500013788541156,0.597205861001657
omitted,selection,reverse,encoder_wrong_support,load,0.25,57,specimen_57,20,45,1.0,0.4730742971102397,0.0073597652064393655
omitted,selection,reverse,encoder_wrong_support,load,0.25,57,specimen_57,20,90,1.0,0.37214916944503784,0.09494633336951593
omitted,selection,reverse,encoder_wrong_support,load,0.25,57,specimen_57,40,45,1.0,0.6331053773562113,0.21317757566416715
omitted,selection,reverse,encoder_wrong_support,load,0.25,57,specimen_57,40,90,1.0,0.3365715543429057,0.7490757738142415
omitted,selection,reverse,encoder_wrong_support,load,0.25,57,specimen_57,60,45,1.0,0.6353002786636353,0.3242048516513119
omitted,selection,reverse,encoder_wrong_support,load,0.25,57,specimen_57,60,90,1.0,0.4752503236134847,0.2708309825802449
omitted,selection,reverse,encoder_wrong_support,load,0.5,10,specimen_10,20,45,1.0,0.25965702533721924,0.218131975845642
omitted,selection,reverse,encoder_wrong_support,load,0.5,10,specimen_10,20,90,1.0,0.24770963688691458,0.23255595526460726
omitted,selection,reverse,encoder_wrong_support,load,0.5,10,specimen_10,40,45,1.0,0.3622169494628906,0.4598127752468886
omitted,selection,reverse,encoder_wrong_support,load,0.5,10,specimen_10,40,90,1.0,0.3978857596715291,1.2694636188960153
omitted,selection,reverse,encoder_wrong_support,load,0.5,10,specimen_10,60,45,1.0,0.49402114748954773,0.71859249672444
omitted,selection,reverse,encoder_wrong_support,load,0.5,10,specimen_10,60,90,1.0,0.36716336011886597,0.6490022956967155
omitted,selection,reverse,encoder_wrong_support,load,0.5,57,specimen_57,20,45,1.0,0.5396373867988586,0.05112861025577712
omitted,selection,reverse,encoder_wrong_support,load,0.5,57,specimen_57,20,90,1.0,0.3947371343771617,0.11343071309592467
omitted,selection,reverse,encoder_wrong_support,load,0.5,57,specimen_57,40,45,1.0,0.7031473517417908,0.302224172554969
omitted,selection,reverse,encoder_wrong_support,load,0.5,57,specimen_57,40,90,1.0,0.35145415862401325,0.7332786570392877
omitted,selection,reverse,encoder_wrong_support,load,0.5,57,specimen_57,60,45,1.0,0.6886438330014547,0.4037296752128115
omitted,selection,reverse,encoder_wrong_support,load,0.5,57,specimen_57,60,90,1.0,0.5052356123924255,0.26744909056381516
omitted,selection,reverse,encoder_wrong_support,load,1.0,10,specimen_10,20,45,1.0,0.2698785364627838,0.2228833480093587
omitted,selection,reverse,encoder_wrong_support,load,1.0,10,specimen_10,20,90,1.0,0.25532883902390796,0.23766828384544306
omitted,selection,reverse,encoder_wrong_support,load,1.0,10,specimen_10,40,45,1.0,0.37802838285764057,0.4677541181682981
omitted,selection,reverse,encoder_wrong_support,load,1.0,10,specimen_10,40,90,1.0,0.41002153356870014,1.2800024868620217
omitted,selection,reverse,encoder_wrong_support,load,1.0,10,specimen_10,60,45,1.0,0.5123878121376038,0.7362157182881551
omitted,selection,reverse,encoder_wrong_support,load,1.0,10,specimen_10,60,90,1.0,0.37877626220385235,0.6793842891667792
omitted,selection,reverse,encoder_wrong_support,load,1.0,57,specimen_57,20,45,1.0,0.5683427850405375,0.07159297267426164
omitted,selection,reverse,encoder_wrong_support,load,1.0,57,specimen_57,20,90,1.0,0.3869323432445526,0.1162035949404701
omitted,selection,reverse,encoder_wrong_support,load,1.0,57,specimen_57,40,45,1.0,0.7351589997609457,0.35013903371039135
omitted,selection,reverse,encoder_wrong_support,load,1.0,57,specimen_57,40,90,1.0,0.33930038412412006,0.7436239317955281
omitted,selection,reverse,encoder_wrong_support,load,1.0,57,specimen_57,60,45,1.0,0.7138021190961202,0.4597517432386978
omitted,selection,reverse,encoder_wrong_support,load,1.0,57,specimen_57,60,90,1.0,0.5032769044240316,0.2482418472593666
omitted,selection,reverse,encoder_wrong_support,repeat,0.25,10,specimen_10,20,45,1.0,0.2495675484339396,0.21325174537663835
omitted,selection,reverse,encoder_wrong_support,repeat,0.25,10,specimen_10,20,90,1.0,0.2421781321366628,0.2221416044631184
omitted,selection,reverse,encoder_wrong_support,repeat,0.25,10,specimen_10,40,45,1.0,0.3458695113658905,0.4476927518813252
omitted,selection,reverse,encoder_wrong_support,repeat,0.25,10,specimen_10,40,90,1.0,0.39310059944788617,1.2593048332943322
omitted,selection,reverse,encoder_wrong_support,repeat,0.25,10,specimen_10,60,45,1.0,0.47581250468889874,0.6933857656325809
omitted,selection,reverse,encoder_wrong_support,repeat,0.25,10,specimen_10,60,90,1.0,0.3589409589767456,0.6173452513218148
omitted,selection,reverse,encoder_wrong_support,repeat,0.25,57,specimen_57,20,45,1.0,0.4310864210128784,0.023022883965103214
omitted,selection,reverse,encoder_wrong_support,repeat,0.25,57,specimen_57,20,90,1.0,0.34515835841496784,0.07021691072172416
omitted,selection,reverse,encoder_wrong_support,repeat,0.25,57,specimen_57,40,45,1.0,0.5841384132703146,0.14707297904035935
omitted,selection,reverse,encoder_wrong_support,repeat,0.25,57,specimen_57,40,90,1.0,0.31906020641326904,0.7963758782147682
omitted,selection,reverse,encoder_wrong_support,repeat,0.25,57,specimen_57,60,45,1.0,0.5935273965199789,0.22949407943197783
omitted,selection,reverse,encoder_wrong_support,repeat,0.25,57,specimen_57,60,90,1.0,0.45007674892743427,0.1964471559426959
omitted,selection,reverse,encoder_wrong_support,repeat,0.5,10,specimen_10,20,45,1.0,0.3258112569650014,0.24561711584704762
omitted,selection,reverse,encoder_wrong_support,repeat,0.5,10,specimen_10,20,90,1.0,0.3142317036787669,0.2650480038234883
omitted,selection,reverse,encoder_wrong_support,repeat,0.5,10,specimen_10,40,45,1.0,0.4557686448097229,0.5004770614720745
omitted,selection,reverse,encoder_wrong_support,repeat,0.5,10,specimen_10,40,90,1.0,0.4872451921304067,1.3388686179337468
omitted,selection,reverse,encoder_wrong_support,repeat,0.5,10,specimen_10,60,45,1.0,0.5919134219487509,0.7940027708552485
omitted,selection,reverse,encoder_wrong_support,repeat,0.5,10,specimen_10,60,90,1.0,0.43581628799438477,0.7644661410799584
omitted,selection,reverse,encoder_wrong_support,repeat,0.5,57,specimen_57,20,45,1.0,0.4820944468180339,0.01739687309457087
omitted,selection,reverse,encoder_wrong_support,repeat,0.5,57,specimen_57,20,90,1.0,0.3614601790904999,0.08681229605273473
omitted,selection,reverse,encoder_wrong_support,repeat,0.5,57,specimen_57,40,45,1.0,0.6469274163246155,0.2346957192207474
omitted,selection,reverse,encoder_wrong_support,repeat,0.5,57,specimen_57,40,90,1.0,0.32762481768925983,0.7788504460223958
omitted,selection,reverse,encoder_wrong_support,repeat,0.5,57,specimen_57,60,45,1.0,0.641577144463857,0.3242799101384166
omitted,selection,reverse,encoder_wrong_support,repeat,0.5,57,specimen_57,60,90,1.0,0.47411032517751056,0.24842970955986252
omitted,selection,reverse,encoder_wrong_support,repeat,1.0,10,specimen_10,20,45,1.0,0.2966475486755371,0.23502173055200912
omitted,selection,reverse,encoder_wrong_support,repeat,1.0,10,specimen_10,20,90,1.0,0.2819409966468811,0.250215072690547
omitted,selection,reverse,encoder_wrong_support,repeat,1.0,10,specimen_10,40,45,1.0,0.41887380679448444,0.4849792197903078
omitted,selection,reverse,encoder_wrong_support,repeat,1.0,10,specimen_10,40,90,1.0,0.448218713204066,1.3081520011808792
omitted,selection,reverse,encoder_wrong_support,repeat,1.0,10,specimen_10,60,45,1.0,0.5550090273221334,0.7670537882182406
omitted,selection,reverse,encoder_wrong_support,repeat,1.0,10,specimen_10,60,90,1.0,0.4085768759250641,0.7251041467153954
omitted,selection,reverse,encoder_wrong_support,repeat,1.0,57,specimen_57,20,45,1.0,0.47007274627685547,0.012564564092759781
omitted,selection,reverse,encoder_wrong_support,repeat,1.0,57,specimen_57,20,90,1.0,0.3442709942658742,0.08039990521688356
omitted,selection,reverse,encoder_wrong_support,repeat,1.0,57,specimen_57,40,45,1.0,0.6366982658704122,0.22861704780166267
omitted,selection,reverse,encoder_wrong_support,repeat,1.0,57,specimen_57,40,90,1.0,0.316221942504247,0.7912170525214952
omitted,selection,reverse,encoder_wrong_support,repeat,1.0,57,specimen_57,60,45,1.0,0.6326584418614706,0.31647565556196017
omitted,selection,reverse,encoder_wrong_support,repeat,1.0,57,specimen_57,60,90,1.0,0.46043509244918823,0.22850872644460676
omitted,selection,reverse,encoder_wrong_support,single,0.25,10,specimen_10,20,45,1.0,0.2287673056125641,0.14993943586762493
omitted,selection,reverse,encoder_wrong_support,single,0.25,10,specimen_10,20,90,1.0,0.21361001829306284,0.14191884021225232
omitted,selection,reverse,encoder_wrong_support,single,0.25,10,specimen_10,40,45,1.0,0.2161781738201777,0.3412666917471167
omitted,selection,reverse,encoder_wrong_support,single,0.25,10,specimen_10,40,90,1.0,0.27992812792460126,1.1012301098126265
omitted,selection,reverse,encoder_wrong_support,single,0.25,10,specimen_10,60,45,1.0,0.29754409193992615,0.507770596038996
omitted,selection,reverse,encoder_wrong_support,single,0.25,10,specimen_10,60,90,1.0,0.27857749660809833,0.3976982584058118
omitted,selection,reverse,encoder_wrong_support,single,0.25,57,specimen_57,20,45,1.0,0.5826273957888285,0.057543853479856466
omitted,selection,reverse,encoder_wrong_support,single,0.25,57,specimen_57,20,90,1.0,0.5063622891902924,0.16043114982483375
omitted,selection,reverse,encoder_wrong_support,single,0.25,57,specimen_57,40,45,1.0,0.7472585042317709,0.2846788782364977
omitted,selection,reverse,encoder_wrong_support,single,0.25,57,specimen_57,40,90,1.0,0.4353561004002889,0.6241299056970709
omitted,selection,reverse,encoder_wrong_support,single,0.25,57,specimen_57,60,45,1.0,0.7313706477483114,0.4147353850283037
omitted,selection,reverse,encoder_wrong_support,single,0.25,57,specimen_57,60,90,1.0,0.5762374798456827,0.33393081178573913
omitted,selection,reverse,encoder_wrong_support,single,0.5,10,specimen_10,20,45,1.0,0.2427868197361628,0.20106261610538945
omitted,selection,reverse,encoder_wrong_support,single,0.5,10,specimen_10,20,90,1.0,0.22790123522281647,0.21366949989368786
omitted,selection,reverse,encoder_wrong_support,single,0.5,10,specimen_10,40,45,1.0,0.31735096375147503,0.4283253757832108
omitted,selection,reverse,encoder_wrong_support,single,0.5,10,specimen_10,40,90,1.0,0.3627605736255646,1.2264353611054277
omitted,selection,reverse,encoder_wrong_support,single,0.5,10,specimen_10,60,45,1.0,0.4471012552579244,0.6666437162155529
omitted,selection,reverse,encoder_wrong_support,single,0.5,10,specimen_10,60,90,1.0,0.3376768132050832,0.5629557967854179
omitted,selection,reverse,encoder_wrong_support,single,0.5,57,specimen_57,20,45,1.0,0.6158793767293295,0.09739365450204729
omitted,selection,reverse,encoder_wrong_support,single,0.5,57,specimen_57,20,90,1.0,0.46743695934613544,0.14849540054587343
omitted,selection,reverse,encoder_wrong_support,single,0.5,57,specimen_57,40,45,1.0,0.7851556936899821,0.38327527377240767
omitted,selection,reverse,encoder_wrong_support,single,0.5,57,specimen_57,40,90,1.0,0.407406489054362,0.6520098911920521
omitted,selection,reverse,encoder_wrong_support,single,0.5,57,specimen_57,60,45,1.0,0.7597445448239645,0.5027930530451062
omitted,selection,reverse,encoder_wrong_support,single,0.5,57,specimen_57,60,90,1.0,0.561031182607015,0.3251615018282039
omitted,selection,reverse,encoder_wrong_support,single,1.0,10,specimen_10,20,45,1.0,0.23966911435127258,0.1986208021126239
omitted,selection,reverse,encoder_wrong_support,single,1.0,10,specimen_10,20,90,1.0,0.22240153948465982,0.20678481725456624
omitted,selection,reverse,encoder_wrong_support,single,1.0,10,specimen_10,40,45,1.0,0.3116758465766907,0.42592325249189805
omitted,selection,reverse,encoder_wrong_support,single,1.0,10,specimen_10,40,90,1.0,0.3552153507868449,1.2191557689411203
omitted,selection,reverse,encoder_wrong_support,single,1.0,10,specimen_10,60,45,1.0,0.4434741735458374,0.6683814027852314
omitted,selection,reverse,encoder_wrong_support,single,1.0,10,specimen_10,60,90,1.0,0.33404627442359924,0.5664199358976553
omitted,selection,reverse,encoder_wrong_support,single,1.0,57,specimen_57,20,45,1.0,0.5060009757677714,0.033002974814916174
omitted,selection,reverse,encoder_wrong_support,single,1.0,57,specimen_57,20,90,1.0,0.3579871356487274,0.08823427501965268
omitted,selection,reverse,encoder_wrong_support,single,1.0,57,specimen_57,40,45,1.0,0.683161457379659,0.28792715365904636
omitted,selection,reverse,encoder_wrong_support,single,1.0,57,specimen_57,40,90,1.0,0.32423274715741474,0.7671505681598111
omitted,selection,reverse,encoder_wrong_support,single,1.0,57,specimen_57,60,45,1.0,0.6733686725298563,0.3894498177933407
omitted,selection,reverse,encoder_wrong_support,single,1.0,57,specimen_57,60,90,1.0,0.46703237295150757,0.20145325608114728
omitted,selection,reverse,encoder_wrong_support,speed,0.25,10,specimen_10,20,45,1.0,0.2259111851453781,0.14887724824486204
omitted,selection,reverse,encoder_wrong_support,speed,0.25,10,specimen_10,20,90,1.0,0.20947631200154623,0.13657311326136665
omitted,selection,reverse,encoder_wrong_support,speed,0.25,10,specimen_10,40,45,1.0,0.21690446635087332,0.3465934215755016
omitted,selection,reverse,encoder_wrong_support,speed,0.25,10,specimen_10,40,90,1.0,0.27621253331502277,1.092962144179107
omitted,selection,reverse,encoder_wrong_support,speed,0.25,10,specimen_10,60,45,1.0,0.30172857642173767,0.5163965165769046
omitted,selection,reverse,encoder_wrong_support,speed,0.25,10,specimen_10,60,90,1.0,0.27593687176704407,0.4097830471812309
omitted,selection,reverse,encoder_wrong_support,speed,0.25,57,specimen_57,20,45,1.0,0.36534754435221356,0.06195008792349891
omitted,selection,reverse,encoder_wrong_support,speed,0.25,57,specimen_57,20,90,1.0,0.296882023413976,0.04662840232020116
omitted,selection,reverse,encoder_wrong_support,speed,0.25,57,specimen_57,40,45,1.0,0.5175601442654928,0.07538993777208318
omitted,selection,reverse,encoder_wrong_support,speed,0.25,57,specimen_57,40,90,1.0,0.29511192440986633,0.8162314694494993
omitted,selection,reverse,encoder_wrong_support,speed,0.25,57,specimen_57,60,45,1.0,0.5397898952166239,0.16012613746718207
omitted,selection,reverse,encoder_wrong_support,speed,0.25,57,specimen_57,60,90,1.0,0.4237806499004364,0.20432124103699892
omitted,selection,reverse,encoder_wrong_support,speed,0.5,10,specimen_10,20,45,1.0,0.2206341822942098,0.17504402927238852
omitted,selection,reverse,encoder_wrong_support,speed,0.5,10,specimen_10,20,90,1.0,0.20511281987031302,0.17189628718261626
omitted,selection,reverse,encoder_wrong_support,speed,0.5,10,specimen_10,40,45,1.0,0.25886183977127075,0.39242416751979664
omitted,selection,reverse,encoder_wrong_support,speed,0.5,10,specimen_10,40,90,1.0,0.30822967489560443,1.1566756185945408
omitted,selection,reverse,encoder_wrong_support,speed,0.5,10,specimen_10,60,45,1.0,0.370608647664388,0.5947401276410257
omitted,selection,reverse,encoder_wrong_support,speed,0.5,10,specimen_10,60,90,1.0,0.2984048326810201,0.49739237737227415
omitted,selection,reverse,encoder_wrong_support,speed,0.5,57,specimen_57,20,45,1.0,0.3491165339946747,0.0705163810784089
omitted,selection,reverse,encoder_wrong_support,speed,0.5,57,specimen_57,20,90,1.0,0.28022783001263935,0.03717513903100448
omitted,selection,reverse,encoder_wrong_support,speed,0.5,57,specimen_57,40,45,1.0,0.5013623932997385,0.06573607038641953
omitted,selection,reverse,encoder_wrong_support,speed,0.5,57,specimen_57,40,90,1.0,0.2856806516647339,0.8369826581792145
omitted,selection,reverse,encoder_wrong_support,speed,0.5,57,specimen_57,60,45,1.0,0.5307134588559469,0.14583647813133202
omitted,selection,reverse,encoder_wrong_support,speed,0.5,57,specimen_57,60,90,1.0,0.4101906617482503,0.19392415218510428
omitted,selection,reverse,encoder_wrong_support,speed,1.0,10,specimen_10,20,45,1.0,0.2296844869852066,0.1950186843474164
omitted,selection,reverse,encoder_wrong_support,speed,1.0,10,specimen_10,20,90,1.0,0.21521503726641336,0.19610863295750436
omitted,selection,reverse,encoder_wrong_support,speed,1.0,10,specimen_10,40,45,1.0,0.30311139424641925,0.4236977533777331
omitted,selection,reverse,encoder_wrong_support,speed,1.0,10,specimen_10,40,90,1.0,0.34500718116760254,1.2037479385820302
omitted,selection,reverse,encoder_wrong_support,speed,1.0,10,specimen_10,60,45,1.0,0.4299149413903554,0.6512486898406379
omitted,selection,reverse,encoder_wrong_support,speed,1.0,10,specimen_10,60,90,1.0,0.3277287284533183,0.5542644201563012
omitted,selection,reverse,encoder_wrong_support,speed,1.0,57,specimen_57,20,45,1.0,0.32621830701828003,0.08148470736415929
omitted,selection,reverse,encoder_wrong_support,speed,1.0,57,specimen_57,20,90,1.0,0.26338264842828113,0.030792941892706278
omitted,selection,reverse,encoder_wrong_support,speed,1.0,57,specimen_57,40,45,1.0,0.48437129457791644,0.06019471435242851
omitted,selection,reverse,encoder_wrong_support,speed,1.0,57,specimen_57,40,90,1.0,0.2752601404984792,0.8643347503800682
omitted,selection,reverse,encoder_wrong_support,speed,1.0,57,specimen_57,60,45,1.0,0.5166303018728892,0.1303603893497968
omitted,selection,reverse,encoder_wrong_support,speed,1.0,57,specimen_57,60,90,1.0,0.3884781201680501,0.161229323968792
omitted,selection,reverse,fixed_features,direction,0.25,10,specimen_10,20,45,1.0,0.21933946912209523,0.08403816994211422
omitted,selection,reverse,fixed_features,direction,0.25,10,specimen_10,20,90,1.0,0.2033247739345346,0.029398060465566478
omitted,selection,reverse,fixed_features,direction,0.25,10,specimen_10,40,45,1.0,0.16491358278092272,0.22355790765853356
omitted,selection,reverse,fixed_features,direction,0.25,10,specimen_10,40,90,1.0,0.2749652811828241,1.1027772096734274
omitted,selection,reverse,fixed_features,direction,0.25,10,specimen_10,60,45,1.0,0.20019340311447897,0.30447110968289604
omitted,selection,reverse,fixed_features,direction,0.25,10,specimen_10,60,90,1.0,0.24215398694252788,0.4349381271372992
omitted,selection,reverse,fixed_features,direction,0.25,57,specimen_57,20,45,1.0,0.24314763363006384,0.13856108895300373
omitted,selection,reverse,fixed_features,direction,0.25,57,specimen_57,20,90,1.0,0.22058213629697154,0.018327713084729802
omitted,selection,reverse,fixed_features,direction,0.25,57,specimen_57,40,45,1.0,0.3141725161667704,0.1491028708485982
omitted,selection,reverse,fixed_features,direction,0.25,57,specimen_57,40,90,1.0,0.2793948139264805,1.0976031228580494
omitted,selection,reverse,fixed_features,direction,0.25,57,specimen_57,60,45,1.0,0.3446592293451623,0.35741814246036085
omitted,selection,reverse,fixed_features,direction,0.25,57,specimen_57,60,90,1.0,0.2690537974662999,0.47934984921123713
omitted,selection,reverse,fixed_features,direction,0.5,10,specimen_10,20,45,1.0,0.2602432905212048,0.04559602387349593
omitted,selection,reverse,fixed_features,direction,0.5,10,specimen_10,20,90,1.0,0.2216535747634564,0.026702646376921213
omitted,selection,reverse,fixed_features,direction,0.5,10,specimen_10,40,45,1.0,0.17848185509079817,0.15992126184645328
omitted,selection,reverse,fixed_features,direction,0.5,10,specimen_10,40,90,1.0,0.23500011693496684,1.0109487884588255
omitted,selection,reverse,fixed_features,direction,0.5,10,specimen_10,60,45,1.0,0.18453058378284293,0.18781825943066122
omitted,selection,reverse,fixed_features,direction,0.5,10,specimen_10,60,90,1.0,0.22584034905973338,0.2734669858716843
omitted,selection,reverse,fixed_features,direction,0.5,57,specimen_57,20,45,1.0,0.2620242144876254,0.11617115042611792
omitted,selection,reverse,fixed_features,direction,0.5,57,specimen_57,20,90,1.0,0.2359601686099432,0.041262938026299656
omitted,selection,reverse,fixed_features,direction,0.5,57,specimen_57,40,45,1.0,0.3409249031316697,0.11699376318166854
omitted,selection,reverse,fixed_features,direction,0.5,57,specimen_57,40,90,1.0,0.258888050720472,1.065046233435484
omitted,selection,reverse,fixed_features,direction,0.5,57,specimen_57,60,45,1.0,0.3630437874308852,0.3081932854305036
omitted,selection,reverse,fixed_features,direction,0.5,57,specimen_57,60,90,1.0,0.28149849880096545,0.4304592160761389
omitted,selection,reverse,fixed_features,direction,1.0,10,specimen_10,20,45,1.0,0.276429868150965,0.03581985904307028
omitted,selection,reverse,fixed_features,direction,1.0,10,specimen_10,20,90,1.0,0.23016771753132673,0.034179257056703216
omitted,selection,reverse,fixed_features,direction,1.0,10,specimen_10,40,45,1.0,0.18864750503374741,0.145274374753406
omitted,selection,reverse,fixed_features,direction,1.0,10,specimen_10,40,90,1.0,0.22450104354088327,0.998873227513533
omitted,selection,reverse,fixed_features,direction,1.0,10,specimen_10,60,45,1.0,0.18297466348497884,0.16472070614644418
omitted,selection,reverse,fixed_features,direction,1.0,10,specimen_10,60,90,1.0,0.22193255912986146,0.2525717278730073
omitted,selection,reverse,fixed_features,direction,1.0,57,specimen_57,20,45,1.0,0.24811650353171447,0.12074206376312957
omitted,selection,reverse,fixed_features,direction,1.0,57,specimen_57,20,90,1.0,0.22676901107102224,0.034118752261390495
omitted,selection,reverse,fixed_features,direction,1.0,57,specimen_57,40,45,1.0,0.3223070644293031,0.12438309061861008
omitted,selection,reverse,fixed_features,direction,1.0,57,specimen_57,40,90,1.0,0.26787065837853996,1.076312997402321
omitted,selection,reverse,fixed_features,direction,1.0,57,specimen_57,60,45,1.0,0.34963538561814733,0.3222232766883224
omitted,selection,reverse,fixed_features,direction,1.0,57,specimen_57,60,90,1.0,0.27035481827328983,0.4495411616971843
omitted,selection,reverse,fixed_features,load,0.25,10,specimen_10,20,45,1.0,0.25252584783096693,0.0586088187253242
omitted,selection,reverse,fixed_features,load,0.25,10,specimen_10,20,90,1.0,0.21561620663003903,0.006754167800593347
omitted,selection,reverse,fixed_features,load,0.25,10,specimen_10,40,45,1.0,0.1709406525024791,0.17867764153291288
omitted,selection,reverse,fixed_features,load,0.25,10,specimen_10,40,90,1.0,0.2411880330053636,1.0398742602955795
omitted,selection,reverse,fixed_features,load,0.25,10,specimen_10,60,45,1.0,0.18891451800231165,0.21895125129115556
omitted,selection,reverse,fixed_features,load,0.25,10,specimen_10,60,90,1.0,0.2205156823409248,0.31726091213443053
omitted,selection,reverse,fixed_features,load,0.25,57,specimen_57,20,45,1.0,0.19409248850451355,0.1566368404084344
omitted,selection,reverse,fixed_features,load,0.25,57,specimen_57,20,90,1.0,0.20683309269688044,0.026811708754319374
omitted,selection,reverse,fixed_features,load,0.25,57,specimen_57,40,45,1.0,0.21515759815804633,0.1845879919079978
omitted,selection,reverse,fixed_features,load,0.25,57,specimen_57,40,90,1.0,0.36127318276444154,1.1741246587206837
omitted,selection,reverse,fixed_features,load,0.25,57,specimen_57,60,45,1.0,0.2990169642793447,0.43948077130761565
omitted,selection,reverse,fixed_features,load,0.25,57,specimen_57,60,90,1.0,0.27394221698363846,0.6215344827170903
omitted,selection,reverse,fixed_features,load,0.5,10,specimen_10,20,45,1.0,0.24221744674531884,0.07964760662999248
omitted,selection,reverse,fixed_features,load,0.5,10,specimen_10,20,90,1.0,0.20467997853818312,0.01596758156074929
omitted,selection,reverse,fixed_features,load,0.5,10,specimen_10,40,45,1.0,0.16321713927572434,0.21074090661457046
omitted,selection,reverse,fixed_features,load,0.5,10,specimen_10,40,90,1.0,0.2565635503058524,1.0788310007645323
omitted,selection,reverse,fixed_features,load,0.5,10,specimen_10,60,45,1.0,0.18469927568950864,0.27046210925924163
omitted,selection,reverse,fixed_features,load,0.5,10,specimen_10,60,90,1.0,0.23072200891194009,0.38733698262944705
omitted,selection,reverse,fixed_features,load,0.5,57,specimen_57,20,45,1.0,0.19959677856647526,0.1520957555237321
omitted,selection,reverse,fixed_features,load,0.5,57,specimen_57,20,90,1.0,0.20092043139215296,0.016811936713240327
omitted,selection,reverse,fixed_features,load,0.5,57,specimen_57,40,45,1.0,0.2364618546806185,0.17693500426156894
omitted,selection,reverse,fixed_features,load,0.5,57,specimen_57,40,90,1.0,0.34212170544457193,1.1608638037539372
omitted,selection,reverse,fixed_features,load,0.5,57,specimen_57,60,45,1.0,0.3036407819668892,0.4228072198183874
omitted,selection,reverse,fixed_features,load,0.5,57,specimen_57,60,90,1.0,0.2674787579978429,0.6000828057614733
omitted,selection,reverse,fixed_features,load,1.0,10,specimen_10,20,45,1.0,0.2580305245204872,0.0707843039624586
omitted,selection,reverse,fixed_features,load,1.0,10,specimen_10,20,90,1.0,0.21159614355343367,0.006023008656953377
omitted,selection,reverse,fixed_features,load,1.0,10,specimen_10,40,45,1.0,0.17148079221084958,0.1967336047265329
omitted,selection,reverse,fixed_features,load,1.0,10,specimen_10,40,90,1.0,0.24311566655584263,1.064141009531315
omitted,selection,reverse,fixed_features,load,1.0,10,specimen_10,60,45,1.0,0.17729981057189712,0.24591594439514108
omitted,selection,reverse,fixed_features,load,1.0,10,specimen_10,60,90,1.0,0.22650557154188786,0.36400963144672116
omitted,selection,reverse,fixed_features,load,1.0,57,specimen_57,20,45,1.0,0.2021678875466566,0.1460876953731814
omitted,selection,reverse,fixed_features,load,1.0,57,specimen_57,20,90,1.0,0.20357837460990913,0.008694041996888835
omitted,selection,reverse,fixed_features,load,1.0,57,specimen_57,40,45,1.0,0.24327004356474066,0.16754778176601315
omitted,selection,reverse,fixed_features,load,1.0,57,specimen_57,40,90,1.0,0.33361795114009146,1.1473779925683265
omitted,selection,reverse,fixed_features,load,1.0,57,specimen_57,60,45,1.0,0.30470892728115206,0.40703058454729635
omitted,selection,reverse,fixed_features,load,1.0,57,specimen_57,60,90,1.0,0.26345039272873505,0.577096034333914
omitted,selection,reverse,fixed_features,repeat,0.25,10,specimen_10,20,45,1.0,0.2507504558237904,0.06247899082381747
omitted,selection,reverse,fixed_features,repeat,0.25,10,specimen_10,20,90,1.0,0.2104611979358719,0.0050485523759036255
omitted,selection,reverse,fixed_features,repeat,0.25,10,specimen_10,40,45,1.0,0.16525505906971052,0.18716190791065956
omitted,selection,reverse,fixed_features,repeat,0.25,10,specimen_10,40,90,1.0,0.24895599225184395,1.0634271416837282
omitted,selection,reverse,fixed_features,repeat,0.25,10,specimen_10,60,45,1.0,0.1789490542579951,0.23856456348831045
omitted,selection,reverse,fixed_features,repeat,0.25,10,specimen_10,60,90,1.0,0.2270050969451545,0.36558852050232593
omitted,selection,reverse,fixed_features,repeat,0.25,57,specimen_57,20,45,1.0,0.2001179344199405,0.1664732096075205
omitted,selection,reverse,fixed_features,repeat,0.25,57,specimen_57,20,90,1.0,0.2167474193886465,0.03181389670319157
omitted,selection,reverse,fixed_features,repeat,0.25,57,specimen_57,40,45,1.0,0.20551494466950593,0.19876165470054763
omitted,selection,reverse,fixed_features,repeat,0.25,57,specimen_57,40,90,1.0,0.38269861340146805,1.1835226110332626
omitted,selection,reverse,fixed_features,repeat,0.25,57,specimen_57,60,45,1.0,0.2825817862515219,0.458811881029316
omitted,selection,reverse,fixed_features,repeat,0.25,57,specimen_57,60,90,1.0,0.2853926316698965,0.6370707832049658
omitted,selection,reverse,fixed_features,repeat,0.5,10,specimen_10,20,45,1.0,0.2449102626718543,0.0770296350359082
omitted,selection,reverse,fixed_features,repeat,0.5,10,specimen_10,20,90,1.0,0.20453924846265847,0.020836311143800024
omitted,selection,reverse,fixed_features,repeat,0.5,10,specimen_10,40,45,1.0,0.1635505760343757,0.21030483045891102
omitted,selection,reverse,fixed_features,repeat,0.5,10,specimen_10,40,90,1.0,0.2606451228617784,1.0901564871952747
omitted,selection,reverse,fixed_features,repeat,0.5,10,specimen_10,60,45,1.0,0.18073921056714173,0.2774349398368907
omitted,selection,reverse,fixed_features,repeat,0.5,10,specimen_10,60,90,1.0,0.23438519007713587,0.41346801161557356
omitted,selection,reverse,fixed_features,repeat,0.5,57,specimen_57,20,45,1.0,0.2018730960312276,0.15774404596690972
omitted,selection,reverse,fixed_features,repeat,0.5,57,specimen_57,20,90,1.0,0.20854808799999303,0.01944594109030906
omitted,selection,reverse,fixed_features,repeat,0.5,57,specimen_57,40,45,1.0,0.22444249893652626,0.18519917197942914
omitted,selection,reverse,fixed_features,repeat,0.5,57,specimen_57,40,90,1.0,0.35699876983378753,1.165575856773783
omitted,selection,reverse,fixed_features,repeat,0.5,57,specimen_57,60,45,1.0,0.2911685623055287,0.4350424909704842
omitted,selection,reverse,fixed_features,repeat,0.5,57,specimen_57,60,90,1.0,0.27278504901158485,0.6084917973792197
omitted,selection,reverse,fixed_features,repeat,1.0,10,specimen_10,20,45,1.0,0.2546665910004135,0.0691374945960288
omitted,selection,reverse,fixed_features,repeat,1.0,10,specimen_10,20,90,1.0,0.20865013878581604,0.014621974218754441
omitted,selection,reverse,fixed_features,repeat,1.0,10,specimen_10,40,45,1.0,0.16989269593265446,0.19885969520288882
omitted,selection,reverse,fixed_features,repeat,1.0,10,specimen_10,40,90,1.0,0.2512177493959263,1.080687328314298
omitted,selection,reverse,fixed_features,repeat,1.0,10,specimen_10,60,45,1.0,0.17753076902306872,0.25976439657431083
omitted,selection,reverse,fixed_features,repeat,1.0,10,specimen_10,60,90,1.0,0.22980038838019054,0.39801297256439416
omitted,selection,reverse,fixed_features,repeat,1.0,57,specimen_57,20,45,1.0,0.20445789639402454,0.1518484422979039
omitted,selection,reverse,fixed_features,repeat,1.0,57,specimen_57,20,90,1.0,0.20403646978140647,0.008399086839387837
omitted,selection,reverse,fixed_features,repeat,1.0,57,specimen_57,40,45,1.0,0.24334301457798957,0.17512311606311792
omitted,selection,reverse,fixed_features,repeat,1.0,57,specimen_57,40,90,1.0,0.33229217712166476,1.1472879321504075
omitted,selection,reverse,fixed_features,repeat,1.0,57,specimen_57,60,45,1.0,0.3013178195730687,0.4145589068167952
omitted,selection,reverse,fixed_features,repeat,1.0,57,specimen_57,60,90,1.0,0.264160594630016,0.5755557048072959
omitted,selection,reverse,fixed_features,single,0.25,10,specimen_10,20,45,1.0,0.21906930981022935,0.07825430176611248
omitted,selection,reverse,fixed_features,single,0.25,10,specimen_10,20,90,1.0,0.201686438004831,0.029974266431284424
omitted,selection,reverse,fixed_features,single,0.25,10,specimen_10,40,45,1.0,0.1589090073597628,0.21514124765111797
omitted,selection,reverse,fixed_features,single,0.25,10,specimen_10,40,90,1.0,0.2719189612002393,1.1042782490043135
omitted,selection,reverse,fixed_features,single,0.25,10,specimen_10,60,45,1.0,0.19606941733758165,0.2934970544774982
omitted,selection,reverse,fixed_features,single,0.25,10,specimen_10,60,90,1.0,0.237797941257711,0.4379987536489631
omitted,selection,reverse,fixed_features,single,0.25,57,specimen_57,20,45,1.0,0.2005039417819463,0.16231380159105874
omitted,selection,reverse,fixed_features,single,0.25,57,specimen_57,20,90,1.0,0.20541534570966288,0.02260765725331393
omitted,selection,reverse,fixed_features,single,0.25,57,specimen_57,40,45,1.0,0.23368429900259305,0.18959193603372548
omitted,selection,reverse,fixed_features,single,0.25,57,specimen_57,40,90,1.0,0.342054062423939,1.1663660901009671
omitted,selection,reverse,fixed_features,single,0.25,57,specimen_57,60,45,1.0,0.3037437804530318,0.43630225380110477
omitted,selection,reverse,fixed_features,single,0.25,57,specimen_57,60,90,1.0,0.26694389842710203,0.6014410421089418
omitted,selection,reverse,fixed_features,single,0.5,10,specimen_10,20,45,1.0,0.24632219199957964,0.06862928963855319
omitted,selection,reverse,fixed_features,single,0.5,10,specimen_10,20,90,1.0,0.20754351208170074,0.005789617094555166
omitted,selection,reverse,fixed_features,single,0.5,10,specimen_10,40,45,1.0,0.16560973130532597,0.19643868177890678
omitted,selection,reverse,fixed_features,single,0.5,10,specimen_10,40,90,1.0,0.2509849412332705,1.0659635228640503
omitted,selection,reverse,fixed_features,single,0.5,10,specimen_10,60,45,1.0,0.17996491159161265,0.2518686806686983
omitted,selection,reverse,fixed_features,single,0.5,10,specimen_10,60,90,1.0,0.23039050500348746,0.3720227777051106
omitted,selection,reverse,fixed_features,single,0.5,57,specimen_57,20,45,1.0,0.2103892927610217,0.14990585911858034
omitted,selection,reverse,fixed_features,single,0.5,57,specimen_57,20,90,1.0,0.20443831938088106,0.004289783172381267
omitted,selection,reverse,fixed_features,single,0.5,57,specimen_57,40,45,1.0,0.25977952256455433,0.17056953093948668
omitted,selection,reverse,fixed_features,single,0.5,57,specimen_57,40,90,1.0,0.31769271695126355,1.1394537200000647
omitted,selection,reverse,fixed_features,single,0.5,57,specimen_57,60,45,1.0,0.31329714622186494,0.40331377934012735
omitted,selection,reverse,fixed_features,single,0.5,57,specimen_57,60,90,1.0,0.26222931667967425,0.5593436309995603
omitted,selection,reverse,fixed_features,single,1.0,10,specimen_10,20,45,1.0,0.2634235465396465,0.058808747366321024
omitted,selection,reverse,fixed_features,single,1.0,10,specimen_10,20,90,1.0,0.21646071617080334,0.0025154333065234846
omitted,selection,reverse,fixed_features,single,1.0,10,specimen_10,40,45,1.0,0.17508080053066352,0.18121198757154078
omitted,selection,reverse,fixed_features,single,1.0,10,specimen_10,40,90,1.0,0.2406267206318239,1.0522864916567778
omitted,selection,reverse,fixed_features,single,1.0,10,specimen_10,60,45,1.0,0.17538716264217136,0.2265641282380939
omitted,selection,reverse,fixed_features,single,1.0,10,specimen_10,60,90,1.0,0.22524962533349538,0.3478360249872201
omitted,selection,reverse,fixed_features,single,1.0,57,specimen_57,20,45,1.0,0.20918294363104187,0.14619704550208168
omitted,selection,reverse,fixed_features,single,1.0,57,specimen_57,20,90,1.0,0.20475244918808388,0.001162473234770478
omitted,selection,reverse,fixed_features,single,1.0,57,specimen_57,40,45,1.0,0.2596611014816781,0.16569454776396508
omitted,selection,reverse,fixed_features,single,1.0,57,specimen_57,40,90,1.0,0.3162195543036979,1.1346588882003883
omitted,selection,reverse,fixed_features,single,1.0,57,specimen_57,60,45,1.0,0.31253340763224424,0.3971199729747965
omitted,selection,reverse,fixed_features,single,1.0,57,specimen_57,60,90,1.0,0.26044876486905416,0.5521678063644218
omitted,selection,reverse,fixed_features,speed,0.25,10,specimen_10,20,45,1.0,0.20237328505294994,0.09936904905404176
omitted,selection,reverse,fixed_features,speed,0.25,10,specimen_10,20,90,1.0,0.19570864585012626,0.053384555176888115
omitted,selection,reverse,fixed_features,speed,0.25,10,specimen_10,40,45,1.0,0.16240831711818116,0.24836443044098766
omitted,selection,reverse,fixed_features,speed,0.25,10,specimen_10,40,90,1.0,0.29311923817944313,1.1464779466863046
omitted,selection,reverse,fixed_features,speed,0.25,10,specimen_10,60,45,1.0,0.203582935448139,0.34898554701323503
omitted,selection,reverse,fixed_features,speed,0.25,10,specimen_10,60,90,1.0,0.2581832978904828,0.5175753739152553
omitted,selection,reverse,fixed_features,speed,0.25,57,specimen_57,20,45,1.0,0.19805310634233164,0.15488795675967626
omitted,selection,reverse,fixed_features,speed,0.25,57,specimen_57,20,90,1.0,0.20057967931996493,0.01891242136895921
omitted,selection,reverse,fixed_features,speed,0.25,57,specimen_57,40,45,1.0,0.23859355398713503,0.1797790686994395
omitted,selection,reverse,fixed_features,speed,0.25,57,specimen_57,40,90,1.0,0.33681491843698147,1.1609121801222952
omitted,selection,reverse,fixed_features,speed,0.25,57,specimen_57,60,45,1.0,0.3080986666319189,0.42432716456366415
omitted,selection,reverse,fixed_features,speed,0.25,57,specimen_57,60,90,1.0,0.26475876603423343,0.5949480913971052
omitted,selection,reverse,fixed_features,speed,0.5,10,specimen_10,20,45,1.0,0.24115329656940562,0.0751029805164174
omitted,selection,reverse,fixed_features,speed,0.5,10,specimen_10,20,90,1.0,0.20427692942454553,0.01401505473805309
omitted,selection,reverse,fixed_features,speed,0.5,10,specimen_10,40,45,1.0,0.16656193625659257,0.20685841821824114
omitted,selection,reverse,fixed_features,speed,0.5,10,specimen_10,40,90,1.0,0.2532259251705497,1.08179337794355
omitted,selection,reverse,fixed_features,speed,0.5,10,specimen_10,60,45,1.0,0.17909298842202678,0.2692111647550426
omitted,selection,reverse,fixed_features,speed,0.5,10,specimen_10,60,90,1.0,0.2369918817363245,0.40325837269037024
omitted,selection,reverse,fixed_features,speed,0.5,57,specimen_57,20,45,1.0,0.20433630680780115,0.14913052141697153
omitted,selection,reverse,fixed_features,speed,0.5,57,specimen_57,20,90,1.0,0.20034851371515724,0.010484487741534654
omitted,selection,reverse,fixed_features,speed,0.5,57,specimen_57,40,45,1.0,0.25606255519392856,0.1709556203412399
omitted,selection,reverse,fixed_features,speed,0.5,57,specimen_57,40,90,1.0,0.32408801263943854,1.1491987002145778
omitted,selection,reverse,fixed_features,speed,0.5,57,specimen_57,60,45,1.0,0.3166418566602223,0.40930083638991865
omitted,selection,reverse,fixed_features,speed,0.5,57,specimen_57,60,90,1.0,0.26367845934742323,0.577413665503355
omitted,selection,reverse,fixed_features,speed,1.0,10,specimen_10,20,45,1.0,0.24996108099876868,0.07540410209005932
omitted,selection,reverse,fixed_features,speed,1.0,10,specimen_10,20,90,1.0,0.20553515853316737,0.014369978604357181
omitted,selection,reverse,fixed_features,speed,1.0,10,specimen_10,40,45,1.0,0.16986603602821226,0.20695303694449274
omitted,selection,reverse,fixed_features,speed,1.0,10,specimen_10,40,90,1.0,0.25204124044115067,1.0816513839959645
omitted,selection,reverse,fixed_features,speed,1.0,10,specimen_10,60,45,1.0,0.17643321189601271,0.26834157592344576
omitted,selection,reverse,fixed_features,speed,1.0,10,specimen_10,60,90,1.0,0.2350020991254094,0.40132235363103974
omitted,selection,reverse,fixed_features,speed,1.0,57,specimen_57,20,45,1.0,0.20635249131463285,0.14743899938450256
omitted,selection,reverse,fixed_features,speed,1.0,57,specimen_57,20,90,1.0,0.202315771598089,0.0076118414916025445
omitted,selection,reverse,fixed_features,speed,1.0,57,specimen_57,40,45,1.0,0.2575771889464982,0.1683412478230888
omitted,selection,reverse,fixed_features,speed,1.0,57,specimen_57,40,90,1.0,0.3220951729989418,1.1447333715723005
omitted,selection,reverse,fixed_features,speed,1.0,57,specimen_57,60,45,1.0,0.3157451409793854,0.4049027030721819
omitted,selection,reverse,fixed_features,speed,1.0,57,specimen_57,60,90,1.0,0.2611849887526803,0.5699569403552143
omitted,selection,reverse,retrieval,direction,0.25,10,specimen_10,20,45,1.0,0.15668141433046331,0.017963289254275705
omitted,selection,reverse,retrieval,direction,0.25,10,specimen_10,20,90,1.0,0.15701886696740483,0.11465381065104463
omitted,selection,reverse,retrieval,direction,0.25,10,specimen_10,40,45,1.0,0.1479176281784961,0.20159405348054737
omitted,selection,reverse,retrieval,direction,0.25,10,specimen_10,40,90,1.0,0.15948963814273873,0.07789585413761113
omitted,selection,reverse,retrieval,direction,0.25,10,specimen_10,60,45,1.0,0.15573369933002748,0.16094427889927299
omitted,selection,reverse,retrieval,direction,0.25,10,specimen_10,60,90,1.0,0.14394650389638533,0.30134843400130285
omitted,selection,reverse,retrieval,direction,0.25,57,specimen_57,20,45,1.0,0.13537138111084906,0.015713656971301004
omitted,selection,reverse,retrieval,direction,0.25,57,specimen_57,20,90,1.0,0.1400888688325194,0.09890362932074259
omitted,selection,reverse,retrieval,direction,0.25,57,specimen_57,40,45,1.0,0.12553383553061367,0.009843575467112897
omitted,selection,reverse,retrieval,direction,0.25,57,specimen_57,40,90,1.0,0.13367267722014478,0.0242508687117029
omitted,selection,reverse,retrieval,direction,0.25,57,specimen_57,60,45,1.0,0.181540269221055,0.17365980692529148
omitted,selection,reverse,retrieval,direction,0.25,57,specimen_57,60,90,1.0,0.13114901707692486,0.10263558000762263
omitted,selection,reverse,retrieval,direction,0.5,10,specimen_10,20,45,1.0,0.15668141433046331,0.017963289254275705
omitted,selection,reverse,retrieval,direction,0.5,10,specimen_10,20,90,1.0,0.15701886696740483,0.11465381065104463
omitted,selection,reverse,retrieval,direction,0.5,10,specimen_10,40,45,1.0,0.1479176281784961,0.20159405348054737
omitted,selection,reverse,retrieval,direction,0.5,10,specimen_10,40,90,1.0,0.15948963814273873,0.07789585413761113
omitted,selection,reverse,retrieval,direction,0.5,10,specimen_10,60,45,1.0,0.15573369933002748,0.16094427889927299
omitted,selection,reverse,retrieval,direction,0.5,10,specimen_10,60,90,1.0,0.14394650389638533,0.30134843400130285
omitted,selection,reverse,retrieval,direction,0.5,57,specimen_57,20,45,1.0,0.13537138111084906,0.015713656971301004
omitted,selection,reverse,retrieval,direction,0.5,57,specimen_57,20,90,1.0,0.1400888688325194,0.09890362932074259
omitted,selection,reverse,retrieval,direction,0.5,57,specimen_57,40,45,1.0,0.12553383553061367,0.009843575467112897
omitted,selection,reverse,retrieval,direction,0.5,57,specimen_57,40,90,1.0,0.13367267722014478,0.0242508687117029
omitted,selection,reverse,retrieval,direction,0.5,57,specimen_57,60,45,1.0,0.181540269221055,0.17365980692529148
omitted,selection,reverse,retrieval,direction,0.5,57,specimen_57,60,90,1.0,0.13114901707692486,0.10263558000762263
omitted,selection,reverse,retrieval,direction,1.0,10,specimen_10,20,45,1.0,0.15668141433046331,0.017963289254275705
omitted,selection,reverse,retrieval,direction,1.0,10,specimen_10,20,90,1.0,0.15701886696740483,0.11465381065104463
omitted,selection,reverse,retrieval,direction,1.0,10,specimen_10,40,45,1.0,0.1479176281784961,0.20159405348054737
omitted,selection,reverse,retrieval,direction,1.0,10,specimen_10,40,90,1.0,0.15948963814273873,0.07789585413761113
omitted,selection,reverse,retrieval,direction,1.0,10,specimen_10,60,45,1.0,0.15573369933002748,0.16094427889927299
omitted,selection,reverse,retrieval,direction,1.0,10,specimen_10,60,90,1.0,0.14394650389638533,0.30134843400130285
omitted,selection,reverse,retrieval,direction,1.0,57,specimen_57,20,45,1.0,0.13537138111084906,0.015713656971301004
omitted,selection,reverse,retrieval,direction,1.0,57,specimen_57,20,90,1.0,0.1400888688325194,0.09890362932074259
omitted,selection,reverse,retrieval,direction,1.0,57,specimen_57,40,45,1.0,0.12553383553061367,0.009843575467112897
omitted,selection,reverse,retrieval,direction,1.0,57,specimen_57,40,90,1.0,0.13367267722014478,0.0242508687117029
omitted,selection,reverse,retrieval,direction,1.0,57,specimen_57,60,45,1.0,0.181540269221055,0.17365980692529148
omitted,selection,reverse,retrieval,direction,1.0,57,specimen_57,60,90,1.0,0.13114901707692486,0.10263558000762263
omitted,selection,reverse,retrieval,load,0.25,10,specimen_10,20,45,1.0,1.5569442888914535,4.6259086962300575
omitted,selection,reverse,retrieval,load,0.25,10,specimen_10,20,90,1.0,0.18362262181245223,0.008109129101002588
omitted,selection,reverse,retrieval,load,0.25,10,specimen_10,40,45,1.0,1.1297920400498034,6.424889466922226
omitted,selection,reverse,retrieval,load,0.25,10,specimen_10,40,90,1.0,0.2193845076486991,0.7055730021601474
omitted,selection,reverse,retrieval,load,0.25,10,specimen_10,60,45,1.0,0.9873985199750624,7.358044267367141
omitted,selection,reverse,retrieval,load,0.25,10,specimen_10,60,90,1.0,0.2870435631896629,1.0688252092790194
omitted,selection,reverse,retrieval,load,0.25,57,specimen_57,20,45,1.0,0.13537138111084906,0.015713656971301004
omitted,selection,reverse,retrieval,load,0.25,57,specimen_57,20,90,1.0,0.1400888688325194,0.09890362932074259
omitted,selection,reverse,retrieval,load,0.25,57,specimen_57,40,45,1.0,0.12553383553061367,0.009843575467112897
omitted,selection,reverse,retrieval,load,0.25,57,specimen_57,40,90,1.0,0.13367267722014478,0.0242508687117029
omitted,selection,reverse,retrieval,load,0.25,57,specimen_57,60,45,1.0,0.181540269221055,0.17365980692529148
omitted,selection,reverse,retrieval,load,0.25,57,specimen_57,60,90,1.0,0.13114901707692486,0.10263558000762263
omitted,selection,reverse,retrieval,load,0.5,10,specimen_10,20,45,1.0,0.15668141433046331,0.017963289254275705
omitted,selection,reverse,retrieval,load,0.5,10,specimen_10,20,90,1.0,0.15701886696740483,0.11465381065104463
omitted,selection,reverse,retrieval,load,0.5,10,specimen_10,40,45,1.0,0.1479176281784961,0.20159405348054737
omitted,selection,reverse,retrieval,load,0.5,10,specimen_10,40,90,1.0,0.15948963814273873,0.07789585413761113
omitted,selection,reverse,retrieval,load,0.5,10,specimen_10,60,45,1.0,0.15573369933002748,0.16094427889927299
omitted,selection,reverse,retrieval,load,0.5,10,specimen_10,60,90,1.0,0.14394650389638533,0.30134843400130285
omitted,selection,reverse,retrieval,load,0.5,57,specimen_57,20,45,1.0,0.13537138111084906,0.015713656971301004
omitted,selection,reverse,retrieval,load,0.5,57,specimen_57,20,90,1.0,0.1400888688325194,0.09890362932074259
omitted,selection,reverse,retrieval,load,0.5,57,specimen_57,40,45,1.0,0.12553383553061367,0.009843575467112897
omitted,selection,reverse,retrieval,load,0.5,57,specimen_57,40,90,1.0,0.13367267722014478,0.0242508687117029
omitted,selection,reverse,retrieval,load,0.5,57,specimen_57,60,45,1.0,0.181540269221055,0.17365980692529148
omitted,selection,reverse,retrieval,load,0.5,57,specimen_57,60,90,1.0,0.13114901707692486,0.10263558000762263
omitted,selection,reverse,retrieval,load,1.0,10,specimen_10,20,45,1.0,0.15668141433046331,0.017963289254275705
omitted,selection,reverse,retrieval,load,1.0,10,specimen_10,20,90,1.0,0.15701886696740483,0.11465381065104463
omitted,selection,reverse,retrieval,load,1.0,10,specimen_10,40,45,1.0,0.1479176281784961,0.20159405348054737
omitted,selection,reverse,retrieval,load,1.0,10,specimen_10,40,90,1.0,0.15948963814273873,0.07789585413761113
omitted,selection,reverse,retrieval,load,1.0,10,specimen_10,60,45,1.0,0.15573369933002748,0.16094427889927299
omitted,selection,reverse,retrieval,load,1.0,10,specimen_10,60,90,1.0,0.14394650389638533,0.30134843400130285
omitted,selection,reverse,retrieval,load,1.0,57,specimen_57,20,45,1.0,0.13537138111084906,0.015713656971301004
omitted,selection,reverse,retrieval,load,1.0,57,specimen_57,20,90,1.0,0.1400888688325194,0.09890362932074259
omitted,selection,reverse,retrieval,load,1.0,57,specimen_57,40,45,1.0,0.12553383553061367,0.009843575467112897
omitted,selection,reverse,retrieval,load,1.0,57,specimen_57,40,90,1.0,0.13367267722014478,0.0242508687117029
omitted,selection,reverse,retrieval,load,1.0,57,specimen_57,60,45,1.0,0.181540269221055,0.17365980692529148
omitted,selection,reverse,retrieval,load,1.0,57,specimen_57,60,90,1.0,0.13114901707692486,0.10263558000762263
omitted,selection,reverse,retrieval,repeat,0.25,10,specimen_10,20,45,1.0,0.15668141433046331,0.017963289254275705
omitted,selection,reverse,retrieval,repeat,0.25,10,specimen_10,20,90,1.0,0.15701886696740483,0.11465381065104463
omitted,selection,reverse,retrieval,repeat,0.25,10,specimen_10,40,45,1.0,0.1479176281784961,0.20159405348054737
omitted,selection,reverse,retrieval,repeat,0.25,10,specimen_10,40,90,1.0,0.15948963814273873,0.07789585413761113
omitted,selection,reverse,retrieval,repeat,0.25,10,specimen_10,60,45,1.0,0.15573369933002748,0.16094427889927299
omitted,selection,reverse,retrieval,repeat,0.25,10,specimen_10,60,90,1.0,0.14394650389638533,0.30134843400130285
omitted,selection,reverse,retrieval,repeat,0.25,57,specimen_57,20,45,1.0,0.13537138111084906,0.015713656971301004
omitted,selection,reverse,retrieval,repeat,0.25,57,specimen_57,20,90,1.0,0.1400888688325194,0.09890362932074259
omitted,selection,reverse,retrieval,repeat,0.25,57,specimen_57,40,45,1.0,0.12553383553061367,0.009843575467112897
omitted,selection,reverse,retrieval,repeat,0.25,57,specimen_57,40,90,1.0,0.13367267722014478,0.0242508687117029
omitted,selection,reverse,retrieval,repeat,0.25,57,specimen_57,60,45,1.0,0.181540269221055,0.17365980692529148
omitted,selection,reverse,retrieval,repeat,0.25,57,specimen_57,60,90,1.0,0.13114901707692486,0.10263558000762263
omitted,selection,reverse,retrieval,repeat,0.5,10,specimen_10,20,45,1.0,0.15668141433046331,0.017963289254275705
omitted,selection,reverse,retrieval,repeat,0.5,10,specimen_10,20,90,1.0,0.15701886696740483,0.11465381065104463
omitted,selection,reverse,retrieval,repeat,0.5,10,specimen_10,40,45,1.0,0.1479176281784961,0.20159405348054737
omitted,selection,reverse,retrieval,repeat,0.5,10,specimen_10,40,90,1.0,0.15948963814273873,0.07789585413761113
omitted,selection,reverse,retrieval,repeat,0.5,10,specimen_10,60,45,1.0,0.15573369933002748,0.16094427889927299
omitted,selection,reverse,retrieval,repeat,0.5,10,specimen_10,60,90,1.0,0.14394650389638533,0.30134843400130285
omitted,selection,reverse,retrieval,repeat,0.5,57,specimen_57,20,45,1.0,0.13537138111084906,0.015713656971301004
omitted,selection,reverse,retrieval,repeat,0.5,57,specimen_57,20,90,1.0,0.1400888688325194,0.09890362932074259
omitted,selection,reverse,retrieval,repeat,0.5,57,specimen_57,40,45,1.0,0.12553383553061367,0.009843575467112897
omitted,selection,reverse,retrieval,repeat,0.5,57,specimen_57,40,90,1.0,0.13367267722014478,0.0242508687117029
omitted,selection,reverse,retrieval,repeat,0.5,57,specimen_57,60,45,1.0,0.181540269221055,0.17365980692529148
omitted,selection,reverse,retrieval,repeat,0.5,57,specimen_57,60,90,1.0,0.13114901707692486,0.10263558000762263
omitted,selection,reverse,retrieval,repeat,1.0,10,specimen_10,20,45,1.0,0.15668141433046331,0.017963289254275705
omitted,selection,reverse,retrieval,repeat,1.0,10,specimen_10,20,90,1.0,0.15701886696740483,0.11465381065104463
omitted,selection,reverse,retrieval,repeat,1.0,10,specimen_10,40,45,1.0,0.1479176281784961,0.20159405348054737
omitted,selection,reverse,retrieval,repeat,1.0,10,specimen_10,40,90,1.0,0.15948963814273873,0.07789585413761113
omitted,selection,reverse,retrieval,repeat,1.0,10,specimen_10,60,45,1.0,0.15573369933002748,0.16094427889927299
omitted,selection,reverse,retrieval,repeat,1.0,10,specimen_10,60,90,1.0,0.14394650389638533,0.30134843400130285
omitted,selection,reverse,retrieval,repeat,1.0,57,specimen_57,20,45,1.0,0.13537138111084906,0.015713656971301004
omitted,selection,reverse,retrieval,repeat,1.0,57,specimen_57,20,90,1.0,0.1400888688325194,0.09890362932074259
omitted,selection,reverse,retrieval,repeat,1.0,57,specimen_57,40,45,1.0,0.12553383553061367,0.009843575467112897
omitted,selection,reverse,retrieval,repeat,1.0,57,specimen_57,40,90,1.0,0.13367267722014478,0.0242508687117029
omitted,selection,reverse,retrieval,repeat,1.0,57,specimen_57,60,45,1.0,0.181540269221055,0.17365980692529148
omitted,selection,reverse,retrieval,repeat,1.0,57,specimen_57,60,90,1.0,0.13114901707692486,0.10263558000762263
omitted,selection,reverse,retrieval,single,0.25,10,specimen_10,20,45,1.0,0.15668141433046331,0.017963289254275705
omitted,selection,reverse,retrieval,single,0.25,10,specimen_10,20,90,1.0,0.15701886696740483,0.11465381065104463
omitted,selection,reverse,retrieval,single,0.25,10,specimen_10,40,45,1.0,0.1479176281784961,0.20159405348054737
omitted,selection,reverse,retrieval,single,0.25,10,specimen_10,40,90,1.0,0.15948963814273873,0.07789585413761113
omitted,selection,reverse,retrieval,single,0.25,10,specimen_10,60,45,1.0,0.15573369933002748,0.16094427889927299
omitted,selection,reverse,retrieval,single,0.25,10,specimen_10,60,90,1.0,0.14394650389638533,0.30134843400130285
omitted,selection,reverse,retrieval,single,0.25,57,specimen_57,20,45,1.0,0.13537138111084906,0.015713656971301004
omitted,selection,reverse,retrieval,single,0.25,57,specimen_57,20,90,1.0,0.1400888688325194,0.09890362932074259
omitted,selection,reverse,retrieval,single,0.25,57,specimen_57,40,45,1.0,0.12553383553061367,0.009843575467112897
omitted,selection,reverse,retrieval,single,0.25,57,specimen_57,40,90,1.0,0.13367267722014478,0.0242508687117029
omitted,selection,reverse,retrieval,single,0.25,57,specimen_57,60,45,1.0,0.181540269221055,0.17365980692529148
omitted,selection,reverse,retrieval,single,0.25,57,specimen_57,60,90,1.0,0.13114901707692486,0.10263558000762263
omitted,selection,reverse,retrieval,single,0.5,10,specimen_10,20,45,1.0,0.15668141433046331,0.017963289254275705
omitted,selection,reverse,retrieval,single,0.5,10,specimen_10,20,90,1.0,0.15701886696740483,0.11465381065104463
omitted,selection,reverse,retrieval,single,0.5,10,specimen_10,40,45,1.0,0.1479176281784961,0.20159405348054737
omitted,selection,reverse,retrieval,single,0.5,10,specimen_10,40,90,1.0,0.15948963814273873,0.07789585413761113
omitted,selection,reverse,retrieval,single,0.5,10,specimen_10,60,45,1.0,0.15573369933002748,0.16094427889927299
omitted,selection,reverse,retrieval,single,0.5,10,specimen_10,60,90,1.0,0.14394650389638533,0.30134843400130285
omitted,selection,reverse,retrieval,single,0.5,57,specimen_57,20,45,1.0,0.13537138111084906,0.015713656971301004
omitted,selection,reverse,retrieval,single,0.5,57,specimen_57,20,90,1.0,0.1400888688325194,0.09890362932074259
omitted,selection,reverse,retrieval,single,0.5,57,specimen_57,40,45,1.0,0.12553383553061367,0.009843575467112897
omitted,selection,reverse,retrieval,single,0.5,57,specimen_57,40,90,1.0,0.13367267722014478,0.0242508687117029
omitted,selection,reverse,retrieval,single,0.5,57,specimen_57,60,45,1.0,0.181540269221055,0.17365980692529148
omitted,selection,reverse,retrieval,single,0.5,57,specimen_57,60,90,1.0,0.13114901707692486,0.10263558000762263
omitted,selection,reverse,retrieval,single,1.0,10,specimen_10,20,45,1.0,0.15668141433046331,0.017963289254275705
omitted,selection,reverse,retrieval,single,1.0,10,specimen_10,20,90,1.0,0.15701886696740483,0.11465381065104463
omitted,selection,reverse,retrieval,single,1.0,10,specimen_10,40,45,1.0,0.1479176281784961,0.20159405348054737
omitted,selection,reverse,retrieval,single,1.0,10,specimen_10,40,90,1.0,0.15948963814273873,0.07789585413761113
omitted,selection,reverse,retrieval,single,1.0,10,specimen_10,60,45,1.0,0.15573369933002748,0.16094427889927299
omitted,selection,reverse,retrieval,single,1.0,10,specimen_10,60,90,1.0,0.14394650389638533,0.30134843400130285
omitted,selection,reverse,retrieval,single,1.0,57,specimen_57,20,45,1.0,0.13537138111084906,0.015713656971301004
omitted,selection,reverse,retrieval,single,1.0,57,specimen_57,20,90,1.0,0.1400888688325194,0.09890362932074259
omitted,selection,reverse,retrieval,single,1.0,57,specimen_57,40,45,1.0,0.12553383553061367,0.009843575467112897
omitted,selection,reverse,retrieval,single,1.0,57,specimen_57,40,90,1.0,0.13367267722014478,0.0242508687117029
omitted,selection,reverse,retrieval,single,1.0,57,specimen_57,60,45,1.0,0.181540269221055,0.17365980692529148
omitted,selection,reverse,retrieval,single,1.0,57,specimen_57,60,90,1.0,0.13114901707692486,0.10263558000762263
omitted,selection,reverse,retrieval,speed,0.25,10,specimen_10,20,45,1.0,0.15668141433046331,0.017963289254275705
omitted,selection,reverse,retrieval,speed,0.25,10,specimen_10,20,90,1.0,0.15701886696740483,0.11465381065104463
omitted,selection,reverse,retrieval,speed,0.25,10,specimen_10,40,45,1.0,0.1479176281784961,0.20159405348054737
omitted,selection,reverse,retrieval,speed,0.25,10,specimen_10,40,90,1.0,0.15948963814273873,0.07789585413761113
omitted,selection,reverse,retrieval,speed,0.25,10,specimen_10,60,45,1.0,0.15573369933002748,0.16094427889927299
omitted,selection,reverse,retrieval,speed,0.25,10,specimen_10,60,90,1.0,0.14394650389638533,0.30134843400130285
omitted,selection,reverse,retrieval,speed,0.25,57,specimen_57,20,45,1.0,0.13537138111084906,0.015713656971301004
omitted,selection,reverse,retrieval,speed,0.25,57,specimen_57,20,90,1.0,0.1400888688325194,0.09890362932074259
omitted,selection,reverse,retrieval,speed,0.25,57,specimen_57,40,45,1.0,0.12553383553061367,0.009843575467112897
omitted,selection,reverse,retrieval,speed,0.25,57,specimen_57,40,90,1.0,0.13367267722014478,0.0242508687117029
omitted,selection,reverse,retrieval,speed,0.25,57,specimen_57,60,45,1.0,0.181540269221055,0.17365980692529148
omitted,selection,reverse,retrieval,speed,0.25,57,specimen_57,60,90,1.0,0.13114901707692486,0.10263558000762263
omitted,selection,reverse,retrieval,speed,0.5,10,specimen_10,20,45,1.0,0.15668141433046331,0.017963289254275705
omitted,selection,reverse,retrieval,speed,0.5,10,specimen_10,20,90,1.0,0.15701886696740483,0.11465381065104463
omitted,selection,reverse,retrieval,speed,0.5,10,specimen_10,40,45,1.0,0.1479176281784961,0.20159405348054737
omitted,selection,reverse,retrieval,speed,0.5,10,specimen_10,40,90,1.0,0.15948963814273873,0.07789585413761113
omitted,selection,reverse,retrieval,speed,0.5,10,specimen_10,60,45,1.0,0.15573369933002748,0.16094427889927299
omitted,selection,reverse,retrieval,speed,0.5,10,specimen_10,60,90,1.0,0.14394650389638533,0.30134843400130285
omitted,selection,reverse,retrieval,speed,0.5,57,specimen_57,20,45,1.0,0.13537138111084906,0.015713656971301004
omitted,selection,reverse,retrieval,speed,0.5,57,specimen_57,20,90,1.0,0.1400888688325194,0.09890362932074259
omitted,selection,reverse,retrieval,speed,0.5,57,specimen_57,40,45,1.0,0.12553383553061367,0.009843575467112897
omitted,selection,reverse,retrieval,speed,0.5,57,specimen_57,40,90,1.0,0.13367267722014478,0.0242508687117029
omitted,selection,reverse,retrieval,speed,0.5,57,specimen_57,60,45,1.0,0.181540269221055,0.17365980692529148
omitted,selection,reverse,retrieval,speed,0.5,57,specimen_57,60,90,1.0,0.13114901707692486,0.10263558000762263
omitted,selection,reverse,retrieval,speed,1.0,10,specimen_10,20,45,1.0,0.15668141433046331,0.017963289254275705
omitted,selection,reverse,retrieval,speed,1.0,10,specimen_10,20,90,1.0,0.15701886696740483,0.11465381065104463
omitted,selection,reverse,retrieval,speed,1.0,10,specimen_10,40,45,1.0,0.1479176281784961,0.20159405348054737
omitted,selection,reverse,retrieval,speed,1.0,10,specimen_10,40,90,1.0,0.15948963814273873,0.07789585413761113
omitted,selection,reverse,retrieval,speed,1.0,10,specimen_10,60,45,1.0,0.15573369933002748,0.16094427889927299
omitted,selection,reverse,retrieval,speed,1.0,10,specimen_10,60,90,1.0,0.14394650389638533,0.30134843400130285
omitted,selection,reverse,retrieval,speed,1.0,57,specimen_57,20,45,1.0,0.13537138111084906,0.015713656971301004
omitted,selection,reverse,retrieval,speed,1.0,57,specimen_57,20,90,1.0,0.1400888688325194,0.09890362932074259
omitted,selection,reverse,retrieval,speed,1.0,57,specimen_57,40,45,1.0,0.12553383553061367,0.009843575467112897
omitted,selection,reverse,retrieval,speed,1.0,57,specimen_57,40,90,1.0,0.13367267722014478,0.0242508687117029
omitted,selection,reverse,retrieval,speed,1.0,57,specimen_57,60,45,1.0,0.181540269221055,0.17365980692529148
omitted,selection,reverse,retrieval,speed,1.0,57,specimen_57,60,90,1.0,0.13114901707692486,0.10263558000762263
omitted,selection,reverse,speed_rescaling,direction,0.25,10,specimen_10,20,45,1.0,0.5536254128161275,0.2550811986628304
omitted,selection,reverse,speed_rescaling,direction,0.25,10,specimen_10,20,90,1.0,0.5010842975639105,1.6491212511589641
omitted,selection,reverse,speed_rescaling,direction,0.25,10,specimen_10,40,45,1.0,0.5655486651965248,0.1261204468749385
omitted,selection,reverse,speed_rescaling,direction,0.25,10,specimen_10,40,90,1.0,0.17536372170410183,0.44590167921889545
omitted,selection,reverse,speed_rescaling,direction,0.25,10,specimen_10,60,45,1.0,0.6868795422769653,0.7927414326221569
omitted,selection,reverse,speed_rescaling,direction,0.25,10,specimen_10,60,90,1.0,0.6895256523898542,0.5211175225726863
omitted,selection,reverse,speed_rescaling,direction,0.25,57,specimen_57,20,45,1.0,0.4365482120882784,0.2872129198081742
omitted,selection,reverse,speed_rescaling,direction,0.25,57,specimen_57,20,90,1.0,0.5920109444220882,1.5760788308656184
omitted,selection,reverse,speed_rescaling,direction,0.25,57,specimen_57,40,45,1.0,0.5315021205962501,0.5094968575465645
omitted,selection,reverse,speed_rescaling,direction,0.25,57,specimen_57,40,90,1.0,0.20336322026130285,0.4753445828130465
omitted,selection,reverse,speed_rescaling,direction,0.25,57,specimen_57,60,45,1.0,0.7187628063729039,1.2147767511555427
omitted,selection,reverse,speed_rescaling,direction,0.25,57,specimen_57,60,90,1.0,0.7273496252591723,0.6634914778117125
omitted,selection,reverse,speed_rescaling,direction,0.5,10,specimen_10,20,45,1.0,0.5374719247181634,0.2206020901392014
omitted,selection,reverse,speed_rescaling,direction,0.5,10,specimen_10,20,90,1.0,0.49725511498465425,1.4821781458729768
omitted,selection,reverse,speed_rescaling,direction,0.5,10,specimen_10,40,45,1.0,0.5585771613923903,0.18022348506692987
omitted,selection,reverse,speed_rescaling,direction,0.5,10,specimen_10,40,90,1.0,0.13609298700737896,0.2726592718761789
omitted,selection,reverse,speed_rescaling,direction,0.5,10,specimen_10,60,45,1.0,0.6990362592723635,0.8480144552833133
omitted,selection,reverse,speed_rescaling,direction,0.5,10,specimen_10,60,90,1.0,0.6327308220506652,0.3371064463789937
omitted,selection,reverse,speed_rescaling,direction,0.5,57,specimen_57,20,45,1.0,0.4405742128326878,0.30436651152174143
omitted,selection,reverse,speed_rescaling,direction,0.5,57,specimen_57,20,90,1.0,0.5911934778544597,1.5696795999024094
omitted,selection,reverse,speed_rescaling,direction,0.5,57,specimen_57,40,45,1.0,0.5029494739232127,0.5421888355794202
omitted,selection,reverse,speed_rescaling,direction,0.5,57,specimen_57,40,90,1.0,0.21898007511844786,0.46516136424627996
omitted,selection,reverse,speed_rescaling,direction,0.5,57,specimen_57,60,45,1.0,0.7371916045964847,1.2490864497111691
omitted,selection,reverse,speed_rescaling,direction,0.5,57,specimen_57,60,90,1.0,0.7377595832948666,0.6478348317603699
omitted,selection,reverse,speed_rescaling,direction,1.0,10,specimen_10,20,45,1.0,0.5160931925514822,0.13510237596195807
omitted,selection,reverse,speed_rescaling,direction,1.0,10,specimen_10,20,90,1.0,0.4878259596732275,1.398710619547266
omitted,selection,reverse,speed_rescaling,direction,1.0,10,specimen_10,40,45,1.0,0.526693057014675,0.271119549913696
omitted,selection,reverse,speed_rescaling,direction,1.0,10,specimen_10,40,90,1.0,0.12278686536009482,0.19252642984642732
omitted,selection,reverse,speed_rescaling,direction,1.0,10,specimen_10,60,45,1.0,0.7046296698252462,0.9443221493395837
omitted,selection,reverse,speed_rescaling,direction,1.0,10,specimen_10,60,90,1.0,0.6235678753001265,0.25141007643989743
omitted,selection,reverse,speed_rescaling,direction,1.0,57,specimen_57,20,45,1.0,0.4472215521648218,0.31743868711962775
omitted,selection,reverse,speed_rescaling,direction,1.0,57,specimen_57,20,90,1.0,0.578258909928365,1.5432231125782536
omitted,selection,reverse,speed_rescaling,direction,1.0,57,specimen_57,40,45,1.0,0.48925743128961746,0.5618516356138832
omitted,selection,reverse,speed_rescaling,direction,1.0,57,specimen_57,40,90,1.0,0.1940774142765512,0.4314291872070193
omitted,selection,reverse,speed_rescaling,direction,1.0,57,specimen_57,60,45,1.0,0.7385295346627428,1.2704939493020864
omitted,selection,reverse,speed_rescaling,direction,1.0,57,specimen_57,60,90,1.0,0.7099305089545798,0.6109462138944393
omitted,selection,reverse,speed_rescaling,load,0.25,10,specimen_10,20,45,1.0,0.5536254128161275,0.2550811986628304
omitted,selection,reverse,speed_rescaling,load,0.25,10,specimen_10,20,90,1.0,0.6002040403565654,0.16463193218230188
omitted,selection,reverse,speed_rescaling,load,0.25,10,specimen_10,40,45,1.0,0.5655486651965248,0.1261204468749385
omitted,selection,reverse,speed_rescaling,load,0.25,10,specimen_10,40,90,1.0,0.7334708458553824,1.2048447469072276
omitted,selection,reverse,speed_rescaling,load,0.25,10,specimen_10,60,45,1.0,0.6868795422769653,0.7927414326221569
omitted,selection,reverse,speed_rescaling,load,0.25,10,specimen_10,60,90,1.0,0.8465245544510815,1.214365173431564
omitted,selection,reverse,speed_rescaling,load,0.25,57,specimen_57,20,45,1.0,0.4365482120882784,0.2872129198081742
omitted,selection,reverse,speed_rescaling,load,0.25,57,specimen_57,20,90,1.0,0.46672676849509215,0.23269270145218535
omitted,selection,reverse,speed_rescaling,load,0.25,57,specimen_57,40,45,1.0,0.5315021205962501,0.5094968575465645
omitted,selection,reverse,speed_rescaling,load,0.25,57,specimen_57,40,90,1.0,0.7802047351842708,1.580085486856313
omitted,selection,reverse,speed_rescaling,load,0.25,57,specimen_57,60,45,1.0,0.7187628063729039,1.2147767511555427
omitted,selection,reverse,speed_rescaling,load,0.25,57,specimen_57,60,90,1.0,0.8243985590915002,1.4906206072190944
omitted,selection,reverse,speed_rescaling,load,0.5,10,specimen_10,20,45,1.0,0.5374719247181634,0.2206020901392014
omitted,selection,reverse,speed_rescaling,load,0.5,10,specimen_10,20,90,1.0,0.589673299641493,0.13015282365867287
omitted,selection,reverse,speed_rescaling,load,0.5,10,specimen_10,40,45,1.0,0.5585771613923903,0.18022348506692987
omitted,selection,reverse,speed_rescaling,load,0.5,10,specimen_10,40,90,1.0,0.7298563937055539,1.258947785099219
omitted,selection,reverse,speed_rescaling,load,0.5,10,specimen_10,60,45,1.0,0.6990362592723635,0.8480144552833133
omitted,selection,reverse,speed_rescaling,load,0.5,10,specimen_10,60,90,1.0,0.8523652859406691,1.2696381960927203
omitted,selection,reverse,speed_rescaling,load,0.5,57,specimen_57,20,45,1.0,0.4405742128326878,0.30436651152174143
omitted,selection,reverse,speed_rescaling,load,0.5,57,specimen_57,20,90,1.0,0.4707245706257848,0.24984629316575258
omitted,selection,reverse,speed_rescaling,load,0.5,57,specimen_57,40,45,1.0,0.5029494739232127,0.5421888355794202
omitted,selection,reverse,speed_rescaling,load,0.5,57,specimen_57,40,90,1.0,0.7928670936417027,1.6127774648891688
omitted,selection,reverse,speed_rescaling,load,0.5,57,specimen_57,60,45,1.0,0.7371916045964847,1.2490864497111691
omitted,selection,reverse,speed_rescaling,load,0.5,57,specimen_57,60,90,1.0,0.8349044948348041,1.5249303057747208
omitted,selection,reverse,speed_rescaling,load,1.0,10,specimen_10,20,45,1.0,0.5160931925514822,0.13510237596195807
omitted,selection,reverse,speed_rescaling,load,1.0,10,specimen_10,20,90,1.0,0.5714112156622909,0.04465310948142953
omitted,selection,reverse,speed_rescaling,load,1.0,10,specimen_10,40,45,1.0,0.526693057014675,0.271119549913696
omitted,selection,reverse,speed_rescaling,load,1.0,10,specimen_10,40,90,1.0,0.7114870832608929,1.349843849945985
omitted,selection,reverse,speed_rescaling,load,1.0,10,specimen_10,60,45,1.0,0.7046296698252462,0.9443221493395837
omitted,selection,reverse,speed_rescaling,load,1.0,10,specimen_10,60,90,1.0,0.8500885080258557,1.3659458901489907
omitted,selection,reverse,speed_rescaling,load,1.0,57,specimen_57,20,45,1.0,0.4472215521648218,0.31743868711962775
omitted,selection,reverse,speed_rescaling,load,1.0,57,specimen_57,20,90,1.0,0.4766322377550661,0.2629184687636389
omitted,selection,reverse,speed_rescaling,load,1.0,57,specimen_57,40,45,1.0,0.48925743128961746,0.5618516356138832
omitted,selection,reverse,speed_rescaling,load,1.0,57,specimen_57,40,90,1.0,0.7848638294105866,1.6324402649236318
omitted,selection,reverse,speed_rescaling,load,1.0,57,specimen_57,60,45,1.0,0.7385295346627428,1.2704939493020864
omitted,selection,reverse,speed_rescaling,load,1.0,57,specimen_57,60,90,1.0,0.8271380219057772,1.546337805365638
omitted,selection,reverse,speed_rescaling,repeat,0.25,10,specimen_10,20,45,1.0,0.5307472160895195,0.2433364104848984
omitted,selection,reverse,speed_rescaling,repeat,0.25,10,specimen_10,20,90,1.0,0.5964161424376208,0.15288714400436987
omitted,selection,reverse,speed_rescaling,repeat,0.25,10,specimen_10,40,45,1.0,0.5571050314967207,0.14582382619721757
omitted,selection,reverse,speed_rescaling,repeat,0.25,10,specimen_10,40,90,1.0,0.7160367331109482,1.2245481262295066
omitted,selection,reverse,speed_rescaling,repeat,0.25,10,specimen_10,60,45,1.0,0.7342892071647217,0.8103963582630078
omitted,selection,reverse,speed_rescaling,repeat,0.25,10,specimen_10,60,90,1.0,0.8926429365922358,1.2320200990724148
omitted,selection,reverse,speed_rescaling,repeat,0.25,57,specimen_57,20,45,1.0,0.4485727099136227,0.31322118248821945
omitted,selection,reverse,speed_rescaling,repeat,0.25,57,specimen_57,20,90,1.0,0.49234468472893633,0.2587009641322306
omitted,selection,reverse,speed_rescaling,repeat,0.25,57,specimen_57,40,45,1.0,0.5306383811249291,0.5400342527685565
omitted,selection,reverse,speed_rescaling,repeat,0.25,57,specimen_57,40,90,1.0,0.8125207197260838,1.610622882078305
omitted,selection,reverse,speed_rescaling,repeat,0.25,57,specimen_57,60,45,1.0,0.7777669362835941,1.247041914142962
omitted,selection,reverse,speed_rescaling,repeat,0.25,57,specimen_57,60,90,1.0,0.8617022240434403,1.5228857702065137
omitted,selection,reverse,speed_rescaling,repeat,0.5,10,specimen_10,20,45,1.0,0.5156546059064562,0.10745608886299574
omitted,selection,reverse,speed_rescaling,repeat,0.5,10,specimen_10,20,90,1.0,0.5758740451386645,0.0170068223824672
omitted,selection,reverse,speed_rescaling,repeat,0.5,10,specimen_10,40,45,1.0,0.5201194199693521,0.29974704587494494
omitted,selection,reverse,speed_rescaling,repeat,0.5,10,specimen_10,40,90,1.0,0.7078495307445646,1.378471345907234
omitted,selection,reverse,speed_rescaling,repeat,0.5,10,specimen_10,60,45,1.0,0.7150788263835798,0.9725468468404261
omitted,selection,reverse,speed_rescaling,repeat,0.5,10,specimen_10,60,90,1.0,0.8749013413414465,1.3941705876498331
omitted,selection,reverse,speed_rescaling,repeat,0.5,57,specimen_57,20,45,1.0,0.4402727190827475,0.32368196853605896
omitted,selection,reverse,speed_rescaling,repeat,0.5,57,specimen_57,20,90,1.0,0.4798020539212722,0.2691617501800701
omitted,selection,reverse,speed_rescaling,repeat,0.5,57,specimen_57,40,45,1.0,0.5236485959385052,0.5600366239772281
omitted,selection,reverse,speed_rescaling,repeat,0.5,57,specimen_57,40,90,1.0,0.8140770389708987,1.6306252532869767
omitted,selection,reverse,speed_rescaling,repeat,0.5,57,specimen_57,60,45,1.0,0.7774521342018256,1.268796926843938
omitted,selection,reverse,speed_rescaling,repeat,0.5,57,specimen_57,60,90,1.0,0.8754410401616117,1.5446407829074897
omitted,selection,reverse,speed_rescaling,repeat,1.0,10,specimen_10,20,45,1.0,0.5007201375659776,0.035192314605944075
omitted,selection,reverse,speed_rescaling,repeat,1.0,10,specimen_10,20,90,1.0,0.5579465859673406,0.05525695187458446
omitted,selection,reverse,speed_rescaling,repeat,1.0,10,specimen_10,40,45,1.0,0.49060110834383625,0.3779377450319843
omitted,selection,reverse,speed_rescaling,repeat,1.0,10,specimen_10,40,90,1.0,0.7033648004485925,1.4566620450642733
omitted,selection,reverse,speed_rescaling,repeat,1.0,10,specimen_10,60,45,1.0,0.705180839740081,1.0555225867175988
omitted,selection,reverse,speed_rescaling,repeat,1.0,10,specimen_10,60,90,1.0,0.8594849334265254,1.4771463275270058
omitted,selection,reverse,speed_rescaling,repeat,1.0,57,specimen_57,20,45,1.0,0.4439023512639497,0.33134270640798336
omitted,selection,reverse,speed_rescaling,repeat,1.0,57,specimen_57,20,90,1.0,0.4808408886361469,0.2768224880519945
omitted,selection,reverse,speed_rescaling,repeat,1.0,57,specimen_57,40,45,1.0,0.5099401995907002,0.5744911472051424
omitted,selection,reverse,speed_rescaling,repeat,1.0,57,specimen_57,40,90,1.0,0.8043721526720277,1.6450797765148908
omitted,selection,reverse,speed_rescaling,repeat,1.0,57,specimen_57,60,45,1.0,0.7547347585269417,1.2846230132829757
omitted,selection,reverse,speed_rescaling,repeat,1.0,57,specimen_57,60,90,1.0,0.8636184223518146,1.5604668693465273
omitted,selection,reverse,speed_rescaling,single,0.25,10,specimen_10,20,45,1.0,0.5536254128161275,0.2550811986628304
omitted,selection,reverse,speed_rescaling,single,0.25,10,specimen_10,20,90,1.0,0.6002040403565654,0.16463193218230188
omitted,selection,reverse,speed_rescaling,single,0.25,10,specimen_10,40,45,1.0,0.5655486651965248,0.1261204468749385
omitted,selection,reverse,speed_rescaling,single,0.25,10,specimen_10,40,90,1.0,0.7334708458553824,1.2048447469072276
omitted,selection,reverse,speed_rescaling,single,0.25,10,specimen_10,60,45,1.0,0.6868795422769653,0.7927414326221569
omitted,selection,reverse,speed_rescaling,single,0.25,10,specimen_10,60,90,1.0,0.8465245544510815,1.214365173431564
omitted,selection,reverse,speed_rescaling,single,0.25,57,specimen_57,20,45,1.0,0.4365482120882784,0.2872129198081742
omitted,selection,reverse,speed_rescaling,single,0.25,57,specimen_57,20,90,1.0,0.46672676849509215,0.23269270145218535
omitted,selection,reverse,speed_rescaling,single,0.25,57,specimen_57,40,45,1.0,0.5315021205962501,0.5094968575465645
omitted,selection,reverse,speed_rescaling,single,0.25,57,specimen_57,40,90,1.0,0.7802047351842708,1.580085486856313
omitted,selection,reverse,speed_rescaling,single,0.25,57,specimen_57,60,45,1.0,0.7187628063729039,1.2147767511555427
omitted,selection,reverse,speed_rescaling,single,0.25,57,specimen_57,60,90,1.0,0.8243985590915002,1.4906206072190944
omitted,selection,reverse,speed_rescaling,single,0.5,10,specimen_10,20,45,1.0,0.5374719247181634,0.2206020901392014
omitted,selection,reverse,speed_rescaling,single,0.5,10,specimen_10,20,90,1.0,0.589673299641493,0.13015282365867287
omitted,selection,reverse,speed_rescaling,single,0.5,10,specimen_10,40,45,1.0,0.5585771613923903,0.18022348506692987
omitted,selection,reverse,speed_rescaling,single,0.5,10,specimen_10,40,90,1.0,0.7298563937055539,1.258947785099219
omitted,selection,reverse,speed_rescaling,single,0.5,10,specimen_10,60,45,1.0,0.6990362592723635,0.8480144552833133
omitted,selection,reverse,speed_rescaling,single,0.5,10,specimen_10,60,90,1.0,0.8523652859406691,1.2696381960927203
omitted,selection,reverse,speed_rescaling,single,0.5,57,specimen_57,20,45,1.0,0.4405742128326878,0.30436651152174143
omitted,selection,reverse,speed_rescaling,single,0.5,57,specimen_57,20,90,1.0,0.4707245706257848,0.24984629316575258
omitted,selection,reverse,speed_rescaling,single,0.5,57,specimen_57,40,45,1.0,0.5029494739232127,0.5421888355794202
omitted,selection,reverse,speed_rescaling,single,0.5,57,specimen_57,40,90,1.0,0.7928670936417027,1.6127774648891688
omitted,selection,reverse,speed_rescaling,single,0.5,57,specimen_57,60,45,1.0,0.7371916045964847,1.2490864497111691
omitted,selection,reverse,speed_rescaling,single,0.5,57,specimen_57,60,90,1.0,0.8349044948348041,1.5249303057747208
omitted,selection,reverse,speed_rescaling,single,1.0,10,specimen_10,20,45,1.0,0.5160931925514822,0.13510237596195807
omitted,selection,reverse,speed_rescaling,single,1.0,10,specimen_10,20,90,1.0,0.5714112156622909,0.04465310948142953
omitted,selection,reverse,speed_rescaling,single,1.0,10,specimen_10,40,45,1.0,0.526693057014675,0.271119549913696
omitted,selection,reverse,speed_rescaling,single,1.0,10,specimen_10,40,90,1.0,0.7114870832608929,1.349843849945985
omitted,selection,reverse,speed_rescaling,single,1.0,10,specimen_10,60,45,1.0,0.7046296698252462,0.9443221493395837
omitted,selection,reverse,speed_rescaling,single,1.0,10,specimen_10,60,90,1.0,0.8500885080258557,1.3659458901489907
omitted,selection,reverse,speed_rescaling,single,1.0,57,specimen_57,20,45,1.0,0.4472215521648218,0.31743868711962775
omitted,selection,reverse,speed_rescaling,single,1.0,57,specimen_57,20,90,1.0,0.4766322377550661,0.2629184687636389
omitted,selection,reverse,speed_rescaling,single,1.0,57,specimen_57,40,45,1.0,0.48925743128961746,0.5618516356138832
omitted,selection,reverse,speed_rescaling,single,1.0,57,specimen_57,40,90,1.0,0.7848638294105866,1.6324402649236318
omitted,selection,reverse,speed_rescaling,single,1.0,57,specimen_57,60,45,1.0,0.7385295346627428,1.2704939493020864
omitted,selection,reverse,speed_rescaling,single,1.0,57,specimen_57,60,90,1.0,0.8271380219057772,1.546337805365638
omitted,selection,reverse,speed_rescaling,speed,0.25,10,specimen_10,20,45,1.0,0.5139709414034389,0.11749058690617309
omitted,selection,reverse,speed_rescaling,speed,0.25,10,specimen_10,20,90,1.0,0.5987566099356809,0.20793985338670162
omitted,selection,reverse,speed_rescaling,speed,0.25,10,specimen_10,40,45,1.0,0.5655486651965248,0.1261204468749385
omitted,selection,reverse,speed_rescaling,speed,0.25,10,specimen_10,40,90,1.0,0.7334708458553824,1.2048447469072276
omitted,selection,reverse,speed_rescaling,speed,0.25,10,specimen_10,60,45,1.0,0.6868795422769653,0.7927414326221569
omitted,selection,reverse,speed_rescaling,speed,0.25,10,specimen_10,60,90,1.0,0.8465245544510815,1.214365173431564
omitted,selection,reverse,speed_rescaling,speed,0.25,57,specimen_57,20,45,1.0,0.4464662580194159,0.380134867827841
omitted,selection,reverse,speed_rescaling,speed,0.25,57,specimen_57,20,90,1.0,0.4651432310413712,0.32561464947185215
omitted,selection,reverse,speed_rescaling,speed,0.25,57,specimen_57,40,45,1.0,0.5315021205962501,0.5094968575465645
omitted,selection,reverse,speed_rescaling,speed,0.25,57,specimen_57,40,90,1.0,0.7802047351842708,1.580085486856313
omitted,selection,reverse,speed_rescaling,speed,0.25,57,specimen_57,60,45,1.0,0.7187628063729039,1.2147767511555427
omitted,selection,reverse,speed_rescaling,speed,0.25,57,specimen_57,60,90,1.0,0.8243985590915002,1.4906206072190944
omitted,selection,reverse,speed_rescaling,speed,0.5,10,specimen_10,20,45,1.0,0.5216548813067526,0.1456120726846133
omitted,selection,reverse,speed_rescaling,speed,0.5,10,specimen_10,20,90,1.0,0.5933271594791079,0.23606133916514183
omitted,selection,reverse,speed_rescaling,speed,0.5,10,specimen_10,40,45,1.0,0.5585771613923903,0.18022348506692987
omitted,selection,reverse,speed_rescaling,speed,0.5,10,specimen_10,40,90,1.0,0.7298563937055539,1.258947785099219
omitted,selection,reverse,speed_rescaling,speed,0.5,10,specimen_10,60,45,1.0,0.6990362592723635,0.8480144552833133
omitted,selection,reverse,speed_rescaling,speed,0.5,10,specimen_10,60,90,1.0,0.8523652859406691,1.2696381960927203
omitted,selection,reverse,speed_rescaling,speed,0.5,57,specimen_57,20,45,1.0,0.44979333567466256,0.3912130397616933
omitted,selection,reverse,speed_rescaling,speed,0.5,57,specimen_57,20,90,1.0,0.4608792360885867,0.33669282140570445
omitted,selection,reverse,speed_rescaling,speed,0.5,57,specimen_57,40,45,1.0,0.5029494739232127,0.5421888355794202
omitted,selection,reverse,speed_rescaling,speed,0.5,57,specimen_57,40,90,1.0,0.7928670936417027,1.6127774648891688
omitted,selection,reverse,speed_rescaling,speed,0.5,57,specimen_57,60,45,1.0,0.7371916045964847,1.2490864497111691
omitted,selection,reverse,speed_rescaling,speed,0.5,57,specimen_57,60,90,1.0,0.8349044948348041,1.5249303057747208
omitted,selection,reverse,speed_rescaling,speed,1.0,10,specimen_10,20,45,1.0,0.503253801056527,0.16394280891736734
omitted,selection,reverse,speed_rescaling,speed,1.0,10,specimen_10,20,90,1.0,0.5772984673500033,0.2543920753978959
omitted,selection,reverse,speed_rescaling,speed,1.0,10,specimen_10,40,45,1.0,0.526693057014675,0.271119549913696
omitted,selection,reverse,speed_rescaling,speed,1.0,10,specimen_10,40,90,1.0,0.7114870832608929,1.349843849945985
omitted,selection,reverse,speed_rescaling,speed,1.0,10,specimen_10,60,45,1.0,0.7046296698252462,0.9443221493395837
omitted,selection,reverse,speed_rescaling,speed,1.0,10,specimen_10,60,90,1.0,0.8500885080258557,1.3659458901489907
omitted,selection,reverse,speed_rescaling,speed,1.0,57,specimen_57,20,45,1.0,0.46254547952109765,0.3948532166389169
omitted,selection,reverse,speed_rescaling,speed,1.0,57,specimen_57,20,90,1.0,0.4673242490933074,0.34033299828292807
omitted,selection,reverse,speed_rescaling,speed,1.0,57,specimen_57,40,45,1.0,0.48925743128961746,0.5618516356138832
omitted,selection,reverse,speed_rescaling,speed,1.0,57,specimen_57,40,90,1.0,0.7848638294105866,1.6324402649236318
omitted,selection,reverse,speed_rescaling,speed,1.0,57,specimen_57,60,45,1.0,0.7385295346627428,1.2704939493020864
omitted,selection,reverse,speed_rescaling,speed,1.0,57,specimen_57,60,90,1.0,0.8271380219057772,1.546337805365638
omitted,transfer,forward,conditions_only,direction,0.25,10,specimen_10,30,45,1.0,0.21614557739617893,0.3687126725090397
omitted,transfer,forward,conditions_only,direction,0.25,10,specimen_10,30,90,1.0,0.2612196625108455,0.68623953973422
omitted,transfer,forward,conditions_only,direction,0.25,10,specimen_10,50,45,1.0,0.36013070243756423,0.9872934638403625
omitted,transfer,forward,conditions_only,direction,0.25,10,specimen_10,50,90,1.0,0.33815478449500885,1.2114602085791577
omitted,transfer,forward,conditions_only,direction,0.25,57,specimen_57,30,45,1.0,0.3973531267049936,0.03850392186327101
omitted,transfer,forward,conditions_only,direction,0.25,57,specimen_57,30,90,1.0,0.42359774866843186,0.8215490484673154
omitted,transfer,forward,conditions_only,direction,0.25,57,specimen_57,50,45,1.0,0.4560168110939023,1.3273203544611618
omitted,transfer,forward,conditions_only,direction,0.25,57,specimen_57,50,90,1.0,0.3787999627669841,1.7061309496229922
omitted,transfer,forward,conditions_only,direction,0.5,10,specimen_10,30,45,1.0,0.21614557739617893,0.3687126725090397
omitted,transfer,forward,conditions_only,direction,0.5,10,specimen_10,30,90,1.0,0.2612196625108455,0.68623953973422
omitted,transfer,forward,conditions_only,direction,0.5,10,specimen_10,50,45,1.0,0.36013070243756423,0.9872934638403625
omitted,transfer,forward,conditions_only,direction,0.5,10,specimen_10,50,90,1.0,0.33815478449500885,1.2114602085791577
omitted,transfer,forward,conditions_only,direction,0.5,57,specimen_57,30,45,1.0,0.3973531267049936,0.03850392186327101
omitted,transfer,forward,conditions_only,direction,0.5,57,specimen_57,30,90,1.0,0.42359774866843186,0.8215490484673154
omitted,transfer,forward,conditions_only,direction,0.5,57,specimen_57,50,45,1.0,0.4560168110939023,1.3273203544611618
omitted,transfer,forward,conditions_only,direction,0.5,57,specimen_57,50,90,1.0,0.3787999627669841,1.7061309496229922
omitted,transfer,forward,conditions_only,direction,1.0,10,specimen_10,30,45,1.0,0.21614557739617893,0.3687126725090397
omitted,transfer,forward,conditions_only,direction,1.0,10,specimen_10,30,90,1.0,0.2612196625108455,0.68623953973422
omitted,transfer,forward,conditions_only,direction,1.0,10,specimen_10,50,45,1.0,0.36013070243756423,0.9872934638403625
omitted,transfer,forward,conditions_only,direction,1.0,10,specimen_10,50,90,1.0,0.33815478449500885,1.2114602085791577
omitted,transfer,forward,conditions_only,direction,1.0,57,specimen_57,30,45,1.0,0.3973531267049936,0.03850392186327101
omitted,transfer,forward,conditions_only,direction,1.0,57,specimen_57,30,90,1.0,0.42359774866843186,0.8215490484673154
omitted,transfer,forward,conditions_only,direction,1.0,57,specimen_57,50,45,1.0,0.4560168110939023,1.3273203544611618
omitted,transfer,forward,conditions_only,direction,1.0,57,specimen_57,50,90,1.0,0.3787999627669841,1.7061309496229922
omitted,transfer,forward,conditions_only,load,0.25,10,specimen_10,30,45,1.0,0.21614557739617893,0.3687126725090397
omitted,transfer,forward,conditions_only,load,0.25,10,specimen_10,30,90,1.0,0.2612196625108455,0.68623953973422
omitted,transfer,forward,conditions_only,load,0.25,10,specimen_10,50,45,1.0,0.36013070243756423,0.9872934638403625
omitted,transfer,forward,conditions_only,load,0.25,10,specimen_10,50,90,1.0,0.33815478449500885,1.2114602085791577
omitted,transfer,forward,conditions_only,load,0.25,57,specimen_57,30,45,1.0,0.3973531267049936,0.03850392186327101
omitted,transfer,forward,conditions_only,load,0.25,57,specimen_57,30,90,1.0,0.42359774866843186,0.8215490484673154
omitted,transfer,forward,conditions_only,load,0.25,57,specimen_57,50,45,1.0,0.4560168110939023,1.3273203544611618
omitted,transfer,forward,conditions_only,load,0.25,57,specimen_57,50,90,1.0,0.3787999627669841,1.7061309496229922
omitted,transfer,forward,conditions_only,load,0.5,10,specimen_10,30,45,1.0,0.21614557739617893,0.3687126725090397
omitted,transfer,forward,conditions_only,load,0.5,10,specimen_10,30,90,1.0,0.2612196625108455,0.68623953973422
omitted,transfer,forward,conditions_only,load,0.5,10,specimen_10,50,45,1.0,0.36013070243756423,0.9872934638403625
omitted,transfer,forward,conditions_only,load,0.5,10,specimen_10,50,90,1.0,0.33815478449500885,1.2114602085791577
omitted,transfer,forward,conditions_only,load,0.5,57,specimen_57,30,45,1.0,0.3973531267049936,0.03850392186327101
omitted,transfer,forward,conditions_only,load,0.5,57,specimen_57,30,90,1.0,0.42359774866843186,0.8215490484673154
omitted,transfer,forward,conditions_only,load,0.5,57,specimen_57,50,45,1.0,0.4560168110939023,1.3273203544611618
omitted,transfer,forward,conditions_only,load,0.5,57,specimen_57,50,90,1.0,0.3787999627669841,1.7061309496229922
omitted,transfer,forward,conditions_only,load,1.0,10,specimen_10,30,45,1.0,0.21614557739617893,0.3687126725090397
omitted,transfer,forward,conditions_only,load,1.0,10,specimen_10,30,90,1.0,0.2612196625108455,0.68623953973422
omitted,transfer,forward,conditions_only,load,1.0,10,specimen_10,50,45,1.0,0.36013070243756423,0.9872934638403625
omitted,transfer,forward,conditions_only,load,1.0,10,specimen_10,50,90,1.0,0.33815478449500885,1.2114602085791577
omitted,transfer,forward,conditions_only,load,1.0,57,specimen_57,30,45,1.0,0.3973531267049936,0.03850392186327101
omitted,transfer,forward,conditions_only,load,1.0,57,specimen_57,30,90,1.0,0.42359774866843186,0.8215490484673154
omitted,transfer,forward,conditions_only,load,1.0,57,specimen_57,50,45,1.0,0.4560168110939023,1.3273203544611618
omitted,transfer,forward,conditions_only,load,1.0,57,specimen_57,50,90,1.0,0.3787999627669841,1.7061309496229922
omitted,transfer,forward,conditions_only,repeat,0.25,10,specimen_10,30,45,1.0,0.21614557739617893,0.3687126725090397
omitted,transfer,forward,conditions_only,repeat,0.25,10,specimen_10,30,90,1.0,0.2612196625108455,0.68623953973422
omitted,transfer,forward,conditions_only,repeat,0.25,10,specimen_10,50,45,1.0,0.36013070243756423,0.9872934638403625
omitted,transfer,forward,conditions_only,repeat,0.25,10,specimen_10,50,90,1.0,0.33815478449500885,1.2114602085791577
omitted,transfer,forward,conditions_only,repeat,0.25,57,specimen_57,30,45,1.0,0.3973531267049936,0.03850392186327101
omitted,transfer,forward,conditions_only,repeat,0.25,57,specimen_57,30,90,1.0,0.42359774866843186,0.8215490484673154
omitted,transfer,forward,conditions_only,repeat,0.25,57,specimen_57,50,45,1.0,0.4560168110939023,1.3273203544611618
omitted,transfer,forward,conditions_only,repeat,0.25,57,specimen_57,50,90,1.0,0.3787999627669841,1.7061309496229922
omitted,transfer,forward,conditions_only,repeat,0.5,10,specimen_10,30,45,1.0,0.21614557739617893,0.3687126725090397
omitted,transfer,forward,conditions_only,repeat,0.5,10,specimen_10,30,90,1.0,0.2612196625108455,0.68623953973422
omitted,transfer,forward,conditions_only,repeat,0.5,10,specimen_10,50,45,1.0,0.36013070243756423,0.9872934638403625
omitted,transfer,forward,conditions_only,repeat,0.5,10,specimen_10,50,90,1.0,0.33815478449500885,1.2114602085791577
omitted,transfer,forward,conditions_only,repeat,0.5,57,specimen_57,30,45,1.0,0.3973531267049936,0.03850392186327101
omitted,transfer,forward,conditions_only,repeat,0.5,57,specimen_57,30,90,1.0,0.42359774866843186,0.8215490484673154
omitted,transfer,forward,conditions_only,repeat,0.5,57,specimen_57,50,45,1.0,0.4560168110939023,1.3273203544611618
omitted,transfer,forward,conditions_only,repeat,0.5,57,specimen_57,50,90,1.0,0.3787999627669841,1.7061309496229922
omitted,transfer,forward,conditions_only,repeat,1.0,10,specimen_10,30,45,1.0,0.21614557739617893,0.3687126725090397
omitted,transfer,forward,conditions_only,repeat,1.0,10,specimen_10,30,90,1.0,0.2612196625108455,0.68623953973422
omitted,transfer,forward,conditions_only,repeat,1.0,10,specimen_10,50,45,1.0,0.36013070243756423,0.9872934638403625
omitted,transfer,forward,conditions_only,repeat,1.0,10,specimen_10,50,90,1.0,0.33815478449500885,1.2114602085791577
omitted,transfer,forward,conditions_only,repeat,1.0,57,specimen_57,30,45,1.0,0.3973531267049936,0.03850392186327101
omitted,transfer,forward,conditions_only,repeat,1.0,57,specimen_57,30,90,1.0,0.42359774866843186,0.8215490484673154
omitted,transfer,forward,conditions_only,repeat,1.0,57,specimen_57,50,45,1.0,0.4560168110939023,1.3273203544611618
omitted,transfer,forward,conditions_only,repeat,1.0,57,specimen_57,50,90,1.0,0.3787999627669841,1.7061309496229922
omitted,transfer,forward,conditions_only,single,0.25,10,specimen_10,30,45,1.0,0.21614557739617893,0.3687126725090397
omitted,transfer,forward,conditions_only,single,0.25,10,specimen_10,30,90,1.0,0.2612196625108455,0.68623953973422
omitted,transfer,forward,conditions_only,single,0.25,10,specimen_10,50,45,1.0,0.36013070243756423,0.9872934638403625
omitted,transfer,forward,conditions_only,single,0.25,10,specimen_10,50,90,1.0,0.33815478449500885,1.2114602085791577
omitted,transfer,forward,conditions_only,single,0.25,57,specimen_57,30,45,1.0,0.3973531267049936,0.03850392186327101
omitted,transfer,forward,conditions_only,single,0.25,57,specimen_57,30,90,1.0,0.42359774866843186,0.8215490484673154
omitted,transfer,forward,conditions_only,single,0.25,57,specimen_57,50,45,1.0,0.4560168110939023,1.3273203544611618
omitted,transfer,forward,conditions_only,single,0.25,57,specimen_57,50,90,1.0,0.3787999627669841,1.7061309496229922
omitted,transfer,forward,conditions_only,single,0.5,10,specimen_10,30,45,1.0,0.21614557739617893,0.3687126725090397
omitted,transfer,forward,conditions_only,single,0.5,10,specimen_10,30,90,1.0,0.2612196625108455,0.68623953973422
omitted,transfer,forward,conditions_only,single,0.5,10,specimen_10,50,45,1.0,0.36013070243756423,0.9872934638403625
omitted,transfer,forward,conditions_only,single,0.5,10,specimen_10,50,90,1.0,0.33815478449500885,1.2114602085791577
omitted,transfer,forward,conditions_only,single,0.5,57,specimen_57,30,45,1.0,0.3973531267049936,0.03850392186327101
omitted,transfer,forward,conditions_only,single,0.5,57,specimen_57,30,90,1.0,0.42359774866843186,0.8215490484673154
omitted,transfer,forward,conditions_only,single,0.5,57,specimen_57,50,45,1.0,0.4560168110939023,1.3273203544611618
omitted,transfer,forward,conditions_only,single,0.5,57,specimen_57,50,90,1.0,0.3787999627669841,1.7061309496229922
omitted,transfer,forward,conditions_only,single,1.0,10,specimen_10,30,45,1.0,0.21614557739617893,0.3687126725090397
omitted,transfer,forward,conditions_only,single,1.0,10,specimen_10,30,90,1.0,0.2612196625108455,0.68623953973422
omitted,transfer,forward,conditions_only,single,1.0,10,specimen_10,50,45,1.0,0.36013070243756423,0.9872934638403625
omitted,transfer,forward,conditions_only,single,1.0,10,specimen_10,50,90,1.0,0.33815478449500885,1.2114602085791577
omitted,transfer,forward,conditions_only,single,1.0,57,specimen_57,30,45,1.0,0.3973531267049936,0.03850392186327101
omitted,transfer,forward,conditions_only,single,1.0,57,specimen_57,30,90,1.0,0.42359774866843186,0.8215490484673154
omitted,transfer,forward,conditions_only,single,1.0,57,specimen_57,50,45,1.0,0.4560168110939023,1.3273203544611618
omitted,transfer,forward,conditions_only,single,1.0,57,specimen_57,50,90,1.0,0.3787999627669841,1.7061309496229922
omitted,transfer,forward,conditions_only,speed,0.25,10,specimen_10,30,45,1.0,0.21614557739617893,0.3687126725090397
omitted,transfer,forward,conditions_only,speed,0.25,10,specimen_10,30,90,1.0,0.2612196625108455,0.68623953973422
omitted,transfer,forward,conditions_only,speed,0.25,10,specimen_10,50,45,1.0,0.36013070243756423,0.9872934638403625
omitted,transfer,forward,conditions_only,speed,0.25,10,specimen_10,50,90,1.0,0.33815478449500885,1.2114602085791577
omitted,transfer,forward,conditions_only,speed,0.25,57,specimen_57,30,45,1.0,0.3973531267049936,0.03850392186327101
omitted,transfer,forward,conditions_only,speed,0.25,57,specimen_57,30,90,1.0,0.42359774866843186,0.8215490484673154
omitted,transfer,forward,conditions_only,speed,0.25,57,specimen_57,50,45,1.0,0.4560168110939023,1.3273203544611618
omitted,transfer,forward,conditions_only,speed,0.25,57,specimen_57,50,90,1.0,0.3787999627669841,1.7061309496229922
omitted,transfer,forward,conditions_only,speed,0.5,10,specimen_10,30,45,1.0,0.21614557739617893,0.3687126725090397
omitted,transfer,forward,conditions_only,speed,0.5,10,specimen_10,30,90,1.0,0.2612196625108455,0.68623953973422
omitted,transfer,forward,conditions_only,speed,0.5,10,specimen_10,50,45,1.0,0.36013070243756423,0.9872934638403625
omitted,transfer,forward,conditions_only,speed,0.5,10,specimen_10,50,90,1.0,0.33815478449500885,1.2114602085791577
omitted,transfer,forward,conditions_only,speed,0.5,57,specimen_57,30,45,1.0,0.3973531267049936,0.03850392186327101
omitted,transfer,forward,conditions_only,speed,0.5,57,specimen_57,30,90,1.0,0.42359774866843186,0.8215490484673154
omitted,transfer,forward,conditions_only,speed,0.5,57,specimen_57,50,45,1.0,0.4560168110939023,1.3273203544611618
omitted,transfer,forward,conditions_only,speed,0.5,57,specimen_57,50,90,1.0,0.3787999627669841,1.7061309496229922
omitted,transfer,forward,conditions_only,speed,1.0,10,specimen_10,30,45,1.0,0.21614557739617893,0.3687126725090397
omitted,transfer,forward,conditions_only,speed,1.0,10,specimen_10,30,90,1.0,0.2612196625108455,0.68623953973422
omitted,transfer,forward,conditions_only,speed,1.0,10,specimen_10,50,45,1.0,0.36013070243756423,0.9872934638403625
omitted,transfer,forward,conditions_only,speed,1.0,10,specimen_10,50,90,1.0,0.33815478449500885,1.2114602085791577
omitted,transfer,forward,conditions_only,speed,1.0,57,specimen_57,30,45,1.0,0.3973531267049936,0.03850392186327101
omitted,transfer,forward,conditions_only,speed,1.0,57,specimen_57,30,90,1.0,0.42359774866843186,0.8215490484673154
omitted,transfer,forward,conditions_only,speed,1.0,57,specimen_57,50,45,1.0,0.4560168110939023,1.3273203544611618
omitted,transfer,forward,conditions_only,speed,1.0,57,specimen_57,50,90,1.0,0.3787999627669841,1.7061309496229922
omitted,transfer,forward,copy,direction,0.25,10,specimen_10,30,45,1.0,0.47203457372613117,0.6419290825570694
omitted,transfer,forward,copy,direction,0.25,10,specimen_10,30,90,1.0,0.5258773971131429,0.24368105136069684
omitted,transfer,forward,copy,direction,0.25,10,specimen_10,50,45,1.0,0.2790909659560219,0.24919215168195552
omitted,transfer,forward,copy,direction,0.25,10,specimen_10,50,90,1.0,0.40437388751150233,0.5692306216814822
omitted,transfer,forward,copy,direction,0.25,57,specimen_57,30,45,1.0,0.4704056355853707,0.714523507920344
omitted,transfer,forward,copy,direction,0.25,57,specimen_57,30,90,1.0,0.4900859213569157,0.14924278265489255
omitted,transfer,forward,copy,direction,0.25,57,specimen_57,50,45,1.0,0.35942649493333373,0.8468333675852489
omitted,transfer,forward,copy,direction,0.25,57,specimen_57,50,90,1.0,0.506274388231375,1.3215156880078107
omitted,transfer,forward,copy,direction,0.5,10,specimen_10,30,45,1.0,0.42449091039437564,0.5142911723475008
omitted,transfer,forward,copy,direction,0.5,10,specimen_10,30,90,1.0,0.4950754616543387,0.11604314115112824
omitted,transfer,forward,copy,direction,0.5,10,specimen_10,50,45,1.0,0.28055144672856874,0.3768300618915241
omitted,transfer,forward,copy,direction,0.5,10,specimen_10,50,90,1.0,0.3961353902926432,0.6968685318910508
omitted,transfer,forward,copy,direction,0.5,57,specimen_57,30,45,1.0,0.4682454203272988,0.7001717184989138
omitted,transfer,forward,copy,direction,0.5,57,specimen_57,30,90,1.0,0.510509914435125,0.16359457207632278
omitted,transfer,forward,copy,direction,0.5,57,specimen_57,50,45,1.0,0.3412648487145504,0.8611851570066791
omitted,transfer,forward,copy,direction,0.5,57,specimen_57,50,90,1.0,0.48476718412161984,1.335867477429241
omitted,transfer,forward,copy,direction,1.0,10,specimen_10,30,45,1.0,0.3920297582809575,0.45512668261811706
omitted,transfer,forward,copy,direction,1.0,10,specimen_10,30,90,1.0,0.48350197372486764,0.05687865142174453
omitted,transfer,forward,copy,direction,1.0,10,specimen_10,50,45,1.0,0.2894959018096836,0.43599455162090783
omitted,transfer,forward,copy,direction,1.0,10,specimen_10,50,90,1.0,0.40742583024719087,0.7560330216204345
omitted,transfer,forward,copy,direction,1.0,57,specimen_57,30,45,1.0,0.45435435459570844,0.6786414873468649
omitted,transfer,forward,copy,direction,1.0,57,specimen_57,30,90,1.0,0.5005879048841697,0.18512480322837166
omitted,transfer,forward,copy,direction,1.0,57,specimen_57,50,45,1.0,0.3358206823675303,0.882715388158728
omitted,transfer,forward,copy,direction,1.0,57,specimen_57,50,90,1.0,0.4891508130620071,1.3573977085812898
omitted,transfer,forward,copy,load,0.25,10,specimen_10,30,45,1.0,0.5732174662797872,0.24725434870097618
omitted,transfer,forward,copy,load,0.25,10,specimen_10,30,90,1.0,0.7126201773441965,0.6455023798973487
omitted,transfer,forward,copy,load,0.25,10,specimen_10,50,45,1.0,0.4512205413104038,1.138375582940001
omitted,transfer,forward,copy,load,0.25,10,specimen_10,50,90,1.0,0.6843906639446402,1.4584140529395277
omitted,transfer,forward,copy,load,0.25,57,specimen_57,30,45,1.0,0.42417116180991954,0.43839751471352234
omitted,transfer,forward,copy,load,0.25,57,specimen_57,30,90,1.0,0.6630342347388134,1.302163805288759
omitted,transfer,forward,copy,load,0.25,57,specimen_57,50,45,1.0,0.7302763400526153,1.9997543902191153
omitted,transfer,forward,copy,load,0.25,57,specimen_57,50,90,1.0,0.8913085406672021,2.474436710641677
omitted,transfer,forward,copy,load,0.5,10,specimen_10,30,45,1.0,0.5403078308166445,0.3366497853161141
omitted,transfer,forward,copy,load,0.5,10,specimen_10,30,90,1.0,0.6825076781288214,0.7348978165124866
omitted,transfer,forward,copy,load,0.5,10,specimen_10,50,45,1.0,0.44976456657855746,1.227771019555139
omitted,transfer,forward,copy,load,0.5,10,specimen_10,50,90,1.0,0.6759649362861794,1.5478094895546657
omitted,transfer,forward,copy,load,0.5,57,specimen_57,30,45,1.0,0.4275874145670459,0.4615453165985357
omitted,transfer,forward,copy,load,0.5,57,specimen_57,30,90,1.0,0.6664755593726178,1.3253116071737723
omitted,transfer,forward,copy,load,0.5,57,specimen_57,50,45,1.0,0.7339384037183684,2.0229021921041284
omitted,transfer,forward,copy,load,0.5,57,specimen_57,50,90,1.0,0.8989016200223015,2.4975845125266902
omitted,transfer,forward,copy,load,1.0,10,specimen_10,30,45,1.0,0.5165945891355367,0.3999463016703101
omitted,transfer,forward,copy,load,1.0,10,specimen_10,30,90,1.0,0.6557123245486457,0.7981943328666826
omitted,transfer,forward,copy,load,1.0,10,specimen_10,50,45,1.0,0.45755884171471434,1.291067535909335
omitted,transfer,forward,copy,load,1.0,10,specimen_10,50,90,1.0,0.667035551621732,1.6111060059088618
omitted,transfer,forward,copy,load,1.0,57,specimen_57,30,45,1.0,0.4353747307931248,0.48004091601575183
omitted,transfer,forward,copy,load,1.0,57,specimen_57,30,90,1.0,0.6673798714904843,1.3438072065909883
omitted,transfer,forward,copy,load,1.0,57,specimen_57,50,45,1.0,0.747080048615139,2.041397791521345
omitted,transfer,forward,copy,load,1.0,57,specimen_57,50,90,1.0,0.91046374092325,2.5160801119439067
omitted,transfer,forward,copy,repeat,0.25,10,specimen_10,30,45,1.0,0.5928513931411213,0.2555154970332766
omitted,transfer,forward,copy,repeat,0.25,10,specimen_10,30,90,1.0,0.7305677916222475,0.6537635282296491
omitted,transfer,forward,copy,repeat,0.25,10,specimen_10,50,45,1.0,0.48337607863746274,1.1466367312723014
omitted,transfer,forward,copy,repeat,0.25,10,specimen_10,50,90,1.0,0.7282907509087201,1.466675201271828
omitted,transfer,forward,copy,repeat,0.25,57,specimen_57,30,45,1.0,0.42041630007076186,0.43570708719644835
omitted,transfer,forward,copy,repeat,0.25,57,specimen_57,30,90,1.0,0.6497330895386323,1.299473377771685
omitted,transfer,forward,copy,repeat,0.25,57,specimen_57,50,45,1.0,0.7276917836020106,1.9970639627020412
omitted,transfer,forward,copy,repeat,0.25,57,specimen_57,50,90,1.0,0.8997709201018697,2.4717462831246033
omitted,transfer,forward,copy,repeat,0.5,10,specimen_10,30,45,1.0,0.5689797656103938,0.3410294040284626
omitted,transfer,forward,copy,repeat,0.5,10,specimen_10,30,90,1.0,0.7100561629548522,0.7392774352248351
omitted,transfer,forward,copy,repeat,0.5,10,specimen_10,50,45,1.0,0.48465027838107266,1.2321506382674876
omitted,transfer,forward,copy,repeat,0.5,10,specimen_10,50,90,1.0,0.7134488163261411,1.5521891082670143
omitted,transfer,forward,copy,repeat,0.5,57,specimen_57,30,45,1.0,0.4318817564865693,0.4579495789099442
omitted,transfer,forward,copy,repeat,0.5,57,specimen_57,30,90,1.0,0.6611942759128332,1.3217158694851807
omitted,transfer,forward,copy,repeat,0.5,57,specimen_57,50,45,1.0,0.7523593136540745,2.019306454415537
omitted,transfer,forward,copy,repeat,0.5,57,specimen_57,50,90,1.0,0.9281438311712709,2.493988774838099
omitted,transfer,forward,copy,repeat,1.0,10,specimen_10,30,45,1.0,0.546801701923873,0.41207522345392444
omitted,transfer,forward,copy,repeat,1.0,10,specimen_10,30,90,1.0,0.6813149142128884,0.810323254650297
omitted,transfer,forward,copy,repeat,1.0,10,specimen_10,50,45,1.0,0.49923860405366344,1.3031964576929493
omitted,transfer,forward,copy,repeat,1.0,10,specimen_10,50,90,1.0,0.7029861201008695,1.623234927692476
omitted,transfer,forward,copy,repeat,1.0,57,specimen_57,30,45,1.0,0.4283194211271641,0.4722897370131071
omitted,transfer,forward,copy,repeat,1.0,57,specimen_57,30,90,1.0,0.654360525639497,1.3360560275883437
omitted,transfer,forward,copy,repeat,1.0,57,specimen_57,50,45,1.0,0.7520217223337102,2.0336466125187
omitted,transfer,forward,copy,repeat,1.0,57,specimen_57,50,90,1.0,0.9231224222021783,2.5083289329412617
omitted,transfer,forward,copy,single,0.25,10,specimen_10,30,45,1.0,0.5814305084425117,0.26381249202978163
omitted,transfer,forward,copy,single,0.25,10,specimen_10,30,90,1.0,0.7224551165009023,0.6620605232261542
omitted,transfer,forward,copy,single,0.25,10,specimen_10,50,45,1.0,0.5041916423602127,1.1549337262688066
omitted,transfer,forward,copy,single,0.25,10,specimen_10,50,90,1.0,0.702852734237283,1.4749721962683333
omitted,transfer,forward,copy,single,0.25,57,specimen_57,30,45,1.0,0.47487790437959637,0.4487604514588404
omitted,transfer,forward,copy,single,0.25,57,specimen_57,30,90,1.0,0.6853679132174744,1.312526742034077
omitted,transfer,forward,copy,single,0.25,57,specimen_57,50,45,1.0,0.795343787430452,2.0101173269644335
omitted,transfer,forward,copy,single,0.25,57,specimen_57,50,90,1.0,0.9544103789077685,2.4847996473869953
omitted,transfer,forward,copy,single,0.5,10,specimen_10,30,45,1.0,0.5528138968146812,0.3928018484076704
omitted,transfer,forward,copy,single,0.5,10,specimen_10,30,90,1.0,0.6939986588142778,0.7910498796040429
omitted,transfer,forward,copy,single,0.5,10,specimen_10,50,45,1.0,0.5099215150331026,1.2839230826466954
omitted,transfer,forward,copy,single,0.5,10,specimen_10,50,90,1.0,0.7008377703582002,1.603961552646222
omitted,transfer,forward,copy,single,0.5,57,specimen_57,30,45,1.0,0.4656941097398879,0.46552265922476527
omitted,transfer,forward,copy,single,0.5,57,specimen_57,30,90,1.0,0.6843394424144259,1.3292889498000018
omitted,transfer,forward,copy,single,0.5,57,specimen_57,50,45,1.0,0.7838950904267721,2.0268795347303583
omitted,transfer,forward,copy,single,0.5,57,specimen_57,50,90,1.0,0.9492665121127102,2.50156185515292
omitted,transfer,forward,copy,single,1.0,10,specimen_10,30,45,1.0,0.5240447105424436,0.4583265170062121
omitted,transfer,forward,copy,single,1.0,10,specimen_10,30,90,1.0,0.6674611707738762,0.8565745482025846
omitted,transfer,forward,copy,single,1.0,10,specimen_10,50,45,1.0,0.5177934098634056,1.349447751245237
omitted,transfer,forward,copy,single,1.0,10,specimen_10,50,90,1.0,0.698567450121584,1.6694862212447636
omitted,transfer,forward,copy,single,1.0,57,specimen_57,30,45,1.0,0.45221034475622,0.47763570917149584
omitted,transfer,forward,copy,single,1.0,57,specimen_57,30,90,1.0,0.6727607510530977,1.3414019997467324
omitted,transfer,forward,copy,single,1.0,57,specimen_57,50,45,1.0,0.7697078146343682,2.038992584677089
omitted,transfer,forward,copy,single,1.0,57,specimen_57,50,90,1.0,0.9341447228548029,2.5136749050996507
omitted,transfer,forward,copy,speed,0.25,10,specimen_10,30,45,1.0,0.4675970003325542,0.4042881734045586
omitted,transfer,forward,copy,speed,0.25,10,specimen_10,30,90,1.0,0.628300447102916,0.8025362046009311
omitted,transfer,forward,copy,speed,0.25,10,specimen_10,50,45,1.0,0.4987284998800323,1.2954094076435836
omitted,transfer,forward,copy,speed,0.25,10,specimen_10,50,90,1.0,0.6642742363056718,1.6154478776431103
omitted,transfer,forward,copy,speed,0.25,57,specimen_57,30,45,1.0,0.47640133095270326,0.49499086610199683
omitted,transfer,forward,copy,speed,0.25,57,specimen_57,30,90,1.0,0.6940223399282649,1.3587571566772334
omitted,transfer,forward,copy,speed,0.25,57,specimen_57,50,45,1.0,0.8128991193690993,2.0563477416075897
omitted,transfer,forward,copy,speed,0.25,57,specimen_57,50,90,1.0,0.9761740879001427,2.5310300620301516
omitted,transfer,forward,copy,speed,0.5,10,specimen_10,30,45,1.0,0.44921282264527856,0.49654528598766856
omitted,transfer,forward,copy,speed,0.5,10,specimen_10,30,90,1.0,0.6124917037325913,0.8947933171840411
omitted,transfer,forward,copy,speed,0.5,10,specimen_10,50,45,1.0,0.5349645549677743,1.3876665202266936
omitted,transfer,forward,copy,speed,0.5,10,specimen_10,50,90,1.0,0.6765770481080816,1.7077049902262202
omitted,transfer,forward,copy,speed,0.5,57,specimen_57,30,45,1.0,0.4706930904755266,0.5086421297732968
omitted,transfer,forward,copy,speed,0.5,57,specimen_57,30,90,1.0,0.6946563335330707,1.3724084203485334
omitted,transfer,forward,copy,speed,0.5,57,specimen_57,50,45,1.0,0.811411213713069,2.06999900527889
omitted,transfer,forward,copy,speed,0.5,57,specimen_57,50,90,1.0,0.9762213102717765,2.544681325701452
omitted,transfer,forward,copy,speed,1.0,10,specimen_10,30,45,1.0,0.4390079406471073,0.5490597824065889
omitted,transfer,forward,copy,speed,1.0,10,specimen_10,30,90,1.0,0.599948627833244,0.9473078136029615
omitted,transfer,forward,copy,speed,1.0,10,specimen_10,50,45,1.0,0.5670065934090601,1.4401810166456137
omitted,transfer,forward,copy,speed,1.0,10,specimen_10,50,90,1.0,0.6874598123622158,1.7602194866451404
omitted,transfer,forward,copy,speed,1.0,57,specimen_57,30,45,1.0,0.4665431374673589,0.520094781521153
omitted,transfer,forward,copy,speed,1.0,57,specimen_57,30,90,1.0,0.6882872295139367,1.3838610720963895
omitted,transfer,forward,copy,speed,1.0,57,specimen_57,50,45,1.0,0.8112394431884423,2.081451657026746
omitted,transfer,forward,copy,speed,1.0,57,specimen_57,50,90,1.0,0.9726457433038301,2.5561339774493077
omitted,transfer,forward,encoder,direction,0.25,10,specimen_10,30,45,1.0,0.24725123246510824,0.3158961514531153
omitted,transfer,forward,encoder,direction,0.25,10,specimen_10,30,90,1.0,0.2671878884236018,0.6782280653136854
omitted,transfer,forward,encoder,direction,0.25,10,specimen_10,50,45,1.0,0.30884118874867755,0.588388349533773
omitted,transfer,forward,encoder,direction,0.25,10,specimen_10,50,90,1.0,0.31179120143254596,0.7652149589244401
omitted,transfer,forward,encoder,direction,0.25,57,specimen_57,30,45,1.0,0.2453246315320333,0.20647055957800553
omitted,transfer,forward,encoder,direction,0.25,57,specimen_57,30,90,1.0,0.32797374327977497,0.9064537865183363
omitted,transfer,forward,encoder,direction,0.25,57,specimen_57,50,45,1.0,0.3807279368241628,1.4448442885861847
omitted,transfer,forward,encoder,direction,0.25,57,specimen_57,50,90,1.0,0.4031933943430583,1.5344080206775639
omitted,transfer,forward,encoder,direction,0.5,10,specimen_10,30,45,1.0,0.2643631001313527,0.29033481686269724
omitted,transfer,forward,encoder,direction,0.5,10,specimen_10,30,90,1.0,0.25592433909575146,0.644405169412514
omitted,transfer,forward,encoder,direction,0.5,10,specimen_10,50,45,1.0,0.3130710522333781,0.5478056418373375
omitted,transfer,forward,encoder,direction,0.5,10,specimen_10,50,90,1.0,0.30735645691553753,0.7125683564417037
omitted,transfer,forward,encoder,direction,0.5,57,specimen_57,30,45,1.0,0.2409495711326599,0.22357154789717662
omitted,transfer,forward,encoder,direction,0.5,57,specimen_57,30,90,1.0,0.29774152239163715,0.9420914833264518
omitted,transfer,forward,encoder,direction,0.5,57,specimen_57,50,45,1.0,0.37869617342948914,1.4717841088545687
omitted,transfer,forward,encoder,direction,0.5,57,specimen_57,50,90,1.0,0.4108748237291972,1.572887691478349
omitted,transfer,forward,encoder,direction,1.0,10,specimen_10,30,45,1.0,0.2703797221183777,0.28949776038037905
omitted,transfer,forward,encoder,direction,1.0,10,specimen_10,30,90,1.0,0.25554120540618896,0.6270885684458574
omitted,transfer,forward,encoder,direction,1.0,10,specimen_10,50,45,1.0,0.31486642360687256,0.5446747708537251
omitted,transfer,forward,encoder,direction,1.0,10,specimen_10,50,90,1.0,0.30863553285598755,0.6866966093857454
omitted,transfer,forward,encoder,direction,1.0,57,specimen_57,30,45,1.0,0.24122210840384165,0.2202450882053042
omitted,transfer,forward,encoder,direction,1.0,57,specimen_57,30,90,1.0,0.30120883385340375,0.9376677463402769
omitted,transfer,forward,encoder,direction,1.0,57,specimen_57,50,45,1.0,0.37826797366142273,1.4678084637698434
omitted,transfer,forward,encoder,direction,1.0,57,specimen_57,50,90,1.0,0.40787485241889954,1.5646069704628998
omitted,transfer,forward,encoder,load,0.25,10,specimen_10,30,45,1.0,0.29246461391448975,0.24170151020572064
omitted,transfer,forward,encoder,load,0.25,10,specimen_10,30,90,1.0,0.2635311136643092,0.6451012610958892
omitted,transfer,forward,encoder,load,0.25,10,specimen_10,50,45,1.0,0.3341968258221944,0.4592302379418263
omitted,transfer,forward,encoder,load,0.25,10,specimen_10,50,90,1.0,0.30771052837371826,0.7474040453809225
omitted,transfer,forward,encoder,load,0.25,57,specimen_57,30,45,1.0,0.24231775601704916,0.23393803186289297
omitted,transfer,forward,encoder,load,0.25,57,specimen_57,30,90,1.0,0.2917370597521464,0.9544338215213468
omitted,transfer,forward,encoder,load,0.25,57,specimen_57,50,45,1.0,0.3804348607858022,1.495890487892268
omitted,transfer,forward,encoder,load,0.25,57,specimen_57,50,90,1.0,0.41911424199740094,1.61050240380475
omitted,transfer,forward,encoder,load,0.5,10,specimen_10,30,45,1.0,0.3123991787433624,0.2316939362872399
omitted,transfer,forward,encoder,load,0.5,10,specimen_10,30,90,1.0,0.2662569185098012,0.6169393239071624
omitted,transfer,forward,encoder,load,0.5,10,specimen_10,50,45,1.0,0.3458651800950368,0.4412006651091956
omitted,transfer,forward,encoder,load,0.5,10,specimen_10,50,90,1.0,0.3111806611220042,0.6978373374499514
omitted,transfer,forward,encoder,load,0.5,57,specimen_57,30,45,1.0,0.2410096377134323,0.23581544275892694
omitted,transfer,forward,encoder,load,0.5,57,specimen_57,30,90,1.0,0.2954784631729126,0.9497055045643675
omitted,transfer,forward,encoder,load,0.5,57,specimen_57,50,45,1.0,0.3778718411922455,1.506905284174718
omitted,transfer,forward,encoder,load,0.5,57,specimen_57,50,90,1.0,0.4160752197106679,1.6304199912033361
omitted,transfer,forward,encoder,load,1.0,10,specimen_10,30,45,1.0,0.3411643107732137,0.20845557721997943
omitted,transfer,forward,encoder,load,1.0,10,specimen_10,30,90,1.0,0.2742063105106354,0.5866349713022528
omitted,transfer,forward,encoder,load,1.0,10,specimen_10,50,45,1.0,0.3662839929262797,0.4007938158344612
omitted,transfer,forward,encoder,load,1.0,10,specimen_10,50,90,1.0,0.32160355647404987,0.6531910636581676
omitted,transfer,forward,encoder,load,1.0,57,specimen_57,30,45,1.0,0.24013743797938028,0.23158311660935718
omitted,transfer,forward,encoder,load,1.0,57,specimen_57,30,90,1.0,0.2969938317934672,0.9444575511140516
omitted,transfer,forward,encoder,load,1.0,57,specimen_57,50,45,1.0,0.37603652477264404,1.49821612433498
omitted,transfer,forward,encoder,load,1.0,57,specimen_57,50,90,1.0,0.41415799657503766,1.6163781286833252
omitted,transfer,forward,encoder,repeat,0.25,10,specimen_10,30,45,1.0,0.27864570418993634,0.29003097885844287
omitted,transfer,forward,encoder,repeat,0.25,10,specimen_10,30,90,1.0,0.26635939876238507,0.621594385816261
omitted,transfer,forward,encoder,repeat,0.25,10,specimen_10,50,45,1.0,0.31844677527745563,0.5546638152601292
omitted,transfer,forward,encoder,repeat,0.25,10,specimen_10,50,90,1.0,0.3127096990744273,0.697764962277032
omitted,transfer,forward,encoder,repeat,0.25,57,specimen_57,30,45,1.0,0.2455922762552897,0.2086777767924248
omitted,transfer,forward,encoder,repeat,0.25,57,specimen_57,30,90,1.0,0.32633591691652936,0.9122673281953692
omitted,transfer,forward,encoder,repeat,0.25,57,specimen_57,50,45,1.0,0.37766000628471375,1.4530216947363241
omitted,transfer,forward,encoder,repeat,0.25,57,specimen_57,50,90,1.0,0.4025040368239085,1.5461947073056874
omitted,transfer,forward,encoder,repeat,0.5,10,specimen_10,30,45,1.0,0.31486209233601886,0.23125051760284973
omitted,transfer,forward,encoder,repeat,0.5,10,specimen_10,30,90,1.0,0.2709268629550934,0.6026703104620178
omitted,transfer,forward,encoder,repeat,0.5,10,specimen_10,50,45,1.0,0.3462378879388173,0.44370812000517734
omitted,transfer,forward,encoder,repeat,0.5,10,specimen_10,50,90,1.0,0.3174796899159749,0.669501930014647
omitted,transfer,forward,encoder,repeat,0.5,57,specimen_57,30,45,1.0,0.2512870579957962,0.2481912893800422
omitted,transfer,forward,encoder,repeat,0.5,57,specimen_57,30,90,1.0,0.2870853741963704,0.9708237022623657
omitted,transfer,forward,encoder,repeat,0.5,57,specimen_57,50,45,1.0,0.39120766520500183,1.5253180223624936
omitted,transfer,forward,encoder,repeat,0.5,57,specimen_57,50,90,1.0,0.4332677622636159,1.656278774235594
omitted,transfer,forward,encoder,repeat,1.0,10,specimen_10,30,45,1.0,0.3061795234680176,0.2381992157730958
omitted,transfer,forward,encoder,repeat,1.0,10,specimen_10,30,90,1.0,0.2612931827704112,0.6123617655856878
omitted,transfer,forward,encoder,repeat,1.0,10,specimen_10,50,45,1.0,0.3406888445218404,0.4452873005332501
omitted,transfer,forward,encoder,repeat,1.0,10,specimen_10,50,90,1.0,0.3100226620833079,0.6902945002417721
omitted,transfer,forward,encoder,repeat,1.0,57,specimen_57,30,45,1.0,0.24094271659851074,0.2358729006152145
omitted,transfer,forward,encoder,repeat,1.0,57,specimen_57,30,90,1.0,0.2949286897977193,0.9490406912955587
omitted,transfer,forward,encoder,repeat,1.0,57,specimen_57,50,45,1.0,0.3777201275030772,1.5055838506281913
omitted,transfer,forward,encoder,repeat,1.0,57,specimen_57,50,90,1.0,0.4166741569836934,1.6242661082924261
omitted,transfer,forward,encoder,single,0.25,10,specimen_10,30,45,1.0,0.25852130353450775,0.3175609843443275
omitted,transfer,forward,encoder,single,0.25,10,specimen_10,30,90,1.0,0.2711282968521118,0.6675970340320432
omitted,transfer,forward,encoder,single,0.25,10,specimen_10,50,45,1.0,0.3183703621228536,0.5767229849098937
omitted,transfer,forward,encoder,single,0.25,10,specimen_10,50,90,1.0,0.3138696650664012,0.7875237786673533
omitted,transfer,forward,encoder,single,0.25,57,specimen_57,30,45,1.0,0.2449721892674764,0.2177575735556603
omitted,transfer,forward,encoder,single,0.25,57,specimen_57,30,90,1.0,0.30123236775398254,0.9323667593065088
omitted,transfer,forward,encoder,single,0.25,57,specimen_57,50,45,1.0,0.37724443276723224,1.4713946653218173
omitted,transfer,forward,encoder,single,0.25,57,specimen_57,50,90,1.0,0.4140731692314148,1.5826654125700454
omitted,transfer,forward,encoder,single,0.5,10,specimen_10,30,45,1.0,0.2986384729544322,0.25391979290596944
omitted,transfer,forward,encoder,single,0.5,10,specimen_10,30,90,1.0,0.2667940557003021,0.6244060302901829
omitted,transfer,forward,encoder,single,0.5,10,specimen_10,50,45,1.0,0.34214428067207336,0.46589377591928766
omitted,transfer,forward,encoder,single,0.5,10,specimen_10,50,90,1.0,0.31258289019266766,0.7170460475120365
omitted,transfer,forward,encoder,single,0.5,57,specimen_57,30,45,1.0,0.25565558671951294,0.23981331442356033
omitted,transfer,forward,encoder,single,0.5,57,specimen_57,30,90,1.0,0.2879408895969391,0.9634997523113181
omitted,transfer,forward,encoder,single,0.5,57,specimen_57,50,45,1.0,0.39459675550460815,1.5142903135956152
omitted,transfer,forward,encoder,single,0.5,57,specimen_57,50,90,1.0,0.4380058745543162,1.6483972760414278
omitted,transfer,forward,encoder,single,1.0,10,specimen_10,30,45,1.0,0.35657549897829693,0.19515220465473052
omitted,transfer,forward,encoder,single,1.0,10,specimen_10,30,90,1.0,0.2825022538503011,0.5747411446594789
omitted,transfer,forward,encoder,single,1.0,10,specimen_10,50,45,1.0,0.38287946581840515,0.38215035455211227
omitted,transfer,forward,encoder,single,1.0,10,specimen_10,50,90,1.0,0.3290632963180542,0.6420171329446899
omitted,transfer,forward,encoder,single,1.0,57,specimen_57,30,45,1.0,0.24345526099205017,0.2173657321542313
omitted,transfer,forward,encoder,single,1.0,57,specimen_57,30,90,1.0,0.30461984872817993,0.9266776757842834
omitted,transfer,forward,encoder,single,1.0,57,specimen_57,50,45,1.0,0.3753044605255127,1.4755443704651832
omitted,transfer,forward,encoder,single,1.0,57,specimen_57,50,90,1.0,0.41036011775334674,1.5860084882850713
omitted,transfer,forward,encoder,speed,0.25,10,specimen_10,30,45,1.0,0.2609604249397914,0.3620509439085538
omitted,transfer,forward,encoder,speed,0.25,10,specimen_10,30,90,1.0,0.2641613284746806,0.6536547853261868
omitted,transfer,forward,encoder,speed,0.25,10,specimen_10,50,45,1.0,0.30328332384427387,0.6831228516815582
omitted,transfer,forward,encoder,speed,0.25,10,specimen_10,50,90,1.0,0.30890857179959613,0.7372606749046429
omitted,transfer,forward,encoder,speed,0.25,57,specimen_57,30,45,1.0,0.2750304937362671,0.2589364408504125
omitted,transfer,forward,encoder,speed,0.25,57,specimen_57,30,90,1.0,0.29996006687482196,0.9872535213186807
omitted,transfer,forward,encoder,speed,0.25,57,specimen_57,50,45,1.0,0.4135257303714752,1.5391709004200023
omitted,transfer,forward,encoder,speed,0.25,57,specimen_57,50,90,1.0,0.4635724027951558,1.6813718213538345
omitted,transfer,forward,encoder,speed,0.5,10,specimen_10,30,45,1.0,0.3088928957780202,0.28117766676122535
omitted,transfer,forward,encoder,speed,0.5,10,specimen_10,30,90,1.0,0.28915052612622577,0.5776044406728248
omitted,transfer,forward,encoder,speed,0.5,10,specimen_10,50,45,1.0,0.339076966047287,0.5277230989339744
omitted,transfer,forward,encoder,speed,0.5,10,specimen_10,50,90,1.0,0.3366391658782959,0.6141665959242067
omitted,transfer,forward,encoder,speed,0.5,57,specimen_57,30,45,1.0,0.27146724859873456,0.25947969017963457
omitted,transfer,forward,encoder,speed,0.5,57,specimen_57,30,90,1.0,0.29065903027852374,0.9849085973115649
omitted,transfer,forward,encoder,speed,0.5,57,specimen_57,50,45,1.0,0.41123003760973614,1.5431250582159004
omitted,transfer,forward,encoder,speed,0.5,57,specimen_57,50,90,1.0,0.460947722196579,1.687629810330565
omitted,transfer,forward,encoder,speed,1.0,10,specimen_10,30,45,1.0,0.30211158593495685,0.29333808655183863
omitted,transfer,forward,encoder,speed,1.0,10,specimen_10,30,90,1.0,0.2862953146298726,0.5827249505488653
omitted,transfer,forward,encoder,speed,1.0,10,specimen_10,50,45,1.0,0.33085819085439044,0.5521404140826199
omitted,transfer,forward,encoder,speed,1.0,10,specimen_10,50,90,1.0,0.33297787110010785,0.6227238194733845
omitted,transfer,forward,encoder,speed,1.0,57,specimen_57,30,45,1.0,0.2588316798210144,0.2518217267237448
omitted,transfer,forward,encoder,speed,1.0,57,specimen_57,30,90,1.0,0.2862585286299388,0.972504914623017
omitted,transfer,forward,encoder,speed,1.0,57,specimen_57,50,45,1.0,0.3989042143026988,1.5311747268878115
omitted,transfer,forward,encoder,speed,1.0,57,specimen_57,50,90,1.0,0.4453980326652527,1.6653921411453376
omitted,transfer,forward,encoder_wrong_support,direction,0.25,10,specimen_10,30,45,1.0,0.37684519092241925,0.5366793102237742
omitted,transfer,forward,encoder_wrong_support,direction,0.25,10,specimen_10,30,90,1.0,0.3127504289150238,0.771144277785241
omitted,transfer,forward,encoder_wrong_support,direction,0.25,10,specimen_10,50,45,1.0,0.5317284464836121,1.1048173979653853
omitted,transfer,forward,encoder_wrong_support,direction,0.25,10,specimen_10,50,90,1.0,0.40211041768391925,1.0397372796337294
omitted,transfer,forward,encoder_wrong_support,direction,0.25,57,specimen_57,30,45,1.0,0.4717779556910197,0.022105282597363256
omitted,transfer,forward,encoder_wrong_support,direction,0.25,57,specimen_57,30,90,1.0,0.40742915868759155,0.8135375740467806
omitted,transfer,forward,encoder_wrong_support,direction,0.25,57,specimen_57,50,45,1.0,0.6313183307647705,0.9284152401545723
omitted,transfer,forward,encoder_wrong_support,direction,0.25,57,specimen_57,50,90,1.0,0.4378477931022644,1.2598856999682746
omitted,transfer,forward,encoder_wrong_support,direction,0.5,10,specimen_10,30,45,1.0,0.42415199677149457,0.5537802985429453
omitted,transfer,forward,encoder_wrong_support,direction,0.5,10,specimen_10,30,90,1.0,0.35635868708292645,0.8067819745933563
omitted,transfer,forward,encoder_wrong_support,direction,0.5,10,specimen_10,50,45,1.0,0.5788312951723734,1.1317572182337694
omitted,transfer,forward,encoder_wrong_support,direction,0.5,10,specimen_10,50,90,1.0,0.4339301486810048,1.0782169504345145
omitted,transfer,forward,encoder_wrong_support,direction,0.5,57,specimen_57,30,45,1.0,0.5127518673737844,0.03987393378307147
omitted,transfer,forward,encoder_wrong_support,direction,0.5,57,specimen_57,30,90,1.0,0.44599591692288715,0.7797146781456092
omitted,transfer,forward,encoder_wrong_support,direction,0.5,57,specimen_57,50,45,1.0,0.6634615262349447,0.8878325324581366
omitted,transfer,forward,encoder_wrong_support,direction,0.5,57,specimen_57,50,90,1.0,0.45898281534512836,1.207239097485538
omitted,transfer,forward,encoder_wrong_support,direction,1.0,10,specimen_10,30,45,1.0,0.41397927204767865,0.5504538388510729
omitted,transfer,forward,encoder_wrong_support,direction,1.0,10,specimen_10,30,90,1.0,0.34606145819028217,0.8023582376071815
omitted,transfer,forward,encoder_wrong_support,direction,1.0,10,specimen_10,50,45,1.0,0.5690090854962667,1.1277815731490441
omitted,transfer,forward,encoder_wrong_support,direction,1.0,10,specimen_10,50,90,1.0,0.4250570237636566,1.0699362294190653
omitted,transfer,forward,encoder_wrong_support,direction,1.0,57,specimen_57,30,45,1.0,0.5228954553604126,0.040710990265389636
omitted,transfer,forward,encoder_wrong_support,direction,1.0,57,specimen_57,30,90,1.0,0.4674038092295329,0.7623980771789527
omitted,transfer,forward,encoder_wrong_support,direction,1.0,57,specimen_57,50,45,1.0,0.6738885045051575,0.8847016614745243
omitted,transfer,forward,encoder_wrong_support,direction,1.0,57,specimen_57,50,90,1.0,0.47172774871190387,1.1813673504295799
omitted,transfer,forward,encoder_wrong_support,load,0.25,10,specimen_10,30,45,1.0,0.4604111909866333,0.5641467825086617
omitted,transfer,forward,encoder_wrong_support,load,0.25,10,specimen_10,30,90,1.0,0.373897910118103,0.8191243127882514
omitted,transfer,forward,encoder_wrong_support,load,0.25,10,specimen_10,50,45,1.0,0.6168652574221293,1.1558635972714686
omitted,transfer,forward,encoder_wrong_support,load,0.25,10,specimen_10,50,90,1.0,0.456036776304245,1.1158316627609155
omitted,transfer,forward,encoder_wrong_support,load,0.25,57,specimen_57,30,45,1.0,0.5549030204614004,0.08850724044004805
omitted,transfer,forward,encoder_wrong_support,load,0.25,57,specimen_57,30,90,1.0,0.4423938989639282,0.7804107698289845
omitted,transfer,forward,encoder_wrong_support,load,0.25,57,specimen_57,50,45,1.0,0.693633516629537,0.7992571285626257
omitted,transfer,forward,encoder_wrong_support,load,0.25,57,specimen_57,50,90,1.0,0.4512391686439514,1.242074786424757
omitted,transfer,forward,encoder_wrong_support,load,0.5,10,specimen_10,30,45,1.0,0.4574142396450043,0.5660241934046956
omitted,transfer,forward,encoder_wrong_support,load,0.5,10,specimen_10,30,90,1.0,0.3563425938288371,0.8143959958312722
omitted,transfer,forward,encoder_wrong_support,load,0.5,10,specimen_10,50,45,1.0,0.6189621686935425,1.1668783935539186
omitted,transfer,forward,encoder_wrong_support,load,0.5,10,specimen_10,50,90,1.0,0.4532211124897003,1.1357492501595017
omitted,transfer,forward,encoder_wrong_support,load,0.5,57,specimen_57,30,45,1.0,0.5844703714052836,0.09851481435852882
omitted,transfer,forward,encoder_wrong_support,load,0.5,57,specimen_57,30,90,1.0,0.48035645484924316,0.7522488326402578
omitted,transfer,forward,encoder_wrong_support,load,0.5,57,specimen_57,50,45,1.0,0.7180949052174886,0.7812275557299948
omitted,transfer,forward,encoder_wrong_support,load,0.5,57,specimen_57,50,90,1.0,0.477658748626709,1.1925080784937858
omitted,transfer,forward,encoder_wrong_support,load,1.0,10,specimen_10,30,45,1.0,0.44879234830538434,0.5617918672551259
omitted,transfer,forward,encoder_wrong_support,load,1.0,10,specimen_10,30,90,1.0,0.35170414050420123,0.8091480423809564
omitted,transfer,forward,encoder_wrong_support,load,1.0,10,specimen_10,50,45,1.0,0.6102016170819601,1.158189233714181
omitted,transfer,forward,encoder_wrong_support,load,1.0,10,specimen_10,50,90,1.0,0.44768190383911133,1.1217073876394907
omitted,transfer,forward,encoder_wrong_support,load,1.0,57,specimen_57,30,45,1.0,0.6240532000859579,0.12175317342578929
omitted,transfer,forward,encoder_wrong_support,load,1.0,57,specimen_57,30,90,1.0,0.515609880288442,0.7219444800353481
omitted,transfer,forward,encoder_wrong_support,load,1.0,57,specimen_57,50,45,1.0,0.7508181929588318,0.7408207064552604
omitted,transfer,forward,encoder_wrong_support,load,1.0,57,specimen_57,50,90,1.0,0.5044378836949667,1.147861804702002
omitted,transfer,forward,encoder_wrong_support,repeat,0.25,10,specimen_10,30,45,1.0,0.385290006796519,0.5388865274381934
omitted,transfer,forward,encoder_wrong_support,repeat,0.25,10,specimen_10,30,90,1.0,0.31813835104306537,0.7769578194622738
omitted,transfer,forward,encoder_wrong_support,repeat,0.25,10,specimen_10,50,45,1.0,0.5412147641181946,1.1129948041155249
omitted,transfer,forward,encoder_wrong_support,repeat,0.25,10,specimen_10,50,90,1.0,0.40475379427274066,1.051523966261853
omitted,transfer,forward,encoder_wrong_support,repeat,0.25,57,specimen_57,30,45,1.0,0.5273187359174093,0.040177771787325844
omitted,transfer,forward,encoder_wrong_support,repeat,0.25,57,specimen_57,30,90,1.0,0.4865294893582662,0.7569038945493564
omitted,transfer,forward,encoder_wrong_support,repeat,0.25,57,specimen_57,50,45,1.0,0.6739016175270081,0.8946907058809285
omitted,transfer,forward,encoder_wrong_support,repeat,0.25,57,specimen_57,50,90,1.0,0.4760614037513733,1.1924357033208663
omitted,transfer,forward,encoder_wrong_support,repeat,0.5,10,specimen_10,30,45,1.0,0.49397801359494525,0.5784000400258109
omitted,transfer,forward,encoder_wrong_support,repeat,0.5,10,specimen_10,30,90,1.0,0.39198028047879535,0.8355141935292703
omitted,transfer,forward,encoder_wrong_support,repeat,0.5,10,specimen_10,50,45,1.0,0.6529772877693176,1.1852911317416943
omitted,transfer,forward,encoder_wrong_support,repeat,0.5,10,specimen_10,50,90,1.0,0.4798763692378998,1.1616080331917595
omitted,transfer,forward,encoder_wrong_support,repeat,0.5,57,specimen_57,30,45,1.0,0.5884594519933065,0.098958233042919
omitted,transfer,forward,encoder_wrong_support,repeat,0.5,57,specimen_57,30,90,1.0,0.49962009986241657,0.7379798191951131
omitted,transfer,forward,encoder_wrong_support,repeat,0.5,57,specimen_57,50,45,1.0,0.7219865918159485,0.7837350106259766
omitted,transfer,forward,encoder_wrong_support,repeat,0.5,57,specimen_57,50,90,1.0,0.4899103144804637,1.1641726710584814
omitted,transfer,forward,encoder_wrong_support,repeat,1.0,10,specimen_10,30,45,1.0,0.4565311670303345,0.5660816512609832
omitted,transfer,forward,encoder_wrong_support,repeat,1.0,10,specimen_10,30,90,1.0,0.35721783836682636,0.8137311825624632
omitted,transfer,forward,encoder_wrong_support,repeat,1.0,10,specimen_10,50,45,1.0,0.6171401937802633,1.165556960007392
omitted,transfer,forward,encoder_wrong_support,repeat,1.0,10,specimen_10,50,90,1.0,0.45254161953926086,1.1295953672485917
omitted,transfer,forward,encoder_wrong_support,repeat,1.0,57,specimen_57,30,45,1.0,0.577376147111257,0.0920095348726729
omitted,transfer,forward,encoder_wrong_support,repeat,1.0,57,specimen_57,30,90,1.0,0.4839137593905131,0.7476712743187831
omitted,transfer,forward,encoder_wrong_support,repeat,1.0,57,specimen_57,50,45,1.0,0.7136611739794413,0.7853141911540494
omitted,transfer,forward,encoder_wrong_support,repeat,1.0,57,specimen_57,50,90,1.0,0.47937514384587604,1.1849652412856064
omitted,transfer,forward,encoder_wrong_support,single,0.25,10,specimen_10,30,45,1.0,0.43823588887850445,0.547966324201429
omitted,transfer,forward,encoder_wrong_support,single,0.25,10,specimen_10,30,90,1.0,0.35743674635887146,0.7970572505734134
omitted,transfer,forward,encoder_wrong_support,single,0.25,10,specimen_10,50,45,1.0,0.5992989540100098,1.131367774701018
omitted,transfer,forward,encoder_wrong_support,single,0.25,10,specimen_10,50,90,1.0,0.4470520516236623,1.087994671526211
omitted,transfer,forward,encoder_wrong_support,single,0.25,57,specimen_57,30,45,1.0,0.473402480284373,0.014823463472374399
omitted,transfer,forward,encoder_wrong_support,single,0.25,57,specimen_57,30,90,1.0,0.4240072766939799,0.8029065427651384
omitted,transfer,forward,encoder_wrong_support,single,0.25,57,specimen_57,50,45,1.0,0.6408401528994242,0.916749875530693
omitted,transfer,forward,encoder_wrong_support,single,0.25,57,specimen_57,50,90,1.0,0.4390033384164174,1.2821945197111877
omitted,transfer,forward,encoder_wrong_support,single,0.5,10,specimen_10,30,45,1.0,0.4970629612604777,0.570022065069329
omitted,transfer,forward,encoder_wrong_support,single,0.5,10,specimen_10,30,90,1.0,0.39543593923250836,0.8281902435782228
omitted,transfer,forward,encoder_wrong_support,single,0.5,10,specimen_10,50,45,1.0,0.6612515846888224,1.174263422974816
omitted,transfer,forward,encoder_wrong_support,single,0.5,10,specimen_10,50,90,1.0,0.4874276320139567,1.1537265349975934
omitted,transfer,forward,encoder_wrong_support,single,0.5,57,specimen_57,30,45,1.0,0.5602829456329346,0.07628895773979927
omitted,transfer,forward,encoder_wrong_support,single,0.5,57,specimen_57,30,90,1.0,0.47207873066266376,0.7597155390232783
omitted,transfer,forward,encoder_wrong_support,single,0.5,57,specimen_57,50,45,1.0,0.7082672317822775,0.805920666540087
omitted,transfer,forward,encoder_wrong_support,single,0.5,57,specimen_57,50,90,1.0,0.46857597430547077,1.211716788555871
omitted,transfer,forward,encoder_wrong_support,single,1.0,10,specimen_10,30,45,1.0,0.4305248161156972,0.5475744828
omitted,transfer,forward,encoder_wrong_support,single,1.0,10,specimen_10,30,90,1.0,0.3413286606470744,0.791368167051188
omitted,transfer,forward,encoder_wrong_support,single,1.0,10,specimen_10,50,45,1.0,0.5951070189476013,1.135517479844384
omitted,transfer,forward,encoder_wrong_support,single,1.0,10,specimen_10,50,90,1.0,0.4395159085591634,1.0913377472412367
omitted,transfer,forward,encoder_wrong_support,single,1.0,57,specimen_57,30,45,1.0,0.6431285540262858,0.1350565459910382
omitted,transfer,forward,encoder_wrong_support,single,1.0,57,specimen_57,30,90,1.0,0.5295313199361166,0.7100506533925742
omitted,transfer,forward,encoder_wrong_support,single,1.0,57,specimen_57,50,45,1.0,0.7699201703071594,0.7221772451729116
omitted,transfer,forward,encoder_wrong_support,single,1.0,57,specimen_57,50,90,1.0,0.5124001105626425,1.1366878739885244
omitted,transfer,forward,encoder_wrong_support,speed,0.25,10,specimen_10,30,45,1.0,0.538038820028305,0.5891451914961813
omitted,transfer,forward,encoder_wrong_support,speed,0.25,10,specimen_10,30,90,1.0,0.4376690189043681,0.8519440125855855
omitted,transfer,forward,encoder_wrong_support,speed,0.25,10,specimen_10,50,45,1.0,0.6924672921498617,1.199144009799203
omitted,transfer,forward,encoder_wrong_support,speed,0.25,10,specimen_10,50,90,1.0,0.516865740219752,1.18670108031
omitted,transfer,forward,encoder_wrong_support,speed,0.25,57,specimen_57,30,45,1.0,0.4516786535580953,0.04914177019489666
omitted,transfer,forward,encoder_wrong_support,speed,0.25,57,specimen_57,30,90,1.0,0.4582037329673767,0.7889642940592821
omitted,transfer,forward,encoder_wrong_support,speed,0.25,57,specimen_57,50,45,1.0,0.6181334654490153,1.0231497423023574
omitted,transfer,forward,encoder_wrong_support,speed,0.25,57,specimen_57,50,90,1.0,0.4635150730609894,1.2319314159484773
omitted,transfer,forward,encoder_wrong_support,speed,0.5,10,specimen_10,30,45,1.0,0.5357195337613424,0.5896884408254032
omitted,transfer,forward,encoder_wrong_support,speed,0.5,10,specimen_10,30,90,1.0,0.42803390820821124,0.8495990885784694
omitted,transfer,forward,encoder_wrong_support,speed,0.5,10,specimen_10,50,45,1.0,0.6936630010604858,1.2030981675951011
omitted,transfer,forward,encoder_wrong_support,speed,0.5,10,specimen_10,50,90,1.0,0.5150847236315409,1.1929590692867305
omitted,transfer,forward,encoder_wrong_support,speed,0.5,57,specimen_57,30,45,1.0,0.567564974228541,0.04903108388454336
omitted,transfer,forward,encoder_wrong_support,speed,0.5,57,specimen_57,30,90,1.0,0.537671277920405,0.71291394940592
omitted,transfer,forward,encoder_wrong_support,speed,0.5,57,specimen_57,50,45,1.0,0.7134583989779154,0.8677499895547737
omitted,transfer,forward,encoder_wrong_support,speed,0.5,57,specimen_57,50,90,1.0,0.5233233968416849,1.1088373369680413
omitted,transfer,forward,encoder_wrong_support,speed,1.0,10,specimen_10,30,45,1.0,0.5115225811799368,0.5820304773695135
omitted,transfer,forward,encoder_wrong_support,speed,1.0,10,specimen_10,30,90,1.0,0.4050615926583608,0.8371954058899216
omitted,transfer,forward,encoder_wrong_support,speed,1.0,10,specimen_10,50,45,1.0,0.6713959376017252,1.1911478362670123
omitted,transfer,forward,encoder_wrong_support,speed,1.0,10,specimen_10,50,90,1.0,0.49599698185920715,1.1707214001015032
omitted,transfer,forward,encoder_wrong_support,speed,1.0,57,specimen_57,30,45,1.0,0.5545903841654459,0.04390519760498975
omitted,transfer,forward,encoder_wrong_support,speed,1.0,57,specimen_57,30,90,1.0,0.53429647286733,0.7180344592819606
omitted,transfer,forward,encoder_wrong_support,speed,1.0,57,specimen_57,50,45,1.0,0.7033336957295736,0.8921673047034192
omitted,transfer,forward,encoder_wrong_support,speed,1.0,57,specimen_57,50,90,1.0,0.5183848639329275,1.117394560517219
omitted,transfer,forward,fixed_features,direction,0.25,10,specimen_10,30,45,1.0,0.2560312149463115,0.32289466334854344
omitted,transfer,forward,fixed_features,direction,0.25,10,specimen_10,30,90,1.0,0.2652576464369949,0.5414815084808662
omitted,transfer,forward,fixed_features,direction,0.25,10,specimen_10,50,45,1.0,0.30045031594093824,0.7441201232323724
omitted,transfer,forward,fixed_features,direction,0.25,10,specimen_10,50,90,1.0,0.28601874153715173,0.8062193002817473
omitted,transfer,forward,fixed_features,direction,0.25,57,specimen_57,30,45,1.0,0.2549923247161236,0.17453956909473844
omitted,transfer,forward,fixed_features,direction,0.25,57,specimen_57,30,90,1.0,0.2950211069511522,0.9364350259271765
omitted,transfer,forward,fixed_features,direction,0.25,57,specimen_57,50,45,1.0,0.38085851882665595,1.399375313170376
omitted,transfer,forward,fixed_features,direction,0.25,57,specimen_57,50,90,1.0,0.4395013369656107,1.7570019545998918
omitted,transfer,forward,fixed_features,direction,0.5,10,specimen_10,30,45,1.0,0.2546519086058774,0.3300043872627919
omitted,transfer,forward,fixed_features,direction,0.5,10,specimen_10,30,90,1.0,0.266344620470185,0.5499263338712845
omitted,transfer,forward,fixed_features,direction,0.5,10,specimen_10,50,45,1.0,0.30353202531943746,0.7575026901533115
omitted,transfer,forward,fixed_features,direction,0.5,10,specimen_10,50,90,1.0,0.28650248391407307,0.8216867762571654
omitted,transfer,forward,fixed_features,direction,0.5,57,specimen_57,30,45,1.0,0.26104803436039253,0.15057428064790557
omitted,transfer,forward,fixed_features,direction,0.5,57,specimen_57,30,90,1.0,0.29345924822630215,0.917075971245885
omitted,transfer,forward,fixed_features,direction,0.5,57,specimen_57,50,45,1.0,0.39591979714908804,1.3622374582694912
omitted,transfer,forward,fixed_features,direction,0.5,57,specimen_57,50,90,1.0,0.4261571910835456,1.7239107182020914
omitted,transfer,forward,fixed_features,direction,1.0,10,specimen_10,30,45,1.0,0.25785946724319847,0.32787528455022485
omitted,transfer,forward,fixed_features,direction,1.0,10,specimen_10,30,90,1.0,0.26332019189982886,0.5495612564080365
omitted,transfer,forward,fixed_features,direction,1.0,10,specimen_10,50,45,1.0,0.29752087368623065,0.7529515649900278
omitted,transfer,forward,fixed_features,direction,1.0,10,specimen_10,50,90,1.0,0.2843050508630143,0.8212412854277937
omitted,transfer,forward,fixed_features,direction,1.0,57,specimen_57,30,45,1.0,0.2637706219094753,0.1512563797239963
omitted,transfer,forward,fixed_features,direction,1.0,57,specimen_57,30,90,1.0,0.29467219496477753,0.9127798590559774
omitted,transfer,forward,fixed_features,direction,1.0,57,specimen_57,50,45,1.0,0.4026364617203592,1.3609784978752058
omitted,transfer,forward,fixed_features,direction,1.0,57,specimen_57,50,90,1.0,0.4166121805092428,1.7157504235280747
omitted,transfer,forward,fixed_features,load,0.25,10,specimen_10,30,45,1.0,0.256416549798538,0.32794185788338015
omitted,transfer,forward,fixed_features,load,0.25,10,specimen_10,30,90,1.0,0.2625080250289456,0.5456410199501103
omitted,transfer,forward,fixed_features,load,0.25,10,specimen_10,50,45,1.0,0.2939695229498938,0.7501783714936368
omitted,transfer,forward,fixed_features,load,0.25,10,specimen_10,50,90,1.0,0.2866667429791327,0.8162824488588711
omitted,transfer,forward,fixed_features,load,0.25,57,specimen_57,30,45,1.0,0.2555208661121391,0.17118447157993688
omitted,transfer,forward,fixed_features,load,0.25,57,specimen_57,30,90,1.0,0.29301892942241925,0.941291232578901
omitted,transfer,forward,fixed_features,load,0.25,57,specimen_57,50,45,1.0,0.38251484253270124,1.3950199024553456
omitted,transfer,forward,fixed_features,load,0.25,57,specimen_57,50,90,1.0,0.43464420771633216,1.764052408922005
omitted,transfer,forward,fixed_features,load,0.5,10,specimen_10,30,45,1.0,0.24198326989609864,0.3594408841735053
omitted,transfer,forward,fixed_features,load,0.5,10,specimen_10,30,90,1.0,0.2571824158526705,0.5843660222636378
omitted,transfer,forward,fixed_features,load,0.5,10,specimen_10,50,45,1.0,0.3008990390776432,0.8037903539749487
omitted,transfer,forward,fixed_features,load,0.5,10,specimen_10,50,90,1.0,0.2888861260582368,0.8811467963096671
omitted,transfer,forward,fixed_features,load,0.5,57,specimen_57,30,45,1.0,0.25589744411041493,0.16419471251632212
omitted,transfer,forward,fixed_features,load,0.5,57,specimen_57,30,90,1.0,0.29541387530571933,0.9395132954044368
omitted,transfer,forward,fixed_features,load,0.5,57,specimen_57,50,45,1.0,0.38420344637112597,1.3864440807320308
omitted,transfer,forward,fixed_features,load,0.5,57,specimen_57,50,90,1.0,0.43905453925354604,1.7629288258956237
omitted,transfer,forward,fixed_features,load,1.0,10,specimen_10,30,45,1.0,0.24046174427918532,0.36583398277009616
omitted,transfer,forward,fixed_features,load,1.0,10,specimen_10,30,90,1.0,0.25661835926938936,0.5918123428878824
omitted,transfer,forward,fixed_features,load,1.0,10,specimen_10,50,45,1.0,0.2995647032591926,0.8140142555277823
omitted,transfer,forward,fixed_features,load,1.0,10,specimen_10,50,90,1.0,0.29089395987206074,0.8943225527621164
omitted,transfer,forward,fixed_features,load,1.0,57,specimen_57,30,45,1.0,0.2572593033826382,0.1619755270704536
omitted,transfer,forward,fixed_features,load,1.0,57,specimen_57,30,90,1.0,0.29302850454922535,0.9351324734153904
omitted,transfer,forward,fixed_features,load,1.0,57,specimen_57,50,45,1.0,0.39042425873682807,1.3815100536125344
omitted,transfer,forward,fixed_features,load,1.0,57,specimen_57,50,90,1.0,0.42996862802437685,1.754659912832913
omitted,transfer,forward,fixed_features,repeat,0.25,10,specimen_10,30,45,1.0,0.24448334107210337,0.3386073980207984
omitted,transfer,forward,fixed_features,repeat,0.25,10,specimen_10,30,90,1.0,0.2562096754567858,0.5648717123781393
omitted,transfer,forward,fixed_features,repeat,0.25,10,specimen_10,50,45,1.0,0.2961229419468263,0.7707223354777692
omitted,transfer,forward,fixed_features,repeat,0.25,10,specimen_10,50,90,1.0,0.2871289594437695,0.8487518954837154
omitted,transfer,forward,fixed_features,repeat,0.25,57,specimen_57,30,45,1.0,0.24374868183743006,0.1857990952670897
omitted,transfer,forward,fixed_features,repeat,0.25,57,specimen_57,30,90,1.0,0.3077539560079923,0.9668675456870519
omitted,transfer,forward,fixed_features,repeat,0.25,57,specimen_57,50,45,1.0,0.3727757662917488,1.4217972166452975
omitted,transfer,forward,fixed_features,repeat,0.25,57,specimen_57,50,90,1.0,0.4742690740452986,1.8061183404292316
omitted,transfer,forward,fixed_features,repeat,0.5,10,specimen_10,30,45,1.0,0.23774887544937226,0.35683982025357186
omitted,transfer,forward,fixed_features,repeat,0.5,10,specimen_10,30,90,1.0,0.25471146344330625,0.585270497919918
omitted,transfer,forward,fixed_features,repeat,0.5,10,specimen_10,50,45,1.0,0.2992137806295982,0.800502303081362
omitted,transfer,forward,fixed_features,repeat,0.5,10,specimen_10,50,90,1.0,0.2900281737497345,0.884279479948263
omitted,transfer,forward,fixed_features,repeat,0.5,57,specimen_57,30,45,1.0,0.2513483458781077,0.17508433376113164
omitted,transfer,forward,fixed_features,repeat,0.5,57,specimen_57,30,90,1.0,0.30096639941705955,0.9521237704393711
omitted,transfer,forward,fixed_features,repeat,0.5,57,specimen_57,50,45,1.0,0.3787357785541712,1.4040960006033232
omitted,transfer,forward,fixed_features,repeat,0.5,57,specimen_57,50,90,1.0,0.453462248728588,1.783753427518153
omitted,transfer,forward,fixed_features,repeat,1.0,10,specimen_10,30,45,1.0,0.24421841039648529,0.3474136209635268
omitted,transfer,forward,fixed_features,repeat,1.0,10,specimen_10,30,90,1.0,0.25559706754260497,0.5776709762764908
omitted,transfer,forward,fixed_features,repeat,1.0,10,specimen_10,50,45,1.0,0.2951818742568788,0.7863854043474876
omitted,transfer,forward,fixed_features,repeat,1.0,10,specimen_10,50,90,1.0,0.28484923869647366,0.872273795710826
omitted,transfer,forward,fixed_features,repeat,1.0,57,specimen_57,30,45,1.0,0.25664340032822086,0.16756163883308528
omitted,transfer,forward,fixed_features,repeat,1.0,57,specimen_57,30,90,1.0,0.29457214690316563,0.9380490870977822
omitted,transfer,forward,fixed_features,repeat,1.0,57,specimen_57,50,45,1.0,0.3884791665579044,1.3899854617876388
omitted,transfer,forward,fixed_features,repeat,1.0,57,specimen_57,50,90,1.0,0.4342159387982607,1.7594781443230674
omitted,transfer,forward,fixed_features,single,0.25,10,specimen_10,30,45,1.0,0.2704443572574486,0.31376491184591015
omitted,transfer,forward,fixed_features,single,0.25,10,specimen_10,30,90,1.0,0.2678170561197366,0.5274435023367776
omitted,transfer,forward,fixed_features,single,0.25,10,specimen_10,50,45,1.0,0.29636767483951953,0.7251554413512507
omitted,transfer,forward,fixed_features,single,0.25,10,specimen_10,50,90,1.0,0.2802480349356473,0.783627213828963
omitted,transfer,forward,fixed_features,single,0.25,57,specimen_57,30,45,1.0,0.2648563416798807,0.16713490902326655
omitted,transfer,forward,fixed_features,single,0.25,57,specimen_57,30,90,1.0,0.3008325977786885,0.9290426396830683
omitted,transfer,forward,fixed_features,single,0.25,57,specimen_57,50,45,1.0,0.3820118633428404,1.3883594674118893
omitted,transfer,forward,fixed_features,single,0.25,57,specimen_57,50,90,1.0,0.4361130015042103,1.7484035006681387
omitted,transfer,forward,fixed_features,single,0.5,10,specimen_10,30,45,1.0,0.2554391187531754,0.33675973328970665
omitted,transfer,forward,fixed_features,single,0.5,10,specimen_10,30,90,1.0,0.259354921105702,0.5556092286319608
omitted,transfer,forward,fixed_features,single,0.5,10,specimen_10,50,45,1.0,0.297101568915671,0.7655362816392091
omitted,transfer,forward,fixed_features,single,0.5,10,specimen_10,50,90,1.0,0.28201693701993086,0.8331742099161876
omitted,transfer,forward,fixed_features,single,0.5,57,specimen_57,30,45,1.0,0.2640796974654556,0.1547966981239699
omitted,transfer,forward,fixed_features,single,0.5,57,specimen_57,30,90,1.0,0.2972741047326715,0.9256224356865642
omitted,transfer,forward,fixed_features,single,0.5,57,specimen_57,50,45,1.0,0.3890664483600301,1.3709476043793973
omitted,transfer,forward,fixed_features,single,0.5,57,specimen_57,50,90,1.0,0.43236304014939564,1.7418712906432035
omitted,transfer,forward,fixed_features,single,1.0,10,specimen_10,30,45,1.0,0.2484871455006917,0.34868708024218664
omitted,transfer,forward,fixed_features,single,1.0,10,specimen_10,30,90,1.0,0.25652037598579636,0.5747851467978982
omitted,transfer,forward,fixed_features,single,1.0,10,specimen_10,50,45,1.0,0.2959261556076998,0.7867440511514061
omitted,transfer,forward,fixed_features,single,1.0,10,specimen_10,50,90,1.0,0.2850799377471999,0.8669286233404649
omitted,transfer,forward,fixed_features,single,1.0,57,specimen_57,30,45,1.0,0.26125034514159307,0.15771528730121642
omitted,transfer,forward,fixed_features,single,1.0,57,specimen_57,30,90,1.0,0.2961859664913831,0.9283539414333737
omitted,transfer,forward,fixed_features,single,1.0,57,specimen_57,50,45,1.0,0.38981825574970436,1.375185576913906
omitted,transfer,forward,fixed_features,single,1.0,57,specimen_57,50,90,1.0,0.4334993919231303,1.7452922951560321
omitted,transfer,forward,fixed_features,speed,0.25,10,specimen_10,30,45,1.0,0.2566183980530581,0.353721467776665
omitted,transfer,forward,fixed_features,speed,0.25,10,specimen_10,30,90,1.0,0.257816964424235,0.5781943054330188
omitted,transfer,forward,fixed_features,speed,0.25,10,specimen_10,50,45,1.0,0.2899295630641514,0.7888529583861341
omitted,transfer,forward,fixed_features,speed,0.25,10,specimen_10,50,90,1.0,0.2828127512385248,0.8687195839808293
omitted,transfer,forward,fixed_features,speed,0.25,57,specimen_57,30,45,1.0,0.27603651264614376,0.1497078342059699
omitted,transfer,forward,fixed_features,speed,0.25,57,specimen_57,30,90,1.0,0.2961176570288462,0.9216880277277713
omitted,transfer,forward,fixed_features,speed,0.25,57,specimen_57,50,45,1.0,0.4050243936494746,1.3598208409979136
omitted,transfer,forward,fixed_features,speed,0.25,57,specimen_57,50,90,1.0,0.4102882052393886,1.7325884393356181
omitted,transfer,forward,fixed_features,speed,0.5,10,specimen_10,30,45,1.0,0.24221365330480507,0.3668672875081339
omitted,transfer,forward,fixed_features,speed,0.5,10,specimen_10,30,90,1.0,0.25675222175905776,0.5901823644213574
omitted,transfer,forward,fixed_features,speed,0.5,10,specimen_10,50,45,1.0,0.2985440333035414,0.8130265899991715
omitted,transfer,forward,fixed_features,speed,0.5,10,specimen_10,50,90,1.0,0.2920112975103956,0.8931910578117446
omitted,transfer,forward,fixed_features,speed,0.5,57,specimen_57,30,45,1.0,0.2650507938423075,0.1501536533992618
omitted,transfer,forward,fixed_features,speed,0.5,57,specimen_57,30,90,1.0,0.2928535980004864,0.9293354102906999
omitted,transfer,forward,fixed_features,speed,0.5,57,specimen_57,50,45,1.0,0.39758673736321004,1.3635493002983394
omitted,transfer,forward,fixed_features,speed,0.5,57,specimen_57,50,90,1.0,0.42338020404935,1.7449262619028019
omitted,transfer,forward,fixed_features,speed,1.0,10,specimen_10,30,45,1.0,0.24090882788021303,0.36810997383025656
omitted,transfer,forward,fixed_features,speed,1.0,10,specimen_10,30,90,1.0,0.25797265801493546,0.5938267112675815
omitted,transfer,forward,fixed_features,speed,1.0,10,specimen_10,50,45,1.0,0.29831785545302997,0.8169614398324117
omitted,transfer,forward,fixed_features,speed,1.0,10,specimen_10,50,90,1.0,0.2917618100912348,0.8996920017564924
omitted,transfer,forward,fixed_features,speed,1.0,57,specimen_57,30,45,1.0,0.26070249653916605,0.15413255381351465
omitted,transfer,forward,fixed_features,speed,1.0,57,specimen_57,30,90,1.0,0.2920341968705467,0.9329277587954671
omitted,transfer,forward,fixed_features,speed,1.0,57,specimen_57,50,45,1.0,0.3955565971714485,1.3701044160113525
omitted,transfer,forward,fixed_features,speed,1.0,57,specimen_57,50,90,1.0,0.42647042058688545,1.7504629481946623
omitted,transfer,forward,retrieval,direction,0.25,10,specimen_10,30,45,1.0,0.24771677147388424,0.38110044742839
omitted,transfer,forward,retrieval,direction,0.25,10,specimen_10,30,90,1.0,0.30245467553948047,0.43121749862826664
omitted,transfer,forward,retrieval,direction,0.25,10,specimen_10,50,45,1.0,0.29859343091837215,0.9130374945189978
omitted,transfer,forward,retrieval,direction,0.25,10,specimen_10,50,90,1.0,0.2678490798469125,0.6258354709941603
omitted,transfer,forward,retrieval,direction,0.25,57,specimen_57,30,45,1.0,0.3079472297894063,0.11134462199964357
omitted,transfer,forward,retrieval,direction,0.25,57,specimen_57,30,90,1.0,0.4208523309117385,0.672696789780944
omitted,transfer,forward,retrieval,direction,0.25,57,specimen_57,50,45,1.0,0.40934013383541035,1.509307419009834
omitted,transfer,forward,retrieval,direction,0.25,57,specimen_57,50,90,1.0,0.3848533631692607,1.4339297864631804
omitted,transfer,forward,retrieval,direction,0.5,10,specimen_10,30,45,1.0,0.24771677147388424,0.38110044742839
omitted,transfer,forward,retrieval,direction,0.5,10,specimen_10,30,90,1.0,0.30245467553948047,0.43121749862826664
omitted,transfer,forward,retrieval,direction,0.5,10,specimen_10,50,45,1.0,0.29859343091837215,0.9130374945189978
omitted,transfer,forward,retrieval,direction,0.5,10,specimen_10,50,90,1.0,0.2678490798469125,0.6258354709941603
omitted,transfer,forward,retrieval,direction,0.5,57,specimen_57,30,45,1.0,0.3079472297894063,0.11134462199964357
omitted,transfer,forward,retrieval,direction,0.5,57,specimen_57,30,90,1.0,0.4208523309117385,0.672696789780944
omitted,transfer,forward,retrieval,direction,0.5,57,specimen_57,50,45,1.0,0.40934013383541035,1.509307419009834
omitted,transfer,forward,retrieval,direction,0.5,57,specimen_57,50,90,1.0,0.3848533631692607,1.4339297864631804
omitted,transfer,forward,retrieval,direction,1.0,10,specimen_10,30,45,1.0,0.24771677147388424,0.38110044742839
omitted,transfer,forward,retrieval,direction,1.0,10,specimen_10,30,90,1.0,0.30245467553948047,0.43121749862826664
omitted,transfer,forward,retrieval,direction,1.0,10,specimen_10,50,45,1.0,0.29859343091837215,0.9130374945189978
omitted,transfer,forward,retrieval,direction,1.0,10,specimen_10,50,90,1.0,0.2678490798469125,0.6258354709941603
omitted,transfer,forward,retrieval,direction,1.0,57,specimen_57,30,45,1.0,0.3079472297894063,0.11134462199964357
omitted,transfer,forward,retrieval,direction,1.0,57,specimen_57,30,90,1.0,0.4208523309117385,0.672696789780944
omitted,transfer,forward,retrieval,direction,1.0,57,specimen_57,50,45,1.0,0.40934013383541035,1.509307419009834
omitted,transfer,forward,retrieval,direction,1.0,57,specimen_57,50,90,1.0,0.3848533631692607,1.4339297864631804
omitted,transfer,forward,retrieval,load,0.25,10,specimen_10,30,45,1.0,0.24771677147388424,0.38110044742839
omitted,transfer,forward,retrieval,load,0.25,10,specimen_10,30,90,1.0,0.30245467553948047,0.43121749862826664
omitted,transfer,forward,retrieval,load,0.25,10,specimen_10,50,45,1.0,0.29859343091837215,0.9130374945189978
omitted,transfer,forward,retrieval,load,0.25,10,specimen_10,50,90,1.0,0.2678490798469125,0.6258354709941603
omitted,transfer,forward,retrieval,load,0.25,57,specimen_57,30,45,1.0,0.3079472297894063,0.11134462199964357
omitted,transfer,forward,retrieval,load,0.25,57,specimen_57,30,90,1.0,0.4208523309117385,0.672696789780944
omitted,transfer,forward,retrieval,load,0.25,57,specimen_57,50,45,1.0,0.40934013383541035,1.509307419009834
omitted,transfer,forward,retrieval,load,0.25,57,specimen_57,50,90,1.0,0.3848533631692607,1.4339297864631804
omitted,transfer,forward,retrieval,load,0.5,10,specimen_10,30,45,1.0,0.24771677147388424,0.38110044742839
omitted,transfer,forward,retrieval,load,0.5,10,specimen_10,30,90,1.0,0.30245467553948047,0.43121749862826664
omitted,transfer,forward,retrieval,load,0.5,10,specimen_10,50,45,1.0,0.29859343091837215,0.9130374945189978
omitted,transfer,forward,retrieval,load,0.5,10,specimen_10,50,90,1.0,0.2678490798469125,0.6258354709941603
omitted,transfer,forward,retrieval,load,0.5,57,specimen_57,30,45,1.0,0.3079472297894063,0.11134462199964357
omitted,transfer,forward,retrieval,load,0.5,57,specimen_57,30,90,1.0,0.4208523309117385,0.672696789780944
omitted,transfer,forward,retrieval,load,0.5,57,specimen_57,50,45,1.0,0.40934013383541035,1.509307419009834
omitted,transfer,forward,retrieval,load,0.5,57,specimen_57,50,90,1.0,0.3848533631692607,1.4339297864631804
omitted,transfer,forward,retrieval,load,1.0,10,specimen_10,30,45,1.0,0.24771677147388424,0.38110044742839
omitted,transfer,forward,retrieval,load,1.0,10,specimen_10,30,90,1.0,0.30245467553948047,0.43121749862826664
omitted,transfer,forward,retrieval,load,1.0,10,specimen_10,50,45,1.0,0.29859343091837215,0.9130374945189978
omitted,transfer,forward,retrieval,load,1.0,10,specimen_10,50,90,1.0,0.2678490798469125,0.6258354709941603
omitted,transfer,forward,retrieval,load,1.0,57,specimen_57,30,45,1.0,0.3079472297894063,0.11134462199964357
omitted,transfer,forward,retrieval,load,1.0,57,specimen_57,30,90,1.0,0.4208523309117385,0.672696789780944
omitted,transfer,forward,retrieval,load,1.0,57,specimen_57,50,45,1.0,0.40934013383541035,1.509307419009834
omitted,transfer,forward,retrieval,load,1.0,57,specimen_57,50,90,1.0,0.3848533631692607,1.4339297864631804
omitted,transfer,forward,retrieval,repeat,0.25,10,specimen_10,30,45,1.0,0.24771677147388424,0.38110044742839
omitted,transfer,forward,retrieval,repeat,0.25,10,specimen_10,30,90,1.0,0.30245467553948047,0.43121749862826664
omitted,transfer,forward,retrieval,repeat,0.25,10,specimen_10,50,45,1.0,0.29859343091837215,0.9130374945189978
omitted,transfer,forward,retrieval,repeat,0.25,10,specimen_10,50,90,1.0,0.2678490798469125,0.6258354709941603
omitted,transfer,forward,retrieval,repeat,0.25,57,specimen_57,30,45,1.0,0.3079472297894063,0.11134462199964357
omitted,transfer,forward,retrieval,repeat,0.25,57,specimen_57,30,90,1.0,0.4208523309117385,0.672696789780944
omitted,transfer,forward,retrieval,repeat,0.25,57,specimen_57,50,45,1.0,0.40934013383541035,1.509307419009834
omitted,transfer,forward,retrieval,repeat,0.25,57,specimen_57,50,90,1.0,0.3848533631692607,1.4339297864631804
omitted,transfer,forward,retrieval,repeat,0.5,10,specimen_10,30,45,1.0,0.24771677147388424,0.38110044742839
omitted,transfer,forward,retrieval,repeat,0.5,10,specimen_10,30,90,1.0,0.30245467553948047,0.43121749862826664
omitted,transfer,forward,retrieval,repeat,0.5,10,specimen_10,50,45,1.0,0.29859343091837215,0.9130374945189978
omitted,transfer,forward,retrieval,repeat,0.5,10,specimen_10,50,90,1.0,0.2678490798469125,0.6258354709941603
omitted,transfer,forward,retrieval,repeat,0.5,57,specimen_57,30,45,1.0,0.3079472297894063,0.11134462199964357
omitted,transfer,forward,retrieval,repeat,0.5,57,specimen_57,30,90,1.0,0.4208523309117385,0.672696789780944
omitted,transfer,forward,retrieval,repeat,0.5,57,specimen_57,50,45,1.0,0.40934013383541035,1.509307419009834
omitted,transfer,forward,retrieval,repeat,0.5,57,specimen_57,50,90,1.0,0.3848533631692607,1.4339297864631804
omitted,transfer,forward,retrieval,repeat,1.0,10,specimen_10,30,45,1.0,0.24771677147388424,0.38110044742839
omitted,transfer,forward,retrieval,repeat,1.0,10,specimen_10,30,90,1.0,0.30245467553948047,0.43121749862826664
omitted,transfer,forward,retrieval,repeat,1.0,10,specimen_10,50,45,1.0,0.29859343091837215,0.9130374945189978
omitted,transfer,forward,retrieval,repeat,1.0,10,specimen_10,50,90,1.0,0.2678490798469125,0.6258354709941603
omitted,transfer,forward,retrieval,repeat,1.0,57,specimen_57,30,45,1.0,0.3079472297894063,0.11134462199964357
omitted,transfer,forward,retrieval,repeat,1.0,57,specimen_57,30,90,1.0,0.4208523309117385,0.672696789780944
omitted,transfer,forward,retrieval,repeat,1.0,57,specimen_57,50,45,1.0,0.40934013383541035,1.509307419009834
omitted,transfer,forward,retrieval,repeat,1.0,57,specimen_57,50,90,1.0,0.3848533631692607,1.4339297864631804
omitted,transfer,forward,retrieval,single,0.25,10,specimen_10,30,45,1.0,0.24771677147388424,0.38110044742839
omitted,transfer,forward,retrieval,single,0.25,10,specimen_10,30,90,1.0,0.30245467553948047,0.43121749862826664
omitted,transfer,forward,retrieval,single,0.25,10,specimen_10,50,45,1.0,0.29859343091837215,0.9130374945189978
omitted,transfer,forward,retrieval,single,0.25,10,specimen_10,50,90,1.0,0.2678490798469125,0.6258354709941603
omitted,transfer,forward,retrieval,single,0.25,57,specimen_57,30,45,1.0,0.3079472297894063,0.11134462199964357
omitted,transfer,forward,retrieval,single,0.25,57,specimen_57,30,90,1.0,0.4208523309117385,0.672696789780944
omitted,transfer,forward,retrieval,single,0.25,57,specimen_57,50,45,1.0,0.40934013383541035,1.509307419009834
omitted,transfer,forward,retrieval,single,0.25,57,specimen_57,50,90,1.0,0.3848533631692607,1.4339297864631804
omitted,transfer,forward,retrieval,single,0.5,10,specimen_10,30,45,1.0,0.24771677147388424,0.38110044742839
omitted,transfer,forward,retrieval,single,0.5,10,specimen_10,30,90,1.0,0.30245467553948047,0.43121749862826664
omitted,transfer,forward,retrieval,single,0.5,10,specimen_10,50,45,1.0,0.29859343091837215,0.9130374945189978
omitted,transfer,forward,retrieval,single,0.5,10,specimen_10,50,90,1.0,0.2678490798469125,0.6258354709941603
omitted,transfer,forward,retrieval,single,0.5,57,specimen_57,30,45,1.0,0.3079472297894063,0.11134462199964357
omitted,transfer,forward,retrieval,single,0.5,57,specimen_57,30,90,1.0,0.4208523309117385,0.672696789780944
omitted,transfer,forward,retrieval,single,0.5,57,specimen_57,50,45,1.0,0.40934013383541035,1.509307419009834
omitted,transfer,forward,retrieval,single,0.5,57,specimen_57,50,90,1.0,0.3848533631692607,1.4339297864631804
omitted,transfer,forward,retrieval,single,1.0,10,specimen_10,30,45,1.0,0.24771677147388424,0.38110044742839
omitted,transfer,forward,retrieval,single,1.0,10,specimen_10,30,90,1.0,0.30245467553948047,0.43121749862826664
omitted,transfer,forward,retrieval,single,1.0,10,specimen_10,50,45,1.0,0.29859343091837215,0.9130374945189978
omitted,transfer,forward,retrieval,single,1.0,10,specimen_10,50,90,1.0,0.2678490798469125,0.6258354709941603
omitted,transfer,forward,retrieval,single,1.0,57,specimen_57,30,45,1.0,0.3079472297894063,0.11134462199964357
omitted,transfer,forward,retrieval,single,1.0,57,specimen_57,30,90,1.0,0.4208523309117385,0.672696789780944
omitted,transfer,forward,retrieval,single,1.0,57,specimen_57,50,45,1.0,0.40934013383541035,1.509307419009834
omitted,transfer,forward,retrieval,single,1.0,57,specimen_57,50,90,1.0,0.3848533631692607,1.4339297864631804
omitted,transfer,forward,retrieval,speed,0.25,10,specimen_10,30,45,1.0,0.24771677147388424,0.38110044742839
omitted,transfer,forward,retrieval,speed,0.25,10,specimen_10,30,90,1.0,0.30245467553948047,0.43121749862826664
omitted,transfer,forward,retrieval,speed,0.25,10,specimen_10,50,45,1.0,0.29859343091837215,0.9130374945189978
omitted,transfer,forward,retrieval,speed,0.25,10,specimen_10,50,90,1.0,0.2678490798469125,0.6258354709941603
omitted,transfer,forward,retrieval,speed,0.25,57,specimen_57,30,45,1.0,0.3079472297894063,0.11134462199964357
omitted,transfer,forward,retrieval,speed,0.25,57,specimen_57,30,90,1.0,0.4208523309117385,0.672696789780944
omitted,transfer,forward,retrieval,speed,0.25,57,specimen_57,50,45,1.0,0.40934013383541035,1.509307419009834
omitted,transfer,forward,retrieval,speed,0.25,57,specimen_57,50,90,1.0,0.3848533631692607,1.4339297864631804
omitted,transfer,forward,retrieval,speed,0.5,10,specimen_10,30,45,1.0,0.24771677147388424,0.38110044742839
omitted,transfer,forward,retrieval,speed,0.5,10,specimen_10,30,90,1.0,0.30245467553948047,0.43121749862826664
omitted,transfer,forward,retrieval,speed,0.5,10,specimen_10,50,45,1.0,0.29859343091837215,0.9130374945189978
omitted,transfer,forward,retrieval,speed,0.5,10,specimen_10,50,90,1.0,0.2678490798469125,0.6258354709941603
omitted,transfer,forward,retrieval,speed,0.5,57,specimen_57,30,45,1.0,0.3079472297894063,0.11134462199964357
omitted,transfer,forward,retrieval,speed,0.5,57,specimen_57,30,90,1.0,0.4208523309117385,0.672696789780944
omitted,transfer,forward,retrieval,speed,0.5,57,specimen_57,50,45,1.0,0.40934013383541035,1.509307419009834
omitted,transfer,forward,retrieval,speed,0.5,57,specimen_57,50,90,1.0,0.3848533631692607,1.4339297864631804
omitted,transfer,forward,retrieval,speed,1.0,10,specimen_10,30,45,1.0,0.24771677147388424,0.38110044742839
omitted,transfer,forward,retrieval,speed,1.0,10,specimen_10,30,90,1.0,0.30245467553948047,0.43121749862826664
omitted,transfer,forward,retrieval,speed,1.0,10,specimen_10,50,45,1.0,0.29859343091837215,0.9130374945189978
omitted,transfer,forward,retrieval,speed,1.0,10,specimen_10,50,90,1.0,0.2678490798469125,0.6258354709941603
omitted,transfer,forward,retrieval,speed,1.0,57,specimen_57,30,45,1.0,0.3079472297894063,0.11134462199964357
omitted,transfer,forward,retrieval,speed,1.0,57,specimen_57,30,90,1.0,0.4208523309117385,0.672696789780944
omitted,transfer,forward,retrieval,speed,1.0,57,specimen_57,50,45,1.0,0.40934013383541035,1.509307419009834
omitted,transfer,forward,retrieval,speed,1.0,57,specimen_57,50,90,1.0,0.3848533631692607,1.4339297864631804
omitted,transfer,forward,speed_rescaling,direction,0.25,10,specimen_10,30,45,1.0,0.5397295625516104,0.13840158451827722
omitted,transfer,forward,speed_rescaling,direction,0.25,10,specimen_10,30,90,1.0,0.46738758509941297,1.1286699476611992
omitted,transfer,forward,speed_rescaling,direction,0.25,10,specimen_10,50,45,1.0,0.6707197268924318,0.9776949907673615
omitted,transfer,forward,speed_rescaling,direction,0.25,10,specimen_10,50,90,1.0,0.46826888691645757,0.5000853589427678
omitted,transfer,forward,speed_rescaling,direction,0.25,57,specimen_57,30,45,1.0,0.45850387872724824,0.3974396475927637
omitted,transfer,forward,speed_rescaling,direction,0.25,57,specimen_57,30,90,1.0,0.5089088871799481,0.7273085237903387
omitted,transfer,forward,speed_rescaling,direction,0.25,57,specimen_57,50,45,1.0,0.7401124906279734,1.9437493836099486
omitted,transfer,forward,speed_rescaling,direction,0.25,57,specimen_57,50,90,1.0,0.41990307741431043,0.2823409647085451
omitted,transfer,forward,speed_rescaling,direction,0.5,10,specimen_10,30,45,1.0,0.5139746988406535,0.2854826030936297
omitted,transfer,forward,speed_rescaling,direction,0.5,10,specimen_10,30,90,1.0,0.43912596924566216,0.9653915918971592
omitted,transfer,forward,speed_rescaling,direction,0.5,10,specimen_10,50,45,1.0,0.6504727395518576,1.1366959629491113
omitted,transfer,forward,speed_rescaling,direction,0.5,10,specimen_10,50,90,1.0,0.4341608418409171,0.32163120891768804
omitted,transfer,forward,speed_rescaling,direction,0.5,57,specimen_57,30,45,1.0,0.45207464867327074,0.41373174486109715
omitted,transfer,forward,speed_rescaling,direction,0.5,57,specimen_57,30,90,1.0,0.509189544408762,0.7111463321876224
omitted,transfer,forward,speed_rescaling,direction,0.5,57,specimen_57,50,45,1.0,0.730515213821333,1.9652655910806232
omitted,transfer,forward,speed_rescaling,direction,0.5,57,specimen_57,50,90,1.0,0.4316079818341947,0.30649072422917456
omitted,transfer,forward,speed_rescaling,direction,1.0,10,specimen_10,30,45,1.0,0.49665701897549325,0.3575333246980529
omitted,transfer,forward,speed_rescaling,direction,1.0,10,specimen_10,30,90,1.0,0.42936427699081525,0.8883503437727724
omitted,transfer,forward,speed_rescaling,direction,1.0,10,specimen_10,50,45,1.0,0.6306046160904882,1.216888008370595
omitted,transfer,forward,speed_rescaling,direction,1.0,10,specimen_10,50,90,1.0,0.42801776291731414,0.23895890089284544
omitted,transfer,forward,speed_rescaling,direction,1.0,57,specimen_57,30,45,1.0,0.4376764758764032,0.42575732006155315
omitted,transfer,forward,speed_rescaling,direction,1.0,57,specimen_57,30,90,1.0,0.5003670783695955,0.677954786948898
omitted,transfer,forward,speed_rescaling,direction,1.0,57,specimen_57,50,45,1.0,0.716543021799918,1.9808877327179504
omitted,transfer,forward,speed_rescaling,direction,1.0,57,specimen_57,50,90,1.0,0.4146802307829219,0.3437467164099983
omitted,transfer,forward,speed_rescaling,load,0.25,10,specimen_10,30,45,1.0,0.5397295625516104,0.13840158451827722
omitted,transfer,forward,speed_rescaling,load,0.25,10,specimen_10,30,90,1.0,0.6667607901487651,0.5366496157146498
omitted,transfer,forward,speed_rescaling,load,0.25,10,specimen_10,50,45,1.0,0.6707197268924318,0.9776949907673615
omitted,transfer,forward,speed_rescaling,load,0.25,10,specimen_10,50,90,1.0,0.8326574274155599,1.2977334607668882
omitted,transfer,forward,speed_rescaling,load,0.25,57,specimen_57,30,45,1.0,0.45850387872724824,0.3974396475927637
omitted,transfer,forward,speed_rescaling,load,0.25,57,specimen_57,30,90,1.0,0.6006231874853559,1.2612059381680003
omitted,transfer,forward,speed_rescaling,load,0.25,57,specimen_57,50,45,1.0,0.7401124906279734,1.9437493836099486
omitted,transfer,forward,speed_rescaling,load,0.25,57,specimen_57,50,90,1.0,0.8157880886913134,2.4184317040325105
omitted,transfer,forward,speed_rescaling,load,0.5,10,specimen_10,30,45,1.0,0.5139746988406535,0.2854826030936297
omitted,transfer,forward,speed_rescaling,load,0.5,10,specimen_10,30,90,1.0,0.6530502118011724,0.6837306342900022
omitted,transfer,forward,speed_rescaling,load,0.5,10,specimen_10,50,45,1.0,0.6504727395518576,1.1366959629491113
omitted,transfer,forward,speed_rescaling,load,0.5,10,specimen_10,50,90,1.0,0.8114134760690573,1.456734432948638
omitted,transfer,forward,speed_rescaling,load,0.5,57,specimen_57,30,45,1.0,0.45207464867327074,0.41373174486109715
omitted,transfer,forward,speed_rescaling,load,0.5,57,specimen_57,30,90,1.0,0.5901521140845267,1.2774980354363337
omitted,transfer,forward,speed_rescaling,load,0.5,57,specimen_57,50,45,1.0,0.730515213821333,1.9652655910806232
omitted,transfer,forward,speed_rescaling,load,0.5,57,specimen_57,50,90,1.0,0.8258454329201195,2.439947911503185
omitted,transfer,forward,speed_rescaling,load,1.0,10,specimen_10,30,45,1.0,0.49665701897549325,0.3575333246980529
omitted,transfer,forward,speed_rescaling,load,1.0,10,specimen_10,30,90,1.0,0.6295666022204327,0.7557813558944254
omitted,transfer,forward,speed_rescaling,load,1.0,10,specimen_10,50,45,1.0,0.6306046160904882,1.216888008370595
omitted,transfer,forward,speed_rescaling,load,1.0,10,specimen_10,50,90,1.0,0.7838689749867426,1.5369264783701218
omitted,transfer,forward,speed_rescaling,load,1.0,57,specimen_57,30,45,1.0,0.4376764758764032,0.42575732006155315
omitted,transfer,forward,speed_rescaling,load,1.0,57,specimen_57,30,90,1.0,0.5829667884118727,1.2895236106367898
omitted,transfer,forward,speed_rescaling,load,1.0,57,specimen_57,50,45,1.0,0.716543021799918,1.9808877327179504
omitted,transfer,forward,speed_rescaling,load,1.0,57,specimen_57,50,90,1.0,0.8155322984823866,2.4555700531405122
omitted,transfer,forward,speed_rescaling,repeat,0.25,10,specimen_10,30,45,1.0,0.5397295625516104,0.13840158451827722
omitted,transfer,forward,speed_rescaling,repeat,0.25,10,specimen_10,30,90,1.0,0.6667607901487651,0.5366496157146498
omitted,transfer,forward,speed_rescaling,repeat,0.25,10,specimen_10,50,45,1.0,0.6707197268924318,0.9776949907673615
omitted,transfer,forward,speed_rescaling,repeat,0.25,10,specimen_10,50,90,1.0,0.8326574274155599,1.2977334607668882
omitted,transfer,forward,speed_rescaling,repeat,0.25,57,specimen_57,30,45,1.0,0.45850387872724824,0.3974396475927637
omitted,transfer,forward,speed_rescaling,repeat,0.25,57,specimen_57,30,90,1.0,0.6006231874853559,1.2612059381680003
omitted,transfer,forward,speed_rescaling,repeat,0.25,57,specimen_57,50,45,1.0,0.7401124906279734,1.9437493836099486
omitted,transfer,forward,speed_rescaling,repeat,0.25,57,specimen_57,50,90,1.0,0.8157880886913134,2.4184317040325105
omitted,transfer,forward,speed_rescaling,repeat,0.5,10,specimen_10,30,45,1.0,0.5139746988406535,0.2854826030936297
omitted,transfer,forward,speed_rescaling,repeat,0.5,10,specimen_10,30,90,1.0,0.6530502118011724,0.6837306342900022
omitted,transfer,forward,speed_rescaling,repeat,0.5,10,specimen_10,50,45,1.0,0.6504727395518576,1.1366959629491113
omitted,transfer,forward,speed_rescaling,repeat,0.5,10,specimen_10,50,90,1.0,0.8114134760690573,1.456734432948638
omitted,transfer,forward,speed_rescaling,repeat,0.5,57,specimen_57,30,45,1.0,0.45207464867327074,0.41373174486109715
omitted,transfer,forward,speed_rescaling,repeat,0.5,57,specimen_57,30,90,1.0,0.5901521140845267,1.2774980354363337
omitted,transfer,forward,speed_rescaling,repeat,0.5,57,specimen_57,50,45,1.0,0.730515213821333,1.9652655910806232
omitted,transfer,forward,speed_rescaling,repeat,0.5,57,specimen_57,50,90,1.0,0.8258454329201195,2.439947911503185
omitted,transfer,forward,speed_rescaling,repeat,1.0,10,specimen_10,30,45,1.0,0.49665701897549325,0.3575333246980529
omitted,transfer,forward,speed_rescaling,repeat,1.0,10,specimen_10,30,90,1.0,0.6295666022204327,0.7557813558944254
omitted,transfer,forward,speed_rescaling,repeat,1.0,10,specimen_10,50,45,1.0,0.6306046160904882,1.216888008370595
omitted,transfer,forward,speed_rescaling,repeat,1.0,10,specimen_10,50,90,1.0,0.7838689749867426,1.5369264783701218
omitted,transfer,forward,speed_rescaling,repeat,1.0,57,specimen_57,30,45,1.0,0.4376764758764032,0.42575732006155315
omitted,transfer,forward,speed_rescaling,repeat,1.0,57,specimen_57,30,90,1.0,0.5829667884118727,1.2895236106367898
omitted,transfer,forward,speed_rescaling,repeat,1.0,57,specimen_57,50,45,1.0,0.716543021799918,1.9808877327179504
omitted,transfer,forward,speed_rescaling,repeat,1.0,57,specimen_57,50,90,1.0,0.8155322984823866,2.4555700531405122
omitted,transfer,forward,speed_rescaling,single,0.25,10,specimen_10,30,45,1.0,0.5397295625516104,0.13840158451827722
omitted,transfer,forward,speed_rescaling,single,0.25,10,specimen_10,30,90,1.0,0.6667607901487651,0.5366496157146498
omitted,transfer,forward,speed_rescaling,single,0.25,10,specimen_10,50,45,1.0,0.6707197268924318,0.9776949907673615
omitted,transfer,forward,speed_rescaling,single,0.25,10,specimen_10,50,90,1.0,0.8326574274155599,1.2977334607668882
omitted,transfer,forward,speed_rescaling,single,0.25,57,specimen_57,30,45,1.0,0.45850387872724824,0.3974396475927637
omitted,transfer,forward,speed_rescaling,single,0.25,57,specimen_57,30,90,1.0,0.6006231874853559,1.2612059381680003
omitted,transfer,forward,speed_rescaling,single,0.25,57,specimen_57,50,45,1.0,0.7401124906279734,1.9437493836099486
omitted,transfer,forward,speed_rescaling,single,0.25,57,specimen_57,50,90,1.0,0.8157880886913134,2.4184317040325105
omitted,transfer,forward,speed_rescaling,single,0.5,10,specimen_10,30,45,1.0,0.5139746988406535,0.2854826030936297
omitted,transfer,forward,speed_rescaling,single,0.5,10,specimen_10,30,90,1.0,0.6530502118011724,0.6837306342900022
omitted,transfer,forward,speed_rescaling,single,0.5,10,specimen_10,50,45,1.0,0.6504727395518576,1.1366959629491113
omitted,transfer,forward,speed_rescaling,single,0.5,10,specimen_10,50,90,1.0,0.8114134760690573,1.456734432948638
omitted,transfer,forward,speed_rescaling,single,0.5,57,specimen_57,30,45,1.0,0.45207464867327074,0.41373174486109715
omitted,transfer,forward,speed_rescaling,single,0.5,57,specimen_57,30,90,1.0,0.5901521140845267,1.2774980354363337
omitted,transfer,forward,speed_rescaling,single,0.5,57,specimen_57,50,45,1.0,0.730515213821333,1.9652655910806232
omitted,transfer,forward,speed_rescaling,single,0.5,57,specimen_57,50,90,1.0,0.8258454329201195,2.439947911503185
omitted,transfer,forward,speed_rescaling,single,1.0,10,specimen_10,30,45,1.0,0.49665701897549325,0.3575333246980529
omitted,transfer,forward,speed_rescaling,single,1.0,10,specimen_10,30,90,1.0,0.6295666022204327,0.7557813558944254
omitted,transfer,forward,speed_rescaling,single,1.0,10,specimen_10,50,45,1.0,0.6306046160904882,1.216888008370595
omitted,transfer,forward,speed_rescaling,single,1.0,10,specimen_10,50,90,1.0,0.7838689749867426,1.5369264783701218
omitted,transfer,forward,speed_rescaling,single,1.0,57,specimen_57,30,45,1.0,0.4376764758764032,0.42575732006155315
omitted,transfer,forward,speed_rescaling,single,1.0,57,specimen_57,30,90,1.0,0.5829667884118727,1.2895236106367898
omitted,transfer,forward,speed_rescaling,single,1.0,57,specimen_57,50,45,1.0,0.716543021799918,1.9808877327179504
omitted,transfer,forward,speed_rescaling,single,1.0,57,specimen_57,50,90,1.0,0.8155322984823866,2.4555700531405122
omitted,transfer,forward,speed_rescaling,speed,0.25,10,specimen_10,30,45,1.0,0.5397295625516104,0.13840158451827722
omitted,transfer,forward,speed_rescaling,speed,0.25,10,specimen_10,30,90,1.0,0.6667607901487651,0.5366496157146498
omitted,transfer,forward,speed_rescaling,speed,0.25,10,specimen_10,50,45,1.0,0.6707197268924318,0.9776949907673615
omitted,transfer,forward,speed_rescaling,speed,0.25,10,specimen_10,50,90,1.0,0.8326574274155599,1.2977334607668882
omitted,transfer,forward,speed_rescaling,speed,0.25,57,specimen_57,30,45,1.0,0.45850387872724824,0.3974396475927637
omitted,transfer,forward,speed_rescaling,speed,0.25,57,specimen_57,30,90,1.0,0.6006231874853559,1.2612059381680003
omitted,transfer,forward,speed_rescaling,speed,0.25,57,specimen_57,50,45,1.0,0.7401124906279734,1.9437493836099486
omitted,transfer,forward,speed_rescaling,speed,0.25,57,specimen_57,50,90,1.0,0.8157880886913134,2.4184317040325105
omitted,transfer,forward,speed_rescaling,speed,0.5,10,specimen_10,30,45,1.0,0.5139746988406535,0.2854826030936297
omitted,transfer,forward,speed_rescaling,speed,0.5,10,specimen_10,30,90,1.0,0.6530502118011724,0.6837306342900022
omitted,transfer,forward,speed_rescaling,speed,0.5,10,specimen_10,50,45,1.0,0.6504727395518576,1.1366959629491113
omitted,transfer,forward,speed_rescaling,speed,0.5,10,specimen_10,50,90,1.0,0.8114134760690573,1.456734432948638
omitted,transfer,forward,speed_rescaling,speed,0.5,57,specimen_57,30,45,1.0,0.45207464867327074,0.41373174486109715
omitted,transfer,forward,speed_rescaling,speed,0.5,57,specimen_57,30,90,1.0,0.5901521140845267,1.2774980354363337
omitted,transfer,forward,speed_rescaling,speed,0.5,57,specimen_57,50,45,1.0,0.730515213821333,1.9652655910806232
omitted,transfer,forward,speed_rescaling,speed,0.5,57,specimen_57,50,90,1.0,0.8258454329201195,2.439947911503185
omitted,transfer,forward,speed_rescaling,speed,1.0,10,specimen_10,30,45,1.0,0.49665701897549325,0.3575333246980529
omitted,transfer,forward,speed_rescaling,speed,1.0,10,specimen_10,30,90,1.0,0.6295666022204327,0.7557813558944254
omitted,transfer,forward,speed_rescaling,speed,1.0,10,specimen_10,50,45,1.0,0.6306046160904882,1.216888008370595
omitted,transfer,forward,speed_rescaling,speed,1.0,10,specimen_10,50,90,1.0,0.7838689749867426,1.5369264783701218
omitted,transfer,forward,speed_rescaling,speed,1.0,57,specimen_57,30,45,1.0,0.4376764758764032,0.42575732006155315
omitted,transfer,forward,speed_rescaling,speed,1.0,57,specimen_57,30,90,1.0,0.5829667884118727,1.2895236106367898
omitted,transfer,forward,speed_rescaling,speed,1.0,57,specimen_57,50,45,1.0,0.716543021799918,1.9808877327179504
omitted,transfer,forward,speed_rescaling,speed,1.0,57,specimen_57,50,90,1.0,0.8155322984823866,2.4555700531405122
omitted,transfer,reverse,conditions_only,direction,0.25,10,specimen_10,30,45,1.0,0.2253303539118016,0.35374845226709795
omitted,transfer,reverse,conditions_only,direction,0.25,10,specimen_10,30,90,1.0,0.2963519947306636,0.5048053151033456
omitted,transfer,reverse,conditions_only,direction,0.25,10,specimen_10,50,45,1.0,0.3514966651939387,0.9528827794415144
omitted,transfer,reverse,conditions_only,direction,0.25,10,specimen_10,50,90,1.0,0.33234963760651826,0.7695430193906583
omitted,transfer,reverse,conditions_only,direction,0.25,57,specimen_57,30,45,1.0,0.46590308343210096,0.016914719533691502
omitted,transfer,reverse,conditions_only,direction,0.25,57,specimen_57,30,90,1.0,0.4560240874067824,0.6331043244142767
omitted,transfer,reverse,conditions_only,direction,0.25,57,specimen_57,50,45,1.0,0.44062453277562447,1.2885722623497908
omitted,transfer,reverse,conditions_only,direction,0.25,57,specimen_57,50,90,1.0,0.3753038399407607,1.6578238648398278
omitted,transfer,reverse,conditions_only,direction,0.5,10,specimen_10,30,45,1.0,0.2253303539118016,0.35374845226709795
omitted,transfer,reverse,conditions_only,direction,0.5,10,specimen_10,30,90,1.0,0.2963519947306636,0.5048053151033456
omitted,transfer,reverse,conditions_only,direction,0.5,10,specimen_10,50,45,1.0,0.3514966651939387,0.9528827794415144
omitted,transfer,reverse,conditions_only,direction,0.5,10,specimen_10,50,90,1.0,0.33234963760651826,0.7695430193906583
omitted,transfer,reverse,conditions_only,direction,0.5,57,specimen_57,30,45,1.0,0.46590308343210096,0.016914719533691502
omitted,transfer,reverse,conditions_only,direction,0.5,57,specimen_57,30,90,1.0,0.4560240874067824,0.6331043244142767
omitted,transfer,reverse,conditions_only,direction,0.5,57,specimen_57,50,45,1.0,0.44062453277562447,1.2885722623497908
omitted,transfer,reverse,conditions_only,direction,0.5,57,specimen_57,50,90,1.0,0.3753038399407607,1.6578238648398278
omitted,transfer,reverse,conditions_only,direction,1.0,10,specimen_10,30,45,1.0,0.2253303539118016,0.35374845226709795
omitted,transfer,reverse,conditions_only,direction,1.0,10,specimen_10,30,90,1.0,0.2963519947306636,0.5048053151033456
omitted,transfer,reverse,conditions_only,direction,1.0,10,specimen_10,50,45,1.0,0.3514966651939387,0.9528827794415144
omitted,transfer,reverse,conditions_only,direction,1.0,10,specimen_10,50,90,1.0,0.33234963760651826,0.7695430193906583
omitted,transfer,reverse,conditions_only,direction,1.0,57,specimen_57,30,45,1.0,0.46590308343210096,0.016914719533691502
omitted,transfer,reverse,conditions_only,direction,1.0,57,specimen_57,30,90,1.0,0.4560240874067824,0.6331043244142767
omitted,transfer,reverse,conditions_only,direction,1.0,57,specimen_57,50,45,1.0,0.44062453277562447,1.2885722623497908
omitted,transfer,reverse,conditions_only,direction,1.0,57,specimen_57,50,90,1.0,0.3753038399407607,1.6578238648398278
omitted,transfer,reverse,conditions_only,load,0.25,10,specimen_10,30,45,1.0,0.2253303539118016,0.35374845226709795
omitted,transfer,reverse,conditions_only,load,0.25,10,specimen_10,30,90,1.0,0.2963519947306636,0.5048053151033456
omitted,transfer,reverse,conditions_only,load,0.25,10,specimen_10,50,45,1.0,0.3514966651939387,0.9528827794415144
omitted,transfer,reverse,conditions_only,load,0.25,10,specimen_10,50,90,1.0,0.33234963760651826,0.7695430193906583
omitted,transfer,reverse,conditions_only,load,0.25,57,specimen_57,30,45,1.0,0.46590308343210096,0.016914719533691502
omitted,transfer,reverse,conditions_only,load,0.25,57,specimen_57,30,90,1.0,0.4560240874067824,0.6331043244142767
omitted,transfer,reverse,conditions_only,load,0.25,57,specimen_57,50,45,1.0,0.44062453277562447,1.2885722623497908
omitted,transfer,reverse,conditions_only,load,0.25,57,specimen_57,50,90,1.0,0.3753038399407607,1.6578238648398278
omitted,transfer,reverse,conditions_only,load,0.5,10,specimen_10,30,45,1.0,0.2253303539118016,0.35374845226709795
omitted,transfer,reverse,conditions_only,load,0.5,10,specimen_10,30,90,1.0,0.2963519947306636,0.5048053151033456
omitted,transfer,reverse,conditions_only,load,0.5,10,specimen_10,50,45,1.0,0.3514966651939387,0.9528827794415144
omitted,transfer,reverse,conditions_only,load,0.5,10,specimen_10,50,90,1.0,0.33234963760651826,0.7695430193906583
omitted,transfer,reverse,conditions_only,load,0.5,57,specimen_57,30,45,1.0,0.46590308343210096,0.016914719533691502
omitted,transfer,reverse,conditions_only,load,0.5,57,specimen_57,30,90,1.0,0.4560240874067824,0.6331043244142767
omitted,transfer,reverse,conditions_only,load,0.5,57,specimen_57,50,45,1.0,0.44062453277562447,1.2885722623497908
omitted,transfer,reverse,conditions_only,load,0.5,57,specimen_57,50,90,1.0,0.3753038399407607,1.6578238648398278
omitted,transfer,reverse,conditions_only,load,1.0,10,specimen_10,30,45,1.0,0.2253303539118016,0.35374845226709795
omitted,transfer,reverse,conditions_only,load,1.0,10,specimen_10,30,90,1.0,0.2963519947306636,0.5048053151033456
omitted,transfer,reverse,conditions_only,load,1.0,10,specimen_10,50,45,1.0,0.3514966651939387,0.9528827794415144
omitted,transfer,reverse,conditions_only,load,1.0,10,specimen_10,50,90,1.0,0.33234963760651826,0.7695430193906583
omitted,transfer,reverse,conditions_only,load,1.0,57,specimen_57,30,45,1.0,0.46590308343210096,0.016914719533691502
omitted,transfer,reverse,conditions_only,load,1.0,57,specimen_57,30,90,1.0,0.4560240874067824,0.6331043244142767
omitted,transfer,reverse,conditions_only,load,1.0,57,specimen_57,50,45,1.0,0.44062453277562447,1.2885722623497908
omitted,transfer,reverse,conditions_only,load,1.0,57,specimen_57,50,90,1.0,0.3753038399407607,1.6578238648398278
omitted,transfer,reverse,conditions_only,repeat,0.25,10,specimen_10,30,45,1.0,0.2253303539118016,0.35374845226709795
omitted,transfer,reverse,conditions_only,repeat,0.25,10,specimen_10,30,90,1.0,0.2963519947306636,0.5048053151033456
omitted,transfer,reverse,conditions_only,repeat,0.25,10,specimen_10,50,45,1.0,0.3514966651939387,0.9528827794415144
omitted,transfer,reverse,conditions_only,repeat,0.25,10,specimen_10,50,90,1.0,0.33234963760651826,0.7695430193906583
omitted,transfer,reverse,conditions_only,repeat,0.25,57,specimen_57,30,45,1.0,0.46590308343210096,0.016914719533691502
omitted,transfer,reverse,conditions_only,repeat,0.25,57,specimen_57,30,90,1.0,0.4560240874067824,0.6331043244142767
omitted,transfer,reverse,conditions_only,repeat,0.25,57,specimen_57,50,45,1.0,0.44062453277562447,1.2885722623497908
omitted,transfer,reverse,conditions_only,repeat,0.25,57,specimen_57,50,90,1.0,0.3753038399407607,1.6578238648398278
omitted,transfer,reverse,conditions_only,repeat,0.5,10,specimen_10,30,45,1.0,0.2253303539118016,0.35374845226709795
omitted,transfer,reverse,conditions_only,repeat,0.5,10,specimen_10,30,90,1.0,0.2963519947306636,0.5048053151033456
omitted,transfer,reverse,conditions_only,repeat,0.5,10,specimen_10,50,45,1.0,0.3514966651939387,0.9528827794415144
omitted,transfer,reverse,conditions_only,repeat,0.5,10,specimen_10,50,90,1.0,0.33234963760651826,0.7695430193906583
omitted,transfer,reverse,conditions_only,repeat,0.5,57,specimen_57,30,45,1.0,0.46590308343210096,0.016914719533691502
omitted,transfer,reverse,conditions_only,repeat,0.5,57,specimen_57,30,90,1.0,0.4560240874067824,0.6331043244142767
omitted,transfer,reverse,conditions_only,repeat,0.5,57,specimen_57,50,45,1.0,0.44062453277562447,1.2885722623497908
omitted,transfer,reverse,conditions_only,repeat,0.5,57,specimen_57,50,90,1.0,0.3753038399407607,1.6578238648398278
omitted,transfer,reverse,conditions_only,repeat,1.0,10,specimen_10,30,45,1.0,0.2253303539118016,0.35374845226709795
omitted,transfer,reverse,conditions_only,repeat,1.0,10,specimen_10,30,90,1.0,0.2963519947306636,0.5048053151033456
omitted,transfer,reverse,conditions_only,repeat,1.0,10,specimen_10,50,45,1.0,0.3514966651939387,0.9528827794415144
omitted,transfer,reverse,conditions_only,repeat,1.0,10,specimen_10,50,90,1.0,0.33234963760651826,0.7695430193906583
omitted,transfer,reverse,conditions_only,repeat,1.0,57,specimen_57,30,45,1.0,0.46590308343210096,0.016914719533691502
omitted,transfer,reverse,conditions_only,repeat,1.0,57,specimen_57,30,90,1.0,0.4560240874067824,0.6331043244142767
omitted,transfer,reverse,conditions_only,repeat,1.0,57,specimen_57,50,45,1.0,0.44062453277562447,1.2885722623497908
omitted,transfer,reverse,conditions_only,repeat,1.0,57,specimen_57,50,90,1.0,0.3753038399407607,1.6578238648398278
omitted,transfer,reverse,conditions_only,single,0.25,10,specimen_10,30,45,1.0,0.2253303539118016,0.35374845226709795
omitted,transfer,reverse,conditions_only,single,0.25,10,specimen_10,30,90,1.0,0.2963519947306636,0.5048053151033456
omitted,transfer,reverse,conditions_only,single,0.25,10,specimen_10,50,45,1.0,0.3514966651939387,0.9528827794415144
omitted,transfer,reverse,conditions_only,single,0.25,10,specimen_10,50,90,1.0,0.33234963760651826,0.7695430193906583
omitted,transfer,reverse,conditions_only,single,0.25,57,specimen_57,30,45,1.0,0.46590308343210096,0.016914719533691502
omitted,transfer,reverse,conditions_only,single,0.25,57,specimen_57,30,90,1.0,0.4560240874067824,0.6331043244142767
omitted,transfer,reverse,conditions_only,single,0.25,57,specimen_57,50,45,1.0,0.44062453277562447,1.2885722623497908
omitted,transfer,reverse,conditions_only,single,0.25,57,specimen_57,50,90,1.0,0.3753038399407607,1.6578238648398278
omitted,transfer,reverse,conditions_only,single,0.5,10,specimen_10,30,45,1.0,0.2253303539118016,0.35374845226709795
omitted,transfer,reverse,conditions_only,single,0.5,10,specimen_10,30,90,1.0,0.2963519947306636,0.5048053151033456
omitted,transfer,reverse,conditions_only,single,0.5,10,specimen_10,50,45,1.0,0.3514966651939387,0.9528827794415144
omitted,transfer,reverse,conditions_only,single,0.5,10,specimen_10,50,90,1.0,0.33234963760651826,0.7695430193906583
omitted,transfer,reverse,conditions_only,single,0.5,57,specimen_57,30,45,1.0,0.46590308343210096,0.016914719533691502
omitted,transfer,reverse,conditions_only,single,0.5,57,specimen_57,30,90,1.0,0.4560240874067824,0.6331043244142767
omitted,transfer,reverse,conditions_only,single,0.5,57,specimen_57,50,45,1.0,0.44062453277562447,1.2885722623497908
omitted,transfer,reverse,conditions_only,single,0.5,57,specimen_57,50,90,1.0,0.3753038399407607,1.6578238648398278
omitted,transfer,reverse,conditions_only,single,1.0,10,specimen_10,30,45,1.0,0.2253303539118016,0.35374845226709795
omitted,transfer,reverse,conditions_only,single,1.0,10,specimen_10,30,90,1.0,0.2963519947306636,0.5048053151033456
omitted,transfer,reverse,conditions_only,single,1.0,10,specimen_10,50,45,1.0,0.3514966651939387,0.9528827794415144
omitted,transfer,reverse,conditions_only,single,1.0,10,specimen_10,50,90,1.0,0.33234963760651826,0.7695430193906583
omitted,transfer,reverse,conditions_only,single,1.0,57,specimen_57,30,45,1.0,0.46590308343210096,0.016914719533691502
omitted,transfer,reverse,conditions_only,single,1.0,57,specimen_57,30,90,1.0,0.4560240874067824,0.6331043244142767
omitted,transfer,reverse,conditions_only,single,1.0,57,specimen_57,50,45,1.0,0.44062453277562447,1.2885722623497908
omitted,transfer,reverse,conditions_only,single,1.0,57,specimen_57,50,90,1.0,0.3753038399407607,1.6578238648398278
omitted,transfer,reverse,conditions_only,speed,0.25,10,specimen_10,30,45,1.0,0.2253303539118016,0.35374845226709795
omitted,transfer,reverse,conditions_only,speed,0.25,10,specimen_10,30,90,1.0,0.2963519947306636,0.5048053151033456
omitted,transfer,reverse,conditions_only,speed,0.25,10,specimen_10,50,45,1.0,0.3514966651939387,0.9528827794415144
omitted,transfer,reverse,conditions_only,speed,0.25,10,specimen_10,50,90,1.0,0.33234963760651826,0.7695430193906583
omitted,transfer,reverse,conditions_only,speed,0.25,57,specimen_57,30,45,1.0,0.46590308343210096,0.016914719533691502
omitted,transfer,reverse,conditions_only,speed,0.25,57,specimen_57,30,90,1.0,0.4560240874067824,0.6331043244142767
omitted,transfer,reverse,conditions_only,speed,0.25,57,specimen_57,50,45,1.0,0.44062453277562447,1.2885722623497908
omitted,transfer,reverse,conditions_only,speed,0.25,57,specimen_57,50,90,1.0,0.3753038399407607,1.6578238648398278
omitted,transfer,reverse,conditions_only,speed,0.5,10,specimen_10,30,45,1.0,0.2253303539118016,0.35374845226709795
omitted,transfer,reverse,conditions_only,speed,0.5,10,specimen_10,30,90,1.0,0.2963519947306636,0.5048053151033456
omitted,transfer,reverse,conditions_only,speed,0.5,10,specimen_10,50,45,1.0,0.3514966651939387,0.9528827794415144
omitted,transfer,reverse,conditions_only,speed,0.5,10,specimen_10,50,90,1.0,0.33234963760651826,0.7695430193906583
omitted,transfer,reverse,conditions_only,speed,0.5,57,specimen_57,30,45,1.0,0.46590308343210096,0.016914719533691502
omitted,transfer,reverse,conditions_only,speed,0.5,57,specimen_57,30,90,1.0,0.4560240874067824,0.6331043244142767
omitted,transfer,reverse,conditions_only,speed,0.5,57,specimen_57,50,45,1.0,0.44062453277562447,1.2885722623497908
omitted,transfer,reverse,conditions_only,speed,0.5,57,specimen_57,50,90,1.0,0.3753038399407607,1.6578238648398278
omitted,transfer,reverse,conditions_only,speed,1.0,10,specimen_10,30,45,1.0,0.2253303539118016,0.35374845226709795
omitted,transfer,reverse,conditions_only,speed,1.0,10,specimen_10,30,90,1.0,0.2963519947306636,0.5048053151033456
omitted,transfer,reverse,conditions_only,speed,1.0,10,specimen_10,50,45,1.0,0.3514966651939387,0.9528827794415144
omitted,transfer,reverse,conditions_only,speed,1.0,10,specimen_10,50,90,1.0,0.33234963760651826,0.7695430193906583
omitted,transfer,reverse,conditions_only,speed,1.0,57,specimen_57,30,45,1.0,0.46590308343210096,0.016914719533691502
omitted,transfer,reverse,conditions_only,speed,1.0,57,specimen_57,30,90,1.0,0.4560240874067824,0.6331043244142767
omitted,transfer,reverse,conditions_only,speed,1.0,57,specimen_57,50,45,1.0,0.44062453277562447,1.2885722623497908
omitted,transfer,reverse,conditions_only,speed,1.0,57,specimen_57,50,90,1.0,0.3753038399407607,1.6578238648398278
omitted,transfer,reverse,copy,direction,0.25,10,specimen_10,30,45,1.0,0.46506760107110506,0.6086224332556418
omitted,transfer,reverse,copy,direction,0.25,10,specimen_10,30,90,1.0,0.5295920132303021,0.37684440644820194
omitted,transfer,reverse,copy,direction,0.25,10,specimen_10,50,45,1.0,0.2934375781082743,0.2630523368264768
omitted,transfer,reverse,copy,direction,0.25,10,specimen_10,50,90,1.0,0.45324545797496985,0.1755843020363521
omitted,transfer,reverse,copy,direction,0.25,57,specimen_57,30,45,1.0,0.5195804949677273,0.7383911689276924
omitted,transfer,reverse,copy,direction,0.25,57,specimen_57,30,90,1.0,0.5170276534639563,0.041480400075915025
omitted,transfer,reverse,copy,direction,0.25,57,specimen_57,50,45,1.0,0.3230534849625857,0.805806816796109
omitted,transfer,reverse,copy,direction,0.25,57,specimen_57,50,90,1.0,0.5023181594021522,1.2709301445468775
omitted,transfer,reverse,copy,direction,0.5,10,specimen_10,30,45,1.0,0.4448723098218155,0.5012659907718313
omitted,transfer,reverse,copy,direction,0.5,10,specimen_10,30,90,1.0,0.5240708176691175,0.26948796396439145
omitted,transfer,reverse,copy,direction,0.5,10,specimen_10,50,45,1.0,0.2670862978960268,0.37040877931028726
omitted,transfer,reverse,copy,direction,0.5,10,specimen_10,50,90,1.0,0.45037171832184847,0.2829407445201626
omitted,transfer,reverse,copy,direction,0.5,57,specimen_57,30,45,1.0,0.533378086747847,0.7294718545529347
omitted,transfer,reverse,copy,direction,0.5,57,specimen_57,30,90,1.0,0.5393232217956453,0.032561085701157344
omitted,transfer,reverse,copy,direction,0.5,57,specimen_57,50,45,1.0,0.3153653094775386,0.8147261311708667
omitted,transfer,reverse,copy,direction,0.5,57,specimen_57,50,90,1.0,0.4725151396348373,1.2798494589216352
omitted,transfer,reverse,copy,direction,1.0,10,specimen_10,30,45,1.0,0.41415046343304546,0.4380820722032224
omitted,transfer,reverse,copy,direction,1.0,10,specimen_10,30,90,1.0,0.49934660930861474,0.2063040453957825
omitted,transfer,reverse,copy,direction,1.0,10,specimen_10,50,45,1.0,0.27781060866311297,0.4335926978788962
omitted,transfer,reverse,copy,direction,1.0,10,specimen_10,50,90,1.0,0.44110417589487655,0.34612466308877154
omitted,transfer,reverse,copy,direction,1.0,57,specimen_57,30,45,1.0,0.5189583813497071,0.7080184993429396
omitted,transfer,reverse,copy,direction,1.0,57,specimen_57,30,90,1.0,0.5300937396484103,0.011107730491162204
omitted,transfer,reverse,copy,direction,1.0,57,specimen_57,50,45,1.0,0.31207469639863616,0.8361794863808618
omitted,transfer,reverse,copy,direction,1.0,57,specimen_57,50,90,1.0,0.471026753924263,1.3013028141316303
omitted,transfer,reverse,copy,load,0.25,10,specimen_10,30,45,1.0,0.5823586234956323,0.17577431696995904
omitted,transfer,reverse,copy,load,0.25,10,specimen_10,30,90,1.0,0.7300371252428192,0.4075523437773989
omitted,transfer,reverse,copy,load,0.25,10,specimen_10,50,45,1.0,0.46574942009921844,1.0474490870520776
omitted,transfer,reverse,copy,load,0.25,10,specimen_10,50,90,1.0,0.7228184687061397,0.959981052261953
omitted,transfer,reverse,copy,load,0.25,57,specimen_57,30,45,1.0,0.39305022468129974,0.41993161176805205
omitted,transfer,reverse,copy,load,0.25,57,specimen_57,30,90,1.0,0.6207867430213866,1.1168423806198295
omitted,transfer,reverse,copy,load,0.25,57,specimen_57,50,45,1.0,0.7207793548475845,1.9641295974918536
omitted,transfer,reverse,copy,load,0.25,57,specimen_57,50,90,1.0,0.8713932912643347,2.429252925242622
omitted,transfer,reverse,copy,load,0.5,10,specimen_10,30,45,1.0,0.5595288336461705,0.2590085734146498
omitted,transfer,reverse,copy,load,0.5,10,specimen_10,30,90,1.0,0.7048656065543405,0.49078660022208964
omitted,transfer,reverse,copy,load,0.5,10,specimen_10,50,45,1.0,0.45538767329582114,1.1306833434967682
omitted,transfer,reverse,copy,load,0.5,10,specimen_10,50,90,1.0,0.7057694328003645,1.0432153087066438
omitted,transfer,reverse,copy,load,0.5,57,specimen_57,30,45,1.0,0.4007344758340407,0.439479067222095
omitted,transfer,reverse,copy,load,0.5,57,specimen_57,30,90,1.0,0.6221856497269435,1.1363898360738725
omitted,transfer,reverse,copy,load,0.5,57,specimen_57,50,45,1.0,0.7304304815961302,1.9836770529458965
omitted,transfer,reverse,copy,load,0.5,57,specimen_57,50,90,1.0,0.8775182114559326,2.4488003806966647
omitted,transfer,reverse,copy,load,1.0,10,specimen_10,30,45,1.0,0.5391887555790952,0.3442875023975215
omitted,transfer,reverse,copy,load,1.0,10,specimen_10,30,90,1.0,0.6777008061418258,0.5760655292049613
omitted,transfer,reverse,copy,load,1.0,10,specimen_10,50,45,1.0,0.46324196185621075,1.21596227247964
omitted,transfer,reverse,copy,load,1.0,10,specimen_10,50,90,1.0,0.6897308715610438,1.1284942376895155
omitted,transfer,reverse,copy,load,1.0,57,specimen_57,30,45,1.0,0.4014376367339974,0.4490847286954788
omitted,transfer,reverse,copy,load,1.0,57,specimen_57,30,90,1.0,0.6184340975346506,1.1459954975472562
omitted,transfer,reverse,copy,load,1.0,57,specimen_57,50,45,1.0,0.740251163768448,1.9932827144192802
omitted,transfer,reverse,copy,load,1.0,57,specimen_57,50,90,1.0,0.8824312511453315,2.458406042170049
omitted,transfer,reverse,copy,repeat,0.25,10,specimen_10,30,45,1.0,0.5826519967329405,0.2405512767913348
omitted,transfer,reverse,copy,repeat,0.25,10,specimen_10,30,90,1.0,0.7295687488370106,0.4723293035987747
omitted,transfer,reverse,copy,repeat,0.25,10,specimen_10,50,45,1.0,0.4843258679788294,1.1122260468734533
omitted,transfer,reverse,copy,repeat,0.25,10,specimen_10,50,90,1.0,0.7367912820431176,1.0247580120833288
omitted,transfer,reverse,copy,repeat,0.25,57,specimen_57,30,45,1.0,0.3979756218389528,0.41411788486686885
omitted,transfer,reverse,copy,repeat,0.25,57,specimen_57,30,90,1.0,0.6227450404052358,1.1110286537186462
omitted,transfer,reverse,copy,repeat,0.25,57,specimen_57,50,45,1.0,0.7321346427601271,1.9583158705906702
omitted,transfer,reverse,copy,repeat,0.25,57,specimen_57,50,90,1.0,0.8758132712995228,2.4234391983414385
omitted,transfer,reverse,copy,repeat,0.5,10,specimen_10,30,45,1.0,0.5684747526571564,0.32606518378652083
omitted,transfer,reverse,copy,repeat,0.5,10,specimen_10,30,90,1.0,0.713530385660642,0.5578432105939607
omitted,transfer,reverse,copy,repeat,0.5,10,specimen_10,50,45,1.0,0.4898356929621994,1.1977399538686395
omitted,transfer,reverse,copy,repeat,0.5,10,specimen_10,50,90,1.0,0.7273883196422205,1.1102719190785146
omitted,transfer,reverse,copy,repeat,0.5,57,specimen_57,30,45,1.0,0.41381795456385273,0.4363603765803647
omitted,transfer,reverse,copy,repeat,0.5,57,specimen_57,30,90,1.0,0.6233755666621152,1.133271145432142
omitted,transfer,reverse,copy,repeat,0.5,57,specimen_57,50,45,1.0,0.7628295929266283,1.980558362304166
omitted,transfer,reverse,copy,repeat,0.5,57,specimen_57,50,90,1.0,0.902917903611069,2.4456816900549345
omitted,transfer,reverse,copy,repeat,1.0,10,specimen_10,30,45,1.0,0.5481785182280506,0.39711100321198267
omitted,transfer,reverse,copy,repeat,1.0,10,specimen_10,30,90,1.0,0.6871911919176567,0.6288890300194225
omitted,transfer,reverse,copy,repeat,1.0,10,specimen_10,50,45,1.0,0.5027979588602144,1.2687857732941012
omitted,transfer,reverse,copy,repeat,1.0,10,specimen_10,50,90,1.0,0.7126981707908486,1.1813177385039766
omitted,transfer,reverse,copy,repeat,1.0,57,specimen_57,30,45,1.0,0.4065608674052565,0.4507005346835276
omitted,transfer,reverse,copy,repeat,1.0,57,specimen_57,30,90,1.0,0.6167705659091092,1.147611303535305
omitted,transfer,reverse,copy,repeat,1.0,57,specimen_57,50,45,1.0,0.7635323089881663,1.994898520407329
omitted,transfer,reverse,copy,repeat,1.0,57,specimen_57,50,90,1.0,0.897723520111085,2.4600218481580973
omitted,transfer,reverse,copy,single,0.25,10,specimen_10,30,45,1.0,0.581145545826146,0.23233662252159248
omitted,transfer,reverse,copy,single,0.25,10,specimen_10,30,90,1.0,0.7356543887244721,0.46411464932903235
omitted,transfer,reverse,copy,single,0.25,10,specimen_10,50,45,1.0,0.5198396386100911,1.1040113926037112
omitted,transfer,reverse,copy,single,0.25,10,specimen_10,50,90,1.0,0.7689663096086817,1.0165433578135863
omitted,transfer,reverse,copy,single,0.25,57,specimen_57,30,45,1.0,0.40318901678779895,0.4015805750036212
omitted,transfer,reverse,copy,single,0.25,57,specimen_57,30,90,1.0,0.6361185710484274,1.0984913438553985
omitted,transfer,reverse,copy,single,0.25,57,specimen_57,50,45,1.0,0.7240272378497182,1.9457785607274225
omitted,transfer,reverse,copy,single,0.25,57,specimen_57,50,90,1.0,0.8784976369286133,2.410901888478191
omitted,transfer,reverse,copy,single,0.5,10,specimen_10,30,45,1.0,0.5864927570443204,0.27767556546395555
omitted,transfer,reverse,copy,single,0.5,10,specimen_10,30,90,1.0,0.7333417831698812,0.5094535922713954
omitted,transfer,reverse,copy,single,0.5,10,specimen_10,50,45,1.0,0.4916962824853714,1.1493503355460741
omitted,transfer,reverse,copy,single,0.5,10,specimen_10,50,90,1.0,0.7487680899113922,1.0618823007559495
omitted,transfer,reverse,copy,single,0.5,57,specimen_57,30,45,1.0,0.4109527898713062,0.42897681329701964
omitted,transfer,reverse,copy,single,0.5,57,specimen_57,30,90,1.0,0.6218385556618454,1.125887582148797
omitted,transfer,reverse,copy,single,0.5,57,specimen_57,50,45,1.0,0.7594737527558947,1.973174799020821
omitted,transfer,reverse,copy,single,0.5,57,specimen_57,50,90,1.0,0.9007666267739373,2.4382981267715893
omitted,transfer,reverse,copy,single,1.0,10,specimen_10,30,45,1.0,0.570861251898183,0.3538474706931686
omitted,transfer,reverse,copy,single,1.0,10,specimen_10,30,90,1.0,0.7033297365903167,0.5856254975006084
omitted,transfer,reverse,copy,single,1.0,10,specimen_10,50,45,1.0,0.499597573554939,1.225522240775287
omitted,transfer,reverse,copy,single,1.0,10,specimen_10,50,90,1.0,0.7253695985556211,1.1380542059851626
omitted,transfer,reverse,copy,single,1.0,57,specimen_57,30,45,1.0,0.397498050957859,0.4454544566723519
omitted,transfer,reverse,copy,single,1.0,57,specimen_57,30,90,1.0,0.6111262046544372,1.1423652255241292
omitted,transfer,reverse,copy,single,1.0,57,specimen_57,50,45,1.0,0.7557510715050929,1.9896524423961532
omitted,transfer,reverse,copy,single,1.0,57,specimen_57,50,90,1.0,0.893019297246639,2.454775770146922
omitted,transfer,reverse,copy,speed,0.25,10,specimen_10,30,45,1.0,0.49896663956090964,0.3937163591426921
omitted,transfer,reverse,copy,speed,0.25,10,specimen_10,30,90,1.0,0.6627289631312522,0.625494385950132
omitted,transfer,reverse,copy,speed,0.25,10,specimen_10,50,45,1.0,0.5303219422450155,1.2653911292248106
omitted,transfer,reverse,copy,speed,0.25,10,specimen_10,50,90,1.0,0.7327181702720024,1.1779230944346861
omitted,transfer,reverse,copy,speed,0.25,57,specimen_57,30,45,1.0,0.3867998312961653,0.4547297617304435
omitted,transfer,reverse,copy,speed,0.25,57,specimen_57,30,90,1.0,0.609066009021661,1.1516405305822208
omitted,transfer,reverse,copy,speed,0.25,57,specimen_57,50,45,1.0,0.7490131779069404,1.9989277474542448
omitted,transfer,reverse,copy,speed,0.25,57,specimen_57,50,90,1.0,0.8993505800881679,2.4640510752050133
omitted,transfer,reverse,copy,speed,0.5,10,specimen_10,30,45,1.0,0.4993553023561674,0.42983747267211947
omitted,transfer,reverse,copy,speed,0.5,10,specimen_10,30,90,1.0,0.669979048941911,0.6616154994795593
omitted,transfer,reverse,copy,speed,0.5,10,specimen_10,50,45,1.0,0.525586615645996,1.301512242754238
omitted,transfer,reverse,copy,speed,0.5,10,specimen_10,50,90,1.0,0.7178935730878276,1.2140442079641134
omitted,transfer,reverse,copy,speed,0.5,57,specimen_57,30,45,1.0,0.3959990582927801,0.4745440527479882
omitted,transfer,reverse,copy,speed,0.5,57,specimen_57,30,90,1.0,0.6016759291670796,1.1714548215997656
omitted,transfer,reverse,copy,speed,0.5,57,specimen_57,50,45,1.0,0.7698211308312372,2.01874203847179
omitted,transfer,reverse,copy,speed,0.5,57,specimen_57,50,90,1.0,0.9098624382743811,2.4838653662225583
omitted,transfer,reverse,copy,speed,1.0,10,specimen_10,30,45,1.0,0.4861257522752347,0.4820138750022699
omitted,transfer,reverse,copy,speed,1.0,10,specimen_10,30,90,1.0,0.6473907508155973,0.7137919018097098
omitted,transfer,reverse,copy,speed,1.0,10,specimen_10,50,45,1.0,0.5450010341674543,1.3536886450843886
omitted,transfer,reverse,copy,speed,1.0,10,specimen_10,50,90,1.0,0.7067593134976246,1.2662206102942637
omitted,transfer,reverse,copy,speed,1.0,57,specimen_57,30,45,1.0,0.4004435028604565,0.4853948331853484
omitted,transfer,reverse,copy,speed,1.0,57,specimen_57,30,90,1.0,0.6068987684381589,1.1823056020371256
omitted,transfer,reverse,copy,speed,1.0,57,specimen_57,50,45,1.0,0.7768532679137413,2.02959281890915
omitted,transfer,reverse,copy,speed,1.0,57,specimen_57,50,90,1.0,0.9126286598349113,2.4947161466599184
omitted,transfer,reverse,encoder,direction,0.25,10,specimen_10,30,45,1.0,0.3237679402033488,0.22600728500977432
omitted,transfer,reverse,encoder,direction,0.25,10,specimen_10,30,90,1.0,0.2993786633014679,0.39924550541396925
omitted,transfer,reverse,encoder,direction,0.25,10,specimen_10,50,45,1.0,0.39024420579274494,0.4192531050165224
omitted,transfer,reverse,encoder,direction,0.25,10,specimen_10,50,90,1.0,0.40224309762318927,0.1728565158221147
omitted,transfer,reverse,encoder,direction,0.25,57,specimen_57,30,45,1.0,0.39354496200879413,0.11492521597218948
omitted,transfer,reverse,encoder,direction,0.25,57,specimen_57,30,90,1.0,0.4680263102054596,0.6332299875400093
omitted,transfer,reverse,encoder,direction,0.25,57,specimen_57,50,45,1.0,0.4459846516450246,1.2896713195986969
omitted,transfer,reverse,encoder,direction,0.25,57,specimen_57,50,90,1.0,0.4348301589488983,1.300915769800602
omitted,transfer,reverse,encoder,direction,0.5,10,specimen_10,30,45,1.0,0.32495487729708356,0.2094688388794721
omitted,transfer,reverse,encoder,direction,0.5,10,specimen_10,30,90,1.0,0.28952768445014954,0.4085780611001501
omitted,transfer,reverse,encoder,direction,0.5,10,specimen_10,50,45,1.0,0.39100298285484314,0.39248058585692164
omitted,transfer,reverse,encoder,direction,0.5,10,specimen_10,50,90,1.0,0.38823825120925903,0.19140568549771508
omitted,transfer,reverse,encoder,direction,0.5,57,specimen_57,30,45,1.0,0.2969004114468892,0.17620367160570097
omitted,transfer,reverse,encoder,direction,0.5,57,specimen_57,30,90,1.0,0.36851173639297485,0.7172060496141123
omitted,transfer,reverse,encoder,direction,0.5,57,specimen_57,50,45,1.0,0.37907877564430237,1.393747092382685
omitted,transfer,reverse,encoder,direction,0.5,57,specimen_57,50,90,1.0,0.39228394627571106,1.454711658438833
omitted,transfer,reverse,encoder,direction,1.0,10,specimen_10,30,45,1.0,0.27005378405253094,0.2786040046997475
omitted,transfer,reverse,encoder,direction,1.0,10,specimen_10,30,90,1.0,0.2756614883740743,0.45036238128477435
omitted,transfer,reverse,encoder,direction,1.0,10,specimen_10,50,45,1.0,0.34696124990781146,0.5140104061644238
omitted,transfer,reverse,encoder,direction,1.0,10,specimen_10,50,90,1.0,0.35556798179944354,0.2526724483042107
omitted,transfer,reverse,encoder,direction,1.0,57,specimen_57,30,45,1.0,0.29029664397239685,0.18115847447552494
omitted,transfer,reverse,encoder,direction,1.0,57,specimen_57,30,90,1.0,0.35755584637324017,0.7238972283092716
omitted,transfer,reverse,encoder,direction,1.0,57,specimen_57,50,45,1.0,0.3756205936272939,1.4012442660399274
omitted,transfer,reverse,encoder,direction,1.0,57,specimen_57,50,90,1.0,0.3905858596165975,1.4712827748281747
omitted,transfer,reverse,encoder,load,0.25,10,specimen_10,30,45,1.0,0.31079939007759094,0.23164424765590327
omitted,transfer,reverse,encoder,load,0.25,10,specimen_10,30,90,1.0,0.2937007248401642,0.40758307685402845
omitted,transfer,reverse,encoder,load,0.25,10,specimen_10,50,45,1.0,0.3776060938835144,0.42703756055490477
omitted,transfer,reverse,encoder,load,0.25,10,specimen_10,50,90,1.0,0.3819513221581777,0.20178423004342813
omitted,transfer,reverse,encoder,load,0.25,57,specimen_57,30,45,1.0,0.29096784194310504,0.18056080152572654
omitted,transfer,reverse,encoder,load,0.25,57,specimen_57,30,90,1.0,0.35645099480946857,0.7256272278478338
omitted,transfer,reverse,encoder,load,0.25,57,specimen_57,50,45,1.0,0.37170740962028503,1.4036659632899093
omitted,transfer,reverse,encoder,load,0.25,57,specimen_57,50,90,1.0,0.3920481900374095,1.4808572769291153
omitted,transfer,reverse,encoder,load,0.5,10,specimen_10,30,45,1.0,0.3601529796918233,0.16614539406275367
omitted,transfer,reverse,encoder,load,0.5,10,specimen_10,30,90,1.0,0.3023169736067454,0.388000966951906
omitted,transfer,reverse,encoder,load,0.5,10,specimen_10,50,45,1.0,0.4167212148507436,0.3377421235366371
omitted,transfer,reverse,encoder,load,0.5,10,specimen_10,50,90,1.0,0.40193713704744977,0.18127644171065596
omitted,transfer,reverse,encoder,load,0.5,57,specimen_57,30,45,1.0,0.27861978610356647,0.19436780632519002
omitted,transfer,reverse,encoder,load,0.5,57,specimen_57,30,90,1.0,0.3428732454776764,0.7370006982392088
omitted,transfer,reverse,encoder,load,0.5,57,specimen_57,50,45,1.0,0.3675392468770345,1.4315200044261218
omitted,transfer,reverse,encoder,load,0.5,57,specimen_57,50,90,1.0,0.3928713798522949,1.5191635740626463
omitted,transfer,reverse,encoder,load,1.0,10,specimen_10,30,45,1.0,0.3833560347557068,0.13349418821341685
omitted,transfer,reverse,encoder,load,1.0,10,specimen_10,30,90,1.0,0.29496156175931293,0.3930187250955091
omitted,transfer,reverse,encoder,load,1.0,10,specimen_10,50,45,1.0,0.43498097856839496,0.28919773426566864
omitted,transfer,reverse,encoder,load,1.0,10,specimen_10,50,90,1.0,0.394149790207545,0.19915383481615487
omitted,transfer,reverse,encoder,load,1.0,57,specimen_57,30,45,1.0,0.2738439937432607,0.20043529091986068
omitted,transfer,reverse,encoder,load,1.0,57,specimen_57,30,90,1.0,0.33454592029253644,0.7438385046900798
omitted,transfer,reverse,encoder,load,1.0,57,specimen_57,50,45,1.0,0.36776503920555115,1.4439706850919813
omitted,transfer,reverse,encoder,load,1.0,57,specimen_57,50,90,1.0,0.3952158987522125,1.5399181185964996
omitted,transfer,reverse,encoder,repeat,0.25,10,specimen_10,30,45,1.0,0.2851496438185374,0.2750667586165011
omitted,transfer,reverse,encoder,repeat,0.25,10,specimen_10,30,90,1.0,0.2886820038159688,0.44016016118538664
omitted,transfer,reverse,encoder,repeat,0.25,10,specimen_10,50,45,1.0,0.35307735204696655,0.5202531308612811
omitted,transfer,reverse,encoder,repeat,0.25,10,specimen_10,50,90,1.0,0.3652581175168355,0.25584777308853246
omitted,transfer,reverse,encoder,repeat,0.25,57,specimen_57,30,45,1.0,0.28325798114140827,0.1870885744628453
omitted,transfer,reverse,encoder,repeat,0.25,57,specimen_57,30,90,1.0,0.3536536991596222,0.7238226041423305
omitted,transfer,reverse,encoder,repeat,0.25,57,specimen_57,50,45,1.0,0.3691485822200775,1.4142736026249532
omitted,transfer,reverse,encoder,repeat,0.25,57,specimen_57,50,90,1.0,0.39374401172002155,1.4978876225225228
omitted,transfer,reverse,encoder,repeat,0.5,10,specimen_10,30,45,1.0,0.3206413487593333,0.21628629736090796
omitted,transfer,reverse,encoder,repeat,0.5,10,specimen_10,30,90,1.0,0.2904164493083954,0.4212360858311434
omitted,transfer,reverse,encoder,repeat,0.5,10,specimen_10,50,45,1.0,0.3838737408320109,0.40929743560632925
omitted,transfer,reverse,encoder,repeat,0.5,10,specimen_10,50,90,1.0,0.3769343098004659,0.22758474082614755
omitted,transfer,reverse,encoder,repeat,0.5,57,specimen_57,30,45,1.0,0.26587390899658203,0.22660208705046272
omitted,transfer,reverse,encoder,repeat,0.5,57,specimen_57,30,90,1.0,0.2987904151280721,0.7823789782093269
omitted,transfer,reverse,encoder,repeat,0.5,57,specimen_57,50,45,1.0,0.3954316775004069,1.4865699302511226
omitted,transfer,reverse,encoder,repeat,0.5,57,specimen_57,50,90,1.0,0.42041826248168945,1.6079716894524294
omitted,transfer,reverse,encoder,repeat,1.0,10,specimen_10,30,45,1.0,0.3127758502960205,0.22323499553115403
omitted,transfer,reverse,encoder,repeat,1.0,10,specimen_10,30,90,1.0,0.2830671767393748,0.4309275409548133
omitted,transfer,reverse,encoder,repeat,1.0,10,specimen_10,50,45,1.0,0.37806148330370587,0.410876616134402
omitted,transfer,reverse,encoder,repeat,1.0,10,specimen_10,50,90,1.0,0.366110364596049,0.24837731105327263
omitted,transfer,reverse,encoder,repeat,1.0,57,specimen_57,30,45,1.0,0.2658822337786357,0.214283698285635
omitted,transfer,reverse,encoder,repeat,1.0,57,specimen_57,30,90,1.0,0.31430424253145856,0.7605959672425199
omitted,transfer,reverse,encoder,repeat,1.0,57,specimen_57,50,45,1.0,0.37808720270792645,1.4668357585168204
omitted,transfer,reverse,encoder,repeat,1.0,57,specimen_57,50,90,1.0,0.4064894914627075,1.575959023509262
omitted,transfer,reverse,encoder,single,0.25,10,specimen_10,30,45,1.0,0.3890736599763234,0.1781938387715608
omitted,transfer,reverse,encoder,single,0.25,10,specimen_10,30,90,1.0,0.3619951009750366,0.3199199796171701
omitted,transfer,reverse,encoder,single,0.25,10,specimen_10,50,45,1.0,0.4522877832253774,0.3393929561966436
omitted,transfer,reverse,encoder,single,0.25,10,specimen_10,50,90,1.0,0.47040554881095886,0.08902428893813401
omitted,transfer,reverse,encoder,single,0.25,57,specimen_57,30,45,1.0,0.41097631057103473,0.10260299807071512
omitted,transfer,reverse,encoder,single,0.25,57,specimen_57,30,90,1.0,0.4992048541704814,0.6132297259106677
omitted,transfer,reverse,encoder,single,0.25,57,specimen_57,50,45,1.0,0.45526273051897687,1.2702292182204442
omitted,transfer,reverse,encoder,single,0.25,57,specimen_57,50,90,1.0,0.4420107106367747,1.2885064670489856
omitted,transfer,reverse,encoder,single,0.5,10,specimen_10,30,45,1.0,0.42186688383420307,0.10562401509038066
omitted,transfer,reverse,encoder,single,0.5,10,specimen_10,30,90,1.0,0.3363066514333089,0.3354046495035557
omitted,transfer,reverse,encoder,single,0.5,10,specimen_10,50,45,1.0,0.47674450278282166,0.2534904965965783
omitted,transfer,reverse,encoder,single,0.5,10,specimen_10,50,90,1.0,0.4538235863049825,0.10410317655775159
omitted,transfer,reverse,encoder,single,0.5,57,specimen_57,30,45,1.0,0.29847773909568787,0.16912808667600823
omitted,transfer,reverse,encoder,single,0.5,57,specimen_57,30,90,1.0,0.37509902318318683,0.708852132064572
omitted,transfer,reverse,encoder,single,0.5,57,specimen_57,50,45,1.0,0.37590182820955914,1.3904750457642405
omitted,transfer,reverse,encoder,single,0.5,57,specimen_57,50,90,1.0,0.3911428153514862,1.4596805195278815
omitted,transfer,reverse,encoder,single,1.0,10,specimen_10,30,45,1.0,0.3429202735424042,0.18077802046222816
omitted,transfer,reverse,encoder,single,1.0,10,specimen_10,30,90,1.0,0.28286491831143695,0.4191426260681775
omitted,transfer,reverse,encoder,single,1.0,10,specimen_10,50,45,1.0,0.40559955437978107,0.3494559650806768
omitted,transfer,reverse,encoder,single,1.0,10,specimen_10,50,90,1.0,0.3703838288784027,0.23916865767826492
omitted,transfer,reverse,encoder,single,1.0,57,specimen_57,30,45,1.0,0.3006109793980916,0.16693182270106696
omitted,transfer,reverse,encoder,single,1.0,57,specimen_57,30,90,1.0,0.38678841789563495,0.6993102111081125
omitted,transfer,reverse,encoder,single,1.0,57,specimen_57,50,45,1.0,0.3755155603090922,1.3881024365195982
omitted,transfer,reverse,encoder,single,1.0,57,specimen_57,50,90,1.0,0.3915224572022756,1.4586520430925978
omitted,transfer,reverse,encoder,speed,0.25,10,specimen_10,30,45,1.0,0.2553857813278834,0.32797136817514577
omitted,transfer,reverse,encoder,speed,0.25,10,specimen_10,30,90,1.0,0.2871830264727275,0.46367646177410266
omitted,transfer,reverse,encoder,speed,0.25,10,specimen_10,50,45,1.0,0.32955939571062726,0.6072049617420473
omitted,transfer,reverse,encoder,speed,0.25,10,specimen_10,50,90,1.0,0.3539511561393738,0.24875179905418374
omitted,transfer,reverse,encoder,speed,0.25,57,specimen_57,30,45,1.0,0.40465644001960754,0.10790381104226998
omitted,transfer,reverse,encoder,speed,0.25,57,specimen_57,30,90,1.0,0.4994508922100067,0.606522756386986
omitted,transfer,reverse,encoder,speed,0.25,57,specimen_57,50,45,1.0,0.44886674483617145,1.278479758337405
omitted,transfer,reverse,encoder,speed,0.25,57,specimen_57,50,90,1.0,0.44028615951538086,1.2887345274856499
omitted,transfer,reverse,encoder,speed,0.5,10,specimen_10,30,45,1.0,0.24995948374271393,0.33676133144884207
omitted,transfer,reverse,encoder,speed,0.5,10,specimen_10,30,90,1.0,0.28585411111513775,0.4777149176718414
omitted,transfer,reverse,encoder,speed,0.5,10,specimen_10,50,45,1.0,0.32638315359751385,0.6176620960546636
omitted,transfer,reverse,encoder,speed,0.5,10,specimen_10,50,90,1.0,0.34427566329638165,0.27582574652138997
omitted,transfer,reverse,encoder,speed,0.5,57,specimen_57,30,45,1.0,0.3431442677974701,0.14175248124812204
omitted,transfer,reverse,encoder,speed,0.5,57,specimen_57,30,90,1.0,0.44020963708559674,0.6540187463710606
omitted,transfer,reverse,encoder,speed,0.5,57,specimen_57,50,45,1.0,0.4017082452774048,1.339757962788273
omitted,transfer,reverse,encoder,speed,0.5,57,specimen_57,50,90,1.0,0.409183810154597,1.3783595405824638
omitted,transfer,reverse,encoder,speed,1.0,10,specimen_10,30,45,1.0,0.24674764275550842,0.3481556157628202
omitted,transfer,reverse,encoder,speed,1.0,10,specimen_10,30,90,1.0,0.2900844117005666,0.4913437406636781
omitted,transfer,reverse,encoder,speed,1.0,10,specimen_10,50,45,1.0,0.3268335560957591,0.6223742276306997
omitted,transfer,reverse,encoder,speed,1.0,10,specimen_10,50,90,1.0,0.3356351951758067,0.3085487284236645
omitted,transfer,reverse,encoder,speed,1.0,57,specimen_57,30,45,1.0,0.3031299908955892,0.16590513273403198
omitted,transfer,reverse,encoder,speed,1.0,57,specimen_57,30,90,1.0,0.39685070514678955,0.6856529623318437
omitted,transfer,reverse,encoder,speed,1.0,57,specimen_57,50,45,1.0,0.37630128860473633,1.3825392519164696
omitted,transfer,reverse,encoder,speed,1.0,57,specimen_57,50,90,1.0,0.3946560323238373,1.4426787976885036
omitted,transfer,reverse,encoder_wrong_support,direction,0.25,10,specimen_10,30,45,1.0,0.2784794370333354,0.4517589487055959
omitted,transfer,reverse,encoder_wrong_support,direction,0.25,10,specimen_10,30,90,1.0,0.299934059381485,0.5049309782290781
omitted,transfer,reverse,encoder_wrong_support,direction,0.25,10,specimen_10,50,45,1.0,0.3796581228574117,0.9539818366904204
omitted,transfer,reverse,encoder_wrong_support,direction,0.25,10,specimen_10,50,90,1.0,0.35412994027137756,0.41263492435143245
omitted,transfer,reverse,encoder_wrong_support,direction,0.25,57,specimen_57,30,45,1.0,0.6658251881599426,0.11082644772363211
omitted,transfer,reverse,encoder_wrong_support,direction,0.25,57,specimen_57,30,90,1.0,0.5615697503089905,0.5275445147249003
omitted,transfer,reverse,encoder_wrong_support,direction,0.25,57,specimen_57,50,45,1.0,0.7170284191767374,0.7549425879247987
omitted,transfer,reverse,encoder_wrong_support,direction,0.25,57,specimen_57,50,90,1.0,0.5373928745587667,1.0611373612712842
omitted,transfer,reverse,encoder_wrong_support,direction,0.5,10,specimen_10,30,45,1.0,0.35427425305048627,0.5130374043391074
omitted,transfer,reverse,encoder_wrong_support,direction,0.5,10,specimen_10,30,90,1.0,0.3374183674653371,0.5889070403031811
omitted,transfer,reverse,encoder_wrong_support,direction,0.5,10,specimen_10,50,45,1.0,0.4809179405371348,1.0580576094744085
omitted,transfer,reverse,encoder_wrong_support,direction,0.5,10,specimen_10,50,90,1.0,0.3723728060722351,0.5664308129896637
omitted,transfer,reverse,encoder_wrong_support,direction,0.5,57,specimen_57,30,45,1.0,0.6705588897069296,0.12736489385393435
omitted,transfer,reverse,encoder_wrong_support,direction,0.5,57,specimen_57,30,90,1.0,0.5421683390935262,0.5368770704110811
omitted,transfer,reverse,encoder_wrong_support,direction,0.5,57,specimen_57,50,45,1.0,0.7170287370681763,0.7281700687651981
omitted,transfer,reverse,encoder_wrong_support,direction,0.5,57,specimen_57,50,90,1.0,0.5231402516365051,1.0796865309468846
omitted,transfer,reverse,encoder_wrong_support,direction,1.0,10,specimen_10,30,45,1.0,0.36670051018397015,0.5179922072089314
omitted,transfer,reverse,encoder_wrong_support,direction,1.0,10,specimen_10,30,90,1.0,0.34502894679705304,0.5955982189983405
omitted,transfer,reverse,encoder_wrong_support,direction,1.0,10,specimen_10,50,45,1.0,0.4944798946380615,1.065554783131651
omitted,transfer,reverse,encoder_wrong_support,direction,1.0,10,specimen_10,50,90,1.0,0.37889839212099713,0.5830019293790053
omitted,transfer,reverse,encoder_wrong_support,direction,1.0,57,specimen_57,30,45,1.0,0.581974724928538,0.058229728033658924
omitted,transfer,reverse,encoder_wrong_support,direction,1.0,57,specimen_57,30,90,1.0,0.4893365303675334,0.5786613905957054
omitted,transfer,reverse,encoder_wrong_support,direction,1.0,57,specimen_57,50,45,1.0,0.6482585469881693,0.8496998890727002
omitted,transfer,reverse,encoder_wrong_support,direction,1.0,57,specimen_57,50,90,1.0,0.48393259445826214,1.1409532937533802
omitted,transfer,reverse,encoder_wrong_support,load,0.25,10,specimen_10,30,45,1.0,0.37086808681488037,0.517394534259133
omitted,transfer,reverse,encoder_wrong_support,load,0.25,10,specimen_10,30,90,1.0,0.3478911221027374,0.5973282185369029
omitted,transfer,reverse,encoder_wrong_support,load,0.25,10,specimen_10,50,45,1.0,0.4994638164838155,1.067976480381633
omitted,transfer,reverse,encoder_wrong_support,load,0.25,10,specimen_10,50,90,1.0,0.38230549295743305,0.5925764314799457
omitted,transfer,reverse,encoder_wrong_support,load,0.25,57,specimen_57,30,45,1.0,0.6454320549964905,0.10518948507750318
omitted,transfer,reverse,encoder_wrong_support,load,0.25,57,specimen_57,30,90,1.0,0.5438279906908671,0.5358820861649596
omitted,transfer,reverse,encoder_wrong_support,load,0.25,57,specimen_57,50,45,1.0,0.6975618799527487,0.7627270434631811
omitted,transfer,reverse,encoder_wrong_support,load,0.25,57,specimen_57,50,90,1.0,0.5161386330922445,1.0900650754925978
omitted,transfer,reverse,encoder_wrong_support,load,0.5,10,specimen_10,30,45,1.0,0.40044595797856647,0.5312015390585965
omitted,transfer,reverse,encoder_wrong_support,load,0.5,10,specimen_10,30,90,1.0,0.35871827602386475,0.6087016889282776
omitted,transfer,reverse,encoder_wrong_support,load,0.5,10,specimen_10,50,45,1.0,0.532871425151825,1.0958305215178457
omitted,transfer,reverse,encoder_wrong_support,load,0.5,10,specimen_10,50,90,1.0,0.3949950337409973,0.630882728613477
omitted,transfer,reverse,encoder_wrong_support,load,0.5,57,specimen_57,30,45,1.0,0.7166217962900797,0.17068833867065278
omitted,transfer,reverse,encoder_wrong_support,load,0.5,57,specimen_57,30,90,1.0,0.5674929221471151,0.5162999762628371
omitted,transfer,reverse,encoder_wrong_support,load,0.5,57,specimen_57,50,45,1.0,0.7490295171737671,0.6734316064449134
omitted,transfer,reverse,encoder_wrong_support,load,0.5,57,specimen_57,50,90,1.0,0.538155754407247,1.0695572871598256
omitted,transfer,reverse,encoder_wrong_support,load,1.0,10,specimen_10,30,45,1.0,0.41527969638506573,0.5372690236532671
omitted,transfer,reverse,encoder_wrong_support,load,1.0,10,specimen_10,30,90,1.0,0.3664243221282959,0.6155394953791488
omitted,transfer,reverse,encoder_wrong_support,load,1.0,10,specimen_10,50,45,1.0,0.5491636991500854,1.108281202183705
omitted,transfer,reverse,encoder_wrong_support,load,1.0,10,specimen_10,50,90,1.0,0.4024400810400645,0.6516372731473301
omitted,transfer,reverse,encoder_wrong_support,load,1.0,57,specimen_57,30,45,1.0,0.7481038967768351,0.2033395445199896
omitted,transfer,reverse,encoder_wrong_support,load,1.0,57,specimen_57,30,90,1.0,0.5572941501935323,0.5213177344064402
omitted,transfer,reverse,encoder_wrong_support,load,1.0,57,specimen_57,50,45,1.0,0.7719834446907043,0.624887217173945
omitted,transfer,reverse,encoder_wrong_support,load,1.0,57,specimen_57,50,90,1.0,0.5317034125328064,1.0874346802653243
omitted,transfer,reverse,encoder_wrong_support,repeat,0.25,10,specimen_10,30,45,1.0,0.3880198895931244,0.5239223071962518
omitted,transfer,reverse,encoder_wrong_support,repeat,0.25,10,specimen_10,30,90,1.0,0.35247350732485455,0.5955235948313994
omitted,transfer,reverse,encoder_wrong_support,repeat,0.25,10,specimen_10,50,45,1.0,0.5169690648714701,1.0785841197166768
omitted,transfer,reverse,encoder_wrong_support,repeat,0.25,10,specimen_10,50,90,1.0,0.3904500404993693,0.6096067770733534
omitted,transfer,reverse,encoder_wrong_support,repeat,0.25,57,specimen_57,30,45,1.0,0.5985278685887655,0.06176697411690535
omitted,transfer,reverse,encoder_wrong_support,repeat,0.25,57,specimen_57,30,90,1.0,0.5209138095378876,0.5684591704963177
omitted,transfer,reverse,encoder_wrong_support,repeat,0.25,57,specimen_57,50,45,1.0,0.6591432491938273,0.8559426137695575
omitted,transfer,reverse,encoder_wrong_support,repeat,0.25,57,specimen_57,50,90,1.0,0.4975036183993022,1.144128618537702
omitted,transfer,reverse,encoder_wrong_support,repeat,0.5,10,specimen_10,30,45,1.0,0.49009932080904645,0.5634358197838691
omitted,transfer,reverse,encoder_wrong_support,repeat,0.5,10,specimen_10,30,90,1.0,0.4216969509919484,0.6540799688983959
omitted,transfer,reverse,encoder_wrong_support,repeat,0.5,10,specimen_10,50,45,1.0,0.6247872710227966,1.1508804473428462
omitted,transfer,reverse,encoder_wrong_support,repeat,0.5,10,specimen_10,50,90,1.0,0.4462108512719472,0.71969084400326
omitted,transfer,reverse,encoder_wrong_support,repeat,0.5,57,specimen_57,30,45,1.0,0.6600002845128378,0.1205474353724985
omitted,transfer,reverse,encoder_wrong_support,repeat,0.5,57,specimen_57,30,90,1.0,0.5356776813666025,0.5495350951420744
omitted,transfer,reverse,encoder_wrong_support,repeat,0.5,57,specimen_57,50,45,1.0,0.7068068186442057,0.7449869185146056
omitted,transfer,reverse,encoder_wrong_support,repeat,0.5,57,specimen_57,50,90,1.0,0.5121851364771525,1.115865586275317
omitted,transfer,reverse,encoder_wrong_support,repeat,1.0,10,specimen_10,30,45,1.0,0.4539168377717336,0.5511174310190414
omitted,transfer,reverse,encoder_wrong_support,repeat,1.0,10,specimen_10,30,90,1.0,0.3915778895219167,0.6322969579315889
omitted,transfer,reverse,encoder_wrong_support,repeat,1.0,10,specimen_10,50,45,1.0,0.5891086061795553,1.131146275608544
omitted,transfer,reverse,encoder_wrong_support,repeat,1.0,10,specimen_10,50,90,1.0,0.4256132443745931,0.6876781780600923
omitted,transfer,reverse,encoder_wrong_support,repeat,1.0,57,specimen_57,30,45,1.0,0.6487415035565695,0.1135987372022524
omitted,transfer,reverse,encoder_wrong_support,repeat,1.0,57,specimen_57,30,90,1.0,0.5190630853176117,0.5592265502657444
omitted,transfer,reverse,encoder_wrong_support,repeat,1.0,57,specimen_57,50,45,1.0,0.6985437273979187,0.7465660990426785
omitted,transfer,reverse,encoder_wrong_support,repeat,1.0,57,specimen_57,50,90,1.0,0.5006336172421774,1.136658156502442
omitted,transfer,reverse,encoder_wrong_support,single,0.25,10,specimen_10,30,45,1.0,0.27449897925059,0.43943673080412154
omitted,transfer,reverse,encoder_wrong_support,single,0.25,10,specimen_10,30,90,1.0,0.3061571220556895,0.4849307165997366
omitted,transfer,reverse,encoder_wrong_support,single,0.25,10,specimen_10,50,45,1.0,0.37245715657869977,0.9345397353121679
omitted,transfer,reverse,encoder_wrong_support,single,0.25,10,specimen_10,50,90,1.0,0.3574700653553009,0.4002256215998161
omitted,transfer,reverse,encoder_wrong_support,single,0.25,57,specimen_57,30,45,1.0,0.7493768533070883,0.15863989396184563
omitted,transfer,reverse,encoder_wrong_support,single,0.25,57,specimen_57,30,90,1.0,0.6674374341964722,0.4482189889281012
omitted,transfer,reverse,encoder_wrong_support,single,0.25,57,specimen_57,50,45,1.0,0.7908328572909037,0.67508243910492
omitted,transfer,reverse,encoder_wrong_support,single,0.25,57,specimen_57,50,90,1.0,0.6064647436141968,0.9773051343873035
omitted,transfer,reverse,encoder_wrong_support,single,0.5,10,specimen_10,30,45,1.0,0.3590733806292216,0.5059618194094146
omitted,transfer,reverse,encoder_wrong_support,single,0.5,10,specimen_10,30,90,1.0,0.33524829149246216,0.5805531227536408
omitted,transfer,reverse,encoder_wrong_support,single,0.5,10,specimen_10,50,45,1.0,0.49110360940297443,1.0547855628559641
omitted,transfer,reverse,encoder_wrong_support,single,0.5,10,specimen_10,50,90,1.0,0.3780183792114258,0.571399674078712
omitted,transfer,reverse,encoder_wrong_support,single,0.5,57,specimen_57,30,45,1.0,0.7953202923138937,0.23120971764302578
omitted,transfer,reverse,encoder_wrong_support,single,0.5,57,specimen_57,30,90,1.0,0.6330411831537882,0.4637036588144868
omitted,transfer,reverse,encoder_wrong_support,single,0.5,57,specimen_57,50,45,1.0,0.8182940681775411,0.5891799795048547
omitted,transfer,reverse,encoder_wrong_support,single,0.5,57,specimen_57,50,90,1.0,0.5895539323488871,0.9923840220069211
omitted,transfer,reverse,encoder_wrong_support,single,1.0,10,specimen_10,30,45,1.0,0.35381950934727985,0.5037655554344734
omitted,transfer,reverse,encoder_wrong_support,single,1.0,10,specimen_10,30,90,1.0,0.3278542657693227,0.5710112017971815
omitted,transfer,reverse,encoder_wrong_support,single,1.0,10,specimen_10,50,45,1.0,0.48428216576576233,1.0524129536113218
omitted,transfer,reverse,encoder_wrong_support,single,1.0,10,specimen_10,50,90,1.0,0.3752254943052928,0.5703711976434284
omitted,transfer,reverse,encoder_wrong_support,single,1.0,57,specimen_57,30,45,1.0,0.692960242430369,0.1560557122711783
omitted,transfer,reverse,encoder_wrong_support,single,1.0,57,specimen_57,30,90,1.0,0.5257769922415415,0.5474416353791086
omitted,transfer,reverse,encoder_wrong_support,single,1.0,57,specimen_57,50,45,1.0,0.7358092864354452,0.6851454479889533
omitted,transfer,reverse,encoder_wrong_support,single,1.0,57,specimen_57,50,90,1.0,0.5043603678544363,1.1274495031274345
omitted,transfer,reverse,encoder_wrong_support,speed,0.25,10,specimen_10,30,45,1.0,0.2746057411034902,0.4447375437756764
omitted,transfer,reverse,encoder_wrong_support,speed,0.25,10,specimen_10,30,90,1.0,0.305632621049881,0.4782237470760549
omitted,transfer,reverse,encoder_wrong_support,speed,0.25,10,specimen_10,50,45,1.0,0.3736138542493184,0.9427902754291285
omitted,transfer,reverse,encoder_wrong_support,speed,0.25,10,specimen_10,50,90,1.0,0.3550315300623576,0.4004536820364803
omitted,transfer,reverse,encoder_wrong_support,speed,0.25,57,specimen_57,30,45,1.0,0.5291255017121633,0.00886236455826069
omitted,transfer,reverse,encoder_wrong_support,speed,0.25,57,specimen_57,30,90,1.0,0.4805321892102559,0.5919754710850337
omitted,transfer,reverse,encoder_wrong_support,speed,0.25,57,specimen_57,50,45,1.0,0.608248750368754,0.9428944446503236
omitted,transfer,reverse,encoder_wrong_support,speed,0.25,57,specimen_57,50,90,1.0,0.48089657227198285,1.1370326445033532
omitted,transfer,reverse,encoder_wrong_support,speed,0.5,10,specimen_10,30,45,1.0,0.30868380268414813,0.47858621398152845
omitted,transfer,reverse,encoder_wrong_support,speed,0.5,10,specimen_10,30,90,1.0,0.305737962325414,0.5257197370601295
omitted,transfer,reverse,encoder_wrong_support,speed,0.5,10,specimen_10,50,45,1.0,0.4266525407632192,1.0040684798799966
omitted,transfer,reverse,encoder_wrong_support,speed,0.5,10,specimen_10,50,90,1.0,0.3562927842140198,0.4900786951332943
omitted,transfer,reverse,encoder_wrong_support,speed,0.5,57,specimen_57,30,45,1.0,0.5133213599522909,0.012944551945048696
omitted,transfer,reverse,encoder_wrong_support,speed,0.5,57,specimen_57,30,90,1.0,0.46523886919021606,0.6060139269827723
omitted,transfer,reverse,encoder_wrong_support,speed,0.5,57,specimen_57,50,45,1.0,0.5976389646530151,0.95335157896294
omitted,transfer,reverse,encoder_wrong_support,speed,0.5,57,specimen_57,50,90,1.0,0.46846551696459454,1.1641065919705593
omitted,transfer,reverse,encoder_wrong_support,speed,1.0,10,specimen_10,30,45,1.0,0.3475431700547536,0.5027388654674384
omitted,transfer,reverse,encoder_wrong_support,speed,1.0,10,specimen_10,30,90,1.0,0.3193223178386688,0.5573539530209126
omitted,transfer,reverse,encoder_wrong_support,speed,1.0,10,specimen_10,50,45,1.0,0.47450488805770874,1.0468497690081933
omitted,transfer,reverse,encoder_wrong_support,speed,1.0,10,specimen_10,50,90,1.0,0.37101752559343976,0.5543979522393342
omitted,transfer,reverse,encoder_wrong_support,speed,1.0,57,specimen_57,30,45,1.0,0.49123210708300274,0.022327629671734146
omitted,transfer,reverse,encoder_wrong_support,speed,1.0,57,specimen_57,30,90,1.0,0.4421816865603129,0.6196427499746092
omitted,transfer,reverse,encoder_wrong_support,speed,1.0,57,specimen_57,50,45,1.0,0.5853846271832784,0.9580637105389762
omitted,transfer,reverse,encoder_wrong_support,speed,1.0,57,specimen_57,50,90,1.0,0.4526993731657664,1.196829573872834
omitted,transfer,reverse,fixed_features,direction,0.25,10,specimen_10,30,45,1.0,0.24072590495893484,0.35145141249423184
omitted,transfer,reverse,fixed_features,direction,0.25,10,specimen_10,30,90,1.0,0.2866172993788358,0.41409069331297055
omitted,transfer,reverse,fixed_features,direction,0.25,10,specimen_10,50,45,1.0,0.3165758984228413,0.7848037635027043
omitted,transfer,reverse,fixed_features,direction,0.25,10,specimen_10,50,90,1.0,0.2997811462339485,0.4584697289858588
omitted,transfer,reverse,fixed_features,direction,0.25,57,specimen_57,30,45,1.0,0.34359713926013496,0.1276825893193151
omitted,transfer,reverse,fixed_features,direction,0.25,57,specimen_57,30,90,1.0,0.33726492892051835,0.713281079378883
omitted,transfer,reverse,fixed_features,direction,0.25,57,specimen_57,50,45,1.0,0.4248630532185185,1.3131148128895187
omitted,transfer,reverse,fixed_features,direction,0.25,57,specimen_57,50,90,1.0,0.38179014694840524,1.6424811078167796
omitted,transfer,reverse,fixed_features,direction,0.5,10,specimen_10,30,45,1.0,0.26013924575299907,0.30262003348510824
omitted,transfer,reverse,fixed_features,direction,0.5,10,specimen_10,30,90,1.0,0.2862139466851903,0.34290489252451417
omitted,transfer,reverse,fixed_features,direction,0.5,10,specimen_10,50,45,1.0,0.31831917069450927,0.699695799380732
omitted,transfer,reverse,fixed_features,direction,0.5,10,specimen_10,50,90,1.0,0.312787704817765,0.3378482074420297
omitted,transfer,reverse,fixed_features,direction,0.5,57,specimen_57,30,45,1.0,0.3706007193892755,0.10106660359553643
omitted,transfer,reverse,fixed_features,direction,0.5,57,specimen_57,30,90,1.0,0.35920239194098474,0.6861172518639408
omitted,transfer,reverse,fixed_features,direction,0.5,57,specimen_57,50,45,1.0,0.44636568310384667,1.2737316079559955
omitted,transfer,reverse,fixed_features,direction,0.5,57,specimen_57,50,90,1.0,0.3763732396964212,1.6029141853369064
omitted,transfer,reverse,fixed_features,direction,1.0,10,specimen_10,30,45,1.0,0.2697536082917019,0.29072588760556817
omitted,transfer,reverse,fixed_features,direction,1.0,10,specimen_10,30,90,1.0,0.2878154335253839,0.33348634947628886
omitted,transfer,reverse,fixed_features,direction,1.0,10,specimen_10,50,45,1.0,0.3239867064844722,0.6814269442533867
omitted,transfer,reverse,fixed_features,direction,1.0,10,specimen_10,50,90,1.0,0.31723822119193534,0.3220932960402785
omitted,transfer,reverse,fixed_features,direction,1.0,57,specimen_57,30,45,1.0,0.3541701930670795,0.10676482265004617
omitted,transfer,reverse,fixed_features,direction,1.0,57,specimen_57,30,90,1.0,0.3445280433455782,0.695032149362574
omitted,transfer,reverse,fixed_features,direction,1.0,57,specimen_57,50,45,1.0,0.43025525413087645,1.2837188413211273
omitted,transfer,reverse,fixed_features,direction,1.0,57,specimen_57,50,90,1.0,0.3801944690726819,1.6174117928262066
omitted,transfer,reverse,fixed_features,load,0.25,10,specimen_10,30,45,1.0,0.25716244122139403,0.3180070025671161
omitted,transfer,reverse,fixed_features,load,0.25,10,specimen_10,30,90,1.0,0.27831953628163836,0.3668422163781654
omitted,transfer,reverse,fixed_features,load,0.25,10,specimen_10,50,45,1.0,0.3171386096664924,0.723392244528088
omitted,transfer,reverse,fixed_features,load,0.25,10,specimen_10,50,90,1.0,0.3087356262043734,0.373168705199598
omitted,transfer,reverse,fixed_features,load,0.25,57,specimen_57,30,45,1.0,0.26575413384868135,0.1523067787038338
omitted,transfer,reverse,fixed_features,load,0.25,57,specimen_57,30,90,1.0,0.3029306084765957,0.7713946920552924
omitted,transfer,reverse,fixed_features,load,0.25,57,specimen_57,50,45,1.0,0.37370972878757885,1.3664086037593433
omitted,transfer,reverse,fixed_features,load,0.25,57,specimen_57,50,90,1.0,0.43373067472279647,1.7456261016213577
omitted,transfer,reverse,fixed_features,load,0.5,10,specimen_10,30,45,1.0,0.24416430952609533,0.3438101922269051
omitted,transfer,reverse,fixed_features,load,0.5,10,specimen_10,30,90,1.0,0.27578804078382374,0.3964158004063967
omitted,transfer,reverse,fixed_features,load,0.5,10,specimen_10,50,45,1.0,0.31415644250366764,0.7637639714019304
omitted,transfer,reverse,fixed_features,load,0.5,10,specimen_10,50,90,1.0,0.3082603152005709,0.4251144783104137
omitted,transfer,reverse,fixed_features,load,0.5,57,specimen_57,30,45,1.0,0.28175927957421876,0.14666556534273834
omitted,transfer,reverse,fixed_features,load,0.5,57,specimen_57,30,90,1.0,0.29977740143484666,0.7601457939349543
omitted,transfer,reverse,fixed_features,load,0.5,57,specimen_57,50,45,1.0,0.38029521125430726,1.3553219426297822
omitted,transfer,reverse,fixed_features,load,0.5,57,specimen_57,50,90,1.0,0.41934708272203336,1.729165349111554
omitted,transfer,reverse,fixed_features,load,1.0,10,specimen_10,30,45,1.0,0.2519051434862271,0.3328212008293223
omitted,transfer,reverse,fixed_features,load,1.0,10,specimen_10,30,90,1.0,0.27820775310225526,0.3844348952327389
omitted,transfer,reverse,fixed_features,load,1.0,10,specimen_10,50,45,1.0,0.3149322007787649,0.7454353778068361
omitted,transfer,reverse,fixed_features,load,1.0,10,specimen_10,50,90,1.0,0.310914801084666,0.4067724425578527
omitted,transfer,reverse,fixed_features,load,1.0,57,specimen_57,30,45,1.0,0.2899116166344255,0.1392265455227769
omitted,transfer,reverse,fixed_features,load,1.0,57,specimen_57,30,90,1.0,0.30140605487675304,0.7497115659139361
omitted,transfer,reverse,fixed_features,load,1.0,57,specimen_57,50,45,1.0,0.3812396102570763,1.3432569464342268
omitted,transfer,reverse,fixed_features,load,1.0,57,specimen_57,50,90,1.0,0.4123531184982074,1.7116231111623734
omitted,transfer,reverse,fixed_features,repeat,0.25,10,specimen_10,30,45,1.0,0.24424129374383152,0.32364317777885665
omitted,transfer,reverse,fixed_features,repeat,0.25,10,specimen_10,30,90,1.0,0.2781719932022761,0.3834374877472648
omitted,transfer,reverse,fixed_features,repeat,0.25,10,specimen_10,50,45,1.0,0.31421179327156573,0.7363116510789212
omitted,transfer,reverse,fixed_features,repeat,0.25,10,specimen_10,50,90,1.0,0.31041817221656254,0.406834706295216
omitted,transfer,reverse,fixed_features,repeat,0.25,57,specimen_57,30,45,1.0,0.2678293315378036,0.1642098929375102
omitted,transfer,reverse,fixed_features,repeat,0.25,57,specimen_57,30,90,1.0,0.29544866116704455,0.7784228216340132
omitted,transfer,reverse,fixed_features,repeat,0.25,57,specimen_57,50,45,1.0,0.36580533364596973,1.3830491245339265
omitted,transfer,reverse,fixed_features,repeat,0.25,57,specimen_57,50,90,1.0,0.45291342481926095,1.7578112556460672
omitted,transfer,reverse,fixed_features,repeat,0.5,10,specimen_10,30,45,1.0,0.23872388614798934,0.3418756000116301
omitted,transfer,reverse,fixed_features,repeat,0.5,10,specimen_10,30,90,1.0,0.2775505145866143,0.4038362732890436
omitted,transfer,reverse,fixed_features,repeat,0.5,10,specimen_10,50,45,1.0,0.3157945638269381,0.766091618682514
omitted,transfer,reverse,fixed_features,repeat,0.5,10,specimen_10,50,90,1.0,0.309007978265807,0.4423622907597635
omitted,transfer,reverse,fixed_features,repeat,0.5,57,specimen_57,30,45,1.0,0.2794371926001589,0.15349513143155213
omitted,transfer,reverse,fixed_features,repeat,0.5,57,specimen_57,30,90,1.0,0.2947040668464807,0.7636790463863324
omitted,transfer,reverse,fixed_features,repeat,0.5,57,specimen_57,50,45,1.0,0.3729841086414767,1.3653479084919522
omitted,transfer,reverse,fixed_features,repeat,0.5,57,specimen_57,50,90,1.0,0.4336547037876599,1.7354463427349887
omitted,transfer,reverse,fixed_features,repeat,1.0,10,specimen_10,30,45,1.0,0.24627468223608115,0.332449400721585
omitted,transfer,reverse,fixed_features,repeat,1.0,10,specimen_10,30,90,1.0,0.2781483706642956,0.39623675164561634
omitted,transfer,reverse,fixed_features,repeat,1.0,10,specimen_10,50,45,1.0,0.3171549931423077,0.7519747199486395
omitted,transfer,reverse,fixed_features,repeat,1.0,10,specimen_10,50,90,1.0,0.30835706234279137,0.43035660652232655
omitted,transfer,reverse,fixed_features,repeat,1.0,57,specimen_57,30,45,1.0,0.2915540091683587,0.14597243650350578
omitted,transfer,reverse,fixed_features,repeat,1.0,57,specimen_57,30,90,1.0,0.2989350461656278,0.7496043630447435
omitted,transfer,reverse,fixed_features,repeat,1.0,57,specimen_57,50,45,1.0,0.38088501907730143,1.3512373696762678
omitted,transfer,reverse,fixed_features,repeat,1.0,57,specimen_57,50,90,1.0,0.4149548577461928,1.711171059539903
omitted,transfer,reverse,fixed_features,single,0.25,10,specimen_10,30,45,1.0,0.23667376264176176,0.3444000118569941
omitted,transfer,reverse,fixed_features,single,0.25,10,specimen_10,30,90,1.0,0.2845234402959438,0.41508868315045555
omitted,transfer,reverse,fixed_features,single,0.25,10,specimen_10,50,45,1.0,0.31529212442151183,0.7750223421702194
omitted,transfer,reverse,fixed_features,single,0.25,10,specimen_10,50,90,1.0,0.30535026936134635,0.4606175875794112
omitted,transfer,reverse,fixed_features,single,0.25,57,specimen_57,30,45,1.0,0.2758490991360771,0.1581471806827539
omitted,transfer,reverse,fixed_features,single,0.25,57,specimen_57,30,90,1.0,0.2998399021610855,0.7660437101752563
omitted,transfer,reverse,fixed_features,single,0.25,57,specimen_57,50,45,1.0,0.3813069369957623,1.368798556647861
omitted,transfer,reverse,fixed_features,single,0.25,57,specimen_57,50,90,1.0,0.42499900580878053,1.7333667566306683
omitted,transfer,reverse,fixed_features,single,0.5,10,specimen_10,30,45,1.0,0.24578285620816956,0.3312652611150244
omitted,transfer,reverse,fixed_features,single,0.5,10,specimen_10,30,90,1.0,0.2796696499245129,0.38491537530920084
omitted,transfer,reverse,fixed_features,single,0.5,10,specimen_10,50,45,1.0,0.3124300100973012,0.7474554826052082
omitted,transfer,reverse,fixed_features,single,0.5,10,specimen_10,50,90,1.0,0.3079877903609607,0.4109295205764816
omitted,transfer,reverse,fixed_features,single,0.5,57,specimen_57,30,45,1.0,0.30193819744279243,0.14301953826898384
omitted,transfer,reverse,fixed_features,single,0.5,57,specimen_57,30,90,1.0,0.30514520687987984,0.7439842085183531
omitted,transfer,reverse,fixed_features,single,0.5,57,specimen_57,50,45,1.0,0.3926365350584921,1.3441161538838244
omitted,transfer,reverse,fixed_features,single,0.5,57,specimen_57,50,90,1.0,0.4038168166914466,1.7000152317523058
omitted,transfer,reverse,fixed_features,single,1.0,10,specimen_10,30,45,1.0,0.25406303177774786,0.3191228359084436
omitted,transfer,reverse,fixed_features,single,1.0,10,specimen_10,30,90,1.0,0.2804828810743096,0.37433941528250003
omitted,transfer,reverse,fixed_features,single,1.0,10,specimen_10,50,45,1.0,0.3172874602886959,0.7280262291688673
omitted,transfer,reverse,fixed_features,single,1.0,10,specimen_10,50,90,1.0,0.31028604868567156,0.39291958218530887
omitted,transfer,reverse,fixed_features,single,1.0,57,specimen_57,30,45,1.0,0.3028740347714755,0.13876125606822365
omitted,transfer,reverse,fixed_features,single,1.0,57,specimen_57,30,90,1.0,0.3071903516093473,0.7401059827661504
omitted,transfer,reverse,fixed_features,single,1.0,57,specimen_57,50,45,1.0,0.39001239280306116,1.3385815956235918
omitted,transfer,reverse,fixed_features,single,1.0,57,specimen_57,50,90,1.0,0.4032402434209354,1.69412410940751
omitted,transfer,reverse,fixed_features,speed,0.25,10,specimen_10,30,45,1.0,0.22783535978038605,0.3707296615927239
omitted,transfer,reverse,fixed_features,speed,0.25,10,specimen_10,30,90,1.0,0.2950947489171521,0.4463791355543678
omitted,transfer,reverse,fixed_features,speed,0.25,10,specimen_10,50,45,1.0,0.3175550966015284,0.817575756540269
omitted,transfer,reverse,fixed_features,speed,0.25,10,specimen_10,50,90,1.0,0.31470312569066256,0.518195152528983
omitted,transfer,reverse,fixed_features,speed,0.25,57,specimen_57,30,45,1.0,0.2806389286885033,0.14955222024137294
omitted,transfer,reverse,fixed_features,speed,0.25,57,specimen_57,30,90,1.0,0.30212044650458914,0.7614507170514081
omitted,transfer,reverse,fixed_features,speed,0.25,57,specimen_57,50,45,1.0,0.3820587023634448,1.3578118378233248
omitted,transfer,reverse,fixed_features,speed,0.25,57,specimen_57,50,90,1.0,0.41627725055061043,1.7272158349245021
omitted,transfer,reverse,fixed_features,speed,0.5,10,specimen_10,30,45,1.0,0.24295570472517866,0.3394828135275123
omitted,transfer,reverse,fixed_features,speed,0.5,10,specimen_10,30,90,1.0,0.2850122718498613,0.3963294162973028
omitted,transfer,reverse,fixed_features,speed,0.5,10,specimen_10,50,45,1.0,0.31095633533675876,0.7607781848387487
omitted,transfer,reverse,fixed_features,speed,0.5,10,specimen_10,50,90,1.0,0.31126541621391696,0.4330381523903277
omitted,transfer,reverse,fixed_features,speed,0.5,57,specimen_57,30,45,1.0,0.296794815235325,0.1425344780474307
omitted,transfer,reverse,fixed_features,speed,0.5,57,specimen_57,30,90,1.0,0.30696311824637373,0.7516070356784853
omitted,transfer,reverse,fixed_features,speed,0.5,57,specimen_57,50,45,1.0,0.39312754360303653,1.346416304253581
omitted,transfer,reverse,fixed_features,speed,0.5,57,specimen_57,50,90,1.0,0.4035428906864669,1.7130116052327018
omitted,transfer,reverse,fixed_features,speed,1.0,10,specimen_10,30,45,1.0,0.2453559525284109,0.3397125363792385
omitted,transfer,reverse,fixed_features,speed,1.0,10,specimen_10,30,90,1.0,0.2811765062343273,0.3965082217112016
omitted,transfer,reverse,fixed_features,speed,1.0,10,specimen_10,50,45,1.0,0.31332036798827884,0.7605710368646494
omitted,transfer,reverse,fixed_features,speed,1.0,10,specimen_10,50,90,1.0,0.3097602074812414,0.4322794133942629
omitted,transfer,reverse,fixed_features,speed,1.0,57,specimen_57,30,45,1.0,0.29888498187805773,0.14046304325472903
omitted,transfer,reverse,fixed_features,speed,1.0,57,specimen_57,30,90,1.0,0.30715288089051745,0.7480673431327909
omitted,transfer,reverse,fixed_features,speed,1.0,57,specimen_57,50,45,1.0,0.3918232349033439,1.343045232407023
omitted,transfer,reverse,fixed_features,speed,1.0,57,specimen_57,50,90,1.0,0.4026070929526613,1.707275996028363
omitted,transfer,reverse,retrieval,direction,0.25,10,specimen_10,30,45,1.0,0.26149039048646555,0.3661362271864482
omitted,transfer,reverse,retrieval,direction,0.25,10,specimen_10,30,90,1.0,0.31967955161840367,0.2497832739973922
omitted,transfer,reverse,retrieval,direction,0.25,10,specimen_10,50,45,1.0,0.3060396133229611,0.8786268101201498
omitted,transfer,reverse,retrieval,direction,0.25,10,specimen_10,50,90,1.0,0.3395251008170102,0.18391828180566083
omitted,transfer,reverse,retrieval,direction,0.25,57,specimen_57,30,45,1.0,0.31292139988402146,0.08975541967006406
omitted,transfer,reverse,retrieval,direction,0.25,57,specimen_57,30,90,1.0,0.44177440810156793,0.48425206572790536
omitted,transfer,reverse,retrieval,direction,0.25,57,specimen_57,50,45,1.0,0.4010507327765301,1.470559326898463
omitted,transfer,reverse,retrieval,direction,0.25,57,specimen_57,50,90,1.0,0.3868241730832696,1.385622701680016
omitted,transfer,reverse,retrieval,direction,0.5,10,specimen_10,30,45,1.0,0.26149039048646555,0.3661362271864482
omitted,transfer,reverse,retrieval,direction,0.5,10,specimen_10,30,90,1.0,0.31967955161840367,0.2497832739973922
omitted,transfer,reverse,retrieval,direction,0.5,10,specimen_10,50,45,1.0,0.3060396133229611,0.8786268101201498
omitted,transfer,reverse,retrieval,direction,0.5,10,specimen_10,50,90,1.0,0.3395251008170102,0.18391828180566083
omitted,transfer,reverse,retrieval,direction,0.5,57,specimen_57,30,45,1.0,0.31292139988402146,0.08975541967006406
omitted,transfer,reverse,retrieval,direction,0.5,57,specimen_57,30,90,1.0,0.44177440810156793,0.48425206572790536
omitted,transfer,reverse,retrieval,direction,0.5,57,specimen_57,50,45,1.0,0.4010507327765301,1.470559326898463
omitted,transfer,reverse,retrieval,direction,0.5,57,specimen_57,50,90,1.0,0.3868241730832696,1.385622701680016
omitted,transfer,reverse,retrieval,direction,1.0,10,specimen_10,30,45,1.0,0.26149039048646555,0.3661362271864482
omitted,transfer,reverse,retrieval,direction,1.0,10,specimen_10,30,90,1.0,0.31967955161840367,0.2497832739973922
omitted,transfer,reverse,retrieval,direction,1.0,10,specimen_10,50,45,1.0,0.3060396133229611,0.8786268101201498
omitted,transfer,reverse,retrieval,direction,1.0,10,specimen_10,50,90,1.0,0.3395251008170102,0.18391828180566083
omitted,transfer,reverse,retrieval,direction,1.0,57,specimen_57,30,45,1.0,0.31292139988402146,0.08975541967006406
omitted,transfer,reverse,retrieval,direction,1.0,57,specimen_57,30,90,1.0,0.44177440810156793,0.48425206572790536
omitted,transfer,reverse,retrieval,direction,1.0,57,specimen_57,50,45,1.0,0.4010507327765301,1.470559326898463
omitted,transfer,reverse,retrieval,direction,1.0,57,specimen_57,50,90,1.0,0.3868241730832696,1.385622701680016
omitted,transfer,reverse,retrieval,load,0.25,10,specimen_10,30,45,1.0,1.3423710789482801,2.56334036203593
omitted,transfer,reverse,retrieval,load,0.25,10,specimen_10,30,90,1.0,0.3381414439942388,0.011850941114992741
omitted,transfer,reverse,retrieval,load,0.25,10,specimen_10,50,45,1.0,1.0981731511653738,2.5409131314148268
omitted,transfer,reverse,retrieval,load,0.25,10,specimen_10,50,90,1.0,0.4234430403736222,0.839877925002938
omitted,transfer,reverse,retrieval,load,0.25,57,specimen_57,30,45,1.0,0.31292139988402146,0.08975541967006406
omitted,transfer,reverse,retrieval,load,0.25,57,specimen_57,30,90,1.0,0.44177440810156793,0.48425206572790536
omitted,transfer,reverse,retrieval,load,0.25,57,specimen_57,50,45,1.0,0.4010507327765301,1.470559326898463
omitted,transfer,reverse,retrieval,load,0.25,57,specimen_57,50,90,1.0,0.3868241730832696,1.385622701680016
omitted,transfer,reverse,retrieval,load,0.5,10,specimen_10,30,45,1.0,0.26149039048646555,0.3661362271864482
omitted,transfer,reverse,retrieval,load,0.5,10,specimen_10,30,90,1.0,0.31967955161840367,0.2497832739973922
omitted,transfer,reverse,retrieval,load,0.5,10,specimen_10,50,45,1.0,0.3060396133229611,0.8786268101201498
omitted,transfer,reverse,retrieval,load,0.5,10,specimen_10,50,90,1.0,0.3395251008170102,0.18391828180566083
omitted,transfer,reverse,retrieval,load,0.5,57,specimen_57,30,45,1.0,0.31292139988402146,0.08975541967006406
omitted,transfer,reverse,retrieval,load,0.5,57,specimen_57,30,90,1.0,0.44177440810156793,0.48425206572790536
omitted,transfer,reverse,retrieval,load,0.5,57,specimen_57,50,45,1.0,0.4010507327765301,1.470559326898463
omitted,transfer,reverse,retrieval,load,0.5,57,specimen_57,50,90,1.0,0.3868241730832696,1.385622701680016
omitted,transfer,reverse,retrieval,load,1.0,10,specimen_10,30,45,1.0,0.26149039048646555,0.3661362271864482
omitted,transfer,reverse,retrieval,load,1.0,10,specimen_10,30,90,1.0,0.31967955161840367,0.2497832739973922
omitted,transfer,reverse,retrieval,load,1.0,10,specimen_10,50,45,1.0,0.3060396133229611,0.8786268101201498
omitted,transfer,reverse,retrieval,load,1.0,10,specimen_10,50,90,1.0,0.3395251008170102,0.18391828180566083
omitted,transfer,reverse,retrieval,load,1.0,57,specimen_57,30,45,1.0,0.31292139988402146,0.08975541967006406
omitted,transfer,reverse,retrieval,load,1.0,57,specimen_57,30,90,1.0,0.44177440810156793,0.48425206572790536
omitted,transfer,reverse,retrieval,load,1.0,57,specimen_57,50,45,1.0,0.4010507327765301,1.470559326898463
omitted,transfer,reverse,retrieval,load,1.0,57,specimen_57,50,90,1.0,0.3868241730832696,1.385622701680016
omitted,transfer,reverse,retrieval,repeat,0.25,10,specimen_10,30,45,1.0,0.26149039048646555,0.3661362271864482
omitted,transfer,reverse,retrieval,repeat,0.25,10,specimen_10,30,90,1.0,0.31967955161840367,0.2497832739973922
omitted,transfer,reverse,retrieval,repeat,0.25,10,specimen_10,50,45,1.0,0.3060396133229611,0.8786268101201498
omitted,transfer,reverse,retrieval,repeat,0.25,10,specimen_10,50,90,1.0,0.3395251008170102,0.18391828180566083
omitted,transfer,reverse,retrieval,repeat,0.25,57,specimen_57,30,45,1.0,0.31292139988402146,0.08975541967006406
omitted,transfer,reverse,retrieval,repeat,0.25,57,specimen_57,30,90,1.0,0.44177440810156793,0.48425206572790536
omitted,transfer,reverse,retrieval,repeat,0.25,57,specimen_57,50,45,1.0,0.4010507327765301,1.470559326898463
omitted,transfer,reverse,retrieval,repeat,0.25,57,specimen_57,50,90,1.0,0.3868241730832696,1.385622701680016
omitted,transfer,reverse,retrieval,repeat,0.5,10,specimen_10,30,45,1.0,0.26149039048646555,0.3661362271864482
omitted,transfer,reverse,retrieval,repeat,0.5,10,specimen_10,30,90,1.0,0.31967955161840367,0.2497832739973922
omitted,transfer,reverse,retrieval,repeat,0.5,10,specimen_10,50,45,1.0,0.3060396133229611,0.8786268101201498
omitted,transfer,reverse,retrieval,repeat,0.5,10,specimen_10,50,90,1.0,0.3395251008170102,0.18391828180566083
omitted,transfer,reverse,retrieval,repeat,0.5,57,specimen_57,30,45,1.0,0.31292139988402146,0.08975541967006406
omitted,transfer,reverse,retrieval,repeat,0.5,57,specimen_57,30,90,1.0,0.44177440810156793,0.48425206572790536
omitted,transfer,reverse,retrieval,repeat,0.5,57,specimen_57,50,45,1.0,0.4010507327765301,1.470559326898463
omitted,transfer,reverse,retrieval,repeat,0.5,57,specimen_57,50,90,1.0,0.3868241730832696,1.385622701680016
omitted,transfer,reverse,retrieval,repeat,1.0,10,specimen_10,30,45,1.0,0.26149039048646555,0.3661362271864482
omitted,transfer,reverse,retrieval,repeat,1.0,10,specimen_10,30,90,1.0,0.31967955161840367,0.2497832739973922
omitted,transfer,reverse,retrieval,repeat,1.0,10,specimen_10,50,45,1.0,0.3060396133229611,0.8786268101201498
omitted,transfer,reverse,retrieval,repeat,1.0,10,specimen_10,50,90,1.0,0.3395251008170102,0.18391828180566083
omitted,transfer,reverse,retrieval,repeat,1.0,57,specimen_57,30,45,1.0,0.31292139988402146,0.08975541967006406
omitted,transfer,reverse,retrieval,repeat,1.0,57,specimen_57,30,90,1.0,0.44177440810156793,0.48425206572790536
omitted,transfer,reverse,retrieval,repeat,1.0,57,specimen_57,50,45,1.0,0.4010507327765301,1.470559326898463
omitted,transfer,reverse,retrieval,repeat,1.0,57,specimen_57,50,90,1.0,0.3868241730832696,1.385622701680016
omitted,transfer,reverse,retrieval,single,0.25,10,specimen_10,30,45,1.0,0.26149039048646555,0.3661362271864482
omitted,transfer,reverse,retrieval,single,0.25,10,specimen_10,30,90,1.0,0.31967955161840367,0.2497832739973922
omitted,transfer,reverse,retrieval,single,0.25,10,specimen_10,50,45,1.0,0.3060396133229611,0.8786268101201498
omitted,transfer,reverse,retrieval,single,0.25,10,specimen_10,50,90,1.0,0.3395251008170102,0.18391828180566083
omitted,transfer,reverse,retrieval,single,0.25,57,specimen_57,30,45,1.0,0.31292139988402146,0.08975541967006406
omitted,transfer,reverse,retrieval,single,0.25,57,specimen_57,30,90,1.0,0.44177440810156793,0.48425206572790536
omitted,transfer,reverse,retrieval,single,0.25,57,specimen_57,50,45,1.0,0.4010507327765301,1.470559326898463
omitted,transfer,reverse,retrieval,single,0.25,57,specimen_57,50,90,1.0,0.3868241730832696,1.385622701680016
omitted,transfer,reverse,retrieval,single,0.5,10,specimen_10,30,45,1.0,0.26149039048646555,0.3661362271864482
omitted,transfer,reverse,retrieval,single,0.5,10,specimen_10,30,90,1.0,0.31967955161840367,0.2497832739973922
omitted,transfer,reverse,retrieval,single,0.5,10,specimen_10,50,45,1.0,0.3060396133229611,0.8786268101201498
omitted,transfer,reverse,retrieval,single,0.5,10,specimen_10,50,90,1.0,0.3395251008170102,0.18391828180566083
omitted,transfer,reverse,retrieval,single,0.5,57,specimen_57,30,45,1.0,0.31292139988402146,0.08975541967006406
omitted,transfer,reverse,retrieval,single,0.5,57,specimen_57,30,90,1.0,0.44177440810156793,0.48425206572790536
omitted,transfer,reverse,retrieval,single,0.5,57,specimen_57,50,45,1.0,0.4010507327765301,1.470559326898463
omitted,transfer,reverse,retrieval,single,0.5,57,specimen_57,50,90,1.0,0.3868241730832696,1.385622701680016
omitted,transfer,reverse,retrieval,single,1.0,10,specimen_10,30,45,1.0,0.26149039048646555,0.3661362271864482
omitted,transfer,reverse,retrieval,single,1.0,10,specimen_10,30,90,1.0,0.31967955161840367,0.2497832739973922
omitted,transfer,reverse,retrieval,single,1.0,10,specimen_10,50,45,1.0,0.3060396133229611,0.8786268101201498
omitted,transfer,reverse,retrieval,single,1.0,10,specimen_10,50,90,1.0,0.3395251008170102,0.18391828180566083
omitted,transfer,reverse,retrieval,single,1.0,57,specimen_57,30,45,1.0,0.31292139988402146,0.08975541967006406
omitted,transfer,reverse,retrieval,single,1.0,57,specimen_57,30,90,1.0,0.44177440810156793,0.48425206572790536
omitted,transfer,reverse,retrieval,single,1.0,57,specimen_57,50,45,1.0,0.4010507327765301,1.470559326898463
omitted,transfer,reverse,retrieval,single,1.0,57,specimen_57,50,90,1.0,0.3868241730832696,1.385622701680016
omitted,transfer,reverse,retrieval,speed,0.25,10,specimen_10,30,45,1.0,0.26149039048646555,0.3661362271864482
omitted,transfer,reverse,retrieval,speed,0.25,10,specimen_10,30,90,1.0,0.31967955161840367,0.2497832739973922
omitted,transfer,reverse,retrieval,speed,0.25,10,specimen_10,50,45,1.0,0.3060396133229611,0.8786268101201498
omitted,transfer,reverse,retrieval,speed,0.25,10,specimen_10,50,90,1.0,0.3395251008170102,0.18391828180566083
omitted,transfer,reverse,retrieval,speed,0.25,57,specimen_57,30,45,1.0,0.31292139988402146,0.08975541967006406
omitted,transfer,reverse,retrieval,speed,0.25,57,specimen_57,30,90,1.0,0.44177440810156793,0.48425206572790536
omitted,transfer,reverse,retrieval,speed,0.25,57,specimen_57,50,45,1.0,0.4010507327765301,1.470559326898463
omitted,transfer,reverse,retrieval,speed,0.25,57,specimen_57,50,90,1.0,0.3868241730832696,1.385622701680016
omitted,transfer,reverse,retrieval,speed,0.5,10,specimen_10,30,45,1.0,0.26149039048646555,0.3661362271864482
omitted,transfer,reverse,retrieval,speed,0.5,10,specimen_10,30,90,1.0,0.31967955161840367,0.2497832739973922
omitted,transfer,reverse,retrieval,speed,0.5,10,specimen_10,50,45,1.0,0.3060396133229611,0.8786268101201498
omitted,transfer,reverse,retrieval,speed,0.5,10,specimen_10,50,90,1.0,0.3395251008170102,0.18391828180566083
omitted,transfer,reverse,retrieval,speed,0.5,57,specimen_57,30,45,1.0,0.31292139988402146,0.08975541967006406
omitted,transfer,reverse,retrieval,speed,0.5,57,specimen_57,30,90,1.0,0.44177440810156793,0.48425206572790536
omitted,transfer,reverse,retrieval,speed,0.5,57,specimen_57,50,45,1.0,0.4010507327765301,1.470559326898463
omitted,transfer,reverse,retrieval,speed,0.5,57,specimen_57,50,90,1.0,0.3868241730832696,1.385622701680016
omitted,transfer,reverse,retrieval,speed,1.0,10,specimen_10,30,45,1.0,0.26149039048646555,0.3661362271864482
omitted,transfer,reverse,retrieval,speed,1.0,10,specimen_10,30,90,1.0,0.31967955161840367,0.2497832739973922
omitted,transfer,reverse,retrieval,speed,1.0,10,specimen_10,50,45,1.0,0.3060396133229611,0.8786268101201498
omitted,transfer,reverse,retrieval,speed,1.0,10,specimen_10,50,90,1.0,0.3395251008170102,0.18391828180566083
omitted,transfer,reverse,retrieval,speed,1.0,57,specimen_57,30,45,1.0,0.31292139988402146,0.08975541967006406
omitted,transfer,reverse,retrieval,speed,1.0,57,specimen_57,30,90,1.0,0.44177440810156793,0.48425206572790536
omitted,transfer,reverse,retrieval,speed,1.0,57,specimen_57,50,45,1.0,0.4010507327765301,1.470559326898463
omitted,transfer,reverse,retrieval,speed,1.0,57,specimen_57,50,90,1.0,0.3868241730832696,1.385622701680016
omitted,transfer,reverse,speed_rescaling,direction,0.25,10,specimen_10,30,45,1.0,0.5378264933190213,0.09930675720454052
omitted,transfer,reverse,speed_rescaling,direction,0.25,10,specimen_10,30,90,1.0,0.45308251258431637,1.2132328640069583
omitted,transfer,reverse,speed_rescaling,direction,0.25,10,specimen_10,50,45,1.0,0.6501487312973881,0.9229927549845323
omitted,transfer,reverse,speed_rescaling,direction,0.25,10,specimen_10,50,90,1.0,0.503909607886664,0.8438589929129139
omitted,transfer,reverse,speed_rescaling,direction,0.25,57,specimen_57,30,45,1.0,0.4485632357023537,0.34553115072618695
omitted,transfer,reverse,speed_rescaling,direction,0.25,57,specimen_57,30,90,1.0,0.5194847155593121,0.921700460412699
omitted,transfer,reverse,speed_rescaling,direction,0.25,57,specimen_57,50,45,1.0,0.6923594989823855,1.8742400646023887
omitted,transfer,reverse,speed_rescaling,direction,0.25,57,specimen_57,50,90,1.0,0.4806798952660649,0.23212235624431754
omitted,transfer,reverse,speed_rescaling,direction,0.5,10,specimen_10,30,45,1.0,0.5255358711840059,0.14803217190824192
omitted,transfer,reverse,speed_rescaling,direction,0.5,10,specimen_10,30,90,1.0,0.4218558168602271,1.0600315112342675
omitted,transfer,reverse,speed_rescaling,direction,0.5,10,specimen_10,50,45,1.0,0.6388630201053366,0.9779285391736088
omitted,transfer,reverse,speed_rescaling,direction,0.5,10,specimen_10,50,90,1.0,0.45978396439920005,0.6702521410581033
omitted,transfer,reverse,speed_rescaling,direction,0.5,57,specimen_57,30,45,1.0,0.43570212717884993,0.3735764221800146
omitted,transfer,reverse,speed_rescaling,direction,0.5,57,specimen_57,30,90,1.0,0.5744427651996643,0.9142068426889116
omitted,transfer,reverse,speed_rescaling,direction,0.5,57,specimen_57,50,45,1.0,0.6890391004410574,1.9081717992712164
omitted,transfer,reverse,speed_rescaling,direction,0.5,57,specimen_57,50,90,1.0,0.4844078125978797,0.2458149995380028
omitted,transfer,reverse,speed_rescaling,direction,1.0,10,specimen_10,30,45,1.0,0.5100769767781456,0.2354051961703747
omitted,transfer,reverse,speed_rescaling,direction,1.0,10,specimen_10,30,90,1.0,0.4093759410940152,0.9865654777954658
omitted,transfer,reverse,speed_rescaling,direction,1.0,10,specimen_10,50,45,1.0,0.6392628399949133,1.0720273711592456
omitted,transfer,reverse,speed_rescaling,direction,1.0,10,specimen_10,50,90,1.0,0.4392435492853986,0.589020313187471
omitted,transfer,reverse,speed_rescaling,direction,1.0,57,specimen_57,30,45,1.0,0.4195670611512338,0.3913677550386296
omitted,transfer,reverse,speed_rescaling,direction,1.0,57,specimen_57,30,90,1.0,0.5561050678909277,0.8795032139354375
omitted,transfer,reverse,speed_rescaling,direction,1.0,57,specimen_57,50,45,1.0,0.6800336844452056,1.9290042533376308
omitted,transfer,reverse,speed_rescaling,direction,1.0,57,specimen_57,50,90,1.0,0.4649850473767024,0.2829844118066025
omitted,transfer,reverse,speed_rescaling,load,0.25,10,specimen_10,30,45,1.0,0.5378264933190213,0.09930675720454052
omitted,transfer,reverse,speed_rescaling,load,0.25,10,specimen_10,30,90,1.0,0.7104171665837398,0.3310847840119804
omitted,transfer,reverse,speed_rescaling,load,0.25,10,specimen_10,50,45,1.0,0.6501487312973881,0.9229927549845323
omitted,transfer,reverse,speed_rescaling,load,0.25,10,specimen_10,50,90,1.0,0.8196032518266544,0.8355247201944076
omitted,transfer,reverse,speed_rescaling,load,0.25,57,specimen_57,30,45,1.0,0.4485632357023537,0.34553115072618695
omitted,transfer,reverse,speed_rescaling,load,0.25,57,specimen_57,30,90,1.0,0.5736499037562933,1.0424419195779644
omitted,transfer,reverse,speed_rescaling,load,0.25,57,specimen_57,50,45,1.0,0.6923594989823855,1.8742400646023887
omitted,transfer,reverse,speed_rescaling,load,0.25,57,specimen_57,50,90,1.0,0.7693056029165798,2.339363392353157
omitted,transfer,reverse,speed_rescaling,load,0.5,10,specimen_10,30,45,1.0,0.5255358711840059,0.14803217190824192
omitted,transfer,reverse,speed_rescaling,load,0.5,10,specimen_10,30,90,1.0,0.6811548168374647,0.3798101987156818
omitted,transfer,reverse,speed_rescaling,load,0.5,10,specimen_10,50,45,1.0,0.6388630201053366,0.9779285391736088
omitted,transfer,reverse,speed_rescaling,load,0.5,10,specimen_10,50,90,1.0,0.8121017643299616,0.8904605043834841
omitted,transfer,reverse,speed_rescaling,load,0.5,57,specimen_57,30,45,1.0,0.43570212717884993,0.3735764221800146
omitted,transfer,reverse,speed_rescaling,load,0.5,57,specimen_57,30,90,1.0,0.5620501068014109,1.070487191031792
omitted,transfer,reverse,speed_rescaling,load,0.5,57,specimen_57,50,45,1.0,0.6890391004410574,1.9081717992712164
omitted,transfer,reverse,speed_rescaling,load,0.5,57,specimen_57,50,90,1.0,0.7758171102276882,2.373295127021985
omitted,transfer,reverse,speed_rescaling,load,1.0,10,specimen_10,30,45,1.0,0.5100769767781456,0.2354051961703747
omitted,transfer,reverse,speed_rescaling,load,1.0,10,specimen_10,30,90,1.0,0.6578879295905301,0.46718322297781456
omitted,transfer,reverse,speed_rescaling,load,1.0,10,specimen_10,50,45,1.0,0.6392628399949133,1.0720273711592456
omitted,transfer,reverse,speed_rescaling,load,1.0,10,specimen_10,50,90,1.0,0.8015685931077489,0.984559336369121
omitted,transfer,reverse,speed_rescaling,load,1.0,57,specimen_57,30,45,1.0,0.4195670611512338,0.3913677550386296
omitted,transfer,reverse,speed_rescaling,load,1.0,57,specimen_57,30,90,1.0,0.5394917260131286,1.088278523890407
omitted,transfer,reverse,speed_rescaling,load,1.0,57,specimen_57,50,45,1.0,0.6800336844452056,1.9290042533376308
omitted,transfer,reverse,speed_rescaling,load,1.0,57,specimen_57,50,90,1.0,0.7639111046864778,2.3941275810883993
omitted,transfer,reverse,speed_rescaling,repeat,0.25,10,specimen_10,30,45,1.0,0.5339062957324298,0.12343736427633545
omitted,transfer,reverse,speed_rescaling,repeat,0.25,10,specimen_10,30,90,1.0,0.6665989680979901,0.3552153910837753
omitted,transfer,reverse,speed_rescaling,repeat,0.25,10,specimen_10,50,45,1.0,0.6766125473632293,0.9432843063685135
omitted,transfer,reverse,speed_rescaling,repeat,0.25,10,specimen_10,50,90,1.0,0.8454496939130278,0.8558162715783888
omitted,transfer,reverse,speed_rescaling,repeat,0.25,57,specimen_57,30,45,1.0,0.4454493130016286,0.3758504452631842
omitted,transfer,reverse,speed_rescaling,repeat,0.25,57,specimen_57,30,90,1.0,0.5692845430206659,1.0727612141149616
omitted,transfer,reverse,speed_rescaling,repeat,0.25,57,specimen_57,50,45,1.0,0.7239266802926636,1.9050012914985777
omitted,transfer,reverse,speed_rescaling,repeat,0.25,57,specimen_57,50,90,1.0,0.7984602018380107,2.370124619249346
omitted,transfer,reverse,speed_rescaling,repeat,0.5,10,specimen_10,30,45,1.0,0.5103106028541394,0.27051838285168794
omitted,transfer,reverse,speed_rescaling,repeat,0.5,10,specimen_10,30,90,1.0,0.654075107973697,0.5022964096591278
omitted,transfer,reverse,speed_rescaling,repeat,0.5,10,specimen_10,50,45,1.0,0.6551954345920019,1.1022852785502633
omitted,transfer,reverse,speed_rescaling,repeat,0.5,10,specimen_10,50,90,1.0,0.8242875742935389,1.0148172437601386
omitted,transfer,reverse,speed_rescaling,repeat,0.5,57,specimen_57,30,45,1.0,0.43266132968727294,0.39214254253151765
omitted,transfer,reverse,speed_rescaling,repeat,0.5,57,specimen_57,30,90,1.0,0.5564224674642665,1.089053311383295
omitted,transfer,reverse,speed_rescaling,repeat,0.5,57,specimen_57,50,45,1.0,0.71521840160544,1.9265174989692522
omitted,transfer,reverse,speed_rescaling,repeat,0.5,57,specimen_57,50,90,1.0,0.8082915973855266,2.3916408267200207
omitted,transfer,reverse,speed_rescaling,repeat,1.0,10,specimen_10,30,45,1.0,0.4886781988518411,0.3425691044561111
omitted,transfer,reverse,speed_rescaling,repeat,1.0,10,specimen_10,30,90,1.0,0.6320306489188247,0.574347131263551
omitted,transfer,reverse,speed_rescaling,repeat,1.0,10,specimen_10,50,45,1.0,0.6315704265374187,1.182477323971747
omitted,transfer,reverse,speed_rescaling,repeat,1.0,10,specimen_10,50,90,1.0,0.7966682734623256,1.0950092891816223
omitted,transfer,reverse,speed_rescaling,repeat,1.0,57,specimen_57,30,45,1.0,0.42466684143035893,0.40416811773197364
omitted,transfer,reverse,speed_rescaling,repeat,1.0,57,specimen_57,30,90,1.0,0.552058981524436,1.101078886583751
omitted,transfer,reverse,speed_rescaling,repeat,1.0,57,specimen_57,50,45,1.0,0.7041867509084568,1.9421396406065794
omitted,transfer,reverse,speed_rescaling,repeat,1.0,57,specimen_57,50,90,1.0,0.7972839736770382,2.407262968357348
omitted,transfer,reverse,speed_rescaling,single,0.25,10,specimen_10,30,45,1.0,0.5378264933190213,0.09930675720454052
omitted,transfer,reverse,speed_rescaling,single,0.25,10,specimen_10,30,90,1.0,0.7104171665837398,0.3310847840119804
omitted,transfer,reverse,speed_rescaling,single,0.25,10,specimen_10,50,45,1.0,0.6501487312973881,0.9229927549845323
omitted,transfer,reverse,speed_rescaling,single,0.25,10,specimen_10,50,90,1.0,0.8196032518266544,0.8355247201944076
omitted,transfer,reverse,speed_rescaling,single,0.25,57,specimen_57,30,45,1.0,0.4485632357023537,0.34553115072618695
omitted,transfer,reverse,speed_rescaling,single,0.25,57,specimen_57,30,90,1.0,0.5736499037562933,1.0424419195779644
omitted,transfer,reverse,speed_rescaling,single,0.25,57,specimen_57,50,45,1.0,0.6923594989823855,1.8742400646023887
omitted,transfer,reverse,speed_rescaling,single,0.25,57,specimen_57,50,90,1.0,0.7693056029165798,2.339363392353157
omitted,transfer,reverse,speed_rescaling,single,0.5,10,specimen_10,30,45,1.0,0.5255358711840059,0.14803217190824192
omitted,transfer,reverse,speed_rescaling,single,0.5,10,specimen_10,30,90,1.0,0.6811548168374647,0.3798101987156818
omitted,transfer,reverse,speed_rescaling,single,0.5,10,specimen_10,50,45,1.0,0.6388630201053366,0.9779285391736088
omitted,transfer,reverse,speed_rescaling,single,0.5,10,specimen_10,50,90,1.0,0.8121017643299616,0.8904605043834841
omitted,transfer,reverse,speed_rescaling,single,0.5,57,specimen_57,30,45,1.0,0.43570212717884993,0.3735764221800146
omitted,transfer,reverse,speed_rescaling,single,0.5,57,specimen_57,30,90,1.0,0.5620501068014109,1.070487191031792
omitted,transfer,reverse,speed_rescaling,single,0.5,57,specimen_57,50,45,1.0,0.6890391004410574,1.9081717992712164
omitted,transfer,reverse,speed_rescaling,single,0.5,57,specimen_57,50,90,1.0,0.7758171102276882,2.373295127021985
omitted,transfer,reverse,speed_rescaling,single,1.0,10,specimen_10,30,45,1.0,0.5100769767781456,0.2354051961703747
omitted,transfer,reverse,speed_rescaling,single,1.0,10,specimen_10,30,90,1.0,0.6578879295905301,0.46718322297781456
omitted,transfer,reverse,speed_rescaling,single,1.0,10,specimen_10,50,45,1.0,0.6392628399949133,1.0720273711592456
omitted,transfer,reverse,speed_rescaling,single,1.0,10,specimen_10,50,90,1.0,0.8015685931077489,0.984559336369121
omitted,transfer,reverse,speed_rescaling,single,1.0,57,specimen_57,30,45,1.0,0.4195670611512338,0.3913677550386296
omitted,transfer,reverse,speed_rescaling,single,1.0,57,specimen_57,30,90,1.0,0.5394917260131286,1.088278523890407
omitted,transfer,reverse,speed_rescaling,single,1.0,57,specimen_57,50,45,1.0,0.6800336844452056,1.9290042533376308
omitted,transfer,reverse,speed_rescaling,single,1.0,57,specimen_57,50,90,1.0,0.7639111046864778,2.3941275810883993
omitted,transfer,reverse,speed_rescaling,speed,0.25,10,specimen_10,30,45,1.0,0.5378264933190213,0.09930675720454052
omitted,transfer,reverse,speed_rescaling,speed,0.25,10,specimen_10,30,90,1.0,0.7104171665837398,0.3310847840119804
omitted,transfer,reverse,speed_rescaling,speed,0.25,10,specimen_10,50,45,1.0,0.6501487312973881,0.9229927549845323
omitted,transfer,reverse,speed_rescaling,speed,0.25,10,specimen_10,50,90,1.0,0.8196032518266544,0.8355247201944076
omitted,transfer,reverse,speed_rescaling,speed,0.25,57,specimen_57,30,45,1.0,0.4485632357023537,0.34553115072618695
omitted,transfer,reverse,speed_rescaling,speed,0.25,57,specimen_57,30,90,1.0,0.5736499037562933,1.0424419195779644
omitted,transfer,reverse,speed_rescaling,speed,0.25,57,specimen_57,50,45,1.0,0.6923594989823855,1.8742400646023887
omitted,transfer,reverse,speed_rescaling,speed,0.25,57,specimen_57,50,90,1.0,0.7693056029165798,2.339363392353157
omitted,transfer,reverse,speed_rescaling,speed,0.5,10,specimen_10,30,45,1.0,0.5255358711840059,0.14803217190824192
omitted,transfer,reverse,speed_rescaling,speed,0.5,10,specimen_10,30,90,1.0,0.6811548168374647,0.3798101987156818
omitted,transfer,reverse,speed_rescaling,speed,0.5,10,specimen_10,50,45,1.0,0.6388630201053366,0.9779285391736088
omitted,transfer,reverse,speed_rescaling,speed,0.5,10,specimen_10,50,90,1.0,0.8121017643299616,0.8904605043834841
omitted,transfer,reverse,speed_rescaling,speed,0.5,57,specimen_57,30,45,1.0,0.43570212717884993,0.3735764221800146
omitted,transfer,reverse,speed_rescaling,speed,0.5,57,specimen_57,30,90,1.0,0.5620501068014109,1.070487191031792
omitted,transfer,reverse,speed_rescaling,speed,0.5,57,specimen_57,50,45,1.0,0.6890391004410574,1.9081717992712164
omitted,transfer,reverse,speed_rescaling,speed,0.5,57,specimen_57,50,90,1.0,0.7758171102276882,2.373295127021985
omitted,transfer,reverse,speed_rescaling,speed,1.0,10,specimen_10,30,45,1.0,0.5100769767781456,0.2354051961703747
omitted,transfer,reverse,speed_rescaling,speed,1.0,10,specimen_10,30,90,1.0,0.6578879295905301,0.46718322297781456
omitted,transfer,reverse,speed_rescaling,speed,1.0,10,specimen_10,50,45,1.0,0.6392628399949133,1.0720273711592456
omitted,transfer,reverse,speed_rescaling,speed,1.0,10,specimen_10,50,90,1.0,0.8015685931077489,0.984559336369121
omitted,transfer,reverse,speed_rescaling,speed,1.0,57,specimen_57,30,45,1.0,0.4195670611512338,0.3913677550386296
omitted,transfer,reverse,speed_rescaling,speed,1.0,57,specimen_57,30,90,1.0,0.5394917260131286,1.088278523890407
omitted,transfer,reverse,speed_rescaling,speed,1.0,57,specimen_57,50,45,1.0,0.6800336844452056,1.9290042533376308
omitted,transfer,reverse,speed_rescaling,speed,1.0,57,specimen_57,50,90,1.0,0.7639111046864778,2.3941275810883993
