experiment,evaluation_partition,orientation,model,protocol,duration_s,surface_id,family_group,log_power_mae,modeled_band_total_rms_error
expanded,selection,forward,conditions_only,direction,0.25,10,specimen_10,0.2582929500666743,0.39251276602512847
expanded,selection,forward,conditions_only,direction,0.25,57,specimen_57,0.38671854986562015,0.2321578622075683
expanded,selection,forward,conditions_only,direction,0.5,10,specimen_10,0.2582929500666743,0.39251276602512847
expanded,selection,forward,conditions_only,direction,0.5,57,specimen_57,0.38671854986562015,0.2321578622075683
expanded,selection,forward,conditions_only,direction,1.0,10,specimen_10,0.2582929500666743,0.39251276602512847
expanded,selection,forward,conditions_only,direction,1.0,57,specimen_57,0.38671854986562015,0.2321578622075683
expanded,selection,forward,conditions_only,load,0.25,10,specimen_10,0.2582929500666743,0.39251276602512847
expanded,selection,forward,conditions_only,load,0.25,57,specimen_57,0.38671854986562015,0.2321578622075683
expanded,selection,forward,conditions_only,load,0.5,10,specimen_10,0.2582929500666743,0.39251276602512847
expanded,selection,forward,conditions_only,load,0.5,57,specimen_57,0.38671854986562015,0.2321578622075683
expanded,selection,forward,conditions_only,load,1.0,10,specimen_10,0.2582929500666743,0.39251276602512847
expanded,selection,forward,conditions_only,load,1.0,57,specimen_57,0.38671854986562015,0.2321578622075683
expanded,selection,forward,conditions_only,repeat,0.25,10,specimen_10,0.2582929500666743,0.39251276602512847
expanded,selection,forward,conditions_only,repeat,0.25,57,specimen_57,0.38671854986562015,0.2321578622075683
expanded,selection,forward,conditions_only,repeat,0.5,10,specimen_10,0.2582929500666743,0.39251276602512847
expanded,selection,forward,conditions_only,repeat,0.5,57,specimen_57,0.38671854986562015,0.2321578622075683
expanded,selection,forward,conditions_only,repeat,1.0,10,specimen_10,0.2582929500666743,0.39251276602512847
expanded,selection,forward,conditions_only,repeat,1.0,57,specimen_57,0.38671854986562015,0.2321578622075683
expanded,selection,forward,conditions_only,single,0.25,10,specimen_10,0.2582929500666743,0.39251276602512847
expanded,selection,forward,conditions_only,single,0.25,57,specimen_57,0.38671854986562015,0.2321578622075683
expanded,selection,forward,conditions_only,single,0.5,10,specimen_10,0.2582929500666743,0.39251276602512847
expanded,selection,forward,conditions_only,single,0.5,57,specimen_57,0.38671854986562015,0.2321578622075683
expanded,selection,forward,conditions_only,single,1.0,10,specimen_10,0.2582929500666743,0.39251276602512847
expanded,selection,forward,conditions_only,single,1.0,57,specimen_57,0.38671854986562015,0.2321578622075683
expanded,selection,forward,conditions_only,speed,0.25,10,specimen_10,0.2582929500666743,0.39251276602512847
expanded,selection,forward,conditions_only,speed,0.25,57,specimen_57,0.38671854986562015,0.2321578622075683
expanded,selection,forward,conditions_only,speed,0.5,10,specimen_10,0.2582929500666743,0.39251276602512847
expanded,selection,forward,conditions_only,speed,0.5,57,specimen_57,0.38671854986562015,0.2321578622075683
expanded,selection,forward,conditions_only,speed,1.0,10,specimen_10,0.2582929500666743,0.39251276602512847
expanded,selection,forward,conditions_only,speed,1.0,57,specimen_57,0.38671854986562015,0.2321578622075683
expanded,selection,forward,copy,direction,0.25,10,specimen_10,0.4627475789582691,0.6772394326303603
expanded,selection,forward,copy,direction,0.25,57,specimen_57,0.5809343647164139,0.7720595943308943
expanded,selection,forward,copy,direction,0.5,10,specimen_10,0.44390881241146296,0.613420477525576
expanded,selection,forward,copy,direction,0.5,57,specimen_57,0.5778840950723655,0.7648836996201792
expanded,selection,forward,copy,direction,1.0,10,specimen_10,0.4440175502701273,0.5838382326608841
expanded,selection,forward,copy,direction,1.0,57,specimen_57,0.5650454133025703,0.7541185840441548
expanded,selection,forward,copy,load,0.25,10,specimen_10,0.42049226329788414,0.4829815310439467
expanded,selection,forward,copy,load,0.25,57,specimen_57,0.5008462806726236,0.6739289649633566
expanded,selection,forward,copy,load,0.5,10,specimen_10,0.39091361678979636,0.5276792493515157
expanded,selection,forward,copy,load,0.5,57,specimen_57,0.493682135311394,0.6855028659058633
expanded,selection,forward,copy,load,1.0,10,specimen_10,0.37709996939219187,0.5593275075286137
expanded,selection,forward,copy,load,1.0,57,specimen_57,0.49331351849847704,0.6947506656144713
expanded,selection,forward,copy,repeat,0.25,10,specimen_10,0.4249836817775634,0.4871121052100969
expanded,selection,forward,copy,repeat,0.25,57,specimen_57,0.49357893863922375,0.6725837512048196
expanded,selection,forward,copy,repeat,0.5,10,specimen_10,0.40074532634199544,0.52986905870769
expanded,selection,forward,copy,repeat,0.5,57,specimen_57,0.4954987947407018,0.6837049970615675
expanded,selection,forward,copy,repeat,1.0,10,specimen_10,0.38951421198201347,0.5653919684204208
expanded,selection,forward,copy,repeat,1.0,57,specimen_57,0.4913132564812289,0.690875076113149
expanded,selection,forward,copy,single,0.25,10,specimen_10,0.42858212369894483,0.4912606027083495
expanded,selection,forward,copy,single,0.25,57,specimen_57,0.5436108986183237,0.6791104333360156
expanded,selection,forward,copy,single,0.5,10,specimen_10,0.3994316680319313,0.5557552808972939
expanded,selection,forward,copy,single,0.5,57,specimen_57,0.5218799332189585,0.687491537218978
expanded,selection,forward,copy,single,1.0,10,specimen_10,0.39134106795105583,0.5885176151965646
expanded,selection,forward,copy,single,1.0,57,specimen_57,0.50810587115616,0.6935480621923433
expanded,selection,forward,copy,speed,0.25,10,specimen_10,0.38505980011603597,0.561498443395738
expanded,selection,forward,copy,speed,0.25,57,specimen_57,0.5326090774699901,0.7022256406575939
expanded,selection,forward,copy,speed,0.5,10,specimen_10,0.3832675894345974,0.607626999687293
expanded,selection,forward,copy,speed,0.5,57,specimen_57,0.5220953154367178,0.7090512724932438
expanded,selection,forward,copy,speed,1.0,10,specimen_10,0.39578259498223567,0.6596676356212101
expanded,selection,forward,copy,speed,1.0,57,specimen_57,0.5195109216119094,0.7147775983671718
expanded,selection,forward,encoder,direction,0.25,10,specimen_10,0.22024411956469217,0.2294448496915813
expanded,selection,forward,encoder,direction,0.25,57,specimen_57,0.21230825409293175,0.19928041537567487
expanded,selection,forward,encoder,direction,0.5,10,specimen_10,0.20211251576741537,0.20379663525825475
expanded,selection,forward,encoder,direction,0.5,57,specimen_57,0.2018132470548153,0.2224231349176247
expanded,selection,forward,encoder,direction,1.0,10,specimen_10,0.20416934539874396,0.2057001252114696
expanded,selection,forward,encoder,direction,1.0,57,specimen_57,0.20307966445883116,0.21439851951530234
expanded,selection,forward,encoder,load,0.25,10,specimen_10,0.21254044026136398,0.20510951787511242
expanded,selection,forward,encoder,load,0.25,57,specimen_57,0.1900945504506429,0.23355152475365748
expanded,selection,forward,encoder,load,0.5,10,specimen_10,0.20861120273669562,0.20294277914247405
expanded,selection,forward,encoder,load,0.5,57,specimen_57,0.19154015804330507,0.22343628970970986
expanded,selection,forward,encoder,load,1.0,10,specimen_10,0.23151460165778795,0.2037036176615801
expanded,selection,forward,encoder,load,1.0,57,specimen_57,0.19250508025288582,0.22373618708856866
expanded,selection,forward,encoder,repeat,0.25,10,specimen_10,0.20670809596776962,0.20940413790874457
expanded,selection,forward,encoder,repeat,0.25,57,specimen_57,0.22195092712839445,0.18414968267781887
expanded,selection,forward,encoder,repeat,0.5,10,specimen_10,0.2163799541691939,0.20397408966630648
expanded,selection,forward,encoder,repeat,0.5,57,specimen_57,0.19333910817901293,0.2460335877887243
expanded,selection,forward,encoder,repeat,1.0,10,specimen_10,0.21181444575389227,0.20363656875499017
expanded,selection,forward,encoder,repeat,1.0,57,specimen_57,0.19304928928613663,0.22254923492572268
expanded,selection,forward,encoder,single,0.25,10,specimen_10,0.21958657602469125,0.21912640514683115
expanded,selection,forward,encoder,single,0.25,57,specimen_57,0.1953635315100352,0.23063961990286552
expanded,selection,forward,encoder,single,0.5,10,specimen_10,0.20837563400467238,0.19156957402954314
expanded,selection,forward,encoder,single,0.5,57,specimen_57,0.20144290973742804,0.2579610614660937
expanded,selection,forward,encoder,single,1.0,10,specimen_10,0.24310820425550142,0.19271502508891838
expanded,selection,forward,encoder,single,1.0,57,specimen_57,0.19700453678766885,0.2239431438611634
expanded,selection,forward,encoder,speed,0.25,10,specimen_10,0.2162364274263382,0.226364649742807
expanded,selection,forward,encoder,speed,0.25,57,specimen_57,0.22422434265414873,0.28390006129745343
expanded,selection,forward,encoder,speed,0.5,10,specimen_10,0.24446331709623337,0.21026763230046977
expanded,selection,forward,encoder,speed,0.5,57,specimen_57,0.21507347002625465,0.2777439547625961
expanded,selection,forward,encoder,speed,1.0,10,specimen_10,0.24193056176106134,0.2140616304545866
expanded,selection,forward,encoder,speed,1.0,57,specimen_57,0.20155161246657372,0.2605742972117767
expanded,selection,forward,encoder_wrong_support,direction,0.25,10,specimen_10,0.4427870064973831,0.3881088874359824
expanded,selection,forward,encoder_wrong_support,direction,0.25,57,specimen_57,0.4393819471200307,0.11782908159979211
expanded,selection,forward,encoder_wrong_support,direction,0.5,10,specimen_10,0.48737264921267826,0.4179784285658627
expanded,selection,forward,encoder_wrong_support,direction,0.5,57,specimen_57,0.5061868354678154,0.1301181315404466
expanded,selection,forward,encoder_wrong_support,direction,1.0,10,specimen_10,0.47757622847954434,0.4079756368999428
expanded,selection,forward,encoder_wrong_support,direction,1.0,57,specimen_57,0.5175666684905688,0.13781160237428547
expanded,selection,forward,encoder_wrong_support,load,0.25,10,specimen_10,0.5402929758032163,0.4357031685192127
expanded,selection,forward,encoder_wrong_support,load,0.25,57,specimen_57,0.502361877510945,0.14278395435755528
expanded,selection,forward,encoder_wrong_support,load,0.5,10,specimen_10,0.5115977029005686,0.4216583229258463
expanded,selection,forward,encoder_wrong_support,load,0.5,57,specimen_57,0.5597810248533884,0.1828108398784527
expanded,selection,forward,encoder_wrong_support,load,1.0,10,specimen_10,0.5142084161440531,0.42238344838772174
expanded,selection,forward,encoder_wrong_support,load,1.0,57,specimen_57,0.6176138942440351,0.22802619569183316
expanded,selection,forward,encoder_wrong_support,repeat,0.25,10,specimen_10,0.4246012071768443,0.37069691936657684
expanded,selection,forward,encoder_wrong_support,repeat,0.25,57,specimen_57,0.5511845027407011,0.1719300327189466
expanded,selection,forward,encoder_wrong_support,repeat,0.5,10,specimen_10,0.5594636599222819,0.450960673550638
expanded,selection,forward,encoder_wrong_support,repeat,0.5,57,specimen_57,0.5824092775583267,0.1976705821262383
expanded,selection,forward,encoder_wrong_support,repeat,1.0,10,specimen_10,0.5109748591979345,0.4210798399612119
expanded,selection,forward,encoder_wrong_support,repeat,1.0,57,specimen_57,0.567824604610602,0.18646516464207852
expanded,selection,forward,encoder_wrong_support,single,0.25,10,specimen_10,0.5328477025032043,0.427461958720198
expanded,selection,forward,encoder_wrong_support,single,0.25,57,specimen_57,0.45768336455027264,0.12438362820428157
expanded,selection,forward,encoder_wrong_support,single,0.5,10,specimen_10,0.5812415505448977,0.4617234060586422
expanded,selection,forward,encoder_wrong_support,single,0.5,57,specimen_57,0.5546077887217203,0.16372641497640122
expanded,selection,forward,encoder_wrong_support,single,1.0,10,specimen_10,0.5075169876217842,0.4186295906387267
expanded,selection,forward,encoder_wrong_support,single,1.0,57,specimen_57,0.6335960576931635,0.22024681849999947
expanded,selection,forward,encoder_wrong_support,speed,0.25,10,specimen_10,0.6373906408747038,0.49846213655898763
expanded,selection,forward,encoder_wrong_support,speed,0.25,57,specimen_57,0.47961316630244255,0.14309894052717534
expanded,selection,forward,encoder_wrong_support,speed,0.5,10,specimen_10,0.6232442980011305,0.4908115416792321
expanded,selection,forward,encoder_wrong_support,speed,0.5,57,specimen_57,0.6291681180397669,0.23970339438717836
expanded,selection,forward,encoder_wrong_support,speed,1.0,10,specimen_10,0.5838370248675346,0.46913047225918497
expanded,selection,forward,encoder_wrong_support,speed,1.0,57,specimen_57,0.6207628299792608,0.23367366962707534
expanded,selection,forward,fixed_features,direction,0.25,10,specimen_10,0.20649468533657486,0.21101114638269258
expanded,selection,forward,fixed_features,direction,0.25,57,specimen_57,0.19971237724757707,0.20808345625697944
expanded,selection,forward,fixed_features,direction,0.5,10,specimen_10,0.20228910380923112,0.21333095021283136
expanded,selection,forward,fixed_features,direction,0.5,57,specimen_57,0.20595675222708004,0.2003682455560655
expanded,selection,forward,fixed_features,direction,1.0,10,specimen_10,0.19953502871655612,0.20973832083923158
expanded,selection,forward,fixed_features,direction,1.0,57,specimen_57,0.20891718128214978,0.19610938199974867
expanded,selection,forward,fixed_features,load,0.25,10,specimen_10,0.20815484167762868,0.2043388824578758
expanded,selection,forward,fixed_features,load,0.25,57,specimen_57,0.19888618277918968,0.225029309561317
expanded,selection,forward,fixed_features,load,0.5,10,specimen_10,0.1965720380122705,0.21164652631654468
expanded,selection,forward,fixed_features,load,0.5,57,specimen_57,0.20033785465690992,0.22783103224405682
expanded,selection,forward,fixed_features,load,1.0,10,specimen_10,0.195728918013799,0.21191725520243976
expanded,selection,forward,fixed_features,load,1.0,57,specimen_57,0.20144173137976484,0.22817946300720063
expanded,selection,forward,fixed_features,repeat,0.25,10,specimen_10,0.2001737308703078,0.20354841540101254
expanded,selection,forward,fixed_features,repeat,0.25,57,specimen_57,0.2002714180906277,0.23110280621022672
expanded,selection,forward,fixed_features,repeat,0.5,10,specimen_10,0.19576629594982273,0.20417964707662695
expanded,selection,forward,fixed_features,repeat,0.5,57,specimen_57,0.20121374712079385,0.23349636581400537
expanded,selection,forward,fixed_features,repeat,1.0,10,specimen_10,0.19510519370067808,0.2007891232882611
expanded,selection,forward,fixed_features,repeat,1.0,57,specimen_57,0.1999612374721079,0.2273947228014214
expanded,selection,forward,fixed_features,single,0.25,10,specimen_10,0.21745128955354595,0.2013483572303889
expanded,selection,forward,fixed_features,single,0.25,57,specimen_57,0.20271678448065011,0.21890837835391536
expanded,selection,forward,fixed_features,single,0.5,10,specimen_10,0.20128071767158812,0.20546222132299796
expanded,selection,forward,fixed_features,single,0.5,57,specimen_57,0.20193054947354283,0.22193565723317202
expanded,selection,forward,fixed_features,single,1.0,10,specimen_10,0.19661294324567885,0.20414954082367934
expanded,selection,forward,fixed_features,single,1.0,57,specimen_57,0.20145513389119546,0.22048167582191797
expanded,selection,forward,fixed_features,speed,0.25,10,specimen_10,0.20304269673839045,0.20702515749227135
expanded,selection,forward,fixed_features,speed,0.25,57,specimen_57,0.2074383315091015,0.24466497081845004
expanded,selection,forward,fixed_features,speed,0.5,10,specimen_10,0.20043547872494252,0.2073250150107819
expanded,selection,forward,fixed_features,speed,0.5,57,specimen_57,0.20416740813923,0.23846684766384854
expanded,selection,forward,fixed_features,speed,1.0,10,specimen_10,0.1981803535984998,0.2085925666403617
expanded,selection,forward,fixed_features,speed,1.0,57,specimen_57,0.20258665151592736,0.23522822735271665
expanded,selection,forward,retrieval,direction,0.25,10,specimen_10,0.20072173509455024,0.16818853280434787
expanded,selection,forward,retrieval,direction,0.25,57,specimen_57,0.14457397240612502,0.07226409199003447
expanded,selection,forward,retrieval,direction,0.5,10,specimen_10,0.20072173509455024,0.16818853280434787
expanded,selection,forward,retrieval,direction,0.5,57,specimen_57,0.14457397240612502,0.07226409199003447
expanded,selection,forward,retrieval,direction,1.0,10,specimen_10,0.20072173509455024,0.16818853280434787
expanded,selection,forward,retrieval,direction,1.0,57,specimen_57,0.14457397240612502,0.07226409199003447
expanded,selection,forward,retrieval,load,0.25,10,specimen_10,0.20072173509455024,0.16818853280434787
expanded,selection,forward,retrieval,load,0.25,57,specimen_57,0.14457397240612502,0.07226409199003447
expanded,selection,forward,retrieval,load,0.5,10,specimen_10,0.20072173509455024,0.16818853280434787
expanded,selection,forward,retrieval,load,0.5,57,specimen_57,0.14457397240612502,0.07226409199003447
expanded,selection,forward,retrieval,load,1.0,10,specimen_10,0.20072173509455024,0.16818853280434787
expanded,selection,forward,retrieval,load,1.0,57,specimen_57,0.14457397240612502,0.07226409199003447
expanded,selection,forward,retrieval,repeat,0.25,10,specimen_10,0.20072173509455024,0.16818853280434787
expanded,selection,forward,retrieval,repeat,0.25,57,specimen_57,0.14457397240612502,0.07226409199003447
expanded,selection,forward,retrieval,repeat,0.5,10,specimen_10,0.20072173509455024,0.16818853280434787
expanded,selection,forward,retrieval,repeat,0.5,57,specimen_57,0.14457397240612502,0.07226409199003447
expanded,selection,forward,retrieval,repeat,1.0,10,specimen_10,0.20072173509455024,0.16818853280434787
expanded,selection,forward,retrieval,repeat,1.0,57,specimen_57,0.14457397240612502,0.07226409199003447
expanded,selection,forward,retrieval,single,0.25,10,specimen_10,0.20072173509455024,0.16818853280434787
expanded,selection,forward,retrieval,single,0.25,57,specimen_57,0.14457397240612502,0.07226409199003447
expanded,selection,forward,retrieval,single,0.5,10,specimen_10,0.20072173509455024,0.16818853280434787
expanded,selection,forward,retrieval,single,0.5,57,specimen_57,0.14457397240612502,0.07226409199003447
expanded,selection,forward,retrieval,single,1.0,10,specimen_10,0.20072173509455024,0.16818853280434787
expanded,selection,forward,retrieval,single,1.0,57,specimen_57,0.14457397240612502,0.07226409199003447
expanded,selection,forward,retrieval,speed,0.25,10,specimen_10,0.20072173509455024,0.16818853280434787
expanded,selection,forward,retrieval,speed,0.25,57,specimen_57,0.14457397240612502,0.07226409199003447
expanded,selection,forward,retrieval,speed,0.5,10,specimen_10,0.20072173509455024,0.16818853280434787
expanded,selection,forward,retrieval,speed,0.5,57,specimen_57,0.14457397240612502,0.07226409199003447
expanded,selection,forward,retrieval,speed,1.0,10,specimen_10,0.20072173509455024,0.16818853280434787
expanded,selection,forward,retrieval,speed,1.0,57,specimen_57,0.14457397240612502,0.07226409199003447
expanded,selection,forward,speed_rescaling,direction,0.25,10,specimen_10,0.4333675427903759,0.3266236122091123
expanded,selection,forward,speed_rescaling,direction,0.25,57,specimen_57,0.464675777971996,0.36306763389996644
expanded,selection,forward,speed_rescaling,direction,0.5,10,specimen_10,0.4034387447650952,0.32176223629381884
expanded,selection,forward,speed_rescaling,direction,0.5,57,specimen_57,0.4525413099590878,0.36253533119338066
expanded,selection,forward,speed_rescaling,direction,1.0,10,specimen_10,0.39029676294285853,0.3216820171717941
expanded,selection,forward,speed_rescaling,direction,1.0,57,specimen_57,0.42935023216133456,0.35784214438319917
expanded,selection,forward,speed_rescaling,load,0.25,10,specimen_10,0.4923318081379436,0.4212471311023156
expanded,selection,forward,speed_rescaling,load,0.25,57,specimen_57,0.5086066130425295,0.6555962802606898
expanded,selection,forward,speed_rescaling,load,0.5,10,specimen_10,0.46201954380440974,0.49820553324204175
expanded,selection,forward,speed_rescaling,load,0.5,57,specimen_57,0.49498577149708956,0.6665324845916999
expanded,selection,forward,speed_rescaling,load,1.0,10,specimen_10,0.44613913280685036,0.5378853648304356
expanded,selection,forward,speed_rescaling,load,1.0,57,specimen_57,0.4779441264961365,0.6744221522443398
expanded,selection,forward,speed_rescaling,repeat,0.25,10,specimen_10,0.4923318081379436,0.4212471311023156
expanded,selection,forward,speed_rescaling,repeat,0.25,57,specimen_57,0.5086066130425295,0.6555962802606898
expanded,selection,forward,speed_rescaling,repeat,0.5,10,specimen_10,0.46201954380440974,0.49820553324204175
expanded,selection,forward,speed_rescaling,repeat,0.5,57,specimen_57,0.49498577149708956,0.6665324845916999
expanded,selection,forward,speed_rescaling,repeat,1.0,10,specimen_10,0.44613913280685036,0.5378853648304356
expanded,selection,forward,speed_rescaling,repeat,1.0,57,specimen_57,0.4779441264961365,0.6744221522443398
expanded,selection,forward,speed_rescaling,single,0.25,10,specimen_10,0.4923318081379436,0.4212471311023156
expanded,selection,forward,speed_rescaling,single,0.25,57,specimen_57,0.5086066130425295,0.6555962802606898
expanded,selection,forward,speed_rescaling,single,0.5,10,specimen_10,0.46201954380440974,0.49820553324204175
expanded,selection,forward,speed_rescaling,single,0.5,57,specimen_57,0.49498577149708956,0.6665324845916999
expanded,selection,forward,speed_rescaling,single,1.0,10,specimen_10,0.44613913280685036,0.5378853648304356
expanded,selection,forward,speed_rescaling,single,1.0,57,specimen_57,0.4779441264961365,0.6744221522443398
expanded,selection,forward,speed_rescaling,speed,0.25,10,specimen_10,0.4923318081379436,0.4212471311023156
expanded,selection,forward,speed_rescaling,speed,0.25,57,specimen_57,0.5086066130425295,0.6555962802606898
expanded,selection,forward,speed_rescaling,speed,0.5,10,specimen_10,0.46201954380440974,0.49820553324204175
expanded,selection,forward,speed_rescaling,speed,0.5,57,specimen_57,0.49498577149708956,0.6665324845916999
expanded,selection,forward,speed_rescaling,speed,1.0,10,specimen_10,0.44613913280685036,0.5378853648304356
expanded,selection,forward,speed_rescaling,speed,1.0,57,specimen_57,0.4779441264961365,0.6744221522443398
expanded,selection,reverse,conditions_only,direction,0.25,10,specimen_10,0.2702870327729676,0.45049524475586955
expanded,selection,reverse,conditions_only,direction,0.25,57,specimen_57,0.3887853199546217,0.22429751791006342
expanded,selection,reverse,conditions_only,direction,0.5,10,specimen_10,0.2702870327729676,0.45049524475586955
expanded,selection,reverse,conditions_only,direction,0.5,57,specimen_57,0.3887853199546217,0.22429751791006342
expanded,selection,reverse,conditions_only,direction,1.0,10,specimen_10,0.2702870327729676,0.45049524475586955
expanded,selection,reverse,conditions_only,direction,1.0,57,specimen_57,0.3887853199546217,0.22429751791006342
expanded,selection,reverse,conditions_only,load,0.25,10,specimen_10,0.2702870327729676,0.45049524475586955
expanded,selection,reverse,conditions_only,load,0.25,57,specimen_57,0.3887853199546217,0.22429751791006342
expanded,selection,reverse,conditions_only,load,0.5,10,specimen_10,0.2702870327729676,0.45049524475586955
expanded,selection,reverse,conditions_only,load,0.5,57,specimen_57,0.3887853199546217,0.22429751791006342
expanded,selection,reverse,conditions_only,load,1.0,10,specimen_10,0.2702870327729676,0.45049524475586955
expanded,selection,reverse,conditions_only,load,1.0,57,specimen_57,0.3887853199546217,0.22429751791006342
expanded,selection,reverse,conditions_only,repeat,0.25,10,specimen_10,0.2702870327729676,0.45049524475586955
expanded,selection,reverse,conditions_only,repeat,0.25,57,specimen_57,0.3887853199546217,0.22429751791006342
expanded,selection,reverse,conditions_only,repeat,0.5,10,specimen_10,0.2702870327729676,0.45049524475586955
expanded,selection,reverse,conditions_only,repeat,0.5,57,specimen_57,0.3887853199546217,0.22429751791006342
expanded,selection,reverse,conditions_only,repeat,1.0,10,specimen_10,0.2702870327729676,0.45049524475586955
expanded,selection,reverse,conditions_only,repeat,1.0,57,specimen_57,0.3887853199546217,0.22429751791006342
expanded,selection,reverse,conditions_only,single,0.25,10,specimen_10,0.2702870327729676,0.45049524475586955
expanded,selection,reverse,conditions_only,single,0.25,57,specimen_57,0.3887853199546217,0.22429751791006342
expanded,selection,reverse,conditions_only,single,0.5,10,specimen_10,0.2702870327729676,0.45049524475586955
expanded,selection,reverse,conditions_only,single,0.5,57,specimen_57,0.3887853199546217,0.22429751791006342
expanded,selection,reverse,conditions_only,single,1.0,10,specimen_10,0.2702870327729676,0.45049524475586955
expanded,selection,reverse,conditions_only,single,1.0,57,specimen_57,0.3887853199546217,0.22429751791006342
expanded,selection,reverse,conditions_only,speed,0.25,10,specimen_10,0.2702870327729676,0.45049524475586955
expanded,selection,reverse,conditions_only,speed,0.25,57,specimen_57,0.3887853199546217,0.22429751791006342
expanded,selection,reverse,conditions_only,speed,0.5,10,specimen_10,0.2702870327729676,0.45049524475586955
expanded,selection,reverse,conditions_only,speed,0.5,57,specimen_57,0.3887853199546217,0.22429751791006342
expanded,selection,reverse,conditions_only,speed,1.0,10,specimen_10,0.2702870327729676,0.45049524475586955
expanded,selection,reverse,conditions_only,speed,1.0,57,specimen_57,0.3887853199546217,0.22429751791006342
expanded,selection,reverse,copy,direction,0.25,10,specimen_10,0.4610991465628213,0.7088523705340612
expanded,selection,reverse,copy,direction,0.25,57,specimen_57,0.5964765364868905,0.7498516326074842
expanded,selection,reverse,copy,direction,0.5,10,specimen_10,0.4437101222211089,0.6551741492921561
expanded,selection,reverse,copy,direction,0.5,57,specimen_57,0.603424947944655,0.7453919754201053
expanded,selection,reverse,copy,direction,1.0,10,specimen_10,0.43571908188572805,0.6235821900078515
expanded,selection,reverse,copy,direction,1.0,57,specimen_57,0.5919753219802147,0.7346652978151078
expanded,selection,reverse,copy,load,0.25,10,specimen_10,0.4483117269950033,0.5111472216573583
expanded,selection,reverse,copy,load,0.25,57,specimen_57,0.4998006386513914,0.6676302703579063
expanded,selection,reverse,copy,load,0.5,10,specimen_10,0.4213358642200533,0.5527643498797037
expanded,selection,reverse,copy,load,0.5,57,specimen_57,0.4959125614192703,0.6774039980849278
expanded,selection,reverse,copy,load,1.0,10,specimen_10,0.4019358180124445,0.5954038143711395
expanded,selection,reverse,copy,load,1.0,57,specimen_57,0.49510582621639776,0.6822068288216196
expanded,selection,reverse,copy,repeat,0.25,10,specimen_10,0.4312241352510814,0.5435357015680462
expanded,selection,reverse,copy,repeat,0.25,57,specimen_57,0.49663097317627797,0.6647234069073147
expanded,selection,reverse,copy,repeat,0.5,10,specimen_10,0.4127201125235048,0.5862926550656392
expanded,selection,reverse,copy,repeat,0.5,57,specimen_57,0.4973750151326317,0.6758446527640627
expanded,selection,reverse,copy,repeat,1.0,10,specimen_10,0.4044915676648404,0.6218155647783701
expanded,selection,reverse,copy,repeat,1.0,57,specimen_57,0.49242860392720467,0.6830147318156441
expanded,selection,reverse,copy,single,0.25,10,specimen_10,0.4500236669289317,0.539428374433175
expanded,selection,reverse,copy,single,0.25,57,specimen_57,0.5160122210535618,0.6584547519756909
expanded,selection,reverse,copy,single,0.5,10,specimen_10,0.42862321397999226,0.5620978459043566
expanded,selection,reverse,copy,single,0.5,57,specimen_57,0.5034846489642812,0.6721528711223901
expanded,selection,reverse,copy,single,1.0,10,specimen_10,0.4109317276973692,0.6001837985189631
expanded,selection,reverse,copy,single,1.0,57,specimen_57,0.4949621512352985,0.6803916928100563
expanded,selection,reverse,copy,speed,0.25,10,specimen_10,0.41425692099323175,0.6201182427437248
expanded,selection,reverse,copy,speed,0.25,57,specimen_57,0.49842417403676353,0.6850293453391021
expanded,selection,reverse,copy,speed,0.5,10,specimen_10,0.40623535599383953,0.6381787995084385
expanded,selection,reverse,copy,speed,0.5,57,specimen_57,0.4943029542169056,0.6949364908478745
expanded,selection,reverse,copy,speed,1.0,10,specimen_10,0.4078750627328716,0.6655684271895741
expanded,selection,reverse,copy,speed,1.0,57,specimen_57,0.49890375779360063,0.7003618810665545
expanded,selection,reverse,encoder,direction,0.25,10,specimen_10,0.22437700008352598,0.17334640213804867
expanded,selection,reverse,encoder,direction,0.25,57,specimen_57,0.3606588530043761,0.1634506792950735
expanded,selection,reverse,encoder,direction,0.5,10,specimen_10,0.21963969493905702,0.17162164122641388
expanded,selection,reverse,encoder,direction,0.5,57,specimen_57,0.2455587120105823,0.17610829438813816
expanded,selection,reverse,encoder,direction,1.0,10,specimen_10,0.20651991541186968,0.2189856616738258
expanded,selection,reverse,encoder,direction,1.0,57,specimen_57,0.23449045171340308,0.18162364435969772
expanded,selection,reverse,encoder,load,0.25,10,specimen_10,0.21237055584788322,0.15120332996431915
expanded,selection,reverse,encoder,load,0.25,57,specimen_57,0.2309125984708468,0.1733177652365466
expanded,selection,reverse,encoder,load,0.5,10,specimen_10,0.22377370918790498,0.14767179983605577
expanded,selection,reverse,encoder,load,0.5,57,specimen_57,0.2109542873998483,0.18944126313092827
expanded,selection,reverse,encoder,load,1.0,10,specimen_10,0.23475786298513412,0.14729600404097035
expanded,selection,reverse,encoder,load,1.0,57,specimen_57,0.2018295613427957,0.19798969977114056
expanded,selection,reverse,encoder,repeat,0.25,10,specimen_10,0.20262278988957405,0.1657166041307706
expanded,selection,reverse,encoder,repeat,0.25,57,specimen_57,0.22607585974037647,0.176289338380314
expanded,selection,reverse,encoder,repeat,0.5,10,specimen_10,0.21022573734323183,0.14822571699092077
expanded,selection,reverse,encoder,repeat,0.5,57,specimen_57,0.190934918820858,0.2381732434912194
expanded,selection,reverse,encoder,repeat,1.0,10,specimen_10,0.20720012237628302,0.15414431389035854
expanded,selection,reverse,encoder,repeat,1.0,57,specimen_57,0.1930516598125299,0.21468889062821783
expanded,selection,reverse,encoder,single,0.25,10,specimen_10,0.31523341064651805,0.16904700150427088
expanded,selection,reverse,encoder,single,0.25,57,specimen_57,0.41563545043269795,0.16475550084301357
expanded,selection,reverse,encoder,single,0.5,10,specimen_10,0.27549263338247937,0.15244497856643968
expanded,selection,reverse,encoder,single,0.5,57,specimen_57,0.2244464953740438,0.18319579750792414
expanded,selection,reverse,encoder,single,1.0,10,specimen_10,0.22019008174538612,0.14120659890322684
expanded,selection,reverse,encoder,single,1.0,57,specimen_57,0.23897377525766691,0.16785531637676346
expanded,selection,reverse,encoder,speed,0.25,10,specimen_10,0.1957894042134285,0.19010093848328036
expanded,selection,reverse,encoder,speed,0.25,57,specimen_57,0.40439628685514134,0.17562347517947133
expanded,selection,reverse,encoder,speed,0.5,10,specimen_10,0.20274673402309418,0.2135722629992305
expanded,selection,reverse,encoder,speed,0.5,57,specimen_57,0.30692335590720177,0.1616268746556523
expanded,selection,reverse,encoder,speed,1.0,10,specimen_10,0.20992383112510046,0.2246614921317345
expanded,selection,reverse,encoder,speed,1.0,57,specimen_57,0.2531321619947751,0.1553750639944577
expanded,selection,reverse,encoder_wrong_support,direction,0.25,10,specimen_10,0.30116816237568855,0.3147692529996062
expanded,selection,reverse,encoder_wrong_support,direction,0.25,57,specimen_57,0.5956283832589785,0.1959325737632411
expanded,selection,reverse,encoder_wrong_support,direction,0.5,10,specimen_10,0.3948892106612523,0.425219082849238
expanded,selection,reverse,encoder_wrong_support,direction,0.5,57,specimen_57,0.5891058047612509,0.19506909431223904
expanded,selection,reverse,encoder_wrong_support,direction,1.0,10,specimen_10,0.4104641104737918,0.4328025749401454
expanded,selection,reverse,encoder_wrong_support,direction,1.0,57,specimen_57,0.5100300771494707,0.15458089505292819
expanded,selection,reverse,encoder_wrong_support,load,0.25,10,specimen_10,0.4167181799809138,0.42354299657209465
expanded,selection,reverse,encoder_wrong_support,load,0.25,57,specimen_57,0.6048145790894827,0.23457823057416213
expanded,selection,reverse,encoder_wrong_support,load,0.5,10,specimen_10,0.4517979795734088,0.44616935789785156
expanded,selection,reverse,encoder_wrong_support,load,0.5,57,specimen_57,0.6338482225934664,0.2530662952401614
expanded,selection,reverse,encoder_wrong_support,load,1.0,10,specimen_10,0.47565655410289764,0.45775595436932087
expanded,selection,reverse,encoder_wrong_support,load,1.0,57,specimen_57,0.6543862695495287,0.26332586856226853
expanded,selection,reverse,encoder_wrong_support,repeat,0.25,10,specimen_10,0.4220239768425624,0.428679398097318
expanded,selection,reverse,encoder_wrong_support,repeat,0.25,57,specimen_57,0.5583294257521629,0.1946868967948999
expanded,selection,reverse,encoder_wrong_support,repeat,0.5,10,specimen_10,0.5643110896150271,0.5089431522813791
expanded,selection,reverse,encoder_wrong_support,repeat,0.5,57,specimen_57,0.5896193658312162,0.2204274462021916
expanded,selection,reverse,encoder_wrong_support,repeat,1.0,10,specimen_10,0.5125307341416677,0.479062318691953
expanded,selection,reverse,encoder_wrong_support,repeat,1.0,57,specimen_57,0.5748235732316971,0.20922202871803178
expanded,selection,reverse,encoder_wrong_support,single,0.25,10,specimen_10,0.2778923486669858,0.29073647307480793
expanded,selection,reverse,encoder_wrong_support,single,0.25,57,specimen_57,0.7748467649022738,0.3505364926964763
expanded,selection,reverse,encoder_wrong_support,single,0.5,10,specimen_10,0.42407787094513577,0.43340965279447635
expanded,selection,reverse,encoder_wrong_support,single,0.5,57,specimen_57,0.7248046149810156,0.312921217732026
expanded,selection,reverse,encoder_wrong_support,single,1.0,10,specimen_10,0.4037739833196004,0.4139638216005044
expanded,selection,reverse,encoder_wrong_support,single,1.0,57,specimen_57,0.6113834505279859,0.21354254001396403
expanded,selection,reverse,encoder_wrong_support,speed,0.25,10,specimen_10,0.2849080450832844,0.28826479677288575
expanded,selection,reverse,encoder_wrong_support,speed,0.25,57,specimen_57,0.510917936762174,0.18026426457852507
expanded,selection,reverse,encoder_wrong_support,speed,0.5,10,specimen_10,0.33324368422230083,0.3575387345605976
expanded,selection,reverse,encoder_wrong_support,speed,0.5,57,specimen_57,0.4735405817627907,0.16339687705162145
expanded,selection,reverse,encoder_wrong_support,speed,1.0,10,specimen_10,0.3837890053788821,0.4015910624433141
expanded,selection,reverse,encoder_wrong_support,speed,1.0,57,specimen_57,0.4560720721880595,0.15329910572658914
expanded,selection,reverse,fixed_features,direction,0.25,10,specimen_10,0.19289833980659732,0.1622200541655196
expanded,selection,reverse,fixed_features,direction,0.25,57,specimen_57,0.23028384017822373,0.17951053276454967
expanded,selection,reverse,fixed_features,direction,0.5,10,specimen_10,0.18871564163794374,0.16183902357121382
expanded,selection,reverse,fixed_features,direction,0.5,57,specimen_57,0.243977306782325,0.18668928937421042
expanded,selection,reverse,fixed_features,direction,1.0,10,specimen_10,0.19111304020606065,0.15660278476189576
expanded,selection,reverse,fixed_features,direction,1.0,57,specimen_57,0.23607949685653187,0.18525752496542647
expanded,selection,reverse,fixed_features,load,0.25,10,specimen_10,0.1859284012166934,0.16524727072370607
expanded,selection,reverse,fixed_features,load,0.25,57,specimen_57,0.2053753594887541,0.21521032467517226
expanded,selection,reverse,fixed_features,load,0.5,10,specimen_10,0.18396796464988946,0.1618116922196688
expanded,selection,reverse,fixed_features,load,0.5,57,specimen_57,0.20597344496956743,0.23535999586836587
expanded,selection,reverse,fixed_features,load,1.0,10,specimen_10,0.18732714924412208,0.15525742131694992
expanded,selection,reverse,fixed_features,load,1.0,57,specimen_57,0.2032086218745475,0.22356531130873944
expanded,selection,reverse,fixed_features,repeat,0.25,10,specimen_10,0.18743340827361565,0.14780004272562686
expanded,selection,reverse,fixed_features,repeat,0.25,57,specimen_57,0.2018090094931549,0.22324246191272185
expanded,selection,reverse,fixed_features,repeat,0.5,10,specimen_10,0.18633912847541162,0.14843127440124124
expanded,selection,reverse,fixed_features,repeat,0.5,57,specimen_57,0.20308605881696157,0.2256360215165005
expanded,selection,reverse,fixed_features,repeat,1.0,10,specimen_10,0.18947682705088575,0.16459892415585203
expanded,selection,reverse,fixed_features,repeat,1.0,57,specimen_57,0.20267247311250125,0.21953437850391652
expanded,selection,reverse,fixed_features,single,0.25,10,specimen_10,0.18535091149781696,0.15562541130053717
expanded,selection,reverse,fixed_features,single,0.25,57,specimen_57,0.21438705354411586,0.21865488082331153
expanded,selection,reverse,fixed_features,single,0.5,10,specimen_10,0.18427661757107774,0.15290674024522266
expanded,selection,reverse,fixed_features,single,0.5,57,specimen_57,0.2097237981983684,0.2137280249541742
expanded,selection,reverse,fixed_features,single,1.0,10,specimen_10,0.18818677379101068,0.1471161578830822
expanded,selection,reverse,fixed_features,single,1.0,57,specimen_57,0.20759509647988506,0.21388310741588182
expanded,selection,reverse,fixed_features,speed,0.25,10,specimen_10,0.19526903015082728,0.19589360269460393
expanded,selection,reverse,fixed_features,speed,0.25,57,specimen_57,0.20720906378509021,0.22464248959396657
expanded,selection,reverse,fixed_features,speed,0.5,10,specimen_10,0.19040858657069612,0.15921712986981576
expanded,selection,reverse,fixed_features,speed,0.5,57,specimen_57,0.20930795566071206,0.23195677115266042
expanded,selection,reverse,fixed_features,speed,1.0,10,specimen_10,0.1888093171809402,0.16103977133416808
expanded,selection,reverse,fixed_features,speed,1.0,57,specimen_57,0.20899586009275764,0.22951735247611058
expanded,selection,reverse,retrieval,direction,0.25,10,specimen_10,0.18927622219570628,0.22617101153508898
expanded,selection,reverse,retrieval,direction,0.25,57,specimen_57,0.13127920781864835,0.05580403554515378
expanded,selection,reverse,retrieval,direction,0.5,10,specimen_10,0.18927622219570628,0.22617101153508898
expanded,selection,reverse,retrieval,direction,0.5,57,specimen_57,0.13127920781864835,0.05580403554515378
expanded,selection,reverse,retrieval,direction,1.0,10,specimen_10,0.18927622219570628,0.22617101153508898
expanded,selection,reverse,retrieval,direction,1.0,57,specimen_57,0.13127920781864835,0.05580403554515378
expanded,selection,reverse,retrieval,load,0.25,10,specimen_10,0.6107263818517606,2.692766005793814
expanded,selection,reverse,retrieval,load,0.25,57,specimen_57,0.13127920781864835,0.05580403554515378
expanded,selection,reverse,retrieval,load,0.5,10,specimen_10,0.18927622219570628,0.22617101153508898
expanded,selection,reverse,retrieval,load,0.5,57,specimen_57,0.13127920781864835,0.05580403554515378
expanded,selection,reverse,retrieval,load,1.0,10,specimen_10,0.18927622219570628,0.22617101153508898
expanded,selection,reverse,retrieval,load,1.0,57,specimen_57,0.13127920781864835,0.05580403554515378
expanded,selection,reverse,retrieval,repeat,0.25,10,specimen_10,0.18927622219570628,0.22617101153508898
expanded,selection,reverse,retrieval,repeat,0.25,57,specimen_57,0.13127920781864835,0.05580403554515378
expanded,selection,reverse,retrieval,repeat,0.5,10,specimen_10,0.18927622219570628,0.22617101153508898
expanded,selection,reverse,retrieval,repeat,0.5,57,specimen_57,0.13127920781864835,0.05580403554515378
expanded,selection,reverse,retrieval,repeat,1.0,10,specimen_10,0.18927622219570628,0.22617101153508898
expanded,selection,reverse,retrieval,repeat,1.0,57,specimen_57,0.13127920781864835,0.05580403554515378
expanded,selection,reverse,retrieval,single,0.25,10,specimen_10,0.18927622219570628,0.22617101153508898
expanded,selection,reverse,retrieval,single,0.25,57,specimen_57,0.13127920781864835,0.05580403554515378
expanded,selection,reverse,retrieval,single,0.5,10,specimen_10,0.18927622219570628,0.22617101153508898
expanded,selection,reverse,retrieval,single,0.5,57,specimen_57,0.13127920781864835,0.05580403554515378
expanded,selection,reverse,retrieval,single,1.0,10,specimen_10,0.18927622219570628,0.22617101153508898
expanded,selection,reverse,retrieval,single,1.0,57,specimen_57,0.13127920781864835,0.05580403554515378
expanded,selection,reverse,retrieval,speed,0.25,10,specimen_10,0.18927622219570628,0.22617101153508898
expanded,selection,reverse,retrieval,speed,0.25,57,specimen_57,0.13127920781864835,0.05580403554515378
expanded,selection,reverse,retrieval,speed,0.5,10,specimen_10,0.18927622219570628,0.22617101153508898
expanded,selection,reverse,retrieval,speed,0.5,57,specimen_57,0.13127920781864835,0.05580403554515378
expanded,selection,reverse,retrieval,speed,1.0,10,specimen_10,0.18927622219570628,0.22617101153508898
expanded,selection,reverse,retrieval,speed,1.0,57,specimen_57,0.13127920781864835,0.05580403554515378
expanded,selection,reverse,speed_rescaling,direction,0.25,10,specimen_10,0.4565058764605737,0.24224323758855096
expanded,selection,reverse,speed_rescaling,direction,0.25,57,specimen_57,0.4629854076474149,0.38389700725077874
expanded,selection,reverse,speed_rescaling,direction,0.5,10,specimen_10,0.42482245958825227,0.21290978586945764
expanded,selection,reverse,speed_rescaling,direction,0.5,57,specimen_57,0.44741312036969394,0.3891417196729362
expanded,selection,reverse,speed_rescaling,direction,1.0,10,specimen_10,0.4123045085139645,0.21551379375170732
expanded,selection,reverse,speed_rescaling,direction,1.0,57,specimen_57,0.42628061491044344,0.3857128617606794
expanded,selection,reverse,speed_rescaling,load,0.25,10,specimen_10,0.4988948117077209,0.46968517174457225
expanded,selection,reverse,speed_rescaling,load,0.25,57,specimen_57,0.49913244811524704,0.6328492912975525
expanded,selection,reverse,speed_rescaling,load,0.5,10,specimen_10,0.4819207329145764,0.4967604379989806
expanded,selection,reverse,speed_rescaling,load,0.5,57,specimen_57,0.48443388401162424,0.6498730456810858
expanded,selection,reverse,speed_rescaling,load,1.0,10,specimen_10,0.4707201821672947,0.5422699960831833
expanded,selection,reverse,speed_rescaling,load,1.0,57,specimen_57,0.46802282608816914,0.6601868863614684
expanded,selection,reverse,speed_rescaling,repeat,0.25,10,specimen_10,0.5052459282462645,0.47767072746026484
expanded,selection,reverse,speed_rescaling,repeat,0.25,57,specimen_57,0.5113901692316842,0.6477359359631849
expanded,selection,reverse,speed_rescaling,repeat,0.5,10,specimen_10,0.48046159146641154,0.554629129599991
expanded,selection,reverse,speed_rescaling,repeat,0.5,57,specimen_57,0.4992768731869035,0.6586721402941951
expanded,selection,reverse,speed_rescaling,repeat,1.0,10,specimen_10,0.47048949771812515,0.5943089611883848
expanded,selection,reverse,speed_rescaling,repeat,1.0,57,specimen_57,0.4834615607180231,0.6665618079468348
expanded,selection,reverse,speed_rescaling,single,0.25,10,specimen_10,0.4988948117077209,0.46968517174457225
expanded,selection,reverse,speed_rescaling,single,0.25,57,specimen_57,0.49913244811524704,0.6328492912975525
expanded,selection,reverse,speed_rescaling,single,0.5,10,specimen_10,0.4819207329145764,0.4967604379989806
expanded,selection,reverse,speed_rescaling,single,0.5,57,specimen_57,0.48443388401162424,0.6498730456810858
expanded,selection,reverse,speed_rescaling,single,1.0,10,specimen_10,0.4707201821672947,0.5422699960831833
expanded,selection,reverse,speed_rescaling,single,1.0,57,specimen_57,0.46802282608816914,0.6601868863614684
expanded,selection,reverse,speed_rescaling,speed,0.25,10,specimen_10,0.4988948117077209,0.46968517174457225
expanded,selection,reverse,speed_rescaling,speed,0.25,57,specimen_57,0.49913244811524704,0.6328492912975525
expanded,selection,reverse,speed_rescaling,speed,0.5,10,specimen_10,0.4819207329145764,0.4967604379989806
expanded,selection,reverse,speed_rescaling,speed,0.5,57,specimen_57,0.48443388401162424,0.6498730456810858
expanded,selection,reverse,speed_rescaling,speed,1.0,10,specimen_10,0.4707201821672947,0.5422699960831833
expanded,selection,reverse,speed_rescaling,speed,1.0,57,specimen_57,0.46802282608816914,0.6601868863614684
omitted,selection,forward,conditions_only,direction,0.25,10,specimen_10,0.26060709545499156,0.5054171478704026
omitted,selection,forward,conditions_only,direction,0.25,57,specimen_57,0.349738916571666,0.4034470392839644
omitted,selection,forward,conditions_only,direction,0.5,10,specimen_10,0.26060709545499156,0.5054171478704026
omitted,selection,forward,conditions_only,direction,0.5,57,specimen_57,0.349738916571666,0.4034470392839644
omitted,selection,forward,conditions_only,direction,1.0,10,specimen_10,0.26060709545499156,0.5054171478704026
omitted,selection,forward,conditions_only,direction,1.0,57,specimen_57,0.349738916571666,0.4034470392839644
omitted,selection,forward,conditions_only,load,0.25,10,specimen_10,0.26060709545499156,0.5054171478704026
omitted,selection,forward,conditions_only,load,0.25,57,specimen_57,0.349738916571666,0.4034470392839644
omitted,selection,forward,conditions_only,load,0.5,10,specimen_10,0.26060709545499156,0.5054171478704026
omitted,selection,forward,conditions_only,load,0.5,57,specimen_57,0.349738916571666,0.4034470392839644
omitted,selection,forward,conditions_only,load,1.0,10,specimen_10,0.26060709545499156,0.5054171478704026
omitted,selection,forward,conditions_only,load,1.0,57,specimen_57,0.349738916571666,0.4034470392839644
omitted,selection,forward,conditions_only,repeat,0.25,10,specimen_10,0.26060709545499156,0.5054171478704026
omitted,selection,forward,conditions_only,repeat,0.25,57,specimen_57,0.349738916571666,0.4034470392839644
omitted,selection,forward,conditions_only,repeat,0.5,10,specimen_10,0.26060709545499156,0.5054171478704026
omitted,selection,forward,conditions_only,repeat,0.5,57,specimen_57,0.349738916571666,0.4034470392839644
omitted,selection,forward,conditions_only,repeat,1.0,10,specimen_10,0.26060709545499156,0.5054171478704026
omitted,selection,forward,conditions_only,repeat,1.0,57,specimen_57,0.349738916571666,0.4034470392839644
omitted,selection,forward,conditions_only,single,0.25,10,specimen_10,0.26060709545499156,0.5054171478704026
omitted,selection,forward,conditions_only,single,0.25,57,specimen_57,0.349738916571666,0.4034470392839644
omitted,selection,forward,conditions_only,single,0.5,10,specimen_10,0.26060709545499156,0.5054171478704026
omitted,selection,forward,conditions_only,single,0.5,57,specimen_57,0.349738916571666,0.4034470392839644
omitted,selection,forward,conditions_only,single,1.0,10,specimen_10,0.26060709545499156,0.5054171478704026
omitted,selection,forward,conditions_only,single,1.0,57,specimen_57,0.349738916571666,0.4034470392839644
omitted,selection,forward,conditions_only,speed,0.25,10,specimen_10,0.26060709545499156,0.5054171478704026
omitted,selection,forward,conditions_only,speed,0.25,57,specimen_57,0.349738916571666,0.4034470392839644
omitted,selection,forward,conditions_only,speed,0.5,10,specimen_10,0.26060709545499156,0.5054171478704026
omitted,selection,forward,conditions_only,speed,0.5,57,specimen_57,0.349738916571666,0.4034470392839644
omitted,selection,forward,conditions_only,speed,1.0,10,specimen_10,0.26060709545499156,0.5054171478704026
omitted,selection,forward,conditions_only,speed,1.0,57,specimen_57,0.349738916571666,0.4034470392839644
omitted,selection,forward,copy,direction,0.25,10,specimen_10,0.45512205553357205,0.5625038652693127
omitted,selection,forward,copy,direction,0.25,57,specimen_57,0.43699555090493963,0.5801324959683686
omitted,selection,forward,copy,direction,0.5,10,specimen_10,0.4333127078628866,0.5625038652693127
omitted,selection,forward,copy,direction,0.5,57,specimen_57,0.4301916868069727,0.5801324959683686
omitted,selection,forward,copy,direction,1.0,10,specimen_10,0.4264236277211093,0.5625038652693127
omitted,selection,forward,copy,direction,1.0,57,specimen_57,0.42608475904735954,0.5801324959683686
omitted,selection,forward,copy,load,0.25,10,specimen_10,0.6358285318546842,0.6598601335286097
omitted,selection,forward,copy,load,0.25,57,specimen_57,0.669307220224444,0.9739390762174714
omitted,selection,forward,copy,load,0.5,10,specimen_10,0.616389740211585,0.7052105734718124
omitted,selection,forward,copy,load,0.5,57,specimen_57,0.6737769136705102,0.9970868781024848
omitted,selection,forward,copy,load,1.0,10,specimen_10,0.6026136249685071,0.7474082510412764
omitted,selection,forward,copy,load,1.0,57,specimen_57,0.678817763434874,1.0155824775197007
omitted,selection,forward,copy,repeat,0.25,10,specimen_10,0.6600507513477798,0.6626138496393765
omitted,selection,forward,copy,repeat,0.25,57,specimen_57,0.6671770294761297,0.9712486487003974
omitted,selection,forward,copy,repeat,0.5,10,specimen_10,0.6484878441906025,0.7081303192800448
omitted,selection,forward,copy,repeat,0.5,57,specimen_57,0.6843411852708362,0.9934911404138932
omitted,selection,forward,copy,repeat,1.0,10,specimen_10,0.6373196762522694,0.7563059330573783
omitted,selection,forward,copy,repeat,1.0,57,specimen_57,0.6792131558283004,1.007831298517056
omitted,selection,forward,copy,single,0.25,10,specimen_10,0.6575502311651457,0.6653795146382117
omitted,selection,forward,copy,single,0.25,57,specimen_57,0.7132623038444051,0.9843020129627894
omitted,selection,forward,copy,single,0.5,10,specimen_10,0.6444070478404447,0.7426452821995166
omitted,selection,forward,copy,single,0.5,57,specimen_57,0.7127614323934552,1.0010642207287141
omitted,selection,forward,copy,single,1.0,10,specimen_10,0.633246985408278,0.8025572266096659
omitted,selection,forward,copy,single,1.0,57,specimen_57,0.6976823880952634,1.0131772706754447
omitted,selection,forward,copy,speed,0.25,10,specimen_10,0.6017744875128765,0.7503028321974421
omitted,selection,forward,copy,speed,0.25,57,specimen_57,0.7228306734312092,1.030532427605946
omitted,selection,forward,copy,speed,0.5,10,specimen_10,0.6032535711697687,0.8407759955911223
omitted,selection,forward,copy,speed,0.5,57,specimen_57,0.7247972019990193,1.0441836912772458
omitted,selection,forward,copy,speed,1.0,10,specimen_10,0.6095351755041579,0.8932904920100427
omitted,selection,forward,copy,speed,1.0,57,specimen_57,0.7210558387122052,1.0556363430251021
omitted,selection,forward,encoder,direction,0.25,10,specimen_10,0.22185700303978392,0.27828744926354354
omitted,selection,forward,encoder,direction,0.25,57,specimen_57,0.22608238458633423,0.3905258369639942
omitted,selection,forward,encoder,direction,0.5,10,specimen_10,0.22460036973158518,0.2531891958004903
omitted,selection,forward,encoder,direction,0.5,57,specimen_57,0.21962195138136545,0.4183455411611641
omitted,selection,forward,encoder,direction,1.0,10,specimen_10,0.22676143050193787,0.24682432178456812
omitted,selection,forward,encoder,direction,1.0,57,specimen_57,0.21926165372133255,0.4132419853092326
omitted,selection,forward,encoder,load,0.25,10,specimen_10,0.23937278323703345,0.2562074089405692
omitted,selection,forward,encoder,load,0.25,57,specimen_57,0.22461776187022528,0.4422285729292997
omitted,selection,forward,encoder,load,0.5,10,specimen_10,0.2499982863664627,0.25297441216853017
omitted,selection,forward,encoder,load,0.5,57,specimen_57,0.22463012238343558,0.45130564783872756
omitted,selection,forward,encoder,load,1.0,10,specimen_10,0.2678743137253656,0.2535797060703053
omitted,selection,forward,encoder,load,1.0,57,specimen_57,0.22274010794030297,0.44186055763304916
omitted,selection,forward,encoder,repeat,0.25,10,specimen_10,0.2337140970759922,0.24674268767502186
omitted,selection,forward,encoder,repeat,0.25,57,specimen_57,0.22707250134812462,0.3947937562255437
omitted,selection,forward,encoder,repeat,0.5,10,specimen_10,0.25277654578288394,0.2490184773293603
omitted,selection,forward,encoder,repeat,0.5,57,specimen_57,0.23348089969820443,0.47068671606583606
omitted,selection,forward,encoder,repeat,1.0,10,specimen_10,0.24511261863840952,0.2473066641778011
omitted,selection,forward,encoder,repeat,1.0,57,specimen_57,0.22371971607208252,0.4476944240884719
omitted,selection,forward,encoder,single,0.25,10,specimen_10,0.22693727165460587,0.2582867220546592
omitted,selection,forward,encoder,single,0.25,57,specimen_57,0.22760099669297537,0.4196043793218773
omitted,selection,forward,encoder,single,0.5,10,specimen_10,0.24402496218681335,0.24820035255850012
omitted,selection,forward,encoder,single,0.5,57,specimen_57,0.2379845529794693,0.4630269782259813
omitted,selection,forward,encoder,single,1.0,10,specimen_10,0.27919281688001424,0.24845731998282183
omitted,selection,forward,encoder,single,1.0,57,specimen_57,0.22460257013638815,0.419768575627095
omitted,selection,forward,encoder,speed,0.25,10,specimen_10,0.22503760622607338,0.2750195881280323
omitted,selection,forward,encoder,speed,0.25,57,specimen_57,0.25741730878750485,0.4895162153176397
omitted,selection,forward,encoder,speed,0.5,10,specimen_10,0.26038439489073223,0.23657960259310848
omitted,selection,forward,encoder,speed,0.5,57,specimen_57,0.25303838815954,0.49192656414688923
omitted,selection,forward,encoder,speed,1.0,10,specimen_10,0.25512271953953636,0.23661858404129174
omitted,selection,forward,encoder,speed,1.0,57,specimen_57,0.2403573352429602,0.4768215127501343
omitted,selection,forward,encoder_wrong_support,direction,0.25,10,specimen_10,0.35221920079655117,0.5294237357092677
omitted,selection,forward,encoder_wrong_support,direction,0.25,57,specimen_57,0.38457468565967345,0.23954717836713404
omitted,selection,forward,encoder_wrong_support,direction,0.5,10,specimen_10,0.3894948860009511,0.5572434399064377
omitted,selection,forward,encoder_wrong_support,direction,0.5,57,specimen_57,0.4201894087923898,0.24561462230639228
omitted,selection,forward,encoder_wrong_support,direction,1.0,10,specimen_10,0.3802724629640579,0.5521398840545061
omitted,selection,forward,encoder_wrong_support,direction,1.0,57,specimen_57,0.43431617981857723,0.24267459312401293
omitted,selection,forward,encoder_wrong_support,load,0.25,10,specimen_10,0.4185166309277217,0.5811264716745732
omitted,selection,forward,encoder_wrong_support,load,0.25,57,specimen_57,0.4371728913651572,0.2674362233052092
omitted,selection,forward,encoder_wrong_support,load,0.5,10,specimen_10,0.41401486098766327,0.590203546584001
omitted,selection,forward,encoder_wrong_support,load,0.5,57,specimen_57,0.46888427105214864,0.2737223030839427
omitted,selection,forward,encoder_wrong_support,load,1.0,10,specimen_10,0.40749967594941455,0.5807584563783226
omitted,selection,forward,encoder_wrong_support,load,1.0,57,specimen_57,0.5056481576628156,0.285966249991348
omitted,selection,forward,encoder_wrong_support,repeat,0.25,10,specimen_10,0.35962668640746004,0.5336916549708172
omitted,selection,forward,encoder_wrong_support,repeat,0.25,57,specimen_57,0.4453103293975194,0.24048426222896402
omitted,selection,forward,encoder_wrong_support,repeat,0.5,10,specimen_10,0.4446137464708752,0.6095846148111096
omitted,selection,forward,encoder_wrong_support,repeat,0.5,57,specimen_57,0.48057375517156387,0.2758160001089835
omitted,selection,forward,encoder_wrong_support,repeat,1.0,10,specimen_10,0.4129592693514294,0.5865923228337454
omitted,selection,forward,encoder_wrong_support,repeat,1.0,57,specimen_57,0.46778830389181775,0.2707084545930383
omitted,selection,forward,encoder_wrong_support,single,0.25,10,specimen_10,0.4053174878160159,0.5585022780671507
omitted,selection,forward,encoder_wrong_support,single,0.25,57,specimen_57,0.3938123236099879,0.2321790747303867
omitted,selection,forward,encoder_wrong_support,single,0.5,10,specimen_10,0.4509742607673009,0.6019248769712549
omitted,selection,forward,encoder_wrong_support,single,0.5,57,specimen_57,0.455723375082016,0.2616508816975381
omitted,selection,forward,encoder_wrong_support,single,1.0,10,specimen_10,0.3970288650857077,0.5586664743723685
omitted,selection,forward,encoder_wrong_support,single,1.0,57,specimen_57,0.5231240772538716,0.2882478418715981
omitted,selection,forward,encoder_wrong_support,speed,0.25,10,specimen_10,0.48494897948371046,0.6284141140629131
omitted,selection,forward,encoder_wrong_support,speed,0.25,57,specimen_57,0.39761658923493487,0.2020121324341014
omitted,selection,forward,encoder_wrong_support,speed,0.5,10,specimen_10,0.4813930971754921,0.6308244628921628
omitted,selection,forward,encoder_wrong_support,speed,0.5,57,specimen_57,0.4933529843886693,0.24829168361861398
omitted,selection,forward,encoder_wrong_support,speed,1.0,10,specimen_10,0.45974050131109023,0.6157194114954078
omitted,selection,forward,encoder_wrong_support,speed,1.0,57,specimen_57,0.48497044212288326,0.23974450706050607
omitted,selection,forward,fixed_features,direction,0.25,10,specimen_10,0.22040306409977803,0.24920812535640735
omitted,selection,forward,fixed_features,direction,0.25,57,specimen_57,0.25949088480658483,0.4382263138313876
omitted,selection,forward,fixed_features,direction,0.5,10,specimen_10,0.21962124716378376,0.2613597585688429
omitted,selection,forward,fixed_features,direction,0.5,57,specimen_57,0.26000252700870224,0.4092879516556495
omitted,selection,forward,fixed_features,direction,1.0,10,specimen_10,0.2200672087614474,0.2591647133549491
omitted,selection,forward,fixed_features,direction,1.0,57,specimen_57,0.26013611618695603,0.4064316211552163
omitted,selection,forward,fixed_features,load,0.25,10,specimen_10,0.22149620535578,0.25598441702318775
omitted,selection,forward,fixed_features,load,0.25,57,specimen_57,0.26153401754541244,0.43957904224488925
omitted,selection,forward,fixed_features,load,0.5,10,specimen_10,0.2170910800361251,0.3065920297990021
omitted,selection,forward,fixed_features,load,0.5,57,specimen_57,0.26172795486823597,0.4351144634480965
omitted,selection,forward,fixed_features,load,1.0,10,specimen_10,0.2163378338717518,0.3165502329262972
omitted,selection,forward,fixed_features,load,1.0,57,specimen_57,0.26027749695897034,0.4294819555242811
omitted,selection,forward,fixed_features,repeat,0.25,10,specimen_10,0.21633488503992773,0.27854960910663973
omitted,selection,forward,fixed_features,repeat,0.25,57,specimen_57,0.26683020655549156,0.4690783322417096
omitted,selection,forward,fixed_features,repeat,0.5,10,specimen_10,0.2168998103072052,0.3063763655235752
omitted,selection,forward,fixed_features,repeat,0.5,57,specimen_57,0.2629784700678607,0.451585876888598
omitted,selection,forward,fixed_features,repeat,1.0,10,specimen_10,0.21741214285178082,0.29501863988762805
omitted,selection,forward,fixed_features,repeat,1.0,57,specimen_57,0.2597295803070151,0.435131524357727
omitted,selection,forward,fixed_features,single,0.25,10,specimen_10,0.2315457007781678,0.2314391176900096
omitted,selection,forward,fixed_features,single,0.25,57,specimen_57,0.26429159794874274,0.429494477740718
omitted,selection,forward,fixed_features,single,0.5,10,specimen_10,0.22352298389630054,0.2696192005459695
omitted,selection,forward,fixed_features,single,0.5,57,specimen_57,0.26212845162352033,0.4191358136839965
omitted,selection,forward,fixed_features,single,1.0,10,specimen_10,0.21921453793567988,0.2929535463175926
omitted,selection,forward,fixed_features,single,1.0,57,specimen_57,0.2605017234165555,0.4224667320658884
omitted,selection,forward,fixed_features,speed,0.25,10,specimen_10,0.2244835669422024,0.29530887785421256
omitted,selection,forward,fixed_features,speed,0.25,57,specimen_57,0.26725925943828815,0.41092744713442547
omitted,selection,forward,fixed_features,speed,0.5,10,specimen_10,0.21976781892650687,0.31565217754230307
omitted,selection,forward,fixed_features,speed,0.5,57,specimen_57,0.2639542176374208,0.4176024551927619
omitted,selection,forward,fixed_features,speed,1.0,10,specimen_10,0.2173758507624586,0.32003117271389153
omitted,selection,forward,fixed_features,speed,1.0,57,specimen_57,0.2621208509840563,0.42282802956700705
omitted,selection,forward,retrieval,direction,0.25,10,specimen_10,0.1623455208697634,0.10390461637985798
omitted,selection,forward,retrieval,direction,0.25,57,specimen_57,0.15025598405045734,0.0860891436643411
omitted,selection,forward,retrieval,direction,0.5,10,specimen_10,0.1623455208697634,0.10390461637985798
omitted,selection,forward,retrieval,direction,0.5,57,specimen_57,0.15025598405045734,0.0860891436643411
omitted,selection,forward,retrieval,direction,1.0,10,specimen_10,0.1623455208697634,0.10390461637985798
omitted,selection,forward,retrieval,direction,1.0,57,specimen_57,0.15025598405045734,0.0860891436643411
omitted,selection,forward,retrieval,load,0.25,10,specimen_10,0.1623455208697634,0.10390461637985798
omitted,selection,forward,retrieval,load,0.25,57,specimen_57,0.15025598405045734,0.0860891436643411
omitted,selection,forward,retrieval,load,0.5,10,specimen_10,0.1623455208697634,0.10390461637985798
omitted,selection,forward,retrieval,load,0.5,57,specimen_57,0.15025598405045734,0.0860891436643411
omitted,selection,forward,retrieval,load,1.0,10,specimen_10,0.1623455208697634,0.10390461637985798
omitted,selection,forward,retrieval,load,1.0,57,specimen_57,0.15025598405045734,0.0860891436643411
omitted,selection,forward,retrieval,repeat,0.25,10,specimen_10,0.1623455208697634,0.10390461637985798
omitted,selection,forward,retrieval,repeat,0.25,57,specimen_57,0.15025598405045734,0.0860891436643411
omitted,selection,forward,retrieval,repeat,0.5,10,specimen_10,0.1623455208697634,0.10390461637985798
omitted,selection,forward,retrieval,repeat,0.5,57,specimen_57,0.15025598405045734,0.0860891436643411
omitted,selection,forward,retrieval,repeat,1.0,10,specimen_10,0.1623455208697634,0.10390461637985798
omitted,selection,forward,retrieval,repeat,1.0,57,specimen_57,0.15025598405045734,0.0860891436643411
omitted,selection,forward,retrieval,single,0.25,10,specimen_10,0.1623455208697634,0.10390461637985798
omitted,selection,forward,retrieval,single,0.25,57,specimen_57,0.15025598405045734,0.0860891436643411
omitted,selection,forward,retrieval,single,0.5,10,specimen_10,0.1623455208697634,0.10390461637985798
omitted,selection,forward,retrieval,single,0.5,57,specimen_57,0.15025598405045734,0.0860891436643411
omitted,selection,forward,retrieval,single,1.0,10,specimen_10,0.1623455208697634,0.10390461637985798
omitted,selection,forward,retrieval,single,1.0,57,specimen_57,0.15025598405045734,0.0860891436643411
omitted,selection,forward,retrieval,speed,0.25,10,specimen_10,0.1623455208697634,0.10390461637985798
omitted,selection,forward,retrieval,speed,0.25,57,specimen_57,0.15025598405045734,0.0860891436643411
omitted,selection,forward,retrieval,speed,0.5,10,specimen_10,0.1623455208697634,0.10390461637985798
omitted,selection,forward,retrieval,speed,0.5,57,specimen_57,0.15025598405045734,0.0860891436643411
omitted,selection,forward,retrieval,speed,1.0,10,specimen_10,0.1623455208697634,0.10390461637985798
omitted,selection,forward,retrieval,speed,1.0,57,specimen_57,0.15025598405045734,0.0860891436643411
omitted,selection,forward,speed_rescaling,direction,0.25,10,specimen_10,0.5352031882446148,0.7194476530343067
omitted,selection,forward,speed_rescaling,direction,0.25,57,specimen_57,0.5524488576484664,0.7956394439906233
omitted,selection,forward,speed_rescaling,direction,0.5,10,specimen_10,0.50704111048024,0.662286128046815
omitted,selection,forward,speed_rescaling,direction,0.5,57,specimen_57,0.5433353118841492,0.7938328807594153
omitted,selection,forward,speed_rescaling,direction,1.0,10,specimen_10,0.4926679693687266,0.6358657108361951
omitted,selection,forward,speed_rescaling,direction,1.0,57,specimen_57,0.5268884842973568,0.7842226967801773
omitted,selection,forward,speed_rescaling,load,0.25,10,specimen_10,0.6582142235029959,0.5782053618654335
omitted,selection,forward,speed_rescaling,load,0.25,57,specimen_57,0.6577503988847312,0.9384204871647069
omitted,selection,forward,speed_rescaling,load,0.5,10,specimen_10,0.6369552565617237,0.6448676729236302
omitted,selection,forward,speed_rescaling,load,0.5,57,specimen_57,0.6504575199705548,0.9558265438172026
omitted,selection,forward,speed_rescaling,load,1.0,10,specimen_10,0.6227916554701887,0.6985898192683675
omitted,selection,forward,speed_rescaling,load,1.0,57,specimen_57,0.6396704140261218,0.9684736596634945
omitted,selection,forward,speed_rescaling,repeat,0.25,10,specimen_10,0.6582142235029959,0.5782053618654335
omitted,selection,forward,speed_rescaling,repeat,0.25,57,specimen_57,0.6577503988847312,0.9384204871647069
omitted,selection,forward,speed_rescaling,repeat,0.5,10,specimen_10,0.6369552565617237,0.6448676729236302
omitted,selection,forward,speed_rescaling,repeat,0.5,57,specimen_57,0.6504575199705548,0.9558265438172026
omitted,selection,forward,speed_rescaling,repeat,1.0,10,specimen_10,0.6227916554701887,0.6985898192683675
omitted,selection,forward,speed_rescaling,repeat,1.0,57,specimen_57,0.6396704140261218,0.9684736596634945
omitted,selection,forward,speed_rescaling,single,0.25,10,specimen_10,0.6582142235029959,0.5782053618654335
omitted,selection,forward,speed_rescaling,single,0.25,57,specimen_57,0.6577503988847312,0.9384204871647069
omitted,selection,forward,speed_rescaling,single,0.5,10,specimen_10,0.6369552565617237,0.6448676729236302
omitted,selection,forward,speed_rescaling,single,0.5,57,specimen_57,0.6504575199705548,0.9558265438172026
omitted,selection,forward,speed_rescaling,single,1.0,10,specimen_10,0.6227916554701887,0.6985898192683675
omitted,selection,forward,speed_rescaling,single,1.0,57,specimen_57,0.6396704140261218,0.9684736596634945
omitted,selection,forward,speed_rescaling,speed,0.25,10,specimen_10,0.6433268620081806,0.5649591480803128
omitted,selection,forward,speed_rescaling,speed,0.25,57,specimen_57,0.6685347207771408,0.9643377213959035
omitted,selection,forward,speed_rescaling,speed,0.5,10,specimen_10,0.6251993372951311,0.6863726865328328
omitted,selection,forward,speed_rescaling,speed,0.5,57,specimen_57,0.6633549257313242,0.9820983321225322
omitted,selection,forward,speed_rescaling,speed,1.0,10,specimen_10,0.6142762199657982,0.7542754811963516
omitted,selection,forward,speed_rescaling,speed,1.0,57,specimen_57,0.6505753139895433,0.996584796842703
omitted,selection,reverse,conditions_only,direction,0.25,10,specimen_10,0.2671284163511068,0.5472458182278871
omitted,selection,reverse,conditions_only,direction,0.25,57,specimen_57,0.35387689234672043,0.3818680772443373
omitted,selection,reverse,conditions_only,direction,0.5,10,specimen_10,0.2671284163511068,0.5472458182278871
omitted,selection,reverse,conditions_only,direction,0.5,57,specimen_57,0.35387689234672043,0.3818680772443373
omitted,selection,reverse,conditions_only,direction,1.0,10,specimen_10,0.2671284163511068,0.5472458182278871
omitted,selection,reverse,conditions_only,direction,1.0,57,specimen_57,0.35387689234672043,0.3818680772443373
omitted,selection,reverse,conditions_only,load,0.25,10,specimen_10,0.2671284163511068,0.5472458182278871
omitted,selection,reverse,conditions_only,load,0.25,57,specimen_57,0.35387689234672043,0.3818680772443373
omitted,selection,reverse,conditions_only,load,0.5,10,specimen_10,0.2671284163511068,0.5472458182278871
omitted,selection,reverse,conditions_only,load,0.5,57,specimen_57,0.35387689234672043,0.3818680772443373
omitted,selection,reverse,conditions_only,load,1.0,10,specimen_10,0.2671284163511068,0.5472458182278871
omitted,selection,reverse,conditions_only,load,1.0,57,specimen_57,0.35387689234672043,0.3818680772443373
omitted,selection,reverse,conditions_only,repeat,0.25,10,specimen_10,0.2671284163511068,0.5472458182278871
omitted,selection,reverse,conditions_only,repeat,0.25,57,specimen_57,0.35387689234672043,0.3818680772443373
omitted,selection,reverse,conditions_only,repeat,0.5,10,specimen_10,0.2671284163511068,0.5472458182278871
omitted,selection,reverse,conditions_only,repeat,0.5,57,specimen_57,0.35387689234672043,0.3818680772443373
omitted,selection,reverse,conditions_only,repeat,1.0,10,specimen_10,0.2671284163511068,0.5472458182278871
omitted,selection,reverse,conditions_only,repeat,1.0,57,specimen_57,0.35387689234672043,0.3818680772443373
omitted,selection,reverse,conditions_only,single,0.25,10,specimen_10,0.2671284163511068,0.5472458182278871
omitted,selection,reverse,conditions_only,single,0.25,57,specimen_57,0.35387689234672043,0.3818680772443373
omitted,selection,reverse,conditions_only,single,0.5,10,specimen_10,0.2671284163511068,0.5472458182278871
omitted,selection,reverse,conditions_only,single,0.5,57,specimen_57,0.35387689234672043,0.3818680772443373
omitted,selection,reverse,conditions_only,single,1.0,10,specimen_10,0.2671284163511068,0.5472458182278871
omitted,selection,reverse,conditions_only,single,1.0,57,specimen_57,0.35387689234672043,0.3818680772443373
omitted,selection,reverse,conditions_only,speed,0.25,10,specimen_10,0.2671284163511068,0.5472458182278871
omitted,selection,reverse,conditions_only,speed,0.25,57,specimen_57,0.35387689234672043,0.3818680772443373
omitted,selection,reverse,conditions_only,speed,0.5,10,specimen_10,0.2671284163511068,0.5472458182278871
omitted,selection,reverse,conditions_only,speed,0.5,57,specimen_57,0.35387689234672043,0.3818680772443373
omitted,selection,reverse,conditions_only,speed,1.0,10,specimen_10,0.2671284163511068,0.5472458182278871
omitted,selection,reverse,conditions_only,speed,1.0,57,specimen_57,0.35387689234672043,0.3818680772443373
omitted,selection,reverse,copy,direction,0.25,10,specimen_10,0.46915877237895476,0.6205987919407704
omitted,selection,reverse,copy,direction,0.25,57,specimen_57,0.44217640018935783,0.5617667071725266
omitted,selection,reverse,copy,direction,0.5,10,specimen_10,0.4605604163593868,0.6205987919407704
omitted,selection,reverse,copy,direction,0.5,57,specimen_57,0.4410789776086559,0.5617667071725266
omitted,selection,reverse,copy,direction,1.0,10,specimen_10,0.4503236977552733,0.6205987919407704
omitted,selection,reverse,copy,direction,1.0,57,specimen_57,0.4331175852488907,0.5617667071725266
omitted,selection,reverse,copy,load,0.25,10,specimen_10,0.6537593413007982,0.6976514952087204
omitted,selection,reverse,copy,load,0.25,57,specimen_57,0.6700908198480392,0.954059716073005
omitted,selection,reverse,copy,load,0.5,10,specimen_10,0.6340602644331925,0.7253962473569505
omitted,selection,reverse,copy,load,0.5,57,specimen_57,0.6725508279341333,0.973607171527048
omitted,selection,reverse,copy,load,1.0,10,specimen_10,0.6209782022223517,0.7646417075559094
omitted,selection,reverse,copy,load,1.0,57,specimen_57,0.6733255195487774,0.9832128330004317
omitted,selection,reverse,copy,repeat,0.25,10,specimen_10,0.6664866924578275,0.7192438151491789
omitted,selection,reverse,copy,repeat,0.25,57,specimen_57,0.6670696088312055,0.9482459891718218
omitted,selection,reverse,copy,repeat,0.5,10,specimen_10,0.6547267201546413,0.7524934951485758
omitted,selection,reverse,copy,repeat,0.5,57,specimen_57,0.6831535154488818,0.9704884808853175
omitted,selection,reverse,copy,repeat,1.0,10,specimen_10,0.6455107086807618,0.7998573747655503
omitted,selection,reverse,copy,repeat,1.0,57,specimen_57,0.6758048739777287,0.9848286389884805
omitted,selection,reverse,copy,single,0.25,10,specimen_10,0.678259683961727,0.7165055970592649
omitted,selection,reverse,copy,single,0.25,57,specimen_57,0.6787001319434779,0.9357086793085742
omitted,selection,reverse,copy,single,0.5,10,specimen_10,0.6683485478608341,0.7316185780400525
omitted,selection,reverse,copy,single,0.5,57,specimen_57,0.6819002799317274,0.9631049176019726
omitted,selection,reverse,copy,single,1.0,10,specimen_10,0.6552030815500055,0.7710150197530075
omitted,selection,reverse,copy,single,1.0,57,specimen_57,0.6695927277341377,0.9795825609773048
omitted,selection,reverse,copy,speed,0.25,10,specimen_10,0.6364888924137422,0.7975942787193565
omitted,selection,reverse,copy,speed,0.25,57,specimen_57,0.6703876363331548,0.9888578660353963
omitted,selection,reverse,copy,speed,0.5,10,specimen_10,0.6371958927566808,0.8308610728749994
omitted,selection,reverse,copy,speed,0.5,57,specimen_57,0.6763049037352796,1.008672157052941
omitted,selection,reverse,copy,speed,1.0,10,specimen_10,0.6344049917874228,0.8830374752051501
omitted,selection,reverse,copy,speed,1.0,57,specimen_57,0.679588958666936,1.0195229374903012
omitted,selection,reverse,encoder,direction,0.25,10,specimen_10,0.25682583534055287,0.2346093821573616
omitted,selection,reverse,encoder,direction,0.25,57,specimen_57,0.3174006740252177,0.26481877392353764
omitted,selection,reverse,encoder,direction,0.5,10,specimen_10,0.25312561127874583,0.2494213354464808
omitted,selection,reverse,encoder,direction,0.5,57,specimen_57,0.23728866295682058,0.35160141058755423
omitted,selection,reverse,encoder,direction,1.0,10,specimen_10,0.2187946844432089,0.2653455957752359
omitted,selection,reverse,encoder,direction,1.0,57,specimen_57,0.23101200411717096,0.3602398028534517
omitted,selection,reverse,encoder,load,0.25,10,specimen_10,0.24734376702043745,0.2331392881882742
omitted,selection,reverse,encoder,load,0.25,57,specimen_57,0.230976353916857,0.3625212258184136
omitted,selection,reverse,encoder,load,0.5,10,specimen_10,0.276214562356472,0.2509324112301978
omitted,selection,reverse,encoder,load,0.5,57,specimen_57,0.22204268889294732,0.3875306243143846
omitted,selection,reverse,encoder,load,1.0,10,specimen_10,0.28434427744812435,0.27821446111954096
omitted,selection,reverse,encoder,load,1.0,57,specimen_57,0.22004911965794036,0.4002554787586758
omitted,selection,reverse,encoder,repeat,0.25,10,specimen_10,0.22816161314646402,0.25492833945471044
omitted,selection,reverse,encoder,repeat,0.25,57,specimen_57,0.22595123532745573,0.37179109669696814
omitted,selection,reverse,encoder,repeat,0.5,10,specimen_10,0.24890181173880896,0.2469235715169957
omitted,selection,reverse,encoder,repeat,0.5,57,specimen_57,0.22789608438809714,0.44768405653726046
omitted,selection,reverse,encoder,repeat,1.0,10,specimen_10,0.24185791363318762,0.2513659970215711
omitted,selection,reverse,encoder,repeat,1.0,57,specimen_57,0.219789020717144,0.42469176455989627
omitted,selection,reverse,encoder,single,0.25,10,specimen_10,0.3236992326047685,0.22430257963496525
omitted,selection,reverse,encoder,single,0.25,57,specimen_57,0.3355439752340317,0.24882776321521338
omitted,selection,reverse,encoder,single,0.5,10,specimen_10,0.32689696467585033,0.27065424929743237
omitted,selection,reverse,encoder,single,0.5,57,specimen_57,0.23831887046496072,0.34611949901678085
omitted,selection,reverse,encoder,single,1.0,10,specimen_10,0.25920505159431034,0.2607633589741813
omitted,selection,reverse,encoder,single,1.0,57,specimen_57,0.24232275618447197,0.343818434615849
omitted,selection,reverse,encoder,speed,0.25,10,specimen_10,0.21233828945292368,0.2772369467069536
omitted,selection,reverse,encoder,speed,0.25,57,specimen_57,0.33294592301050824,0.2524663086825325
omitted,selection,reverse,encoder,speed,0.5,10,specimen_10,0.20830449875858095,0.2927562847778873
omitted,selection,reverse,encoder,speed,0.5,57,specimen_57,0.27876824388901394,0.2977848743881046
omitted,selection,reverse,encoder,speed,1.0,10,specimen_10,0.20919296311007607,0.3113139787357894
omitted,selection,reverse,encoder,speed,1.0,57,specimen_57,0.24510546442535186,0.3336184579122703
omitted,selection,reverse,encoder_wrong_support,direction,0.25,10,specimen_10,0.25059378229909474,0.45813366352184115
omitted,selection,reverse,encoder_wrong_support,direction,0.25,57,specimen_57,0.5060473332802454,0.27251553533234757
omitted,selection,reverse,encoder_wrong_support,direction,0.5,10,specimen_10,0.31274136404196423,0.5553306392188877
omitted,selection,reverse,encoder_wrong_support,direction,0.5,57,specimen_57,0.49832523531383943,0.2825026552972723
omitted,selection,reverse,encoder_wrong_support,direction,1.0,10,specimen_10,0.32395374443795943,0.5639690314847852
omitted,selection,reverse,encoder_wrong_support,direction,1.0,57,specimen_57,0.43210599819819134,0.2439314693589177
omitted,selection,reverse,encoder_wrong_support,load,0.25,10,specimen_10,0.33094856308566195,0.5662504544497472
omitted,selection,reverse,encoder_wrong_support,load,0.25,57,specimen_57,0.48757516675525236,0.2765992137143201
omitted,selection,reverse,encoder_wrong_support,load,0.5,10,specimen_10,0.3547756464944946,0.5912598529457181
omitted,selection,reverse,encoder_wrong_support,load,0.5,57,specimen_57,0.5304759128226174,0.3118734864537642
omitted,selection,reverse,encoder_wrong_support,load,1.0,10,specimen_10,0.36740356104241473,0.6039847073900093
omitted,selection,reverse,encoder_wrong_support,load,1.0,57,specimen_57,0.5411355892817179,0.33159218726978595
omitted,selection,reverse,encoder_wrong_support,repeat,0.25,10,specimen_10,0.3442448758416705,0.5755203253283017
omitted,selection,reverse,encoder_wrong_support,repeat,0.25,57,specimen_57,0.45384125742647385,0.24377164788610473
omitted,selection,reverse,encoder_wrong_support,repeat,0.5,10,specimen_10,0.43513108458783895,0.651413285168594
omitted,selection,reverse,encoder_wrong_support,repeat,0.5,57,specimen_57,0.48896572159396273,0.281744159014788
omitted,selection,reverse,encoder_wrong_support,repeat,1.0,10,specimen_10,0.40154449476136095,0.6284209931912298
omitted,selection,reverse,encoder_wrong_support,repeat,1.0,57,specimen_57,0.47672624720467466,0.27629715860656134
omitted,selection,reverse,encoder_wrong_support,single,0.25,10,specimen_10,0.25243420236640507,0.4399706553474047
omitted,selection,reverse,encoder_wrong_support,single,0.25,57,specimen_57,0.5965354028675292,0.31257499734205024
omitted,selection,reverse,encoder_wrong_support,single,0.5,10,specimen_10,0.32259627679983777,0.5498487276481144
omitted,selection,reverse,encoder_wrong_support,single,0.5,57,specimen_57,0.5994423743751315,0.35152146248094845
omitted,selection,reverse,encoder_wrong_support,single,1.0,10,specimen_10,0.3177470498614841,0.5475476632471825
omitted,selection,reverse,encoder_wrong_support,single,1.0,57,specimen_57,0.5019638935724894,0.29453634092131903
omitted,selection,reverse,encoder_wrong_support,speed,0.25,10,specimen_10,0.2510283241669337,0.44186424850316214
omitted,selection,reverse,encoder_wrong_support,speed,0.25,57,specimen_57,0.4064120302597682,0.22744121266157724
omitted,selection,reverse,encoder_wrong_support,speed,0.5,10,specimen_10,0.276975332862801,0.49802876793044043
omitted,selection,reverse,encoder_wrong_support,speed,0.5,57,specimen_57,0.3928819215959973,0.22502847983191399
omitted,selection,reverse,encoder_wrong_support,speed,1.0,10,specimen_10,0.3084436282515526,0.5373476865436039
omitted,selection,reverse,encoder_wrong_support,speed,1.0,57,specimen_57,0.3757234687606494,0.22139947121799186
omitted,selection,reverse,fixed_features,direction,0.25,10,specimen_10,0.21748174951289725,0.3631967640933061
omitted,selection,reverse,fixed_features,direction,0.25,57,specimen_57,0.27850168780529144,0.37339379790266314
omitted,selection,reverse,fixed_features,direction,0.5,10,specimen_10,0.21762496169216708,0.28407566097634024
omitted,selection,reverse,fixed_features,direction,0.5,57,specimen_57,0.2903899371969268,0.3463544310960354
omitted,selection,reverse,fixed_features,direction,1.0,10,specimen_10,0.22077555947862712,0.271906525397694
omitted,selection,reverse,fixed_features,direction,1.0,57,specimen_57,0.2808422402170028,0.3545535570718263
omitted,selection,reverse,fixed_features,load,0.25,10,specimen_10,0.21495015671868087,0.3033545086299993
omitted,selection,reverse,fixed_features,load,0.25,57,specimen_57,0.25838592389781084,0.43386274230269023
omitted,selection,reverse,fixed_features,load,0.5,10,specimen_10,0.21368323324442126,0.34049769790975554
omitted,selection,reverse,fixed_features,load,0.5,57,specimen_57,0.25837005167475846,0.42159942097205655
omitted,selection,reverse,fixed_features,load,1.0,10,specimen_10,0.21467141815906635,0.32460125045318705
omitted,selection,reverse,fixed_features,load,1.0,57,specimen_57,0.2584655961452142,0.4089723550976034
omitted,selection,reverse,fixed_features,repeat,0.25,10,specimen_10,0.21356280938072772,0.32037827946412417
omitted,selection,reverse,fixed_features,repeat,0.25,57,specimen_57,0.26217555496682987,0.44607567271313403
omitted,selection,reverse,fixed_features,repeat,0.5,10,specimen_10,0.21479493511249073,0.3482050358810597
omitted,selection,reverse,fixed_features,repeat,0.5,57,specimen_57,0.25930267735310797,0.4285832173600224
omitted,selection,reverse,fixed_features,repeat,1.0,10,specimen_10,0.21529305541967825,0.33684731024511255
omitted,selection,reverse,fixed_features,repeat,1.0,57,specimen_57,0.2582679953463617,0.4121288648291514
omitted,selection,reverse,fixed_features,single,0.25,10,specimen_10,0.21424184582839254,0.3598573121632149
omitted,selection,reverse,fixed_features,single,0.25,57,specimen_57,0.2587242212997125,0.42977046348151865
omitted,selection,reverse,fixed_features,single,0.5,10,specimen_10,0.2134692988691628,0.3267854282916457
omitted,selection,reverse,fixed_features,single,0.5,57,specimen_57,0.26130438575987663,0.40447938392836685
omitted,selection,reverse,fixed_features,single,1.0,10,specimen_10,0.21603809530810067,0.3115371355210795
omitted,selection,reverse,fixed_features,single,1.0,57,specimen_57,0.2604663701843,0.39950012234007065
omitted,selection,reverse,fixed_features,speed,0.25,10,specimen_10,0.21922928658988705,0.4023594837144521
omitted,selection,reverse,fixed_features,speed,0.25,57,specimen_57,0.2578164484587609,0.42229448048518997
omitted,selection,reverse,fixed_features,speed,0.5,10,specimen_10,0.21355049292990747,0.3417065614769457
omitted,selection,reverse,fixed_features,speed,0.5,57,specimen_57,0.26085928406066183,0.41108063860126626
omitted,selection,reverse,fixed_features,speed,1.0,10,specimen_10,0.2148064711704535,0.34134040519822656
omitted,selection,reverse,fixed_features,speed,1.0,57,specimen_57,0.26087845909837126,0.4071641839498151
omitted,selection,reverse,retrieval,direction,0.25,10,specimen_10,0.1534646251409193,0.14573328673734245
omitted,selection,reverse,retrieval,direction,0.25,57,specimen_57,0.14122600816535114,0.07083451956729558
omitted,selection,reverse,retrieval,direction,0.5,10,specimen_10,0.1534646251409193,0.14573328673734245
omitted,selection,reverse,retrieval,direction,0.5,57,specimen_57,0.14122600816535114,0.07083451956729558
omitted,selection,reverse,retrieval,direction,1.0,10,specimen_10,0.1534646251409193,0.14573328673734245
omitted,selection,reverse,retrieval,direction,1.0,57,specimen_57,0.14122600816535114,0.07083451956729558
omitted,selection,reverse,retrieval,load,0.25,10,specimen_10,0.7273642569278556,3.3652249618432655
omitted,selection,reverse,retrieval,load,0.25,57,specimen_57,0.14122600816535114,0.07083451956729558
omitted,selection,reverse,retrieval,load,0.5,10,specimen_10,0.1534646251409193,0.14573328673734245
omitted,selection,reverse,retrieval,load,0.5,57,specimen_57,0.14122600816535114,0.07083451956729558
omitted,selection,reverse,retrieval,load,1.0,10,specimen_10,0.1534646251409193,0.14573328673734245
omitted,selection,reverse,retrieval,load,1.0,57,specimen_57,0.14122600816535114,0.07083451956729558
omitted,selection,reverse,retrieval,repeat,0.25,10,specimen_10,0.1534646251409193,0.14573328673734245
omitted,selection,reverse,retrieval,repeat,0.25,57,specimen_57,0.14122600816535114,0.07083451956729558
omitted,selection,reverse,retrieval,repeat,0.5,10,specimen_10,0.1534646251409193,0.14573328673734245
omitted,selection,reverse,retrieval,repeat,0.5,57,specimen_57,0.14122600816535114,0.07083451956729558
omitted,selection,reverse,retrieval,repeat,1.0,10,specimen_10,0.1534646251409193,0.14573328673734245
omitted,selection,reverse,retrieval,repeat,1.0,57,specimen_57,0.14122600816535114,0.07083451956729558
omitted,selection,reverse,retrieval,single,0.25,10,specimen_10,0.1534646251409193,0.14573328673734245
omitted,selection,reverse,retrieval,single,0.25,57,specimen_57,0.14122600816535114,0.07083451956729558
omitted,selection,reverse,retrieval,single,0.5,10,specimen_10,0.1534646251409193,0.14573328673734245
omitted,selection,reverse,retrieval,single,0.5,57,specimen_57,0.14122600816535114,0.07083451956729558
omitted,selection,reverse,retrieval,single,1.0,10,specimen_10,0.1534646251409193,0.14573328673734245
omitted,selection,reverse,retrieval,single,1.0,57,specimen_57,0.14122600816535114,0.07083451956729558
omitted,selection,reverse,retrieval,speed,0.25,10,specimen_10,0.1534646251409193,0.14573328673734245
omitted,selection,reverse,retrieval,speed,0.25,57,specimen_57,0.14122600816535114,0.07083451956729558
omitted,selection,reverse,retrieval,speed,0.5,10,specimen_10,0.1534646251409193,0.14573328673734245
omitted,selection,reverse,retrieval,speed,0.5,57,specimen_57,0.14122600816535114,0.07083451956729558
omitted,selection,reverse,retrieval,speed,1.0,10,specimen_10,0.1534646251409193,0.14573328673734245
omitted,selection,reverse,retrieval,speed,1.0,57,specimen_57,0.14122600816535114,0.07083451956729558
omitted,selection,reverse,speed_rescaling,direction,0.25,10,specimen_10,0.5286712153245807,0.6316805885184119
omitted,selection,reverse,speed_rescaling,direction,0.25,57,specimen_57,0.5349228214999994,0.7877335700001099
omitted,selection,reverse,speed_rescaling,direction,0.5,10,specimen_10,0.5101940449042693,0.556797315769599
omitted,selection,reverse,speed_rescaling,direction,0.5,57,specimen_57,0.5381080712700266,0.796386265453565
omitted,selection,reverse,speed_rescaling,direction,1.0,10,specimen_10,0.4969327699541421,0.5321985335081382
omitted,selection,reverse,speed_rescaling,direction,1.0,57,specimen_57,0.526212558546113,0.7892304642858848
omitted,selection,reverse,speed_rescaling,load,0.25,10,specimen_10,0.6643755101587745,0.6262974884468365
omitted,selection,reverse,speed_rescaling,load,0.25,57,specimen_57,0.626357200304716,0.885814220672979
omitted,selection,reverse,speed_rescaling,load,0.5,10,specimen_10,0.6611633874451055,0.6512631392233428
omitted,selection,reverse,speed_rescaling,load,0.5,57,specimen_57,0.6298685750757794,0.9138659767736622
omitted,selection,reverse,speed_rescaling,load,1.0,10,specimen_10,0.6467337877234072,0.6851644874652738
omitted,selection,reverse,speed_rescaling,load,1.0,57,specimen_57,0.6272737678647687,0.9319134685147509
omitted,selection,reverse,speed_rescaling,repeat,0.25,10,specimen_10,0.6712062111486278,0.6348353273752358
omitted,selection,reverse,speed_rescaling,repeat,0.25,57,specimen_57,0.653924275970101,0.9154178276361312
omitted,selection,reverse,speed_rescaling,repeat,0.5,10,specimen_10,0.651579628247344,0.6948997895863168
omitted,selection,reverse,speed_rescaling,repeat,0.5,57,specimen_57,0.6517822637128101,0.9328238842886268
omitted,selection,reverse,speed_rescaling,repeat,1.0,10,specimen_10,0.6362164009153922,0.7429529951368985
omitted,selection,reverse,speed_rescaling,repeat,1.0,57,specimen_57,0.6429014621735968,0.945471000134919
omitted,selection,reverse,speed_rescaling,single,0.25,10,specimen_10,0.6643755101587745,0.6262974884468365
omitted,selection,reverse,speed_rescaling,single,0.25,57,specimen_57,0.626357200304716,0.885814220672979
omitted,selection,reverse,speed_rescaling,single,0.5,10,specimen_10,0.6611633874451055,0.6512631392233428
omitted,selection,reverse,speed_rescaling,single,0.5,57,specimen_57,0.6298685750757794,0.9138659767736622
omitted,selection,reverse,speed_rescaling,single,1.0,10,specimen_10,0.6467337877234072,0.6851644874652738
omitted,selection,reverse,speed_rescaling,single,1.0,57,specimen_57,0.6272737678647687,0.9319134685147509
omitted,selection,reverse,speed_rescaling,speed,0.25,10,specimen_10,0.6575251931865124,0.6105837066881269
omitted,selection,reverse,speed_rescaling,speed,0.25,57,specimen_57,0.627746285050952,0.9167882033462013
omitted,selection,reverse,speed_rescaling,speed,0.5,10,specimen_10,0.6591361901828062,0.6564162222319896
omitted,selection,reverse,speed_rescaling,speed,0.5,57,specimen_57,0.6297642064599089,0.9428148195203128
omitted,selection,reverse,speed_rescaling,speed,1.0,10,specimen_10,0.6455750977555333,0.7249277206105864
omitted,selection,reverse,speed_rescaling,speed,1.0,57,specimen_57,0.6282764243138549,0.9577183116878474
omitted,transfer,forward,conditions_only,direction,0.25,10,specimen_10,0.29391268170989937,0.813426471165695
omitted,transfer,forward,conditions_only,direction,0.25,57,specimen_57,0.41394191230857796,0.9733760686036851
omitted,transfer,forward,conditions_only,direction,0.5,10,specimen_10,0.29391268170989937,0.813426471165695
omitted,transfer,forward,conditions_only,direction,0.5,57,specimen_57,0.41394191230857796,0.9733760686036851
omitted,transfer,forward,conditions_only,direction,1.0,10,specimen_10,0.29391268170989937,0.813426471165695
omitted,transfer,forward,conditions_only,direction,1.0,57,specimen_57,0.41394191230857796,0.9733760686036851
omitted,transfer,forward,conditions_only,load,0.25,10,specimen_10,0.29391268170989937,0.813426471165695
omitted,transfer,forward,conditions_only,load,0.25,57,specimen_57,0.41394191230857796,0.9733760686036851
omitted,transfer,forward,conditions_only,load,0.5,10,specimen_10,0.29391268170989937,0.813426471165695
omitted,transfer,forward,conditions_only,load,0.5,57,specimen_57,0.41394191230857796,0.9733760686036851
omitted,transfer,forward,conditions_only,load,1.0,10,specimen_10,0.29391268170989937,0.813426471165695
omitted,transfer,forward,conditions_only,load,1.0,57,specimen_57,0.41394191230857796,0.9733760686036851
omitted,transfer,forward,conditions_only,repeat,0.25,10,specimen_10,0.29391268170989937,0.813426471165695
omitted,transfer,forward,conditions_only,repeat,0.25,57,specimen_57,0.41394191230857796,0.9733760686036851
omitted,transfer,forward,conditions_only,repeat,0.5,10,specimen_10,0.29391268170989937,0.813426471165695
omitted,transfer,forward,conditions_only,repeat,0.5,57,specimen_57,0.41394191230857796,0.9733760686036851
omitted,transfer,forward,conditions_only,repeat,1.0,10,specimen_10,0.29391268170989937,0.813426471165695
omitted,transfer,forward,conditions_only,repeat,1.0,57,specimen_57,0.41394191230857796,0.9733760686036851
omitted,transfer,forward,conditions_only,single,0.25,10,specimen_10,0.29391268170989937,0.813426471165695
omitted,transfer,forward,conditions_only,single,0.25,57,specimen_57,0.41394191230857796,0.9733760686036851
omitted,transfer,forward,conditions_only,single,0.5,10,specimen_10,0.29391268170989937,0.813426471165695
omitted,transfer,forward,conditions_only,single,0.5,57,specimen_57,0.41394191230857796,0.9733760686036851
omitted,transfer,forward,conditions_only,single,1.0,10,specimen_10,0.29391268170989937,0.813426471165695
omitted,transfer,forward,conditions_only,single,1.0,57,specimen_57,0.41394191230857796,0.9733760686036851
omitted,transfer,forward,conditions_only,speed,0.25,10,specimen_10,0.29391268170989937,0.813426471165695
omitted,transfer,forward,conditions_only,speed,0.25,57,specimen_57,0.41394191230857796,0.9733760686036851
omitted,transfer,forward,conditions_only,speed,0.5,10,specimen_10,0.29391268170989937,0.813426471165695
omitted,transfer,forward,conditions_only,speed,0.5,57,specimen_57,0.41394191230857796,0.9733760686036851
omitted,transfer,forward,conditions_only,speed,1.0,10,specimen_10,0.29391268170989937,0.813426471165695
omitted,transfer,forward,conditions_only,speed,1.0,57,specimen_57,0.41394191230857796,0.9733760686036851
omitted,transfer,forward,copy,direction,0.25,10,specimen_10,0.4203442060766996,0.426008226820301
omitted,transfer,forward,copy,direction,0.25,57,specimen_57,0.4565481100267488,0.758028836542074
omitted,transfer,forward,copy,direction,0.5,10,specimen_10,0.39906330226748155,0.426008226820301
omitted,transfer,forward,copy,direction,0.5,57,specimen_57,0.4511968418996485,0.7652047312527892
omitted,transfer,forward,copy,direction,1.0,10,specimen_10,0.3931133660156749,0.426008226820301
omitted,transfer,forward,copy,direction,1.0,57,specimen_57,0.4449784387273539,0.7759698468288136
omitted,transfer,forward,copy,load,0.25,10,specimen_10,0.605362212219757,0.8723865911194635
omitted,transfer,forward,copy,load,0.25,57,specimen_57,0.6771975693171376,1.5536881052157683
omitted,transfer,forward,copy,load,0.5,10,specimen_10,0.5871362529525507,0.9617820277346014
omitted,transfer,forward,copy,load,0.5,57,specimen_57,0.6817257494200835,1.5768359071007816
omitted,transfer,forward,copy,load,1.0,10,specimen_10,0.5742253267551571,1.0250785440887973
omitted,transfer,forward,copy,load,1.0,57,specimen_57,0.6900745979554995,1.595331506517998
omitted,transfer,forward,copy,repeat,0.25,10,specimen_10,0.6337715035773879,0.8806477394517638
omitted,transfer,forward,copy,repeat,0.25,57,specimen_57,0.6744030233283186,1.5509976776986945
omitted,transfer,forward,copy,repeat,0.5,10,specimen_10,0.6192837558181149,0.9661616464469499
omitted,transfer,forward,copy,repeat,0.5,57,specimen_57,0.693394794306187,1.5732401694121902
omitted,transfer,forward,copy,repeat,1.0,10,specimen_10,0.6075853350728235,1.0372074658724117
omitted,transfer,forward,copy,repeat,1.0,57,specimen_57,0.6894560228256374,1.587580327515353
omitted,transfer,forward,copy,single,0.25,10,specimen_10,0.6277325003852274,0.8889447344482689
omitted,transfer,forward,copy,single,0.25,57,specimen_57,0.7274999959838228,1.5640510419610867
omitted,transfer,forward,copy,single,0.5,10,specimen_10,0.6143929602550654,1.0179340908261576
omitted,transfer,forward,copy,single,0.5,57,specimen_57,0.720798788673449,1.5808132497270115
omitted,transfer,forward,copy,single,1.0,10,specimen_10,0.6019666853253274,1.0834587594246994
omitted,transfer,forward,copy,single,1.0,57,specimen_57,0.7072059083246223,1.592926299673742
omitted,transfer,forward,copy,speed,0.25,10,specimen_10,0.5647250459052936,1.0294204158230458
omitted,transfer,forward,copy,speed,0.25,57,specimen_57,0.7398742195375525,1.610281456604243
omitted,transfer,forward,copy,speed,0.5,10,specimen_10,0.5683115323634315,1.1216775284061558
omitted,transfer,forward,copy,speed,0.5,57,specimen_57,0.7382454869983607,1.6239327202755431
omitted,transfer,forward,copy,speed,1.0,10,specimen_10,0.5733557435629068,1.1741920248250761
omitted,transfer,forward,copy,speed,1.0,57,specimen_57,0.734678888368392,1.635385372023399
omitted,transfer,forward,encoder,direction,0.25,10,specimen_10,0.2837678777674834,0.5869318813062535
omitted,transfer,forward,encoder,direction,0.25,57,specimen_57,0.33930492649475735,1.0230441638400227
omitted,transfer,forward,encoder,direction,0.5,10,specimen_10,0.28517873709400493,0.5487784961385631
omitted,transfer,forward,encoder,direction,0.5,57,specimen_57,0.33206552267074585,1.0525837078891365
omitted,transfer,forward,encoder,direction,1.0,10,specimen_10,0.2873557209968567,0.5369894272664267
omitted,transfer,forward,encoder,direction,1.0,57,specimen_57,0.3321434420843919,1.047582067194581
omitted,transfer,forward,encoder,load,0.25,10,specimen_10,0.2994757704436779,0.5233592636560896
omitted,transfer,forward,encoder,load,0.25,57,specimen_57,0.33340097963809967,1.0736911862703142
omitted,transfer,forward,encoder,load,0.5,10,specimen_10,0.30892548461755115,0.49691781568838733
omitted,transfer,forward,encoder,load,0.5,57,specimen_57,0.33260879044731456,1.080711555675337
omitted,transfer,forward,encoder,load,1.0,10,specimen_10,0.32581454267104465,0.46226885700371523
omitted,transfer,forward,encoder,load,1.0,57,specimen_57,0.3318314477801323,1.0726587301854287
omitted,transfer,forward,encoder,repeat,0.25,10,specimen_10,0.29404039432605106,0.5410135355529663
omitted,transfer,forward,encoder,repeat,0.25,57,specimen_57,0.3380230590701103,1.0300403767574513
omitted,transfer,forward,encoder,repeat,0.5,10,specimen_10,0.31237663328647614,0.48678271952117297
omitted,transfer,forward,encoder,repeat,0.5,57,specimen_57,0.3407119649151961,1.100152947060124
omitted,transfer,forward,encoder,repeat,1.0,10,specimen_10,0.3045460532108943,0.49653569553345145
omitted,transfer,forward,encoder,repeat,1.0,57,specimen_57,0.33256642272075015,1.0786908877078476
omitted,transfer,forward,encoder,single,0.25,10,specimen_10,0.2904724068939686,0.5873511954884044
omitted,transfer,forward,encoder,single,0.25,57,specimen_57,0.3343805397550265,1.0510461026885078
omitted,transfer,forward,encoder,single,0.5,10,specimen_10,0.3050399248798688,0.5153164116568693
omitted,transfer,forward,encoder,single,0.5,57,specimen_57,0.3440497765938441,1.0915001640929802
omitted,transfer,forward,encoder,single,1.0,10,specimen_10,0.33775512874126434,0.4485152092027529
omitted,transfer,forward,encoder,single,1.0,57,specimen_57,0.33343492199977237,1.0513990666721922
omitted,transfer,forward,encoder,speed,0.25,10,specimen_10,0.2843284122645855,0.6090223139552354
omitted,transfer,forward,encoder,speed,0.25,57,specimen_57,0.36302217344443005,1.1166831709857326
omitted,transfer,forward,encoder,speed,0.5,10,specimen_10,0.31843988845745724,0.5001679505730579
omitted,transfer,forward,encoder,speed,0.5,57,specimen_57,0.35857600967089337,1.1187857890094162
omitted,transfer,forward,encoder,speed,1.0,10,specimen_10,0.31306074062983197,0.5127318176641771
omitted,transfer,forward,encoder,speed,1.0,57,specimen_57,0.34734811385472614,1.1052233773449778
omitted,transfer,forward,encoder_wrong_support,direction,0.25,10,specimen_10,0.4058586210012436,0.8630945664020325
omitted,transfer,forward,encoder_wrong_support,direction,0.25,57,specimen_57,0.48709330956141156,0.7559859491917477
omitted,transfer,forward,encoder_wrong_support,direction,0.5,10,specimen_10,0.4483180319269498,0.8926341104511465
omitted,transfer,forward,encoder_wrong_support,direction,0.5,57,specimen_57,0.5202980314691862,0.728665060468089
omitted,transfer,forward,encoder_wrong_support,direction,1.0,10,specimen_10,0.438526709874471,0.8876324697565909
omitted,transfer,forward,encoder_wrong_support,direction,1.0,57,specimen_57,0.5339788794517517,0.7172945198371116
omitted,transfer,forward,encoder_wrong_support,load,0.25,10,specimen_10,0.4768027837077777,0.9137415888323243
omitted,transfer,forward,encoder_wrong_support,load,0.25,57,specimen_57,0.5355424011747042,0.7275624813141038
omitted,transfer,forward,encoder_wrong_support,load,0.5,10,specimen_10,0.47148502866427106,0.9207619582373471
omitted,transfer,forward,encoder_wrong_support,load,0.5,57,specimen_57,0.5651451200246811,0.7061248203056417
omitted,transfer,forward,encoder_wrong_support,load,1.0,10,specimen_10,0.4645950024326642,0.9127091327474385
omitted,transfer,forward,encoder_wrong_support,load,1.0,57,specimen_57,0.5987297892570496,0.6830950411546
omitted,transfer,forward,encoder_wrong_support,repeat,0.25,10,specimen_10,0.4123492290576299,0.8700907793194612
omitted,transfer,forward,encoder_wrong_support,repeat,0.25,57,specimen_57,0.5409528116385142,0.7210520188846191
omitted,transfer,forward,encoder_wrong_support,repeat,0.5,10,specimen_10,0.5047029877702395,0.9402033496221338
omitted,transfer,forward,encoder_wrong_support,repeat,0.5,57,specimen_57,0.5749941145380338,0.6962114334806225
omitted,transfer,forward,encoder_wrong_support,repeat,1.0,10,specimen_10,0.47085770467917126,0.9187412902698576
omitted,transfer,forward,encoder_wrong_support,repeat,1.0,57,specimen_57,0.5635815560817719,0.702490060407778
omitted,transfer,forward,encoder_wrong_support,single,0.25,10,specimen_10,0.460505910217762,0.8910965052505179
omitted,transfer,forward,encoder_wrong_support,single,0.25,57,specimen_57,0.4943133120735486,0.7541686003698485
omitted,transfer,forward,encoder_wrong_support,single,0.5,10,specimen_10,0.5102945292989413,0.9315505666549901
omitted,transfer,forward,encoder_wrong_support,single,0.5,57,specimen_57,0.5523012205958366,0.7134104879647589
omitted,transfer,forward,encoder_wrong_support,single,1.0,10,specimen_10,0.45161910106738407,0.8914494692342022
omitted,transfer,forward,encoder_wrong_support,single,1.0,57,specimen_57,0.6137450387080511,0.6759930796362621
omitted,transfer,forward,encoder_wrong_support,speed,0.25,10,specimen_10,0.5462602178255717,0.9567335735477425
omitted,transfer,forward,encoder_wrong_support,speed,0.25,57,specimen_57,0.49788273125886917,0.7732968056262534
omitted,transfer,forward,encoder_wrong_support,speed,0.5,10,specimen_10,0.5431252916653951,0.9588361915714261
omitted,transfer,forward,encoder_wrong_support,speed,0.5,57,specimen_57,0.5855045119921366,0.6846330899533196
omitted,transfer,forward,encoder_wrong_support,speed,1.0,10,specimen_10,0.5209942733248075,0.9452737799069876
omitted,transfer,forward,encoder_wrong_support,speed,1.0,57,specimen_57,0.5776513541738192,0.6928753805268971
omitted,transfer,forward,fixed_features,direction,0.25,10,specimen_10,0.2769394797153491,0.6036788988358823
omitted,transfer,forward,fixed_features,direction,0.25,57,specimen_57,0.3425933218648856,1.0668379656980456
omitted,transfer,forward,fixed_features,direction,0.5,10,specimen_10,0.27775775957739324,0.6147800468861383
omitted,transfer,forward,fixed_features,direction,0.5,57,specimen_57,0.3441460677048321,1.0384496070913434
omitted,transfer,forward,fixed_features,direction,1.0,10,specimen_10,0.2757513959230681,0.6129073478440208
omitted,transfer,forward,fixed_features,direction,1.0,57,specimen_57,0.34442286477596373,1.0351912900458136
omitted,transfer,forward,fixed_features,load,0.25,10,specimen_10,0.2748902101891275,0.6100109245464995
omitted,transfer,forward,fixed_features,load,0.25,57,specimen_57,0.3414247114458979,1.0678870038840471
omitted,transfer,forward,fixed_features,load,0.5,10,specimen_10,0.27223771272116226,0.6571860141804398
omitted,transfer,forward,fixed_features,load,0.5,57,specimen_57,0.3436423262602016,1.0632702286371034
omitted,transfer,forward,fixed_features,load,1.0,10,specimen_10,0.271884691669957,0.6664957834869694
omitted,transfer,forward,fixed_features,load,1.0,57,specimen_57,0.34267017367326713,1.058319491732823
omitted,transfer,forward,fixed_features,repeat,0.25,10,specimen_10,0.2709862294798712,0.6307383353401056
omitted,transfer,forward,fixed_features,repeat,0.25,57,specimen_57,0.34963686954561746,1.0951455495071676
omitted,transfer,forward,fixed_features,repeat,0.5,10,specimen_10,0.2704255733180028,0.6567230253007788
omitted,transfer,forward,fixed_features,repeat,0.5,57,specimen_57,0.3461281931444816,1.0787643830804947
omitted,transfer,forward,fixed_features,repeat,1.0,10,specimen_10,0.2699616477231107,0.6459359493245828
omitted,transfer,forward,fixed_features,repeat,1.0,57,specimen_57,0.3434776631468879,1.0637685830103933
omitted,transfer,forward,fixed_features,single,0.25,10,specimen_10,0.278719280788088,0.5874977673407253
omitted,transfer,forward,fixed_features,single,0.25,57,specimen_57,0.34595345107640496,1.0582351291965906
omitted,transfer,forward,fixed_features,single,0.5,10,specimen_10,0.27347813644861985,0.622769863369266
omitted,transfer,forward,fixed_features,single,0.5,57,specimen_57,0.34569582267688825,1.0483095072082838
omitted,transfer,forward,fixed_features,single,1.0,10,specimen_10,0.271503403710347,0.644286225382989
omitted,transfer,forward,fixed_features,single,1.0,57,specimen_57,0.3451884898264527,1.051636775201132
omitted,transfer,forward,fixed_features,speed,0.25,10,specimen_10,0.2717944191949923,0.6473720788941618
omitted,transfer,forward,fixed_features,speed,0.25,57,specimen_57,0.3468666921409633,1.0409512855668182
omitted,transfer,forward,fixed_features,speed,0.5,10,specimen_10,0.27238030146944997,0.6658168249351019
omitted,transfer,forward,fixed_features,speed,0.5,57,specimen_57,0.3447178333138385,1.0469911564727759
omitted,transfer,forward,fixed_features,speed,1.0,10,specimen_10,0.2722402878598533,0.6696475316716856
omitted,transfer,forward,fixed_features,speed,1.0,57,specimen_57,0.34369092779201166,1.0519069192037491
omitted,transfer,forward,retrieval,direction,0.25,10,specimen_10,0.27915348944466234,0.5877977278924537
omitted,transfer,forward,retrieval,direction,0.25,57,specimen_57,0.380748264426454,0.9318196543134005
omitted,transfer,forward,retrieval,direction,0.5,10,specimen_10,0.27915348944466234,0.5877977278924537
omitted,transfer,forward,retrieval,direction,0.5,57,specimen_57,0.380748264426454,0.9318196543134005
omitted,transfer,forward,retrieval,direction,1.0,10,specimen_10,0.27915348944466234,0.5877977278924537
omitted,transfer,forward,retrieval,direction,1.0,57,specimen_57,0.380748264426454,0.9318196543134005
omitted,transfer,forward,retrieval,load,0.25,10,specimen_10,0.27915348944466234,0.5877977278924537
omitted,transfer,forward,retrieval,load,0.25,57,specimen_57,0.380748264426454,0.9318196543134005
omitted,transfer,forward,retrieval,load,0.5,10,specimen_10,0.27915348944466234,0.5877977278924537
omitted,transfer,forward,retrieval,load,0.5,57,specimen_57,0.380748264426454,0.9318196543134005
omitted,transfer,forward,retrieval,load,1.0,10,specimen_10,0.27915348944466234,0.5877977278924537
omitted,transfer,forward,retrieval,load,1.0,57,specimen_57,0.380748264426454,0.9318196543134005
omitted,transfer,forward,retrieval,repeat,0.25,10,specimen_10,0.27915348944466234,0.5877977278924537
omitted,transfer,forward,retrieval,repeat,0.25,57,specimen_57,0.380748264426454,0.9318196543134005
omitted,transfer,forward,retrieval,repeat,0.5,10,specimen_10,0.27915348944466234,0.5877977278924537
omitted,transfer,forward,retrieval,repeat,0.5,57,specimen_57,0.380748264426454,0.9318196543134005
omitted,transfer,forward,retrieval,repeat,1.0,10,specimen_10,0.27915348944466234,0.5877977278924537
omitted,transfer,forward,retrieval,repeat,1.0,57,specimen_57,0.380748264426454,0.9318196543134005
omitted,transfer,forward,retrieval,single,0.25,10,specimen_10,0.27915348944466234,0.5877977278924537
omitted,transfer,forward,retrieval,single,0.25,57,specimen_57,0.380748264426454,0.9318196543134005
omitted,transfer,forward,retrieval,single,0.5,10,specimen_10,0.27915348944466234,0.5877977278924537
omitted,transfer,forward,retrieval,single,0.5,57,specimen_57,0.380748264426454,0.9318196543134005
omitted,transfer,forward,retrieval,single,1.0,10,specimen_10,0.27915348944466234,0.5877977278924537
omitted,transfer,forward,retrieval,single,1.0,57,specimen_57,0.380748264426454,0.9318196543134005
omitted,transfer,forward,retrieval,speed,0.25,10,specimen_10,0.27915348944466234,0.5877977278924537
omitted,transfer,forward,retrieval,speed,0.25,57,specimen_57,0.380748264426454,0.9318196543134005
omitted,transfer,forward,retrieval,speed,0.5,10,specimen_10,0.27915348944466234,0.5877977278924537
omitted,transfer,forward,retrieval,speed,0.5,57,specimen_57,0.380748264426454,0.9318196543134005
omitted,transfer,forward,retrieval,speed,1.0,10,specimen_10,0.27915348944466234,0.5877977278924537
omitted,transfer,forward,retrieval,speed,1.0,57,specimen_57,0.380748264426454,0.9318196543134005
omitted,transfer,forward,speed_rescaling,direction,0.25,10,specimen_10,0.5365264403649782,0.6862129704724015
omitted,transfer,forward,speed_rescaling,direction,0.25,57,specimen_57,0.53185708348737,0.837709629925399
omitted,transfer,forward,speed_rescaling,direction,0.5,10,specimen_10,0.5094335623697726,0.677300341714397
omitted,transfer,forward,speed_rescaling,direction,0.5,57,specimen_57,0.5308468471843901,0.8491585980896292
omitted,transfer,forward,speed_rescaling,direction,1.0,10,specimen_10,0.49616091874352775,0.6754326444335665
omitted,transfer,forward,speed_rescaling,direction,1.0,57,specimen_57,0.5173167017072097,0.8570866390345999
omitted,transfer,forward,speed_rescaling,load,0.25,10,specimen_10,0.6774668767520918,0.7376199129417942
omitted,transfer,forward,speed_rescaling,load,0.25,57,specimen_57,0.6537569113829726,1.5052066683508059
omitted,transfer,forward,speed_rescaling,load,0.5,10,specimen_10,0.6572277815656852,0.8906609083203454
omitted,transfer,forward,speed_rescaling,load,0.5,57,specimen_57,0.6496468523748125,1.5241108207203098
omitted,transfer,forward,speed_rescaling,load,1.0,10,specimen_10,0.6351743030682893,0.9667822918332988
omitted,transfer,forward,speed_rescaling,load,1.0,57,specimen_57,0.6381796461426451,1.5379346791392015
omitted,transfer,forward,speed_rescaling,repeat,0.25,10,specimen_10,0.6774668767520918,0.7376199129417942
omitted,transfer,forward,speed_rescaling,repeat,0.25,57,specimen_57,0.6537569113829726,1.5052066683508059
omitted,transfer,forward,speed_rescaling,repeat,0.5,10,specimen_10,0.6572277815656852,0.8906609083203454
omitted,transfer,forward,speed_rescaling,repeat,0.5,57,specimen_57,0.6496468523748125,1.5241108207203098
omitted,transfer,forward,speed_rescaling,repeat,1.0,10,specimen_10,0.6351743030682893,0.9667822918332988
omitted,transfer,forward,speed_rescaling,repeat,1.0,57,specimen_57,0.6381796461426451,1.5379346791392015
omitted,transfer,forward,speed_rescaling,single,0.25,10,specimen_10,0.6774668767520918,0.7376199129417942
omitted,transfer,forward,speed_rescaling,single,0.25,57,specimen_57,0.6537569113829726,1.5052066683508059
omitted,transfer,forward,speed_rescaling,single,0.5,10,specimen_10,0.6572277815656852,0.8906609083203454
omitted,transfer,forward,speed_rescaling,single,0.5,57,specimen_57,0.6496468523748125,1.5241108207203098
omitted,transfer,forward,speed_rescaling,single,1.0,10,specimen_10,0.6351743030682893,0.9667822918332988
omitted,transfer,forward,speed_rescaling,single,1.0,57,specimen_57,0.6381796461426451,1.5379346791392015
omitted,transfer,forward,speed_rescaling,speed,0.25,10,specimen_10,0.6774668767520918,0.7376199129417942
omitted,transfer,forward,speed_rescaling,speed,0.25,57,specimen_57,0.6537569113829726,1.5052066683508059
omitted,transfer,forward,speed_rescaling,speed,0.5,10,specimen_10,0.6572277815656852,0.8906609083203454
omitted,transfer,forward,speed_rescaling,speed,0.5,57,specimen_57,0.6496468523748125,1.5241108207203098
omitted,transfer,forward,speed_rescaling,speed,1.0,10,specimen_10,0.6351743030682893,0.9667822918332988
omitted,transfer,forward,speed_rescaling,speed,1.0,57,specimen_57,0.6381796461426451,1.5379346791392015
omitted,transfer,reverse,conditions_only,direction,0.25,10,specimen_10,0.3013821628607305,0.6452448915506541
omitted,transfer,reverse,conditions_only,direction,0.25,57,specimen_57,0.4344638858888171,0.8991037927843968
omitted,transfer,reverse,conditions_only,direction,0.5,10,specimen_10,0.3013821628607305,0.6452448915506541
omitted,transfer,reverse,conditions_only,direction,0.5,57,specimen_57,0.4344638858888171,0.8991037927843968
omitted,transfer,reverse,conditions_only,direction,1.0,10,specimen_10,0.3013821628607305,0.6452448915506541
omitted,transfer,reverse,conditions_only,direction,1.0,57,specimen_57,0.4344638858888171,0.8991037927843968
omitted,transfer,reverse,conditions_only,load,0.25,10,specimen_10,0.3013821628607305,0.6452448915506541
omitted,transfer,reverse,conditions_only,load,0.25,57,specimen_57,0.4344638858888171,0.8991037927843968
omitted,transfer,reverse,conditions_only,load,0.5,10,specimen_10,0.3013821628607305,0.6452448915506541
omitted,transfer,reverse,conditions_only,load,0.5,57,specimen_57,0.4344638858888171,0.8991037927843968
omitted,transfer,reverse,conditions_only,load,1.0,10,specimen_10,0.3013821628607305,0.6452448915506541
omitted,transfer,reverse,conditions_only,load,1.0,57,specimen_57,0.4344638858888171,0.8991037927843968
omitted,transfer,reverse,conditions_only,repeat,0.25,10,specimen_10,0.3013821628607305,0.6452448915506541
omitted,transfer,reverse,conditions_only,repeat,0.25,57,specimen_57,0.4344638858888171,0.8991037927843968
omitted,transfer,reverse,conditions_only,repeat,0.5,10,specimen_10,0.3013821628607305,0.6452448915506541
omitted,transfer,reverse,conditions_only,repeat,0.5,57,specimen_57,0.4344638858888171,0.8991037927843968
omitted,transfer,reverse,conditions_only,repeat,1.0,10,specimen_10,0.3013821628607305,0.6452448915506541
omitted,transfer,reverse,conditions_only,repeat,1.0,57,specimen_57,0.4344638858888171,0.8991037927843968
omitted,transfer,reverse,conditions_only,single,0.25,10,specimen_10,0.3013821628607305,0.6452448915506541
omitted,transfer,reverse,conditions_only,single,0.25,57,specimen_57,0.4344638858888171,0.8991037927843968
omitted,transfer,reverse,conditions_only,single,0.5,10,specimen_10,0.3013821628607305,0.6452448915506541
omitted,transfer,reverse,conditions_only,single,0.5,57,specimen_57,0.4344638858888171,0.8991037927843968
omitted,transfer,reverse,conditions_only,single,1.0,10,specimen_10,0.3013821628607305,0.6452448915506541
omitted,transfer,reverse,conditions_only,single,1.0,57,specimen_57,0.4344638858888171,0.8991037927843968
omitted,transfer,reverse,conditions_only,speed,0.25,10,specimen_10,0.3013821628607305,0.6452448915506541
omitted,transfer,reverse,conditions_only,speed,0.25,57,specimen_57,0.4344638858888171,0.8991037927843968
omitted,transfer,reverse,conditions_only,speed,0.5,10,specimen_10,0.3013821628607305,0.6452448915506541
omitted,transfer,reverse,conditions_only,speed,0.5,57,specimen_57,0.4344638858888171,0.8991037927843968
omitted,transfer,reverse,conditions_only,speed,1.0,10,specimen_10,0.3013821628607305,0.6452448915506541
omitted,transfer,reverse,conditions_only,speed,1.0,57,specimen_57,0.4344638858888171,0.8991037927843968
omitted,transfer,reverse,copy,direction,0.25,10,specimen_10,0.43533566259616285,0.35602586964166816
omitted,transfer,reverse,copy,direction,0.25,57,specimen_57,0.46549494819910536,0.7141521325866484
omitted,transfer,reverse,copy,direction,0.5,10,specimen_10,0.42160028592720206,0.35602586964166816
omitted,transfer,reverse,copy,direction,0.5,57,specimen_57,0.4651454394139671,0.7141521325866484
omitted,transfer,reverse,copy,direction,1.0,10,specimen_10,0.40810296432491244,0.35602586964166816
omitted,transfer,reverse,copy,direction,1.0,57,specimen_57,0.45803839283025416,0.7141521325866484
omitted,transfer,reverse,copy,load,0.25,10,specimen_10,0.6252409093859524,0.6476892000153471
omitted,transfer,reverse,copy,load,0.25,57,specimen_57,0.6515024034536514,1.4825391287805894
omitted,transfer,reverse,copy,load,0.5,10,specimen_10,0.6063878865741741,0.7309234564600379
omitted,transfer,reverse,copy,load,0.5,57,specimen_57,0.6577172046532618,1.502086584234632
omitted,transfer,reverse,copy,load,1.0,10,specimen_10,0.5924655987845439,0.8162023854429096
omitted,transfer,reverse,copy,load,1.0,57,specimen_57,0.6606385372956068,1.511692245708016
omitted,transfer,reverse,copy,repeat,0.25,10,specimen_10,0.6333344738979746,0.7124661598367229
omitted,transfer,reverse,copy,repeat,0.25,57,specimen_57,0.6571671440759597,1.4767254018794058
omitted,transfer,reverse,copy,repeat,0.5,10,specimen_10,0.6248072877305546,0.7979800668319089
omitted,transfer,reverse,copy,repeat,0.5,57,specimen_57,0.6757352544409163,1.4989678935929018
omitted,transfer,reverse,copy,repeat,1.0,10,specimen_10,0.6127164599491925,0.8690258862573708
omitted,transfer,reverse,copy,repeat,1.0,57,specimen_57,0.6711468156034043,1.5133080516960646
omitted,transfer,reverse,copy,single,0.25,10,specimen_10,0.6514014706923477,0.7042515055669806
omitted,transfer,reverse,copy,single,0.25,57,specimen_57,0.6604581156536394,1.4641880920161583
omitted,transfer,reverse,copy,single,0.5,10,specimen_10,0.6400747281527412,0.7495904485093436
omitted,transfer,reverse,copy,single,0.5,57,specimen_57,0.6732579312657458,1.4915843303095566
omitted,transfer,reverse,copy,single,1.0,10,specimen_10,0.624789540149765,0.8257623537385567
omitted,transfer,reverse,copy,single,1.0,57,specimen_57,0.664348656091007,1.508061973684889
omitted,transfer,reverse,copy,speed,0.25,10,specimen_10,0.6061839288022949,0.8656312421880802
omitted,transfer,reverse,copy,speed,0.25,57,specimen_57,0.6610573995782336,1.5173372787429806
omitted,transfer,reverse,copy,speed,0.5,10,specimen_10,0.6032036350079755,0.9017523557175076
omitted,transfer,reverse,copy,speed,0.5,57,specimen_57,0.6693396391413695,1.5371515697605254
omitted,transfer,reverse,copy,speed,1.0,10,specimen_10,0.5963192126889777,0.953928758047658
omitted,transfer,reverse,copy,speed,1.0,57,specimen_57,0.674206049761817,1.5480023501978857
omitted,transfer,reverse,encoder,direction,0.25,10,specimen_10,0.3539084767301877,0.30434060281559516
omitted,transfer,reverse,encoder,direction,0.25,57,specimen_57,0.4355965207020442,0.8346855732278744
omitted,transfer,reverse,encoder,direction,0.5,10,specimen_10,0.34843094895283383,0.30048329283356473
omitted,transfer,reverse,encoder,direction,0.5,57,specimen_57,0.35919371743996936,0.9354671180103328
omitted,transfer,reverse,encoder,direction,1.0,10,specimen_10,0.3120611260334651,0.37391231011328907
omitted,transfer,reverse,encoder,direction,1.0,57,specimen_57,0.3535147358973821,0.9443956859132246
omitted,transfer,reverse,encoder,load,0.25,10,specimen_10,0.3410143827398618,0.31701227877706617
omitted,transfer,reverse,encoder,load,0.25,57,specimen_57,0.352793609102567,0.9476778173981463
omitted,transfer,reverse,encoder,load,0.5,10,specimen_10,0.3702820762991905,0.2682912315654882
omitted,transfer,reverse,encoder,load,0.5,57,specimen_57,0.3454759145776431,0.9705130207632918
omitted,transfer,reverse,encoder,load,1.0,10,specimen_10,0.3768620913227399,0.2537161205976874
omitted,transfer,reverse,encoder,load,1.0,57,specimen_57,0.3428427129983902,0.9820406498246054
omitted,transfer,reverse,encoder,repeat,0.25,10,specimen_10,0.32304177929957706,0.37283195593792534
omitted,transfer,reverse,encoder,repeat,0.25,57,specimen_57,0.3499510685602824,0.955768100938163
omitted,transfer,reverse,encoder,repeat,0.5,10,specimen_10,0.3429664621750514,0.318601139906132
omitted,transfer,reverse,encoder,repeat,0.5,57,specimen_57,0.3451285660266876,1.0258806712408355
omitted,transfer,reverse,encoder,repeat,1.0,10,specimen_10,0.33500371873378754,0.3283541159184105
omitted,transfer,reverse,encoder,repeat,1.0,57,specimen_57,0.34119079262018204,1.0044186118885594
omitted,transfer,reverse,encoder,single,0.25,10,specimen_10,0.4184405232469241,0.23163276588087714
omitted,transfer,reverse,encoder,single,0.25,57,specimen_57,0.4518636514743169,0.8186421023127032
omitted,transfer,reverse,encoder,single,0.5,10,specimen_10,0.42218540608882904,0.19965558443706657
omitted,transfer,reverse,encoder,single,0.5,57,specimen_57,0.36015535145998,0.9320339460081755
omitted,transfer,reverse,encoder,single,1.0,10,specimen_10,0.35044214377800625,0.29713631732233686
omitted,transfer,reverse,encoder,single,1.0,57,specimen_57,0.3636093537012736,0.9282491283553439
omitted,transfer,reverse,encoder,speed,0.25,10,specimen_10,0.30651983991265297,0.4119011476863698
omitted,transfer,reverse,encoder,speed,0.25,57,specimen_57,0.44831505914529163,0.8204102133130777
omitted,transfer,reverse,encoder,speed,0.5,10,specimen_10,0.3016181029379368,0.4269910229241842
omitted,transfer,reverse,encoder,speed,0.5,57,specimen_57,0.3985614900787671,0.8784721827474798
omitted,transfer,reverse,encoder,speed,1.0,10,specimen_10,0.2998252014319102,0.4426055781202156
omitted,transfer,reverse,encoder,speed,1.0,57,specimen_57,0.36773450424273807,0.9191940361677123
omitted,transfer,reverse,encoder_wrong_support,direction,0.25,10,specimen_10,0.3280503898859024,0.5808266719941316
omitted,transfer,reverse,encoder_wrong_support,direction,0.25,57,specimen_57,0.6204540580511093,0.6136127279111538
omitted,transfer,reverse,encoder_wrong_support,direction,0.5,10,specimen_10,0.38624584178129834,0.6816082167765901
omitted,transfer,reverse,encoder_wrong_support,direction,0.5,57,specimen_57,0.6132240543762842,0.6180246409942746
omitted,transfer,reverse,encoder_wrong_support,direction,1.0,10,specimen_10,0.39627693593502045,0.6905367846794821
omitted,transfer,reverse,encoder_wrong_support,direction,1.0,57,specimen_57,0.5508755991856257,0.6568860753638611
omitted,transfer,reverse,encoder_wrong_support,load,0.25,10,specimen_10,0.4001321295897166,0.6938189161644036
omitted,transfer,reverse,encoder_wrong_support,load,0.25,57,specimen_57,0.6007401396830877,0.6234659225495603
omitted,transfer,reverse,encoder_wrong_support,load,0.5,10,specimen_10,0.42175767322381336,0.7166541195295492
omitted,transfer,reverse,encoder_wrong_support,load,0.5,57,specimen_57,0.6428249975045522,0.6074943021345572
omitted,transfer,reverse,encoder_wrong_support,load,1.0,10,specimen_10,0.43332694967587787,0.7281817485908627
omitted,transfer,reverse,encoder_wrong_support,load,1.0,57,specimen_57,0.6522712260484695,0.6092447940914248
omitted,transfer,reverse,encoder_wrong_support,repeat,0.25,10,specimen_10,0.4119781255722046,0.7019091997044203
omitted,transfer,reverse,encoder_wrong_support,repeat,0.25,57,specimen_57,0.5690221364299456,0.6575743442301206
omitted,transfer,reverse,encoder_wrong_support,repeat,0.5,10,specimen_10,0.49569859852393466,0.7720217700070928
omitted,transfer,reverse,encoder_wrong_support,repeat,0.5,57,specimen_57,0.6036674802501997,0.6327337588261238
omitted,transfer,reverse,encoder_wrong_support,repeat,1.0,10,specimen_10,0.46505414446194965,0.7505597106548166
omitted,transfer,reverse,encoder_wrong_support,repeat,1.0,57,specimen_57,0.5917454833785692,0.6390123857532793
omitted,transfer,reverse,encoder_wrong_support,single,0.25,10,specimen_10,0.32764583081007004,0.5647832010789605
omitted,transfer,reverse,encoder_wrong_support,single,0.25,57,specimen_57,0.7035279721021652,0.5648116140955426
omitted,transfer,reverse,encoder_wrong_support,single,0.5,10,specimen_10,0.390860915184021,0.6781750447744329
omitted,transfer,reverse,encoder_wrong_support,single,0.5,57,specimen_57,0.7090523689985275,0.569119344492322
omitted,transfer,reverse,encoder_wrong_support,single,1.0,10,specimen_10,0.3852953587969144,0.6743902271216012
omitted,transfer,reverse,encoder_wrong_support,single,1.0,57,specimen_57,0.614726722240448,0.6290230746916686
omitted,transfer,reverse,encoder_wrong_support,speed,0.25,10,specimen_10,0.3272209366162618,0.566551312079335
omitted,transfer,reverse,encoder_wrong_support,speed,0.25,57,specimen_57,0.524700753390789,0.6701912311992428
omitted,transfer,reverse,encoder_wrong_support,speed,0.5,10,specimen_10,0.3493417724967003,0.6246132815137373
omitted,transfer,reverse,encoder_wrong_support,speed,0.5,57,specimen_57,0.5111661776900291,0.6841041624653301
omitted,transfer,reverse,encoder_wrong_support,speed,1.0,10,specimen_10,0.37809697538614273,0.6653351349339697
omitted,transfer,reverse,encoder_wrong_support,speed,1.0,57,specimen_57,0.4928744484980901,0.6992159160145383
omitted,transfer,reverse,fixed_features,direction,0.25,10,specimen_10,0.2859250622486401,0.5022038995739414
omitted,transfer,reverse,fixed_features,direction,0.25,57,specimen_57,0.3718788170868943,0.9491398973511241
omitted,transfer,reverse,fixed_features,direction,0.5,10,specimen_10,0.2943650169876159,0.42076723320809606
omitted,transfer,reverse,fixed_features,direction,0.5,57,specimen_57,0.388135508532632,0.9159574121880948
omitted,transfer,reverse,fixed_features,direction,1.0,10,specimen_10,0.2996984923733733,0.40693311934388054
omitted,transfer,reverse,fixed_features,direction,1.0,57,specimen_57,0.377286989904054,0.9257319015399885
omitted,transfer,reverse,fixed_features,load,0.25,10,specimen_10,0.29033905334347454,0.4453525421682419
omitted,transfer,reverse,fixed_features,load,0.25,57,specimen_57,0.3440312864589131,1.0089340440349568
omitted,transfer,reverse,fixed_features,load,0.5,10,specimen_10,0.2855922770035394,0.4822761105864115
omitted,transfer,reverse,fixed_features,load,0.5,57,specimen_57,0.3452947437463515,0.9978246627547572
omitted,transfer,reverse,fixed_features,load,1.0,10,specimen_10,0.2889899746129783,0.46736597910668753
omitted,transfer,reverse,fixed_features,load,1.0,57,specimen_57,0.34622760006661557,0.9859545422583283
omitted,transfer,reverse,fixed_features,repeat,0.25,10,specimen_10,0.28676081310855894,0.46255675572506466
omitted,transfer,reverse,fixed_features,repeat,0.25,57,specimen_57,0.3454991877925197,1.0208732736878794
omitted,transfer,reverse,fixed_features,repeat,0.5,10,specimen_10,0.28526923570683715,0.48854144568573776
omitted,transfer,reverse,fixed_features,repeat,0.5,57,specimen_57,0.34519501796894403,1.0044921072612065
omitted,transfer,reverse,fixed_features,repeat,1.0,10,specimen_10,0.28748377709636896,0.4777543697095419
omitted,transfer,reverse,fixed_features,repeat,1.0,57,specimen_57,0.3465822330393702,0.989496307191105
omitted,transfer,reverse,fixed_features,single,0.25,10,specimen_10,0.2854598991801409,0.49878215618927
omitted,transfer,reverse,fixed_features,single,0.25,57,specimen_57,0.34549873602542636,1.0065890510341349
omitted,transfer,reverse,fixed_features,single,0.5,10,specimen_10,0.2864675766477361,0.46864140990147873
omitted,transfer,reverse,fixed_features,single,0.5,57,specimen_57,0.35088418901815277,0.9827837831058668
omitted,transfer,reverse,fixed_features,single,1.0,10,specimen_10,0.29052985545660626,0.45360201563627994
omitted,transfer,reverse,fixed_features,single,1.0,57,specimen_57,0.3508292556512048,0.9778932359663689
omitted,transfer,reverse,fixed_features,speed,0.25,10,specimen_10,0.28879708274743227,0.5382199265540859
omitted,transfer,reverse,fixed_features,speed,0.25,57,specimen_57,0.3452738320267869,0.999007652510152
omitted,transfer,reverse,fixed_features,speed,0.5,10,specimen_10,0.2875474320314289,0.4824071417634729
omitted,transfer,reverse,fixed_features,speed,0.5,57,specimen_57,0.35010709194280054,0.9883923558030497
omitted,transfer,reverse,fixed_features,speed,1.0,10,specimen_10,0.2874032585580646,0.4822678020873381
omitted,transfer,reverse,fixed_features,speed,1.0,57,specimen_57,0.3501170476561451,0.9847129037057265
omitted,transfer,reverse,retrieval,direction,0.25,10,specimen_10,0.3066836640612101,0.4196161482774128
omitted,transfer,reverse,retrieval,direction,0.25,57,specimen_57,0.38564267846134725,0.8575473784941121
omitted,transfer,reverse,retrieval,direction,0.5,10,specimen_10,0.3066836640612101,0.4196161482774128
omitted,transfer,reverse,retrieval,direction,0.5,57,specimen_57,0.38564267846134725,0.8575473784941121
omitted,transfer,reverse,retrieval,direction,1.0,10,specimen_10,0.3066836640612101,0.4196161482774128
omitted,transfer,reverse,retrieval,direction,1.0,57,specimen_57,0.38564267846134725,0.8575473784941121
omitted,transfer,reverse,retrieval,load,0.25,10,specimen_10,0.8005321786203787,1.4889955898921718
omitted,transfer,reverse,retrieval,load,0.25,57,specimen_57,0.38564267846134725,0.8575473784941121
omitted,transfer,reverse,retrieval,load,0.5,10,specimen_10,0.3066836640612101,0.4196161482774128
omitted,transfer,reverse,retrieval,load,0.5,57,specimen_57,0.38564267846134725,0.8575473784941121
omitted,transfer,reverse,retrieval,load,1.0,10,specimen_10,0.3066836640612101,0.4196161482774128
omitted,transfer,reverse,retrieval,load,1.0,57,specimen_57,0.38564267846134725,0.8575473784941121
omitted,transfer,reverse,retrieval,repeat,0.25,10,specimen_10,0.3066836640612101,0.4196161482774128
omitted,transfer,reverse,retrieval,repeat,0.25,57,specimen_57,0.38564267846134725,0.8575473784941121
omitted,transfer,reverse,retrieval,repeat,0.5,10,specimen_10,0.3066836640612101,0.4196161482774128
omitted,transfer,reverse,retrieval,repeat,0.5,57,specimen_57,0.38564267846134725,0.8575473784941121
omitted,transfer,reverse,retrieval,repeat,1.0,10,specimen_10,0.3066836640612101,0.4196161482774128
omitted,transfer,reverse,retrieval,repeat,1.0,57,specimen_57,0.38564267846134725,0.8575473784941121
omitted,transfer,reverse,retrieval,single,0.25,10,specimen_10,0.3066836640612101,0.4196161482774128
omitted,transfer,reverse,retrieval,single,0.25,57,specimen_57,0.38564267846134725,0.8575473784941121
omitted,transfer,reverse,retrieval,single,0.5,10,specimen_10,0.3066836640612101,0.4196161482774128
omitted,transfer,reverse,retrieval,single,0.5,57,specimen_57,0.38564267846134725,0.8575473784941121
omitted,transfer,reverse,retrieval,single,1.0,10,specimen_10,0.3066836640612101,0.4196161482774128
omitted,transfer,reverse,retrieval,single,1.0,57,specimen_57,0.38564267846134725,0.8575473784941121
omitted,transfer,reverse,retrieval,speed,0.25,10,specimen_10,0.3066836640612101,0.4196161482774128
omitted,transfer,reverse,retrieval,speed,0.25,57,specimen_57,0.38564267846134725,0.8575473784941121
omitted,transfer,reverse,retrieval,speed,0.5,10,specimen_10,0.3066836640612101,0.4196161482774128
omitted,transfer,reverse,retrieval,speed,0.5,57,specimen_57,0.38564267846134725,0.8575473784941121
omitted,transfer,reverse,retrieval,speed,1.0,10,specimen_10,0.3066836640612101,0.4196161482774128
omitted,transfer,reverse,retrieval,speed,1.0,57,specimen_57,0.38564267846134725,0.8575473784941121
omitted,transfer,reverse,speed_rescaling,direction,0.25,10,specimen_10,0.5362418362718475,0.7698478422772362
omitted,transfer,reverse,speed_rescaling,direction,0.25,57,specimen_57,0.5352718363775291,0.843398507996398
omitted,transfer,reverse,speed_rescaling,direction,0.5,10,specimen_10,0.5115096681371925,0.7140610908435554
omitted,transfer,reverse,speed_rescaling,direction,0.5,57,specimen_57,0.5458979513543628,0.8604425159195364
omitted,transfer,reverse,speed_rescaling,direction,1.0,10,specimen_10,0.49948982678811815,0.7207545895781393
omitted,transfer,reverse,speed_rescaling,direction,1.0,57,specimen_57,0.5301727152160174,0.8707149085295751
omitted,transfer,reverse,speed_rescaling,load,0.25,10,specimen_10,0.6794989107567009,0.5472272540988652
omitted,transfer,reverse,speed_rescaling,load,0.25,57,specimen_57,0.6209695603394031,1.4003941318149242
omitted,transfer,reverse,speed_rescaling,load,0.5,10,specimen_10,0.6644138681141922,0.5990578535452542
omitted,transfer,reverse,speed_rescaling,load,0.5,57,specimen_57,0.6156521111622516,1.431382634876252
omitted,transfer,reverse,speed_rescaling,load,1.0,10,specimen_10,0.6521990848678345,0.689793781669139
omitted,transfer,reverse,speed_rescaling,load,1.0,57,specimen_57,0.6007508940740115,1.4506945283387667
omitted,transfer,reverse,speed_rescaling,repeat,0.25,10,specimen_10,0.6806418762766693,0.5694383333267532
omitted,transfer,reverse,speed_rescaling,repeat,0.25,57,specimen_57,0.6342801845382422,1.4309343925315174
omitted,transfer,reverse,speed_rescaling,repeat,0.5,10,specimen_10,0.6609671799283443,0.7224793287053044
omitted,transfer,reverse,speed_rescaling,repeat,0.5,57,specimen_57,0.6281484490356265,1.4498385449010214
omitted,transfer,reverse,speed_rescaling,repeat,1.0,10,specimen_10,0.6372368869426025,0.7986007122182578
omitted,transfer,reverse,speed_rescaling,repeat,1.0,57,specimen_57,0.6195491368850725,1.463662403319913
omitted,transfer,reverse,speed_rescaling,single,0.25,10,specimen_10,0.6794989107567009,0.5472272540988652
omitted,transfer,reverse,speed_rescaling,single,0.25,57,specimen_57,0.6209695603394031,1.4003941318149242
omitted,transfer,reverse,speed_rescaling,single,0.5,10,specimen_10,0.6644138681141922,0.5990578535452542
omitted,transfer,reverse,speed_rescaling,single,0.5,57,specimen_57,0.6156521111622516,1.431382634876252
omitted,transfer,reverse,speed_rescaling,single,1.0,10,specimen_10,0.6521990848678345,0.689793781669139
omitted,transfer,reverse,speed_rescaling,single,1.0,57,specimen_57,0.6007508940740115,1.4506945283387667
omitted,transfer,reverse,speed_rescaling,speed,0.25,10,specimen_10,0.6794989107567009,0.5472272540988652
omitted,transfer,reverse,speed_rescaling,speed,0.25,57,specimen_57,0.6209695603394031,1.4003941318149242
omitted,transfer,reverse,speed_rescaling,speed,0.5,10,specimen_10,0.6644138681141922,0.5990578535452542
omitted,transfer,reverse,speed_rescaling,speed,0.5,57,specimen_57,0.6156521111622516,1.431382634876252
omitted,transfer,reverse,speed_rescaling,speed,1.0,10,specimen_10,0.6521990848678345,0.689793781669139
omitted,transfer,reverse,speed_rescaling,speed,1.0,57,specimen_57,0.6007508940740115,1.4506945283387667
