surface_id,direction_deg,speed_mm_s,force_mN,repeat_id,nominal_force_N,recording_id,variant,valid,usable_duration_logged_s,canonical_start_s,steady_end_s,exclusion_reason,available_0.25,available_0.5,available_1,steady_start_s,canonical_shift_s,condition_role,accel_mean_logged_rate_hz,accel_max_gap_s,accel_interval_cv,force_mean_logged_rate_hz,force_max_gap_s,force_interval_cv,position_mean_logged_rate_hz,position_max_gap_s,position_interval_cv,accel_fraction_at_16g,observed_heading_deg,heading_within_window_p95_deg,logged_position_travel_mm,endpoint_displacement_mm,logged_speed_mean_mm_s,force_time_weighted_mean_N,force_time_weighted_std_N,force_trend_N_s,force_trend_change_N,force_min_N,force_max_N,force_logged_rows,force_mean_to_nominal_ratio,travel_to_nominal_ratio,heading_absolute_residual_deg
10,0,20,500,0,0.5,10_0_20_500_0,current,True,2.720046,0.300036955,3.020055,,True,True,True,0.300009,2.7954999999968422e-05,support,8622.86346930625,0.0013700000000005375,0.35408349075831314,8622.86346930625,0.0013700000000005375,0.35408349075831314,100.00289482063954,0.012332999999999927,0.08810408795708462,0.0,-90.0,0.0,9.84396536513187,9.746692425714784,19.68793073026374,0.539705018257618,0.0025599578552676304,-0.006054869511178009,-0.0030274347555890044,0.5389999747276306,0.5490000247955322,4374,1.079410036515236,0.984396536513187,0.0009434767492280116
10,0,20,500,1,0.5,10_0_20_500_1,current,True,3.3803739999999998,0.319519641,3.699747,,True,True,True,0.319373,0.0001466410000000029,support,8635.913914297756,0.0015039999999999498,0.3382003850570374,8635.913914297756,0.0015039999999999498,0.3382003850570374,99.98364639953627,0.012440000000000007,0.08953102174575966,0.0,-90.0,0.0,9.912444878189863,9.947388473401361,19.824889756379726,0.5434364269399048,0.00496816223716598,-0.025540395144829187,-0.012770197572414594,0.5389999747276306,0.5490000247955322,4364,1.0868728538798096,0.9912444878189863,0.0009434767492280116
10,0,20,1000,0,1.0,10_0_20_1000_0,current,True,4.059159999999999,0.6205,4.679655691,,True,True,True,0.620495691,4.3090000000356454e-06,selection,8574.171925971186,0.0013130000000001196,0.3549852126830697,8574.171925971186,0.0013130000000001196,0.3549852126830697,99.99766265625905,0.01252299999999984,0.09418803883938265,0.0,-90.0,0.0,9.918245153401745,10.17981173762935,19.83649030680349,1.0770626403491497,0.0029145383445478047,-0.0068206517898680005,-0.0034103258949340002,1.0679999589920044,1.0779999494552612,4308,1.0770626403491497,0.9918245153401746,0.0009434767492280116
10,0,20,1000,1,1.0,10_0_20_1000_1,current,True,4.3990089999999995,0.2901666666666667,4.689058178,,True,True,True,0.290049178,0.00011748866666666524,selection,8574.545957100983,0.0012560000000000071,0.3435804313088826,8574.545957100983,0.0012560000000000071,0.3435804313088826,99.98820856185884,0.012103999999999893,0.08494629155030577,0.0,-90.0,0.0,9.898248501639348,9.908151380600778,19.796497003278695,1.0674736428272724,0.003270545881723964,-0.011617487388954918,-0.005808743694477459,1.0579999685287476,1.0779999494552612,4304,1.0674736428272724,0.9898248501639347,0.0009434767492280116
10,45,20,500,0,0.5,10_45_20_500_0,current,True,3.418707,0.3015,3.720046927,,True,True,True,0.301339927,0.0001600729999999828,selection,8615.684291359968,0.0014929999999999666,0.33356205415349904,8615.684291359968,0.0014929999999999666,0.33356205415349904,100.01996325132103,0.012683999999999918,0.0970838095922986,0.0,-134.95680673156826,0.21687860989416227,9.92633949259073,9.81700845231501,19.85267898518146,0.6226185211874247,0.01011281309558361,-0.06734664576285061,-0.033673322881425306,0.6079999804496765,0.6370000243186951,4250,1.2452370423748493,0.992633949259073,0.042249791682507976
10,45,20,500,1,0.5,10_45_20_500_1,current,True,3.770181,0.9098535873333334,4.679919,,True,True,True,0.909738,0.000115587333333389,selection,8628.623438143022,0.0013019999999999143,0.3469740829950513,8628.623438143022,0.0013019999999999143,0.3469740829950513,100.01256255358905,0.012174999999999936,0.09600670096864003,0.0,-135.0071107134941,0.26814932205778064,9.977362760137197,9.96112890281459,19.954725520274394,0.5884144491279126,0.008536825650949348,-0.05576609993344837,-0.027883049966724183,0.578000009059906,0.6079999804496765,4315,1.1768288982558253,0.9977362760137197,0.008054190243313997
10,45,20,1000,0,1.0,10_45_20_1000_0,current,True,1.8395629999999998,1.601,3.440499944,,True,True,True,1.600936944,6.305599999989475e-05,selection,8662.26732163167,0.0014300000000000423,0.3351417790990597,8662.26732163167,0.0014300000000000423,0.3351417790990597,100.01888111531258,0.012149999999999994,0.08831612494716268,0.0,-134.98838326663613,0.2169040430865493,10.03263651942926,9.95852056901791,20.06527303885852,1.0697048719826938,0.008576993092077087,-0.056013855843217344,-0.028006927921608672,1.0579999685287476,1.0880000591278076,4381,1.0697048719826938,1.003263651942926,0.010673256614637694
10,45,20,1000,1,1.0,10_45_20_1000_1,current,True,2.7199299999999997,1.9497221496666666,4.669497,,True,True,True,1.949567,0.00015514966666652086,selection,8570.411276706063,0.0013579999999999703,0.36249977580565124,8570.411276706063,0.0013579999999999703,0.36249977580565124,99.99690238285757,0.012391000000000041,0.09206844897697326,0.0,-135.01249796302065,0.30449625781292866,9.917985813811203,10.205941462355685,19.835971627622406,1.0517492341601054,0.008320736599289273,-0.054092302499987276,-0.027046151249993638,1.0390000343322754,1.0679999589920044,4288,1.0517492341601054,0.9917985813811203,0.013441439769877661
10,90,20,500,0,0.5,10_90_20_500_0,current,True,3.798978,0.92,4.718830677,,True,True,True,0.919852677,0.00014732300000008802,selection,8616.770616770616,0.00136699999999923,0.3634896165961755,8616.770616770616,0.00136699999999923,0.3634896165961755,100.02582845154473,0.012221000000000037,0.09042011211563207,0.0,180.0,0.0,10.007999448737925,10.106636667413255,20.01599889747585,0.60154716070652,0.010033370908383746,-0.06693563364139553,-0.033467816820697764,0.5879999995231628,0.6169999837875366,4293,1.20309432141304,1.0007999448737925,0.0009434767491711682
10,90,20,500,1,0.5,10_90_20_500_1,current,True,4.409853999999999,0.31116666666666665,4.720867628,,True,True,True,0.311013628,0.00015303866666666055,selection,8589.758888487539,0.001354999999999995,0.35316098788787165,8589.758888487539,0.001354999999999995,0.35316098788787165,99.97843207211348,0.012141999999999875,0.09222308780079592,0.0,180.0,0.0,9.950645970678474,10.034178506846828,19.90129194135695,0.6620283666691382,0.01671255536136525,-0.11378081407002147,-0.056890407035010734,0.6370000243186951,0.6859999895095825,4303,1.3240567333382764,0.9950645970678474,0.0009434767491711682
10,90,20,1000,0,1.0,10_90_20_1000_0,current,True,4.408506,0.3005,4.708976325,,True,True,True,0.300470325,2.967500000000678e-05,selection,8578.961615699784,0.001643000000000061,0.3586474296179381,8578.961615699784,0.001643000000000061,0.3586474296179381,100.0155712865476,0.012361999999999984,0.08783930640510532,0.0,180.0,0.0,9.867906486059765,9.910829574115986,19.73581297211953,1.1774500410780908,0.019414170272797522,-0.13256042710085328,-0.06628021355042664,1.1469999551773071,1.2050000429153442,4322,1.1774500410780908,0.9867906486059764,0.0009434767491711682
10,90,20,1000,1,1.0,10_90_20_1000_1,current,True,4.408279,0.311038263,4.719159,,True,True,True,0.31088,0.00015826299999999183,selection,8612.196116111489,0.0012410000000000476,0.3419004484705496,8612.196116111489,0.0012410000000000476,0.3419004484705496,100.00653810564806,0.012261999999999773,0.09061089657270094,0.0,180.0,0.0,9.962684111286643,10.002586552571955,19.925368222573287,1.1731546344807144,0.019228815713413526,-0.13150214279721947,-0.06575107139860974,1.1469999551773071,1.2050000429153442,4345,1.1731546344807144,0.9962684111286644,0.0009434767491711682
10,135,20,500,0,0.5,10_135_20_500_0,current,True,4.388991000000001,0.32083333333333336,4.709787537,,True,True,True,0.320796537,3.6796333333366515e-05,selection,8655.123409036582,0.0013129999999996755,0.34170953674590127,8655.123409036582,0.0013129999999996755,0.34170953674590127,99.99896970758483,0.012415999999999983,0.09311253540545203,0.0,134.9957432824094,0.19620062200185223,9.96055645972762,9.998883981805408,19.92111291945524,0.5846505960507392,0.004719692697703093,-0.026730619727209217,-0.013365309863604609,0.578000009059906,0.5879999995231628,4311,1.1693011921014784,0.996055645972762,0.0052001943398636286
10,135,20,500,1,0.5,10_135_20_500_1,current,True,4.379264,0.31988490133333336,4.699084,,True,True,True,0.31982,6.4901333333367e-05,selection,8596.664180707352,0.0011099999999999444,0.33477202921797616,8596.664180707352,0.0011099999999999444,0.33477202921797616,99.99153917745421,0.012550000000000061,0.09322293449942674,0.0,134.9926545275894,0.1797395862290898,9.932265919739594,10.023950421156345,19.864531839479188,0.5845688061287404,0.004747505988609847,-0.027046597879905356,-0.013523298939952678,0.578000009059906,0.5879999995231628,4299,1.1691376122574808,0.9932265919739593,0.00828894915980527
10,135,20,1000,0,1.0,10_135_20_1000_0,current,True,4.399788,0.2905,4.690269339,,True,True,True,0.290481339,1.8660999999975392e-05,selection,8563.087412499814,0.0010789999999999411,0.35069534675947417,8563.087412499814,0.0010789999999999411,0.35069534675947417,100.01522680799972,0.012195999999999874,0.0859570749605612,0.0,135.020354665146,0.24118823837891196,9.769735748527696,9.778607507969374,19.53947149705539,1.1028490392756463,0.0044864165391765715,-0.026837408293508575,-0.013418704146754288,1.0980000495910645,1.1069999933242798,4329,1.1028490392756463,0.9769735748527696,0.019411188396816215
10,135,20,1000,1,1.0,10_135_20_1000_1,current,True,4.398017,0.31106174,4.708934,,True,True,True,0.310917,0.00014473999999997655,selection,8559.797249776464,0.0015729999999998245,0.35272100214072255,8559.797249776464,0.0015729999999998245,0.35272100214072255,100.01950997848962,0.012499000000000038,0.09574998611524208,0.0,134.97730473001562,0.27143178170775994,9.859151426698116,9.759424751019555,19.71830285339623,1.1016572415231467,0.0045021389981572775,-0.026242107035869894,-0.013121053517934947,1.0880000591278076,1.1069999933242798,4323,1.1016572415231467,0.9859151426698116,0.023638746733581684
10,180,20,500,0,0.5,10_180_20_500_0,current,True,4.412389,0.28883333333333333,4.701065444,,True,True,True,0.288676444,0.0001568893333333543,selection,8614.569809072425,0.0010630000000002582,0.33013361080573955,8614.569809072425,0.0010630000000002582,0.33013361080573955,100.018646190727,0.012288999999999994,0.09259752304042428,0.0,90.0,0.0,9.897275799641736,9.916737082306355,19.794551599283473,0.4900000095367431,5.551115123125782e-17,7.395569738441467e-32,3.6977848692207335e-32,0.49000000953674316,0.49000000953674316,4294,0.9800000190734862,0.9897275799641736,0.0009434767491711682
10,180,20,500,1,0.5,10_180_20_500_1,current,True,3.430879,1.2695,4.700280144,,True,True,True,1.269401144,9.885600000014705e-05,selection,8656.027904809622,0.00123099999999976,0.3418004478415326,8656.027904809622,0.00123099999999976,0.3418004478415326,100.02124203623285,0.012358000000000091,0.09087377361407403,0.0,90.0,0.0,9.793315253639914,9.766939520733287,19.58663050727983,0.49274850691556926,0.004464382346431996,0.023916870727773334,0.011958435363886667,0.49000000953674316,0.5,4350,0.9854970138311385,0.9793315253639914,0.0009434767491711682
10,180,20,1000,0,1.0,10_180_20_1000_0,current,True,4.418877999999999,0.260618825,4.679416,,True,True,True,0.260538,8.082500000000659e-05,selection,8608.995261629389,0.002345999999999987,0.3725664488485484,8608.995261629389,0.002345999999999987,0.3725664488485484,100.00579714879888,0.012429000000000023,0.09006799204617125,0.0,90.0,0.0,9.88769421807186,9.985421761739325,19.77538843614372,0.9910773225848675,0.005059792874471271,-0.012403798388292787,-0.006201899194146394,0.9900000095367432,1.0190000534057617,4248,0.9910773225848675,0.9887694218071861,0.0009434767491711682
10,180,20,1000,1,1.0,10_180_20_1000_1,current,True,4.419289,0.25990074933333335,4.67913,,True,True,True,0.259841,5.9749333333358745e-05,selection,8503.61212737546,0.0029040000000000177,0.4512568193215498,8503.61212737546,0.0029040000000000177,0.4512568193215498,100.00992114387397,0.012750000000000039,0.09213062615604353,0.0,90.0,0.0,9.805648764210456,9.784710858034636,19.611297528420913,0.9815715851975284,0.005474565629473298,-0.01754062945941897,-0.008770314729709485,0.9800000190734863,1.0089999437332153,4205,0.9815715851975284,0.9805648764210456,0.0009434767491711682
10,225,20,500,0,0.5,10_225_20_500_0,current,True,4.370249,0.2996666666666667,4.669819038,,True,True,True,0.299570038,9.662866666670933e-05,selection,8578.168262309566,0.0011229999999999851,0.357174957963733,8578.168262309566,0.0011229999999999851,0.357174957963733,99.99569739628734,0.012498000000000009,0.08731802851163116,0.0,45.01380800037982,0.1688198849581211,9.858404578738854,9.834087156632211,19.71680915747771,0.462689845096767,0.0035146920946273062,0.008438237989337955,0.004219118994668977,0.460999995470047,0.4699999988079071,4265,0.925379690193534,0.9858404578738854,0.01286452363058288
10,225,20,500,1,0.5,10_225_20_500_1,current,True,4.379793,0.2795,4.65921812,,True,True,True,0.27942512,7.487999999999939e-05,selection,8645.340751043115,0.0013830000000001341,0.3424899529434642,8645.340751043115,0.0013830000000001341,0.3424899529434642,100.01805494908423,0.012417999999999929,0.0935981271598525,0.0,45.03416519929047,0.20536468727387103,10.062510886313374,10.15002850761272,20.12502177262675,0.4612255665442348,0.0014543410663340392,-0.002643183635037191,-0.0013215918175185956,0.460999995470047,0.47999998927116394,4318,0.9224511330884696,1.0062510886313374,0.03322172254127054
10,225,20,1000,0,1.0,10_225_20_1000_0,current,True,4.088723,0.29133333333333333,4.380023793,,True,True,True,0.291300793,3.254033333333073e-05,selection,8614.708878291864,0.002123,0.3598377636660265,8614.708878291864,0.002123,0.3598377636660265,100.01207185049459,0.012227999999999961,0.09143652522943871,0.0,44.957429313178146,0.23772977351130037,9.959781189479207,10.009135813114277,19.919562378958414,0.9599999785423279,0.0,0.0,0.0,0.9599999785423279,0.9599999785423279,4322,0.9599999785423279,0.9959781189479207,0.04351416357110338
10,225,20,1000,1,1.0,10_225_20_1000_1,current,True,4.37105,0.28883333333333333,4.659764192,,True,True,True,0.288714192,0.0001191413333333502,selection,8623.88360307739,0.0022030000000000105,0.35374153007817144,8623.88360307739,0.0022030000000000105,0.35374153007817144,100.045874693762,0.012264000000000053,0.08675340972102487,0.0,45.00008947893631,0.2283040918868693,10.033793641173778,10.075615973842794,20.067587282347557,0.960000221809539,3.2315243879230367e-05,-2.919205438383565e-06,-1.4596027191917824e-06,0.9599999785423279,0.9642929293290531,4277,0.960000221809539,1.0033793641173778,0.0008539978128965231
10,270,20,500,0,0.5,10_270_20_500_0,current,True,3.6996379999999998,0.27975055266666665,3.97931,,True,True,True,0.279672,7.855266666667582e-05,selection,8575.548303862792,0.0013900000000000002,0.35406724225893504,8575.548303862792,0.0013900000000000002,0.35406724225893504,100.00036585499703,0.012334999999999763,0.09224710328432363,0.0,0.0,0.0,9.866589700185692,9.858026015654211,19.733179400371384,0.49175374453091614,0.003802860342823957,-0.016164740131807014,-0.008082370065903507,0.49000000953674316,0.5,4226,0.9835074890618323,0.9866589700185692,0.0009434767491711682
10,270,20,500,1,0.5,10_270_20_500_1,current,True,4.409088,0.2801666666666667,4.689168067,,True,True,True,0.280080067,8.659966666668684e-05,selection,8665.971664362041,0.0011580000000002144,0.3291525578953918,8665.971664362041,0.0011580000000002144,0.3291525578953918,99.98062128595394,0.01272300000000004,0.09570795655213069,0.0,0.0,0.0,9.904072302232997,9.921673821633263,19.808144604465994,0.4902333993141651,0.0015097763941180448,-0.00154107142460028,-0.00077053571230014,0.49000000953674316,0.5,4336,0.9804667986283302,0.9904072302232997,0.0009434767491711682
10,270,20,1000,0,1.0,10_270_20_1000_0,current,True,4.399425,0.27,4.669389312,,True,True,True,0.269964312,3.568800000003369e-05,selection,8586.069141326203,0.0012179999999999414,0.3623995536388872,8586.069141326203,0.0012179999999999414,0.3623995536388872,100.03090204134055,0.01232000000000033,0.0901205545169871,0.0,0.0,0.0,9.881890156649867,9.890171456342436,19.763780313299733,0.9895297899851799,0.002116857247099386,-0.00028408868137166796,-0.00014204434068583398,0.9800000190734863,0.9900000095367432,4299,0.9895297899851799,0.9881890156649866,0.0009434767491711682
10,270,20,1000,1,1.0,10_270_20_1000_1,current,True,2.9314130000000005,1.7398333333333333,4.671092415,,True,True,True,1.739679415,0.00015391833333344707,selection,8562.19882461166,0.0011760000000000659,0.34188689059176547,8562.19882461166,0.0011760000000000659,0.34188689059176547,100.04487101968596,0.012719000000000591,0.08748486204495172,0.0,0.0,0.0,10.003908265763773,9.78933809608495,20.007816531527546,0.9834657224349975,0.004758770930986195,0.02717510191315836,0.01358755095657918,0.9800000190734863,0.9900000095367432,4244,0.9834657224349975,1.0003908265763772,0.0009434767491711682
10,315,20,500,0,0.5,10_315_20_500_0,current,True,2.830211,0.2704532986666667,3.100549,,True,True,True,0.270338,0.00011529866666665223,selection,8566.611867520987,0.0011730000000000074,0.35177575700742725,8566.611867520987,0.0011730000000000074,0.35177575700742725,100.0107197118733,0.01244600000000018,0.0847850997043001,0.0,-45.00178549450778,0.2644573916377382,9.867464165824483,9.94029004871866,19.734928331648966,0.47961508297157285,0.0019237740162745824,0.004441092767842772,0.002220546383921386,0.4699999988079071,0.47999998927116394,4282,0.9592301659431457,0.9867464165824483,0.0027289712570564006
10,315,20,500,1,0.5,10_315_20_500_1,current,True,2.489376,2.1805464619999997,4.6699,,True,True,True,2.180524,2.246199999955678e-05,selection,8598.496165720546,0.001260000000000261,0.3430115691308986,8598.496165720546,0.001260000000000261,0.3430115691308986,99.97626343184217,0.01241800000000004,0.08281160127157064,0.0,-45.015060882014126,0.16384926918208145,10.112190792319915,10.06982524221814,20.22438158463983,0.5239647951791883,0.007678227710966432,0.048606535249324165,0.024303267624662082,0.5099999904632568,0.5389999747276306,4321,1.0479295903583765,1.0112190792319915,0.0160043587633254
10,315,20,1000,0,1.0,10_315_20_1000_0,current,True,2.6089320000000003,2.051099321,4.659923,,True,True,True,2.050991,0.00010832100000035538,selection,8639.097063908068,0.0015690000000003756,0.3613087310291436,8639.097063908068,0.0015690000000003756,0.3613087310291436,100.01054733083194,0.01260099999999964,0.09054806093151584,0.0,-44.97890955112393,0.17252212324041663,9.96796515631739,9.964092295866303,19.93593031263478,1.025785116935015,0.007696558458772621,0.04811137116225137,0.024055685581125686,1.0190000534057617,1.0390000343322754,4340,1.025785116935015,0.9967965156317391,0.02014697212689498
10,315,20,1000,1,1.0,10_315_20_1000_1,current,True,4.371277,0.29002846099999996,4.661292,,True,True,True,0.290015,1.3460999999936885e-05,selection,8590.192146898618,0.0011470000000004532,0.340308902499739,8590.192146898618,0.0011470000000004532,0.340308902499739,99.98735932164674,0.012205999999999939,0.09200604842578072,0.0,-44.97342700298093,0.3412532574973579,9.915012969067655,9.921492553700242,19.83002593813531,0.9890704204232692,0.003921394280345041,0.010603449345572795,0.005301724672786398,0.9700000286102295,0.9900000095367432,4247,0.9890704204232692,0.9915012969067656,0.02562952026983112
10,45,30,500,0,0.5,10_45_30_500_0,current,True,2.478574,0.6911762656666667,3.169613,,True,True,True,0.691039,0.00013726566666671935,transfer,8610.721980635362,0.001344999999999985,0.3696936664997329,8610.721980635362,0.001344999999999985,0.3696936664997329,99.97822111849904,0.012188000000000088,0.08578016995021868,0.0,-134.98598816365165,0.15059806305903434,14.941099341311299,15.148456274590584,29.882198682622597,0.5814406724452972,0.011186291054206448,-0.07400685617382452,-0.03700342808691226,0.5680000185966492,0.6079999804496765,4337,1.1628813448905944,0.9960732894207532,0.01306835959911723
10,45,30,500,1,0.5,10_45_30_500_1,current,True,2.879572,0.2905,3.170000783,,True,True,True,0.290428783,7.121699999995679e-05,transfer,8589.801889803175,0.0011569999999996305,0.3533780202732348,8589.801889803175,0.0011569999999996305,0.3533780202732348,100.04970305423659,0.012421000000000015,0.088796186620372,0.0,-135.00300958314264,0.1247336201499564,14.981026210772106,14.98698633587211,29.96205242154421,0.6152280607882739,0.012394558812807464,-0.08275505031558174,-0.04137752515779087,0.5879999995231628,0.6370000243186951,4261,1.2304561215765477,0.9987350807181403,0.003953059891870225
10,45,30,1000,0,1.0,10_45_30_1000_0,current,True,2.899104,0.32019816366666665,3.219151,,True,True,True,0.320047,0.0001511636666666205,transfer,8538.936200274093,0.0011299999999999921,0.3471023675368228,8538.936200274093,0.0011299999999999921,0.3471023675368228,99.97890353411665,0.012316999999999911,0.09258903507203879,0.0,-134.9688287716852,0.22620293364291513,14.898924055082276,15.016933965466936,29.79784811016455,1.1399970848021508,0.01636223639682189,-0.110687186762347,-0.0553435933811735,1.1069999933242798,1.1660000085830688,4360,1.1399970848021508,0.9932616036721517,0.030227751565576
10,45,30,1000,1,1.0,10_45_30_1000_1,current,True,2.879649,0.31983333333333336,3.199353342,,True,True,True,0.319704342,0.00012899133333338364,transfer,8604.945417185982,0.001691999999999999,0.36687418351885637,8604.945417185982,0.001691999999999999,0.36687418351885637,99.98391950018721,0.012099999999999778,0.08478533272037131,0.0,-134.9922859132331,0.19164011554413485,14.96804315841745,15.100256128912582,29.9360863168349,1.1358400847287178,0.014722948239428733,-0.09979540664020171,-0.04989770332010086,1.1069999933242798,1.1660000085830688,4300,1.1358400847287178,0.9978695438944967,0.006770610017667877
10,90,30,1000,0,1.0,10_90_30_1000_0,current,True,2.8908709999999997,0.2793318026666667,3.17012,,True,True,True,0.279249,8.280266666665925e-05,transfer,8559.161851430037,0.0013440000000000119,0.34610171456044836,8559.161851430037,0.0013440000000000119,0.34610171456044836,100.00557215797949,0.012631999999999977,0.08848644423561651,0.0,180.0,0.0,15.043482846716127,15.011272962263156,30.086965693432255,1.1628152152082918,0.024350411604116957,-0.16573377018414556,-0.08286688509207278,1.1269999742507935,1.2050000429153442,4321,1.1628152152082918,1.002898856447742,0.0009434767491711682
10,90,30,1000,1,1.0,10_90_30_1000_1,current,True,2.869523,0.2904254273333333,3.159872,,True,True,True,0.290349,7.642733333329543e-05,transfer,8588.533460874785,0.0014379999999998283,0.3774386225847099,8588.533460874785,0.0014379999999998283,0.3774386225847099,100.01223023460639,0.012258999999999798,0.08791409297279065,0.0,180.0,0.0,14.902355315490698,14.972583886237974,29.804710630981397,1.158476064798832,0.02589207032414898,-0.17791047349852304,-0.08895523674926152,1.1169999837875366,1.1959999799728394,4184,1.158476064798832,0.9934903543660466,0.0009434767491711682
10,135,30,500,0,0.5,10_135_30_500_0,current,True,2.858068,0.2813333333333333,3.139317809,,True,True,True,0.281249809,8.352433333330689e-05,transfer,8508.386907508755,0.0016050000000000786,0.36326728604297687,8508.386907508755,0.0016050000000000786,0.36326728604297687,100.04548896099283,0.012153999999999998,0.09412956338506824,0.0,134.98111190037397,0.1568556421024965,14.812980910988014,14.810827983421355,29.625961821976027,0.5802661735653878,0.00725937932086243,-0.04625091455589879,-0.023125457277949395,0.5680000185966492,0.5879999995231628,4303,1.1605323471307756,0.9875320607325342,0.019831576375281657
10,135,30,500,1,0.5,10_135_30_500_1,current,True,2.879773,0.28042312033333333,3.160099,,True,True,True,0.280326,9.712033333331149e-05,transfer,8600.700164435737,0.0014399999999999968,0.3811217135759096,8600.700164435737,0.0014399999999999968,0.3811217135759096,99.9986186377005,0.01221199999999989,0.08980577101850859,0.0,134.98703539710007,0.1349505062023681,14.910544987411633,15.06563951238695,29.821089974823266,0.5816766055536271,0.006732170971891705,-0.041812702221954955,-0.020906351110977477,0.5680000185966492,0.5979999899864197,4322,1.1633532111072542,0.9940363324941088,0.013908079649127103
10,135,30,1000,0,1.0,10_135_30_1000_0,current,True,2.868875,0.301020324,3.169814,,True,True,True,0.300939,8.132399999999373e-05,transfer,8645.748631104461,0.0010630000000000361,0.32316355713536044,8645.748631104461,0.0010630000000000361,0.32316355713536044,99.98416673019521,0.012282000000000015,0.09323711979331911,0.0,134.97978119776045,0.18318987940503179,14.943608878382717,15.00979395952942,29.887217756765434,1.0966581110717057,0.006570621572221017,-0.04085728635619329,-0.020428643178096645,1.0880000591278076,1.1069999933242798,4334,1.0966581110717057,0.9962405918921812,0.021162278988754224
10,135,30,1000,1,1.0,10_135_30_1000_1,current,True,1.788496,0.29034678233333333,2.078805,,True,True,True,0.290309,3.778233333334713e-05,transfer,8647.555078765137,0.0012330000000000396,0.342251509599483,8647.555078765137,0.0012330000000000396,0.342251509599483,100.02041472394365,0.012403999999999638,0.09162964049581031,0.0,135.00139978845434,0.1280278725215993,14.665333395345339,14.741782207885631,29.330666790690678,1.093033198360602,0.0065791579805351405,-0.040002174631989386,-0.020001087315994693,1.0779999494552612,1.1069999933242798,4292,1.093033198360602,0.9776888930230226,0.0004563117050793153
10,180,30,500,0,0.5,10_180_30_500_0,current,True,1.78065,0.3003799853333333,2.080876,,True,True,True,0.300226,0.00015398533333332853,transfer,8662.754990611684,0.0013019999999999143,0.3407869806915112,8662.754990611684,0.0013019999999999143,0.3407869806915112,100.00695062970652,0.01222899999999999,0.09288550708491596,0.0,90.0,0.0,14.892241928920363,14.954559713818277,29.784483857840726,0.4900000095367431,5.551115123125783e-17,0.0,0.0,0.49000000953674316,0.49000000953674316,4345,0.9800000190734862,0.9928161285946909,0.0009434767491711682
10,180,30,500,1,0.5,10_180_30_500_1,current,True,2.879982,0.2895,3.169388629,,True,True,True,0.289406629,9.337099999995324e-05,transfer,8659.896798792819,0.0012119999999999909,0.34809963022259655,8659.896798792819,0.0012119999999999909,0.34809963022259655,100.01580895044702,0.012342999999999993,0.0890520679672563,0.0,90.0,0.0,14.778570048639565,14.853930518521281,29.55714009727913,0.4858815411904454,0.004921685220193131,0.02681802814838561,0.013409014074192805,0.47999998927116394,0.49000000953674316,4344,0.9717630823808908,0.9852380032426377,0.0009434767491711682
10,180,30,1000,0,1.0,10_180_30_1000_0,current,True,2.88031,0.300011916,3.18019,,True,True,True,0.29988,0.0001319160000000097,transfer,8572.532453095804,0.0013609999999997235,0.3614343828368755,8572.532453095804,0.0013609999999997235,0.3614343828368755,99.97414158566612,0.012707000000000024,0.09053931412830443,0.0,90.0,0.0,14.784689735654682,14.671726122751366,29.569379471309365,0.9880021614420414,0.003998382783645161,0.01654820577721359,0.008274102888606794,0.9800000190734863,0.9900000095367432,4232,0.9880021614420414,0.9856459823769789,0.0009434767491711682
10,180,30,1000,1,1.0,10_180_30_1000_1,current,True,2.890325,0.28084738833333334,3.171156,,True,True,True,0.280831,1.6388333333339222e-05,transfer,8637.234383253899,0.0013160000000000949,0.3232606547479502,8637.234383253899,0.0013160000000000949,0.3232606547479502,100.01698513297819,0.012316999999999911,0.08810257808262045,0.0,90.0,0.0,14.779843101125762,14.89898424296916,29.559686202251523,0.9818226140019894,0.0038605802193460038,0.01775338087073142,0.00887669043536571,0.9800000190734863,0.9900000095367432,4326,0.9818226140019894,0.9853228734083841,0.0009434767491711682
10,225,30,500,0,0.5,10_225_30_500_0,current,True,1.6695720000000003,1.4908333333333332,3.160286779,,True,True,True,1.490714779,0.00011855433333329835,transfer,8588.138208592165,0.0013660000000000894,0.3622652009282719,8588.138208592165,0.0013660000000000894,0.3622652009282719,100.02954088780605,0.012554999999999872,0.0922872730213857,0.0,45.015898832726386,0.13847736137265088,15.037273413272876,15.037440072118926,30.074546826545753,0.5101043204344711,0.008966587372372143,0.05798239930157366,0.02899119965078683,0.49000000953674316,0.5289999842643738,4252,1.0202086408689421,1.0024848942181916,0.01495535597723574
10,225,30,500,1,0.5,10_225_30_500_1,current,True,2.879848,0.2901826236666667,3.169999,,True,True,True,0.290151,3.1623666666702466e-05,transfer,8575.151192839396,0.0011969999999998926,0.34469739608113165,8575.151192839396,0.0011969999999998926,0.34469739608113165,100.01484091187724,0.012478999999999907,0.09422215901182952,0.0,45.00049541996733,0.26227123839132105,14.863550479605097,15.044705435170771,29.727100959210194,0.460999995470047,0.0,0.0,0.0,0.460999995470047,0.460999995470047,4281,0.921999990940094,0.9909033653070065,0.0004480567819200587
10,225,30,1000,0,1.0,10_225_30_1000_0,current,True,2.870884,0.2796666666666667,3.150482868,,True,True,True,0.279598868,6.779866666667411e-05,transfer,8650.418156849293,0.002024999999999999,0.3353969671822954,8650.418156849293,0.002024999999999999,0.3353969671822954,100.00249297999495,0.012233999999999967,0.08791311775213811,0.0,44.9809292535332,0.13986078944291763,14.85553150875548,14.88780164353964,29.71106301751096,0.9601705060627859,0.0012946830142164646,-0.0020114360147361404,-0.0010057180073680702,0.9599999785423279,0.9700000286102295,4375,0.9601705060627859,0.9903687672503653,0.02001422321609425
10,225,30,1000,1,1.0,10_225_30_1000_1,current,True,1.770534,1.3798419243333333,3.150217,,True,True,True,1.379683,0.00015892433333331013,transfer,8615.712053372392,0.0012599999999998168,0.3451515716687265,8615.712053372392,0.0012599999999998168,0.3451515716687265,100.01561647344937,0.012271000000000143,0.10027789840069846,0.0,45.00404262510576,0.1422399321932062,14.85360566967585,14.980163557242948,29.7072113393517,1.0009834734293221,0.010092766666877693,0.0662712907346696,0.0331356453673348,0.9800000190734863,1.0190000534057617,4318,1.0009834734293221,0.99024037797839,0.0030991483565685485
10,270,30,500,0,0.5,10_270_30_500_0,current,True,2.8894670000000002,0.2911666666666667,3.180500544,,True,True,True,0.291033544,0.00013312266666670736,transfer,8628.396690208505,0.0014939999999998843,0.3555084862984083,8628.396690208505,0.0014939999999998843,0.3555084862984083,100.0043110362822,0.012259999999999938,0.08826840060380886,0.0,0.0,0.0,14.878361012785977,15.003223261142594,29.756722025571953,0.48621119852518047,0.004851092456008034,-0.028239656500109463,-0.014119828250054731,0.47999998927116394,0.49000000953674316,4318,0.9724223970503609,0.9918907341857318,0.0009434767491711682
10,270,30,500,1,0.5,10_270_30_500_1,current,True,2.159458,1.0201973456666666,3.179644,,True,True,True,1.020186,1.1345666666606746e-05,transfer,8584.642546065617,0.001266999999999907,0.3798148747613195,8584.642546065617,0.001266999999999907,0.3798148747613195,100.01132481178016,0.01229300000000011,0.09269267773268758,0.0,0.0,0.0,15.033397002273908,14.974614744382112,30.066794004547816,0.4800043826134006,0.00020955717583605893,5.269786457106481e-05,2.6348932285532406e-05,0.47999998927116394,0.49000000953674316,4336,0.9600087652268012,1.0022264668182606,0.0009434767491711682
10,270,30,1000,0,1.0,10_270_30_1000_0,current,True,2.879706,0.2803333333333333,3.16000982,,True,True,True,0.28030382,2.951333333334194e-05,transfer,8578.381661086365,0.001084000000000085,0.35556079226195525,8578.381661086365,0.001084000000000085,0.35556079226195525,100.0301845469159,0.012096000000000107,0.08941666688257889,0.0,0.0,0.0,14.692222460254866,14.664585666192437,29.384444920509733,0.9864839862232209,0.004774702049613094,-0.027357359174232522,-0.013678679587116261,0.9800000190734863,0.9900000095367432,4302,0.9864839862232209,0.9794814973503244,0.0009434767491711682
10,270,30,1000,1,1.0,10_270_30_1000_1,current,True,2.8904829999999997,0.2796666666666667,3.170086761,,True,True,True,0.279603761,6.29056666666683e-05,transfer,8585.107895361405,0.0013390000000002011,0.36313060539143777,8585.107895361405,0.0013390000000002011,0.36313060539143777,100.0413484508242,0.012615000000000265,0.08938069549706809,0.0,0.0,0.0,14.87290841377969,14.88475263168317,29.74581682755938,0.9861874198393823,0.005313662724888344,-0.03144083363222047,-0.015720416816110236,0.9800000190734863,1.0,4293,0.9861874198393823,0.9915272275853126,0.0009434767491711682
10,315,30,500,0,0.5,10_315_30_500_0,current,True,2.8687889999999996,0.28104751400000005,3.149761,,True,True,True,0.280972,7.551400000005426e-05,transfer,8574.344576749027,0.002141000000000004,0.4107425286177014,8574.344576749027,0.002141000000000004,0.4107425286177014,99.9792125332299,0.01261499999999982,0.09256449971975565,0.0,-44.998733832654395,0.12745367473433192,14.824053679623999,14.695941087398845,29.648107359247998,0.47999998927116394,0.0,0.0,0.0,0.47999998927116394,0.47999998927116394,4176,0.9599999785423279,0.9882702453082666,0.00032269059636291786
10,315,30,500,1,0.5,10_315_30_500_1,current,True,2.8780520000000003,0.2806769496666667,3.158717,,True,True,True,0.280665,1.1949666666677405e-05,transfer,8547.767504943971,0.0012940000000001284,0.3543829051364439,8547.767504943971,0.0012940000000001284,0.3543829051364439,100.00689197056103,0.012390000000000012,0.08863687616042636,0.0,-45.010313706357586,0.10832478028022902,14.983372481485066,15.082413257155176,29.966744962970132,0.47999998927116394,0.0,0.0,0.0,0.47999998927116394,0.47999998927116394,4269,0.9599999785423279,0.9988914987656711,0.011257183106863522
10,315,30,1000,0,1.0,10_315_30_1000_0,current,True,2.87907,0.2808737823333333,3.159818,,True,True,True,0.280748,0.00012578233333332411,transfer,8521.12729708553,0.0011840000000000739,0.3502134227073289,8521.12729708553,0.0011840000000000739,0.3502134227073289,100.01542759968255,0.012465999999999866,0.0953776080060551,0.0,-45.01170886644425,0.14672106668894003,14.91650610781303,14.626287103883934,29.83301221562606,0.9896440832095147,0.0021538432377980338,0.004161897256726214,0.002080948628363107,0.9700000286102295,0.9900000095367432,4237,0.9896440832095147,0.9944337405208686,0.012652343193508386
10,315,30,1000,1,1.0,10_315_30_1000_1,current,True,2.869436,0.2901666666666667,3.159472974,,True,True,True,0.290036974,0.0001296926666666809,transfer,8603.082436708906,0.0016740000000000088,0.37789838911981044,8603.082436708906,0.0016740000000000088,0.37789838911981044,99.99478033111468,0.012360999999999844,0.08890779367874196,0.0,-45.00209836929595,0.1627990350846914,14.962512605036146,15.127393279088428,29.92502521007229,0.9899589029092789,0.0006398250759372443,0.000491253042215417,0.0002456265211077085,0.9800000190734863,0.9900000095367432,4246,0.9899589029092789,0.997500840335743,0.003041846045107377
10,0,40,500,0,0.5,10_0_40_500_0,current,True,1.57038,0.29055006099999997,1.860891,,True,True,True,0.290511,3.9060999999951385e-05,support,8570.644681000054,0.0012510000000000021,0.3527538639680685,8570.644681000054,0.0012510000000000021,0.3527538639680685,99.98065508397801,0.012042999999999915,0.09483947768838434,0.0,-90.0,0.0,19.74807585886208,19.821474712329785,39.49615171772416,0.5392334558966161,0.0015100695094912334,-0.0027287871052899997,-0.0013643935526449998,0.5389999747276306,0.5490000247955322,4224,1.0784669117932322,0.987403792943104,0.0009434767492280116
10,0,40,500,1,0.5,10_0_40_500_1,current,True,2.119917,0.29989771633333334,2.419714,,True,True,True,0.299797,0.00010071633333336161,support,8651.80397930864,0.0021750000000000103,0.3751054172227307,8651.80397930864,0.0021750000000000103,0.3751054172227307,100.00592342777226,0.012348000000000026,0.08864848526059096,0.0,-90.0,0.0,19.81517222699018,19.85964448062481,39.63034445398036,0.5390384582536419,0.0006191576577320244,-0.00046002631207166765,-0.00023001315603583383,0.5389999747276306,0.5490000247955322,4335,1.0780769165072839,0.990758611349509,0.0009434767492280116
10,0,40,1000,0,1.0,10_0_40_1000_0,current,True,2.1283890000000003,0.2905,2.418726652,,True,True,True,0.290337652,0.00016234799999997884,support,8551.572391459706,0.0012490000000000556,0.37372878227333384,8551.572391459706,0.0012490000000000556,0.37372878227333384,99.98554055259702,0.012134999999999785,0.08936485856341529,0.0,-90.0,0.0,19.738446947690257,19.782868222196186,39.47689389538051,1.073627643625021,0.004960439328496205,-0.02662745602779255,-0.013313728013896275,1.0679999589920044,1.0779999494552612,4269,1.073627643625021,0.9869223473845128,0.0009434767492280116
10,0,40,1000,1,1.0,10_0_40_1000_1,current,True,1.04056,0.290540323,1.33104,,True,True,True,0.29048,6.032299999997326e-05,support,8650.749868009927,0.0016439999999999996,0.3650596103586617,8650.749868009927,0.0016439999999999996,0.3650596103586617,100.05006336504015,0.012420999999999793,0.09735318036150509,0.0,-90.0,0.0,19.912944302207777,19.761091360445707,39.82588860441555,1.0610027628985645,0.004674240034327995,-0.02322225077565245,-0.011611125387826224,1.0490000247955322,1.0679999589920044,4318,1.0610027628985645,0.9956472151103888,0.0009434767492280116
10,45,40,500,0,0.5,10_45_40_500_0,current,True,2.109263,0.28983333333333333,2.399080438,,True,True,True,0.289817438,1.5895333333348916e-05,selection,8697.093761913238,0.0011200000000000099,0.32694296666402284,8697.093761913238,0.0011200000000000099,0.32694296666402284,99.99524926785088,0.01223200000000002,0.08856006128549333,0.0,-135.0129246717415,0.1449157180976669,19.805176553912574,19.659378266075887,39.61035310782515,0.607566980245928,0.015954754011686226,-0.10796765617823158,-0.05398382808911579,0.578000009059906,0.6370000243186951,4313,1.215133960491856,0.9902588276956287,0.013868148490729482
10,45,40,500,1,0.5,10_45_40_500_1,current,True,2.120584,0.300521471,2.420965,,True,True,True,0.300381,0.00014047099999997537,selection,8561.788951215212,0.0026619999999999977,0.40343344877987414,8561.788951215212,0.0026619999999999977,0.40343344877987414,99.99471292322475,0.012236999999999998,0.09346580611701148,0.0,-135.00116219480353,0.08658397780858705,19.698883789083432,19.60815011744543,39.397767578166864,0.6069866564823985,0.017192225934706967,-0.11690917117168613,-0.058454585585843065,0.578000009059906,0.6370000243186951,4185,1.213973312964797,0.9849441894541716,0.002105671552754984
10,45,40,1000,0,1.0,10_45_40_1000_0,current,True,1.810288,0.319615808,2.129902,,True,True,True,0.319614,1.8079999999920382e-06,selection,8580.235838550818,0.0012940000000000174,0.3532455612154965,8580.235838550818,0.0012940000000000174,0.3532455612154965,99.97938409599261,0.012086999999999959,0.09263636093654691,0.0,-135.00749683912196,0.12020082299355295,19.908404071994397,19.882432226277746,39.816808143988794,1.1258994037811756,0.02097461597558242,-0.14281474738674574,-0.07140737369337287,1.0880000591278076,1.156000018119812,4268,1.1258994037811756,0.9954202035997198,0.008440315871183657
10,45,40,1000,1,1.0,10_45_40_1000_1,current,True,2.1076539999999997,0.3115,2.419000953,,True,True,True,0.311346953,0.00015304700000001725,selection,8564.210558500576,0.0011839999999998518,0.3614464981633764,8564.210558500576,0.0011839999999998518,0.3614464981633764,100.02586875916184,0.01245900000000022,0.09326226832919507,0.0,-134.9902553977753,0.10190169530850283,19.842111973180224,19.954445679228144,39.68422394636045,1.1289266519697905,0.01919777876486475,-0.13088622264086835,-0.06544311132043418,1.0980000495910645,1.1660000085830688,4228,1.1289266519697905,0.9921055986590112,0.00880112547548606
10,90,40,500,0,0.5,10_90_40_500_0,current,True,2.122067,0.2987050816666667,2.420766,,True,True,True,0.298699,6.081666666712948e-06,support,8527.453129409714,0.0026710000000000067,0.39981255995897597,8527.453129409714,0.0026710000000000067,0.39981255995897597,99.96648633121079,0.012221999999999955,0.0881178064006608,0.0,180.0,0.0,19.660191217719774,19.717489235527083,39.32038243543955,0.6300591792496641,0.02685226904296021,-0.18411852605040605,-0.09205926302520302,0.5879999995231628,0.6759999990463257,4273,1.2601183584993283,0.9830095608859887,0.0009434767491711682
10,90,40,500,1,0.5,10_90_40_500_1,current,True,1.8302850000000002,0.300097768,2.130304,,True,True,True,0.300019,7.876800000000683e-05,support,8631.434935408663,0.0013879999999999448,0.34653090035295864,8631.434935408663,0.0013879999999999448,0.34653090035295864,99.99908046822559,0.012309000000000125,0.08944867944979493,0.0,180.0,0.0,19.886953982958424,19.96966805450947,39.77390796591685,0.6319463959010243,0.026161450675008486,-0.1794959861028579,-0.08974799305142896,0.5879999995231628,0.6759999990463257,4307,1.2638927918020486,0.9943476991479212,0.0009434767491711682
10,90,40,1000,0,1.0,10_90_40_1000_0,current,True,2.118067,0.30085822533333334,2.418898,,True,True,True,0.300831,2.7225333333324997e-05,selection,8622.822180236053,0.0013360000000000039,0.36849984241940553,8622.822180236053,0.0013360000000000039,0.36849984241940553,99.9631553427434,0.012844999999999995,0.0952286046384628,0.0,180.0,0.0,19.929322158556143,19.790000915527344,39.85864431711229,1.1445083301027617,0.030497747827485155,-0.2076205004792336,-0.1038102502396168,1.0980000495910645,1.1959999799728394,4263,1.1445083301027617,0.9964661079278072,0.0009434767491711682
10,90,40,1000,1,1.0,10_90_40_1000_1,current,True,1.889738,0.2991666666666667,2.188760437,,True,True,True,0.299022437,0.00014422966666671755,selection,8544.036198247435,0.001346999999999987,0.3557357900270479,8544.036198247435,0.001346999999999987,0.3557357900270479,100.01742611308816,0.012358000000000008,0.0850872500102321,0.0,180.0,0.0,19.81956017683333,20.199001911084736,39.63912035366666,1.1417162025478285,0.029486036279037717,-0.20180098100903796,-0.10090049050451898,1.0980000495910645,1.1959999799728394,4233,1.1417162025478285,0.9909780088416665,0.0009434767491711682
10,135,40,500,0,0.5,10_135_40_500_0,current,True,2.10758,0.30118126933333333,2.408612,,True,True,True,0.301032,0.00014926933333331283,selection,8542.217494614482,0.0010580000000000034,0.34711913249400517,8542.217494614482,0.0010580000000000034,0.34711913249400517,100.01751264493438,0.012417000000000122,0.09429924890112865,0.0,134.99553860949575,0.12020378855715136,19.943991960115465,19.984572407327278,39.88798392023093,0.5747514337473909,0.010222417763538197,-0.06829041859559876,-0.03414520929779938,0.5590000152587891,0.5879999995231628,4265,1.1495028674947818,0.9971995980057733,0.005404867253446355
10,135,40,500,1,0.5,10_135_40_500_1,current,True,1.390549,0.29051387133333334,1.68093,,True,True,True,0.290381,0.00013287133333333978,selection,8620.221349135605,0.0012810000000000876,0.3572968016496236,8620.221349135605,0.0012810000000000876,0.3572968016496236,100.02322378299328,0.012453999999999965,0.09120777715776936,0.0,135.0139596240366,0.10889966632549598,19.782971149377065,19.661887458411968,39.56594229875413,0.5753176301514307,0.010330872720435175,-0.06873011261697809,-0.034365056308489045,0.5590000152587891,0.5879999995231628,4329,1.1506352603028613,0.9891485574688532,0.013016147287316926
10,135,40,1000,0,1.0,10_135_40_1000_0,current,True,1.249544,1.1702168666666666,2.419752,,True,True,True,1.170208,8.866666666662582e-06,selection,8629.355124672833,0.0015280000000000016,0.37000355021717785,8629.355124672833,0.0015280000000000016,0.37000355021717785,100.0208472570528,0.012096000000000107,0.08467272126217351,0.0,135.0013075872211,0.1730030235476221,19.921771404208258,19.905563509026457,39.843542808416515,1.0096443729043005,0.011133839193701714,-0.07232111102060278,-0.03616055551030139,0.9900000095367432,1.0290000438690186,4303,1.0096443729043005,0.9960885702104129,0.00036411047187812073
10,135,40,1000,1,1.0,10_135_40_1000_1,current,True,2.0991560000000002,0.2809298393333333,2.38004,,True,True,True,0.280884,4.583933333329737e-05,selection,8550.933270883128,0.0013440000000000119,0.35354190623700815,8550.933270883128,0.0013440000000000119,0.35354190623700815,100.04434916167818,0.012638000000000149,0.09396484524938623,0.0,134.99894336673455,0.07900083537843441,19.857366813780388,19.959665534470403,39.714733627560776,1.0888837250421444,0.011175272064519508,-0.07366804113449152,-0.03683402056724576,1.0679999589920044,1.1069999933242798,4222,1.0888837250421444,0.9928683406890194,0.0020001100147055695
10,180,40,500,0,0.5,10_180_40_500_0,current,True,1.8700890000000001,0.2993266626666667,2.169385,,True,True,True,0.299296,3.066266666668094e-05,selection,8632.57726879607,0.0015059999999999995,0.3332572768195932,8632.57726879607,0.0015059999999999995,0.3332572768195932,99.97077482712908,0.012116000000000016,0.08718233808157777,0.0,90.0,0.0,19.736170061214548,19.776384436415253,39.472340122429095,0.4900000095367431,5.551115123125782e-17,1.1093354666413378e-31,5.546677333206689e-32,0.49000000953674316,0.49000000953674316,4293,0.9800000190734862,0.9868085030607274,0.0009434767491711682
10,180,40,500,1,0.5,10_180_40_500_1,current,True,1.840681,0.57016326,2.410711,,True,True,True,0.57003,0.0001332599999999129,selection,8652.222302202092,0.0013019999999999143,0.33817590055033064,8652.222302202092,0.0013019999999999143,0.33817590055033064,99.97522836008412,0.012211000000000027,0.0908758013127921,0.0,90.0,0.0,19.928962052114322,20.252706615684552,39.857924104228644,0.4932879564011097,0.004697748684685338,0.026482633251650706,0.013241316625825353,0.49000000953674316,0.5,4359,0.9865759128022193,0.9964481026057161,0.0009434767491711682
10,180,40,1000,0,1.0,10_180_40_1000_0,current,True,2.1217639999999998,0.29946022,2.42121,,True,True,True,0.299446,1.4220000000009225e-05,selection,8581.102404006382,0.0009220000000000894,0.33634507132903546,8581.102404006382,0.0009220000000000894,0.33634507132903546,100.04832592569622,0.012290000000000134,0.08513704716861276,0.0,90.0,0.0,19.707457594067655,19.715769110484676,39.41491518813531,0.9878908915481569,0.004079556481036737,0.01798280995655333,0.008991404978276664,0.9800000190734863,0.9900000095367432,4265,0.9878908915481569,0.9853728797033827,0.0009434767491711682
10,180,40,1000,1,1.0,10_180_40_1000_1,current,True,2.1098230000000004,0.2991841816666667,2.408987,,True,True,True,0.299164,2.0181666666729825e-05,selection,8621.368776531861,0.0012700000000001044,0.32476961807656324,8621.368776531861,0.0012700000000001044,0.32476961807656324,100.03644450394567,0.01255700000000004,0.0951517999035881,0.0,90.0,0.0,19.79517200474803,19.826414924156694,39.59034400949606,0.9840125585801602,0.004901518489974438,0.028829887232253472,0.014414943616126736,0.9800000190734863,0.9900000095367432,4275,0.9840125585801602,0.9897586002374015,0.0009434767491711682
10,225,40,500,0,0.5,10_225_40_500_0,current,True,2.122171,0.299225666,2.421319,,True,True,True,0.299148,7.766599999997625e-05,selection,8600.038374370479,0.0015920000000000378,0.3614256132022184,8600.038374370479,0.0015920000000000378,0.3614256132022184,99.9874160324309,0.012421999999999933,0.09421089634355412,0.0,45.001436783225515,0.09796710468070557,19.957177093419215,19.9412784940416,39.91435418683843,0.461778684758842,0.0025301875799684913,0.0025770946143257125,0.0012885473071628563,0.460999995470047,0.4699999988079071,4272,0.923557369517684,0.9978588546709608,0.0004933064763008588
10,225,40,500,1,0.5,10_225_40_500_1,current,True,2.1197999999999997,0.2808214686666667,2.400511,,True,True,True,0.280711,0.00011046866666669652,selection,8592.494061757718,0.0012369999999999326,0.35070421833277454,8592.494061757718,0.0012369999999999326,0.35070421833277454,100.00680654690947,0.01244500000000004,0.09247991338833117,0.0,45.00253212780455,0.09543953817770046,19.62154423701381,19.857275554642996,39.24308847402762,0.4613356565945347,0.0017053688311585195,-0.003877709730624435,-0.0019388548653122176,0.460999995470047,0.4699999988079071,4351,0.9226713131890694,0.9810772118506905,0.0015886510552718391
10,225,40,1000,0,1.0,10_225_40_1000_0,current,True,2.118941,0.28,2.398781346,,True,True,True,0.279840346,0.00015965400000000907,selection,8591.518498810376,0.0013250000000000206,0.369222890298577,8591.518498810376,0.0013250000000000206,0.369222890298577,100.00352502846845,0.01221199999999989,0.09122514395744681,0.0,45.030646374182524,0.08275553186679473,19.977536516237375,20.274994240584775,39.95507303247475,0.9599999785423279,0.0,0.0,0.0,0.9599999785423279,0.9599999785423279,4256,0.9599999785423279,0.9988768258118688,0.029702897433253383
10,225,40,1000,1,1.0,10_225_40_1000_1,current,True,2.108884,0.29052396533333336,2.399338,,True,True,True,0.290454,6.996533333336608e-05,selection,8548.700445909284,0.0013460000000000694,0.3684422666990721,8548.700445909284,0.0013460000000000694,0.3684422666990721,100.00705030546216,0.012037999999999993,0.08495646216888104,0.0,44.990485849,0.08715480463549595,19.722135935151815,19.214449992038087,39.44427187030363,0.9599999785423279,0.0,0.0,0.0,0.9599999785423279,0.9599999785423279,4231,0.9599999785423279,0.9861067967575907,0.010457627749246967
10,270,40,500,0,0.5,10_270_40_500_0,current,True,2.1402590000000004,0.2893830796666667,2.429638,,True,True,True,0.289379,4.079666666712001e-06,selection,8616.035644117439,0.0009170000000000003,0.33010289033020485,8616.035644117439,0.0009170000000000003,0.33010289033020485,100.02015731906124,0.012237000000000053,0.09066752026480142,0.0,0.0,0.0,19.561220902166152,19.546246586245193,39.122441804332304,0.48420812446584305,0.004936905448800014,-0.028321053162806076,-0.014160526581403038,0.47999998927116394,0.49000000953674316,4213,0.9684162489316861,0.9780610451083076,0.0009434767491711682
10,270,40,500,1,0.5,10_270_40_500_1,current,True,2.140134,0.2808979543333333,2.420923,,True,True,True,0.280789,0.00010895433333329985,selection,8647.457846758076,0.0011920000000000819,0.34504942851554515,8647.457846758076,0.0011920000000000819,0.34504942851554515,100.03724463569515,0.01203700000000002,0.08803623324316562,0.0,0.0,0.0,19.482349921471535,19.639799411732287,38.96469984294307,0.48453514179522794,0.004978354018308529,-0.029216682027088218,-0.014608341013544109,0.47999998927116394,0.49000000953674316,4308,0.9690702835904559,0.9741174960735768,0.0009434767491711682
10,270,40,1000,0,1.0,10_270_40_1000_0,current,True,2.1316800000000002,0.2991666666666667,2.430775017,,True,True,True,0.299095017,7.164966666667327e-05,selection,8606.417628806968,0.0012929999999999886,0.3793520006874502,8606.417628806968,0.0012929999999999886,0.3793520006874502,99.98305306552288,0.012462000000000195,0.09297350590195946,0.0,0.0,0.0,19.907895858975248,19.983153554394438,39.815791717950496,0.983868122051239,0.0048701922181699385,-0.028462555157681424,-0.014231277578840712,0.9800000190734863,0.9900000095367432,4187,0.983868122051239,0.9953947929487624,0.0009434767491711682
10,270,40,1000,1,1.0,10_270_40_1000_1,current,True,1.430014,0.9706666666666667,2.400630594,,True,True,True,0.970616594,5.007266666667842e-05,selection,8535.675627430375,0.0011420000000001984,0.3523982917011255,8535.675627430375,0.0011420000000001984,0.3523982917011255,99.98345861897847,0.012348000000000026,0.09386079890035116,0.0,0.0,0.0,19.925857128547936,20.409073364170595,39.85171425709587,0.9937147339651587,0.013855648469283142,0.09091007564568183,0.04545503782284092,0.9800000190734863,1.0190000534057617,4322,0.9937147339651587,0.9962928564273967,0.0009434767491711682
10,315,40,500,0,0.5,10_315_40_500_0,current,True,1.268773,0.28034088966666665,1.549032,,True,True,True,0.280259,8.188966666666797e-05,selection,8582.747995176942,0.0013659999999999998,0.3580864461940365,8582.747995176942,0.0013659999999999998,0.3580864461940365,100.00544090904562,0.012546999999999975,0.09310362619611737,0.0,-45.02227744508176,0.1264270309693245,19.870347029214056,19.905956951092026,39.74069405842811,0.4799588326437473,0.000640212475421726,0.0004918485493529299,0.00024592427467646496,0.4699999988079071,0.47999998927116394,4266,0.9599176652874946,0.9935173514607027,0.023220921831011765
10,315,40,500,1,0.5,10_315_40_500_1,current,True,1.1907800000000002,1.2091666666666667,2.39991789,,True,True,True,1.20913789,2.8776666666674444e-05,selection,8579.837437378332,0.0011610000000001897,0.34273576851232185,8579.837437378332,0.0011610000000001897,0.34273576851232185,100.04079441283278,0.012515000000000054,0.09426815492107116,0.0,-45.00169146135714,0.12450018625918347,20.179281569690094,20.452850019533997,40.35856313938019,0.53039663433671,0.012156971460302984,0.08193187144041678,0.04096593572020839,0.5099999904632568,0.5490000247955322,4273,1.06079326867342,1.0089640784845046,0.002634938106439222
10,315,40,1000,0,1.0,10_315_40_1000_0,current,True,2.111054,0.3001666666666667,2.411204145,,True,True,True,0.300150145,1.6521666666713397e-05,selection,8538.302647117309,0.00296499999999994,0.4087131787163589,8538.302647117309,0.00296499999999994,0.4087131787163589,100.05120701997664,0.012394000000000016,0.09631036812616131,0.0,-44.99579486089023,0.1463042797734829,19.904982705483373,20.169729729457636,39.80996541096675,0.9900000095367432,0.0,0.0,0.0,0.9900000095367432,0.9900000095367432,4196,0.9900000095367432,0.9952491352741687,0.00326166236050085
10,315,40,1000,1,1.0,10_315_40_1000_1,current,True,2.120435,0.27952612800000004,2.399889,,True,True,True,0.279454,7.212800000006014e-05,selection,8627.906348734845,0.0013199999999999878,0.35263059048782175,8627.906348734845,0.0013199999999999878,0.35263059048782175,99.98343903654569,0.012068999999999996,0.08042537736758341,0.0,-44.99636486509647,0.07736681165695813,19.813446923646378,19.643500694703707,39.626893847292756,0.9900000095367432,0.0,0.0,0.0,0.9900000095367432,0.9900000095367432,4291,0.9900000095367432,0.9906723461823189,0.0026916581542764106
10,45,50,500,0,0.5,10_45_50_500_0,current,True,1.667445,0.32127655466666666,1.988569,,True,True,True,0.321124,0.00015255466666663775,transfer,8588.584023713613,0.0011369999999999436,0.35496464855200205,8588.584023713613,0.0011369999999999436,0.35496464855200205,99.96806215157234,0.012121000000000048,0.09403948522116246,0.0,-135.00838926983002,0.07913270500229559,24.7607039829678,24.93249776515145,49.5214079659356,0.5970544852532944,0.019510101221096227,-0.13354199199352496,-0.06677099599676248,0.5680000185966492,0.6269999742507935,4297,1.1941089705065888,0.9904281593187121,0.009332746579246987
10,45,50,500,1,0.5,10_45_50_500_1,current,True,1.661919,0.309547659,1.97138,,True,True,True,0.309461,8.665899999998894e-05,transfer,8565.600283767297,0.0009699999999999709,0.34220164131469866,8565.600283767297,0.0009699999999999709,0.34220164131469866,100.01832232197711,0.012514000000000358,0.09474845104751645,0.0,-134.9977353341842,0.08404837397300469,24.690239905636098,25.039398934136738,49.380479811272195,0.5988880026406646,0.01987987209330112,-0.13610167624740802,-0.06805083812370401,0.5680000185966492,0.6370000243186951,4265,1.197776005281329,0.9876095962254439,0.0013211890665729698
10,45,50,1000,0,1.0,10_45_50_1000_0,current,True,1.660165,0.3095,1.969555483,,True,True,True,0.309390483,0.00010951700000000342,transfer,8656.65096198115,0.001296000000000186,0.33706717639752815,8656.65096198115,0.001296000000000186,0.33706717639752815,99.9906149159684,0.012819000000000025,0.09898352088088996,0.0,-135.00121655256086,0.09088971860734885,24.66693857650577,24.990244262190156,49.33387715301154,1.1164697246339321,0.02417372714241571,-0.16610182074752677,-0.08305091037376339,1.0779999494552612,1.156000018119812,4279,1.1164697246339321,0.9866775430602308,0.0021600293100902945
10,45,50,1000,1,1.0,10_45_50_1000_1,current,True,1.671224,0.2894034223333333,1.960584,,True,True,True,0.28936,4.342233333332057e-05,transfer,8582.387545977075,0.001015000000000002,0.325275842290267,8582.387545977075,0.001015000000000002,0.325275842290267,99.99809527437571,0.011986000000000052,0.08816233493764271,0.0,-135.0044738474045,0.086223018999641,24.799897994636982,24.823499223733876,49.599795989273964,1.1253126396847564,0.022939781994884046,-0.15704416633872803,-0.07852208316936402,1.0880000591278076,1.1660000085830688,4295,1.1253126396847564,0.9919959197854793,0.005417324153739855
10,90,50,1000,0,1.0,10_90_50_1000_0,current,True,0.978517,0.981,1.959384016,,True,True,False,0.980867016,0.00013298399999994714,transfer,8612.547607542841,0.0013720000000000399,0.3428906048294877,8612.547607542841,0.0013720000000000399,0.3428906048294877,99.98438840251261,0.012197999999999931,0.09032946338697023,0.0,180.0,0.0,25.354274297713967,25.937399300299475,50.708548595427935,1.0146336444014308,0.020353641123616165,-0.13783916003132315,-0.06891958001566158,0.9900000095367432,1.0579999685287476,4297,1.0146336444014308,1.0141709719085588,0.0009434767491711682
10,90,50,1000,1,1.0,10_90_50_1000_1,current,True,1.669603,0.2896666666666667,1.959133916,,True,True,True,0.289530916,0.00013575066666665636,transfer,8574.99876672446,0.0010439999999999894,0.3397410705871644,8574.99876672446,0.0010439999999999894,0.3397410705871644,99.99681828305462,0.012387999999999955,0.09100470740654903,0.0,180.0,0.0,24.903862793405278,24.937927367735153,49.807725586810555,1.133082152690212,0.03405893191013571,-0.23079551122364958,-0.11539775561182479,1.0880000591278076,1.1959999799728394,4296,1.133082152690212,0.9961545117362111,0.0009434767491711682
10,135,50,500,0,0.5,10_135_50_500_0,current,True,1.669075,0.31033333333333335,1.979385216,,True,True,True,0.310310216,2.3117333333322332e-05,transfer,8614.347164735567,0.0010649999999996496,0.3414203353437434,8614.347164735567,0.0010649999999996496,0.3414203353437434,99.98968432216041,0.012411999999999868,0.0953026030917449,0.0,135.00493184651688,0.0657505982934623,24.55745173154125,24.538993546752927,49.1149034630825,0.569734024646322,0.012577169990755326,-0.08489845249195485,-0.042449226245977426,0.5490000247955322,0.5879999995231628,4306,1.139468049292644,0.98229806926165,0.003988369767625954
10,135,50,500,1,0.5,10_135_50_500_1,current,True,1.408374,0.3001666666666667,1.708459379,,True,True,True,0.300085379,8.128766666670728e-05,transfer,8575.056741044144,0.0012199999999999989,0.3885278575927016,8575.056741044144,0.0012199999999999989,0.3885278575927016,100.06461185570956,0.012152999999999858,0.08233010355494931,0.0,134.99347109623508,0.10059619695260835,25.030832777159127,25.077338588351978,50.06166555431825,0.5698407645783027,0.0130949110127835,-0.0886260741564311,-0.04431303707821555,0.5490000247955322,0.5879999995231628,4230,1.1396815291566054,1.0012333110863652,0.007472380514172983
10,135,50,1000,0,1.0,10_135_50_1000_0,current,True,1.677864,0.2908981373333333,1.968719,,True,True,True,0.290855,4.3137333333331807e-05,transfer,8582.409723896451,0.001178999999999819,0.3311688920189851,8582.409723896451,0.001178999999999819,0.3311688920189851,100.01651856528342,0.01232499999999992,0.09463111630477827,0.0,135.00939101716608,0.08527362033751155,24.57784601678219,24.872498975480134,49.15569203356438,1.087085390197277,0.014552805996975147,-0.09781377775303081,-0.048906888876515404,1.0579999685287476,1.1069999933242798,4255,1.087085390197277,0.9831138406712876,0.00844754041690976
10,135,50,1000,1,1.0,10_135_50_1000_1,current,True,1.667965,0.3011669846666667,1.969123,,True,True,True,0.301158,8.984666666711494e-06,transfer,8572.955518523931,0.002085,0.3867659272384814,8572.955518523931,0.002085,0.3867659272384814,100.01883471562827,0.012143000000000015,0.08943210846844452,0.0,135.0004229600415,0.07406559574092882,24.680410054291134,24.55757055086349,49.36082010858227,1.0818760248227912,0.015161707985901282,-0.10202285900671197,-0.051011429503355986,1.0579999685287476,1.1069999933242798,4301,1.0818760248227912,0.9872164021716453,0.0005205167077519945
10,180,50,500,0,0.5,10_180_50_500_0,current,True,1.6507370000000001,0.2905,1.941141599,,True,True,True,0.290404599,9.540099999999496e-05,transfer,8645.377105152284,0.0010999999999999899,0.32796988750168826,8645.377105152284,0.0010999999999999899,0.32796988750168826,100.05386461478578,0.012147000000000019,0.09244566142810998,0.0,90.0,0.0,24.673946876325665,24.6618727808348,49.34789375265133,0.49200897762084006,0.0040067079902379255,0.01926446707946809,0.009632233539734044,0.49000000953674316,0.5,4330,0.9840179552416801,0.9869578750530266,0.0009434767491711682
10,180,50,500,1,0.5,10_180_50_500_1,current,True,1.659357,0.3103938193333334,1.969705,,True,True,True,0.310348,4.581933333336341e-05,transfer,8611.156548629866,0.0011910000000000531,0.354357315552559,8611.156548629866,0.0011910000000000531,0.354357315552559,100.00456641855791,0.012487999999999999,0.0862704315480529,0.0,90.0,0.0,24.97005737328026,25.529307240165075,49.94011474656052,0.49147653269666425,0.005164177860268195,0.02789628544584929,0.013948142722924646,0.47999998927116394,0.5,4297,0.9829530653933285,0.9988022949312103,0.0009434767491711682
10,180,50,1000,0,1.0,10_180_50_1000_0,current,True,1.670536,0.2795,1.949916709,,True,True,True,0.279380709,0.00011929100000002135,transfer,8646.874003439929,0.001048000000000049,0.3313248317971052,8646.874003439929,0.001048000000000049,0.3313248317971052,100.04534806606662,0.01245800000000008,0.09232542805023629,0.0,90.0,0.0,24.911952856507884,25.021992486774533,49.82390571301577,0.9903671291866303,0.006428043566617285,0.0383045572449477,0.01915227862247385,0.9800000190734863,1.0,4318,0.9903671291866303,0.9964781142603154,0.0009434767491711682
10,180,50,1000,1,1.0,10_180_50_1000_1,current,True,1.649377,0.31016666666666665,1.959540778,,True,True,True,0.310163778,2.888666666645001e-06,transfer,8489.222571174305,0.0011479999999999269,0.3634718210891396,8489.222571174305,0.0011479999999999269,0.3634718210891396,100.01209237116852,0.01241800000000004,0.09512464276438623,0.0,90.0,0.0,25.331425426119434,25.49868975823004,50.66285085223887,0.9865850694601537,0.005456556170391065,0.03216166955589178,0.01608083477794589,0.9800000190734863,1.0,4125,0.9865850694601537,1.0132570170447774,0.0009434767491711682
10,225,50,500,0,0.5,10_225_50_500_0,current,True,0.990282,0.2993884233333333,1.289655,,True,True,False,0.299373,1.54233333333198e-05,transfer,8599.947824865167,0.0013620000000000004,0.3430413139791941,8599.947824865167,0.0013620000000000004,0.3430413139791941,100.0176264247466,0.01267000000000007,0.09617005692263049,0.0,44.998621345270074,0.06648046058892021,24.719980780258602,24.765882947623325,49.439961560517204,0.46452669177800415,0.004393482866095498,0.017523306421311634,0.008761653210655817,0.460999995470047,0.4699999988079071,4286,0.9290533835560083,0.9887992312103441,0.002322131479104428
10,225,50,500,1,0.5,10_225_50_500_1,current,True,1.000995,0.30921141466666663,1.310128,,True,True,True,0.309133,7.841466666663743e-05,transfer,8522.823955077512,0.0011529999999999596,0.36342637749403167,8522.823955077512,0.0011529999999999596,0.36342637749403167,100.03808624898001,0.011926000000000103,0.09200494662142869,0.0,44.99158763350177,0.07530776820476603,25.039025093232556,25.47832238379471,50.07805018646511,0.4615654116797448,0.0021838159914174967,0.005997401673435641,0.0029987008367178204,0.460999995470047,0.4699999988079071,4209,0.9231308233594896,1.0015610037293023,0.009355843247476514
10,225,50,1000,0,1.0,10_225_50_1000_0,current,True,1.661368,0.299508605,1.960713,,True,True,True,0.299345,0.0001636049999999556,transfer,8556.100518617166,0.0012039999999999829,0.3344319201284953,8556.100518617166,0.0012039999999999829,0.3344319201284953,99.95142632042166,0.01228499999999988,0.0967544880701531,0.0,44.97582681638793,0.12417744326174329,24.696836566470356,24.660304922289527,49.39367313294071,0.9608811929543615,0.0028347221029434984,0.009642730511868897,0.004821365255934448,0.9599999785423279,0.9700000286102295,4245,0.9608811929543615,0.9878734626588143,0.025116660361277354
10,225,50,1000,1,1.0,10_225_50_1000_1,current,True,1.63916,0.331,1.970024676,,True,True,True,0.330864676,0.00013532399999999223,transfer,8616.075142229889,0.0016679999999999993,0.3552850442618396,8616.075142229889,0.0016679999999999993,0.3552850442618396,100.00488711665548,0.012328000000000006,0.09413949003322786,0.0,45.0077062702241,0.09243184104168022,24.781177811038706,24.33253431486786,49.56235562207741,0.9610021835601329,0.003002946129826424,0.010557777755576765,0.005278888877788383,0.9599999785423279,0.9700000286102295,4330,0.9610021835601329,0.9912471124415483,0.006762793474877071
10,270,50,500,0,0.5,10_270_50_500_0,current,True,1.6519679999999999,0.30933333333333335,1.961150502,,True,True,True,0.309182502,0.00015083133333332333,transfer,8591.96457117145,0.001591000000000009,0.3696654356705269,8591.96457117145,0.001591000000000009,0.3696654356705269,99.95338666707092,0.012333999999999998,0.09621142053345347,0.0,0.0,0.0,25.208493875839604,25.031752260622092,50.41698775167921,0.4819425631592969,0.006139683141164691,-0.03718076966426194,-0.01859038483213097,0.4699999988079071,0.49000000953674316,4203,0.9638851263185938,1.0083397550335842,0.0009434767491711682
10,270,50,500,1,0.5,10_270_50_500_1,current,True,1.3407900000000001,0.29951834499999996,1.6402,,True,True,True,0.29941,0.00010834499999995417,transfer,8522.72861800437,0.0012019999999999254,0.36087976337539845,8522.72861800437,0.0012019999999999254,0.36087976337539845,99.98639995412945,0.01238399999999995,0.09296799585756434,0.0,0.0,0.0,25.050074265728988,24.960144538302856,50.100148531457975,0.48216248591551186,0.005668175385208166,-0.0329694278483965,-0.01648471392419825,0.4699999988079071,0.49000000953674316,4266,0.9643249718310237,1.0020029706291596,0.0009434767491711682
10,270,50,1000,0,1.0,10_270_50_1000_0,current,True,1.659426,0.2901691456666667,1.949535,,True,True,True,0.290109,6.0145666666677755e-05,transfer,8655.507778685858,0.0009360000000000479,0.32832959781961574,8655.507778685858,0.0009360000000000479,0.32832959781961574,100.04353492638577,0.01248399999999994,0.09211781319372038,0.0,0.0,0.0,24.798453104394653,25.164813082375076,49.596906208789306,0.9825422433156966,0.004354229447316946,-0.022224336891111748,-0.011112168445555874,0.9800000190734863,0.9900000095367432,4308,0.9825422433156966,0.9919381241757861,0.0009434767491711682
10,270,50,1000,1,1.0,10_270_50_1000_1,current,True,1.619003,0.33008247500000004,1.949026,,True,True,True,0.330023,5.947500000003103e-05,transfer,8555.766885659808,0.0012710000000000221,0.36418432142400514,8555.766885659808,0.0012710000000000221,0.36418432142400514,100.01220244575293,0.012448999999999932,0.08336697881743457,0.0,0.0,0.0,24.925978255199542,24.58849195408682,49.851956510399084,0.9818908072702883,0.0039157098884996175,-0.018135599152468616,-0.009067799576234308,0.9800000190734863,0.9900000095367432,4255,0.9818908072702883,0.9970391302079817,0.0009434767491711682
10,315,50,500,0,0.5,10_315_50_500_0,current,True,1.338297,0.6306666666666667,1.968913794,,True,True,True,0.630616794,4.987266666667267e-05,transfer,8614.36108205181,0.0011409999999998366,0.35325225779283315,8614.36108205181,0.0011409999999998366,0.35325225779283315,100.01504574166376,0.012356000000000034,0.08989751452431444,0.0,-44.993121268431985,0.06361797446324285,24.862487608844553,24.978806058502283,49.724975217689106,0.4982619962104161,0.014885303362240298,0.10031111002061145,0.050155555010305726,0.47999998927116394,0.5289999842643738,4281,0.9965239924208322,0.9944995043537821,0.005935254818723479
10,315,50,500,1,0.5,10_315_50_500_1,current,True,1.66909,0.291,1.959929789,,True,True,True,0.290839789,0.00016021099999996569,transfer,8570.250667839657,0.0012389999999999901,0.36373286622869655,8570.250667839657,0.0012389999999999901,0.36373286622869655,100.0031819194247,0.012421000000000015,0.09358884110634742,0.0,-45.00259697701167,0.09030788203569241,24.436575416206427,24.585734131404795,48.873150832412854,0.47999998927116394,0.0,0.0,0.0,0.47999998927116394,0.47999998927116394,4270,0.9599999785423279,0.9774630166482571,0.003540453760933815
10,315,50,1000,0,1.0,10_315_50_1000_0,current,True,1.6098379999999999,0.30057476499999997,1.910375,,True,True,True,0.300537,3.776499999996741e-05,transfer,8667.40072149863,0.001314999999999955,0.34183835713533806,8667.40072149863,0.001314999999999955,0.34183835713533806,100.02291434037618,0.011975000000000013,0.09583398074236883,0.0,-45.013212896101344,0.07589466205534591,24.875173190294245,24.976141216483747,49.75034638058849,0.9905462090158461,0.002272367864386009,0.0061963943464605304,0.0030981971732302652,0.9900000095367432,1.0,4296,0.9905462090158461,0.9950069276117698,0.014156372850493426
10,315,50,1000,1,1.0,10_315_50_1000_1,current,True,1.670242,0.30033333333333334,1.970560702,,True,True,True,0.300318702,1.4631333333348095e-05,transfer,8565.754331499535,0.0012400000000000189,0.35853501979672525,8565.754331499535,0.0012400000000000189,0.35853501979672525,100.0087222218924,0.012351999999999919,0.08617810140529214,0.0,-44.99156548787026,0.09254608219891053,24.852862626384862,25.116532970554335,49.705725252769724,0.9904882257378101,0.0021549483278475437,0.005572568823685091,0.0027862844118425453,0.9900000095367432,1.0,4218,0.9904882257378101,0.9941145050553944,0.007491035380553512
10,0,60,500,0,0.5,10_0_60_500_0,current,True,1.3598910000000002,0.30977838066666663,1.669591,,True,True,True,0.3097,7.838066666665533e-05,selection,8579.982474929413,0.0012799999999999478,0.3537395356997016,8579.982474929413,0.0012799999999999478,0.3537395356997016,99.97478413777857,0.01199399999999995,0.08797480093532327,0.0,-90.0,0.0,29.78600484293744,29.960451290258664,59.57200968587488,0.5389999747276306,0.0,0.0,0.0,0.5389999747276306,0.5389999747276306,4255,1.0779999494552612,0.9928668280979147,0.0009434767492280116
10,0,60,500,1,0.5,10_0_60_500_1,current,True,1.350671,0.31,1.660532636,,True,True,True,0.309861636,0.00013836400000000193,selection,8586.54960510034,0.004113000000000033,0.4517388903364354,8586.54960510034,0.004113000000000033,0.4517388903364354,100.0643345564583,0.012310000000000043,0.08763775758929998,0.0,-90.0,0.0,29.858131684645386,29.84312902423477,59.71626336929077,0.5392332658956647,0.0015094696391969283,-0.0024629100371355056,-0.0012314550185677528,0.5389999747276306,0.5490000247955322,4221,1.0784665317913293,0.9952710561548462,0.0009434767492280116
10,0,60,1000,0,1.0,10_0_60_1000_0,current,True,1.020162,0.6900406619999999,1.710112,,True,True,True,0.68995,9.06619999999636e-05,selection,8588.948328440421,0.0010609999999999786,0.34436559258257876,8588.948328440421,0.0010609999999999786,0.34436559258257876,99.9739079086502,0.012286000000000019,0.08151831228550196,0.0,-90.0,0.0,29.724296789295895,29.34030138645244,59.44859357859179,1.0638500529496668,0.004927200085906547,-0.029132787101966026,-0.014566393550983013,1.0579999685287476,1.0679999589920044,4346,1.0638500529496668,0.9908098929765299,0.0009434767492280116
10,0,60,1000,1,1.0,10_0_60_1000_1,current,True,0.8102250000000001,0.3308561473333333,1.141018,,True,True,False,0.330793,6.314733333329103e-05,selection,8552.929341757495,0.0017040000000000002,0.3780719178764463,8552.929341757495,0.0017040000000000002,0.3780719178764463,99.9732009011197,0.01238399999999995,0.09229694227742491,0.0,-90.0,0.0,29.859702344545383,29.88533119730748,59.719404689090766,1.058935737636328,0.002912390483590894,-0.008695346335668102,-0.004347673167834051,1.0579999685287476,1.0679999589920044,4326,1.058935737636328,0.995323411484846,0.0009434767492280116
10,45,60,500,0,0.5,10_45_60_500_0,current,True,1.360416,0.32022398966666665,1.680565,,True,True,True,0.320149,7.498966666663609e-05,selection,8612.416035911625,0.0011660000000000004,0.35540024517081736,8612.416035911625,0.0011660000000000004,0.35540024517081736,99.94871053012268,0.012010000000000076,0.0871828336479606,0.0,-134.99278763563956,0.0632973579747073,29.762603776283658,29.87631531745277,59.525207552567316,0.5897651709682742,0.02242901814340773,-0.15358975209632547,-0.07679487604816274,0.5590000152587891,0.6269999742507935,4313,1.1795303419365484,0.9920867925427886,0.0062688876112133585
10,45,60,500,1,0.5,10_45_60_500_1,current,True,1.3597979999999998,0.3107781806666666,1.670497,,True,True,True,0.310699,7.918066666662282e-05,selection,8578.343715951529,0.0012410000000000476,0.36057510242406454,8578.343715951529,0.0012410000000000476,0.36057510242406454,99.97683869903472,0.012472999999999956,0.08501121611136454,0.0,-135.00681164535803,0.09185877941099534,30.06331339965103,30.30272487874186,60.12662679930206,0.5907677705695431,0.022276629129544607,-0.15251381848395767,-0.07625690924197884,0.5590000152587891,0.6269999742507935,4298,1.1815355411390862,1.0021104466550343,0.007755122107255374
10,45,60,1000,0,1.0,10_45_60_1000_0,current,True,1.3601649999999998,0.31983333333333336,1.67996884,,True,True,True,0.31980384,2.9493333333352467e-05,selection,8559.497192248346,0.0010700000000000154,0.3485885495556246,8559.497192248346,0.0010700000000000154,0.3485885495556246,100.03382095851454,0.012085000000000123,0.09188976982635078,0.0,-134.9929768733266,0.06752414756088,29.806746237634226,29.950699099474978,59.61349247526845,1.1060728446497918,0.026758841414599117,-0.18361979544443727,-0.09180989772221863,1.0579999685287476,1.156000018119812,4266,1.1060728446497918,0.9935582079211408,0.006079649924174646
10,45,60,1000,1,1.0,10_45_60_1000_1,current,True,1.3499379999999999,0.320030302,1.669881,,True,True,True,0.319943,8.730200000001131e-05,selection,8644.26867858778,0.0012769999999999726,0.33468435106385475,8644.26867858778,0.0012769999999999726,0.33468435106385475,99.97217705548614,0.012271000000000143,0.09230818430266542,0.0,-135.00371102148273,0.09666692942579402,30.046606197378775,30.26281649673108,60.09321239475755,1.1063587073284387,0.025202733503762988,-0.17321526235995469,-0.08660763117997734,1.0679999589920044,1.1469999551773071,4299,1.1063587073284387,1.0015535399126259,0.004654498231957405
10,90,60,500,0,0.5,10_90_60_500_0,current,True,1.050552,0.6199053033333334,1.67037,,True,True,True,0.619818,8.730333333339946e-05,selection,8581.525878715835,0.0013539999999999663,0.35644568581327796,8581.525878715835,0.0013539999999999663,0.35644568581327796,100.06315096638768,0.012264000000000053,0.09319312043950266,0.0,180.0,0.0,29.93552944485409,30.252810643866663,59.87105888970818,0.5466049649278322,0.026503310531930026,-0.18250685615113152,-0.09125342807556576,0.5,0.5879999995231628,4329,1.0932099298556643,0.9978509814951363,0.0009434767491711682
10,90,60,500,1,0.5,10_90_60_500_1,current,True,1.370717,0.31016666666666665,1.680730586,,True,True,True,0.310013586,0.00015308066666663844,selection,8592.508330575414,0.0009520000000000639,0.347365504201473,8592.508330575414,0.0009520000000000639,0.347365504201473,100.0268405355437,0.012089999999999934,0.0849027232422103,0.0,180.0,0.0,29.849858147931965,30.14611176095257,59.69971629586393,0.6077596211984555,0.03306209552655542,-0.22525743374262638,-0.11262871687131319,0.5590000152587891,0.6759999990463257,4241,1.215519242396911,0.9949952715977322,0.0009434767491711682
10,90,60,1000,0,1.0,10_90_60_1000_0,current,True,1.369094,0.33045177400000003,1.699391,,True,True,True,0.330297,0.00015477400000002417,selection,8566.02084348728,0.0008719999999999839,0.3329593193150977,8566.02084348728,0.0008719999999999839,0.3329593193150977,99.95228796861609,0.01234399999999991,0.09180141483500368,0.0,180.0,0.0,29.564951031102733,29.46516739972315,59.12990206220547,1.1167013104749919,0.0338387551799288,-0.22855317943509398,-0.11427658971754699,1.0679999589920044,1.1859999895095825,4211,1.1167013104749919,0.9854983677034245,0.0009434767491711682
10,90,60,1000,1,1.0,10_90_60_1000_1,current,True,1.378072,0.30133333333333334,1.679303895,,True,True,True,0.301231895,0.00010143833333331465,selection,8491.602631845584,0.0013519999999999643,0.3632545656584203,8491.602631845584,0.0013519999999999643,0.3632545656584203,100.08791933545837,0.012380999999999975,0.08927619470468454,0.0,180.0,0.0,29.372025895752554,29.470676805222283,58.74405179150511,1.1205271468280555,0.03578309747950616,-0.2430776441882706,-0.1215388220941353,1.0679999589920044,1.1959999799728394,4266,1.1205271468280555,0.9790675298584185,0.0009434767491711682
10,135,60,500,0,0.5,10_135_60_500_0,current,True,1.3693,0.3009169093333333,1.670183,,True,True,True,0.300883,3.390933333330404e-05,selection,8566.712486819806,0.0017300000000000093,0.3946344010217285,8566.712486819806,0.0017300000000000093,0.3946344010217285,99.95979517630478,0.012111000000000094,0.09184829657166235,0.0,135.01518754399248,0.03866334538146532,29.360848704723306,29.560887795745845,58.72169740944661,0.5658934645764231,0.01593325277061623,-0.10830355186489982,-0.05415177593244991,0.5389999747276306,0.5879999995231628,4261,1.1317869291528462,0.9786949568241102,0.0142440672432258
10,135,60,500,1,0.5,10_135_60_500_1,current,True,1.359868,0.2995,1.659293124,,True,True,True,0.299425124,7.48760000000015e-05,selection,8539.800070553467,0.0012739999999999974,0.34321740514242227,8539.800070553467,0.0012739999999999974,0.34321740514242227,99.99110605425096,0.012372999999999967,0.09000645635701017,0.0,135.00480963429854,0.06634180977296467,29.82544051760047,30.52466401208505,59.65088103520094,0.5647205973405838,0.016932485512600088,-0.11511426405711574,-0.05755713202855787,0.5289999842643738,0.5879999995231628,4256,1.1294411946811675,0.9941813505866823,0.003866157549282434
10,135,60,1000,0,1.0,10_135_60_1000_0,current,True,1.3684439999999998,0.30083333333333334,1.669151272,,True,True,True,0.300707272,0.00012606133333331604,selection,8577.298892122904,0.0010850000000000026,0.3489371373955057,8577.298892122904,0.0010850000000000026,0.3489371373955057,100.00063158293631,0.011966999999999839,0.07912117611143599,0.0,134.9912788280425,0.06121962314947919,29.987886156161885,30.193263243125823,59.97577231232377,1.0789865134059984,0.018893158532132776,-0.12851818983726357,-0.06425909491863178,1.0390000343322754,1.1069999933242798,4263,1.0789865134059984,0.9995962052053962,0.00966464870668915
10,135,60,1000,1,1.0,10_135_60_1000_1,current,True,1.3688749999999998,0.2901666666666667,1.658956427,,True,True,True,0.290081427,8.523966666668104e-05,selection,8596.26296766549,0.0013369999999999216,0.3607657383551781,8596.26296766549,0.0013369999999999216,0.3607657383551781,100.06454425053228,0.012643000000000182,0.09027328968171532,0.0,134.99341340859598,0.07324602963369665,29.96676180136338,29.9139237139646,59.93352360272676,1.0768490991265773,0.018670193846230827,-0.12659479819083277,-0.06329739909541639,1.0390000343322754,1.1069999933242798,4266,1.0768490991265773,0.998892060045446,0.007530068153300817
10,180,60,500,0,0.5,10_180_60_500_0,current,True,1.3594570000000001,0.30042030733333336,1.659798,,True,True,True,0.300341,7.930733333333384e-05,selection,8527.857475886054,0.0013929999999999776,0.35514518551714436,8527.857475886054,0.0013929999999999776,0.35514518551714436,100.04981537928046,0.011927999999999939,0.08340433950329466,0.0,90.0,0.0,29.645905196127917,29.773107052713012,59.29181039225583,0.49282694350743295,0.004503083063026338,0.024333329027677122,0.012166664513838561,0.49000000953674316,0.5,4295,0.9856538870148659,0.9881968398709305,0.0009434767491711682
10,180,60,500,1,0.5,10_180_60_500_1,current,True,1.371102,0.30966666666666665,1.680664948,,True,True,True,0.309562948,0.0001037186666666412,selection,8602.354449901934,0.0011760000000000659,0.34879595731306917,8602.354449901934,0.0011760000000000659,0.34879595731306917,100.06024680123188,0.012365000000000015,0.09797438076603954,0.0,90.0,0.0,29.6706222365365,29.815134700902377,59.341244473073,0.4922867692960203,0.0051950100626876996,0.02878224178080782,0.01439112089040391,0.47999998927116394,0.5,4288,0.9845735385920406,0.9890207412178833,0.0009434767491711682
10,180,60,1000,0,1.0,10_180_60_1000_0,current,True,1.370524,0.30942544433333335,1.679855,,True,True,True,0.309331,9.444433333333224e-05,selection,8566.121307957601,0.001341000000000002,0.37359893869138394,8566.121307957601,0.001341000000000002,0.37359893869138394,100.01631845195794,0.012388000000000066,0.0932690235420532,0.0,90.0,0.0,29.651032251562725,29.144687700415673,59.30206450312545,0.9917919011611938,0.006364577049519459,0.037877513864903706,0.018938756932451853,0.9800000190734863,1.0,4253,0.9917919011611938,0.9883677417187575,0.0009434767491711682
10,180,60,1000,1,1.0,10_180_60_1000_1,current,True,1.359938,0.310526338,1.670445,,True,True,True,0.310507,1.9338000000035382e-05,selection,8577.130794172957,0.0009669999999999401,0.3481561204958066,8577.130794172957,0.0009669999999999401,0.3481561204958066,99.97674225259176,0.012112000000000012,0.09175350552688608,0.0,90.0,0.0,29.953758863880932,29.352639449065514,59.907517727761864,0.9878039716310502,0.007117507407376254,0.0442908719903793,0.02214543599518965,0.9800000190734863,1.0,4336,0.9878039716310502,0.9984586287960311,0.0009434767491711682
10,225,60,500,0,0.5,10_225_60_500_0,current,True,1.371352,0.32966666666666666,1.700885126,,True,True,True,0.329533126,0.00013354066666665387,selection,8560.382352236931,0.0012929999999999886,0.35722946138417094,8560.382352236931,0.0012929999999999886,0.35722946138417094,100.06093095795765,0.01174900000000001,0.08589503763361567,0.0,44.99872419767678,0.059552263852310716,30.450078993281927,30.767135157034033,60.900157986563855,0.4672275809921821,0.0075065545442422376,0.04440467772248835,0.022202338861244175,0.460999995470047,0.49000000953674316,4300,0.9344551619843642,1.0150026331093975,0.002219279072505742
10,225,60,500,1,0.5,10_225_60_500_1,current,True,1.199839,0.47009333099999995,1.669893,,True,True,True,0.470054,3.933099999992029e-05,selection,8504.989257703408,0.0013399999999998968,0.42382560728043944,8504.989257703408,0.0013399999999998968,0.42382560728043944,99.94362554871391,0.012376999999999971,0.0898477462137632,0.0,45.00545720655661,0.0650781503661406,29.87050173120015,30.172364008051,59.7410034624003,0.4724855041117668,0.013043876853250903,0.08272271657089657,0.041361358285448284,0.460999995470047,0.5,4255,0.9449710082235336,0.995683391040005,0.0045137298073996135
10,225,60,1000,0,1.0,10_225_60_1000_0,current,True,1.3689580000000001,0.31016666666666665,1.678972909,,True,True,True,0.310014909,0.00015175766666664092,selection,8564.756613391659,0.0012769999999999726,0.36263707460517786,8564.756613391659,0.0012769999999999726,0.36263707460517786,100.04868290659869,0.012645000000000017,0.08715353573453986,0.0,45.00467942055861,0.06887136480032863,29.974534414871144,29.825486169141904,59.94906882974229,0.9638372799697719,0.0062117474874472355,0.03391738805329474,0.01695869402664737,0.9599999785423279,0.9800000190734863,4300,0.9638372799697719,0.9991511471623714,0.0037359438093744757
10,225,60,1000,1,1.0,10_225_60_1000_1,current,True,1.2988,0.36083333333333334,1.659573467,,True,True,True,0.360773467,5.986633333332492e-05,selection,8497.685086698048,0.001222999999999974,0.35392817306153185,8497.685086698048,0.001222999999999974,0.35392817306153185,99.99827780743774,0.012378999999999918,0.08866858303261597,0.0,45.00064596753646,0.09030952364499285,29.803063593384277,30.259969790250896,59.60612718676855,0.9651404336378375,0.008174090552441761,0.04517601524969591,0.022588007624847955,0.9599999785423279,0.9900000095367432,4320,0.9651404336378375,0.9934354531128092,0.00029750921271443076
10,270,60,500,0,0.5,10_270_60_500_0,current,True,1.369287,0.3004016703333333,1.669605,,True,True,True,0.300318,8.367033333334106e-05,selection,8511.556711756404,0.0010810000000001097,0.33944467929259875,8511.556711756404,0.0010810000000001097,0.33944467929259875,100.01895095912907,0.012448999999999932,0.09858018516788028,0.0,0.0,0.0,30.00873265042796,30.931562405754697,60.01746530085592,0.4801382825367848,0.006615733222584948,-0.04102913734938321,-0.020514568674691605,0.4699999988079071,0.49000000953674316,4272,0.9602765650735696,1.0002910883475986,0.0009434767491711682
10,270,60,500,1,0.5,10_270_60_500_1,current,True,1.3710399999999998,0.29941940033333336,1.670316,,True,True,True,0.299276,0.00014340033333337665,selection,8638.180527608467,0.0011430000000001161,0.3538196428367925,8638.180527608467,0.0011430000000001161,0.3538196428367925,100.01356204846626,0.012414000000000036,0.09186903882103888,0.0,0.0,0.0,29.894205318727586,30.805016407994678,59.78841063745517,0.48040874971286457,0.006787113526237683,-0.04140746767919354,-0.02070373383959677,0.4699999988079071,0.49000000953674316,4356,0.9608174994257291,0.9964735106242528,0.0009434767491711682
10,270,60,1000,0,1.0,10_270_60_1000_0,current,True,1.3600780000000001,0.32016666666666665,1.6801378,,True,True,True,0.3200598,0.00010686666666664957,selection,8642.535917391975,0.0009209999999999496,0.32784428832296364,8642.535917391975,0.0009209999999999496,0.32784428832296364,100.08154792794127,0.012217000000000006,0.08750756188755203,0.0,0.0,0.0,29.636684190413554,30.023466534555936,59.27336838082711,0.9816039542105199,0.003669704095728513,-0.01616008856343446,-0.00808004428171723,0.9800000190734863,0.9900000095367432,4325,0.9816039542105199,0.9878894730137852,0.0009434767491711682
10,270,60,1000,1,1.0,10_270_60_1000_1,current,True,1.36961,0.311041904,1.68051,,True,True,True,0.3109,0.0001419039999999705,selection,8599.037648054147,0.0013070000000000581,0.36270076672519114,8599.037648054147,0.0013070000000000581,0.36270076672519114,100.05345397237089,0.012178000000000022,0.09011435250514963,0.0,0.0,0.0,29.257935517572754,28.883436790057093,58.51587103514551,0.9818340073244571,0.0044373351376992215,-0.020492461440827812,-0.010246230720413906,0.9700000286102295,0.9900000095367432,4282,0.9818340073244571,0.9752645172524251,0.0009434767491711682
10,315,60,500,0,0.5,10_315_60_500_0,current,True,0.8019029999999999,0.8688333333333333,1.670635733,,True,True,False,0.868732733,0.00010060033333336715,selection,8581.546851911738,0.0012490000000000001,0.35102191309423686,8581.546851911738,0.0012490000000000001,0.35102191309423686,99.9726001021942,0.012534000000000045,0.09479750981674846,0.0,-44.9951412070977,0.08716355975202816,30.015220469895194,29.898539257799925,60.03044093979039,0.538654264945507,0.01330356450070922,0.08983994160236003,0.044919970801180015,0.5099999904632568,0.5590000152587891,4287,1.077308529891014,1.0005073489965064,0.003915316153097592
10,315,60,500,1,0.5,10_315_60_500_1,current,True,0.821608,0.859,1.68055417,,True,True,False,0.85894617,5.383000000003246e-05,selection,8616.426895304867,0.0014009999999999856,0.3606572048170312,8616.426895304867,0.0014009999999999856,0.3606572048170312,100.10497195401587,0.01273000000000013,0.09506148634473677,0.0,-45.00475472370279,0.05705923172027383,29.964289946683767,29.869215211937888,59.928579893367534,0.5341648242393733,0.01694865181273999,0.11505693494057442,0.05752846747028721,0.5,0.5590000152587891,4353,1.0683296484787466,0.9988096648894589,0.005698200452002311
10,315,60,1000,0,1.0,10_315_60_1000_0,current,True,1.3506300000000002,0.30966666666666665,1.660148568,,True,True,True,0.309518568,0.00014809866666665172,selection,8584.851134791024,0.0011939999999999173,0.36658859137849703,8584.851134791024,0.0011939999999999173,0.36658859137849703,99.95063890235214,0.012140999999999957,0.09137463000186537,0.0,-45.00632377160609,0.05773090318163554,30.29065640185763,30.78980479308943,60.58131280371526,0.9933155718527635,0.00536806011787926,0.029071052263572088,0.014535526131786044,0.9900000095367432,1.0089999437332153,4304,0.9933155718527635,1.0096885467285877,0.007267248355333322
10,315,60,1000,1,1.0,10_315_60_1000_1,current,True,1.360708,0.2996666666666667,1.660334805,,True,True,True,0.299626805,3.9861666666696216e-05,selection,8573.599445670527,0.0016039999999999388,0.38828027634977685,8573.599445670527,0.0016039999999999388,0.38828027634977685,100.02788486846333,0.012380999999999975,0.09925205453975788,0.0,-44.9955046878359,0.07967048299262558,29.778287860197487,29.83861211207038,59.556575720394974,0.992295247622808,0.004634609608887141,0.022220393152661642,0.011110196576330821,0.9900000095367432,1.0089999437332153,4257,0.992295247622808,0.9926095953399162,0.0035518354148962317
57,0,20,500,0,0.5,57_0_20_500_0,current,True,3.119961,0.3,3.41989384,,True,True,True,0.29993284,6.716000000001054e-05,support,8679.637992083819,0.0017369999999998775,0.34402093588473204,8679.637992083819,0.0017369999999998775,0.34402093588473204,99.98902316113002,0.012518999999999725,0.08630496659687971,0.0,-90.0,0.0,9.913427224723959,9.89166288118885,19.826854449447918,0.5389999747276306,0.0,0.0,0.0,0.5389999747276306,0.5389999747276306,4370,1.0779999494552612,0.9913427224723959,0.0009434767492280116
57,0,20,500,1,0.5,57_0_20_500_1,current,True,4.409265,0.30033333333333334,4.709437223,,True,True,True,0.300172223,0.00016111033333332525,support,8649.64243908757,0.001304000000000194,0.3416439705337025,8649.64243908757,0.001304000000000194,0.3416439705337025,99.9938089372878,0.012399999999999967,0.09023145443250423,0.0,-90.0,0.0,10.03908990526395,10.196213110675174,20.0781798105279,0.5389999747276306,0.0,0.0,0.0,0.5389999747276306,0.5389999747276306,4383,1.0779999494552612,1.003908990526395,0.0009434767492280116
57,0,20,1000,0,1.0,57_0_20_1000_0,current,True,3.080736,0.2988929613333333,3.379468,,True,True,True,0.298732,0.0001609613333333204,selection,8680.960439725737,0.0013079999999999758,0.34204428099635914,8680.960439725737,0.0013079999999999758,0.34204428099635914,99.99708591326481,0.012351,0.09476324435258264,0.0,-90.0,0.0,9.874831547208613,9.875828854015701,19.749663094417226,1.0642574992277622,0.009146579067050967,-0.051563640450133306,-0.025781820225066653,1.0579999685287476,1.0779999494552612,4334,1.0642574992277622,0.9874831547208613,0.0009434767492280116
57,0,20,1000,1,1.0,57_0_20_1000_1,current,True,2.6081600000000003,2.061174096666667,4.669183,,True,True,True,2.061023,0.00015109666666690558,selection,8672.986640458157,0.0012999999999998568,0.3445329530038991,8672.986640458157,0.0012999999999998568,0.3445329530038991,99.98491062754073,0.012309000000000125,0.09021030305321019,0.0,-90.0,0.0,9.847754637024966,9.78939828492078,19.695509274049932,1.040863419221878,0.0038937935074428304,-0.018193969357637715,-0.009096984678818858,1.0390000343322754,1.0490000247955322,4350,1.040863419221878,0.9847754637024966,0.0009434767492280116
57,45,20,500,0,0.5,57_45_20_500_0,current,True,2.190134,0.270539407,2.460573,,True,True,True,0.270439,0.00010040700000002456,selection,8636.63304282398,0.001242999999999883,0.3462862944229291,8636.63304282398,0.001242999999999883,0.3462862944229291,100.00923006078654,0.012286000000000019,0.08761182525960055,0.0,-134.98613206925205,0.305597255629479,9.849004715485176,9.843742725873028,19.69800943097035,0.5490000247955322,0.0,0.0,0.0,0.5490000247955322,0.5490000247955322,4310,1.0980000495910645,0.9849004715485176,0.01292445399872122
57,45,20,500,1,0.5,57_45_20_500_1,current,True,4.369327999999999,0.29983333333333334,4.669061704,,True,True,True,0.299733704,9.962933333335089e-05,selection,8663.953886122228,0.0011809999999998766,0.3326570943106238,8663.953886122228,0.0011809999999998766,0.3326570943106238,100.02850099244164,0.012801000000000062,0.09240567279077568,0.0,-134.99570307333877,0.24062960301242242,9.962307434785748,9.987669046085516,19.924614869571496,0.5490000247955322,0.0,0.0,0.0,0.5490000247955322,0.5490000247955322,4340,1.0980000495910645,0.9962307434785748,0.003353449911998041
57,45,20,1000,0,1.0,57_45_20_1000_0,current,True,4.37861,0.3002499016666667,4.678772,,True,True,True,0.300162,8.790166666672317e-05,selection,8674.69139287174,0.0012779999999998903,0.3403286038273335,8674.69139287174,0.0012779999999998903,0.3403286038273335,100.00189624354155,0.012348999999999943,0.08919798581902569,0.0,-134.98761356106283,0.12248608487551849,9.81989865616184,9.785374867521769,19.63979731232368,1.0679999589920044,0.0,0.0,0.0,1.0679999589920044,1.0679999589920044,4355,1.0679999589920044,0.981989865616184,0.011442962187942385
57,45,20,1000,1,1.0,57_45_20_1000_1,current,True,4.358225,0.2908381153333333,4.648932,,True,True,True,0.290707,0.00013111533333332037,selection,8697.909641107213,0.0013270000000000781,0.34541892138814284,8697.909641107213,0.0013270000000000781,0.34541892138814284,99.98918650549197,0.01258200000000001,0.09204925759151003,0.0,-134.97428819063197,0.2991473801448321,9.968578164889061,9.992737358086805,19.937156329778123,1.077999949455261,2.2204460492503128e-16,2.218670965703506e-31,1.109335482851753e-31,1.0779999494552612,1.0779999494552612,4383,1.077999949455261,0.9968578164889061,0.02476833261880529
57,90,20,500,0,0.5,57_90_20_500_0,current,True,4.421234999999999,0.29883333333333334,4.719962557,,True,True,True,0.298727557,0.00010577633333336278,selection,8648.081525619049,0.0013980000000000103,0.33648650245026385,8648.081525619049,0.0013980000000000103,0.33648650245026385,100.00902321736973,0.012689999999999868,0.09246538467608408,0.0,180.0,0.0,9.887498672252276,9.900780194605701,19.774997344504552,0.5289999842643738,0.0,0.0,0.0,0.5289999842643738,0.5289999842643738,4334,1.0579999685287476,0.9887498672252276,0.0009434767491711682
57,90,20,500,1,0.5,57_90_20_500_1,current,True,4.190722,0.5396666666666666,4.730261138,,True,True,True,0.539539138,0.0001275286666666542,selection,8708.959005411403,0.0014070000000003802,0.321354547120419,8708.959005411403,0.0014070000000003802,0.321354547120419,100.01372658028775,0.012532999999999905,0.09163319768301625,0.0,180.0,0.0,9.87116594438763,9.872748729445021,19.74233188877526,0.5289999842643739,1.1102230246251565e-16,2.9582279820481453e-31,1.4791139910240727e-31,0.5289999842643738,0.5289999842643738,4397,1.0579999685287478,0.9871165944387631,0.0009434767491711682
57,90,20,1000,0,1.0,57_90_20_1000_0,current,True,3.4003929999999998,1.2901666666666667,4.6905151,,True,True,True,1.2901221,4.456666666663445e-05,selection,8689.628899174231,0.001084000000000085,0.31359465317973134,8689.628899174231,0.001084000000000085,0.31359465317973134,100.02787362088097,0.012182999999999833,0.09125587145636709,0.0,180.0,0.0,10.04217380514848,10.08300847559449,20.08434761029696,1.0579999685287476,0.0,0.0,0.0,1.0579999685287476,1.0579999685287476,4331,1.0579999685287476,1.004217380514848,0.0009434767491711682
57,90,20,1000,1,1.0,57_90_20_1000_1,current,True,2.909368,1.80059374,4.70983,,True,True,True,1.800462,0.00013174000000004682,selection,8673.575971056025,0.0011319999999999109,0.31834867193610145,8673.575971056025,0.0011319999999999109,0.31834867193610145,100.01203737695376,0.012548000000000004,0.0902878029793738,0.0,180.0,0.0,10.091541085793768,10.009000046621932,20.183082171587536,1.0475910561392308,0.003479149386215365,-0.014393436762500727,-0.007196718381250363,1.0390000343322754,1.0490000247955322,4341,1.0475910561392308,1.0091541085793767,0.0009434767491711682
57,135,20,500,0,0.5,57_135_20_500_0,current,True,2.281323,0.309099907,2.590395,,True,True,True,0.309072,2.7906999999993687e-05,selection,8631.498745833735,0.0012900000000000134,0.3476803249763132,8631.498745833735,0.0012900000000000134,0.3476803249763132,99.97439325312102,0.012488000000000277,0.08792899796630829,0.0,134.97337215707137,0.3669543928997996,9.921282646482766,9.896756353996786,19.84256529296553,0.5189999938011169,0.0,0.0,0.0,0.5189999938011169,0.5189999938011169,4290,1.0379999876022339,0.9921282646482765,0.027571319677917927
57,135,20,500,1,0.5,57_135_20_500_1,current,True,4.388903999999999,0.30033333333333334,4.689130194,,True,True,True,0.300226194,0.00010713933333333925,selection,8671.130844020792,0.0013479999999996828,0.35952907871038864,8671.130844020792,0.0013479999999996828,0.35952907871038864,100.02555543132777,0.012221999999999955,0.09180875295420787,0.0,135.0671527861497,0.1850055233477832,9.946413106969903,9.942722773362846,19.892826213939806,0.5189999938011169,0.0,0.0,0.0,0.5189999938011169,0.5189999938011169,4353,1.0379999876022339,0.9946413106969902,0.06620930940050584
57,135,20,1000,0,1.0,57_135_20_1000_0,current,True,4.380601,0.299538639,4.680003,,True,True,True,0.299402,0.00013663899999999396,selection,8677.969619323578,0.0013180000000000414,0.3454156770137951,8677.969619323578,0.0013180000000000414,0.3454156770137951,99.98800543088542,0.012533999999999934,0.09784021712755875,0.0,134.9618554048931,0.17265970148037438,10.050111995035648,10.08725719265946,20.100223990071296,1.0390000343322754,0.0,0.0,0.0,1.0390000343322754,1.0390000343322754,4345,1.0390000343322754,1.0050111995035649,0.039088071856099305
57,135,20,1000,1,1.0,57_135_20_1000_1,current,True,2.0709930000000005,2.60910153,4.679967,,True,True,True,2.608974,0.0001275299999998758,selection,8688.440079052847,0.0015320000000000056,0.3351643771561304,8688.440079052847,0.0015320000000000056,0.3351643771561304,100.00093878432328,0.012288999999999994,0.09189660194821285,0.0,134.9990093867899,0.12160721289028231,9.9647380753698,9.97168222414855,19.9294761507396,1.0144457734583616,0.004980143884888179,-0.029761869297015613,-0.014880934648507807,1.0089999437332153,1.0190000534057617,4345,1.0144457734583616,0.99647380753698,0.001934089959377161
57,180,20,500,0,0.5,57_180_20_500_0,current,True,2.671669,2.0396666666666667,4.711233689,,True,True,True,2.039564689,0.00010197766666664165,selection,8638.409746662577,0.0014460000000000583,0.35334161322330565,8638.409746662577,0.0014460000000000583,0.35334161322330565,100.01898563978911,0.012519999999999976,0.09004587256994033,0.0,90.0,0.0,9.909134134423159,9.957055794425086,19.818268268846317,0.49952994044828414,0.0021165148362725914,0.003941158954503472,0.001970579477251736,0.49000000953674316,0.5,4342,0.9990598808965683,0.9909134134423159,0.0009434767491711682
57,180,20,500,1,0.5,57_180_20_500_1,current,True,4.419105,0.30033333333333334,4.719294483,,True,True,True,0.300189483,0.00014385033333336184,selection,8634.956635209977,0.0024219999999999936,0.36511031082707174,8634.956635209977,0.0024219999999999936,0.36511031082707174,99.99040333553499,0.012384,0.09108118072209048,0.0,90.0,0.0,9.880899473097163,9.92176727119567,19.761798946194325,0.48442115489756066,0.004966391080595403,0.010985815199439425,0.005492907599719712,0.47999998927116394,0.49000000953674316,4309,0.9688423097951213,0.9880899473097162,0.0009434767491711682
57,180,20,1000,0,1.0,57_180_20_1000_0,current,True,4.419542,0.2806666666666667,4.700156811,,True,True,True,0.280614811,5.1855666666655864e-05,selection,8658.260638434274,0.0011910000000003862,0.3396758161061615,8658.260638434274,0.0011910000000003862,0.3396758161061615,100.01939276209968,0.012436000000000003,0.09321648179020296,0.0,90.0,0.0,9.87036901934848,10.002535404678767,19.74073803869696,0.990000009536743,1.1102230246251564e-16,1.4791139472323194e-31,7.395569736161597e-32,0.9900000095367432,0.9900000095367432,4335,0.990000009536743,0.987036901934848,0.0009434767491711682
57,180,20,1000,1,1.0,57_180_20_1000_1,current,True,2.908876,0.29085856433333335,3.199607,,True,True,True,0.290731,0.00012756433333332984,selection,8648.97504759653,0.001371000000000011,0.34538930454962563,8648.97504759653,0.001371000000000011,0.34538930454962563,100.004043988233,0.012434999999999974,0.09724505107594301,0.0,90.0,0.0,9.851812667818917,9.759868054953529,19.703625335637835,1.0,0.0,0.0,0.0,1.0,1.0,4266,1.0,0.9851812667818918,0.0009434767491711682
57,225,20,500,0,0.5,57_225_20_500_0,current,True,2.3791979999999997,0.2899222303333333,2.669043,,True,True,True,0.289845,7.72303333332891e-05,selection,8637.843986176462,0.0013499999999999623,0.34195576626051183,8637.843986176462,0.0013499999999999623,0.34195576626051183,99.97407311381903,0.012604999999999755,0.0900503392439983,0.0,44.99770095263539,0.17396047057058722,9.943753955590019,10.067252609974213,19.887507911180037,0.460999995470047,0.0,0.0,0.0,0.460999995470047,0.460999995470047,4334,0.921999990940094,0.9943753955590019,0.003242524113829859
57,225,20,500,1,0.5,57_225_20_500_1,current,True,2.5692890000000004,0.3006666666666667,2.869921698,,True,True,True,0.300632698,3.396866666671716e-05,selection,8647.558459101194,0.0012600000000000389,0.33912565626043223,8647.558459101194,0.0012600000000000389,0.33912565626043223,100.01418080484594,0.012394000000000016,0.09164541512278153,0.0,45.0209281428171,0.3856664032433824,10.041798556841588,10.082143716650066,20.083597113683176,0.46099999547004694,5.551115123125782e-17,5.546677165263153e-32,2.7733385826315763e-32,0.460999995470047,0.460999995470047,4293,0.9219999909400939,1.0041798556841588,0.019984666067898615
57,225,20,1000,0,1.0,57_225_20_1000_0,current,True,1.710635,0.28933333333333333,1.999934581,,True,True,True,0.289299581,3.375233333335892e-05,selection,8619.712649952944,0.0013559999999999128,0.35261617936129575,8619.712649952944,0.0013559999999999128,0.35261617936129575,100.03864278550842,0.012212,0.09134514744035273,0.0,44.994081999791646,0.18676349335459008,9.990232219758617,10.039431757866488,19.980464439517235,0.959368574308157,0.0022986885191665866,0.004724910964473965,0.0023624554822369824,0.9509999752044678,0.9599999785423279,4318,0.959368574308157,0.9990232219758617,0.006861476957510604
57,225,20,1000,1,1.0,57_225_20_1000_1,current,True,4.370252,0.289537389,4.6597,,True,True,True,0.289448,8.938899999999528e-05,selection,8715.375840868166,0.0010729999999998796,0.3167944864033976,8715.375840868166,0.0010729999999998796,0.3167944864033976,99.99016064886229,0.012467000000000006,0.09163595681340912,0.0,45.01770151316196,0.22198934133757003,9.986023317777976,10.050557056819498,19.97204663555595,0.9677538173639773,0.004173339186169157,0.019453037166487625,0.009726518583243813,0.9599999785423279,0.9700000286102295,4310,0.9677538173639773,0.9986023317777976,0.016758036412738875
57,270,20,500,0,0.5,57_270_20_500_0,current,True,3.560504,1.1397056426666665,4.700063,,True,True,True,1.139559,0.00014664266666652992,selection,8688.829840269607,0.0012639999999999318,0.3231793391416737,8688.829840269607,0.0012639999999999318,0.3231793391416737,100.01788261518692,0.012629999999999697,0.08892649402779725,0.0,0.0,0.0,9.869481556279284,9.990268878999114,19.73896311255857,0.47999998927116394,0.0,0.0,0.0,0.47999998927116394,0.47999998927116394,4393,0.9599999785423279,0.9869481556279285,0.0009434767491711682
57,270,20,500,1,0.5,57_270_20_500_1,current,True,4.400238000000001,0.3001666666666667,4.700243666,,True,True,True,0.300005666,0.00016100066666668855,selection,8687.611179017855,0.0012150000000000771,0.3349954634087761,8687.611179017855,0.0012150000000000771,0.3349954634087761,100.01720854965465,0.012258000000000102,0.09318405579488154,0.0,0.0,0.0,10.082931699215342,10.14930908233309,20.165863398430684,0.47999998927116394,0.0,0.0,0.0,0.47999998927116394,0.47999998927116394,4328,0.9599999785423279,1.0082931699215343,0.0009434767491711682
57,270,20,1000,0,1.0,57_270_20_1000_0,current,True,4.400564,0.2791666666666667,4.679591792,,True,True,True,0.279027792,0.00013887466666667736,selection,8699.561224266032,0.0013330000000006947,0.33133033519438,8699.561224266032,0.0013330000000006947,0.33133033519438,100.00169663557165,0.012309999999999377,0.09022029414786235,0.0,0.0,0.0,9.868375081357295,9.774417178005834,19.73675016271459,0.9997633402256966,0.001520061721542096,0.0026015868115482864,0.0013007934057741432,0.9900000095367432,1.0,4290,0.9997633402256966,0.9868375081357295,0.0009434767491711682
57,270,20,1000,1,1.0,57_270_20_1000_1,current,True,2.108731,2.589233781,4.69789,,True,True,True,2.589159,7.478099999991272e-05,selection,8638.089410141894,0.0010879999999999779,0.33595560154581683,8638.089410141894,0.0010879999999999779,0.33595560154581683,100.01857203703432,0.012351999999999919,0.08691782121487197,0.0,0.0,0.0,10.04433716413864,9.986913191375445,20.08867432827728,1.0261609865765573,0.00450891334352031,0.024396380642746393,0.012198190321373197,1.0190000534057617,1.0290000438690186,4323,1.0261609865765573,1.004433716413864,0.0009434767491711682
57,315,20,500,0,0.5,57_315_20_500_0,current,True,2.7915279999999996,1.879026095,4.670525,,True,True,True,1.878997,2.9094999999923488e-05,selection,8584.198250752106,0.0026750000000000003,0.36405890951398806,8584.198250752106,0.0026750000000000003,0.36405890951398806,100.00638763354146,0.012202999999999964,0.08956863805358226,0.0,-44.99137100157172,0.28088309862873473,10.070997264467994,10.241806157816352,20.14199452893599,0.5037981163778305,0.0048533946405686324,0.027079405196971114,0.013539702598485557,0.5,0.5099999904632568,4251,1.007596232755661,1.0070997264467993,0.007685521679036356
57,315,20,500,1,0.5,57_315_20_500_1,current,True,3.5105540000000004,1.1491666666666667,4.659705855,,True,True,True,1.149151855,1.4811666666725287e-05,selection,8669.03485811625,0.0013670000000001181,0.3398455995616011,8669.03485811625,0.0013670000000001181,0.3398455995616011,100.00615422487539,0.012402999999999997,0.09354490734505282,0.0,-44.96644115836122,0.19480373433731302,9.89980393993865,9.994561052965805,19.7996078798773,0.5,0.0,0.0,0.0,0.5,0.5,4353,1.0,0.989980393993865,0.03261536488957972
57,315,20,1000,0,1.0,57_315_20_1000_0,current,True,4.3887540000000005,0.2803642843333333,4.669061,,True,True,True,0.280307,5.72843333333517e-05,selection,8642.98391872288,0.0011430000000000051,0.3425735817473333,8642.98391872288,0.0011430000000000051,0.3425735817473333,99.98126623931972,0.012541000000000135,0.09094928593975295,0.0,-44.981477790669665,0.19322500104325963,9.841431531888093,9.866535145174872,19.682863063776185,1.0247825812244415,0.004938379801767942,-0.023477083717487173,-0.011738541858743587,1.0190000534057617,1.0290000438690186,4290,1.0247825812244415,0.9841431531888093,0.01757873258111431
57,315,20,1000,1,1.0,57_315_20_1000_1,current,True,2.520684,0.2993228683333333,2.819967,,True,True,True,0.299283,3.986833333330386e-05,selection,8636.550116065911,0.0021090000000000275,0.35956231275286715,8636.550116065911,0.0021090000000000275,0.35956231275286715,99.99168468318643,0.012144999999999406,0.0884254820038014,0.0,-44.988769594545516,0.24876022853409552,10.09049567488475,10.250944384802798,20.1809913497695,1.0190000534057617,0.0,0.0,0.0,1.0190000534057617,1.0190000534057617,4245,1.0190000534057617,1.009049567488475,0.010286928705227183
57,45,30,500,0,0.5,57_45_30_500_0,current,True,2.879611,0.301020436,3.180559,,True,True,True,0.300948,7.243600000000905e-05,transfer,8571.530872009313,0.0011099999999999444,0.3451891217475687,8571.530872009313,0.0011099999999999444,0.3451891217475687,99.98282647921651,0.012827000000000144,0.09735364663872725,0.0,-135.0206513921323,0.1442734452105085,14.930380554565927,14.97524620103348,29.860761109131854,0.5490000247955321,1.1102230246251564e-16,1.8488923764399954e-31,9.244461882199977e-32,0.5490000247955322,0.5490000247955322,4266,1.0980000495910642,0.9953587036377285,0.021594868881521734
57,45,30,500,1,0.5,57_45_30_500_1,current,True,2.568599,0.2705,2.839057801,,True,True,True,0.270458801,4.119899999999177e-05,transfer,8631.694601270032,0.0013609999999999456,0.33965430121576345,8631.694601270032,0.0013609999999999456,0.33965430121576345,100.01394931398328,0.012259999999999938,0.09191490365001069,0.0,-135.00447173422424,0.13609322241623686,14.799975739795352,14.884156372600126,29.599951479590704,0.5490000247955322,0.0,0.0,0.0,0.5490000247955322,0.5490000247955322,4276,1.0980000495910645,0.9866650493196901,0.00541521097346731
57,45,30,1000,0,1.0,57_45_30_1000_0,current,True,2.879565,0.279521355,3.159008,,True,True,True,0.279443,7.835500000002993e-05,transfer,8596.330361069266,0.001431,0.344085505063783,8596.330361069266,0.001431,0.344085505063783,99.99134577826013,0.01221300000000003,0.09006452900251362,0.0,-134.98001343859596,0.16706000166321644,14.865596590050533,14.84712725817891,29.731193180101066,1.0679657090246677,0.0005842313638198813,0.00040959338495446775,0.00020479669247723388,1.0579999685287476,1.0679999589920044,4219,1.0679657090246677,0.9910397726700355,0.019043084654811082
57,45,30,1000,1,1.0,57_45_30_1000_1,current,True,2.8508620000000002,0.2693537183333333,3.120203,,True,True,True,0.269341,1.2718333333328058e-05,transfer,8644.552890166799,0.0012689999999999646,0.333418223811201,8644.552890166799,0.0012689999999999646,0.333418223811201,99.98689930686794,0.012368999999999963,0.092491896394715,0.0,-134.974856510468,0.14435428491945856,14.736419043644116,14.61529851806547,29.47283808728823,1.0775707731978894,0.0024581353089459246,0.0050062717796888895,0.0025031358898444447,1.0579999685287476,1.0779999494552612,4261,1.0775707731978894,0.982427936242941,0.024200012782785052
57,90,30,1000,0,1.0,57_90_30_1000_0,current,True,2.890153,0.28933333333333333,3.179378847,,True,True,True,0.289225847,0.00010748633333335089,transfer,8639.050933697128,0.0013050000000001116,0.35252804087543194,8639.050933697128,0.0013050000000001116,0.35252804087543194,100.01014765721096,0.012111999999999956,0.09222932358187592,0.0,180.0,0.0,14.688310121287323,14.835742462423074,29.376620242574646,1.0579999685287476,0.0,0.0,0.0,1.0579999685287476,1.0579999685287476,4298,1.0579999685287476,0.9792206747524882,0.0009434767491711682
57,90,30,1000,1,1.0,57_90_30_1000_1,current,True,1.480287,0.30916666666666665,1.789382595,,True,True,True,0.309095595,7.107166666664444e-05,transfer,8632.575615342734,0.001908999999999994,0.3701260405835379,8632.575615342734,0.001908999999999994,0.3701260405835379,100.00323539879231,0.012367999999999935,0.09549248222310149,0.0,180.0,0.0,14.951699415604844,14.992306142383484,29.90339883120969,1.0490000247955322,0.0,0.0,0.0,1.0490000247955322,1.0490000247955322,4317,1.0490000247955322,0.996779961040323,0.0009434767491711682
57,135,30,500,0,0.5,57_135_30_500_0,current,True,2.868798,0.31016666666666665,3.178819556,,True,True,True,0.310021556,0.00014511066666667016,transfer,8649.444349381294,0.001334999999999975,0.3625086294732113,8649.444349381294,0.001334999999999975,0.3625086294732113,100.03851923042508,0.012019000000000002,0.08942913200728424,0.0,135.01814677422436,0.14089227969994056,15.110693491315985,15.090896968116,30.22138698263197,0.518999993801117,1.1102230246251565e-16,1.848892323200237e-31,9.244461616001185e-32,0.5189999938011169,0.5189999938011169,4307,1.037999987602234,1.0073795660877323,0.017203297475134605
57,135,30,500,1,0.5,57_135_30_500_1,current,True,1.849751,0.29038705033333334,2.140068,,True,True,True,0.290317,7.005033333334909e-05,transfer,8601.16441037633,0.0012060000000000404,0.3547450701756279,8601.16441037633,0.0012060000000000404,0.3547450701756279,99.98161628345757,0.012461999999999751,0.09222524215573885,0.0,134.99539785523655,0.13245726006203995,14.707107320561697,14.631863150638695,29.414214641123394,0.5189999938011169,0.0,0.0,0.0,0.5189999938011169,0.5189999938011169,4253,1.0379999876022339,0.9804738213707798,0.005545621512737853
57,135,30,1000,0,1.0,57_135_30_1000_0,current,True,2.8895570000000004,0.2894040923333333,3.178812,,True,True,True,0.289255,0.00014909233333332272,transfer,8644.330528952025,0.00100800000000012,0.3254474745855868,8644.330528952025,0.00100800000000012,0.3254474745855868,99.98085410623713,0.012408000000000197,0.09499538686069672,0.0,134.9767374929059,0.10447537426426834,14.789239733357975,14.668517889899483,29.57847946671595,1.0418832782492637,0.0045298251829708125,0.019759147267188637,0.009879573633594319,1.0390000343322754,1.0490000247955322,4323,1.0418832782492637,0.9859493155571983,0.024205983843330614
57,135,30,1000,1,1.0,57_135_30_1000_1,current,True,2.879302,0.29033333333333333,3.169611764,,True,True,True,0.290309764,2.3569333333306464e-05,transfer,8619.237160864102,0.0013279999999999959,0.35210773867439654,8619.237160864102,0.0013279999999999959,0.35210773867439654,100.04654211944796,0.012553000000000036,0.09369033082881417,0.0,135.00329764330252,0.14152912348304336,14.783015645239761,15.03728602520882,29.566031290479522,1.0390000343322754,0.0,0.0,0.0,1.0390000343322754,1.0390000343322754,4329,1.0390000343322754,0.9855343763493174,0.002354166553232062
57,180,30,500,0,0.5,57_180_30_500_0,current,True,2.889725,0.289061782,3.178636,,True,True,True,0.288911,0.00015078200000001596,transfer,8663.864877081143,0.001395000000000035,0.33318574132905104,8663.864877081143,0.001395000000000035,0.33318574132905104,100.00076246915665,0.012159000000000031,0.0875448314699389,0.0,90.0,0.0,14.790345045660551,14.82915140188021,29.580690091321102,0.4888265571586788,0.003218315876005819,0.00739888806190728,0.00369944403095364,0.47999998927116394,0.49000000953674316,4362,0.9776531143173576,0.9860230030440368,0.0009434767491711682
57,180,30,500,1,0.5,57_180_30_500_1,current,True,1.560199,0.29933333333333334,1.859531656,,True,True,True,0.299332656,6.77333333365393e-07,transfer,8691.470233581615,0.0009580000000000005,0.3204990062414236,8691.470233581615,0.0009580000000000005,0.3204990062414236,100.0315642120505,0.012126999999999999,0.0850881559169978,0.0,90.0,0.0,14.827516053826017,14.863114400247017,29.655032107652033,0.48695283336147666,0.004602883972287747,0.0166659577042946,0.0083329788521473,0.47999998927116394,0.49000000953674316,4349,0.9739056667229533,0.9885010702550677,0.0009434767491711682
57,180,30,1000,0,1.0,57_180_30_1000_0,current,True,2.8608919999999998,0.2996666666666667,3.160426779,,True,True,True,0.299534779,0.00013188766666671903,transfer,8649.364036287936,0.0013030000000000541,0.35487318610510415,8649.364036287936,0.0013030000000000541,0.35487318610510415,100.01495824888768,0.012413000000000007,0.08993579058949612,0.0,90.0,0.0,14.78388672430822,14.887915167440397,29.56777344861644,0.9900000095367434,2.220446049250313e-16,2.9582278934540588e-31,1.4791139467270294e-31,0.9900000095367432,0.9900000095367432,4284,0.9900000095367434,0.9855924482872146,0.0009434767491711682
57,180,30,1000,1,1.0,57_180_30_1000_1,current,True,2.869832,0.2905,3.160232509,,True,True,True,0.290400509,9.94910000000071e-05,transfer,8664.763809704571,0.0013569999999999416,0.3495697471024827,8664.763809704571,0.0013569999999999416,0.3495697471024827,100.00655013661714,0.01222600000000007,0.08516904125026858,0.0,90.0,0.0,14.823924537016586,14.616199928508774,29.64784907403317,1.0,0.0,0.0,0.0,1.0,1.0,4319,1.0,0.9882616358011057,0.0009434767491711682
57,225,30,500,0,0.5,57_225_30_500_0,current,True,1.708894,1.4406666666666668,3.149527492,,True,True,True,1.440633492,3.317466666685753e-05,transfer,8663.257401104387,0.0015540000000000016,0.3639983183126007,8663.257401104387,0.0015540000000000016,0.3639983183126007,100.03706912969791,0.01217299999999999,0.0852491178185326,0.0,44.989976137157036,0.17261906484621647,15.008884245775773,15.071613651343812,30.017768491551546,0.49957098707580566,0.008187626011017479,0.05344289149544761,0.026721445747723806,0.49000000953674316,0.5099999904632568,4341,0.9991419741516113,1.0005922830517182,0.010967339592184544
57,225,30,500,1,0.5,57_225_30_500_1,current,True,2.8803150000000004,0.30018469566666667,3.180356,,True,True,True,0.300041,0.00014369566666666556,transfer,8632.410909674842,0.0012189999999999979,0.34916959585578594,8632.410909674842,0.0012189999999999979,0.34916959585578594,99.9989149677848,0.01248299999999991,0.08339468862504158,0.0,45.00454537244404,0.1570998342695517,14.879215125869502,15.10304127697682,29.758430251739004,0.46099999547004705,5.551115123125783e-17,5.54667725566025e-32,2.773338627830125e-32,0.460999995470047,0.460999995470047,4332,0.9219999909400941,0.9919476750579668,0.003601895694828272
57,225,30,1000,0,1.0,57_225_30_1000_0,current,True,2.881057,0.29979205166666667,3.180807,,True,True,True,0.29975,4.205166666665372e-05,transfer,8645.83614001094,0.0011430000000000051,0.3497853037171237,8645.83614001094,0.0011430000000000051,0.3497853037171237,99.99571865838003,0.012440999999999924,0.08956132534127643,0.0,45.00000648160117,0.20641087027197358,14.856561438966938,14.912027907872256,29.713122877933877,0.9597890994641185,0.0013614119222862052,0.001965665844936456,0.000982832922468228,0.9509999752044678,0.9599999785423279,4285,0.9597890994641185,0.9904374292644625,0.0009369951480948657
57,225,30,1000,1,1.0,57_225_30_1000_1,current,True,2.120125,0.28023143066666667,2.400314,,True,True,True,0.280189,4.243066666664852e-05,transfer,8627.62846787013,0.0016369999999999996,0.34399532041111397,8627.62846787013,0.0016369999999999996,0.34399532041111397,99.99713458503237,0.012288999999999994,0.09583399156425296,0.0,44.990454948720455,0.15401057142086783,14.884694201242027,14.984632769416324,29.769388402484054,0.9671915445488095,0.0044941515891048145,0.02289913866880216,0.01144956933440108,0.9599999785423279,0.9700000286102295,4286,0.9671915445488095,0.9923129467494685,0.010488528028758992
57,270,30,500,0,0.5,57_270_30_500_0,current,True,2.8786650000000003,0.2907369106666667,3.169366,,True,True,True,0.290701,3.591066666669418e-05,transfer,8670.719253597294,0.0009630000000000472,0.33368637744679946,8670.719253597294,0.0009630000000000472,0.33368637744679946,99.97956429433633,0.012019000000000002,0.08988856513908698,0.0,0.0,0.0,14.707440609327607,14.699540539151048,29.414881218655214,0.47999998927116394,0.0,0.0,0.0,0.47999998927116394,0.47999998927116394,4352,0.9599999785423279,0.9804960406218405,0.0009434767491711682
57,270,30,500,1,0.5,57_270_30_500_1,current,True,2.75008,0.2901666666666667,3.04009339,,True,True,True,0.29001339,0.0001532766666667018,transfer,8662.104341636094,0.0013510000000001021,0.34286867561501494,8662.104341636094,0.0013510000000001021,0.34286867561501494,100.02006267532843,0.012516000000000194,0.09022578577714897,0.0,0.0,0.0,14.950967598813248,14.974232003571682,29.901935197626496,0.47999998927116394,0.0,0.0,0.0,0.47999998927116394,0.47999998927116394,4308,0.9599999785423279,0.9967311732542166,0.0009434767491711682
57,270,30,1000,0,1.0,57_270_30_1000_0,current,True,2.880104,0.29,3.169973682,,True,True,True,0.289869682,0.00013031799999996263,transfer,8641.666367321533,0.001680999999999988,0.3509859832659394,8641.666367321533,0.001680999999999988,0.3509859832659394,100.02961601924437,0.012231000000000325,0.09017813890772637,0.0,0.0,0.0,14.887248830874062,14.75963756412224,29.774497661748125,0.9931283765532971,0.004636481439717387,-0.017118203883172485,-0.008559101941586243,0.9900000095367432,1.0,4290,0.9931283765532971,0.9924832553916042,0.0009434767491711682
57,270,30,1000,1,1.0,57_270_30_1000_1,current,True,2.89018,0.2897395436666667,3.179888,,True,True,True,0.289708,3.154366666668906e-05,transfer,8614.84896822635,0.0023680000000000003,0.36085011032640973,8614.84896822635,0.0023680000000000003,0.36085011032640973,100.0219696349726,0.012216000000000005,0.09829917521307399,0.0,0.0,0.0,14.789446455826821,14.736064905292682,29.578892911653643,0.9900000095367433,1.1102230246251565e-16,1.8488923288958362e-31,9.244461644479181e-32,0.9900000095367432,0.9900000095367432,4337,0.9900000095367433,0.9859630970551214,0.0009434767491711682
57,315,30,500,0,0.5,57_315_30_500_0,current,True,1.6789169999999998,1.480816285,3.159613,,True,True,True,1.480696,0.00012028499999994224,transfer,8589.500360740847,0.0011799999999999589,0.34100330378699056,8589.500360740847,0.0011799999999999589,0.34100330378699056,99.99234662684175,0.01208000000000009,0.08882676686359971,0.0,-45.00534534335332,0.24792971345667206,14.86969307470182,14.773076097559409,29.73938614940364,0.5111260469592214,0.004933028399661277,0.027237147990496625,0.013618573995248313,0.5,0.5189999938011169,4258,1.0222520939184427,0.9913128716467879,0.006288820102554382
57,315,30,500,1,0.5,57_315_30_500_1,current,True,2.889768,0.29005330199999996,3.179657,,True,True,True,0.289889,0.00016430199999994954,transfer,8651.565925806428,0.00247399999999999,0.3924434582306429,8651.565925806428,0.00247399999999999,0.3924434582306429,99.98167982749041,0.01236299999999968,0.08992604706845923,0.0,-45.01378997705713,0.15475819763668142,14.935517802341124,14.888098894691908,29.87103560468225,0.5000278799734116,0.0005272780815793809,-0.0003336283016424678,-0.0001668141508212339,0.5,0.5099999904632568,4337,1.0000557599468232,0.9957011868227416,0.014733453806343277
57,315,30,1000,0,1.0,57_315_30_1000_0,current,True,2.85074,0.2993101246666667,3.149979,,True,True,True,0.299239,7.112466666669981e-05,transfer,8666.632293868675,0.0009909999999999641,0.3189494582164371,8666.632293868675,0.0009909999999999641,0.3189494582164371,100.03957577352449,0.01246400000000003,0.08985503342810981,0.0,-44.99063859516355,0.1809993862129602,15.01307098725647,15.027709810891343,30.02614197451294,1.0232447060244085,0.004942611642979928,-0.027068536709734494,-0.013534268354867247,1.0190000534057617,1.0290000438690186,4283,1.0232447060244085,1.0008713991504312,0.008417928087283144
57,315,30,1000,1,1.0,57_315_30_1000_1,current,True,2.5896660000000002,0.28992170533333333,2.87957,,True,True,True,0.289904,1.77053333333399e-05,transfer,8628.066088809033,0.0014060000000000183,0.3449059375029194,8628.066088809033,0.0014060000000000183,0.3449059375029194,100.03696380480764,0.012462000000000195,0.08813745613580634,0.0,-44.976879162774644,0.12421321461032306,14.999452114381015,15.050646016532756,29.99890422876203,1.019000053405762,2.220446049250313e-16,2.2186707986049553e-31,1.1093353993024777e-31,1.0190000534057617,1.0190000534057617,4288,1.019000053405762,0.9999634742920677,0.022177360476121066
57,0,40,500,0,0.5,57_0_40_500_0,current,True,1.909104,0.2909398183333333,2.199893,,True,True,True,0.290789,0.0001508183333333024,support,8642.372686515691,0.0012900000000000134,0.3408988960194016,8642.372686515691,0.0012900000000000134,0.3408988960194016,99.9520998782891,0.012302000000000035,0.08511950736470819,0.0,-90.0,0.0,19.633048165240933,19.774961430011153,39.266096330481865,0.5354122014825344,0.0047964133867987166,-0.027606725289301477,-0.013803362644650739,0.5289999842643738,0.5389999747276306,4284,1.0708244029650689,0.9816524082620466,0.0009434767492280116
57,0,40,500,1,0.5,57_0_40_500_1,current,True,2.1279339999999998,0.281017587,2.408893,,True,True,True,0.280959,5.8586999999998834e-05,support,8639.898540640992,0.0013130000000000086,0.3324509537225139,8639.898540640992,0.0013130000000000086,0.3324509537225139,100.04143478582507,0.012084999999999901,0.09790306660578037,0.0,-90.0,0.0,19.478387856710675,19.572379798981128,38.95677571342135,0.5348588386769295,0.004925678960675761,-0.029114799400872644,-0.014557399700436322,0.5289999842643738,0.5389999747276306,4299,1.069717677353859,0.9739193928355337,0.0009434767492280116
57,0,40,1000,0,1.0,57_0_40_1000_0,current,True,2.120263,0.2789206933333333,2.399149,,True,True,True,0.278886,3.469333333327995e-05,support,8697.952598666,0.0012129999999999086,0.3239186680330685,8697.952598666,0.0012129999999999086,0.3239186680330685,99.98341271352301,0.012519000000000002,0.09310769904216765,0.0,-90.0,0.0,19.420847340509336,19.33297508974489,38.84169468101867,1.0584439989157517,0.005986507470573445,-0.0342097120845905,-0.01710485604229525,1.0490000247955322,1.0679999589920044,4351,1.0584439989157517,0.9710423670254669,0.0009434767492280116
57,0,40,1000,1,1.0,57_0_40_1000_1,current,True,2.138182,0.28133707933333335,2.419388,,True,True,True,0.281206,0.00013107933333333932,support,8660.337217551301,0.001148000000000149,0.3672222271969512,8660.337217551301,0.001148000000000149,0.3672222271969512,100.01099737787258,0.012070999999999943,0.08325681249085086,0.0,-90.0,0.0,19.717710639524565,19.757930387127885,39.43542127904913,1.0645261256382468,0.00476138448760878,-0.027204960712203193,-0.013602480356101596,1.0579999685287476,1.0679999589920044,4302,1.0645261256382468,0.9858855319762283,0.0009434767492280116
57,45,40,500,0,0.5,57_45_40_500_0,current,True,1.629318,0.2801842306666667,1.909382,,True,True,True,0.280064,0.00012023066666672078,selection,8608.357029858771,0.0022760000000000002,0.38629166227161604,8608.357029858771,0.0022760000000000002,0.38629166227161604,100.0144082059331,0.012315000000000003,0.08761392259575912,0.0,-135.00236012030194,0.14291473253973663,19.84989729015752,19.935265733785705,39.69979458031504,0.5488803908632198,0.0010872134266935525,-0.0014184333137764282,-0.0007092166568882141,0.5389999747276306,0.5490000247955322,4313,1.0977607817264396,0.992494864507876,0.0033035970511718915
57,45,40,500,1,0.5,57_45_40_500_1,current,True,2.1112800000000003,0.31966666666666665,2.430854049,,True,True,True,0.319574049,9.261766666662785e-05,selection,8647.890033637284,0.0010040000000000049,0.32050114718233175,8647.890033637284,0.0010040000000000049,0.32050114718233175,99.9957309514863,0.012291999999999997,0.08815768256986421,0.0,-135.0175503250787,0.13877552686042094,19.86375807435829,19.488019275375624,39.72751614871658,0.5479414161619942,0.003076603175369291,-0.011358527166317507,-0.005679263583158753,0.5389999747276306,0.5490000247955322,4311,1.0958828323239884,0.9931879037179145,0.0184938018279297
57,45,40,1000,0,1.0,57_45_40_1000_0,current,True,2.1209629999999997,0.28976461566666667,2.410713,,True,True,True,0.28975,1.461566666666192e-05,selection,8646.565569184173,0.0009629999999996031,0.3276657265122544,8646.565569184173,0.0009629999999996031,0.3276657265122544,100.01456150703935,0.01233099999999998,0.0943425176675017,0.0,-134.9871107013093,0.07596081100329284,19.844103976128455,19.86074683670355,39.68820795225691,1.0679999589920044,0.0,0.0,0.0,1.0679999589920044,1.0679999589920044,4299,1.0679999589920044,0.9922051988064228,0.011945821941480972
57,45,40,1000,1,1.0,57_45_40_1000_1,current,True,2.129255,0.2798333333333333,2.408975224,,True,True,True,0.279720224,0.00011310933333330553,selection,8694.799077115236,0.0012799999999999478,0.3303605426119456,8694.799077115236,0.0012799999999999478,0.3303605426119456,100.007701742548,0.012179999999999969,0.09136232784091126,0.0,-134.99881342662385,0.10946259442936393,19.71942886429968,20.334471926971602,39.43885772859936,1.0766565740697385,0.003410144222371505,-0.013692260058281877,-0.0068461300291409385,1.0679999589920044,1.0779999494552612,4364,1.0766565740697385,0.985971443214984,0.00024309662691734957
57,90,40,500,0,0.5,57_90_40_500_0,current,True,2.1302190000000003,0.2992579226666667,2.429409,,True,True,True,0.29919,6.792266666666436e-05,support,8677.252236584505,0.0010219999999998564,0.32625310787554346,8677.252236584505,0.0010219999999998564,0.32625310787554346,100.0057474567504,0.012048999999999997,0.08881403898932064,0.0,180.0,0.0,19.858443966097077,20.003788040904414,39.716887932194155,0.5328781138992311,0.00487251166228343,0.016759220636415176,0.008379610318207588,0.5289999842643738,0.5389999747276306,4238,1.0657562277984622,0.9929221983048538,0.0009434767491711682
57,90,40,500,1,0.5,57_90_40_500_1,current,True,2.118934,0.3002061296666667,2.419103,,True,True,True,0.300169,3.712966666669093e-05,support,8624.49152104773,0.0011790000000000411,0.34084528700076216,8624.49152104773,0.0011790000000000411,0.34084528700076216,99.99770120227122,0.011974999999999847,0.0913184620030812,0.0,180.0,0.0,19.73505847531148,19.76465694101877,39.47011695062296,0.5297023035945891,0.0025553735857445914,0.0045804101430680175,0.0022902050715340088,0.5289999842643738,0.5389999747276306,4320,1.0594046071891783,0.986752923765574,0.0009434767491711682
57,90,40,1000,0,1.0,57_90_40_1000_0,current,True,2.118646,0.300519645,2.41915,,True,True,True,0.300504,1.564500000000857e-05,selection,8658.67168445078,0.001346999999999987,0.36829802383882226,8658.67168445078,0.001346999999999987,0.36829802383882226,100.0134248789549,0.012440999999999924,0.08746887260842952,0.0,180.0,0.0,19.692655539097665,19.70207192579443,39.38531107819533,1.0579999685287476,0.0,0.0,0.0,1.0579999685287476,1.0579999685287476,4345,1.0579999685287476,0.9846327769548833,0.0009434767491711682
57,90,40,1000,1,1.0,57_90_40_1000_1,current,True,1.6206329999999998,0.31016666666666665,1.930676787,,True,True,True,0.310043787,0.00012287966666663097,selection,8666.490058088866,0.0011139999999998373,0.34419475569480473,8666.490058088866,0.0011139999999998373,0.34419475569480473,100.05252757697792,0.012168000000000012,0.09323830546774642,0.0,180.0,0.0,19.80964683374887,19.846911994295223,39.61929366749774,1.0490000247955322,0.0,0.0,0.0,1.0490000247955322,1.0490000247955322,4293,1.0490000247955322,0.9904823416874435,0.0009434767491711682
57,135,40,500,0,0.5,57_135_40_500_0,current,True,2.118741,0.31133333333333335,2.429993105,,True,True,True,0.311252105,8.122833333334967e-05,selection,8655.703311785639,0.0010959999999999859,0.3518076915891088,8655.703311785639,0.0010959999999999859,0.3518076915891088,100.04085960012786,0.012593999999999994,0.10051941286783303,0.0,135.01720228364613,0.08449666374214782,19.67897318448805,19.63277845840368,39.3579463689761,0.5189999938011169,0.0,0.0,0.0,0.5189999938011169,0.5189999938011169,4308,1.0379999876022339,0.9839486592244026,0.016258806896871647
57,135,40,500,1,0.5,57_135_40_500_1,current,True,2.119948,0.30923787766666666,2.429165,,True,True,True,0.309217,2.0877666666641037e-05,selection,8623.485767184582,0.0012369999999999326,0.35697495193937795,8623.485767184582,0.0012369999999999326,0.35697495193937795,99.98294184160184,0.012453999999999965,0.09965609809165872,0.0,135.00784108539767,0.08279241107900502,19.933132653947407,19.886265228817336,39.866265307894814,0.5189999938011168,1.1102230246251565e-16,-3.6977847663997006e-32,-1.8488923831998503e-32,0.5189999938011169,0.5189999938011169,4323,1.0379999876022337,0.9966566326973704,0.006897608648387177
57,135,40,1000,0,1.0,57_135_40_1000_0,current,True,2.110045,0.30983333333333335,2.419874719,,True,True,True,0.309829719,3.6143333333460426e-06,selection,8597.746876574345,0.001462999999999992,0.34151958820941974,8597.746876574345,0.001462999999999992,0.34151958820941974,100.08029430508616,0.012113999999999958,0.09212966530432802,0.0,134.99729201757307,0.09681904690134502,19.932277029933793,19.89357398756135,39.86455405986759,1.0399371434385778,0.002914259536990337,-0.004008978788499797,-0.0020044893942498987,1.0390000343322754,1.0490000247955322,4245,1.0399371434385778,0.9966138514966897,0.0036514591761260817
57,135,40,1000,1,1.0,57_135_40_1000_1,current,True,2.1198930000000002,0.31109058466666667,2.430899,,True,True,True,0.311006,8.458466666666498e-05,selection,8644.018270692812,0.0013110000000000621,0.3398091804528045,8644.018270692812,0.0013110000000000621,0.3398091804528045,100.03841169548308,0.012658999999999976,0.10063865720853103,0.0,135.00202192106235,0.09535044243995255,20.13041939217477,19.948985519785825,40.26083878434954,1.0390000343322756,2.220446049250313e-16,2.2186709293880193e-31,1.1093354646940096e-31,1.0390000343322754,1.0390000343322754,4301,1.0390000343322756,1.0065209696087385,0.0010784443131797161
57,180,40,500,0,0.5,57_180_40_500_0,current,True,2.1297479999999998,0.31004893299999997,2.439793,,True,True,True,0.310045,3.9329999999559995e-06,selection,8626.617722263347,0.0011940000000000284,0.37380089849087716,8626.617722263347,0.0011940000000000284,0.37380089849087716,99.9977778271594,0.012166000000000121,0.08989601709264117,0.0,90.0,0.0,19.728266575704986,19.813032633948737,39.45653315140997,0.4895293085828424,0.0021178903866896606,0.004631132862149419,0.0023155664310747096,0.47999998927116394,0.49000000953674316,4207,0.9790586171656848,0.9864133287852492,0.0009434767491711682
57,180,40,500,1,0.5,57_180_40_500_1,current,True,1.069311,0.29005181133333335,1.359259,,True,True,True,0.289948,0.00010381133333337011,selection,8671.524504971518,0.0012369999999999326,0.33409925556401926,8671.524504971518,0.0012369999999999326,0.33409925556401926,99.98738166622516,0.011912000000000145,0.0921829471090748,0.0,90.0,0.0,19.69907257273651,19.665456856985184,39.39814514547302,0.4864604790303608,0.004781955728449208,0.01877070218187487,0.009385351090937435,0.47999998927116394,0.49000000953674316,4321,0.9729209580607217,0.9849536286368256,0.0009434767491711682
57,180,40,1000,0,1.0,57_180_40_1000_0,current,True,2.130498,0.2997335476666667,2.430125,,True,True,True,0.299627,0.00010654766666673421,selection,8569.665938921089,0.002514999999999934,0.40689946220864576,8569.665938921089,0.002514999999999934,0.40689946220864576,99.99955555753085,0.011971999999999983,0.09137558057433248,0.0,90.0,0.0,19.81394513258181,19.79139065460614,39.62789026516362,0.9902256526548863,0.001485097374842817,0.002646619225333489,0.0013233096126667445,0.9900000095367432,1.0,4207,0.9902256526548863,0.9906972566290906,0.0009434767491711682
57,180,40,1000,1,1.0,57_180_40_1000_1,current,True,1.8887040000000002,0.3303592693333333,2.21896,,True,True,True,0.330256,0.00010326933333332233,selection,8671.736308798194,0.0013750000000001261,0.34042173694925754,8671.736308798194,0.0013750000000001261,0.34042173694925754,100.00692063100945,0.012216000000000005,0.09385294407411184,0.0,90.0,0.0,19.63085780208651,19.93328774801426,39.26171560417302,0.9999999999999999,1.1102230246251564e-16,1.4791139021625531e-31,7.395569510812766e-32,1.0,1.0,4332,0.9999999999999999,0.9815428901043255,0.0009434767491711682
57,225,40,500,0,0.5,57_225_40_500_0,current,True,2.1201410000000003,0.321,2.440990014,,True,True,True,0.320849014,0.0001509860000000196,selection,8590.126460937212,0.001434999999999964,0.38103904868455285,8590.126460937212,0.001434999999999964,0.38103904868455285,99.99059129122536,0.012267999999999724,0.09371701934250284,0.0,45.00543955052974,0.07299939834751823,20.00072916611989,20.09877678370054,40.00145833223978,0.46475297886192796,0.004437564502531531,0.02601698906529324,0.01300849453264662,0.460999995470047,0.4699999988079071,4210,0.9295059577238559,1.0000364583059944,0.0044960737805013196
57,225,40,500,1,0.5,57_225_40_500_1,current,True,1.8799860000000002,0.5196749206666668,2.399572,,True,True,True,0.519586,8.892066666676968e-05,selection,8577.185552582272,0.0021679999999999477,0.38336836615261277,8577.185552582272,0.0021679999999999477,0.38336836615261277,100.01418452122678,0.012321999999999944,0.09982978497750798,0.0,44.99004909472806,0.12063567060716307,19.79577381305938,20.10888752826686,39.59154762611876,0.4662178288945952,0.005642750254051543,0.034149999302898755,0.017074999651449378,0.460999995470047,0.47999998927116394,4278,0.9324356577891904,0.989788690652969,0.010894382021206184
57,225,40,1000,0,1.0,57_225_40_1000_0,current,True,2.1295719999999996,0.2906666666666667,2.420157506,,True,True,True,0.290585506,8.116066666669086e-05,selection,8651.177579779855,0.0010909999999999531,0.3400132788866571,8651.177579779855,0.0010909999999999531,0.3400132788866571,100.0276321543231,0.012357000000000007,0.08985231394230445,0.0,45.0107037708133,0.08851005908032328,19.738916477705022,19.7731840202294,39.477832955410044,0.9607328764087557,0.004304467611503215,0.020397025227291716,0.010198512613645858,0.9509999752044678,0.9700000286102295,4364,0.9607328764087557,0.9869458238852511,0.009760294064108166
57,225,40,1000,1,1.0,57_225_40_1000_1,current,True,2.109388,0.3100482196666666,2.419365,,True,True,True,0.309977,7.121966666662205e-05,selection,8595.212966425272,0.0013880000000001669,0.3621872032534741,8595.212966425272,0.0013880000000001669,0.3621872032534741,100.03798490275459,0.012167999999999957,0.0933263950237743,0.0,44.99893189611324,0.12929527775546035,19.90386126268839,19.95095468646634,39.80772252537678,0.969217029726108,0.00356202376862719,0.013074713232882017,0.006537356616441009,0.9599999785423279,0.9800000190734863,4241,0.969217029726108,0.9951930631344196,0.002011580636008148
57,270,40,500,0,0.5,57_270_40_500_0,current,True,2.119529,0.31021151566666666,2.429709,,True,True,True,0.31018,3.151566666664829e-05,selection,8630.958424504306,0.0013170000000000126,0.3637030366919207,8630.958424504306,0.0013170000000000126,0.3637030366919207,99.99582392919223,0.012599000000000013,0.08755731885722264,0.0,0.0,0.0,19.77668284138222,19.882710115677213,39.55336568276444,0.479999989271164,5.551115123125783e-17,7.395569087576252e-32,3.697784543788126e-32,0.47999998927116394,0.47999998927116394,4224,0.959999978542328,0.9888341420691111,0.0009434767491711682
57,270,40,500,1,0.5,57_270_40_500_1,current,True,2.1291819999999997,0.300689804,2.429801,,True,True,True,0.300619,7.080399999997988e-05,selection,8595.221690157154,0.0012929999999999886,0.34913844498845303,8595.221690157154,0.0012929999999999886,0.34913844498845303,99.96670339802205,0.011886999999999759,0.08811475320587196,0.0,0.0,0.0,19.52217489530336,19.53067250854849,39.04434979060672,0.47999998927116394,0.0,0.0,0.0,0.47999998927116394,0.47999998927116394,4275,0.9599999785423279,0.976108744765168,0.0009434767491711682
57,270,40,1000,0,1.0,57_270_40_1000_0,current,True,2.1494560000000003,0.2896666666666667,2.439083064,,True,True,True,0.289627064,3.9602666666693764e-05,selection,8690.394917806358,0.0012380000000002944,0.3298412892691214,8690.394917806358,0.0012380000000002944,0.3298412892691214,100.02915979196887,0.012609999999999996,0.0914097773913303,0.0,0.0,0.0,19.61515858837324,19.953677782537753,39.23031717674648,0.991836044452429,0.003871602695970531,-0.013895330434699526,-0.006947665217349763,0.9900000095367432,1.0,4354,0.991836044452429,0.980757929418662,0.0009434767491711682
57,270,40,1000,1,1.0,57_270_40_1000_1,current,True,2.118868,0.31066666666666665,2.429511117,,True,True,True,0.310643117,2.3549666666622393e-05,selection,8572.88967288565,0.0016539999999999888,0.3643186785046816,8572.88967288565,0.0016539999999999888,0.3643186785046816,100.027287137334,0.012087999999999877,0.08993673763784402,0.0,0.0,0.0,19.612331443610596,19.552067576386836,39.22466288722119,0.9902334693140983,0.0015099973773034416,-0.002529816705644843,-0.0012649083528224216,0.9900000095367432,1.0,4280,0.9902334693140983,0.9806165721805298,0.0009434767491711682
57,315,40,500,0,0.5,57_315_40_500_0,current,True,2.1196650000000004,0.30033333333333334,2.419944446,,True,True,True,0.300279446,5.388733333333562e-05,selection,8615.046859374384,0.001142999999999894,0.3313574188967035,8615.046859374384,0.001142999999999894,0.3313574188967035,100.02310878720256,0.01264599999999999,0.09106067877176177,0.0,-45.01085290386715,0.06344976373805762,19.726800785413417,19.295049196496333,39.453601570826834,0.5,0.0,0.0,0.0,0.5,0.5,4299,1.0,0.9863400392706708,0.011796380616374336
57,315,40,500,1,0.5,57_315_40_500_1,current,True,2.108528,0.31039323933333335,2.418839,,True,True,True,0.310311,8.223933333334488e-05,selection,8501.916043435425,0.0010870000000000046,0.35994934496490083,8501.916043435425,0.0010870000000000046,0.35994934496490083,99.98184237805089,0.012083999999999984,0.08417565745569741,0.0,-44.9960563234128,0.11052870263216619,19.913006886223865,19.954273358336387,39.82601377244773,0.49999999999999994,5.551115123125782e-17,7.395569336730501e-32,3.6977846683652503e-32,0.5,0.5,4215,0.9999999999999999,0.9956503443111933,0.0030001998379702854
57,315,40,1000,0,1.0,57_315_40_1000_0,current,True,2.119536,0.2809150793333333,2.400313,,True,True,True,0.280777,0.00013807933333331857,selection,8617.67801900279,0.0013480000000000159,0.35835127235150044,8617.67801900279,0.0013480000000000159,0.35835127235150044,100.01172551264631,0.012233999999999995,0.09652784081301624,0.0,-44.97512110697399,0.10882008689596034,19.9038286654765,19.977485579454306,39.807657330953,1.020594985218048,0.003661351584670012,-0.014639200835395733,-0.007319600417697867,1.0190000534057617,1.0290000438690186,4264,1.020594985218048,0.995191433273825,0.023935416276799515
57,315,40,1000,1,1.0,57_315_40_1000_1,current,True,2.120646,0.29983333333333334,2.420388719,,True,True,True,0.299742719,9.061433333334978e-05,selection,8656.289434026574,0.001490999999999909,0.3427113192498202,8656.289434026574,0.001490999999999909,0.3427113192498202,100.03702519783185,0.012351,0.09493193239951492,0.0,-45.00682158406046,0.09857134843556566,19.855573842347265,19.967382159802167,39.71114768469453,1.0185293082430364,0.0021179948646882427,-0.0027816221528463203,-0.0013908110764231602,1.0089999437332153,1.0190000534057617,4285,1.0185293082430364,0.9927786921173632,0.007765060809674651
57,45,50,500,0,0.5,57_45_50_500_0,current,True,1.650174,0.30041457433333335,1.950466,,True,True,True,0.300292,0.00012257433333334733,transfer,8635.448364289776,0.001314999999999955,0.35289643863834896,8635.448364289776,0.001314999999999955,0.35289643863834896,99.97367209178397,0.012019000000000002,0.0869829564290195,0.0,-134.9913460618665,0.08965121099146955,24.73383793841921,24.467106218453182,49.46767587683842,0.5462141641807159,0.004483048768993453,-0.023854379713424648,-0.011927189856712324,0.5389999747276306,0.5490000247955322,4298,1.0924283283614318,0.9893535175367684,0.007710461384277778
57,45,50,500,1,0.5,57_45_50_500_1,current,True,1.658816,0.3008012106666667,1.959526,,True,True,True,0.30071,9.121066666673006e-05,transfer,8628.29517762265,0.0013610000000001676,0.3739924740531202,8628.29517762265,0.0013610000000001676,0.3739924740531202,100.03857990076891,0.012422000000000002,0.0961234006366344,0.0,-135.01283808684371,0.08119132147042904,24.896250991397213,24.842625478911557,49.79250198279443,0.5466281995870272,0.004253565095030444,-0.021711267321739728,-0.010855633660869864,0.5389999747276306,0.5490000247955322,4282,1.0932563991740545,0.9958500396558886,0.013781563592942803
57,45,50,1000,0,1.0,57_45_50_1000_0,current,True,1.679779,0.28952086099999996,1.969284,,True,True,True,0.289505,1.5860999999950387e-05,transfer,8575.224354683038,0.0018139999999999823,0.40476596318144764,8575.224354683038,0.0018139999999999823,0.40476596318144764,100.0226748235686,0.01198100000000002,0.08268390020130492,0.0,-135.00183149904453,0.06641333128246174,24.70846158690497,24.8480559290564,49.41692317380994,1.066246000664711,0.003803050976781934,-0.01735584580804284,-0.00867792290402142,1.0579999685287476,1.0679999589920044,4213,1.066246000664711,0.9883384634761988,0.0027749757937556296
57,45,50,1000,1,1.0,57_45_50_1000_1,current,True,1.678634,0.29,1.968579624,,True,True,True,0.289945624,5.437599999996712e-05,transfer,8603.749559238762,0.0013719999999999288,0.37229123481660903,8603.749559238762,0.0013719999999999288,0.37229123481660903,100.06298081733797,0.012333999999999845,0.0940542564618026,0.0,-135.01540982895997,0.07455000477007445,24.67281007895038,24.618488648002977,49.34562015790076,1.0742121930675506,0.0048508173848954205,-0.028236537471728163,-0.014118268735864081,1.0679999589920044,1.0779999494552612,4274,1.0742121930675506,0.9869124031580152,0.01635330570920246
57,90,50,1000,0,1.0,57_90_50_1000_0,current,True,1.5908449999999998,0.309600332,1.900383,,True,True,True,0.309538,6.233199999999828e-05,transfer,8674.502305702395,0.0009669999999999956,0.31892218820299284,8674.502305702395,0.0009669999999999956,0.31892218820299284,99.9925005624578,0.012397999999999909,0.08943422196228877,0.0,180.0,0.0,25.11629102590128,25.162937668419147,50.23258205180256,1.0573689914735556,0.0022979612593555816,0.005939400605772508,0.002969700302886254,1.0490000247955322,1.0579999685287476,4307,1.0573689914735556,1.004651641036051,0.0009434767491711682
57,90,50,1000,1,1.0,57_90_50_1000_1,current,True,0.9090520000000001,0.3007793216666667,1.209812,,True,True,False,0.30076,1.932166666668289e-05,transfer,8637.400370433774,0.0011459999999999804,0.35598522184573994,8637.400370433774,0.0011459999999999804,0.35598522184573994,99.99727280165087,0.012195000000000001,0.09370230067693266,0.0,180.0,0.0,24.797428528402047,24.997282346965743,49.594857056804095,1.050897797930837,0.00367128159680845,0.015036051747159065,0.007518025873579533,1.0490000247955322,1.0579999685287476,4300,1.050897797930837,0.9918971411360819,0.0009434767491711682
57,135,50,500,0,0.5,57_135_50_500_0,current,True,1.6690589999999998,0.291,1.960032364,,True,True,True,0.290973364,2.6635999999968796e-05,transfer,8566.809544368547,0.0016209999999999836,0.4226934421213695,8566.809544368547,0.0016209999999999836,0.4226934421213695,100.05178355824702,0.01213599999999998,0.09282063664188277,0.0,134.98964687151266,0.08638866797650024,24.37677084015856,24.487703220214296,48.75354168031712,0.5199371729073524,0.002914357124230698,-0.0016745723579012276,-0.0008372861789506138,0.5189999938011169,0.5289999842643738,4144,1.0398743458147048,0.9750708336063424,0.011296605236566393
57,135,50,500,1,0.5,57_135_50_500_1,current,True,1.679802,0.29983333333333334,1.979608964,,True,True,True,0.299806964,2.636933333333147e-05,transfer,8560.22326243511,0.0009930000000000216,0.35424047957997,8560.22326243511,0.0009930000000000216,0.35424047957997,100.00758351344176,0.01199900000000001,0.09151776593421782,0.0,135.00782201197998,0.0772126026837725,24.820993070299025,24.753357500739313,49.64198614059805,0.518999993801117,1.1102230246251565e-16,1.1093354525958737e-31,5.546677262979369e-32,0.5189999938011169,0.5189999938011169,4312,1.037999987602234,0.992839722811961,0.006878535230725902
57,135,50,1000,0,1.0,57_135_50_1000_0,current,True,1.659999,0.31086949533333336,1.970835,,True,True,True,0.310836,3.3495333333355415e-05,transfer,8611.58556930694,0.0013250000000000206,0.34554038938899717,8611.58556930694,0.0013250000000000206,0.34554038938899717,99.9406687070843,0.01232500000000003,0.09340991845131286,0.0,135.0074625362416,0.07353376186552506,24.901775015237742,24.849381139130628,49.803550030475485,1.040402832994461,0.0034727696665768416,-0.007528214689921349,-0.0037641073449606747,1.0390000343322754,1.0490000247955322,4242,1.040402832994461,0.9960710006095097,0.006519059492347878
57,135,50,1000,1,1.0,57_135_50_1000_1,current,True,1.679636,0.3002177396666667,1.979846,,True,True,True,0.30021,7.739666666728429e-06,transfer,8612.90706223241,0.0009820000000000384,0.3463807120385962,8612.90706223241,0.0009820000000000384,0.3463807120385962,99.96779318156321,0.012103999999999893,0.09836952717404038,0.0,135.00349507691743,0.0830679107765917,24.668655186682717,24.330519186297945,49.33731037336543,1.0390000343322754,0.0,0.0,0.0,1.0390000343322754,1.0390000343322754,4272,1.0390000343322754,0.9867462074673087,0.0025516001682035494
57,180,50,500,0,0.5,57_180_50_500_0,current,True,1.660768,0.3095385603333333,1.970235,,True,True,True,0.309467,7.156033333333145e-05,transfer,8683.302042154803,0.0012389999999999997,0.3374894784356104,8683.302042154803,0.0012389999999999997,0.3374894784356104,100.00157660143289,0.012487999999999999,0.09603966709652437,0.0,90.0,0.0,25.325549473552286,25.515996525708132,50.65109894710457,0.48882882716327913,0.003215614920573861,0.010154371226707027,0.0050771856133535135,0.47999998927116394,0.49000000953674316,4335,0.9776576543265583,1.0130219789420913,0.0009434767491711682
57,180,50,500,1,0.5,57_180_50_500_1,current,True,1.0895770000000002,0.920038068,2.009478,,True,True,True,0.919901,0.00013706800000001795,transfer,8639.266834294693,0.0012900000000000134,0.35156246052067797,8639.266834294693,0.0012900000000000134,0.35156246052067797,100.03633878166906,0.012419,0.08962846794902228,0.0,90.0,0.0,24.98092375289847,25.04562142648392,49.96184750579694,0.4997957201948166,0.0025049666092069158,0.007315556454703117,0.0036577782273515586,0.49000000953674316,0.5099999904632568,4309,0.9995914403896332,0.9992369501159388,0.0009434767491711682
57,180,50,1000,0,1.0,57_180_50_1000_0,current,True,1.649973,0.320525094,1.97044,,True,True,True,0.320467,5.809400000000853e-05,transfer,8656.926964888364,0.0013669999999999997,0.3789086059895533,8656.926964888364,0.0013669999999999997,0.3789086059895533,100.0014479847672,0.01205299999999987,0.09146659545422789,0.0,90.0,0.0,25.292549424894517,25.21341173891208,50.585098849789034,0.9932754364130496,0.004693166980209556,0.026165798759506757,0.013082899379753378,0.9900000095367432,1.0,4318,0.9932754364130496,1.0117019769957807,0.0009434767491711682
57,180,50,1000,1,1.0,57_180_50_1000_1,current,True,1.648624,0.3105,1.959063929,,True,True,True,0.310439929,6.007099999999488e-05,transfer,8566.24370613097,0.0010799999999999699,0.34202650190755707,8566.24370613097,0.0010799999999999699,0.34202650190755707,100.01023689688992,0.012399999999999967,0.09202302038348573,0.0,90.0,0.0,25.02196763207628,25.072532702114273,50.04393526415256,1.002088121945262,0.003799042873825613,0.019243753564720287,0.009621876782360143,1.0,1.0089999437332153,4317,1.002088121945262,1.0008787052830512,0.0009434767491711682
57,225,50,500,0,0.5,57_225_50_500_0,current,True,0.9615670000000001,1.0296666666666667,1.991115634,,True,True,False,1.029548634,0.00011803266666676748,transfer,8606.082467254324,0.0008179999999999854,0.32124594977081716,8606.082467254324,0.0008179999999999854,0.32124594977081716,100.02272009298039,0.012194000000000038,0.08805528969562239,0.0,45.01023711189785,0.1038389955655532,24.912536675017694,25.017680386886795,49.82507335003539,0.507238342862765,0.011209796981744225,0.0748679738415259,0.03743398692076295,0.49000000953674316,0.5289999842643738,4300,1.01447668572553,0.9965014670007077,0.009293635148651447
57,225,50,500,1,0.5,57_225_50_500_1,current,True,1.669644,0.30989776566666666,1.979539,,True,True,True,0.309895,2.7656666666819874e-06,transfer,8636.538488196398,0.0013279999999999959,0.3660538010969787,8636.538488196398,0.0013279999999999959,0.3660538010969787,100.04945923267286,0.012318999999999969,0.09385857150192578,0.0,45.02108231715718,0.09737292939382196,24.869063284757285,24.854857522554695,49.73812656951457,0.4632930823204914,0.003921675917808869,0.02038919066148749,0.010194595330743746,0.460999995470047,0.4699999988079071,4367,0.9265861646409828,0.9947625313902914,0.02013884040798075
57,225,50,1000,0,1.0,57_225_50_1000_0,current,True,1.1996600000000002,0.6906994646666667,1.8903,,True,True,True,0.69064,5.946466666661987e-05,transfer,8651.000255758221,0.0011090000000000266,0.3446705390257223,8651.000255758221,0.0011090000000000266,0.3446705390257223,100.01332073970197,0.012070999999999943,0.08845410297714573,0.0,45.0041083446354,0.10422686862340667,25.072383370504628,25.028228846102625,50.144766741009256,0.9870986508725483,0.011921344571500002,0.07978034998014724,0.03989017499007362,0.9700000286102295,1.0089999437332153,4338,0.9870986508725483,1.0028953348201852,0.003164867886198408
57,225,50,1000,1,1.0,57_225_50_1000_1,current,True,1.679987,0.28933333333333333,1.96931299,,True,True,True,0.28932599,7.3433333333539075e-06,transfer,8620.174622547303,0.0010490000000000221,0.35406005488327796,8620.174622547303,0.0010490000000000221,0.35406005488327796,100.0169848663489,0.012392000000000014,0.09272313360539433,0.0,44.98616655160424,0.08526561787182912,24.7624011383492,24.832708198486486,49.5248022766984,0.9700555654266476,0.0057815840833277355,0.0318260996776534,0.0159130498388267,0.9599999785423279,0.9800000190734863,4342,0.9700555654266476,0.9904960455339681,0.014776925145042696
57,270,50,500,0,0.5,57_270_50_500_0,current,True,1.0512860000000002,0.2991794076666667,1.350454,,True,True,True,0.299168,1.1407666666685135e-05,transfer,8678.538678145243,0.0011300000000000754,0.3289922272088091,8678.538678145243,0.0011300000000000754,0.3289922272088091,100.01147317765891,0.012340999999999935,0.0901451886015324,0.0,0.0,0.0,24.949806155747687,25.00300637999542,49.899612311495375,0.479999989271164,5.551115123125783e-17,7.395569795211199e-32,3.6977848976055995e-32,0.47999998927116394,0.47999998927116394,4332,0.959999978542328,0.9979922462299075,0.0009434767491711682
57,270,50,500,1,0.5,57_270_50_500_1,current,True,1.648326,0.31133333333333335,1.959642677,,True,True,True,0.311316677,1.6656333333364692e-05,transfer,8692.052231040007,0.0010529999999999706,0.31854814640835466,8692.052231040007,0.0010529999999999706,0.31854814640835466,99.97195356958682,0.012232999999999938,0.0963912593116238,0.0,0.0,0.0,25.296518453825545,25.35224019401553,50.59303690765109,0.47999998927116394,0.0,0.0,0.0,0.47999998927116394,0.47999998927116394,4283,0.9599999785423279,1.0118607381530218,0.0009434767491711682
57,270,50,1000,0,1.0,57_270_50_1000_0,current,True,1.6593650000000002,0.2991666666666667,1.958451219,,True,True,True,0.299086219,8.044766666670533e-05,transfer,8669.485105845417,0.0011440000000000339,0.31985137035026345,8669.485105845417,0.0011440000000000339,0.31985137035026345,100.0632672748997,0.011911999999999923,0.08754391921982375,0.0,0.0,0.0,25.042283587803585,25.310928812324004,50.08456717560717,0.9907044888648986,0.002559002821279865,-0.006580150462201126,-0.003290075231100563,0.9900000095367432,1.0,4351,0.9907044888648986,1.0016913435121433,0.0009434767491711682
57,270,50,1000,1,1.0,57_270_50_1000_1,current,True,1.6618579999999998,0.308816721,1.970573,,True,True,True,0.308715,0.00010172099999999906,transfer,8670.366045791649,0.0013370000000001436,0.3593753404510152,8670.366045791649,0.0013370000000001436,0.3593753404510152,99.98478679752607,0.012315000000000076,0.09579351617507367,0.0,0.0,0.0,24.973002636709364,25.010450864418637,49.94600527341873,0.9902356193120478,0.001516767464009842,-0.0022674994757375167,-0.0011337497378687584,0.9900000095367432,1.0,4341,0.9902356193120478,0.9989201054683745,0.0009434767491711682
57,315,50,500,0,0.5,57_315_50_500_0,current,True,1.670277,0.3006666666666667,1.970938678,,True,True,True,0.300661678,4.988666666705388e-06,transfer,8667.563673971279,0.0012750000000000261,0.34649937856786567,8667.563673971279,0.0012750000000000261,0.34649937856786567,100.04629848185155,0.012218000000000062,0.08200416905619101,0.0,-44.98721355069826,0.1527062251435012,24.39949634719558,24.430082777929513,48.79899269439116,0.49999999999999994,5.551115123125782e-17,7.395569760879552e-32,3.697784880439776e-32,0.5,0.5,4359,0.9999999999999999,0.9759798538878232,0.011842972552585707
57,315,50,500,1,0.5,57_315_50_500_1,current,True,1.6399899999999998,0.32066666666666666,1.960538011,,True,True,True,0.320548011,0.00011865566666663385,transfer,8601.99417733801,0.0013620000000000854,0.36106159560723444,8601.99417733801,0.0013620000000000854,0.36106159560723444,100.0615963593173,0.012349999999999861,0.09029478624242623,0.0,-44.983693285113,0.04902218154652473,24.77931901512124,25.095438152972797,49.55863803024248,0.5,0.0,0.0,0.0,0.5,0.5,4327,1.0,0.9911727606048495,0.015363238137751978
57,315,50,1000,0,1.0,57_315_50_1000_0,current,True,1.6490609999999999,0.30033333333333334,1.949249337,,True,True,True,0.300188337,0.00014499633333331374,transfer,8645.230448708251,0.0011639999999999984,0.34158421529230293,8645.230448708251,0.0011639999999999984,0.34158421529230293,100.02883948359138,0.012490000000000112,0.08565672039000907,0.0,-44.99251716675055,0.12646308665211303,24.863346212883133,24.91919585846619,49.72669242576627,1.0195192262439727,0.0022185993317758957,-0.0051172377423554065,-0.0025586188711777032,1.0190000534057617,1.0290000438690186,4307,1.0195192262439727,0.9945338485153253,0.006539356500297799
57,315,50,1000,1,1.0,57_315_50_1000_1,current,True,1.65842,0.31083333333333335,1.969207859,,True,True,True,0.310787859,4.5474333333350714e-05,transfer,8640.265063338142,0.0009839999999998739,0.3517365143727963,8640.265063338142,0.0009839999999998739,0.3517365143727963,100.06298336701977,0.012014999999999998,0.09798321854641119,0.0,-45.00986069665495,0.07617197905472607,24.760320700786107,24.592219450443718,49.52064140157221,1.0180641731418372,0.002912564747986569,-0.008120490274340609,-0.004060245137170304,1.0089999437332153,1.0190000534057617,4304,1.0180641731418372,0.9904128280314443,0.010804173404153516
57,0,60,500,0,0.5,57_0_60_500_0,current,True,1.3693279999999999,0.32083333333333336,1.690149618,,True,True,True,0.320821618,1.1715333333384148e-05,selection,8648.620374002878,0.0007100000000000162,0.3156171001570756,8648.620374002878,0.0007100000000000162,0.3156171001570756,99.99565463909161,0.012409999999999921,0.09607675039714923,0.0,-90.0,0.0,29.536206894782524,29.63931141615921,59.07241378956505,0.5309071091122627,0.0072002061772237745,-0.04592559719275999,-0.022962798596379994,0.5189999938011169,0.5389999747276306,4387,1.0618142182245254,0.9845402298260841,0.0009434767492280116
57,0,60,500,1,0.5,57_0_60_500_1,current,True,1.379805,0.31066666666666665,1.690320713,,True,True,True,0.310515713,0.00015095366666662002,selection,8687.348636273686,0.0013210000000000166,0.3325544972104776,8687.348636273686,0.0013210000000000166,0.3325544972104776,99.99858640741728,0.012154999999999916,0.08718240694364632,0.0,-90.0,0.0,29.731200264834516,29.838842168254835,59.46240052966903,0.5312176454827786,0.007275216037083053,-0.04638782979009638,-0.02319391489504819,0.5189999938011169,0.5389999747276306,4364,1.0624352909655572,0.9910400088278172,0.0009434767492280116
57,0,60,1000,0,1.0,57_0_60_1000_0,current,True,1.3706450000000001,0.32028632366666665,1.690852,,True,True,True,0.320207,7.932366666663082e-05,selection,8619.49924365581,0.0012000000000000899,0.33770103098819615,8619.49924365581,0.0012000000000000899,0.33770103098819615,100.07607877821255,0.012141999999999986,0.08426327915999196,0.0,-90.0,0.0,29.97218812053191,30.181225990570447,59.94437624106382,1.051926421634833,0.007912375353977139,-0.05056670509598979,-0.025283352547994895,1.0390000343322754,1.0679999589920044,4315,1.051926421634833,0.9990729373510637,0.0009434767492280116
57,0,60,1000,1,1.0,57_0_60_1000_1,current,True,1.369793,0.31033333333333335,1.680092611,,True,True,True,0.310299611,3.372233333337471e-05,selection,8585.225601028615,0.0013910000000000033,0.37667954986102276,8585.225601028615,0.0013910000000000033,0.37667954986102276,99.97545105416523,0.012280000000000069,0.0920669377811697,0.0,-90.0,0.0,29.89332768074832,29.963215509007632,59.78665536149664,1.0598404537673791,0.007538776735592933,-0.048848834780916534,-0.024424417390458267,1.0490000247955322,1.0679999589920044,4323,1.0598404537673791,0.996444256024944,0.0009434767492280116
57,45,60,500,0,0.5,57_45_60_500_0,current,True,1.36024,0.30034242733333333,1.66055,,True,True,True,0.30031,3.242733333330694e-05,selection,8614.874581021655,0.001432999999999962,0.355411470182984,8614.874581021655,0.001432999999999962,0.355411470182984,100.03309995768234,0.012369999999999992,0.09488725228216653,0.0,-134.99466763134205,0.09523560710663048,29.441670333231663,29.486870442092865,58.883340666463326,0.5441648518928488,0.006367089142579013,-0.0375456884357576,-0.0187728442178788,0.5289999842643738,0.5490000247955322,4281,1.0883297037856976,0.9813890111077221,0.004388891908718051
57,45,60,500,1,0.5,57_45_60_500_1,current,True,1.370743,0.2905,1.661204428,,True,True,True,0.290461428,3.857199999995897e-05,selection,8676.369709966995,0.0011689999999999756,0.3338996492366816,8676.369709966995,0.0011689999999999756,0.3338996492366816,99.95754550402494,0.012255000000000127,0.0891324943677965,0.0,-134.99581799340723,0.08051612204629206,29.697457564394,29.77232901424454,59.394915128788,0.5448104672327042,0.005983026416982885,-0.034182897504908716,-0.017091448752454358,0.5289999842643738,0.5490000247955322,4352,1.0896209344654084,0.9899152521464667,0.003238529843542892
57,45,60,1000,0,1.0,57_45_60_1000_0,current,True,1.3692980000000001,0.31136316533333336,1.68052,,True,True,True,0.311222,0.00014116533333335957,selection,8662.50885319301,0.0011959999999999749,0.3326615466048766,8662.50885319301,0.0011959999999999749,0.3326615466048766,99.94229850721544,0.012292999999999887,0.09378195999725261,0.0,-135.01136255344443,0.08209532241930186,29.922298800666145,29.970019558178286,59.84459760133229,1.063421905952533,0.006042925573118999,-0.03558953663630541,-0.017794768318152705,1.0490000247955322,1.0679999589920044,4304,1.063421905952533,0.9974099600222048,0.01230603019365617
57,45,60,1000,1,1.0,57_45_60_1000_1,current,True,1.348729,0.330130661,1.678712,,True,True,True,0.329983,0.00014766099999996563,selection,8656.363878951626,0.0014759999999999773,0.33544485126645845,8656.363878951626,0.0014759999999999773,0.33544485126645845,100.00685910918497,0.012689999999999979,0.09658567901182244,0.0,-135.0055564948906,0.07667566024795604,30.28810875247193,30.30989972549096,60.57621750494386,1.0698010170377494,0.007816558525610888,-0.04700389738494584,-0.02350194869247292,1.0490000247955322,1.0779999494552612,4316,1.0698010170377494,1.0096036250823976,0.006499971639840396
57,90,60,500,0,0.5,57_90_60_500_0,current,True,1.149594,0.30972431566666664,1.459192,,True,True,True,0.309598,0.00012631566666665428,selection,8610.066503863598,0.0011359999999999149,0.3623741949894175,8610.066503863598,0.0011359999999999149,0.3623741949894175,100.069773924786,0.011851999999999974,0.09098729857193918,0.0,180.0,0.0,29.354636048583323,29.416207251469174,58.70927209716665,0.5334485800218582,0.004969498056767972,0.019326525918928493,0.009663262959464246,0.5289999842643738,0.5389999747276306,4317,1.0668971600437165,0.9784878682861108,0.0009434767491711682
57,90,60,500,1,0.5,57_90_60_500_1,current,True,1.370009,0.319501045,1.68944,,True,True,True,0.319431,7.004499999996305e-05,selection,8645.098183577522,0.0012669999999999626,0.3488724116374814,8645.098183577522,0.0012669999999999626,0.3488724116374814,99.94986725079474,0.01215300000000008,0.08493530030791045,0.0,180.0,0.0,29.79839565565641,29.89240393597275,59.59679131131282,0.5329859204630852,0.00489608380178141,0.009254636245010979,0.004627318122505489,0.5289999842643738,0.5389999747276306,4256,1.0659718409261705,0.993279855188547,0.0009434767491711682
57,90,60,1000,0,1.0,57_90_60_1000_0,current,True,1.359596,0.31083333333333335,1.670378283,,True,True,True,0.310782283,5.1050333333357845e-05,selection,8591.03460159622,0.0013700000000000379,0.39293423809783545,8591.03460159622,0.0013700000000000379,0.39293423809783545,100.0137913754423,0.012458999999999998,0.09013326787305403,0.0,180.0,0.0,29.63960883268219,29.80141945582603,59.27921766536438,1.0569457241197824,0.0028942544960505203,0.00985040790562375,0.004925203952811875,1.0490000247955322,1.0579999685287476,4230,1.0569457241197824,0.9879869610894063,0.0009434767491711682
57,90,60,1000,1,1.0,57_90_60_1000_1,current,True,1.361212,0.31933333333333336,1.680475824,,True,True,True,0.319263824,6.950933333338405e-05,selection,8661.78322307277,0.0008509999999999351,0.31684400574086863,8661.78322307277,0.0008509999999999351,0.31684400574086863,100.03566271375746,0.011739000000000166,0.085530500148156,0.0,180.0,0.0,29.717810396478257,29.698011551463274,59.43562079295651,1.0506836082699298,0.0035096585623797085,0.006454089866057608,0.003227044933028804,1.0490000247955322,1.0579999685287476,4313,1.0506836082699298,0.9905936798826086,0.0009434767491711682
57,135,60,500,0,0.5,57_135_60_500_0,current,True,1.349739,0.330106544,1.679687,,True,True,True,0.329948,0.0001585439999999827,selection,8673.07763431209,0.0013880000000000003,0.3518441266476583,8673.07763431209,0.0013880000000000003,0.3518441266476583,100.00138123454744,0.011967999999999979,0.08944482595395127,0.0,135.00298334257002,0.0568994316296596,29.660772938540173,29.452321314918507,59.32154587708035,0.5197023331313133,0.0025554072217932908,-0.004622083627303181,-0.0023110418136515903,0.5189999938011169,0.5289999842643738,4344,1.0394046662626266,0.9886924312846724,0.0020398658207341214
57,135,60,500,1,0.5,57_135_60_500_1,current,True,1.3615410000000001,0.319614873,1.681013,,True,True,True,0.319472,0.00014287300000004333,selection,8620.127303464084,0.00117899999999993,0.35382931653782823,8620.127303464084,0.00117899999999993,0.35382931653782823,100.05286126169995,0.01252500000000012,0.09066442655817633,0.0,135.01493215526818,0.07016485719363601,29.790343985537078,30.05297077616563,59.580687971074155,0.5192333235785961,0.0015095869516285147,-0.0009666656374329483,-0.0004833328187164742,0.5189999938011169,0.5289999842643738,4257,1.0384666471571922,0.9930114661845693,0.013988678518899178
57,135,60,1000,0,1.0,57_135_60_1000_0,current,True,1.3492220000000001,0.3105,1.659715021,,True,True,True,0.310493021,6.979000000018054e-06,selection,8623.125071730628,0.0011129999999999196,0.34825663104521015,8623.125071730628,0.0011129999999999196,0.34825663104521015,100.00558042189095,0.011903999999999915,0.09422535832602144,0.0,134.9973921986505,0.09554984593810331,29.676518408855667,30.03384718046798,59.353036817711335,1.0404060829913617,0.0034761329591974977,-0.007182589584746289,-0.0035912947923731446,1.0390000343322754,1.0490000247955322,4271,1.0404060829913617,0.989217280295189,0.0035512780987119186
57,135,60,1000,1,1.0,57_135_60_1000_1,current,True,1.2088219999999998,0.48135015533333336,1.690149,,True,True,True,0.481327,2.315533333335784e-05,selection,8611.904522685192,0.0010809999999999986,0.34829438093001636,8611.904522685192,0.0010809999999999986,0.34829438093001636,100.01569307007286,0.012445999999999957,0.09094765925041594,0.0,135.00669442008902,0.08784826639064101,29.8084529235413,29.68727465379034,59.6169058470826,1.0361059604256153,0.004534870195424619,-0.023887709976482447,-0.011943854988241224,1.0290000438690186,1.0390000343322754,4307,1.0361059604256153,0.9936150974513767,0.005750943339762671
57,180,60,500,0,0.5,57_180_60_500_0,current,True,1.3711550000000001,0.349583912,1.720603,,True,True,True,0.349448,0.0001359120000000158,selection,8683.374794747579,0.0011140000000000594,0.3374859704375559,8683.374794747579,0.0011140000000000594,0.3374859704375559,99.97398404278886,0.012500000000000011,0.0989592447187281,0.0,90.0,0.0,29.645921132266395,29.77465241105697,59.29184226453279,0.49022403932309144,0.0014799008013369026,0.0026281311976024163,0.0013140655988012082,0.49000000953674316,0.5,4338,0.9804480786461829,0.9881973710755465,0.0009434767491711682
57,180,60,500,1,0.5,57_180_60_500_1,current,True,0.678811,1.011,1.689804072,,True,True,False,1.010993072,6.92799999990612e-06,selection,8595.706736254082,0.0012659999999999894,0.35952438514763563,8595.706736254082,0.0012659999999999894,0.35952438514763563,100.01732540554838,0.0123120000000001,0.09435660096824082,0.0,90.0,0.0,29.660306050878297,29.542411823188232,59.320612101756595,0.5038413043956756,0.004950169684037774,0.02879473699180472,0.01439736849590236,0.5,0.5189999938011169,4283,1.0076826087913513,0.9886768683626099,0.0009434767491711682
57,180,60,1000,0,1.0,57_180_60_1000_0,current,True,1.370633,0.32968463600000003,1.700313,,True,True,True,0.32968,4.636000000057816e-06,selection,8621.76512816921,0.0013529999999999376,0.349495526698887,8621.76512816921,0.0013529999999999376,0.349495526698887,99.96819693075663,0.012297000000000002,0.09518340506361901,0.0,90.0,0.0,30.13018626371396,30.038857251626464,60.26037252742792,0.9936972760107519,0.004827302569797872,0.027963443671093248,0.013981721835546624,0.9900000095367432,1.0,4288,0.9936972760107519,1.0043395421237986,0.0009434767491711682
57,180,60,1000,1,1.0,57_180_60_1000_1,current,True,1.369294,0.3403737433333333,1.709613,,True,True,True,0.340319,5.474333333332915e-05,selection,8598.228529355049,0.0010900000000000354,0.3429249970023777,8598.228529355049,0.0010900000000000354,0.3429249970023777,100.00032967141651,0.01241099999999995,0.09334378775541255,0.0,90.0,0.0,29.733431191528794,29.74257579053776,59.46686238305759,1.0035866275767487,0.0044063078658262405,0.025530414460729445,0.012765207230364723,1.0,1.0089999437332153,4248,1.0035866275767487,0.9911143730509598,0.0009434767491711682
57,225,60,500,0,0.5,57_225_60_500_0,current,True,1.369658,0.32986229133333334,1.699483,,True,True,True,0.329825,3.729133333335577e-05,selection,8623.048867260777,0.0012739999999999974,0.36003101087021316,8623.048867260777,0.0012739999999999974,0.36003101087021316,100.08251247139307,0.012359999999999982,0.09334564878604383,0.0,44.997170745317945,0.09704634404613018,29.868119248492214,29.915635092574153,59.73623849698443,0.4665860562247832,0.006893836444922864,0.042054053520409695,0.021027026760204848,0.460999995470047,0.47999998927116394,4330,0.9331721124495664,0.9956039749497404,0.0037727314313542593
57,225,60,500,1,0.5,57_225_60_500_1,current,True,0.800408,0.8791666666666667,1.679519545,,True,True,False,0.879111545,5.512166666665763e-05,selection,8638.109367381685,0.0011970000000001146,0.32575626869259117,8638.109367381685,0.0011970000000001146,0.32575626869259117,100.07497764031586,0.012015999999999999,0.09530510158187766,0.0,44.99785019164449,0.09067736975073615,29.823902435724605,29.887145683113076,59.64780487144921,0.5065156419749657,0.01190434244788836,0.07940054974288696,0.03970027487144348,0.49000000953674316,0.5289999842643738,4321,1.0130312839499314,0.9941300811908201,0.0030932851047964505
57,225,60,1000,0,1.0,57_225_60_1000_0,current,True,1.3399699999999999,0.30916666666666665,1.649087399,,True,True,True,0.309117399,4.9267666666630294e-05,selection,8598.238412229439,0.002529,0.3691492371207402,8598.238412229439,0.002529,0.3691492371207402,100.05085918675326,0.012368000000000018,0.09817643624408443,0.0,45.008722570410555,0.05977312702135435,29.875922123759576,30.2913740079945,59.75184424751915,0.9666941333694457,0.007928143220619768,0.05007715073645967,0.025038575368229836,0.9509999752044678,0.9900000095367432,4264,0.9666941333694457,0.9958640707919859,0.00777909366138374
57,225,60,1000,1,1.0,57_225_60_1000_1,current,True,1.360013,0.31983333333333336,1.679705842,,True,True,True,0.319692842,0.00014049133333338126,selection,8641.32841652014,0.0011609999999999988,0.35756017319938593,8641.32841652014,0.0011609999999999988,0.35756017319938593,100.07797283817833,0.012395999999999852,0.0880382556912146,0.0,44.99834668778162,0.06958128786543366,29.95012273429315,30.08555917352033,59.9002454685863,0.9741622506469292,0.00776303675156427,0.047234159916557675,0.023617079958278837,0.9599999785423279,0.9900000095367432,4323,0.9741622506469292,0.9983374244764384,0.002596788967593966
57,270,60,500,0,0.5,57_270_60_500_0,current,True,1.36811,0.31133333333333335,1.679410771,,True,True,True,0.311300771,3.256233333337466e-05,selection,8675.604660577768,0.0013859999999999983,0.36892008747078286,8675.604660577768,0.0013859999999999983,0.36892008747078286,100.042070323257,0.012334999999999985,0.09805431867003028,0.0,0.0,0.0,29.820814548145766,30.03478336854068,59.64162909629153,0.47999998927116394,0.0,0.0,0.0,0.47999998927116394,0.47999998927116394,4308,0.9599999785423279,0.9940271516048589,0.0009434767491711682
57,270,60,500,1,0.5,57_270_60_500_1,current,True,1.379332,0.31083333333333335,1.69002501,,True,True,True,0.31069301,0.00014032333333335867,selection,8567.239826817786,0.0011309999999999931,0.3585746576704851,8567.239826817786,0.0011309999999999931,0.3585746576704851,99.94597364868878,0.012361000000000066,0.09939958172297644,0.0,0.0,0.0,29.695748022987967,29.791741886925898,59.391496045975934,0.4799999892711639,5.551115123125782e-17,9.244462100319152e-32,4.622231050159576e-32,0.47999998927116394,0.47999998927116394,4298,0.9599999785423278,0.9898582674329323,0.0009434767491711682
57,270,60,1000,0,1.0,57_270_60_1000_0,current,True,1.358621,0.31066666666666665,1.669169581,,True,True,True,0.310548581,0.00011808566666665632,selection,8614.179031501531,0.0011070000000000801,0.35111314853990255,8614.179031501531,0.0011070000000000801,0.35111314853990255,100.10281277842823,0.01260299999999992,0.09138927170557877,0.0,0.0,0.0,30.218764227843188,30.3853465002326,60.437528455686376,0.9908626987140179,0.002807605906981075,-0.006553372081487012,-0.003276686040743506,0.9900000095367432,1.0,4263,0.9908626987140179,1.0072921409281064,0.0009434767491711682
57,270,60,1000,1,1.0,57_270_60_1000_1,current,True,1.379481,0.31016666666666665,1.689521101,,True,True,True,0.310040101,0.00012656566666663371,selection,8650.904841142561,0.0007099999999999884,0.3107935553526267,8650.904841142561,0.0007099999999999884,0.3107935553526267,100.09448479388786,0.012374999999999997,0.09379319919948909,0.0,0.0,0.0,29.920271883729995,30.040102357955583,59.84054376745999,0.9902334693140984,0.0015099973773034412,-0.0022708550090538857,-0.0011354275045269428,0.9900000095367432,1.0,4318,0.9902334693140984,0.9973423961243332,0.0009434767491711682
57,315,60,500,0,0.5,57_315_60_500_0,current,True,1.371276,0.3095,1.68075731,,True,True,True,0.30948131,1.8689999999987883e-05,selection,8670.33583104272,0.0012220000000000564,0.33016553183574404,8670.33583104272,0.0012220000000000564,0.33016553183574404,100.04572770695717,0.012149999999999883,0.08257332456221078,0.0,-45.00331856374991,0.08019852501631419,29.760183179386043,29.8962087179932,59.52036635877209,0.5,0.0,0.0,0.0,0.5,0.5,4325,1.0,0.9920061059795348,0.004262040499156683
57,315,60,500,1,0.5,57_315_60_500_1,current,True,0.8801830000000002,0.7902432356666667,1.670373,,True,True,False,0.79019,5.323566666670665e-05,selection,8609.632678744658,0.0013279999999999959,0.3616335590877508,8609.632678744658,0.0013279999999999959,0.3616335590877508,100.07621593919158,0.012048999999999976,0.07436691003773807,0.0,-44.99959725418303,0.05430844117729805,30.03152533867538,30.213885527043075,60.06305067735076,0.5108107517486016,0.007682182635220722,0.04953844379964596,0.02476922189982298,0.5,0.5189999938011169,4320,1.0216215034972032,1.0010508446225126,0.0005407309322436049
57,315,60,1000,0,1.0,57_315_60_1000_0,current,True,1.36072,0.30933333333333335,1.669948984,,True,True,True,0.309228984,0.00010434933333336449,selection,8646.375835134553,0.0012289999999999246,0.34331786353542726,8646.375835134553,0.0012289999999999246,0.34331786353542726,99.97733498112731,0.012224000000000013,0.09188863741322491,0.0,-44.99721612423665,0.09263386386393647,30.361763146308633,30.667287786377475,60.723526292617265,1.019469022958517,0.002114180364514775,-0.004853880800857659,-0.0024269404004288297,1.0190000534057617,1.0290000438690186,4304,1.019469022958517,1.0120587715436211,0.001840399014099603
57,315,60,1000,1,1.0,57_315_60_1000_1,current,True,1.0806820000000001,0.5988333333333333,1.679418926,,True,True,True,0.598736926,9.640733333338147e-05,selection,8676.754407304692,0.0013290000000001356,0.3546680170910336,8676.754407304692,0.0013290000000001356,0.3546680170910336,100.07775674922296,0.012355000000000005,0.09163950933820317,0.0,-45.007324170310746,0.070185886073034,29.709402288214253,29.912565378384183,59.418804576428506,1.0187286206956703,0.006429663392524731,0.03486950279156986,0.01743475139578493,1.0089999437332153,1.0290000438690186,4355,1.0187286206956703,0.9903134096071418,0.008267647059938099
