surface_id,direction_deg,speed_mm_s,force_mN,repeat_id,nominal_force_N,recording_id,variant,valid,usable_duration_logged_s,canonical_start_s,steady_end_s,exclusion_reason,available_0.25,available_0.5,available_1,steady_start_s,canonical_shift_s
10,0,20,500,0,0.5,10_0_20_500_0,current,True,2.720046,0.300036955,3.020055,,True,True,True,0.300009,2.7954999999968422e-05
10,0,20,500,0,0.5,10_0_20_500_0,smoother_11,True,1.6096479999999995,3.110203621666667,4.71979,,True,True,True,3.110142,6.162166666667801e-05
10,0,20,500,0,0.5,10_0_20_500_0,smoother_31,True,4.338319,0.34103695500000003,4.679324,,True,True,True,0.341005,3.195500000002793e-05
10,0,20,500,0,0.5,10_0_20_500_0,accel_gap_half,True,2.720046,0.300036955,3.020055,,True,True,True,0.300009,2.7954999999968422e-05
10,0,20,500,0,0.5,10_0_20_500_0,accel_gap_double,True,2.720046,0.300036955,3.020055,,True,True,True,0.300009,2.7954999999968422e-05
10,0,20,500,0,0.5,10_0_20_500_0,aux_gap_half,True,2.720046,0.300036955,3.020055,,True,True,True,0.300009,2.7954999999968422e-05
10,0,20,500,0,0.5,10_0_20_500_0,aux_gap_double,True,2.720046,0.300036955,3.020055,,True,True,True,0.300009,2.7954999999968422e-05
10,0,20,500,1,0.5,10_0_20_500_1,current,True,3.3803739999999998,0.319519641,3.699747,,True,True,True,0.319373,0.0001466410000000029
10,0,20,500,1,0.5,10_0_20_500_1,smoother_11,True,1.079478,2.6000196410000003,3.679484,,True,True,True,2.600006,1.3641000000230719e-05
10,0,20,500,1,0.5,10_0_20_500_1,smoother_31,True,4.340725,0.3496863076666667,4.690411,,True,True,True,0.349686,3.0766666669901355e-07
10,0,20,500,1,0.5,10_0_20_500_1,accel_gap_half,True,3.3803739999999998,0.319519641,3.699747,,True,True,True,0.319373,0.0001466410000000029
10,0,20,500,1,0.5,10_0_20_500_1,accel_gap_double,True,3.3803739999999998,0.319519641,3.699747,,True,True,True,0.319373,0.0001466410000000029
10,0,20,500,1,0.5,10_0_20_500_1,aux_gap_half,True,3.3803739999999998,0.319519641,3.699747,,True,True,True,0.319373,0.0001466410000000029
10,0,20,500,1,0.5,10_0_20_500_1,aux_gap_double,True,3.3803739999999998,0.319519641,3.699747,,True,True,True,0.319373,0.0001466410000000029
10,0,20,1000,0,1.0,10_0_20_1000_0,current,True,4.059159999999999,0.6205,4.679655691,,True,True,True,0.620495691,4.3090000000356454e-06
10,0,20,1000,0,1.0,10_0_20_1000_0,smoother_11,True,1.0892720000000002,0.63,1.719136691,,True,True,True,0.629864691,0.00013530900000002788
10,0,20,1000,0,1.0,10_0_20_1000_0,smoother_31,True,4.359047,0.30083333333333334,4.659780691,,True,True,True,0.300733691,9.964233333331629e-05
10,0,20,1000,0,1.0,10_0_20_1000_0,accel_gap_half,True,4.059159999999999,0.6205,4.679655691,,True,True,True,0.620495691,4.3090000000356454e-06
10,0,20,1000,0,1.0,10_0_20_1000_0,accel_gap_double,True,4.059159999999999,0.6205,4.679655691,,True,True,True,0.620495691,4.3090000000356454e-06
10,0,20,1000,0,1.0,10_0_20_1000_0,aux_gap_half,True,4.059159999999999,0.6205,4.679655691,,True,True,True,0.620495691,4.3090000000356454e-06
10,0,20,1000,0,1.0,10_0_20_1000_0,aux_gap_double,True,4.059159999999999,0.6205,4.679655691,,True,True,True,0.620495691,4.3090000000356454e-06
10,0,20,1000,1,1.0,10_0_20_1000_1,current,True,4.3990089999999995,0.2901666666666667,4.689058178,,True,True,True,0.290049178,0.00011748866666666524
10,0,20,1000,1,1.0,10_0_20_1000_1,smoother_11,True,0.7096279999999999,2.4103333333333334,3.119867178,,True,True,False,2.410239178,9.415533333356763e-05
10,0,20,1000,1,1.0,10_0_20_1000_1,smoother_31,True,4.339708,0.32066666666666666,4.660261178,,True,True,True,0.320553178,0.00011348866666666124
10,0,20,1000,1,1.0,10_0_20_1000_1,accel_gap_half,True,4.3990089999999995,0.2901666666666667,4.689058178,,True,True,True,0.290049178,0.00011748866666666524
10,0,20,1000,1,1.0,10_0_20_1000_1,accel_gap_double,True,4.3990089999999995,0.2901666666666667,4.689058178,,True,True,True,0.290049178,0.00011748866666666524
10,0,20,1000,1,1.0,10_0_20_1000_1,aux_gap_half,True,4.3990089999999995,0.2901666666666667,4.689058178,,True,True,True,0.290049178,0.00011748866666666524
10,0,20,1000,1,1.0,10_0_20_1000_1,aux_gap_double,True,4.3990089999999995,0.2901666666666667,4.689058178,,True,True,True,0.290049178,0.00011748866666666524
10,45,20,500,0,0.5,10_45_20_500_0,current,True,3.418707,0.3015,3.720046927,,True,True,True,0.301339927,0.0001600729999999828
10,45,20,500,0,0.5,10_45_20_500_0,smoother_11,True,0.9998119999999999,0.651,1.650740927,,True,True,False,0.650928927,7.107299999997707e-05
10,45,20,500,0,0.5,10_45_20_500_0,smoother_31,True,4.299524,0.33,4.629379927,,True,True,True,0.329855927,0.00014407300000002232
10,45,20,500,0,0.5,10_45_20_500_0,accel_gap_half,True,3.418707,0.3015,3.720046927,,True,True,True,0.301339927,0.0001600729999999828
10,45,20,500,0,0.5,10_45_20_500_0,accel_gap_double,True,3.418707,0.3015,3.720046927,,True,True,True,0.301339927,0.0001600729999999828
10,45,20,500,0,0.5,10_45_20_500_0,aux_gap_half,True,3.418707,0.3015,3.720046927,,True,True,True,0.301339927,0.0001600729999999828
10,45,20,500,0,0.5,10_45_20_500_0,aux_gap_double,True,3.418707,0.3015,3.720046927,,True,True,True,0.301339927,0.0001600729999999828
10,45,20,500,1,0.5,10_45_20_500_1,current,True,3.770181,0.9098535873333334,4.679919,,True,True,True,0.909738,0.000115587333333389
10,45,20,500,1,0.5,10_45_20_500_1,smoother_11,True,0.8595079999999999,3.500020254,4.359369,,True,True,False,3.499861,0.00015925399999972
10,45,20,500,1,0.5,10_45_20_500_1,smoother_31,True,4.330617999999999,0.31968692066666665,4.650288,,True,True,True,0.31967,1.692066666664216e-05
10,45,20,500,1,0.5,10_45_20_500_1,accel_gap_half,True,3.770181,0.9098535873333334,4.679919,,True,True,True,0.909738,0.000115587333333389
10,45,20,500,1,0.5,10_45_20_500_1,accel_gap_double,True,3.770181,0.9098535873333334,4.679919,,True,True,True,0.909738,0.000115587333333389
10,45,20,500,1,0.5,10_45_20_500_1,aux_gap_half,True,3.770181,0.9098535873333334,4.679919,,True,True,True,0.909738,0.000115587333333389
10,45,20,500,1,0.5,10_45_20_500_1,aux_gap_double,True,3.770181,0.9098535873333334,4.679919,,True,True,True,0.909738,0.000115587333333389
10,45,20,1000,0,1.0,10_45_20_1000_0,current,True,1.8395629999999998,1.601,3.440499944,,True,True,True,1.600936944,6.305599999989475e-05
10,45,20,1000,0,1.0,10_45_20_1000_0,smoother_11,True,0.6304430000000001,3.5498333333333334,4.180136944,,True,True,False,3.549693944,0.0001393893333334617
10,45,20,1000,0,1.0,10_45_20_1000_0,smoother_31,True,4.330088,0.3293333333333333,4.659406944,,True,True,True,0.329318944,1.438933333330894e-05
10,45,20,1000,0,1.0,10_45_20_1000_0,accel_gap_half,True,1.8395629999999998,1.601,3.440499944,,True,True,True,1.600936944,6.305599999989475e-05
10,45,20,1000,0,1.0,10_45_20_1000_0,accel_gap_double,True,1.8395629999999998,1.601,3.440499944,,True,True,True,1.600936944,6.305599999989475e-05
10,45,20,1000,0,1.0,10_45_20_1000_0,aux_gap_half,True,1.8395629999999998,1.601,3.440499944,,True,True,True,1.600936944,6.305599999989475e-05
10,45,20,1000,0,1.0,10_45_20_1000_0,aux_gap_double,True,1.8395629999999998,1.601,3.440499944,,True,True,True,1.600936944,6.305599999989475e-05
10,45,20,1000,1,1.0,10_45_20_1000_1,current,True,2.7199299999999997,1.9497221496666666,4.669497,,True,True,True,1.949567,0.00015514966666652086
10,45,20,1000,1,1.0,10_45_20_1000_1,smoother_11,True,1.3195869999999998,3.380055483,4.699528,,True,True,True,3.379941,0.00011448299999994305
10,45,20,1000,1,1.0,10_45_20_1000_1,smoother_31,True,4.319295,0.3207221496666667,4.639865,,True,True,True,0.32057,0.00015214966666665664
10,45,20,1000,1,1.0,10_45_20_1000_1,accel_gap_half,True,2.7199299999999997,1.9497221496666666,4.669497,,True,True,True,1.949567,0.00015514966666652086
10,45,20,1000,1,1.0,10_45_20_1000_1,accel_gap_double,True,2.7199299999999997,1.9497221496666666,4.669497,,True,True,True,1.949567,0.00015514966666652086
10,45,20,1000,1,1.0,10_45_20_1000_1,aux_gap_half,True,2.7199299999999997,1.9497221496666666,4.669497,,True,True,True,1.949567,0.00015514966666652086
10,45,20,1000,1,1.0,10_45_20_1000_1,aux_gap_double,True,2.7199299999999997,1.9497221496666666,4.669497,,True,True,True,1.949567,0.00015514966666652086
10,90,20,500,0,0.5,10_90_20_500_0,current,True,3.798978,0.92,4.718830677,,True,True,True,0.919852677,0.00014732300000008802
10,90,20,500,0,0.5,10_90_20_500_0,smoother_11,True,0.679627,3.4606666666666666,4.140181677,,True,True,False,3.460554677,0.00011198966666636778
10,90,20,500,0,0.5,10_90_20_500_0,smoother_31,True,4.3311,0.3601666666666667,4.691152677,,True,True,True,0.360052677,0.00011398966666670285
10,90,20,500,0,0.5,10_90_20_500_0,accel_gap_half,True,3.798978,0.92,4.718830677,,True,True,True,0.919852677,0.00014732300000008802
10,90,20,500,0,0.5,10_90_20_500_0,accel_gap_double,True,3.798978,0.92,4.718830677,,True,True,True,0.919852677,0.00014732300000008802
10,90,20,500,0,0.5,10_90_20_500_0,aux_gap_half,True,3.798978,0.92,4.718830677,,True,True,True,0.919852677,0.00014732300000008802
10,90,20,500,0,0.5,10_90_20_500_0,aux_gap_double,True,3.798978,0.92,4.718830677,,True,True,True,0.919852677,0.00014732300000008802
10,90,20,500,1,0.5,10_90_20_500_1,current,True,4.409853999999999,0.31116666666666665,4.720867628,,True,True,True,0.311013628,0.00015303866666666055
10,90,20,500,1,0.5,10_90_20_500_1,smoother_11,True,0.9494949999999998,2.8406666666666665,3.790053628,,True,True,False,2.840558628,0.00010803866666631023
10,90,20,500,1,0.5,10_90_20_500_1,smoother_31,True,4.348167,0.341,4.689059628,,True,True,True,0.340892628,0.00010737200000004998
10,90,20,500,1,0.5,10_90_20_500_1,accel_gap_half,True,4.409853999999999,0.31116666666666665,4.720867628,,True,True,True,0.311013628,0.00015303866666666055
10,90,20,500,1,0.5,10_90_20_500_1,accel_gap_double,True,4.409853999999999,0.31116666666666665,4.720867628,,True,True,True,0.311013628,0.00015303866666666055
10,90,20,500,1,0.5,10_90_20_500_1,aux_gap_half,True,4.409853999999999,0.31116666666666665,4.720867628,,True,True,True,0.311013628,0.00015303866666666055
10,90,20,500,1,0.5,10_90_20_500_1,aux_gap_double,True,4.409853999999999,0.31116666666666665,4.720867628,,True,True,True,0.311013628,0.00015303866666666055
10,90,20,1000,0,1.0,10_90_20_1000_0,current,True,4.408506,0.3005,4.708976325,,True,True,True,0.300470325,2.967500000000678e-05
10,90,20,1000,0,1.0,10_90_20_1000_0,smoother_11,True,0.8896470000000001,2.4705,3.360123325,,True,True,False,2.470476325,2.367500000000078e-05
10,90,20,1000,0,1.0,10_90_20_1000_0,smoother_31,True,4.349004,0.3305,4.679468325,,True,True,True,0.330464325,3.567500000001278e-05
10,90,20,1000,0,1.0,10_90_20_1000_0,accel_gap_half,True,4.408506,0.3005,4.708976325,,True,True,True,0.300470325,2.967500000000678e-05
10,90,20,1000,0,1.0,10_90_20_1000_0,accel_gap_double,True,4.408506,0.3005,4.708976325,,True,True,True,0.300470325,2.967500000000678e-05
10,90,20,1000,0,1.0,10_90_20_1000_0,aux_gap_half,True,4.408506,0.3005,4.708976325,,True,True,True,0.300470325,2.967500000000678e-05
10,90,20,1000,0,1.0,10_90_20_1000_0,aux_gap_double,True,4.408506,0.3005,4.708976325,,True,True,True,0.300470325,2.967500000000678e-05
10,90,20,1000,1,1.0,10_90_20_1000_1,current,True,4.408279,0.311038263,4.719159,,True,True,True,0.31088,0.00015826299999999183
10,90,20,1000,1,1.0,10_90_20_1000_1,smoother_11,True,0.821863,0.2788715963333333,1.10069,,True,True,False,0.278827,4.4596333333313254e-05
10,90,20,1000,1,1.0,10_90_20_1000_1,smoother_31,True,4.3393440000000005,0.3403715963333333,4.679585,,True,True,True,0.340241,0.00013059633333328824
10,90,20,1000,1,1.0,10_90_20_1000_1,accel_gap_half,True,4.408279,0.311038263,4.719159,,True,True,True,0.31088,0.00015826299999999183
10,90,20,1000,1,1.0,10_90_20_1000_1,accel_gap_double,True,4.408279,0.311038263,4.719159,,True,True,True,0.31088,0.00015826299999999183
10,90,20,1000,1,1.0,10_90_20_1000_1,aux_gap_half,True,4.408279,0.311038263,4.719159,,True,True,True,0.31088,0.00015826299999999183
10,90,20,1000,1,1.0,10_90_20_1000_1,aux_gap_double,True,4.408279,0.311038263,4.719159,,True,True,True,0.31088,0.00015826299999999183
10,135,20,500,0,0.5,10_135_20_500_0,current,True,4.388991000000001,0.32083333333333336,4.709787537,,True,True,True,0.320796537,3.6796333333366515e-05
10,135,20,500,0,0.5,10_135_20_500_0,smoother_11,True,1.650523,1.5006666666666666,3.151071537,,True,True,True,1.500548537,0.00011812966666657765
10,135,20,500,0,0.5,10_135_20_500_0,smoother_31,True,4.320243,0.3495,4.669737537,,True,True,True,0.349494537,5.462999999983342e-06
10,135,20,500,0,0.5,10_135_20_500_0,accel_gap_half,True,4.388991000000001,0.32083333333333336,4.709787537,,True,True,True,0.320796537,3.6796333333366515e-05
10,135,20,500,0,0.5,10_135_20_500_0,accel_gap_double,True,4.388991000000001,0.32083333333333336,4.709787537,,True,True,True,0.320796537,3.6796333333366515e-05
10,135,20,500,0,0.5,10_135_20_500_0,aux_gap_half,True,4.388991000000001,0.32083333333333336,4.709787537,,True,True,True,0.320796537,3.6796333333366515e-05
10,135,20,500,0,0.5,10_135_20_500_0,aux_gap_double,True,4.388991000000001,0.32083333333333336,4.709787537,,True,True,True,0.320796537,3.6796333333366515e-05
10,135,20,500,1,0.5,10_135_20_500_1,current,True,4.379264,0.31988490133333336,4.699084,,True,True,True,0.31982,6.4901333333367e-05
10,135,20,500,1,0.5,10_135_20_500_1,smoother_11,True,1.290336,1.2807182346666666,2.571024,,True,True,True,1.280688,3.023466666651764e-05
10,135,20,500,1,0.5,10_135_20_500_1,smoother_31,True,4.309346000000001,0.3602182346666667,4.669482,,True,True,True,0.360136,8.223466666668067e-05
10,135,20,500,1,0.5,10_135_20_500_1,accel_gap_half,True,4.379264,0.31988490133333336,4.699084,,True,True,True,0.31982,6.4901333333367e-05
10,135,20,500,1,0.5,10_135_20_500_1,accel_gap_double,True,4.379264,0.31988490133333336,4.699084,,True,True,True,0.31982,6.4901333333367e-05
10,135,20,500,1,0.5,10_135_20_500_1,aux_gap_half,True,4.379264,0.31988490133333336,4.699084,,True,True,True,0.31982,6.4901333333367e-05
10,135,20,500,1,0.5,10_135_20_500_1,aux_gap_double,True,4.379264,0.31988490133333336,4.699084,,True,True,True,0.31982,6.4901333333367e-05
10,135,20,1000,0,1.0,10_135_20_1000_0,current,True,4.399788,0.2905,4.690269339,,True,True,True,0.290481339,1.8660999999975392e-05
10,135,20,1000,0,1.0,10_135_20_1000_0,smoother_11,True,1.2599200000000002,0.6003333333333334,1.860183339,,True,True,True,0.600263339,6.999433333343408e-05
10,135,20,1000,0,1.0,10_135_20_1000_0,smoother_31,True,4.338231,0.3205,4.658610339,,True,True,True,0.320379339,0.00012066100000002189
10,135,20,1000,0,1.0,10_135_20_1000_0,accel_gap_half,True,4.399788,0.2905,4.690269339,,True,True,True,0.290481339,1.8660999999975392e-05
10,135,20,1000,0,1.0,10_135_20_1000_0,accel_gap_double,True,4.399788,0.2905,4.690269339,,True,True,True,0.290481339,1.8660999999975392e-05
10,135,20,1000,0,1.0,10_135_20_1000_0,aux_gap_half,True,4.399788,0.2905,4.690269339,,True,True,True,0.290481339,1.8660999999975392e-05
10,135,20,1000,0,1.0,10_135_20_1000_0,aux_gap_double,True,4.399788,0.2905,4.690269339,,True,True,True,0.290481339,1.8660999999975392e-05
10,135,20,1000,1,1.0,10_135_20_1000_1,current,True,4.398017,0.31106174,4.708934,,True,True,True,0.310917,0.00014473999999997655
10,135,20,1000,1,1.0,10_135_20_1000_1,smoother_11,True,2.731288,0.82956174,3.560824,,True,True,True,0.829536,2.573999999999632e-05
10,135,20,1000,1,1.0,10_135_20_1000_1,smoother_31,True,4.328744,0.34072840666666665,4.669328,,True,True,True,0.340584,0.00014440666666665214
10,135,20,1000,1,1.0,10_135_20_1000_1,accel_gap_half,True,4.398017,0.31106174,4.708934,,True,True,True,0.310917,0.00014473999999997655
10,135,20,1000,1,1.0,10_135_20_1000_1,accel_gap_double,True,4.398017,0.31106174,4.708934,,True,True,True,0.310917,0.00014473999999997655
10,135,20,1000,1,1.0,10_135_20_1000_1,aux_gap_half,True,4.398017,0.31106174,4.708934,,True,True,True,0.310917,0.00014473999999997655
10,135,20,1000,1,1.0,10_135_20_1000_1,aux_gap_double,True,4.398017,0.31106174,4.708934,,True,True,True,0.310917,0.00014473999999997655
10,180,20,500,0,0.5,10_180_20_500_0,current,True,4.412389,0.28883333333333333,4.701065444,,True,True,True,0.288676444,0.0001568893333333543
10,180,20,500,0,0.5,10_180_20_500_0,smoother_11,True,1.248976,0.941,2.189840444,,True,True,True,0.940864444,0.00013555599999992562
10,180,20,500,0,0.5,10_180_20_500_0,smoother_31,True,4.347963,0.32116666666666666,4.669056444,,True,True,True,0.321093444,7.322266666665023e-05
10,180,20,500,0,0.5,10_180_20_500_0,accel_gap_half,True,4.412389,0.28883333333333333,4.701065444,,True,True,True,0.288676444,0.0001568893333333543
10,180,20,500,0,0.5,10_180_20_500_0,accel_gap_double,True,4.412389,0.28883333333333333,4.701065444,,True,True,True,0.288676444,0.0001568893333333543
10,180,20,500,0,0.5,10_180_20_500_0,aux_gap_half,True,4.412389,0.28883333333333333,4.701065444,,True,True,True,0.288676444,0.0001568893333333543
10,180,20,500,0,0.5,10_180_20_500_0,aux_gap_double,True,4.412389,0.28883333333333333,4.701065444,,True,True,True,0.288676444,0.0001568893333333543
10,180,20,500,1,0.5,10_180_20_500_1,current,True,3.430879,1.2695,4.700280144,,True,True,True,1.269401144,9.885600000014705e-05
10,180,20,500,1,0.5,10_180_20_500_1,smoother_11,True,1.1089980000000002,3.6198333333333332,4.728757144,,True,True,True,3.619759144,7.418933333314115e-05
10,180,20,500,1,0.5,10_180_20_500_1,smoother_31,True,4.340059,0.32033333333333336,4.660263144,,True,True,True,0.320204144,0.00012918933333333493
10,180,20,500,1,0.5,10_180_20_500_1,accel_gap_half,True,3.430879,1.2695,4.700280144,,True,True,True,1.269401144,9.885600000014705e-05
10,180,20,500,1,0.5,10_180_20_500_1,accel_gap_double,True,3.430879,1.2695,4.700280144,,True,True,True,1.269401144,9.885600000014705e-05
10,180,20,500,1,0.5,10_180_20_500_1,aux_gap_half,True,3.430879,1.2695,4.700280144,,True,True,True,1.269401144,9.885600000014705e-05
10,180,20,500,1,0.5,10_180_20_500_1,aux_gap_double,True,3.430879,1.2695,4.700280144,,True,True,True,1.269401144,9.885600000014705e-05
10,180,20,1000,0,1.0,10_180_20_1000_0,current,True,4.418877999999999,0.260618825,4.679416,,True,True,True,0.260538,8.082500000000659e-05
10,180,20,1000,0,1.0,10_180_20_1000_0,smoother_11,True,0.5097259999999997,2.3402854916666667,2.849849,,True,True,False,2.340123,0.00016249166666648662
10,180,20,1000,0,1.0,10_180_20_1000_0,smoother_31,True,4.358881,0.2897854916666667,4.648656,,True,True,True,0.289775,1.0491666666667676e-05
10,180,20,1000,0,1.0,10_180_20_1000_0,accel_gap_half,True,4.418877999999999,0.260618825,4.679416,,True,True,True,0.260538,8.082500000000659e-05
10,180,20,1000,0,1.0,10_180_20_1000_0,accel_gap_double,True,4.418877999999999,0.260618825,4.679416,,True,True,True,0.260538,8.082500000000659e-05
10,180,20,1000,0,1.0,10_180_20_1000_0,aux_gap_half,True,4.418877999999999,0.260618825,4.679416,,True,True,True,0.260538,8.082500000000659e-05
10,180,20,1000,0,1.0,10_180_20_1000_0,aux_gap_double,True,4.418877999999999,0.260618825,4.679416,,True,True,True,0.260538,8.082500000000659e-05
10,180,20,1000,1,1.0,10_180_20_1000_1,current,True,4.419289,0.25990074933333335,4.67913,,True,True,True,0.259841,5.9749333333358745e-05
10,180,20,1000,1,1.0,10_180_20_1000_1,smoother_11,True,0.6802899999999994,3.350067416,4.030332,,True,True,False,3.350042,2.541599999972277e-05
10,180,20,1000,1,1.0,10_180_20_1000_1,smoother_31,True,4.3503940000000005,0.30040074933333333,4.650661,,True,True,True,0.300267,0.00013374933333332173
10,180,20,1000,1,1.0,10_180_20_1000_1,accel_gap_half,True,4.419289,0.25990074933333335,4.67913,,True,True,True,0.259841,5.9749333333358745e-05
10,180,20,1000,1,1.0,10_180_20_1000_1,accel_gap_double,True,4.419289,0.25990074933333335,4.67913,,True,True,True,0.259841,5.9749333333358745e-05
10,180,20,1000,1,1.0,10_180_20_1000_1,aux_gap_half,True,4.419289,0.25990074933333335,4.67913,,True,True,True,0.259841,5.9749333333358745e-05
10,180,20,1000,1,1.0,10_180_20_1000_1,aux_gap_double,True,4.419289,0.25990074933333335,4.67913,,True,True,True,0.259841,5.9749333333358745e-05
10,225,20,500,0,0.5,10_225_20_500_0,current,True,4.370249,0.2996666666666667,4.669819038,,True,True,True,0.299570038,9.662866666670933e-05
10,225,20,500,0,0.5,10_225_20_500_0,smoother_11,True,0.9099579999999999,0.26016666666666666,1.170073038,,True,True,False,0.260115038,5.162866666663657e-05
10,225,20,500,0,0.5,10_225_20_500_0,smoother_31,True,4.319099,0.32016666666666665,4.639230038,,True,True,True,0.320131038,3.562866666667608e-05
10,225,20,500,0,0.5,10_225_20_500_0,accel_gap_half,True,4.370249,0.2996666666666667,4.669819038,,True,True,True,0.299570038,9.662866666670933e-05
10,225,20,500,0,0.5,10_225_20_500_0,accel_gap_double,True,4.370249,0.2996666666666667,4.669819038,,True,True,True,0.299570038,9.662866666670933e-05
10,225,20,500,0,0.5,10_225_20_500_0,aux_gap_half,True,4.370249,0.2996666666666667,4.669819038,,True,True,True,0.299570038,9.662866666670933e-05
10,225,20,500,0,0.5,10_225_20_500_0,aux_gap_double,True,4.370249,0.2996666666666667,4.669819038,,True,True,True,0.299570038,9.662866666670933e-05
10,225,20,500,1,0.5,10_225_20_500_1,current,True,4.379793,0.2795,4.65921812,,True,True,True,0.27942512,7.487999999999939e-05
10,225,20,500,1,0.5,10_225_20_500_1,smoother_11,True,1.178707,0.25016666666666665,1.42887112,,True,True,True,0.25016412,2.5466666666584814e-06
10,225,20,500,1,0.5,10_225_20_500_1,smoother_31,True,4.319654,0.30966666666666665,4.62917912,,True,True,True,0.30952512,0.00014154666666665872
10,225,20,500,1,0.5,10_225_20_500_1,accel_gap_half,True,4.379793,0.2795,4.65921812,,True,True,True,0.27942512,7.487999999999939e-05
10,225,20,500,1,0.5,10_225_20_500_1,accel_gap_double,True,4.379793,0.2795,4.65921812,,True,True,True,0.27942512,7.487999999999939e-05
10,225,20,500,1,0.5,10_225_20_500_1,aux_gap_half,True,4.379793,0.2795,4.65921812,,True,True,True,0.27942512,7.487999999999939e-05
10,225,20,500,1,0.5,10_225_20_500_1,aux_gap_double,True,4.379793,0.2795,4.65921812,,True,True,True,0.27942512,7.487999999999939e-05
10,225,20,1000,0,1.0,10_225_20_1000_0,current,True,4.088723,0.29133333333333333,4.380023793,,True,True,True,0.291300793,3.254033333333073e-05
10,225,20,1000,0,1.0,10_225_20_1000_0,smoother_11,True,0.6815370000000001,3.6896666666666667,4.371061793,,True,True,False,3.689524793,0.0001418736666667364
10,225,20,1000,0,1.0,10_225_20_1000_0,smoother_31,True,4.330348,0.31083333333333335,4.641129793,,True,True,True,0.310781793,5.1540333333377486e-05
10,225,20,1000,0,1.0,10_225_20_1000_0,accel_gap_half,True,4.088723,0.29133333333333333,4.380023793,,True,True,True,0.291300793,3.254033333333073e-05
10,225,20,1000,0,1.0,10_225_20_1000_0,accel_gap_double,True,4.088723,0.29133333333333333,4.380023793,,True,True,True,0.291300793,3.254033333333073e-05
10,225,20,1000,0,1.0,10_225_20_1000_0,aux_gap_half,True,4.088723,0.29133333333333333,4.380023793,,True,True,True,0.291300793,3.254033333333073e-05
10,225,20,1000,0,1.0,10_225_20_1000_0,aux_gap_double,True,4.088723,0.29133333333333333,4.380023793,,True,True,True,0.291300793,3.254033333333073e-05
10,225,20,1000,1,1.0,10_225_20_1000_1,current,True,4.37105,0.28883333333333333,4.659764192,,True,True,True,0.288714192,0.0001191413333333502
10,225,20,1000,1,1.0,10_225_20_1000_1,smoother_11,True,0.7592969999999999,1.5298333333333334,2.289103192,,True,True,False,1.529806192,2.7141333333480233e-05
10,225,20,1000,1,1.0,10_225_20_1000_1,smoother_31,True,4.317962,0.3205,4.638380192,,True,True,True,0.320418192,8.180800000001653e-05
10,225,20,1000,1,1.0,10_225_20_1000_1,accel_gap_half,True,4.37105,0.28883333333333333,4.659764192,,True,True,True,0.288714192,0.0001191413333333502
10,225,20,1000,1,1.0,10_225_20_1000_1,accel_gap_double,True,4.37105,0.28883333333333333,4.659764192,,True,True,True,0.288714192,0.0001191413333333502
10,225,20,1000,1,1.0,10_225_20_1000_1,aux_gap_half,True,4.37105,0.28883333333333333,4.659764192,,True,True,True,0.288714192,0.0001191413333333502
10,225,20,1000,1,1.0,10_225_20_1000_1,aux_gap_double,True,4.37105,0.28883333333333333,4.659764192,,True,True,True,0.288714192,0.0001191413333333502
10,270,20,500,0,0.5,10_270_20_500_0,current,True,3.6996379999999998,0.27975055266666665,3.97931,,True,True,True,0.279672,7.855266666667582e-05
10,270,20,500,0,0.5,10_270_20_500_0,smoother_11,True,0.910696,0.7294172193333333,1.640105,,True,True,False,0.729409,8.219333333281398e-06
10,270,20,500,0,0.5,10_270_20_500_0,smoother_31,True,4.3500689999999995,0.3104172193333333,4.660335,,True,True,True,0.310266,0.00015121933333334114
10,270,20,500,0,0.5,10_270_20_500_0,accel_gap_half,True,3.6996379999999998,0.27975055266666665,3.97931,,True,True,True,0.279672,7.855266666667582e-05
10,270,20,500,0,0.5,10_270_20_500_0,accel_gap_double,True,3.6996379999999998,0.27975055266666665,3.97931,,True,True,True,0.279672,7.855266666667582e-05
10,270,20,500,0,0.5,10_270_20_500_0,aux_gap_half,True,3.6996379999999998,0.27975055266666665,3.97931,,True,True,True,0.279672,7.855266666667582e-05
10,270,20,500,0,0.5,10_270_20_500_0,aux_gap_double,True,3.6996379999999998,0.27975055266666665,3.97931,,True,True,True,0.279672,7.855266666667582e-05
10,270,20,500,1,0.5,10_270_20_500_1,current,True,4.409088,0.2801666666666667,4.689168067,,True,True,True,0.280080067,8.659966666668684e-05
10,270,20,500,1,0.5,10_270_20_500_1,smoother_11,True,1.5616970000000001,2.459,4.020600067,,True,True,True,2.458903067,9.693300000002125e-05
10,270,20,500,1,0.5,10_270_20_500_1,smoother_31,True,4.348183,0.31116666666666665,4.659254067,,True,True,True,0.311071067,9.559966666666808e-05
10,270,20,500,1,0.5,10_270_20_500_1,accel_gap_half,True,4.409088,0.2801666666666667,4.689168067,,True,True,True,0.280080067,8.659966666668684e-05
10,270,20,500,1,0.5,10_270_20_500_1,accel_gap_double,True,4.409088,0.2801666666666667,4.689168067,,True,True,True,0.280080067,8.659966666668684e-05
10,270,20,500,1,0.5,10_270_20_500_1,aux_gap_half,True,4.409088,0.2801666666666667,4.689168067,,True,True,True,0.280080067,8.659966666668684e-05
10,270,20,500,1,0.5,10_270_20_500_1,aux_gap_double,True,4.409088,0.2801666666666667,4.689168067,,True,True,True,0.280080067,8.659966666668684e-05
10,270,20,1000,0,1.0,10_270_20_1000_0,current,True,4.399425,0.27,4.669389312,,True,True,True,0.269964312,3.568800000003369e-05
10,270,20,1000,0,1.0,10_270_20_1000_0,smoother_11,True,0.9511060000000002,2.319,3.269997312,,True,True,False,2.318891312,0.00010868800000007894
10,270,20,1000,0,1.0,10_270_20_1000_0,smoother_31,True,4.330601000000001,0.3095,4.640048312,,True,True,True,0.309447312,5.268800000002294e-05
10,270,20,1000,0,1.0,10_270_20_1000_0,accel_gap_half,True,4.399425,0.27,4.669389312,,True,True,True,0.269964312,3.568800000003369e-05
10,270,20,1000,0,1.0,10_270_20_1000_0,accel_gap_double,True,4.399425,0.27,4.669389312,,True,True,True,0.269964312,3.568800000003369e-05
10,270,20,1000,0,1.0,10_270_20_1000_0,aux_gap_half,True,4.399425,0.27,4.669389312,,True,True,True,0.269964312,3.568800000003369e-05
10,270,20,1000,0,1.0,10_270_20_1000_0,aux_gap_double,True,4.399425,0.27,4.669389312,,True,True,True,0.269964312,3.568800000003369e-05
10,270,20,1000,1,1.0,10_270_20_1000_1,current,True,2.9314130000000005,1.7398333333333333,4.671092415,,True,True,True,1.739679415,0.00015391833333344707
10,270,20,1000,1,1.0,10_270_20_1000_1,smoother_11,True,0.8000120000000002,2.729833333333333,3.529811415,,True,True,False,2.729799415,3.391833333310501e-05
10,270,20,1000,1,1.0,10_270_20_1000_1,smoother_31,True,4.341196,0.2995,4.640566415,,True,True,True,0.299370415,0.00012958499999998763
10,270,20,1000,1,1.0,10_270_20_1000_1,accel_gap_half,True,2.9314130000000005,1.7398333333333333,4.671092415,,True,True,True,1.739679415,0.00015391833333344707
10,270,20,1000,1,1.0,10_270_20_1000_1,accel_gap_double,True,2.9314130000000005,1.7398333333333333,4.671092415,,True,True,True,1.739679415,0.00015391833333344707
10,270,20,1000,1,1.0,10_270_20_1000_1,aux_gap_half,True,2.9314130000000005,1.7398333333333333,4.671092415,,True,True,True,1.739679415,0.00015391833333344707
10,270,20,1000,1,1.0,10_270_20_1000_1,aux_gap_double,True,2.9314130000000005,1.7398333333333333,4.671092415,,True,True,True,1.739679415,0.00015391833333344707
10,315,20,500,0,0.5,10_315_20_500_0,current,True,2.830211,0.2704532986666667,3.100549,,True,True,True,0.270338,0.00011529866666665223
10,315,20,500,0,0.5,10_315_20_500_0,smoother_11,True,0.951857,1.5691199653333332,2.520943,,True,True,False,1.569086,3.396533333321905e-05
10,315,20,500,0,0.5,10_315_20_500_0,smoother_31,True,4.31997,0.309786632,4.629611,,True,True,True,0.309641,0.00014563200000000665
10,315,20,500,0,0.5,10_315_20_500_0,accel_gap_half,True,2.830211,0.2704532986666667,3.100549,,True,True,True,0.270338,0.00011529866666665223
10,315,20,500,0,0.5,10_315_20_500_0,accel_gap_double,True,2.830211,0.2704532986666667,3.100549,,True,True,True,0.270338,0.00011529866666665223
10,315,20,500,0,0.5,10_315_20_500_0,aux_gap_half,True,2.830211,0.2704532986666667,3.100549,,True,True,True,0.270338,0.00011529866666665223
10,315,20,500,0,0.5,10_315_20_500_0,aux_gap_double,True,2.830211,0.2704532986666667,3.100549,,True,True,True,0.270338,0.00011529866666665223
10,315,20,500,1,0.5,10_315_20_500_1,current,True,2.489376,2.1805464619999997,4.6699,,True,True,True,2.180524,2.246199999955678e-05
10,315,20,500,1,0.5,10_315_20_500_1,smoother_11,True,1.1314879999999998,0.4592131286666667,1.590561,,True,True,True,0.459073,0.00014012866666668344
10,315,20,500,1,0.5,10_315_20_500_1,smoother_31,True,4.3183549999999995,0.3207131286666667,4.639053,,True,True,True,0.320698,1.512866666669721e-05
10,315,20,500,1,0.5,10_315_20_500_1,accel_gap_half,True,2.489376,2.1805464619999997,4.6699,,True,True,True,2.180524,2.246199999955678e-05
10,315,20,500,1,0.5,10_315_20_500_1,accel_gap_double,True,2.489376,2.1805464619999997,4.6699,,True,True,True,2.180524,2.246199999955678e-05
10,315,20,500,1,0.5,10_315_20_500_1,aux_gap_half,True,2.489376,2.1805464619999997,4.6699,,True,True,True,2.180524,2.246199999955678e-05
10,315,20,500,1,0.5,10_315_20_500_1,aux_gap_double,True,2.489376,2.1805464619999997,4.6699,,True,True,True,2.180524,2.246199999955678e-05
10,315,20,1000,0,1.0,10_315_20_1000_0,current,True,2.6089320000000003,2.051099321,4.659923,,True,True,True,2.050991,0.00010832100000035538
10,315,20,1000,0,1.0,10_315_20_1000_0,smoother_11,True,0.4683449999999998,3.8102659876666665,4.278592,,True,False,False,3.810247,1.8987666666525627e-05
10,315,20,1000,0,1.0,10_315_20_1000_0,smoother_31,True,4.340208,0.31026598766666663,4.650414,,True,True,True,0.310206,5.99876666666499e-05
10,315,20,1000,0,1.0,10_315_20_1000_0,accel_gap_half,True,2.6089320000000003,2.051099321,4.659923,,True,True,True,2.050991,0.00010832100000035538
10,315,20,1000,0,1.0,10_315_20_1000_0,accel_gap_double,True,2.6089320000000003,2.051099321,4.659923,,True,True,True,2.050991,0.00010832100000035538
10,315,20,1000,0,1.0,10_315_20_1000_0,aux_gap_half,True,2.6089320000000003,2.051099321,4.659923,,True,True,True,2.050991,0.00010832100000035538
10,315,20,1000,0,1.0,10_315_20_1000_0,aux_gap_double,True,2.6089320000000003,2.051099321,4.659923,,True,True,True,2.050991,0.00010832100000035538
10,315,20,1000,1,1.0,10_315_20_1000_1,current,True,4.371277,0.29002846099999996,4.661292,,True,True,True,0.290015,1.3460999999936885e-05
10,315,20,1000,1,1.0,10_315_20_1000_1,smoother_11,True,0.4898300000000002,1.7598617943333335,2.249674,,True,False,False,1.759844,1.7794333333487344e-05
10,315,20,1000,1,1.0,10_315_20_1000_1,smoother_31,True,4.298965000000001,0.32086179433333334,4.619735,,True,True,True,0.32077,9.17943333333393e-05
10,315,20,1000,1,1.0,10_315_20_1000_1,accel_gap_half,True,4.371277,0.29002846099999996,4.661292,,True,True,True,0.290015,1.3460999999936885e-05
10,315,20,1000,1,1.0,10_315_20_1000_1,accel_gap_double,True,4.371277,0.29002846099999996,4.661292,,True,True,True,0.290015,1.3460999999936885e-05
10,315,20,1000,1,1.0,10_315_20_1000_1,aux_gap_half,True,4.371277,0.29002846099999996,4.661292,,True,True,True,0.290015,1.3460999999936885e-05
10,315,20,1000,1,1.0,10_315_20_1000_1,aux_gap_double,True,4.371277,0.29002846099999996,4.661292,,True,True,True,0.290015,1.3460999999936885e-05
10,45,30,500,0,0.5,10_45_30_500_0,current,True,2.478574,0.6911762656666667,3.169613,,True,True,True,0.691039,0.00013726566666671935
10,45,30,500,0,0.5,10_45_30_500_0,smoother_11,True,0.6703310000000001,0.7100095989999999,1.380327,,True,True,False,0.709996,1.359899999997527e-05
10,45,30,500,0,0.5,10_45_30_500_0,smoother_31,True,2.820113,0.3193429323333334,3.139427,,True,True,True,0.319314,2.8932333333397953e-05
10,45,30,500,0,0.5,10_45_30_500_0,accel_gap_half,True,2.478574,0.6911762656666667,3.169613,,True,True,True,0.691039,0.00013726566666671935
10,45,30,500,0,0.5,10_45_30_500_0,accel_gap_double,True,2.478574,0.6911762656666667,3.169613,,True,True,True,0.691039,0.00013726566666671935
10,45,30,500,0,0.5,10_45_30_500_0,aux_gap_half,True,2.478574,0.6911762656666667,3.169613,,True,True,True,0.691039,0.00013726566666671935
10,45,30,500,0,0.5,10_45_30_500_0,aux_gap_double,True,2.478574,0.6911762656666667,3.169613,,True,True,True,0.691039,0.00013726566666671935
10,45,30,500,1,0.5,10_45_30_500_1,current,True,2.879572,0.2905,3.170000783,,True,True,True,0.290428783,7.121699999995679e-05
10,45,30,500,1,0.5,10_45_30_500_1,smoother_11,True,0.959579,1.481,2.440489783,,True,True,False,1.480910783,8.921700000019683e-05
10,45,30,500,1,0.5,10_45_30_500_1,smoother_31,True,2.808943,0.32066666666666666,3.129518783,,True,True,True,0.320575783,9.088366666665237e-05
10,45,30,500,1,0.5,10_45_30_500_1,accel_gap_half,True,2.879572,0.2905,3.170000783,,True,True,True,0.290428783,7.121699999995679e-05
10,45,30,500,1,0.5,10_45_30_500_1,accel_gap_double,True,2.879572,0.2905,3.170000783,,True,True,True,0.290428783,7.121699999995679e-05
10,45,30,500,1,0.5,10_45_30_500_1,aux_gap_half,True,2.879572,0.2905,3.170000783,,True,True,True,0.290428783,7.121699999995679e-05
10,45,30,500,1,0.5,10_45_30_500_1,aux_gap_double,True,2.879572,0.2905,3.170000783,,True,True,True,0.290428783,7.121699999995679e-05
10,45,30,1000,0,1.0,10_45_30_1000_0,current,True,2.899104,0.32019816366666665,3.219151,,True,True,True,0.320047,0.0001511636666666205
10,45,30,1000,0,1.0,10_45_30_1000_0,smoother_11,True,1.4292230000000001,1.760531497,3.189738,,True,True,True,1.760515,1.649699999983767e-05
10,45,30,1000,0,1.0,10_45_30_1000_0,smoother_31,True,2.91191,0.35886483033333333,3.27069,,True,True,True,0.35878,8.483033333334111e-05
10,45,30,1000,0,1.0,10_45_30_1000_0,accel_gap_half,True,2.899104,0.32019816366666665,3.219151,,True,True,True,0.320047,0.0001511636666666205
10,45,30,1000,0,1.0,10_45_30_1000_0,accel_gap_double,True,2.899104,0.32019816366666665,3.219151,,True,True,True,0.320047,0.0001511636666666205
10,45,30,1000,0,1.0,10_45_30_1000_0,aux_gap_half,True,2.899104,0.32019816366666665,3.219151,,True,True,True,0.320047,0.0001511636666666205
10,45,30,1000,0,1.0,10_45_30_1000_0,aux_gap_double,True,2.899104,0.32019816366666665,3.219151,,True,True,True,0.320047,0.0001511636666666205
10,45,30,1000,1,1.0,10_45_30_1000_1,current,True,2.879649,0.31983333333333336,3.199353342,,True,True,True,0.319704342,0.00012899133333338364
10,45,30,1000,1,1.0,10_45_30_1000_1,smoother_11,True,0.7397559999999999,2.4805,3.220224342,,True,True,False,2.480468342,3.1658000000156505e-05
10,45,30,1000,1,1.0,10_45_30_1000_1,smoother_31,True,2.8206249999999997,0.3491666666666667,3.169626342,,True,True,True,0.349001342,0.00016532466666668855
10,45,30,1000,1,1.0,10_45_30_1000_1,accel_gap_half,True,2.879649,0.31983333333333336,3.199353342,,True,True,True,0.319704342,0.00012899133333338364
10,45,30,1000,1,1.0,10_45_30_1000_1,accel_gap_double,True,2.879649,0.31983333333333336,3.199353342,,True,True,True,0.319704342,0.00012899133333338364
10,45,30,1000,1,1.0,10_45_30_1000_1,aux_gap_half,True,2.879649,0.31983333333333336,3.199353342,,True,True,True,0.319704342,0.00012899133333338364
10,45,30,1000,1,1.0,10_45_30_1000_1,aux_gap_double,True,2.879649,0.31983333333333336,3.199353342,,True,True,True,0.319704342,0.00012899133333338364
10,90,30,1000,0,1.0,10_90_30_1000_0,current,True,2.8908709999999997,0.2793318026666667,3.17012,,True,True,True,0.279249,8.280266666665925e-05
10,90,30,1000,0,1.0,10_90_30_1000_0,smoother_11,True,0.619385,0.24083180266666668,0.860215,,True,True,False,0.24083,1.8026666666892677e-06
10,90,30,1000,0,1.0,10_90_30_1000_0,smoother_31,True,2.8187059999999997,0.31099846933333336,3.129552,,True,True,True,0.310846,0.00015246933333334933
10,90,30,1000,0,1.0,10_90_30_1000_0,accel_gap_half,True,2.8908709999999997,0.2793318026666667,3.17012,,True,True,True,0.279249,8.280266666665925e-05
10,90,30,1000,0,1.0,10_90_30_1000_0,accel_gap_double,True,2.8908709999999997,0.2793318026666667,3.17012,,True,True,True,0.279249,8.280266666665925e-05
10,90,30,1000,0,1.0,10_90_30_1000_0,aux_gap_half,True,2.8908709999999997,0.2793318026666667,3.17012,,True,True,True,0.279249,8.280266666665925e-05
10,90,30,1000,0,1.0,10_90_30_1000_0,aux_gap_double,True,2.8908709999999997,0.2793318026666667,3.17012,,True,True,True,0.279249,8.280266666665925e-05
10,90,30,1000,1,1.0,10_90_30_1000_1,current,True,2.869523,0.2904254273333333,3.159872,,True,True,True,0.290349,7.642733333329543e-05
10,90,30,1000,1,1.0,10_90_30_1000_1,smoother_11,True,0.8322269999999998,1.1187587606666667,1.950875,,True,True,False,1.118648,0.00011076066666659834
10,90,30,1000,1,1.0,10_90_30_1000_1,smoother_31,True,2.819956,0.32042542733333335,3.140309,,True,True,True,0.320353,7.242733333334694e-05
10,90,30,1000,1,1.0,10_90_30_1000_1,accel_gap_half,True,2.869523,0.2904254273333333,3.159872,,True,True,True,0.290349,7.642733333329543e-05
10,90,30,1000,1,1.0,10_90_30_1000_1,accel_gap_double,True,2.869523,0.2904254273333333,3.159872,,True,True,True,0.290349,7.642733333329543e-05
10,90,30,1000,1,1.0,10_90_30_1000_1,aux_gap_half,True,2.869523,0.2904254273333333,3.159872,,True,True,True,0.290349,7.642733333329543e-05
10,90,30,1000,1,1.0,10_90_30_1000_1,aux_gap_double,True,2.869523,0.2904254273333333,3.159872,,True,True,True,0.290349,7.642733333329543e-05
10,135,30,500,0,0.5,10_135_30_500_0,current,True,2.858068,0.2813333333333333,3.139317809,,True,True,True,0.281249809,8.352433333330689e-05
10,135,30,500,0,0.5,10_135_30_500_0,smoother_11,True,0.8590049999999998,2.2906666666666666,3.149531809,,True,True,False,2.290526809,0.00013985766666646526
10,135,30,500,0,0.5,10_135_30_500_0,smoother_31,True,2.8094200000000003,0.31083333333333335,3.120239809,,True,True,True,0.310819809,1.3524333333347904e-05
10,135,30,500,0,0.5,10_135_30_500_0,accel_gap_half,True,2.858068,0.2813333333333333,3.139317809,,True,True,True,0.281249809,8.352433333330689e-05
10,135,30,500,0,0.5,10_135_30_500_0,accel_gap_double,True,2.858068,0.2813333333333333,3.139317809,,True,True,True,0.281249809,8.352433333330689e-05
10,135,30,500,0,0.5,10_135_30_500_0,aux_gap_half,True,2.858068,0.2813333333333333,3.139317809,,True,True,True,0.281249809,8.352433333330689e-05
10,135,30,500,0,0.5,10_135_30_500_0,aux_gap_double,True,2.858068,0.2813333333333333,3.139317809,,True,True,True,0.281249809,8.352433333330689e-05
10,135,30,500,1,0.5,10_135_30_500_1,current,True,2.879773,0.28042312033333333,3.160099,,True,True,True,0.280326,9.712033333331149e-05
10,135,30,500,1,0.5,10_135_30_500_1,smoother_11,True,2.221658,0.799089787,3.020674,,True,True,True,0.799016,7.378700000004734e-05
10,135,30,500,1,0.5,10_135_30_500_1,smoother_31,True,2.8088100000000003,0.311089787,3.119771,,True,True,True,0.310961,0.00012878700000001908
10,135,30,500,1,0.5,10_135_30_500_1,accel_gap_half,True,2.879773,0.28042312033333333,3.160099,,True,True,True,0.280326,9.712033333331149e-05
10,135,30,500,1,0.5,10_135_30_500_1,accel_gap_double,True,2.879773,0.28042312033333333,3.160099,,True,True,True,0.280326,9.712033333331149e-05
10,135,30,500,1,0.5,10_135_30_500_1,aux_gap_half,True,2.879773,0.28042312033333333,3.160099,,True,True,True,0.280326,9.712033333331149e-05
10,135,30,500,1,0.5,10_135_30_500_1,aux_gap_double,True,2.879773,0.28042312033333333,3.160099,,True,True,True,0.280326,9.712033333331149e-05
10,135,30,1000,0,1.0,10_135_30_1000_0,current,True,2.868875,0.301020324,3.169814,,True,True,True,0.300939,8.132399999999373e-05
10,135,30,1000,0,1.0,10_135_30_1000_0,smoother_11,True,1.2203570000000001,0.2691869906666667,1.489524,,True,True,True,0.269167,1.999066666669158e-05
10,135,30,1000,0,1.0,10_135_30_1000_0,smoother_31,True,2.8190779999999998,0.3198536573333334,3.138823,,True,True,True,0.319745,0.00010865733333337291
10,135,30,1000,0,1.0,10_135_30_1000_0,accel_gap_half,True,2.868875,0.301020324,3.169814,,True,True,True,0.300939,8.132399999999373e-05
10,135,30,1000,0,1.0,10_135_30_1000_0,accel_gap_double,True,2.868875,0.301020324,3.169814,,True,True,True,0.300939,8.132399999999373e-05
10,135,30,1000,0,1.0,10_135_30_1000_0,aux_gap_half,True,2.868875,0.301020324,3.169814,,True,True,True,0.300939,8.132399999999373e-05
10,135,30,1000,0,1.0,10_135_30_1000_0,aux_gap_double,True,2.868875,0.301020324,3.169814,,True,True,True,0.300939,8.132399999999373e-05
10,135,30,1000,1,1.0,10_135_30_1000_1,current,True,1.788496,0.29034678233333333,2.078805,,True,True,True,0.290309,3.778233333334713e-05
10,135,30,1000,1,1.0,10_135_30_1000_1,smoother_11,True,0.7694909999999999,1.1895134490000001,1.958885,,True,True,False,1.189394,0.00011944900000004921
10,135,30,1000,1,1.0,10_135_30_1000_1,smoother_31,True,2.799861,0.3298467823333333,3.129561,,True,True,True,0.3297,0.00014678233333331736
10,135,30,1000,1,1.0,10_135_30_1000_1,accel_gap_half,True,1.788496,0.29034678233333333,2.078805,,True,True,True,0.290309,3.778233333334713e-05
10,135,30,1000,1,1.0,10_135_30_1000_1,accel_gap_double,True,1.788496,0.29034678233333333,2.078805,,True,True,True,0.290309,3.778233333334713e-05
10,135,30,1000,1,1.0,10_135_30_1000_1,aux_gap_half,True,1.788496,0.29034678233333333,2.078805,,True,True,True,0.290309,3.778233333334713e-05
10,135,30,1000,1,1.0,10_135_30_1000_1,aux_gap_double,True,1.788496,0.29034678233333333,2.078805,,True,True,True,0.290309,3.778233333334713e-05
10,180,30,500,0,0.5,10_180_30_500_0,current,True,1.78065,0.3003799853333333,2.080876,,True,True,True,0.300226,0.00015398533333332853
10,180,30,500,0,0.5,10_180_30_500_0,smoother_11,True,0.749784,2.1498799853333335,2.899577,,True,True,False,2.149793,8.698533333362235e-05
10,180,30,500,0,0.5,10_180_30_500_0,smoother_31,True,2.8291370000000002,0.321046652,3.15009,,True,True,True,0.320953,9.365199999999962e-05
10,180,30,500,0,0.5,10_180_30_500_0,accel_gap_half,True,1.78065,0.3003799853333333,2.080876,,True,True,True,0.300226,0.00015398533333332853
10,180,30,500,0,0.5,10_180_30_500_0,accel_gap_double,True,1.78065,0.3003799853333333,2.080876,,True,True,True,0.300226,0.00015398533333332853
10,180,30,500,0,0.5,10_180_30_500_0,aux_gap_half,True,1.78065,0.3003799853333333,2.080876,,True,True,True,0.300226,0.00015398533333332853
10,180,30,500,0,0.5,10_180_30_500_0,aux_gap_double,True,1.78065,0.3003799853333333,2.080876,,True,True,True,0.300226,0.00015398533333332853
10,180,30,500,1,0.5,10_180_30_500_1,current,True,2.879982,0.2895,3.169388629,,True,True,True,0.289406629,9.337099999995324e-05
10,180,30,500,1,0.5,10_180_30_500_1,smoother_11,True,0.5104660000000001,1.3505,1.860935629,,True,True,False,1.350469629,3.0371000000029014e-05
10,180,30,500,1,0.5,10_180_30_500_1,smoother_31,True,2.82147,0.319,3.140428629,,True,True,True,0.318958629,4.137100000001226e-05
10,180,30,500,1,0.5,10_180_30_500_1,accel_gap_half,True,2.879982,0.2895,3.169388629,,True,True,True,0.289406629,9.337099999995324e-05
10,180,30,500,1,0.5,10_180_30_500_1,accel_gap_double,True,2.879982,0.2895,3.169388629,,True,True,True,0.289406629,9.337099999995324e-05
10,180,30,500,1,0.5,10_180_30_500_1,aux_gap_half,True,2.879982,0.2895,3.169388629,,True,True,True,0.289406629,9.337099999995324e-05
10,180,30,500,1,0.5,10_180_30_500_1,aux_gap_double,True,2.879982,0.2895,3.169388629,,True,True,True,0.289406629,9.337099999995324e-05
10,180,30,1000,0,1.0,10_180_30_1000_0,current,True,2.88031,0.300011916,3.18019,,True,True,True,0.29988,0.0001319160000000097
10,180,30,1000,0,1.0,10_180_30_1000_0,smoother_11,True,1.140768,1.380011916,2.520652,,True,True,True,1.379884,0.00012791599999983916
10,180,30,1000,0,1.0,10_180_30_1000_0,smoother_31,True,2.81959,0.329511916,3.149072,,True,True,True,0.329482,2.9916000000018705e-05
10,180,30,1000,0,1.0,10_180_30_1000_0,accel_gap_half,True,2.88031,0.300011916,3.18019,,True,True,True,0.29988,0.0001319160000000097
10,180,30,1000,0,1.0,10_180_30_1000_0,accel_gap_double,True,2.88031,0.300011916,3.18019,,True,True,True,0.29988,0.0001319160000000097
10,180,30,1000,0,1.0,10_180_30_1000_0,aux_gap_half,True,2.88031,0.300011916,3.18019,,True,True,True,0.29988,0.0001319160000000097
10,180,30,1000,0,1.0,10_180_30_1000_0,aux_gap_double,True,2.88031,0.300011916,3.18019,,True,True,True,0.29988,0.0001319160000000097
10,180,30,1000,1,1.0,10_180_30_1000_1,current,True,2.890325,0.28084738833333334,3.171156,,True,True,True,0.280831,1.6388333333339222e-05
10,180,30,1000,1,1.0,10_180_30_1000_1,smoother_11,True,0.9894769999999999,2.0595140549999997,3.048968,,True,True,False,2.059491,2.3054999999772008e-05
10,180,30,1000,1,1.0,10_180_30_1000_1,smoother_31,True,2.821067,0.319014055,3.139993,,True,True,True,0.318926,8.80550000000313e-05
10,180,30,1000,1,1.0,10_180_30_1000_1,accel_gap_half,True,2.890325,0.28084738833333334,3.171156,,True,True,True,0.280831,1.6388333333339222e-05
10,180,30,1000,1,1.0,10_180_30_1000_1,accel_gap_double,True,2.890325,0.28084738833333334,3.171156,,True,True,True,0.280831,1.6388333333339222e-05
10,180,30,1000,1,1.0,10_180_30_1000_1,aux_gap_half,True,2.890325,0.28084738833333334,3.171156,,True,True,True,0.280831,1.6388333333339222e-05
10,180,30,1000,1,1.0,10_180_30_1000_1,aux_gap_double,True,2.890325,0.28084738833333334,3.171156,,True,True,True,0.280831,1.6388333333339222e-05
10,225,30,500,0,0.5,10_225_30_500_0,current,True,1.6695720000000003,1.4908333333333332,3.160286779,,True,True,True,1.490714779,0.00011855433333329835
10,225,30,500,0,0.5,10_225_30_500_0,smoother_11,True,0.948548,0.49016666666666664,1.438616779,,True,True,False,0.490068779,9.788766666662951e-05
10,225,30,500,0,0.5,10_225_30_500_0,smoother_31,True,2.808879,0.32033333333333336,3.129165779,,True,True,True,0.320286779,4.655433333333736e-05
10,225,30,500,0,0.5,10_225_30_500_0,accel_gap_half,True,1.6695720000000003,1.4908333333333332,3.160286779,,True,True,True,1.490714779,0.00011855433333329835
10,225,30,500,0,0.5,10_225_30_500_0,accel_gap_double,True,1.6695720000000003,1.4908333333333332,3.160286779,,True,True,True,1.490714779,0.00011855433333329835
10,225,30,500,0,0.5,10_225_30_500_0,aux_gap_half,True,1.6695720000000003,1.4908333333333332,3.160286779,,True,True,True,1.490714779,0.00011855433333329835
10,225,30,500,0,0.5,10_225_30_500_0,aux_gap_double,True,1.6695720000000003,1.4908333333333332,3.160286779,,True,True,True,1.490714779,0.00011855433333329835
10,225,30,500,1,0.5,10_225_30_500_1,current,True,2.879848,0.2901826236666667,3.169999,,True,True,True,0.290151,3.1623666666702466e-05
10,225,30,500,1,0.5,10_225_30_500_1,smoother_11,True,0.7313379999999998,1.079015957,1.810304,,True,True,False,1.078966,4.995699999987835e-05
10,225,30,500,1,0.5,10_225_30_500_1,smoother_31,True,2.819519,0.321015957,3.140396,,True,True,True,0.320877,0.0001389569999999951
10,225,30,500,1,0.5,10_225_30_500_1,accel_gap_half,True,2.879848,0.2901826236666667,3.169999,,True,True,True,0.290151,3.1623666666702466e-05
10,225,30,500,1,0.5,10_225_30_500_1,accel_gap_double,True,2.879848,0.2901826236666667,3.169999,,True,True,True,0.290151,3.1623666666702466e-05
10,225,30,500,1,0.5,10_225_30_500_1,aux_gap_half,True,2.879848,0.2901826236666667,3.169999,,True,True,True,0.290151,3.1623666666702466e-05
10,225,30,500,1,0.5,10_225_30_500_1,aux_gap_double,True,2.879848,0.2901826236666667,3.169999,,True,True,True,0.290151,3.1623666666702466e-05
10,225,30,1000,0,1.0,10_225_30_1000_0,current,True,2.870884,0.2796666666666667,3.150482868,,True,True,True,0.279598868,6.779866666667411e-05
10,225,30,1000,0,1.0,10_225_30_1000_0,smoother_11,True,2.090726,0.24983333333333332,2.340457868,,True,True,True,0.249731868,0.00010146533333332819
10,225,30,1000,0,1.0,10_225_30_1000_0,smoother_31,True,2.819874,0.31033333333333335,3.130163868,,True,True,True,0.310289868,4.3465333333325695e-05
10,225,30,1000,0,1.0,10_225_30_1000_0,accel_gap_half,True,2.870884,0.2796666666666667,3.150482868,,True,True,True,0.279598868,6.779866666667411e-05
10,225,30,1000,0,1.0,10_225_30_1000_0,accel_gap_double,True,2.870884,0.2796666666666667,3.150482868,,True,True,True,0.279598868,6.779866666667411e-05
10,225,30,1000,0,1.0,10_225_30_1000_0,aux_gap_half,True,2.870884,0.2796666666666667,3.150482868,,True,True,True,0.279598868,6.779866666667411e-05
10,225,30,1000,0,1.0,10_225_30_1000_0,aux_gap_double,True,2.870884,0.2796666666666667,3.150482868,,True,True,True,0.279598868,6.779866666667411e-05
10,225,30,1000,1,1.0,10_225_30_1000_1,current,True,1.770534,1.3798419243333333,3.150217,,True,True,True,1.379683,0.00015892433333331013
10,225,30,1000,1,1.0,10_225_30_1000_1,smoother_11,True,0.391184,2.789841924333333,3.180976,,True,False,False,2.789792,4.9924333333173365e-05
10,225,30,1000,1,1.0,10_225_30_1000_1,smoother_31,True,2.8092249999999996,0.309508591,3.118711,,True,True,True,0.309486,2.2591000000016237e-05
10,225,30,1000,1,1.0,10_225_30_1000_1,accel_gap_half,True,1.770534,1.3798419243333333,3.150217,,True,True,True,1.379683,0.00015892433333331013
10,225,30,1000,1,1.0,10_225_30_1000_1,accel_gap_double,True,1.770534,1.3798419243333333,3.150217,,True,True,True,1.379683,0.00015892433333331013
10,225,30,1000,1,1.0,10_225_30_1000_1,aux_gap_half,True,1.770534,1.3798419243333333,3.150217,,True,True,True,1.379683,0.00015892433333331013
10,225,30,1000,1,1.0,10_225_30_1000_1,aux_gap_double,True,1.770534,1.3798419243333333,3.150217,,True,True,True,1.379683,0.00015892433333331013
10,270,30,500,0,0.5,10_270_30_500_0,current,True,2.8894670000000002,0.2911666666666667,3.180500544,,True,True,True,0.291033544,0.00013312266666670736
10,270,30,500,0,0.5,10_270_30_500_0,smoother_11,True,1.080806,0.26,1.340716544,,True,True,True,0.259910544,8.945599999998777e-05
10,270,30,500,0,0.5,10_270_30_500_0,smoother_31,True,2.821005,0.3293333333333333,3.150270544,,True,True,True,0.329265544,6.778933333329018e-05
10,270,30,500,0,0.5,10_270_30_500_0,accel_gap_half,True,2.8894670000000002,0.2911666666666667,3.180500544,,True,True,True,0.291033544,0.00013312266666670736
10,270,30,500,0,0.5,10_270_30_500_0,accel_gap_double,True,2.8894670000000002,0.2911666666666667,3.180500544,,True,True,True,0.291033544,0.00013312266666670736
10,270,30,500,0,0.5,10_270_30_500_0,aux_gap_half,True,2.8894670000000002,0.2911666666666667,3.180500544,,True,True,True,0.291033544,0.00013312266666670736
10,270,30,500,0,0.5,10_270_30_500_0,aux_gap_double,True,2.8894670000000002,0.2911666666666667,3.180500544,,True,True,True,0.291033544,0.00013312266666670736
10,270,30,500,1,0.5,10_270_30_500_1,current,True,2.159458,1.0201973456666666,3.179644,,True,True,True,1.020186,1.1345666666606746e-05
10,270,30,500,1,0.5,10_270_30_500_1,smoother_11,True,0.8902829999999999,1.029530679,1.91969,,True,True,False,1.029407,0.00012367900000009868
10,270,30,500,1,0.5,10_270_30_500_1,smoother_31,True,2.819702,0.33069734566666664,3.150306,,True,True,True,0.330604,9.334566666663324e-05
10,270,30,500,1,0.5,10_270_30_500_1,accel_gap_half,True,2.159458,1.0201973456666666,3.179644,,True,True,True,1.020186,1.1345666666606746e-05
10,270,30,500,1,0.5,10_270_30_500_1,accel_gap_double,True,2.159458,1.0201973456666666,3.179644,,True,True,True,1.020186,1.1345666666606746e-05
10,270,30,500,1,0.5,10_270_30_500_1,aux_gap_half,True,2.159458,1.0201973456666666,3.179644,,True,True,True,1.020186,1.1345666666606746e-05
10,270,30,500,1,0.5,10_270_30_500_1,aux_gap_double,True,2.159458,1.0201973456666666,3.179644,,True,True,True,1.020186,1.1345666666606746e-05
10,270,30,1000,0,1.0,10_270_30_1000_0,current,True,2.879706,0.2803333333333333,3.16000982,,True,True,True,0.28030382,2.951333333334194e-05
10,270,30,1000,0,1.0,10_270_30_1000_0,smoother_11,True,0.549299,2.171,2.72026082,,True,True,False,2.17096182,3.8179999999776726e-05
10,270,30,1000,0,1.0,10_270_30_1000_0,smoother_31,True,2.810694,0.32033333333333336,3.13091082,,True,True,True,0.32021682,0.00011651333333334568
10,270,30,1000,0,1.0,10_270_30_1000_0,accel_gap_half,True,2.879706,0.2803333333333333,3.16000982,,True,True,True,0.28030382,2.951333333334194e-05
10,270,30,1000,0,1.0,10_270_30_1000_0,accel_gap_double,True,2.879706,0.2803333333333333,3.16000982,,True,True,True,0.28030382,2.951333333334194e-05
10,270,30,1000,0,1.0,10_270_30_1000_0,aux_gap_half,True,2.879706,0.2803333333333333,3.16000982,,True,True,True,0.28030382,2.951333333334194e-05
10,270,30,1000,0,1.0,10_270_30_1000_0,aux_gap_double,True,2.879706,0.2803333333333333,3.16000982,,True,True,True,0.28030382,2.951333333334194e-05
10,270,30,1000,1,1.0,10_270_30_1000_1,current,True,2.8904829999999997,0.2796666666666667,3.170086761,,True,True,True,0.279603761,6.29056666666683e-05
10,270,30,1000,1,1.0,10_270_30_1000_1,smoother_11,True,1.149135,1.441,2.590056761,,True,True,True,1.440921761,7.823900000003547e-05
10,270,30,1000,1,1.0,10_270_30_1000_1,smoother_31,True,2.82909,0.3095,3.138560761,,True,True,True,0.309470761,2.9239000000014226e-05
10,270,30,1000,1,1.0,10_270_30_1000_1,accel_gap_half,True,2.8904829999999997,0.2796666666666667,3.170086761,,True,True,True,0.279603761,6.29056666666683e-05
10,270,30,1000,1,1.0,10_270_30_1000_1,accel_gap_double,True,2.8904829999999997,0.2796666666666667,3.170086761,,True,True,True,0.279603761,6.29056666666683e-05
10,270,30,1000,1,1.0,10_270_30_1000_1,aux_gap_half,True,2.8904829999999997,0.2796666666666667,3.170086761,,True,True,True,0.279603761,6.29056666666683e-05
10,270,30,1000,1,1.0,10_270_30_1000_1,aux_gap_double,True,2.8904829999999997,0.2796666666666667,3.170086761,,True,True,True,0.279603761,6.29056666666683e-05
10,315,30,500,0,0.5,10_315_30_500_0,current,True,2.8687889999999996,0.28104751400000005,3.149761,,True,True,True,0.280972,7.551400000005426e-05
10,315,30,500,0,0.5,10_315_30_500_0,smoother_11,True,0.5088780000000002,1.9305475140000001,2.439423,,True,True,False,1.930545,2.5140000001755425e-06
10,315,30,500,0,0.5,10_315_30_500_0,smoother_31,True,2.802279,0.3088808473333334,3.111014,,True,True,True,0.308735,0.00014584733333339317
10,315,30,500,0,0.5,10_315_30_500_0,accel_gap_half,True,2.8687889999999996,0.28104751400000005,3.149761,,True,True,True,0.280972,7.551400000005426e-05
10,315,30,500,0,0.5,10_315_30_500_0,accel_gap_double,True,2.8687889999999996,0.28104751400000005,3.149761,,True,True,True,0.280972,7.551400000005426e-05
10,315,30,500,0,0.5,10_315_30_500_0,aux_gap_half,True,2.8687889999999996,0.28104751400000005,3.149761,,True,True,True,0.280972,7.551400000005426e-05
10,315,30,500,0,0.5,10_315_30_500_0,aux_gap_double,True,2.8687889999999996,0.28104751400000005,3.149761,,True,True,True,0.280972,7.551400000005426e-05
10,315,30,500,1,0.5,10_315_30_500_1,current,True,2.8780520000000003,0.2806769496666667,3.158717,,True,True,True,0.280665,1.1949666666677405e-05
10,315,30,500,1,0.5,10_315_30_500_1,smoother_11,True,0.9311910000000001,0.41984361633333334,1.350969,,True,True,False,0.419778,6.561633333335148e-05
10,315,30,500,1,0.5,10_315_30_500_1,smoother_31,True,2.808973,0.32117694966666666,3.130138,,True,True,True,0.321165,1.1949666666677405e-05
10,315,30,500,1,0.5,10_315_30_500_1,accel_gap_half,True,2.8780520000000003,0.2806769496666667,3.158717,,True,True,True,0.280665,1.1949666666677405e-05
10,315,30,500,1,0.5,10_315_30_500_1,accel_gap_double,True,2.8780520000000003,0.2806769496666667,3.158717,,True,True,True,0.280665,1.1949666666677405e-05
10,315,30,500,1,0.5,10_315_30_500_1,aux_gap_half,True,2.8780520000000003,0.2806769496666667,3.158717,,True,True,True,0.280665,1.1949666666677405e-05
10,315,30,500,1,0.5,10_315_30_500_1,aux_gap_double,True,2.8780520000000003,0.2806769496666667,3.158717,,True,True,True,0.280665,1.1949666666677405e-05
10,315,30,1000,0,1.0,10_315_30_1000_0,current,True,2.87907,0.2808737823333333,3.159818,,True,True,True,0.280748,0.00012578233333332411
10,315,30,1000,0,1.0,10_315_30_1000_0,smoother_11,True,1.0581780000000003,2.1308737823333335,3.188943,,True,True,True,2.130765,0.00010878233333366794
10,315,30,1000,0,1.0,10_315_30_1000_0,smoother_31,True,2.820654,0.30987378233333335,3.130503,,True,True,True,0.309849,2.4782333333361883e-05
10,315,30,1000,0,1.0,10_315_30_1000_0,accel_gap_half,True,2.87907,0.2808737823333333,3.159818,,True,True,True,0.280748,0.00012578233333332411
10,315,30,1000,0,1.0,10_315_30_1000_0,accel_gap_double,True,2.87907,0.2808737823333333,3.159818,,True,True,True,0.280748,0.00012578233333332411
10,315,30,1000,0,1.0,10_315_30_1000_0,aux_gap_half,True,2.87907,0.2808737823333333,3.159818,,True,True,True,0.280748,0.00012578233333332411
10,315,30,1000,0,1.0,10_315_30_1000_0,aux_gap_double,True,2.87907,0.2808737823333333,3.159818,,True,True,True,0.280748,0.00012578233333332411
10,315,30,1000,1,1.0,10_315_30_1000_1,current,True,2.869436,0.2901666666666667,3.159472974,,True,True,True,0.290036974,0.0001296926666666809
10,315,30,1000,1,1.0,10_315_30_1000_1,smoother_11,True,2.3686480000000003,0.5305,2.899015974,,True,True,True,0.530367974,0.0001320259999999518
10,315,30,1000,1,1.0,10_315_30_1000_1,smoother_31,True,2.810874,0.30966666666666665,3.120468974,,True,True,True,0.309594974,7.169266666662288e-05
10,315,30,1000,1,1.0,10_315_30_1000_1,accel_gap_half,True,2.869436,0.2901666666666667,3.159472974,,True,True,True,0.290036974,0.0001296926666666809
10,315,30,1000,1,1.0,10_315_30_1000_1,accel_gap_double,True,2.869436,0.2901666666666667,3.159472974,,True,True,True,0.290036974,0.0001296926666666809
10,315,30,1000,1,1.0,10_315_30_1000_1,aux_gap_half,True,2.869436,0.2901666666666667,3.159472974,,True,True,True,0.290036974,0.0001296926666666809
10,315,30,1000,1,1.0,10_315_30_1000_1,aux_gap_double,True,2.869436,0.2901666666666667,3.159472974,,True,True,True,0.290036974,0.0001296926666666809
10,0,40,500,0,0.5,10_0_40_500_0,current,True,1.57038,0.29055006099999997,1.860891,,True,True,True,0.290511,3.9060999999951385e-05
10,0,40,500,0,0.5,10_0_40_500_0,smoother_11,True,1.02088,0.259050061,1.279892,,True,True,True,0.259012,3.806099999997814e-05
10,0,40,500,0,0.5,10_0_40_500_0,smoother_31,True,2.0612280000000003,0.31988339433333335,2.380971,,True,True,True,0.319743,0.00014039433333334905
10,0,40,500,0,0.5,10_0_40_500_0,accel_gap_half,True,1.57038,0.29055006099999997,1.860891,,True,True,True,0.290511,3.9060999999951385e-05
10,0,40,500,0,0.5,10_0_40_500_0,accel_gap_double,True,1.57038,0.29055006099999997,1.860891,,True,True,True,0.290511,3.9060999999951385e-05
10,0,40,500,0,0.5,10_0_40_500_0,aux_gap_half,True,1.57038,0.29055006099999997,1.860891,,True,True,True,0.290511,3.9060999999951385e-05
10,0,40,500,0,0.5,10_0_40_500_0,aux_gap_double,True,1.57038,0.29055006099999997,1.860891,,True,True,True,0.290511,3.9060999999951385e-05
10,0,40,500,1,0.5,10_0_40_500_1,current,True,2.119917,0.29989771633333334,2.419714,,True,True,True,0.299797,0.00010071633333336161
10,0,40,500,1,0.5,10_0_40_500_1,smoother_11,True,1.058981,0.271064383,1.330013,,True,True,True,0.271032,3.23830000000247e-05
10,0,40,500,1,0.5,10_0_40_500_1,smoother_31,True,2.0584450000000003,0.331064383,2.389438,,True,True,True,0.330993,7.138300000003595e-05
10,0,40,500,1,0.5,10_0_40_500_1,accel_gap_half,True,2.119917,0.29989771633333334,2.419714,,True,True,True,0.299797,0.00010071633333336161
10,0,40,500,1,0.5,10_0_40_500_1,accel_gap_double,True,2.119917,0.29989771633333334,2.419714,,True,True,True,0.299797,0.00010071633333336161
10,0,40,500,1,0.5,10_0_40_500_1,aux_gap_half,True,2.119917,0.29989771633333334,2.419714,,True,True,True,0.299797,0.00010071633333336161
10,0,40,500,1,0.5,10_0_40_500_1,aux_gap_double,True,2.119917,0.29989771633333334,2.419714,,True,True,True,0.299797,0.00010071633333336161
10,0,40,1000,0,1.0,10_0_40_1000_0,current,True,2.1283890000000003,0.2905,2.418726652,,True,True,True,0.290337652,0.00016234799999997884
10,0,40,1000,0,1.0,10_0_40_1000_0,smoother_11,True,0.5707450000000001,0.5295,1.100106652,,True,True,False,0.529361652,0.00013834800000001035
10,0,40,1000,0,1.0,10_0_40_1000_0,smoother_31,True,2.0591139999999997,0.3205,2.379569652,,True,True,True,0.320455652,4.4348000000027366e-05
10,0,40,1000,0,1.0,10_0_40_1000_0,accel_gap_half,True,2.1283890000000003,0.2905,2.418726652,,True,True,True,0.290337652,0.00016234799999997884
10,0,40,1000,0,1.0,10_0_40_1000_0,accel_gap_double,True,2.1283890000000003,0.2905,2.418726652,,True,True,True,0.290337652,0.00016234799999997884
10,0,40,1000,0,1.0,10_0_40_1000_0,aux_gap_half,True,2.1283890000000003,0.2905,2.418726652,,True,True,True,0.290337652,0.00016234799999997884
10,0,40,1000,0,1.0,10_0_40_1000_0,aux_gap_double,True,2.1283890000000003,0.2905,2.418726652,,True,True,True,0.290337652,0.00016234799999997884
10,0,40,1000,1,1.0,10_0_40_1000_1,current,True,1.04056,0.290540323,1.33104,,True,True,True,0.29048,6.032299999997326e-05
10,0,40,1000,1,1.0,10_0_40_1000_1,smoother_11,True,0.5488109999999999,1.430540323,1.979264,,True,True,False,1.430453,8.732300000002802e-05
10,0,40,1000,1,1.0,10_0_40_1000_1,smoother_31,True,2.070632,0.31020698966666665,2.380829,,True,True,True,0.310197,9.989666666654351e-06
10,0,40,1000,1,1.0,10_0_40_1000_1,accel_gap_half,True,1.04056,0.290540323,1.33104,,True,True,True,0.29048,6.032299999997326e-05
10,0,40,1000,1,1.0,10_0_40_1000_1,accel_gap_double,True,1.04056,0.290540323,1.33104,,True,True,True,0.29048,6.032299999997326e-05
10,0,40,1000,1,1.0,10_0_40_1000_1,aux_gap_half,True,1.04056,0.290540323,1.33104,,True,True,True,0.29048,6.032299999997326e-05
10,0,40,1000,1,1.0,10_0_40_1000_1,aux_gap_double,True,1.04056,0.290540323,1.33104,,True,True,True,0.29048,6.032299999997326e-05
10,45,40,500,0,0.5,10_45_40_500_0,current,True,2.109263,0.28983333333333333,2.399080438,,True,True,True,0.289817438,1.5895333333348916e-05
10,45,40,500,0,0.5,10_45_40_500_0,smoother_11,True,1.0500099999999999,1.3795,2.429367438,,True,True,True,1.379357438,0.00014256199999995722
10,45,40,500,0,0.5,10_45_40_500_0,smoother_31,True,2.061251,0.31,2.371202438,,True,True,True,0.309951438,4.856199999997424e-05
10,45,40,500,0,0.5,10_45_40_500_0,accel_gap_half,True,2.109263,0.28983333333333333,2.399080438,,True,True,True,0.289817438,1.5895333333348916e-05
10,45,40,500,0,0.5,10_45_40_500_0,accel_gap_double,True,2.109263,0.28983333333333333,2.399080438,,True,True,True,0.289817438,1.5895333333348916e-05
10,45,40,500,0,0.5,10_45_40_500_0,aux_gap_half,True,2.109263,0.28983333333333333,2.399080438,,True,True,True,0.289817438,1.5895333333348916e-05
10,45,40,500,0,0.5,10_45_40_500_0,aux_gap_double,True,2.109263,0.28983333333333333,2.399080438,,True,True,True,0.289817438,1.5895333333348916e-05
10,45,40,500,1,0.5,10_45_40_500_1,current,True,2.120584,0.300521471,2.420965,,True,True,True,0.300381,0.00014047099999997537
10,45,40,500,1,0.5,10_45_40_500_1,smoother_11,True,0.6991820000000002,1.340021471,2.039048,,True,True,False,1.339866,0.00015547100000001812
10,45,40,500,1,0.5,10_45_40_500_1,smoother_31,True,2.060648,0.329521471,2.390011,,True,True,True,0.329363,0.00015847099999999337
10,45,40,500,1,0.5,10_45_40_500_1,accel_gap_half,True,2.120584,0.300521471,2.420965,,True,True,True,0.300381,0.00014047099999997537
10,45,40,500,1,0.5,10_45_40_500_1,accel_gap_double,True,2.120584,0.300521471,2.420965,,True,True,True,0.300381,0.00014047099999997537
10,45,40,500,1,0.5,10_45_40_500_1,aux_gap_half,True,2.120584,0.300521471,2.420965,,True,True,True,0.300381,0.00014047099999997537
10,45,40,500,1,0.5,10_45_40_500_1,aux_gap_double,True,2.120584,0.300521471,2.420965,,True,True,True,0.300381,0.00014047099999997537
10,45,40,1000,0,1.0,10_45_40_1000_0,current,True,1.810288,0.319615808,2.129902,,True,True,True,0.319614,1.8079999999920382e-06
10,45,40,1000,0,1.0,10_45_40_1000_0,smoother_11,True,0.978687,0.5009491413333333,1.479636,,True,True,False,0.500949,1.41333333369964e-07
10,45,40,1000,0,1.0,10_45_40_1000_0,smoother_31,True,2.070406,0.3504491413333333,2.420731,,True,True,True,0.350325,0.00012414133333332744
10,45,40,1000,0,1.0,10_45_40_1000_0,accel_gap_half,True,1.810288,0.319615808,2.129902,,True,True,True,0.319614,1.8079999999920382e-06
10,45,40,1000,0,1.0,10_45_40_1000_0,accel_gap_double,True,1.810288,0.319615808,2.129902,,True,True,True,0.319614,1.8079999999920382e-06
10,45,40,1000,0,1.0,10_45_40_1000_0,aux_gap_half,True,1.810288,0.319615808,2.129902,,True,True,True,0.319614,1.8079999999920382e-06
10,45,40,1000,0,1.0,10_45_40_1000_0,aux_gap_double,True,1.810288,0.319615808,2.129902,,True,True,True,0.319614,1.8079999999920382e-06
10,45,40,1000,1,1.0,10_45_40_1000_1,current,True,2.1076539999999997,0.3115,2.419000953,,True,True,True,0.311346953,0.00015304700000001725
10,45,40,1000,1,1.0,10_45_40_1000_1,smoother_11,True,0.5181,1.9306666666666668,2.448745953,,True,True,False,1.930645953,2.071366666678287e-05
10,45,40,1000,1,1.0,10_45_40_1000_1,smoother_31,True,2.039276,0.3505,2.389613953,,True,True,True,0.350337953,0.0001620469999999985
10,45,40,1000,1,1.0,10_45_40_1000_1,accel_gap_half,True,2.1076539999999997,0.3115,2.419000953,,True,True,True,0.311346953,0.00015304700000001725
10,45,40,1000,1,1.0,10_45_40_1000_1,accel_gap_double,True,2.1076539999999997,0.3115,2.419000953,,True,True,True,0.311346953,0.00015304700000001725
10,45,40,1000,1,1.0,10_45_40_1000_1,aux_gap_half,True,2.1076539999999997,0.3115,2.419000953,,True,True,True,0.311346953,0.00015304700000001725
10,45,40,1000,1,1.0,10_45_40_1000_1,aux_gap_double,True,2.1076539999999997,0.3115,2.419000953,,True,True,True,0.311346953,0.00015304700000001725
10,90,40,500,0,0.5,10_90_40_500_0,current,True,2.122067,0.2987050816666667,2.420766,,True,True,True,0.298699,6.081666666712948e-06
10,90,40,500,0,0.5,10_90_40_500_0,smoother_11,True,0.49148599999999987,1.3492050816666665,1.84069,,True,False,False,1.349204,1.0816666664581476e-06
10,90,40,500,0,0.5,10_90_40_500_0,smoother_31,True,2.0607509999999998,0.33937174833333333,2.399971,,True,True,True,0.33922,0.0001517483333333125
10,90,40,500,0,0.5,10_90_40_500_0,accel_gap_half,True,2.122067,0.2987050816666667,2.420766,,True,True,True,0.298699,6.081666666712948e-06
10,90,40,500,0,0.5,10_90_40_500_0,accel_gap_double,True,2.122067,0.2987050816666667,2.420766,,True,True,True,0.298699,6.081666666712948e-06
10,90,40,500,0,0.5,10_90_40_500_0,aux_gap_half,True,2.122067,0.2987050816666667,2.420766,,True,True,True,0.298699,6.081666666712948e-06
10,90,40,500,0,0.5,10_90_40_500_0,aux_gap_double,True,2.122067,0.2987050816666667,2.420766,,True,True,True,0.298699,6.081666666712948e-06
10,90,40,500,1,0.5,10_90_40_500_1,current,True,1.8302850000000002,0.300097768,2.130304,,True,True,True,0.300019,7.876800000000683e-05
10,90,40,500,1,0.5,10_90_40_500_1,smoother_11,True,0.8003070000000001,1.2899311013333334,2.090208,,True,True,False,1.289901,3.0101333333476532e-05
10,90,40,500,1,0.5,10_90_40_500_1,smoother_31,True,2.078952,0.320597768,2.399419,,True,True,True,0.320467,0.00013076800000000333
10,90,40,500,1,0.5,10_90_40_500_1,accel_gap_half,True,1.8302850000000002,0.300097768,2.130304,,True,True,True,0.300019,7.876800000000683e-05
10,90,40,500,1,0.5,10_90_40_500_1,accel_gap_double,True,1.8302850000000002,0.300097768,2.130304,,True,True,True,0.300019,7.876800000000683e-05
10,90,40,500,1,0.5,10_90_40_500_1,aux_gap_half,True,1.8302850000000002,0.300097768,2.130304,,True,True,True,0.300019,7.876800000000683e-05
10,90,40,500,1,0.5,10_90_40_500_1,aux_gap_double,True,1.8302850000000002,0.300097768,2.130304,,True,True,True,0.300019,7.876800000000683e-05
10,90,40,1000,0,1.0,10_90_40_1000_0,current,True,2.118067,0.30085822533333334,2.418898,,True,True,True,0.300831,2.7225333333324997e-05
10,90,40,1000,0,1.0,10_90_40_1000_0,smoother_11,True,1.069798,0.270024892,1.339791,,True,True,True,0.269993,3.189200000003334e-05
10,90,40,1000,0,1.0,10_90_40_1000_0,smoother_31,True,2.059855,0.3303582253333333,2.390134,,True,True,True,0.330279,7.922533333332149e-05
10,90,40,1000,0,1.0,10_90_40_1000_0,accel_gap_half,True,2.118067,0.30085822533333334,2.418898,,True,True,True,0.300831,2.7225333333324997e-05
10,90,40,1000,0,1.0,10_90_40_1000_0,accel_gap_double,True,2.118067,0.30085822533333334,2.418898,,True,True,True,0.300831,2.7225333333324997e-05
10,90,40,1000,0,1.0,10_90_40_1000_0,aux_gap_half,True,2.118067,0.30085822533333334,2.418898,,True,True,True,0.300831,2.7225333333324997e-05
10,90,40,1000,0,1.0,10_90_40_1000_0,aux_gap_double,True,2.118067,0.30085822533333334,2.418898,,True,True,True,0.300831,2.7225333333324997e-05
10,90,40,1000,1,1.0,10_90_40_1000_1,current,True,1.889738,0.2991666666666667,2.188760437,,True,True,True,0.299022437,0.00014422966666671755
10,90,40,1000,1,1.0,10_90_40_1000_1,smoother_11,True,0.49028399999999994,1.2393333333333334,1.729454437,,True,False,False,1.239170437,0.00016289633333332887
10,90,40,1000,1,1.0,10_90_40_1000_1,smoother_31,True,2.0604790000000004,0.3295,2.389869437,,True,True,True,0.329390437,0.00010956300000003472
10,90,40,1000,1,1.0,10_90_40_1000_1,accel_gap_half,True,1.889738,0.2991666666666667,2.188760437,,True,True,True,0.299022437,0.00014422966666671755
10,90,40,1000,1,1.0,10_90_40_1000_1,accel_gap_double,True,1.889738,0.2991666666666667,2.188760437,,True,True,True,0.299022437,0.00014422966666671755
10,90,40,1000,1,1.0,10_90_40_1000_1,aux_gap_half,True,1.889738,0.2991666666666667,2.188760437,,True,True,True,0.299022437,0.00014422966666671755
10,90,40,1000,1,1.0,10_90_40_1000_1,aux_gap_double,True,1.889738,0.2991666666666667,2.188760437,,True,True,True,0.299022437,0.00014422966666671755
10,135,40,500,0,0.5,10_135_40_500_0,current,True,2.10758,0.30118126933333333,2.408612,,True,True,True,0.301032,0.00014926933333331283
10,135,40,500,0,0.5,10_135_40_500_0,smoother_11,True,0.9703999999999999,1.2493479360000002,2.219661,,True,True,False,1.249261,8.693600000020396e-05
10,135,40,500,0,0.5,10_135_40_500_0,smoother_31,True,2.049427,0.32118126933333335,2.370581,,True,True,True,0.321154,2.726933333335735e-05
10,135,40,500,0,0.5,10_135_40_500_0,accel_gap_half,True,2.10758,0.30118126933333333,2.408612,,True,True,True,0.301032,0.00014926933333331283
10,135,40,500,0,0.5,10_135_40_500_0,accel_gap_double,True,2.10758,0.30118126933333333,2.408612,,True,True,True,0.301032,0.00014926933333331283
10,135,40,500,0,0.5,10_135_40_500_0,aux_gap_half,True,2.10758,0.30118126933333333,2.408612,,True,True,True,0.301032,0.00014926933333331283
10,135,40,500,0,0.5,10_135_40_500_0,aux_gap_double,True,2.10758,0.30118126933333333,2.408612,,True,True,True,0.301032,0.00014926933333331283
10,135,40,500,1,0.5,10_135_40_500_1,current,True,1.390549,0.29051387133333334,1.68093,,True,True,True,0.290381,0.00013287133333333978
10,135,40,500,1,0.5,10_135_40_500_1,smoother_11,True,0.6908659999999998,1.7493472046666667,2.440145,,True,True,False,1.749279,6.820466666668246e-05
10,135,40,500,1,0.5,10_135_40_500_1,smoother_31,True,2.0614529999999998,0.31884720466666666,2.380168,,True,True,True,0.318715,0.00013220466666663544
10,135,40,500,1,0.5,10_135_40_500_1,accel_gap_half,True,1.390549,0.29051387133333334,1.68093,,True,True,True,0.290381,0.00013287133333333978
10,135,40,500,1,0.5,10_135_40_500_1,accel_gap_double,True,1.390549,0.29051387133333334,1.68093,,True,True,True,0.290381,0.00013287133333333978
10,135,40,500,1,0.5,10_135_40_500_1,aux_gap_half,True,1.390549,0.29051387133333334,1.68093,,True,True,True,0.290381,0.00013287133333333978
10,135,40,500,1,0.5,10_135_40_500_1,aux_gap_double,True,1.390549,0.29051387133333334,1.68093,,True,True,True,0.290381,0.00013287133333333978
10,135,40,1000,0,1.0,10_135_40_1000_0,current,True,1.249544,1.1702168666666666,2.419752,,True,True,True,1.170208,8.866666666662582e-06
10,135,40,1000,0,1.0,10_135_40_1000_0,smoother_11,True,0.40083399999999997,0.2705502,0.671248,,True,False,False,0.270414,0.00013620000000003074
10,135,40,1000,0,1.0,10_135_40_1000_0,smoother_31,True,2.069288,0.32071686666666666,2.38984,,True,True,True,0.320552,0.00016486666666665206
10,135,40,1000,0,1.0,10_135_40_1000_0,accel_gap_half,True,1.249544,1.1702168666666666,2.419752,,True,True,True,1.170208,8.866666666662582e-06
10,135,40,1000,0,1.0,10_135_40_1000_0,accel_gap_double,True,1.249544,1.1702168666666666,2.419752,,True,True,True,1.170208,8.866666666662582e-06
10,135,40,1000,0,1.0,10_135_40_1000_0,aux_gap_half,True,1.249544,1.1702168666666666,2.419752,,True,True,True,1.170208,8.866666666662582e-06
10,135,40,1000,0,1.0,10_135_40_1000_0,aux_gap_double,True,1.249544,1.1702168666666666,2.419752,,True,True,True,1.170208,8.866666666662582e-06
10,135,40,1000,1,1.0,10_135_40_1000_1,current,True,2.0991560000000002,0.2809298393333333,2.38004,,True,True,True,0.280884,4.583933333329737e-05
10,135,40,1000,1,1.0,10_135_40_1000_1,smoother_11,True,0.4011230000000001,0.9499298393333333,1.351023,,True,False,False,0.9499,2.983933333333688e-05
10,135,40,1000,1,1.0,10_135_40_1000_1,smoother_31,True,2.040386,0.31992983933333335,2.360295,,True,True,True,0.319909,2.0839333333355636e-05
10,135,40,1000,1,1.0,10_135_40_1000_1,accel_gap_half,True,2.0991560000000002,0.2809298393333333,2.38004,,True,True,True,0.280884,4.583933333329737e-05
10,135,40,1000,1,1.0,10_135_40_1000_1,accel_gap_double,True,2.0991560000000002,0.2809298393333333,2.38004,,True,True,True,0.280884,4.583933333329737e-05
10,135,40,1000,1,1.0,10_135_40_1000_1,aux_gap_half,True,2.0991560000000002,0.2809298393333333,2.38004,,True,True,True,0.280884,4.583933333329737e-05
10,135,40,1000,1,1.0,10_135_40_1000_1,aux_gap_double,True,2.0991560000000002,0.2809298393333333,2.38004,,True,True,True,0.280884,4.583933333329737e-05
10,180,40,500,0,0.5,10_180_40_500_0,current,True,1.8700890000000001,0.2993266626666667,2.169385,,True,True,True,0.299296,3.066266666668094e-05
10,180,40,500,0,0.5,10_180_40_500_0,smoother_11,True,0.9188149999999999,1.0413266626666666,1.960068,,True,True,False,1.041253,7.366266666664067e-05
10,180,40,500,0,0.5,10_180_40_500_0,smoother_31,True,2.08087,0.330159996,2.410877,,True,True,True,0.330007,0.00015299600000001634
10,180,40,500,0,0.5,10_180_40_500_0,accel_gap_half,True,1.8700890000000001,0.2993266626666667,2.169385,,True,True,True,0.299296,3.066266666668094e-05
10,180,40,500,0,0.5,10_180_40_500_0,accel_gap_double,True,1.8700890000000001,0.2993266626666667,2.169385,,True,True,True,0.299296,3.066266666668094e-05
10,180,40,500,0,0.5,10_180_40_500_0,aux_gap_half,True,1.8700890000000001,0.2993266626666667,2.169385,,True,True,True,0.299296,3.066266666668094e-05
10,180,40,500,0,0.5,10_180_40_500_0,aux_gap_double,True,1.8700890000000001,0.2993266626666667,2.169385,,True,True,True,0.299296,3.066266666668094e-05
10,180,40,500,1,0.5,10_180_40_500_1,current,True,1.840681,0.57016326,2.410711,,True,True,True,0.57003,0.0001332599999999129
10,180,40,500,1,0.5,10_180_40_500_1,smoother_11,True,0.6298110000000001,1.7699965933333335,2.399767,,True,True,False,1.769956,4.05933333333941e-05
10,180,40,500,1,0.5,10_180_40_500_1,smoother_31,True,2.070538,0.31066326,2.3812,,True,True,True,0.310662,1.2600000000029254e-06
10,180,40,500,1,0.5,10_180_40_500_1,accel_gap_half,True,1.840681,0.57016326,2.410711,,True,True,True,0.57003,0.0001332599999999129
10,180,40,500,1,0.5,10_180_40_500_1,accel_gap_double,True,1.840681,0.57016326,2.410711,,True,True,True,0.57003,0.0001332599999999129
10,180,40,500,1,0.5,10_180_40_500_1,aux_gap_half,True,1.840681,0.57016326,2.410711,,True,True,True,0.57003,0.0001332599999999129
10,180,40,500,1,0.5,10_180_40_500_1,aux_gap_double,True,1.840681,0.57016326,2.410711,,True,True,True,0.57003,0.0001332599999999129
10,180,40,1000,0,1.0,10_180_40_1000_0,current,True,2.1217639999999998,0.29946022,2.42121,,True,True,True,0.299446,1.4220000000009225e-05
10,180,40,1000,0,1.0,10_180_40_1000_0,smoother_11,True,0.5091110000000001,0.64096022,1.149949,,True,True,False,0.640838,0.0001222199999999507
10,180,40,1000,0,1.0,10_180_40_1000_0,smoother_31,True,2.0599920000000003,0.32996022,2.389851,,True,True,True,0.329859,0.00010122000000001297
10,180,40,1000,0,1.0,10_180_40_1000_0,accel_gap_half,True,2.1217639999999998,0.29946022,2.42121,,True,True,True,0.299446,1.4220000000009225e-05
10,180,40,1000,0,1.0,10_180_40_1000_0,accel_gap_double,True,2.1217639999999998,0.29946022,2.42121,,True,True,True,0.299446,1.4220000000009225e-05
10,180,40,1000,0,1.0,10_180_40_1000_0,aux_gap_half,True,2.1217639999999998,0.29946022,2.42121,,True,True,True,0.299446,1.4220000000009225e-05
10,180,40,1000,0,1.0,10_180_40_1000_0,aux_gap_double,True,2.1217639999999998,0.29946022,2.42121,,True,True,True,0.299446,1.4220000000009225e-05
10,180,40,1000,1,1.0,10_180_40_1000_1,current,True,2.1098230000000004,0.2991841816666667,2.408987,,True,True,True,0.299164,2.0181666666729825e-05
10,180,40,1000,1,1.0,10_180_40_1000_1,smoother_11,True,0.990046,0.33051751500000004,1.320521,,True,True,False,0.330475,4.251500000002073e-05
10,180,40,1000,1,1.0,10_180_40_1000_1,smoother_31,True,2.039197,0.33051751500000004,2.369672,,True,True,True,0.330475,4.251500000002073e-05
10,180,40,1000,1,1.0,10_180_40_1000_1,accel_gap_half,True,2.1098230000000004,0.2991841816666667,2.408987,,True,True,True,0.299164,2.0181666666729825e-05
10,180,40,1000,1,1.0,10_180_40_1000_1,accel_gap_double,True,2.1098230000000004,0.2991841816666667,2.408987,,True,True,True,0.299164,2.0181666666729825e-05
10,180,40,1000,1,1.0,10_180_40_1000_1,aux_gap_half,True,2.1098230000000004,0.2991841816666667,2.408987,,True,True,True,0.299164,2.0181666666729825e-05
10,180,40,1000,1,1.0,10_180_40_1000_1,aux_gap_double,True,2.1098230000000004,0.2991841816666667,2.408987,,True,True,True,0.299164,2.0181666666729825e-05
10,225,40,500,0,0.5,10_225_40_500_0,current,True,2.122171,0.299225666,2.421319,,True,True,True,0.299148,7.766599999997625e-05
10,225,40,500,0,0.5,10_225_40_500_0,smoother_11,True,0.790959,0.560225666,1.351143,,True,True,False,0.560184,4.166599999999576e-05
10,225,40,500,0,0.5,10_225_40_500_0,smoother_31,True,2.071074,0.32039233266666667,2.391323,,True,True,True,0.320249,0.00014333266666666233
10,225,40,500,0,0.5,10_225_40_500_0,accel_gap_half,True,2.122171,0.299225666,2.421319,,True,True,True,0.299148,7.766599999997625e-05
10,225,40,500,0,0.5,10_225_40_500_0,accel_gap_double,True,2.122171,0.299225666,2.421319,,True,True,True,0.299148,7.766599999997625e-05
10,225,40,500,0,0.5,10_225_40_500_0,aux_gap_half,True,2.122171,0.299225666,2.421319,,True,True,True,0.299148,7.766599999997625e-05
10,225,40,500,0,0.5,10_225_40_500_0,aux_gap_double,True,2.122171,0.299225666,2.421319,,True,True,True,0.299148,7.766599999997625e-05
10,225,40,500,1,0.5,10_225_40_500_1,current,True,2.1197999999999997,0.2808214686666667,2.400511,,True,True,True,0.280711,0.00011046866666669652
10,225,40,500,1,0.5,10_225_40_500_1,smoother_11,True,0.8886319999999999,1.5409881353333332,2.429604,,True,True,False,1.540972,1.613533333322259e-05
10,225,40,500,1,0.5,10_225_40_500_1,smoother_31,True,2.069846,0.309154802,2.37884,,True,True,True,0.308994,0.00016080200000001543
10,225,40,500,1,0.5,10_225_40_500_1,accel_gap_half,True,2.1197999999999997,0.2808214686666667,2.400511,,True,True,True,0.280711,0.00011046866666669652
10,225,40,500,1,0.5,10_225_40_500_1,accel_gap_double,True,2.1197999999999997,0.2808214686666667,2.400511,,True,True,True,0.280711,0.00011046866666669652
10,225,40,500,1,0.5,10_225_40_500_1,aux_gap_half,True,2.1197999999999997,0.2808214686666667,2.400511,,True,True,True,0.280711,0.00011046866666669652
10,225,40,500,1,0.5,10_225_40_500_1,aux_gap_double,True,2.1197999999999997,0.2808214686666667,2.400511,,True,True,True,0.280711,0.00011046866666669652
10,225,40,1000,0,1.0,10_225_40_1000_0,current,True,2.118941,0.28,2.398781346,,True,True,True,0.279840346,0.00015965400000000907
10,225,40,1000,0,1.0,10_225_40_1000_0,smoother_11,True,0.930623,0.88,1.810492346,,True,True,False,0.879869346,0.00013065400000000782
10,225,40,1000,0,1.0,10_225_40_1000_0,smoother_31,True,2.05815,0.3105,2.368590346,,True,True,True,0.310440346,5.965400000002008e-05
10,225,40,1000,0,1.0,10_225_40_1000_0,accel_gap_half,True,2.118941,0.28,2.398781346,,True,True,True,0.279840346,0.00015965400000000907
10,225,40,1000,0,1.0,10_225_40_1000_0,accel_gap_double,True,2.118941,0.28,2.398781346,,True,True,True,0.279840346,0.00015965400000000907
10,225,40,1000,0,1.0,10_225_40_1000_0,aux_gap_half,True,2.118941,0.28,2.398781346,,True,True,True,0.279840346,0.00015965400000000907
10,225,40,1000,0,1.0,10_225_40_1000_0,aux_gap_double,True,2.118941,0.28,2.398781346,,True,True,True,0.279840346,0.00015965400000000907
10,225,40,1000,1,1.0,10_225_40_1000_1,current,True,2.108884,0.29052396533333336,2.399338,,True,True,True,0.290454,6.996533333336608e-05
10,225,40,1000,1,1.0,10_225_40_1000_1,smoother_11,True,0.778311,0.751190632,1.529436,,True,True,False,0.751125,6.563199999998215e-05
10,225,40,1000,1,1.0,10_225_40_1000_1,smoother_31,True,2.0611070000000002,0.3195239653333334,2.380548,,True,True,True,0.319441,8.296533333340683e-05
10,225,40,1000,1,1.0,10_225_40_1000_1,accel_gap_half,True,2.108884,0.29052396533333336,2.399338,,True,True,True,0.290454,6.996533333336608e-05
10,225,40,1000,1,1.0,10_225_40_1000_1,accel_gap_double,True,2.108884,0.29052396533333336,2.399338,,True,True,True,0.290454,6.996533333336608e-05
10,225,40,1000,1,1.0,10_225_40_1000_1,aux_gap_half,True,2.108884,0.29052396533333336,2.399338,,True,True,True,0.290454,6.996533333336608e-05
10,225,40,1000,1,1.0,10_225_40_1000_1,aux_gap_double,True,2.108884,0.29052396533333336,2.399338,,True,True,True,0.290454,6.996533333336608e-05
10,270,40,500,0,0.5,10_270_40_500_0,current,True,2.1402590000000004,0.2893830796666667,2.429638,,True,True,True,0.289379,4.079666666712001e-06
10,270,40,500,0,0.5,10_270_40_500_0,smoother_11,True,0.790958,1.4998830796666667,2.290725,,True,True,False,1.499767,0.00011607966666660197
10,270,40,500,0,0.5,10_270_40_500_0,smoother_31,True,2.058614,0.33054974633333334,2.38909,,True,True,True,0.330476,7.374633333334657e-05
10,270,40,500,0,0.5,10_270_40_500_0,accel_gap_half,True,2.1402590000000004,0.2893830796666667,2.429638,,True,True,True,0.289379,4.079666666712001e-06
10,270,40,500,0,0.5,10_270_40_500_0,accel_gap_double,True,2.1402590000000004,0.2893830796666667,2.429638,,True,True,True,0.289379,4.079666666712001e-06
10,270,40,500,0,0.5,10_270_40_500_0,aux_gap_half,True,2.1402590000000004,0.2893830796666667,2.429638,,True,True,True,0.289379,4.079666666712001e-06
10,270,40,500,0,0.5,10_270_40_500_0,aux_gap_double,True,2.1402590000000004,0.2893830796666667,2.429638,,True,True,True,0.289379,4.079666666712001e-06
10,270,40,500,1,0.5,10_270_40_500_1,current,True,2.140134,0.2808979543333333,2.420923,,True,True,True,0.280789,0.00010895433333329985
10,270,40,500,1,0.5,10_270_40_500_1,smoother_11,True,0.6702239999999999,0.6600646210000001,1.330207,,True,True,False,0.659983,8.162100000008721e-05
10,270,40,500,1,0.5,10_270_40_500_1,smoother_31,True,2.058833,0.320564621,2.379381,,True,True,True,0.320548,1.6620999999994446e-05
10,270,40,500,1,0.5,10_270_40_500_1,accel_gap_half,True,2.140134,0.2808979543333333,2.420923,,True,True,True,0.280789,0.00010895433333329985
10,270,40,500,1,0.5,10_270_40_500_1,accel_gap_double,True,2.140134,0.2808979543333333,2.420923,,True,True,True,0.280789,0.00010895433333329985
10,270,40,500,1,0.5,10_270_40_500_1,aux_gap_half,True,2.140134,0.2808979543333333,2.420923,,True,True,True,0.280789,0.00010895433333329985
10,270,40,500,1,0.5,10_270_40_500_1,aux_gap_double,True,2.140134,0.2808979543333333,2.420923,,True,True,True,0.280789,0.00010895433333329985
10,270,40,1000,0,1.0,10_270_40_1000_0,current,True,2.1316800000000002,0.2991666666666667,2.430775017,,True,True,True,0.299095017,7.164966666667327e-05
10,270,40,1000,0,1.0,10_270_40_1000_0,smoother_11,True,0.659932,1.0996666666666666,1.759588017,,True,True,False,1.099656017,1.0649666666529e-05
10,270,40,1000,0,1.0,10_270_40_1000_0,smoother_31,True,2.071047,0.3288333333333333,2.399747017,,True,True,True,0.328700017,0.00013331633333329984
10,270,40,1000,0,1.0,10_270_40_1000_0,accel_gap_half,True,2.1316800000000002,0.2991666666666667,2.430775017,,True,True,True,0.299095017,7.164966666667327e-05
10,270,40,1000,0,1.0,10_270_40_1000_0,accel_gap_double,True,2.1316800000000002,0.2991666666666667,2.430775017,,True,True,True,0.299095017,7.164966666667327e-05
10,270,40,1000,0,1.0,10_270_40_1000_0,aux_gap_half,True,2.1316800000000002,0.2991666666666667,2.430775017,,True,True,True,0.299095017,7.164966666667327e-05
10,270,40,1000,0,1.0,10_270_40_1000_0,aux_gap_double,True,2.1316800000000002,0.2991666666666667,2.430775017,,True,True,True,0.299095017,7.164966666667327e-05
10,270,40,1000,1,1.0,10_270_40_1000_1,current,True,1.430014,0.9706666666666667,2.400630594,,True,True,True,0.970616594,5.007266666667842e-05
10,270,40,1000,1,1.0,10_270_40_1000_1,smoother_11,True,0.6301529999999999,0.9791666666666666,1.609272594,,True,True,False,0.979119594,4.7072666666592156e-05
10,270,40,1000,1,1.0,10_270_40_1000_1,smoother_31,True,2.031515,0.34933333333333333,2.380685594,,True,True,True,0.349170594,0.00016273933333332824
10,270,40,1000,1,1.0,10_270_40_1000_1,accel_gap_half,True,1.430014,0.9706666666666667,2.400630594,,True,True,True,0.970616594,5.007266666667842e-05
10,270,40,1000,1,1.0,10_270_40_1000_1,accel_gap_double,True,1.430014,0.9706666666666667,2.400630594,,True,True,True,0.970616594,5.007266666667842e-05
10,270,40,1000,1,1.0,10_270_40_1000_1,aux_gap_half,True,1.430014,0.9706666666666667,2.400630594,,True,True,True,0.970616594,5.007266666667842e-05
10,270,40,1000,1,1.0,10_270_40_1000_1,aux_gap_double,True,1.430014,0.9706666666666667,2.400630594,,True,True,True,0.970616594,5.007266666667842e-05
10,315,40,500,0,0.5,10_315_40_500_0,current,True,1.268773,0.28034088966666665,1.549032,,True,True,True,0.280259,8.188966666666797e-05
10,315,40,500,0,0.5,10_315_40_500_0,smoother_11,True,0.488514,0.5513408896666667,1.039739,,True,False,False,0.551225,0.00011588966666675748
10,315,40,500,0,0.5,10_315_40_500_0,smoother_31,True,2.070669,0.3100075563333333,2.380588,,True,True,True,0.309919,8.85563333333228e-05
10,315,40,500,0,0.5,10_315_40_500_0,accel_gap_half,True,1.268773,0.28034088966666665,1.549032,,True,True,True,0.280259,8.188966666666797e-05
10,315,40,500,0,0.5,10_315_40_500_0,accel_gap_double,True,1.268773,0.28034088966666665,1.549032,,True,True,True,0.280259,8.188966666666797e-05
10,315,40,500,0,0.5,10_315_40_500_0,aux_gap_half,True,1.268773,0.28034088966666665,1.549032,,True,True,True,0.280259,8.188966666666797e-05
10,315,40,500,0,0.5,10_315_40_500_0,aux_gap_double,True,1.268773,0.28034088966666665,1.549032,,True,True,True,0.280259,8.188966666666797e-05
10,315,40,500,1,0.5,10_315_40_500_1,current,True,1.1907800000000002,1.2091666666666667,2.39991789,,True,True,True,1.20913789,2.8776666666674444e-05
10,315,40,500,1,0.5,10_315_40_500_1,smoother_11,True,0.7592350000000001,0.4008333333333333,1.15997389,,True,True,False,0.40073889,9.444333333330501e-05
10,315,40,500,1,0.5,10_315_40_500_1,smoother_31,True,2.061173,0.3195,2.38051389,,True,True,True,0.31934089,0.00015911000000001785
10,315,40,500,1,0.5,10_315_40_500_1,accel_gap_half,True,1.1907800000000002,1.2091666666666667,2.39991789,,True,True,True,1.20913789,2.8776666666674444e-05
10,315,40,500,1,0.5,10_315_40_500_1,accel_gap_double,True,1.1907800000000002,1.2091666666666667,2.39991789,,True,True,True,1.20913789,2.8776666666674444e-05
10,315,40,500,1,0.5,10_315_40_500_1,aux_gap_half,True,1.1907800000000002,1.2091666666666667,2.39991789,,True,True,True,1.20913789,2.8776666666674444e-05
10,315,40,500,1,0.5,10_315_40_500_1,aux_gap_double,True,1.1907800000000002,1.2091666666666667,2.39991789,,True,True,True,1.20913789,2.8776666666674444e-05
10,315,40,1000,0,1.0,10_315_40_1000_0,current,True,2.111054,0.3001666666666667,2.411204145,,True,True,True,0.300150145,1.6521666666713397e-05
10,315,40,1000,0,1.0,10_315_40_1000_0,smoother_11,True,0.8589189999999998,1.531,2.389912145,,True,True,False,1.530993145,6.854999999861278e-06
10,315,40,1000,0,1.0,10_315_40_1000_0,smoother_31,True,2.059549,0.32,2.379444145,,True,True,True,0.319895145,0.0001048550000000148
10,315,40,1000,0,1.0,10_315_40_1000_0,accel_gap_half,True,2.111054,0.3001666666666667,2.411204145,,True,True,True,0.300150145,1.6521666666713397e-05
10,315,40,1000,0,1.0,10_315_40_1000_0,accel_gap_double,True,2.111054,0.3001666666666667,2.411204145,,True,True,True,0.300150145,1.6521666666713397e-05
10,315,40,1000,0,1.0,10_315_40_1000_0,aux_gap_half,True,2.111054,0.3001666666666667,2.411204145,,True,True,True,0.300150145,1.6521666666713397e-05
10,315,40,1000,0,1.0,10_315_40_1000_0,aux_gap_double,True,2.111054,0.3001666666666667,2.411204145,,True,True,True,0.300150145,1.6521666666713397e-05
10,315,40,1000,1,1.0,10_315_40_1000_1,current,True,2.120435,0.27952612800000004,2.399889,,True,True,True,0.279454,7.212800000006014e-05
10,315,40,1000,1,1.0,10_315_40_1000_1,smoother_11,True,0.62188,1.6088594613333334,2.230711,,True,True,False,1.608831,2.8461333333451577e-05
10,315,40,1000,1,1.0,10_315_40_1000_1,smoother_31,True,2.0486180000000003,0.320026128,2.368564,,True,True,True,0.319946,8.012800000001263e-05
10,315,40,1000,1,1.0,10_315_40_1000_1,accel_gap_half,True,2.120435,0.27952612800000004,2.399889,,True,True,True,0.279454,7.212800000006014e-05
10,315,40,1000,1,1.0,10_315_40_1000_1,accel_gap_double,True,2.120435,0.27952612800000004,2.399889,,True,True,True,0.279454,7.212800000006014e-05
10,315,40,1000,1,1.0,10_315_40_1000_1,aux_gap_half,True,2.120435,0.27952612800000004,2.399889,,True,True,True,0.279454,7.212800000006014e-05
10,315,40,1000,1,1.0,10_315_40_1000_1,aux_gap_double,True,2.120435,0.27952612800000004,2.399889,,True,True,True,0.279454,7.212800000006014e-05
10,45,50,500,0,0.5,10_45_50_500_0,current,True,1.667445,0.32127655466666666,1.988569,,True,True,True,0.321124,0.00015255466666663775
10,45,50,500,0,0.5,10_45_50_500_0,smoother_11,True,0.4910740000000001,0.5597765546666666,1.050685,,True,False,False,0.559611,0.0001655546666666785
10,45,50,500,0,0.5,10_45_50_500_0,smoother_31,True,1.6099999999999999,0.3502765546666667,1.960251,,True,True,True,0.350251,2.5554666666705028e-05
10,45,50,500,0,0.5,10_45_50_500_0,accel_gap_half,True,1.667445,0.32127655466666666,1.988569,,True,True,True,0.321124,0.00015255466666663775
10,45,50,500,0,0.5,10_45_50_500_0,accel_gap_double,True,1.667445,0.32127655466666666,1.988569,,True,True,True,0.321124,0.00015255466666663775
10,45,50,500,0,0.5,10_45_50_500_0,aux_gap_half,True,1.667445,0.32127655466666666,1.988569,,True,True,True,0.321124,0.00015255466666663775
10,45,50,500,0,0.5,10_45_50_500_0,aux_gap_double,True,1.667445,0.32127655466666666,1.988569,,True,True,True,0.321124,0.00015255466666663775
10,45,50,500,1,0.5,10_45_50_500_1,current,True,1.661919,0.309547659,1.97138,,True,True,True,0.309461,8.665899999998894e-05
10,45,50,500,1,0.5,10_45_50_500_1,smoother_11,True,0.39972300000000005,0.8405476590000001,1.240231,,True,False,False,0.840508,3.96590000000252e-05
10,45,50,500,1,0.5,10_45_50_500_1,smoother_31,True,1.599439,0.3498809923333333,1.949216,,True,True,True,0.349777,0.0001039923333333026
10,45,50,500,1,0.5,10_45_50_500_1,accel_gap_half,True,1.661919,0.309547659,1.97138,,True,True,True,0.309461,8.665899999998894e-05
10,45,50,500,1,0.5,10_45_50_500_1,accel_gap_double,True,1.661919,0.309547659,1.97138,,True,True,True,0.309461,8.665899999998894e-05
10,45,50,500,1,0.5,10_45_50_500_1,aux_gap_half,True,1.661919,0.309547659,1.97138,,True,True,True,0.309461,8.665899999998894e-05
10,45,50,500,1,0.5,10_45_50_500_1,aux_gap_double,True,1.661919,0.309547659,1.97138,,True,True,True,0.309461,8.665899999998894e-05
10,45,50,1000,0,1.0,10_45_50_1000_0,current,True,1.660165,0.3095,1.969555483,,True,True,True,0.309390483,0.00010951700000000342
10,45,50,1000,0,1.0,10_45_50_1000_0,smoother_11,True,1.0888550000000001,0.9106666666666666,1.999362483,,True,True,True,0.910507483,0.0001591836666666735
10,45,50,1000,0,1.0,10_45_50_1000_0,smoother_31,True,1.6078459999999999,0.3411666666666667,1.948939483,,True,True,True,0.341093483,7.318366666669851e-05
10,45,50,1000,0,1.0,10_45_50_1000_0,accel_gap_half,True,1.660165,0.3095,1.969555483,,True,True,True,0.309390483,0.00010951700000000342
10,45,50,1000,0,1.0,10_45_50_1000_0,accel_gap_double,True,1.660165,0.3095,1.969555483,,True,True,True,0.309390483,0.00010951700000000342
10,45,50,1000,0,1.0,10_45_50_1000_0,aux_gap_half,True,1.660165,0.3095,1.969555483,,True,True,True,0.309390483,0.00010951700000000342
10,45,50,1000,0,1.0,10_45_50_1000_0,aux_gap_double,True,1.660165,0.3095,1.969555483,,True,True,True,0.309390483,0.00010951700000000342
10,45,50,1000,1,1.0,10_45_50_1000_1,current,True,1.671224,0.2894034223333333,1.960584,,True,True,True,0.28936,4.342233333332057e-05
10,45,50,1000,1,1.0,10_45_50_1000_1,smoother_11,True,0.950509,0.5392367556666667,1.48963,,True,True,False,0.539121,0.0001157556666667725
10,45,50,1000,1,1.0,10_45_50_1000_1,smoother_31,True,1.609785,0.320070089,1.929724,,True,True,True,0.319939,0.00013108900000002865
10,45,50,1000,1,1.0,10_45_50_1000_1,accel_gap_half,True,1.671224,0.2894034223333333,1.960584,,True,True,True,0.28936,4.342233333332057e-05
10,45,50,1000,1,1.0,10_45_50_1000_1,accel_gap_double,True,1.671224,0.2894034223333333,1.960584,,True,True,True,0.28936,4.342233333332057e-05
10,45,50,1000,1,1.0,10_45_50_1000_1,aux_gap_half,True,1.671224,0.2894034223333333,1.960584,,True,True,True,0.28936,4.342233333332057e-05
10,45,50,1000,1,1.0,10_45_50_1000_1,aux_gap_double,True,1.671224,0.2894034223333333,1.960584,,True,True,True,0.28936,4.342233333332057e-05
10,90,50,1000,0,1.0,10_90_50_1000_0,current,True,0.978517,0.981,1.959384016,,True,True,False,0.980867016,0.00013298399999994714
10,90,50,1000,0,1.0,10_90_50_1000_0,smoother_11,True,0.800393,0.9908333333333333,1.791226016,,True,True,False,0.990833016,3.173333333883477e-07
10,90,50,1000,0,1.0,10_90_50_1000_0,smoother_31,True,1.589612,0.35083333333333333,1.940317016,,True,True,True,0.350705016,0.00012831733333334983
10,90,50,1000,0,1.0,10_90_50_1000_0,accel_gap_half,True,0.978517,0.981,1.959384016,,True,True,False,0.980867016,0.00013298399999994714
10,90,50,1000,0,1.0,10_90_50_1000_0,accel_gap_double,True,0.978517,0.981,1.959384016,,True,True,False,0.980867016,0.00013298399999994714
10,90,50,1000,0,1.0,10_90_50_1000_0,aux_gap_half,True,0.978517,0.981,1.959384016,,True,True,False,0.980867016,0.00013298399999994714
10,90,50,1000,0,1.0,10_90_50_1000_0,aux_gap_double,True,0.978517,0.981,1.959384016,,True,True,False,0.980867016,0.00013298399999994714
10,90,50,1000,1,1.0,10_90_50_1000_1,current,True,1.669603,0.2896666666666667,1.959133916,,True,True,True,0.289530916,0.00013575066666665636
10,90,50,1000,1,1.0,10_90_50_1000_1,smoother_11,True,1.0807259999999999,0.909,1.989701916,,True,True,True,0.908975916,2.4083999999979788e-05
10,90,50,1000,1,1.0,10_90_50_1000_1,smoother_31,True,1.60066,0.31933333333333336,1.919970916,,True,True,True,0.319310916,2.2417333333357714e-05
10,90,50,1000,1,1.0,10_90_50_1000_1,accel_gap_half,True,1.669603,0.2896666666666667,1.959133916,,True,True,True,0.289530916,0.00013575066666665636
10,90,50,1000,1,1.0,10_90_50_1000_1,accel_gap_double,True,1.669603,0.2896666666666667,1.959133916,,True,True,True,0.289530916,0.00013575066666665636
10,90,50,1000,1,1.0,10_90_50_1000_1,aux_gap_half,True,1.669603,0.2896666666666667,1.959133916,,True,True,True,0.289530916,0.00013575066666665636
10,90,50,1000,1,1.0,10_90_50_1000_1,aux_gap_double,True,1.669603,0.2896666666666667,1.959133916,,True,True,True,0.289530916,0.00013575066666665636
10,135,50,500,0,0.5,10_135_50_500_0,current,True,1.669075,0.31033333333333335,1.979385216,,True,True,True,0.310310216,2.3117333333322332e-05
10,135,50,500,0,0.5,10_135_50_500_0,smoother_11,True,0.899362,0.48983333333333334,1.389098216,,True,True,False,0.489736216,9.711733333334083e-05
10,135,50,500,0,0.5,10_135_50_500_0,smoother_31,True,1.598994,0.34,1.938893216,,True,True,True,0.339899216,0.00010078400000002041
10,135,50,500,0,0.5,10_135_50_500_0,accel_gap_half,True,1.669075,0.31033333333333335,1.979385216,,True,True,True,0.310310216,2.3117333333322332e-05
10,135,50,500,0,0.5,10_135_50_500_0,accel_gap_double,True,1.669075,0.31033333333333335,1.979385216,,True,True,True,0.310310216,2.3117333333322332e-05
10,135,50,500,0,0.5,10_135_50_500_0,aux_gap_half,True,1.669075,0.31033333333333335,1.979385216,,True,True,True,0.310310216,2.3117333333322332e-05
10,135,50,500,0,0.5,10_135_50_500_0,aux_gap_double,True,1.669075,0.31033333333333335,1.979385216,,True,True,True,0.310310216,2.3117333333322332e-05
10,135,50,500,1,0.5,10_135_50_500_1,current,True,1.408374,0.3001666666666667,1.708459379,,True,True,True,0.300085379,8.128766666670728e-05
10,135,50,500,1,0.5,10_135_50_500_1,smoother_11,True,1.080359,0.6193333333333333,1.699595379,,True,True,True,0.619236379,9.695433333334336e-05
10,135,50,500,1,0.5,10_135_50_500_1,smoother_31,True,1.618794,0.3303333333333333,1.948992379,,True,True,True,0.330198379,0.00013495433333332585
10,135,50,500,1,0.5,10_135_50_500_1,accel_gap_half,True,1.408374,0.3001666666666667,1.708459379,,True,True,True,0.300085379,8.128766666670728e-05
10,135,50,500,1,0.5,10_135_50_500_1,accel_gap_double,True,1.408374,0.3001666666666667,1.708459379,,True,True,True,0.300085379,8.128766666670728e-05
10,135,50,500,1,0.5,10_135_50_500_1,aux_gap_half,True,1.408374,0.3001666666666667,1.708459379,,True,True,True,0.300085379,8.128766666670728e-05
10,135,50,500,1,0.5,10_135_50_500_1,aux_gap_double,True,1.408374,0.3001666666666667,1.708459379,,True,True,True,0.300085379,8.128766666670728e-05
10,135,50,1000,0,1.0,10_135_50_1000_0,current,True,1.677864,0.2908981373333333,1.968719,,True,True,True,0.290855,4.3137333333331807e-05
10,135,50,1000,0,1.0,10_135_50_1000_0,smoother_11,True,0.5203580000000001,0.260564804,0.780846,,True,True,False,0.260488,7.680399999998588e-05
10,135,50,1000,0,1.0,10_135_50_1000_0,smoother_31,True,1.621053,0.31989813733333333,1.940927,,True,True,True,0.319874,2.413733333334056e-05
10,135,50,1000,0,1.0,10_135_50_1000_0,accel_gap_half,True,1.677864,0.2908981373333333,1.968719,,True,True,True,0.290855,4.3137333333331807e-05
10,135,50,1000,0,1.0,10_135_50_1000_0,accel_gap_double,True,1.677864,0.2908981373333333,1.968719,,True,True,True,0.290855,4.3137333333331807e-05
10,135,50,1000,0,1.0,10_135_50_1000_0,aux_gap_half,True,1.677864,0.2908981373333333,1.968719,,True,True,True,0.290855,4.3137333333331807e-05
10,135,50,1000,0,1.0,10_135_50_1000_0,aux_gap_double,True,1.677864,0.2908981373333333,1.968719,,True,True,True,0.290855,4.3137333333331807e-05
10,135,50,1000,1,1.0,10_135_50_1000_1,current,True,1.667965,0.3011669846666667,1.969123,,True,True,True,0.301158,8.984666666711494e-06
10,135,50,1000,1,1.0,10_135_50_1000_1,smoother_11,True,0.74999,0.8203336513333334,1.570229,,True,True,False,0.820239,9.465133333330655e-05
10,135,50,1000,1,1.0,10_135_50_1000_1,smoother_31,True,1.588259,0.3406669846666667,1.928852,,True,True,True,0.340593,7.398466666669323e-05
10,135,50,1000,1,1.0,10_135_50_1000_1,accel_gap_half,True,1.667965,0.3011669846666667,1.969123,,True,True,True,0.301158,8.984666666711494e-06
10,135,50,1000,1,1.0,10_135_50_1000_1,accel_gap_double,True,1.667965,0.3011669846666667,1.969123,,True,True,True,0.301158,8.984666666711494e-06
10,135,50,1000,1,1.0,10_135_50_1000_1,aux_gap_half,True,1.667965,0.3011669846666667,1.969123,,True,True,True,0.301158,8.984666666711494e-06
10,135,50,1000,1,1.0,10_135_50_1000_1,aux_gap_double,True,1.667965,0.3011669846666667,1.969123,,True,True,True,0.301158,8.984666666711494e-06
10,180,50,500,0,0.5,10_180_50_500_0,current,True,1.6507370000000001,0.2905,1.941141599,,True,True,True,0.290404599,9.540099999999496e-05
10,180,50,500,0,0.5,10_180_50_500_0,smoother_11,True,1.208192,0.7508333333333334,1.958913599,,True,True,True,0.750721599,0.00011173433333333538
10,180,50,500,0,0.5,10_180_50_500_0,smoother_31,True,1.589107,0.33066666666666666,1.919759599,,True,True,True,0.330652599,1.4067666666672807e-05
10,180,50,500,0,0.5,10_180_50_500_0,accel_gap_half,True,1.6507370000000001,0.2905,1.941141599,,True,True,True,0.290404599,9.540099999999496e-05
10,180,50,500,0,0.5,10_180_50_500_0,accel_gap_double,True,1.6507370000000001,0.2905,1.941141599,,True,True,True,0.290404599,9.540099999999496e-05
10,180,50,500,0,0.5,10_180_50_500_0,aux_gap_half,True,1.6507370000000001,0.2905,1.941141599,,True,True,True,0.290404599,9.540099999999496e-05
10,180,50,500,0,0.5,10_180_50_500_0,aux_gap_double,True,1.6507370000000001,0.2905,1.941141599,,True,True,True,0.290404599,9.540099999999496e-05
10,180,50,500,1,0.5,10_180_50_500_1,current,True,1.659357,0.3103938193333334,1.969705,,True,True,True,0.310348,4.581933333336341e-05
10,180,50,500,1,0.5,10_180_50_500_1,smoother_11,True,0.5790820000000001,0.3103938193333334,0.88943,,True,True,False,0.310348,4.581933333336341e-05
10,180,50,500,1,0.5,10_180_50_500_1,smoother_31,True,1.599453,0.33989381933333335,1.939206,,True,True,True,0.339753,0.00014081933333331964
10,180,50,500,1,0.5,10_180_50_500_1,accel_gap_half,True,1.659357,0.3103938193333334,1.969705,,True,True,True,0.310348,4.581933333336341e-05
10,180,50,500,1,0.5,10_180_50_500_1,accel_gap_double,True,1.659357,0.3103938193333334,1.969705,,True,True,True,0.310348,4.581933333336341e-05
10,180,50,500,1,0.5,10_180_50_500_1,aux_gap_half,True,1.659357,0.3103938193333334,1.969705,,True,True,True,0.310348,4.581933333336341e-05
10,180,50,500,1,0.5,10_180_50_500_1,aux_gap_double,True,1.659357,0.3103938193333334,1.969705,,True,True,True,0.310348,4.581933333336341e-05
10,180,50,1000,0,1.0,10_180_50_1000_0,current,True,1.670536,0.2795,1.949916709,,True,True,True,0.279380709,0.00011929100000002135
10,180,50,1000,0,1.0,10_180_50_1000_0,smoother_11,True,0.3806149999999999,1.3398333333333334,1.720355709,,True,False,False,1.339740709,9.262433333345754e-05
10,180,50,1000,0,1.0,10_180_50_1000_0,smoother_31,True,1.599937,0.32066666666666666,1.920515709,,True,True,True,0.320578709,8.795766666663818e-05
10,180,50,1000,0,1.0,10_180_50_1000_0,accel_gap_half,True,1.670536,0.2795,1.949916709,,True,True,True,0.279380709,0.00011929100000002135
10,180,50,1000,0,1.0,10_180_50_1000_0,accel_gap_double,True,1.670536,0.2795,1.949916709,,True,True,True,0.279380709,0.00011929100000002135
10,180,50,1000,0,1.0,10_180_50_1000_0,aux_gap_half,True,1.670536,0.2795,1.949916709,,True,True,True,0.279380709,0.00011929100000002135
10,180,50,1000,0,1.0,10_180_50_1000_0,aux_gap_double,True,1.670536,0.2795,1.949916709,,True,True,True,0.279380709,0.00011929100000002135
10,180,50,1000,1,1.0,10_180_50_1000_1,current,True,1.649377,0.31016666666666665,1.959540778,,True,True,True,0.310163778,2.888666666645001e-06
10,180,50,1000,1,1.0,10_180_50_1000_1,smoother_11,True,1.450221,0.27016666666666667,1.720268778,,True,True,True,0.270047778,0.00011888866666664999
10,180,50,1000,1,1.0,10_180_50_1000_1,smoother_31,True,1.589532,0.341,1.930407778,,True,True,True,0.340875778,0.00012422200000000716
10,180,50,1000,1,1.0,10_180_50_1000_1,accel_gap_half,True,1.649377,0.31016666666666665,1.959540778,,True,True,True,0.310163778,2.888666666645001e-06
10,180,50,1000,1,1.0,10_180_50_1000_1,accel_gap_double,True,1.649377,0.31016666666666665,1.959540778,,True,True,True,0.310163778,2.888666666645001e-06
10,180,50,1000,1,1.0,10_180_50_1000_1,aux_gap_half,True,1.649377,0.31016666666666665,1.959540778,,True,True,True,0.310163778,2.888666666645001e-06
10,180,50,1000,1,1.0,10_180_50_1000_1,aux_gap_double,True,1.649377,0.31016666666666665,1.959540778,,True,True,True,0.310163778,2.888666666645001e-06
10,225,50,500,0,0.5,10_225_50_500_0,current,True,0.990282,0.2993884233333333,1.289655,,True,True,False,0.299373,1.54233333333198e-05
10,225,50,500,0,0.5,10_225_50_500_0,smoother_11,True,0.558684,1.3303884233333334,1.888911,,True,True,False,1.330227,0.0001614233333333548
10,225,50,500,0,0.5,10_225_50_500_0,smoother_31,True,1.600571,0.3288884233333333,1.929326,,True,True,True,0.328755,0.00013342333333327128
10,225,50,500,0,0.5,10_225_50_500_0,accel_gap_half,True,0.990282,0.2993884233333333,1.289655,,True,True,False,0.299373,1.54233333333198e-05
10,225,50,500,0,0.5,10_225_50_500_0,accel_gap_double,True,0.990282,0.2993884233333333,1.289655,,True,True,False,0.299373,1.54233333333198e-05
10,225,50,500,0,0.5,10_225_50_500_0,aux_gap_half,True,0.990282,0.2993884233333333,1.289655,,True,True,False,0.299373,1.54233333333198e-05
10,225,50,500,0,0.5,10_225_50_500_0,aux_gap_double,True,0.990282,0.2993884233333333,1.289655,,True,True,False,0.299373,1.54233333333198e-05
10,225,50,500,1,0.5,10_225_50_500_1,current,True,1.000995,0.30921141466666663,1.310128,,True,True,True,0.309133,7.841466666663743e-05
10,225,50,500,1,0.5,10_225_50_500_1,smoother_11,True,0.5406059999999999,0.7592114146666666,1.29981,,True,True,False,0.759204,7.414666666649694e-06
10,225,50,500,1,0.5,10_225_50_500_1,smoother_31,True,1.6004809999999998,0.3398780813333333,1.940197,,True,True,True,0.339716,0.000162081333333286
10,225,50,500,1,0.5,10_225_50_500_1,accel_gap_half,True,1.000995,0.30921141466666663,1.310128,,True,True,True,0.309133,7.841466666663743e-05
10,225,50,500,1,0.5,10_225_50_500_1,accel_gap_double,True,1.000995,0.30921141466666663,1.310128,,True,True,True,0.309133,7.841466666663743e-05
10,225,50,500,1,0.5,10_225_50_500_1,aux_gap_half,True,1.000995,0.30921141466666663,1.310128,,True,True,True,0.309133,7.841466666663743e-05
10,225,50,500,1,0.5,10_225_50_500_1,aux_gap_double,True,1.000995,0.30921141466666663,1.310128,,True,True,True,0.309133,7.841466666663743e-05
10,225,50,1000,0,1.0,10_225_50_1000_0,current,True,1.661368,0.299508605,1.960713,,True,True,True,0.299345,0.0001636049999999556
10,225,50,1000,0,1.0,10_225_50_1000_0,smoother_11,True,0.4704569999999999,1.2301752716666667,1.700548,,True,False,False,1.230091,8.427166666669095e-05
10,225,50,1000,0,1.0,10_225_50_1000_0,smoother_31,True,1.599995,0.329508605,1.929467,,True,True,True,0.329472,3.660500000002287e-05
10,225,50,1000,0,1.0,10_225_50_1000_0,accel_gap_half,True,1.661368,0.299508605,1.960713,,True,True,True,0.299345,0.0001636049999999556
10,225,50,1000,0,1.0,10_225_50_1000_0,accel_gap_double,True,1.661368,0.299508605,1.960713,,True,True,True,0.299345,0.0001636049999999556
10,225,50,1000,0,1.0,10_225_50_1000_0,aux_gap_half,True,1.661368,0.299508605,1.960713,,True,True,True,0.299345,0.0001636049999999556
10,225,50,1000,0,1.0,10_225_50_1000_0,aux_gap_double,True,1.661368,0.299508605,1.960713,,True,True,True,0.299345,0.0001636049999999556
10,225,50,1000,1,1.0,10_225_50_1000_1,current,True,1.63916,0.331,1.970024676,,True,True,True,0.330864676,0.00013532399999999223
10,225,50,1000,1,1.0,10_225_50_1000_1,smoother_11,True,0.2510429999999999,1.09,1.340887676,,True,False,False,1.089844676,0.00015532400000006774
10,225,50,1000,1,1.0,10_225_50_1000_1,smoother_31,True,1.5987689999999999,0.331,1.929633676,,True,True,True,0.330864676,0.00013532399999999223
10,225,50,1000,1,1.0,10_225_50_1000_1,accel_gap_half,True,1.63916,0.331,1.970024676,,True,True,True,0.330864676,0.00013532399999999223
10,225,50,1000,1,1.0,10_225_50_1000_1,accel_gap_double,True,1.63916,0.331,1.970024676,,True,True,True,0.330864676,0.00013532399999999223
10,225,50,1000,1,1.0,10_225_50_1000_1,aux_gap_half,True,1.63916,0.331,1.970024676,,True,True,True,0.330864676,0.00013532399999999223
10,225,50,1000,1,1.0,10_225_50_1000_1,aux_gap_double,True,1.63916,0.331,1.970024676,,True,True,True,0.330864676,0.00013532399999999223
10,270,50,500,0,0.5,10_270_50_500_0,current,True,1.6519679999999999,0.30933333333333335,1.961150502,,True,True,True,0.309182502,0.00015083133333332333
10,270,50,500,0,0.5,10_270_50_500_0,smoother_11,True,1.249014,0.2708333333333333,1.519768502,,True,True,True,0.270754502,7.883133333330683e-05
10,270,50,500,0,0.5,10_270_50_500_0,smoother_31,True,1.579377,0.3408333333333333,1.920072502,,True,True,True,0.340695502,0.00013783133333333808
10,270,50,500,0,0.5,10_270_50_500_0,accel_gap_half,True,1.6519679999999999,0.30933333333333335,1.961150502,,True,True,True,0.309182502,0.00015083133333332333
10,270,50,500,0,0.5,10_270_50_500_0,accel_gap_double,True,1.6519679999999999,0.30933333333333335,1.961150502,,True,True,True,0.309182502,0.00015083133333332333
10,270,50,500,0,0.5,10_270_50_500_0,aux_gap_half,True,1.6519679999999999,0.30933333333333335,1.961150502,,True,True,True,0.309182502,0.00015083133333332333
10,270,50,500,0,0.5,10_270_50_500_0,aux_gap_double,True,1.6519679999999999,0.30933333333333335,1.961150502,,True,True,True,0.309182502,0.00015083133333332333
10,270,50,500,1,0.5,10_270_50_500_1,current,True,1.3407900000000001,0.29951834499999996,1.6402,,True,True,True,0.29941,0.00010834499999995417
10,270,50,500,1,0.5,10_270_50_500_1,smoother_11,True,1.249796,0.2698516783333333,1.519623,,True,True,True,0.269827,2.4678333333305602e-05
10,270,50,500,1,0.5,10_270_50_500_1,smoother_31,True,1.588425,0.341018345,1.929315,,True,True,True,0.34089,0.00012834499999997417
10,270,50,500,1,0.5,10_270_50_500_1,accel_gap_half,True,1.3407900000000001,0.29951834499999996,1.6402,,True,True,True,0.29941,0.00010834499999995417
10,270,50,500,1,0.5,10_270_50_500_1,accel_gap_double,True,1.3407900000000001,0.29951834499999996,1.6402,,True,True,True,0.29941,0.00010834499999995417
10,270,50,500,1,0.5,10_270_50_500_1,aux_gap_half,True,1.3407900000000001,0.29951834499999996,1.6402,,True,True,True,0.29941,0.00010834499999995417
10,270,50,500,1,0.5,10_270_50_500_1,aux_gap_double,True,1.3407900000000001,0.29951834499999996,1.6402,,True,True,True,0.29941,0.00010834499999995417
10,270,50,1000,0,1.0,10_270_50_1000_0,current,True,1.659426,0.2901691456666667,1.949535,,True,True,True,0.290109,6.0145666666677755e-05
10,270,50,1000,0,1.0,10_270_50_1000_0,smoother_11,True,0.510647,0.7800024790000001,1.290495,,True,True,False,0.779848,0.00015447900000009618
10,270,50,1000,0,1.0,10_270_50_1000_0,smoother_31,True,1.590415,0.320002479,1.910343,,True,True,True,0.319928,7.447900000001617e-05
10,270,50,1000,0,1.0,10_270_50_1000_0,accel_gap_half,True,1.659426,0.2901691456666667,1.949535,,True,True,True,0.290109,6.0145666666677755e-05
10,270,50,1000,0,1.0,10_270_50_1000_0,accel_gap_double,True,1.659426,0.2901691456666667,1.949535,,True,True,True,0.290109,6.0145666666677755e-05
10,270,50,1000,0,1.0,10_270_50_1000_0,aux_gap_half,True,1.659426,0.2901691456666667,1.949535,,True,True,True,0.290109,6.0145666666677755e-05
10,270,50,1000,0,1.0,10_270_50_1000_0,aux_gap_double,True,1.659426,0.2901691456666667,1.949535,,True,True,True,0.290109,6.0145666666677755e-05
10,270,50,1000,1,1.0,10_270_50_1000_1,current,True,1.619003,0.33008247500000004,1.949026,,True,True,True,0.330023,5.947500000003103e-05
10,270,50,1000,1,1.0,10_270_50_1000_1,smoother_11,True,0.7003209999999999,0.7397491416666667,1.440068,,True,True,False,0.739747,2.1416666666773665e-06
10,270,50,1000,1,1.0,10_270_50_1000_1,smoother_31,True,1.590857,0.33008247500000004,1.92088,,True,True,True,0.330023,5.947500000003103e-05
10,270,50,1000,1,1.0,10_270_50_1000_1,accel_gap_half,True,1.619003,0.33008247500000004,1.949026,,True,True,True,0.330023,5.947500000003103e-05
10,270,50,1000,1,1.0,10_270_50_1000_1,accel_gap_double,True,1.619003,0.33008247500000004,1.949026,,True,True,True,0.330023,5.947500000003103e-05
10,270,50,1000,1,1.0,10_270_50_1000_1,aux_gap_half,True,1.619003,0.33008247500000004,1.949026,,True,True,True,0.330023,5.947500000003103e-05
10,270,50,1000,1,1.0,10_270_50_1000_1,aux_gap_double,True,1.619003,0.33008247500000004,1.949026,,True,True,True,0.330023,5.947500000003103e-05
10,315,50,500,0,0.5,10_315_50_500_0,current,True,1.338297,0.6306666666666667,1.968913794,,True,True,True,0.630616794,4.987266666667267e-05
10,315,50,500,0,0.5,10_315_50_500_0,smoother_11,True,0.5993060000000001,1.1398333333333333,1.739059794,,True,True,False,1.139753794,7.953933333326724e-05
10,315,50,500,0,0.5,10_315_50_500_0,smoother_31,True,1.620424,0.31966666666666665,1.939990794,,True,True,True,0.319566794,9.987266666666716e-05
10,315,50,500,0,0.5,10_315_50_500_0,accel_gap_half,True,1.338297,0.6306666666666667,1.968913794,,True,True,True,0.630616794,4.987266666667267e-05
10,315,50,500,0,0.5,10_315_50_500_0,accel_gap_double,True,1.338297,0.6306666666666667,1.968913794,,True,True,True,0.630616794,4.987266666667267e-05
10,315,50,500,0,0.5,10_315_50_500_0,aux_gap_half,True,1.338297,0.6306666666666667,1.968913794,,True,True,True,0.630616794,4.987266666667267e-05
10,315,50,500,0,0.5,10_315_50_500_0,aux_gap_double,True,1.338297,0.6306666666666667,1.968913794,,True,True,True,0.630616794,4.987266666667267e-05
10,315,50,500,1,0.5,10_315_50_500_1,current,True,1.66909,0.291,1.959929789,,True,True,True,0.290839789,0.00016021099999996569
10,315,50,500,1,0.5,10_315_50_500_1,smoother_11,True,0.549058,0.49083333333333334,1.039887789,,True,True,False,0.490829789,3.5443333333273763e-06
10,315,50,500,1,0.5,10_315_50_500_1,smoother_31,True,1.6007259999999999,0.32966666666666666,1.930324789,,True,True,True,0.329598789,6.787766666666029e-05
10,315,50,500,1,0.5,10_315_50_500_1,accel_gap_half,True,1.66909,0.291,1.959929789,,True,True,True,0.290839789,0.00016021099999996569
10,315,50,500,1,0.5,10_315_50_500_1,accel_gap_double,True,1.66909,0.291,1.959929789,,True,True,True,0.290839789,0.00016021099999996569
10,315,50,500,1,0.5,10_315_50_500_1,aux_gap_half,True,1.66909,0.291,1.959929789,,True,True,True,0.290839789,0.00016021099999996569
10,315,50,500,1,0.5,10_315_50_500_1,aux_gap_double,True,1.66909,0.291,1.959929789,,True,True,True,0.290839789,0.00016021099999996569
10,315,50,1000,0,1.0,10_315_50_1000_0,current,True,1.6098379999999999,0.30057476499999997,1.910375,,True,True,True,0.300537,3.776499999996741e-05
10,315,50,1000,0,1.0,10_315_50_1000_0,smoother_11,True,0.6813279999999999,1.239074765,1.920323,,True,True,False,1.238995,7.97649999999539e-05
10,315,50,1000,0,1.0,10_315_50_1000_0,smoother_31,True,1.591668,0.32874143166666664,1.920323,,True,True,True,0.328655,8.643166666666424e-05
10,315,50,1000,0,1.0,10_315_50_1000_0,accel_gap_half,True,1.6098379999999999,0.30057476499999997,1.910375,,True,True,True,0.300537,3.776499999996741e-05
10,315,50,1000,0,1.0,10_315_50_1000_0,accel_gap_double,True,1.6098379999999999,0.30057476499999997,1.910375,,True,True,True,0.300537,3.776499999996741e-05
10,315,50,1000,0,1.0,10_315_50_1000_0,aux_gap_half,True,1.6098379999999999,0.30057476499999997,1.910375,,True,True,True,0.300537,3.776499999996741e-05
10,315,50,1000,0,1.0,10_315_50_1000_0,aux_gap_double,True,1.6098379999999999,0.30057476499999997,1.910375,,True,True,True,0.300537,3.776499999996741e-05
10,315,50,1000,1,1.0,10_315_50_1000_1,current,True,1.670242,0.30033333333333334,1.970560702,,True,True,True,0.300318702,1.4631333333348095e-05
10,315,50,1000,1,1.0,10_315_50_1000_1,smoother_11,True,0.5403509999999999,0.8605,1.400827702,,True,True,False,0.860476702,2.3298000000004926e-05
10,315,50,1000,1,1.0,10_315_50_1000_1,smoother_31,True,1.610303,0.3305,1.940786702,,True,True,True,0.330483702,1.629800000002568e-05
10,315,50,1000,1,1.0,10_315_50_1000_1,accel_gap_half,True,1.670242,0.30033333333333334,1.970560702,,True,True,True,0.300318702,1.4631333333348095e-05
10,315,50,1000,1,1.0,10_315_50_1000_1,accel_gap_double,True,1.670242,0.30033333333333334,1.970560702,,True,True,True,0.300318702,1.4631333333348095e-05
10,315,50,1000,1,1.0,10_315_50_1000_1,aux_gap_half,True,1.670242,0.30033333333333334,1.970560702,,True,True,True,0.300318702,1.4631333333348095e-05
10,315,50,1000,1,1.0,10_315_50_1000_1,aux_gap_double,True,1.670242,0.30033333333333334,1.970560702,,True,True,True,0.300318702,1.4631333333348095e-05
10,0,60,500,0,0.5,10_0_60_500_0,current,True,1.3598910000000002,0.30977838066666663,1.669591,,True,True,True,0.3097,7.838066666665533e-05
10,0,60,500,0,0.5,10_0_60_500_0,smoother_11,True,0.830275,0.2794450473333333,1.109575,,True,True,False,0.2793,0.00014504733333331465
10,0,60,500,0,0.5,10_0_60_500_0,smoother_31,True,1.31929,0.3304450473333333,1.649635,,True,True,True,0.330345,0.0001000473333332974
10,0,60,500,0,0.5,10_0_60_500_0,accel_gap_half,True,1.3598910000000002,0.30977838066666663,1.669591,,True,True,True,0.3097,7.838066666665533e-05
10,0,60,500,0,0.5,10_0_60_500_0,accel_gap_double,True,1.3598910000000002,0.30977838066666663,1.669591,,True,True,True,0.3097,7.838066666665533e-05
10,0,60,500,0,0.5,10_0_60_500_0,aux_gap_half,True,1.3598910000000002,0.30977838066666663,1.669591,,True,True,True,0.3097,7.838066666665533e-05
10,0,60,500,0,0.5,10_0_60_500_0,aux_gap_double,True,1.3598910000000002,0.30977838066666663,1.669591,,True,True,True,0.3097,7.838066666665533e-05
10,0,60,500,1,0.5,10_0_60_500_1,current,True,1.350671,0.31,1.660532636,,True,True,True,0.309861636,0.00013836400000000193
10,0,60,500,1,0.5,10_0_60_500_1,smoother_11,True,0.8201330000000001,0.8693333333333333,1.689348636,,True,True,False,0.869215636,0.0001176973333333331
10,0,60,500,1,0.5,10_0_60_500_1,smoother_31,True,1.289151,0.3405,1.629542636,,True,True,True,0.340391636,0.00010836400000002744
10,0,60,500,1,0.5,10_0_60_500_1,accel_gap_half,True,1.350671,0.31,1.660532636,,True,True,True,0.309861636,0.00013836400000000193
10,0,60,500,1,0.5,10_0_60_500_1,accel_gap_double,True,1.350671,0.31,1.660532636,,True,True,True,0.309861636,0.00013836400000000193
10,0,60,500,1,0.5,10_0_60_500_1,aux_gap_half,True,1.350671,0.31,1.660532636,,True,True,True,0.309861636,0.00013836400000000193
10,0,60,500,1,0.5,10_0_60_500_1,aux_gap_double,True,1.350671,0.31,1.660532636,,True,True,True,0.309861636,0.00013836400000000193
10,0,60,1000,0,1.0,10_0_60_1000_0,current,True,1.020162,0.6900406619999999,1.710112,,True,True,True,0.68995,9.06619999999636e-05
10,0,60,1000,0,1.0,10_0_60_1000_0,smoother_11,True,0.6206479999999999,1.1293739953333333,1.749879,,True,True,False,1.129231,0.0001429953333331735
10,0,60,1000,0,1.0,10_0_60_1000_0,smoother_31,True,1.319133,0.38054066200000003,1.699638,,True,True,True,0.380505,3.566200000004738e-05
10,0,60,1000,0,1.0,10_0_60_1000_0,accel_gap_half,True,1.020162,0.6900406619999999,1.710112,,True,True,True,0.68995,9.06619999999636e-05
10,0,60,1000,0,1.0,10_0_60_1000_0,accel_gap_double,True,1.020162,0.6900406619999999,1.710112,,True,True,True,0.68995,9.06619999999636e-05
10,0,60,1000,0,1.0,10_0_60_1000_0,aux_gap_half,True,1.020162,0.6900406619999999,1.710112,,True,True,True,0.68995,9.06619999999636e-05
10,0,60,1000,0,1.0,10_0_60_1000_0,aux_gap_double,True,1.020162,0.6900406619999999,1.710112,,True,True,True,0.68995,9.06619999999636e-05
10,0,60,1000,1,1.0,10_0_60_1000_1,current,True,0.8102250000000001,0.3308561473333333,1.141018,,True,True,False,0.330793,6.314733333329103e-05
10,0,60,1000,1,1.0,10_0_60_1000_1,smoother_11,True,0.5212650000000001,0.6198561473333334,1.141018,,True,True,False,0.619753,0.00010314733333338655
10,0,60,1000,1,1.0,10_0_60_1000_1,smoother_31,True,1.300562,0.3691894806666666,1.669594,,True,True,True,0.369032,0.00015748066666659843
10,0,60,1000,1,1.0,10_0_60_1000_1,accel_gap_half,True,0.8102250000000001,0.3308561473333333,1.141018,,True,True,False,0.330793,6.314733333329103e-05
10,0,60,1000,1,1.0,10_0_60_1000_1,accel_gap_double,True,0.8102250000000001,0.3308561473333333,1.141018,,True,True,False,0.330793,6.314733333329103e-05
10,0,60,1000,1,1.0,10_0_60_1000_1,aux_gap_half,True,0.8102250000000001,0.3308561473333333,1.141018,,True,True,False,0.330793,6.314733333329103e-05
10,0,60,1000,1,1.0,10_0_60_1000_1,aux_gap_double,True,0.8102250000000001,0.3308561473333333,1.141018,,True,True,False,0.330793,6.314733333329103e-05
10,45,60,500,0,0.5,10_45_60_500_0,current,True,1.360416,0.32022398966666665,1.680565,,True,True,True,0.320149,7.498966666663609e-05
10,45,60,500,0,0.5,10_45_60_500_0,smoother_11,True,1.321266,0.2892239896666667,1.61042,,True,True,True,0.289154,6.998966666665885e-05
10,45,60,500,0,0.5,10_45_60_500_0,smoother_31,True,1.289444,0.350057323,1.639484,,True,True,True,0.35004,1.732299999995801e-05
10,45,60,500,0,0.5,10_45_60_500_0,accel_gap_half,True,1.360416,0.32022398966666665,1.680565,,True,True,True,0.320149,7.498966666663609e-05
10,45,60,500,0,0.5,10_45_60_500_0,accel_gap_double,True,1.360416,0.32022398966666665,1.680565,,True,True,True,0.320149,7.498966666663609e-05
10,45,60,500,0,0.5,10_45_60_500_0,aux_gap_half,True,1.360416,0.32022398966666665,1.680565,,True,True,True,0.320149,7.498966666663609e-05
10,45,60,500,0,0.5,10_45_60_500_0,aux_gap_double,True,1.360416,0.32022398966666665,1.680565,,True,True,True,0.320149,7.498966666663609e-05
10,45,60,500,1,0.5,10_45_60_500_1,current,True,1.3597979999999998,0.3107781806666666,1.670497,,True,True,True,0.310699,7.918066666662282e-05
10,45,60,500,1,0.5,10_45_60_500_1,smoother_11,True,0.54915,0.2804448473333333,0.829464,,True,True,False,0.280314,0.0001308473333332949
10,45,60,500,1,0.5,10_45_60_500_1,smoother_31,True,1.289348,0.340611514,1.629888,,True,True,True,0.34054,7.151399999999475e-05
10,45,60,500,1,0.5,10_45_60_500_1,accel_gap_half,True,1.3597979999999998,0.3107781806666666,1.670497,,True,True,True,0.310699,7.918066666662282e-05
10,45,60,500,1,0.5,10_45_60_500_1,accel_gap_double,True,1.3597979999999998,0.3107781806666666,1.670497,,True,True,True,0.310699,7.918066666662282e-05
10,45,60,500,1,0.5,10_45_60_500_1,aux_gap_half,True,1.3597979999999998,0.3107781806666666,1.670497,,True,True,True,0.310699,7.918066666662282e-05
10,45,60,500,1,0.5,10_45_60_500_1,aux_gap_double,True,1.3597979999999998,0.3107781806666666,1.670497,,True,True,True,0.310699,7.918066666662282e-05
10,45,60,1000,0,1.0,10_45_60_1000_0,current,True,1.3601649999999998,0.31983333333333336,1.67996884,,True,True,True,0.31980384,2.9493333333352467e-05
10,45,60,1000,0,1.0,10_45_60_1000_0,smoother_11,True,0.8910450000000001,0.29,1.18092784,,True,True,False,0.28988284,0.00011716000000000504
10,45,60,1000,0,1.0,10_45_60_1000_0,smoother_31,True,1.300248,0.35033333333333333,1.65050884,,True,True,True,0.35026084,7.24933333333122e-05
10,45,60,1000,0,1.0,10_45_60_1000_0,accel_gap_half,True,1.3601649999999998,0.31983333333333336,1.67996884,,True,True,True,0.31980384,2.9493333333352467e-05
10,45,60,1000,0,1.0,10_45_60_1000_0,accel_gap_double,True,1.3601649999999998,0.31983333333333336,1.67996884,,True,True,True,0.31980384,2.9493333333352467e-05
10,45,60,1000,0,1.0,10_45_60_1000_0,aux_gap_half,True,1.3601649999999998,0.31983333333333336,1.67996884,,True,True,True,0.31980384,2.9493333333352467e-05
10,45,60,1000,0,1.0,10_45_60_1000_0,aux_gap_double,True,1.3601649999999998,0.31983333333333336,1.67996884,,True,True,True,0.31980384,2.9493333333352467e-05
10,45,60,1000,1,1.0,10_45_60_1000_1,current,True,1.3499379999999999,0.320030302,1.669881,,True,True,True,0.319943,8.730200000001131e-05
10,45,60,1000,1,1.0,10_45_60_1000_1,smoother_11,True,0.7812939999999999,0.28919696866666667,1.070374,,True,True,False,0.28908,0.00011696866666666139
10,45,60,1000,1,1.0,10_45_60_1000_1,smoother_31,True,1.2887149999999998,0.35053030199999996,1.639106,,True,True,True,0.350391,0.0001393019999999523
10,45,60,1000,1,1.0,10_45_60_1000_1,accel_gap_half,True,1.3499379999999999,0.320030302,1.669881,,True,True,True,0.319943,8.730200000001131e-05
10,45,60,1000,1,1.0,10_45_60_1000_1,accel_gap_double,True,1.3499379999999999,0.320030302,1.669881,,True,True,True,0.319943,8.730200000001131e-05
10,45,60,1000,1,1.0,10_45_60_1000_1,aux_gap_half,True,1.3499379999999999,0.320030302,1.669881,,True,True,True,0.319943,8.730200000001131e-05
10,45,60,1000,1,1.0,10_45_60_1000_1,aux_gap_double,True,1.3499379999999999,0.320030302,1.669881,,True,True,True,0.319943,8.730200000001131e-05
10,90,60,500,0,0.5,10_90_60_500_0,current,True,1.050552,0.6199053033333334,1.67037,,True,True,True,0.619818,8.730333333339946e-05
10,90,60,500,0,0.5,10_90_60_500_0,smoother_11,True,0.4004350000000001,1.0702386366666667,1.470577,,True,False,False,1.070142,9.663666666681614e-05
10,90,60,500,0,0.5,10_90_60_500_0,smoother_31,True,1.311004,0.33007197,1.640926,,True,True,True,0.329922,0.00014996999999999927
10,90,60,500,0,0.5,10_90_60_500_0,accel_gap_half,True,1.050552,0.6199053033333334,1.67037,,True,True,True,0.619818,8.730333333339946e-05
10,90,60,500,0,0.5,10_90_60_500_0,accel_gap_double,True,1.050552,0.6199053033333334,1.67037,,True,True,True,0.619818,8.730333333339946e-05
10,90,60,500,0,0.5,10_90_60_500_0,aux_gap_half,True,1.050552,0.6199053033333334,1.67037,,True,True,True,0.619818,8.730333333339946e-05
10,90,60,500,0,0.5,10_90_60_500_0,aux_gap_double,True,1.050552,0.6199053033333334,1.67037,,True,True,True,0.619818,8.730333333339946e-05
10,90,60,500,1,0.5,10_90_60_500_1,current,True,1.370717,0.31016666666666665,1.680730586,,True,True,True,0.310013586,0.00015308066666663844
10,90,60,500,1,0.5,10_90_60_500_1,smoother_11,True,0.5189840000000001,1.1903333333333332,1.709242586,,True,True,False,1.190258586,7.474733333334704e-05
10,90,60,500,1,0.5,10_90_60_500_1,smoother_31,True,1.300952,0.3396666666666667,1.640523586,,True,True,True,0.339571586,9.508066666669146e-05
10,90,60,500,1,0.5,10_90_60_500_1,accel_gap_half,True,1.370717,0.31016666666666665,1.680730586,,True,True,True,0.310013586,0.00015308066666663844
10,90,60,500,1,0.5,10_90_60_500_1,accel_gap_double,True,1.370717,0.31016666666666665,1.680730586,,True,True,True,0.310013586,0.00015308066666663844
10,90,60,500,1,0.5,10_90_60_500_1,aux_gap_half,True,1.370717,0.31016666666666665,1.680730586,,True,True,True,0.310013586,0.00015308066666663844
10,90,60,500,1,0.5,10_90_60_500_1,aux_gap_double,True,1.370717,0.31016666666666665,1.680730586,,True,True,True,0.310013586,0.00015308066666663844
10,90,60,1000,0,1.0,10_90_60_1000_0,current,True,1.369094,0.33045177400000003,1.699391,,True,True,True,0.330297,0.00015477400000002417
10,90,60,1000,0,1.0,10_90_60_1000_0,smoother_11,True,0.45018100000000005,0.2901184406666667,0.740179,,True,False,False,0.289998,0.00012044066666672126
10,90,60,1000,0,1.0,10_90_60_1000_0,smoother_31,True,1.321516,0.359451774,1.680899,,True,True,True,0.359383,6.877399999999367e-05
10,90,60,1000,0,1.0,10_90_60_1000_0,accel_gap_half,True,1.369094,0.33045177400000003,1.699391,,True,True,True,0.330297,0.00015477400000002417
10,90,60,1000,0,1.0,10_90_60_1000_0,accel_gap_double,True,1.369094,0.33045177400000003,1.699391,,True,True,True,0.330297,0.00015477400000002417
10,90,60,1000,0,1.0,10_90_60_1000_0,aux_gap_half,True,1.369094,0.33045177400000003,1.699391,,True,True,True,0.330297,0.00015477400000002417
10,90,60,1000,0,1.0,10_90_60_1000_0,aux_gap_double,True,1.369094,0.33045177400000003,1.699391,,True,True,True,0.330297,0.00015477400000002417
10,90,60,1000,1,1.0,10_90_60_1000_1,current,True,1.378072,0.30133333333333334,1.679303895,,True,True,True,0.301231895,0.00010143833333331465
10,90,60,1000,1,1.0,10_90_60_1000_1,smoother_11,True,1.119746,0.5503333333333333,1.669942895,,True,True,True,0.550196895,0.0001364383333333219
10,90,60,1000,1,1.0,10_90_60_1000_1,smoother_31,True,1.299419,0.3406666666666667,1.639924895,,True,True,True,0.340505895,0.0001607716666666703
10,90,60,1000,1,1.0,10_90_60_1000_1,accel_gap_half,True,1.378072,0.30133333333333334,1.679303895,,True,True,True,0.301231895,0.00010143833333331465
10,90,60,1000,1,1.0,10_90_60_1000_1,accel_gap_double,True,1.378072,0.30133333333333334,1.679303895,,True,True,True,0.301231895,0.00010143833333331465
10,90,60,1000,1,1.0,10_90_60_1000_1,aux_gap_half,True,1.378072,0.30133333333333334,1.679303895,,True,True,True,0.301231895,0.00010143833333331465
10,90,60,1000,1,1.0,10_90_60_1000_1,aux_gap_double,True,1.378072,0.30133333333333334,1.679303895,,True,True,True,0.301231895,0.00010143833333331465
10,135,60,500,0,0.5,10_135_60_500_0,current,True,1.3693,0.3009169093333333,1.670183,,True,True,True,0.300883,3.390933333330404e-05
10,135,60,500,0,0.5,10_135_60_500_0,smoother_11,True,0.599124,0.7814169093333333,1.380398,,True,True,False,0.781274,0.00014290933333327427
10,135,60,500,0,0.5,10_135_60_500_0,smoother_31,True,1.299638,0.34125024266666665,1.640724,,True,True,True,0.341086,0.00016424266666664744
10,135,60,500,0,0.5,10_135_60_500_0,accel_gap_half,True,1.3693,0.3009169093333333,1.670183,,True,True,True,0.300883,3.390933333330404e-05
10,135,60,500,0,0.5,10_135_60_500_0,accel_gap_double,True,1.3693,0.3009169093333333,1.670183,,True,True,True,0.300883,3.390933333330404e-05
10,135,60,500,0,0.5,10_135_60_500_0,aux_gap_half,True,1.3693,0.3009169093333333,1.670183,,True,True,True,0.300883,3.390933333330404e-05
10,135,60,500,0,0.5,10_135_60_500_0,aux_gap_double,True,1.3693,0.3009169093333333,1.670183,,True,True,True,0.300883,3.390933333330404e-05
10,135,60,500,1,0.5,10_135_60_500_1,current,True,1.359868,0.2995,1.659293124,,True,True,True,0.299425124,7.48760000000015e-05
10,135,60,500,1,0.5,10_135_60_500_1,smoother_11,True,0.41064900000000004,1.109,1.519567124,,True,False,False,1.108918124,8.187600000009176e-05
10,135,60,500,1,0.5,10_135_60_500_1,smoother_31,True,1.309304,0.33016666666666666,1.639374124,,True,True,True,0.330070124,9.654266666664357e-05
10,135,60,500,1,0.5,10_135_60_500_1,accel_gap_half,True,1.359868,0.2995,1.659293124,,True,True,True,0.299425124,7.48760000000015e-05
10,135,60,500,1,0.5,10_135_60_500_1,accel_gap_double,True,1.359868,0.2995,1.659293124,,True,True,True,0.299425124,7.48760000000015e-05
10,135,60,500,1,0.5,10_135_60_500_1,aux_gap_half,True,1.359868,0.2995,1.659293124,,True,True,True,0.299425124,7.48760000000015e-05
10,135,60,500,1,0.5,10_135_60_500_1,aux_gap_double,True,1.359868,0.2995,1.659293124,,True,True,True,0.299425124,7.48760000000015e-05
10,135,60,1000,0,1.0,10_135_60_1000_0,current,True,1.3684439999999998,0.30083333333333334,1.669151272,,True,True,True,0.300707272,0.00012606133333331604
10,135,60,1000,0,1.0,10_135_60_1000_0,smoother_11,True,1.269356,0.42983333333333335,1.699153272,,True,True,True,0.429797272,3.606133333333705e-05
10,135,60,1000,0,1.0,10_135_60_1000_0,smoother_31,True,1.2895919999999998,0.3403333333333333,1.629925272,,True,True,True,0.340333272,6.133333330105017e-08
10,135,60,1000,0,1.0,10_135_60_1000_0,accel_gap_half,True,1.3684439999999998,0.30083333333333334,1.669151272,,True,True,True,0.300707272,0.00012606133333331604
10,135,60,1000,0,1.0,10_135_60_1000_0,accel_gap_double,True,1.3684439999999998,0.30083333333333334,1.669151272,,True,True,True,0.300707272,0.00012606133333331604
10,135,60,1000,0,1.0,10_135_60_1000_0,aux_gap_half,True,1.3684439999999998,0.30083333333333334,1.669151272,,True,True,True,0.300707272,0.00012606133333331604
10,135,60,1000,0,1.0,10_135_60_1000_0,aux_gap_double,True,1.3684439999999998,0.30083333333333334,1.669151272,,True,True,True,0.300707272,0.00012606133333331604
10,135,60,1000,1,1.0,10_135_60_1000_1,current,True,1.3688749999999998,0.2901666666666667,1.658956427,,True,True,True,0.290081427,8.523966666668104e-05
10,135,60,1000,1,1.0,10_135_60_1000_1,smoother_11,True,0.7885050000000001,0.8903333333333333,1.678695427,,True,True,False,0.890190427,0.00014290633333335911
10,135,60,1000,1,1.0,10_135_60_1000_1,smoother_31,True,1.298748,0.32016666666666665,1.618885427,,True,True,True,0.320137427,2.923966666668054e-05
10,135,60,1000,1,1.0,10_135_60_1000_1,accel_gap_half,True,1.3688749999999998,0.2901666666666667,1.658956427,,True,True,True,0.290081427,8.523966666668104e-05
10,135,60,1000,1,1.0,10_135_60_1000_1,accel_gap_double,True,1.3688749999999998,0.2901666666666667,1.658956427,,True,True,True,0.290081427,8.523966666668104e-05
10,135,60,1000,1,1.0,10_135_60_1000_1,aux_gap_half,True,1.3688749999999998,0.2901666666666667,1.658956427,,True,True,True,0.290081427,8.523966666668104e-05
10,135,60,1000,1,1.0,10_135_60_1000_1,aux_gap_double,True,1.3688749999999998,0.2901666666666667,1.658956427,,True,True,True,0.290081427,8.523966666668104e-05
10,180,60,500,0,0.5,10_180_60_500_0,current,True,1.3594570000000001,0.30042030733333336,1.659798,,True,True,True,0.300341,7.930733333333384e-05
10,180,60,500,0,0.5,10_180_60_500_0,smoother_11,True,0.9192039999999999,0.6205869740000001,1.539694,,True,True,False,0.62049,9.697400000008294e-05
10,180,60,500,0,0.5,10_180_60_500_0,smoother_31,True,1.3106900000000001,0.3297536406666667,1.640416,,True,True,True,0.329726,2.7640666666661762e-05
10,180,60,500,0,0.5,10_180_60_500_0,accel_gap_half,True,1.3594570000000001,0.30042030733333336,1.659798,,True,True,True,0.300341,7.930733333333384e-05
10,180,60,500,0,0.5,10_180_60_500_0,accel_gap_double,True,1.3594570000000001,0.30042030733333336,1.659798,,True,True,True,0.300341,7.930733333333384e-05
10,180,60,500,0,0.5,10_180_60_500_0,aux_gap_half,True,1.3594570000000001,0.30042030733333336,1.659798,,True,True,True,0.300341,7.930733333333384e-05
10,180,60,500,0,0.5,10_180_60_500_0,aux_gap_double,True,1.3594570000000001,0.30042030733333336,1.659798,,True,True,True,0.300341,7.930733333333384e-05
10,180,60,500,1,0.5,10_180_60_500_1,current,True,1.371102,0.30966666666666665,1.680664948,,True,True,True,0.309562948,0.0001037186666666412
10,180,60,500,1,0.5,10_180_60_500_1,smoother_11,True,0.3683230000000002,1.331,1.699238948,,True,False,False,1.330915948,8.405200000005664e-05
10,180,60,500,1,0.5,10_180_60_500_1,smoother_31,True,1.309088,0.3408333333333333,1.649818948,,True,True,True,0.340730948,0.00010238533333334354
10,180,60,500,1,0.5,10_180_60_500_1,accel_gap_half,True,1.371102,0.30966666666666665,1.680664948,,True,True,True,0.309562948,0.0001037186666666412
10,180,60,500,1,0.5,10_180_60_500_1,accel_gap_double,True,1.371102,0.30966666666666665,1.680664948,,True,True,True,0.309562948,0.0001037186666666412
10,180,60,500,1,0.5,10_180_60_500_1,aux_gap_half,True,1.371102,0.30966666666666665,1.680664948,,True,True,True,0.309562948,0.0001037186666666412
10,180,60,500,1,0.5,10_180_60_500_1,aux_gap_double,True,1.371102,0.30966666666666665,1.680664948,,True,True,True,0.309562948,0.0001037186666666412
10,180,60,1000,0,1.0,10_180_60_1000_0,current,True,1.370524,0.30942544433333335,1.679855,,True,True,True,0.309331,9.444433333333224e-05
10,180,60,1000,0,1.0,10_180_60_1000_0,smoother_11,True,0.539828,0.6112587776666666,1.151036,,True,True,False,0.611208,5.077766666661265e-05
10,180,60,1000,0,1.0,10_180_60_1000_0,smoother_31,True,1.319687,0.33025877766666667,1.649858,,True,True,True,0.330171,8.777766666667741e-05
10,180,60,1000,0,1.0,10_180_60_1000_0,accel_gap_half,True,1.370524,0.30942544433333335,1.679855,,True,True,True,0.309331,9.444433333333224e-05
10,180,60,1000,0,1.0,10_180_60_1000_0,accel_gap_double,True,1.370524,0.30942544433333335,1.679855,,True,True,True,0.309331,9.444433333333224e-05
10,180,60,1000,0,1.0,10_180_60_1000_0,aux_gap_half,True,1.370524,0.30942544433333335,1.679855,,True,True,True,0.309331,9.444433333333224e-05
10,180,60,1000,0,1.0,10_180_60_1000_0,aux_gap_double,True,1.370524,0.30942544433333335,1.679855,,True,True,True,0.309331,9.444433333333224e-05
10,180,60,1000,1,1.0,10_180_60_1000_1,current,True,1.359938,0.310526338,1.670445,,True,True,True,0.310507,1.9338000000035382e-05
10,180,60,1000,1,1.0,10_180_60_1000_1,smoother_11,True,0.9704299999999999,0.2791930046666667,1.24962,,True,True,False,0.27919,3.004666666694966e-06
10,180,60,1000,1,1.0,10_180_60_1000_1,smoother_31,True,1.300196,0.34002633800000004,1.640135,,True,True,True,0.339939,8.733800000004788e-05
10,180,60,1000,1,1.0,10_180_60_1000_1,accel_gap_half,True,1.359938,0.310526338,1.670445,,True,True,True,0.310507,1.9338000000035382e-05
10,180,60,1000,1,1.0,10_180_60_1000_1,accel_gap_double,True,1.359938,0.310526338,1.670445,,True,True,True,0.310507,1.9338000000035382e-05
10,180,60,1000,1,1.0,10_180_60_1000_1,aux_gap_half,True,1.359938,0.310526338,1.670445,,True,True,True,0.310507,1.9338000000035382e-05
10,180,60,1000,1,1.0,10_180_60_1000_1,aux_gap_double,True,1.359938,0.310526338,1.670445,,True,True,True,0.310507,1.9338000000035382e-05
10,225,60,500,0,0.5,10_225_60_500_0,current,True,1.371352,0.32966666666666666,1.700885126,,True,True,True,0.329533126,0.00013354066666665387
10,225,60,500,0,0.5,10_225_60_500_0,smoother_11,True,0.579726,0.9108333333333334,1.490454126,,True,True,False,0.910728126,0.00010520733333341248
10,225,60,500,0,0.5,10_225_60_500_0,smoother_31,True,1.389923,0.36,1.749911126,,True,True,True,0.359988126,1.18739999999673e-05
10,225,60,500,0,0.5,10_225_60_500_0,accel_gap_half,True,1.371352,0.32966666666666666,1.700885126,,True,True,True,0.329533126,0.00013354066666665387
10,225,60,500,0,0.5,10_225_60_500_0,accel_gap_double,True,1.371352,0.32966666666666666,1.700885126,,True,True,True,0.329533126,0.00013354066666665387
10,225,60,500,0,0.5,10_225_60_500_0,aux_gap_half,True,1.371352,0.32966666666666666,1.700885126,,True,True,True,0.329533126,0.00013354066666665387
10,225,60,500,0,0.5,10_225_60_500_0,aux_gap_double,True,1.371352,0.32966666666666666,1.700885126,,True,True,True,0.329533126,0.00013354066666665387
10,225,60,500,1,0.5,10_225_60_500_1,current,True,1.199839,0.47009333099999995,1.669893,,True,True,True,0.470054,3.933099999992029e-05
10,225,60,500,1,0.5,10_225_60_500_1,smoother_11,True,0.758172,0.8814266643333333,1.639497,,True,True,False,0.881325,0.0001016643333332512
10,225,60,500,1,0.5,10_225_60_500_1,smoother_31,True,1.298941,0.340593331,1.639497,,True,True,True,0.340556,3.73309999999738e-05
10,225,60,500,1,0.5,10_225_60_500_1,accel_gap_half,True,1.199839,0.47009333099999995,1.669893,,True,True,True,0.470054,3.933099999992029e-05
10,225,60,500,1,0.5,10_225_60_500_1,accel_gap_double,True,1.199839,0.47009333099999995,1.669893,,True,True,True,0.470054,3.933099999992029e-05
10,225,60,500,1,0.5,10_225_60_500_1,aux_gap_half,True,1.199839,0.47009333099999995,1.669893,,True,True,True,0.470054,3.933099999992029e-05
10,225,60,500,1,0.5,10_225_60_500_1,aux_gap_double,True,1.199839,0.47009333099999995,1.669893,,True,True,True,0.470054,3.933099999992029e-05
10,225,60,1000,0,1.0,10_225_60_1000_0,current,True,1.3689580000000001,0.31016666666666665,1.678972909,,True,True,True,0.310014909,0.00015175766666664092
10,225,60,1000,0,1.0,10_225_60_1000_0,smoother_11,True,0.729758,0.2705,1.000123909,,True,True,False,0.270365909,0.00013409100000000285
10,225,60,1000,0,1.0,10_225_60_1000_0,smoother_31,True,1.299243,0.3395,1.638652909,,True,True,True,0.339409909,9.009100000001435e-05
10,225,60,1000,0,1.0,10_225_60_1000_0,accel_gap_half,True,1.3689580000000001,0.31016666666666665,1.678972909,,True,True,True,0.310014909,0.00015175766666664092
10,225,60,1000,0,1.0,10_225_60_1000_0,accel_gap_double,True,1.3689580000000001,0.31016666666666665,1.678972909,,True,True,True,0.310014909,0.00015175766666664092
10,225,60,1000,0,1.0,10_225_60_1000_0,aux_gap_half,True,1.3689580000000001,0.31016666666666665,1.678972909,,True,True,True,0.310014909,0.00015175766666664092
10,225,60,1000,0,1.0,10_225_60_1000_0,aux_gap_double,True,1.3689580000000001,0.31016666666666665,1.678972909,,True,True,True,0.310014909,0.00015175766666664092
10,225,60,1000,1,1.0,10_225_60_1000_1,current,True,1.2988,0.36083333333333334,1.659573467,,True,True,True,0.360773467,5.986633333332492e-05
10,225,60,1000,1,1.0,10_225_60_1000_1,smoother_11,True,1.309135,0.38033333333333336,1.689393467,,True,True,True,0.380258467,7.486633333336767e-05
10,225,60,1000,1,1.0,10_225_60_1000_1,smoother_31,True,1.290217,0.3395,1.629664467,,True,True,True,0.339447467,5.253300000002126e-05
10,225,60,1000,1,1.0,10_225_60_1000_1,accel_gap_half,True,1.2988,0.36083333333333334,1.659573467,,True,True,True,0.360773467,5.986633333332492e-05
10,225,60,1000,1,1.0,10_225_60_1000_1,accel_gap_double,True,1.2988,0.36083333333333334,1.659573467,,True,True,True,0.360773467,5.986633333332492e-05
10,225,60,1000,1,1.0,10_225_60_1000_1,aux_gap_half,True,1.2988,0.36083333333333334,1.659573467,,True,True,True,0.360773467,5.986633333332492e-05
10,225,60,1000,1,1.0,10_225_60_1000_1,aux_gap_double,True,1.2988,0.36083333333333334,1.659573467,,True,True,True,0.360773467,5.986633333332492e-05
10,270,60,500,0,0.5,10_270_60_500_0,current,True,1.369287,0.3004016703333333,1.669605,,True,True,True,0.300318,8.367033333334106e-05
10,270,60,500,0,0.5,10_270_60_500_0,smoother_11,True,0.589032,0.2814016703333333,0.870283,,True,True,False,0.281251,0.0001506703333333248
10,270,60,500,0,0.5,10_270_60_500_0,smoother_31,True,1.301718,0.329568337,1.631225,,True,True,True,0.329507,6.133699999999465e-05
10,270,60,500,0,0.5,10_270_60_500_0,accel_gap_half,True,1.369287,0.3004016703333333,1.669605,,True,True,True,0.300318,8.367033333334106e-05
10,270,60,500,0,0.5,10_270_60_500_0,accel_gap_double,True,1.369287,0.3004016703333333,1.669605,,True,True,True,0.300318,8.367033333334106e-05
10,270,60,500,0,0.5,10_270_60_500_0,aux_gap_half,True,1.369287,0.3004016703333333,1.669605,,True,True,True,0.300318,8.367033333334106e-05
10,270,60,500,0,0.5,10_270_60_500_0,aux_gap_double,True,1.369287,0.3004016703333333,1.669605,,True,True,True,0.300318,8.367033333334106e-05
10,270,60,500,1,0.5,10_270_60_500_1,current,True,1.3710399999999998,0.29941940033333336,1.670316,,True,True,True,0.299276,0.00014340033333337665
10,270,60,500,1,0.5,10_270_60_500_1,smoother_11,True,0.561411,0.29941940033333336,0.860687,,True,True,False,0.299276,0.00014340033333337665
10,270,60,500,1,0.5,10_270_60_500_1,smoother_31,True,1.309546,0.33041940033333334,1.639902,,True,True,True,0.330356,6.340033333335215e-05
10,270,60,500,1,0.5,10_270_60_500_1,accel_gap_half,True,1.3710399999999998,0.29941940033333336,1.670316,,True,True,True,0.299276,0.00014340033333337665
10,270,60,500,1,0.5,10_270_60_500_1,accel_gap_double,True,1.3710399999999998,0.29941940033333336,1.670316,,True,True,True,0.299276,0.00014340033333337665
10,270,60,500,1,0.5,10_270_60_500_1,aux_gap_half,True,1.3710399999999998,0.29941940033333336,1.670316,,True,True,True,0.299276,0.00014340033333337665
10,270,60,500,1,0.5,10_270_60_500_1,aux_gap_double,True,1.3710399999999998,0.29941940033333336,1.670316,,True,True,True,0.299276,0.00014340033333337665
10,270,60,1000,0,1.0,10_270_60_1000_0,current,True,1.3600780000000001,0.32016666666666665,1.6801378,,True,True,True,0.3200598,0.00010686666666664957
10,270,60,1000,0,1.0,10_270_60_1000_0,smoother_11,True,0.4700860000000001,0.7501666666666666,1.2201938,,True,False,False,0.7501078,5.8866666666657075e-05
10,270,60,1000,0,1.0,10_270_60_1000_0,smoother_31,True,1.301256,0.35,1.6511518,,True,True,True,0.3498958,0.00010419999999999874
10,270,60,1000,0,1.0,10_270_60_1000_0,accel_gap_half,True,1.3600780000000001,0.32016666666666665,1.6801378,,True,True,True,0.3200598,0.00010686666666664957
10,270,60,1000,0,1.0,10_270_60_1000_0,accel_gap_double,True,1.3600780000000001,0.32016666666666665,1.6801378,,True,True,True,0.3200598,0.00010686666666664957
10,270,60,1000,0,1.0,10_270_60_1000_0,aux_gap_half,True,1.3600780000000001,0.32016666666666665,1.6801378,,True,True,True,0.3200598,0.00010686666666664957
10,270,60,1000,0,1.0,10_270_60_1000_0,aux_gap_double,True,1.3600780000000001,0.32016666666666665,1.6801378,,True,True,True,0.3200598,0.00010686666666664957
10,270,60,1000,1,1.0,10_270_60_1000_1,current,True,1.36961,0.311041904,1.68051,,True,True,True,0.3109,0.0001419039999999705
10,270,60,1000,1,1.0,10_270_60_1000_1,smoother_11,True,0.860433,0.8398752373333334,1.700224,,True,True,False,0.839791,8.423733333340344e-05
10,270,60,1000,1,1.0,10_270_60_1000_1,smoother_31,True,1.30938,0.34020857066666665,1.649518,,True,True,True,0.340138,7.057066666665834e-05
10,270,60,1000,1,1.0,10_270_60_1000_1,accel_gap_half,True,1.36961,0.311041904,1.68051,,True,True,True,0.3109,0.0001419039999999705
10,270,60,1000,1,1.0,10_270_60_1000_1,accel_gap_double,True,1.36961,0.311041904,1.68051,,True,True,True,0.3109,0.0001419039999999705
10,270,60,1000,1,1.0,10_270_60_1000_1,aux_gap_half,True,1.36961,0.311041904,1.68051,,True,True,True,0.3109,0.0001419039999999705
10,270,60,1000,1,1.0,10_270_60_1000_1,aux_gap_double,True,1.36961,0.311041904,1.68051,,True,True,True,0.3109,0.0001419039999999705
10,315,60,500,0,0.5,10_315_60_500_0,current,True,0.8019029999999999,0.8688333333333333,1.670635733,,True,True,False,0.868732733,0.00010060033333336715
10,315,60,500,0,0.5,10_315_60_500_0,smoother_11,True,0.8393390000000001,0.8595,1.698715733,,True,True,False,0.859376733,0.0001232670000000935
10,315,60,500,0,0.5,10_315_60_500_0,smoother_31,True,1.3196620000000001,0.32966666666666666,1.649227733,,True,True,True,0.329565733,0.00010093366666663606
10,315,60,500,0,0.5,10_315_60_500_0,accel_gap_half,True,0.8019029999999999,0.8688333333333333,1.670635733,,True,True,False,0.868732733,0.00010060033333336715
10,315,60,500,0,0.5,10_315_60_500_0,accel_gap_double,True,0.8019029999999999,0.8688333333333333,1.670635733,,True,True,False,0.868732733,0.00010060033333336715
10,315,60,500,0,0.5,10_315_60_500_0,aux_gap_half,True,0.8019029999999999,0.8688333333333333,1.670635733,,True,True,False,0.868732733,0.00010060033333336715
10,315,60,500,0,0.5,10_315_60_500_0,aux_gap_double,True,0.8019029999999999,0.8688333333333333,1.670635733,,True,True,False,0.868732733,0.00010060033333336715
10,315,60,500,1,0.5,10_315_60_500_1,current,True,0.821608,0.859,1.68055417,,True,True,False,0.85894617,5.383000000003246e-05
10,315,60,500,1,0.5,10_315_60_500_1,smoother_11,True,0.849714,0.859,1.70866017,,True,True,False,0.85894617,5.383000000003246e-05
10,315,60,500,1,0.5,10_315_60_500_1,smoother_31,True,1.3194409999999999,0.33016666666666666,1.64945517,,True,True,True,0.33001417,0.00015249666666666828
10,315,60,500,1,0.5,10_315_60_500_1,accel_gap_half,True,0.821608,0.859,1.68055417,,True,True,False,0.85894617,5.383000000003246e-05
10,315,60,500,1,0.5,10_315_60_500_1,accel_gap_double,True,0.821608,0.859,1.68055417,,True,True,False,0.85894617,5.383000000003246e-05
10,315,60,500,1,0.5,10_315_60_500_1,aux_gap_half,True,0.821608,0.859,1.68055417,,True,True,False,0.85894617,5.383000000003246e-05
10,315,60,500,1,0.5,10_315_60_500_1,aux_gap_double,True,0.821608,0.859,1.68055417,,True,True,False,0.85894617,5.383000000003246e-05
10,315,60,1000,0,1.0,10_315_60_1000_0,current,True,1.3506300000000002,0.30966666666666665,1.660148568,,True,True,True,0.309518568,0.00014809866666665172
10,315,60,1000,0,1.0,10_315_60_1000_0,smoother_11,True,0.49055899999999997,0.30966666666666665,0.800077568,,True,False,False,0.309518568,0.00014809866666665172
10,315,60,1000,0,1.0,10_315_60_1000_0,smoother_31,True,1.290515,0.3398333333333333,1.630297568,,True,True,True,0.339782568,5.076533333331357e-05
10,315,60,1000,0,1.0,10_315_60_1000_0,accel_gap_half,True,1.3506300000000002,0.30966666666666665,1.660148568,,True,True,True,0.309518568,0.00014809866666665172
10,315,60,1000,0,1.0,10_315_60_1000_0,accel_gap_double,True,1.3506300000000002,0.30966666666666665,1.660148568,,True,True,True,0.309518568,0.00014809866666665172
10,315,60,1000,0,1.0,10_315_60_1000_0,aux_gap_half,True,1.3506300000000002,0.30966666666666665,1.660148568,,True,True,True,0.309518568,0.00014809866666665172
10,315,60,1000,0,1.0,10_315_60_1000_0,aux_gap_double,True,1.3506300000000002,0.30966666666666665,1.660148568,,True,True,True,0.309518568,0.00014809866666665172
10,315,60,1000,1,1.0,10_315_60_1000_1,current,True,1.360708,0.2996666666666667,1.660334805,,True,True,True,0.299626805,3.9861666666696216e-05
10,315,60,1000,1,1.0,10_315_60_1000_1,smoother_11,True,0.631567,0.5098333333333334,1.141311805,,True,True,False,0.509744805,8.852833333339305e-05
10,315,60,1000,1,1.0,10_315_60_1000_1,smoother_31,True,1.298717,0.3303333333333333,1.628998805,,True,True,True,0.330281805,5.152833333332829e-05
10,315,60,1000,1,1.0,10_315_60_1000_1,accel_gap_half,True,1.360708,0.2996666666666667,1.660334805,,True,True,True,0.299626805,3.9861666666696216e-05
10,315,60,1000,1,1.0,10_315_60_1000_1,accel_gap_double,True,1.360708,0.2996666666666667,1.660334805,,True,True,True,0.299626805,3.9861666666696216e-05
10,315,60,1000,1,1.0,10_315_60_1000_1,aux_gap_half,True,1.360708,0.2996666666666667,1.660334805,,True,True,True,0.299626805,3.9861666666696216e-05
10,315,60,1000,1,1.0,10_315_60_1000_1,aux_gap_double,True,1.360708,0.2996666666666667,1.660334805,,True,True,True,0.299626805,3.9861666666696216e-05
57,0,20,500,0,0.5,57_0_20_500_0,current,True,3.119961,0.3,3.41989384,,True,True,True,0.29993284,6.716000000001054e-05
57,0,20,500,0,0.5,57_0_20_500_0,smoother_11,True,0.780348,0.3995,1.17974684,,True,True,False,0.39939884,0.00010116000000004455
57,0,20,500,0,0.5,57_0_20_500_0,smoother_31,True,4.358712,0.32016666666666665,4.67885484,,True,True,True,0.32014284,2.382666666667088e-05
57,0,20,500,0,0.5,57_0_20_500_0,accel_gap_half,True,3.119961,0.3,3.41989384,,True,True,True,0.29993284,6.716000000001054e-05
57,0,20,500,0,0.5,57_0_20_500_0,accel_gap_double,True,3.119961,0.3,3.41989384,,True,True,True,0.29993284,6.716000000001054e-05
57,0,20,500,0,0.5,57_0_20_500_0,aux_gap_half,True,3.119961,0.3,3.41989384,,True,True,True,0.29993284,6.716000000001054e-05
57,0,20,500,0,0.5,57_0_20_500_0,aux_gap_double,True,3.119961,0.3,3.41989384,,True,True,True,0.29993284,6.716000000001054e-05
57,0,20,500,1,0.5,57_0_20_500_1,current,True,4.409265,0.30033333333333334,4.709437223,,True,True,True,0.300172223,0.00016111033333332525
57,0,20,500,1,0.5,57_0_20_500_1,smoother_11,True,0.939846,0.8795,1.819329223,,True,True,False,0.879483223,1.6776999999912334e-05
57,0,20,500,1,0.5,57_0_20_500_1,smoother_31,True,4.347974000000001,0.33116666666666666,4.678989223,,True,True,True,0.331015223,0.00015144366666663966
57,0,20,500,1,0.5,57_0_20_500_1,accel_gap_half,True,4.409265,0.30033333333333334,4.709437223,,True,True,True,0.300172223,0.00016111033333332525
57,0,20,500,1,0.5,57_0_20_500_1,accel_gap_double,True,4.409265,0.30033333333333334,4.709437223,,True,True,True,0.300172223,0.00016111033333332525
57,0,20,500,1,0.5,57_0_20_500_1,aux_gap_half,True,4.409265,0.30033333333333334,4.709437223,,True,True,True,0.300172223,0.00016111033333332525
57,0,20,500,1,0.5,57_0_20_500_1,aux_gap_double,True,4.409265,0.30033333333333334,4.709437223,,True,True,True,0.300172223,0.00016111033333332525
57,0,20,1000,0,1.0,57_0_20_1000_0,current,True,3.080736,0.2988929613333333,3.379468,,True,True,True,0.298732,0.0001609613333333204
57,0,20,1000,0,1.0,57_0_20_1000_0,smoother_11,True,0.8618929999999999,0.26872629466666664,1.130507,,True,True,False,0.268614,0.00011229466666662358
57,0,20,1000,0,1.0,57_0_20_1000_0,smoother_31,True,4.349378,0.33022629466666664,4.679511,,True,True,True,0.330133,9.329466666663233e-05
57,0,20,1000,0,1.0,57_0_20_1000_0,accel_gap_half,True,3.080736,0.2988929613333333,3.379468,,True,True,True,0.298732,0.0001609613333333204
57,0,20,1000,0,1.0,57_0_20_1000_0,accel_gap_double,True,3.080736,0.2988929613333333,3.379468,,True,True,True,0.298732,0.0001609613333333204
57,0,20,1000,0,1.0,57_0_20_1000_0,aux_gap_half,True,3.080736,0.2988929613333333,3.379468,,True,True,True,0.298732,0.0001609613333333204
57,0,20,1000,0,1.0,57_0_20_1000_0,aux_gap_double,True,3.080736,0.2988929613333333,3.379468,,True,True,True,0.298732,0.0001609613333333204
57,0,20,1000,1,1.0,57_0_20_1000_1,current,True,2.6081600000000003,2.061174096666667,4.669183,,True,True,True,2.061023,0.00015109666666690558
57,0,20,1000,1,1.0,57_0_20_1000_1,smoother_11,True,0.6715500000000003,2.9896740966666666,3.661118,,True,True,False,2.989568,0.00010609666666683282
57,0,20,1000,1,1.0,57_0_20_1000_1,smoother_31,True,4.3288269999999995,0.32067409666666663,4.64934,,True,True,True,0.320513,0.00016109666666663802
57,0,20,1000,1,1.0,57_0_20_1000_1,accel_gap_half,True,2.6081600000000003,2.061174096666667,4.669183,,True,True,True,2.061023,0.00015109666666690558
57,0,20,1000,1,1.0,57_0_20_1000_1,accel_gap_double,True,2.6081600000000003,2.061174096666667,4.669183,,True,True,True,2.061023,0.00015109666666690558
57,0,20,1000,1,1.0,57_0_20_1000_1,aux_gap_half,True,2.6081600000000003,2.061174096666667,4.669183,,True,True,True,2.061023,0.00015109666666690558
57,0,20,1000,1,1.0,57_0_20_1000_1,aux_gap_double,True,2.6081600000000003,2.061174096666667,4.669183,,True,True,True,2.061023,0.00015109666666690558
57,45,20,500,0,0.5,57_45_20_500_0,current,True,2.190134,0.270539407,2.460573,,True,True,True,0.270439,0.00010040700000002456
57,45,20,500,0,0.5,57_45_20_500_0,smoother_11,True,1.309806,2.530039407,3.839787,,True,True,True,2.529981,5.840700000003807e-05
57,45,20,500,0,0.5,57_45_20_500_0,smoother_31,True,4.320138,0.31037274033333334,4.630391,,True,True,True,0.310253,0.00011974033333334022
57,45,20,500,0,0.5,57_45_20_500_0,accel_gap_half,True,2.190134,0.270539407,2.460573,,True,True,True,0.270439,0.00010040700000002456
57,45,20,500,0,0.5,57_45_20_500_0,accel_gap_double,True,2.190134,0.270539407,2.460573,,True,True,True,0.270439,0.00010040700000002456
57,45,20,500,0,0.5,57_45_20_500_0,aux_gap_half,True,2.190134,0.270539407,2.460573,,True,True,True,0.270439,0.00010040700000002456
57,45,20,500,0,0.5,57_45_20_500_0,aux_gap_double,True,2.190134,0.270539407,2.460573,,True,True,True,0.270439,0.00010040700000002456
57,45,20,500,1,0.5,57_45_20_500_1,current,True,4.369327999999999,0.29983333333333334,4.669061704,,True,True,True,0.299733704,9.962933333335089e-05
57,45,20,500,1,0.5,57_45_20_500_1,smoother_11,True,2.210932,1.7198333333333333,3.930644704,,True,True,True,1.719712704,0.00012062933333334414
57,45,20,500,1,0.5,57_45_20_500_1,smoother_31,True,4.310194,0.33066666666666666,4.640838704,,True,True,True,0.330644704,2.1962666666652808e-05
57,45,20,500,1,0.5,57_45_20_500_1,accel_gap_half,True,4.369327999999999,0.29983333333333334,4.669061704,,True,True,True,0.299733704,9.962933333335089e-05
57,45,20,500,1,0.5,57_45_20_500_1,accel_gap_double,True,4.369327999999999,0.29983333333333334,4.669061704,,True,True,True,0.299733704,9.962933333335089e-05
57,45,20,500,1,0.5,57_45_20_500_1,aux_gap_half,True,4.369327999999999,0.29983333333333334,4.669061704,,True,True,True,0.299733704,9.962933333335089e-05
57,45,20,500,1,0.5,57_45_20_500_1,aux_gap_double,True,4.369327999999999,0.29983333333333334,4.669061704,,True,True,True,0.299733704,9.962933333335089e-05
57,45,20,1000,0,1.0,57_45_20_1000_0,current,True,4.37861,0.3002499016666667,4.678772,,True,True,True,0.300162,8.790166666672317e-05
57,45,20,1000,0,1.0,57_45_20_1000_0,smoother_11,True,2.1199810000000006,2.5789165683333333,4.698813,,True,True,True,2.578832,8.456833333347902e-05
57,45,20,1000,0,1.0,57_45_20_1000_0,smoother_31,True,4.308524,0.34041656833333334,4.64883,,True,True,True,0.340306,0.00011056833333333849
57,45,20,1000,0,1.0,57_45_20_1000_0,accel_gap_half,True,4.37861,0.3002499016666667,4.678772,,True,True,True,0.300162,8.790166666672317e-05
57,45,20,1000,0,1.0,57_45_20_1000_0,accel_gap_double,True,4.37861,0.3002499016666667,4.678772,,True,True,True,0.300162,8.790166666672317e-05
57,45,20,1000,0,1.0,57_45_20_1000_0,aux_gap_half,True,4.37861,0.3002499016666667,4.678772,,True,True,True,0.300162,8.790166666672317e-05
57,45,20,1000,0,1.0,57_45_20_1000_0,aux_gap_double,True,4.37861,0.3002499016666667,4.678772,,True,True,True,0.300162,8.790166666672317e-05
57,45,20,1000,1,1.0,57_45_20_1000_1,current,True,4.358225,0.2908381153333333,4.648932,,True,True,True,0.290707,0.00013111533333332037
57,45,20,1000,1,1.0,57_45_20_1000_1,smoother_11,True,1.030129,0.26033811533333334,1.290391,,True,True,True,0.260262,7.611533333334863e-05
57,45,20,1000,1,1.0,57_45_20_1000_1,smoother_31,True,4.310716,0.32017144866666664,4.630871,,True,True,True,0.320155,1.6448666666613043e-05
57,45,20,1000,1,1.0,57_45_20_1000_1,accel_gap_half,True,4.358225,0.2908381153333333,4.648932,,True,True,True,0.290707,0.00013111533333332037
57,45,20,1000,1,1.0,57_45_20_1000_1,accel_gap_double,True,4.358225,0.2908381153333333,4.648932,,True,True,True,0.290707,0.00013111533333332037
57,45,20,1000,1,1.0,57_45_20_1000_1,aux_gap_half,True,4.358225,0.2908381153333333,4.648932,,True,True,True,0.290707,0.00013111533333332037
57,45,20,1000,1,1.0,57_45_20_1000_1,aux_gap_double,True,4.358225,0.2908381153333333,4.648932,,True,True,True,0.290707,0.00013111533333332037
57,90,20,500,0,0.5,57_90_20_500_0,current,True,4.421234999999999,0.29883333333333334,4.719962557,,True,True,True,0.298727557,0.00010577633333336278
57,90,20,500,0,0.5,57_90_20_500_0,smoother_11,True,1.0491590000000004,2.88,3.928997557,,True,True,True,2.879838557,0.00016144300000009437
57,90,20,500,0,0.5,57_90_20_500_0,smoother_31,True,4.3509150000000005,0.3295,4.680366557,,True,True,True,0.329451557,4.844300000000912e-05
57,90,20,500,0,0.5,57_90_20_500_0,accel_gap_half,True,4.421234999999999,0.29883333333333334,4.719962557,,True,True,True,0.298727557,0.00010577633333336278
57,90,20,500,0,0.5,57_90_20_500_0,accel_gap_double,True,4.421234999999999,0.29883333333333334,4.719962557,,True,True,True,0.298727557,0.00010577633333336278
57,90,20,500,0,0.5,57_90_20_500_0,aux_gap_half,True,4.421234999999999,0.29883333333333334,4.719962557,,True,True,True,0.298727557,0.00010577633333336278
57,90,20,500,0,0.5,57_90_20_500_0,aux_gap_double,True,4.421234999999999,0.29883333333333334,4.719962557,,True,True,True,0.298727557,0.00010577633333336278
57,90,20,500,1,0.5,57_90_20_500_1,current,True,4.190722,0.5396666666666666,4.730261138,,True,True,True,0.539539138,0.0001275286666666542
57,90,20,500,1,0.5,57_90_20_500_1,smoother_11,True,1.2084140000000003,2.090333333333333,3.298621138,,True,True,True,2.090207138,0.00012619533333335653
57,90,20,500,1,0.5,57_90_20_500_1,smoother_31,True,4.360773,0.34,4.700614138,,True,True,True,0.339841138,0.00015886200000003736
57,90,20,500,1,0.5,57_90_20_500_1,accel_gap_half,True,4.190722,0.5396666666666666,4.730261138,,True,True,True,0.539539138,0.0001275286666666542
57,90,20,500,1,0.5,57_90_20_500_1,accel_gap_double,True,4.190722,0.5396666666666666,4.730261138,,True,True,True,0.539539138,0.0001275286666666542
57,90,20,500,1,0.5,57_90_20_500_1,aux_gap_half,True,4.190722,0.5396666666666666,4.730261138,,True,True,True,0.539539138,0.0001275286666666542
57,90,20,500,1,0.5,57_90_20_500_1,aux_gap_double,True,4.190722,0.5396666666666666,4.730261138,,True,True,True,0.539539138,0.0001275286666666542
57,90,20,1000,0,1.0,57_90_20_1000_0,current,True,3.4003929999999998,1.2901666666666667,4.6905151,,True,True,True,1.2901221,4.456666666663445e-05
57,90,20,1000,0,1.0,57_90_20_1000_0,smoother_11,True,0.6412710000000001,2.7998333333333334,3.4409931,,True,True,False,2.7997221,0.00011123333333351582
57,90,20,1000,0,1.0,57_90_20_1000_0,smoother_31,True,4.341429,0.31933333333333336,4.6607091,,True,True,True,0.3192801,5.323333333334679e-05
57,90,20,1000,0,1.0,57_90_20_1000_0,accel_gap_half,True,3.4003929999999998,1.2901666666666667,4.6905151,,True,True,True,1.2901221,4.456666666663445e-05
57,90,20,1000,0,1.0,57_90_20_1000_0,accel_gap_double,True,3.4003929999999998,1.2901666666666667,4.6905151,,True,True,True,1.2901221,4.456666666663445e-05
57,90,20,1000,0,1.0,57_90_20_1000_0,aux_gap_half,True,3.4003929999999998,1.2901666666666667,4.6905151,,True,True,True,1.2901221,4.456666666663445e-05
57,90,20,1000,0,1.0,57_90_20_1000_0,aux_gap_double,True,3.4003929999999998,1.2901666666666667,4.6905151,,True,True,True,1.2901221,4.456666666663445e-05
57,90,20,1000,1,1.0,57_90_20_1000_1,current,True,2.909368,1.80059374,4.70983,,True,True,True,1.800462,0.00013174000000004682
57,90,20,1000,1,1.0,57_90_20_1000_1,smoother_11,True,0.790047,0.2704270733333333,1.060329,,True,True,False,0.270282,0.00014507333333330097
57,90,20,1000,1,1.0,57_90_20_1000_1,smoother_31,True,4.350846,0.32959374,4.680336,,True,True,True,0.32949,0.00010374000000001882
57,90,20,1000,1,1.0,57_90_20_1000_1,accel_gap_half,True,2.909368,1.80059374,4.70983,,True,True,True,1.800462,0.00013174000000004682
57,90,20,1000,1,1.0,57_90_20_1000_1,accel_gap_double,True,2.909368,1.80059374,4.70983,,True,True,True,1.800462,0.00013174000000004682
57,90,20,1000,1,1.0,57_90_20_1000_1,aux_gap_half,True,2.909368,1.80059374,4.70983,,True,True,True,1.800462,0.00013174000000004682
57,90,20,1000,1,1.0,57_90_20_1000_1,aux_gap_double,True,2.909368,1.80059374,4.70983,,True,True,True,1.800462,0.00013174000000004682
57,135,20,500,0,0.5,57_135_20_500_0,current,True,2.281323,0.309099907,2.590395,,True,True,True,0.309072,2.7906999999993687e-05
57,135,20,500,0,0.5,57_135_20_500_0,smoother_11,True,1.1710100000000003,2.650266573666667,3.821194,,True,True,True,2.650184,8.257366666697408e-05
57,135,20,500,0,0.5,57_135_20_500_0,smoother_31,True,4.32961,0.33993324033333333,4.669517,,True,True,True,0.339907,2.62403333333161e-05
57,135,20,500,0,0.5,57_135_20_500_0,accel_gap_half,True,2.281323,0.309099907,2.590395,,True,True,True,0.309072,2.7906999999993687e-05
57,135,20,500,0,0.5,57_135_20_500_0,accel_gap_double,True,2.281323,0.309099907,2.590395,,True,True,True,0.309072,2.7906999999993687e-05
57,135,20,500,0,0.5,57_135_20_500_0,aux_gap_half,True,2.281323,0.309099907,2.590395,,True,True,True,0.309072,2.7906999999993687e-05
57,135,20,500,0,0.5,57_135_20_500_0,aux_gap_double,True,2.281323,0.309099907,2.590395,,True,True,True,0.309072,2.7906999999993687e-05
57,135,20,500,1,0.5,57_135_20_500_1,current,True,4.388903999999999,0.30033333333333334,4.689130194,,True,True,True,0.300226194,0.00010713933333333925
57,135,20,500,1,0.5,57_135_20_500_1,smoother_11,True,0.8103969999999999,0.5903333333333334,1.400683194,,True,True,False,0.590286194,4.7139333333334754e-05
57,135,20,500,1,0.5,57_135_20_500_1,smoother_31,True,4.318098,0.3308333333333333,4.648868194,,True,True,True,0.330770194,6.313933333329524e-05
57,135,20,500,1,0.5,57_135_20_500_1,accel_gap_half,True,4.388903999999999,0.30033333333333334,4.689130194,,True,True,True,0.300226194,0.00010713933333333925
57,135,20,500,1,0.5,57_135_20_500_1,accel_gap_double,True,4.388903999999999,0.30033333333333334,4.689130194,,True,True,True,0.300226194,0.00010713933333333925
57,135,20,500,1,0.5,57_135_20_500_1,aux_gap_half,True,4.388903999999999,0.30033333333333334,4.689130194,,True,True,True,0.300226194,0.00010713933333333925
57,135,20,500,1,0.5,57_135_20_500_1,aux_gap_double,True,4.388903999999999,0.30033333333333334,4.689130194,,True,True,True,0.300226194,0.00010713933333333925
57,135,20,1000,0,1.0,57_135_20_1000_0,current,True,4.380601,0.299538639,4.680003,,True,True,True,0.299402,0.00013663899999999396
57,135,20,1000,0,1.0,57_135_20_1000_0,smoother_11,True,1.019384,0.9307053056666666,1.949983,,True,True,True,0.930599,0.00010630566666669505
57,135,20,1000,0,1.0,57_135_20_1000_0,smoother_31,True,4.321419000000001,0.329038639,4.650335,,True,True,True,0.328916,0.00012263900000003547
57,135,20,1000,0,1.0,57_135_20_1000_0,accel_gap_half,True,4.380601,0.299538639,4.680003,,True,True,True,0.299402,0.00013663899999999396
57,135,20,1000,0,1.0,57_135_20_1000_0,accel_gap_double,True,4.380601,0.299538639,4.680003,,True,True,True,0.299402,0.00013663899999999396
57,135,20,1000,0,1.0,57_135_20_1000_0,aux_gap_half,True,4.380601,0.299538639,4.680003,,True,True,True,0.299402,0.00013663899999999396
57,135,20,1000,0,1.0,57_135_20_1000_0,aux_gap_double,True,4.380601,0.299538639,4.680003,,True,True,True,0.299402,0.00013663899999999396
57,135,20,1000,1,1.0,57_135_20_1000_1,current,True,2.0709930000000005,2.60910153,4.679967,,True,True,True,2.608974,0.0001275299999998758
57,135,20,1000,1,1.0,57_135_20_1000_1,smoother_11,True,0.5580260000000001,1.6614348633333333,2.219332,,True,True,False,1.661306,0.0001288633333333955
57,135,20,1000,1,1.0,57_135_20_1000_1,smoother_31,True,4.320472,0.33010153000000003,4.650449,,True,True,True,0.329977,0.00012453000000001158
57,135,20,1000,1,1.0,57_135_20_1000_1,accel_gap_half,True,2.0709930000000005,2.60910153,4.679967,,True,True,True,2.608974,0.0001275299999998758
57,135,20,1000,1,1.0,57_135_20_1000_1,accel_gap_double,True,2.0709930000000005,2.60910153,4.679967,,True,True,True,2.608974,0.0001275299999998758
57,135,20,1000,1,1.0,57_135_20_1000_1,aux_gap_half,True,2.0709930000000005,2.60910153,4.679967,,True,True,True,2.608974,0.0001275299999998758
57,135,20,1000,1,1.0,57_135_20_1000_1,aux_gap_double,True,2.0709930000000005,2.60910153,4.679967,,True,True,True,2.608974,0.0001275299999998758
57,180,20,500,0,0.5,57_180_20_500_0,current,True,2.671669,2.0396666666666667,4.711233689,,True,True,True,2.039564689,0.00010197766666664165
57,180,20,500,0,0.5,57_180_20_500_0,smoother_11,True,0.5307470000000001,1.0295,1.560175689,,True,True,False,1.029428689,7.131100000012935e-05
57,180,20,500,0,0.5,57_180_20_500_0,smoother_31,True,4.360931,0.32,4.680797689,,True,True,True,0.319866689,0.00013331100000002483
57,180,20,500,0,0.5,57_180_20_500_0,accel_gap_half,True,2.671669,2.0396666666666667,4.711233689,,True,True,True,2.039564689,0.00010197766666664165
57,180,20,500,0,0.5,57_180_20_500_0,accel_gap_double,True,2.671669,2.0396666666666667,4.711233689,,True,True,True,2.039564689,0.00010197766666664165
57,180,20,500,0,0.5,57_180_20_500_0,aux_gap_half,True,2.671669,2.0396666666666667,4.711233689,,True,True,True,2.039564689,0.00010197766666664165
57,180,20,500,0,0.5,57_180_20_500_0,aux_gap_double,True,2.671669,2.0396666666666667,4.711233689,,True,True,True,2.039564689,0.00010197766666664165
57,180,20,500,1,0.5,57_180_20_500_1,current,True,4.419105,0.30033333333333334,4.719294483,,True,True,True,0.300189483,0.00014385033333336184
57,180,20,500,1,0.5,57_180_20_500_1,smoother_11,True,0.8495179999999998,2.181,3.030503483,,True,True,False,2.180985483,1.4516999999880653e-05
57,180,20,500,1,0.5,57_180_20_500_1,smoother_31,True,4.3606940000000005,0.3303333333333333,4.691009483,,True,True,True,0.330315483,1.7850333333291335e-05
57,180,20,500,1,0.5,57_180_20_500_1,accel_gap_half,True,4.419105,0.30033333333333334,4.719294483,,True,True,True,0.300189483,0.00014385033333336184
57,180,20,500,1,0.5,57_180_20_500_1,accel_gap_double,True,4.419105,0.30033333333333334,4.719294483,,True,True,True,0.300189483,0.00014385033333336184
57,180,20,500,1,0.5,57_180_20_500_1,aux_gap_half,True,4.419105,0.30033333333333334,4.719294483,,True,True,True,0.300189483,0.00014385033333336184
57,180,20,500,1,0.5,57_180_20_500_1,aux_gap_double,True,4.419105,0.30033333333333334,4.719294483,,True,True,True,0.300189483,0.00014385033333336184
57,180,20,1000,0,1.0,57_180_20_1000_0,current,True,4.419542,0.2806666666666667,4.700156811,,True,True,True,0.280614811,5.1855666666655864e-05
57,180,20,1000,0,1.0,57_180_20_1000_0,smoother_11,True,0.9106010000000002,3.3195,4.230040811,,True,True,False,3.319439811,6.018900000004379e-05
57,180,20,1000,0,1.0,57_180_20_1000_0,smoother_31,True,4.349245000000001,0.32083333333333336,4.670044811,,True,True,True,0.320799811,3.352233333336896e-05
57,180,20,1000,0,1.0,57_180_20_1000_0,accel_gap_half,True,4.419542,0.2806666666666667,4.700156811,,True,True,True,0.280614811,5.1855666666655864e-05
57,180,20,1000,0,1.0,57_180_20_1000_0,accel_gap_double,True,4.419542,0.2806666666666667,4.700156811,,True,True,True,0.280614811,5.1855666666655864e-05
57,180,20,1000,0,1.0,57_180_20_1000_0,aux_gap_half,True,4.419542,0.2806666666666667,4.700156811,,True,True,True,0.280614811,5.1855666666655864e-05
57,180,20,1000,0,1.0,57_180_20_1000_0,aux_gap_double,True,4.419542,0.2806666666666667,4.700156811,,True,True,True,0.280614811,5.1855666666655864e-05
57,180,20,1000,1,1.0,57_180_20_1000_1,current,True,2.908876,0.29085856433333335,3.199607,,True,True,True,0.290731,0.00012756433333332984
57,180,20,1000,1,1.0,57_180_20_1000_1,smoother_11,True,1.211181,1.7196918976666666,2.930752,,True,True,True,1.719571,0.00012089766666667501
57,180,20,1000,1,1.0,57_180_20_1000_1,smoother_31,True,4.329983,0.320525231,4.650397,,True,True,True,0.320414,0.00011123100000004493
57,180,20,1000,1,1.0,57_180_20_1000_1,accel_gap_half,True,2.908876,0.29085856433333335,3.199607,,True,True,True,0.290731,0.00012756433333332984
57,180,20,1000,1,1.0,57_180_20_1000_1,accel_gap_double,True,2.908876,0.29085856433333335,3.199607,,True,True,True,0.290731,0.00012756433333332984
57,180,20,1000,1,1.0,57_180_20_1000_1,aux_gap_half,True,2.908876,0.29085856433333335,3.199607,,True,True,True,0.290731,0.00012756433333332984
57,180,20,1000,1,1.0,57_180_20_1000_1,aux_gap_double,True,2.908876,0.29085856433333335,3.199607,,True,True,True,0.290731,0.00012756433333332984
57,225,20,500,0,0.5,57_225_20_500_0,current,True,2.3791979999999997,0.2899222303333333,2.669043,,True,True,True,0.289845,7.72303333332891e-05
57,225,20,500,0,0.5,57_225_20_500_0,smoother_11,True,1.5388030000000001,3.120088897,4.658742,,True,True,True,3.119939,0.00014989700000000994
57,225,20,500,0,0.5,57_225_20_500_0,smoother_31,True,4.320237,0.31925556366666663,4.639352,,True,True,True,0.319115,0.00014056366666664877
57,225,20,500,0,0.5,57_225_20_500_0,accel_gap_half,True,2.3791979999999997,0.2899222303333333,2.669043,,True,True,True,0.289845,7.72303333332891e-05
57,225,20,500,0,0.5,57_225_20_500_0,accel_gap_double,True,2.3791979999999997,0.2899222303333333,2.669043,,True,True,True,0.289845,7.72303333332891e-05
57,225,20,500,0,0.5,57_225_20_500_0,aux_gap_half,True,2.3791979999999997,0.2899222303333333,2.669043,,True,True,True,0.289845,7.72303333332891e-05
57,225,20,500,0,0.5,57_225_20_500_0,aux_gap_double,True,2.3791979999999997,0.2899222303333333,2.669043,,True,True,True,0.289845,7.72303333332891e-05
57,225,20,500,1,0.5,57_225_20_500_1,current,True,2.5692890000000004,0.3006666666666667,2.869921698,,True,True,True,0.300632698,3.396866666671716e-05
57,225,20,500,1,0.5,57_225_20_500_1,smoother_11,True,1.0109569999999999,2.9295,3.940378698,,True,True,True,2.929421698,7.830199999991905e-05
57,225,20,500,1,0.5,57_225_20_500_1,smoother_31,True,4.318982,0.3298333333333333,4.648742698,,True,True,True,0.329760698,7.263533333329297e-05
57,225,20,500,1,0.5,57_225_20_500_1,accel_gap_half,True,2.5692890000000004,0.3006666666666667,2.869921698,,True,True,True,0.300632698,3.396866666671716e-05
57,225,20,500,1,0.5,57_225_20_500_1,accel_gap_double,True,2.5692890000000004,0.3006666666666667,2.869921698,,True,True,True,0.300632698,3.396866666671716e-05
57,225,20,500,1,0.5,57_225_20_500_1,aux_gap_half,True,2.5692890000000004,0.3006666666666667,2.869921698,,True,True,True,0.300632698,3.396866666671716e-05
57,225,20,500,1,0.5,57_225_20_500_1,aux_gap_double,True,2.5692890000000004,0.3006666666666667,2.869921698,,True,True,True,0.300632698,3.396866666671716e-05
57,225,20,1000,0,1.0,57_225_20_1000_0,current,True,1.710635,0.28933333333333333,1.999934581,,True,True,True,0.289299581,3.375233333335892e-05
57,225,20,1000,0,1.0,57_225_20_1000_0,smoother_11,True,1.200901,0.25966666666666666,1.460439581,,True,True,True,0.259538581,0.00012808566666666632
57,225,20,1000,0,1.0,57_225_20_1000_0,smoother_31,True,4.310155,0.31966666666666665,4.629735581,,True,True,True,0.319580581,8.608566666667983e-05
57,225,20,1000,0,1.0,57_225_20_1000_0,accel_gap_half,True,1.710635,0.28933333333333333,1.999934581,,True,True,True,0.289299581,3.375233333335892e-05
57,225,20,1000,0,1.0,57_225_20_1000_0,accel_gap_double,True,1.710635,0.28933333333333333,1.999934581,,True,True,True,0.289299581,3.375233333335892e-05
57,225,20,1000,0,1.0,57_225_20_1000_0,aux_gap_half,True,1.710635,0.28933333333333333,1.999934581,,True,True,True,0.289299581,3.375233333335892e-05
57,225,20,1000,0,1.0,57_225_20_1000_0,aux_gap_double,True,1.710635,0.28933333333333333,1.999934581,,True,True,True,0.289299581,3.375233333335892e-05
57,225,20,1000,1,1.0,57_225_20_1000_1,current,True,4.370252,0.289537389,4.6597,,True,True,True,0.289448,8.938899999999528e-05
57,225,20,1000,1,1.0,57_225_20_1000_1,smoother_11,True,0.6889040000000001,0.5403707223333334,1.229273,,True,True,False,0.540369,1.7223333333982183e-06
57,225,20,1000,1,1.0,57_225_20_1000_1,smoother_31,True,4.320633000000001,0.31020405566666664,4.630804,,True,True,True,0.310171,3.305566666667037e-05
57,225,20,1000,1,1.0,57_225_20_1000_1,accel_gap_half,True,4.370252,0.289537389,4.6597,,True,True,True,0.289448,8.938899999999528e-05
57,225,20,1000,1,1.0,57_225_20_1000_1,accel_gap_double,True,4.370252,0.289537389,4.6597,,True,True,True,0.289448,8.938899999999528e-05
57,225,20,1000,1,1.0,57_225_20_1000_1,aux_gap_half,True,4.370252,0.289537389,4.6597,,True,True,True,0.289448,8.938899999999528e-05
57,225,20,1000,1,1.0,57_225_20_1000_1,aux_gap_double,True,4.370252,0.289537389,4.6597,,True,True,True,0.289448,8.938899999999528e-05
57,270,20,500,0,0.5,57_270_20_500_0,current,True,3.560504,1.1397056426666665,4.700063,,True,True,True,1.139559,0.00014664266666652992
57,270,20,500,0,0.5,57_270_20_500_0,smoother_11,True,0.7896090000000002,1.5907056426666666,2.380196,,True,True,False,1.590587,0.00011864266666661294
57,270,20,500,0,0.5,57_270_20_500_0,smoother_31,True,4.3602050000000006,0.3198723093333334,4.679914,,True,True,True,0.319709,0.00016330933333336128
57,270,20,500,0,0.5,57_270_20_500_0,accel_gap_half,True,3.560504,1.1397056426666665,4.700063,,True,True,True,1.139559,0.00014664266666652992
57,270,20,500,0,0.5,57_270_20_500_0,accel_gap_double,True,3.560504,1.1397056426666665,4.700063,,True,True,True,1.139559,0.00014664266666652992
57,270,20,500,0,0.5,57_270_20_500_0,aux_gap_half,True,3.560504,1.1397056426666665,4.700063,,True,True,True,1.139559,0.00014664266666652992
57,270,20,500,0,0.5,57_270_20_500_0,aux_gap_double,True,3.560504,1.1397056426666665,4.700063,,True,True,True,1.139559,0.00014664266666652992
57,270,20,500,1,0.5,57_270_20_500_1,current,True,4.400238000000001,0.3001666666666667,4.700243666,,True,True,True,0.300005666,0.00016100066666668855
57,270,20,500,1,0.5,57_270_20_500_1,smoother_11,True,1.0785599999999995,3.6505,4.728990666,,True,True,True,3.650430666,6.933399999997647e-05
57,270,20,500,1,0.5,57_270_20_500_1,smoother_31,True,4.34094,0.32966666666666666,4.670548666,,True,True,True,0.329608666,5.800066666666881e-05
57,270,20,500,1,0.5,57_270_20_500_1,accel_gap_half,True,4.400238000000001,0.3001666666666667,4.700243666,,True,True,True,0.300005666,0.00016100066666668855
57,270,20,500,1,0.5,57_270_20_500_1,accel_gap_double,True,4.400238000000001,0.3001666666666667,4.700243666,,True,True,True,0.300005666,0.00016100066666668855
57,270,20,500,1,0.5,57_270_20_500_1,aux_gap_half,True,4.400238000000001,0.3001666666666667,4.700243666,,True,True,True,0.300005666,0.00016100066666668855
57,270,20,500,1,0.5,57_270_20_500_1,aux_gap_double,True,4.400238000000001,0.3001666666666667,4.700243666,,True,True,True,0.300005666,0.00016100066666668855
57,270,20,1000,0,1.0,57_270_20_1000_0,current,True,4.400564,0.2791666666666667,4.679591792,,True,True,True,0.279027792,0.00013887466666667736
57,270,20,1000,0,1.0,57_270_20_1000_0,smoother_11,True,1.0504730000000002,2.019833333333333,3.070261792,,True,True,True,2.019788792,4.4541333333203426e-05
57,270,20,1000,0,1.0,57_270_20_1000_0,smoother_31,True,4.339051,0.3105,4.649384792,,True,True,True,0.310333792,0.00016620800000000102
57,270,20,1000,0,1.0,57_270_20_1000_0,accel_gap_half,True,4.400564,0.2791666666666667,4.679591792,,True,True,True,0.279027792,0.00013887466666667736
57,270,20,1000,0,1.0,57_270_20_1000_0,accel_gap_double,True,4.400564,0.2791666666666667,4.679591792,,True,True,True,0.279027792,0.00013887466666667736
57,270,20,1000,0,1.0,57_270_20_1000_0,aux_gap_half,True,4.400564,0.2791666666666667,4.679591792,,True,True,True,0.279027792,0.00013887466666667736
57,270,20,1000,0,1.0,57_270_20_1000_0,aux_gap_double,True,4.400564,0.2791666666666667,4.679591792,,True,True,True,0.279027792,0.00013887466666667736
57,270,20,1000,1,1.0,57_270_20_1000_1,current,True,2.108731,2.589233781,4.69789,,True,True,True,2.589159,7.478099999991272e-05
57,270,20,1000,1,1.0,57_270_20_1000_1,smoother_11,True,0.5303680000000002,2.589233781,3.119527,,True,True,False,2.589159,7.478099999991272e-05
57,270,20,1000,1,1.0,57_270_20_1000_1,smoother_31,True,4.351003,0.318733781,4.669657,,True,True,True,0.318654,7.978100000000099e-05
57,270,20,1000,1,1.0,57_270_20_1000_1,accel_gap_half,True,2.108731,2.589233781,4.69789,,True,True,True,2.589159,7.478099999991272e-05
57,270,20,1000,1,1.0,57_270_20_1000_1,accel_gap_double,True,2.108731,2.589233781,4.69789,,True,True,True,2.589159,7.478099999991272e-05
57,270,20,1000,1,1.0,57_270_20_1000_1,aux_gap_half,True,2.108731,2.589233781,4.69789,,True,True,True,2.589159,7.478099999991272e-05
57,270,20,1000,1,1.0,57_270_20_1000_1,aux_gap_double,True,2.108731,2.589233781,4.69789,,True,True,True,2.589159,7.478099999991272e-05
57,315,20,500,0,0.5,57_315_20_500_0,current,True,2.7915279999999996,1.879026095,4.670525,,True,True,True,1.878997,2.9094999999923488e-05
57,315,20,500,0,0.5,57_315_20_500_0,smoother_11,True,0.7003730000000001,1.899026095,2.599368,,True,True,False,1.898995,3.1094999999981e-05
57,315,20,500,0,0.5,57_315_20_500_0,smoother_31,True,4.32972,0.310526095,4.640244,,True,True,True,0.310524,2.094999999979752e-06
57,315,20,500,0,0.5,57_315_20_500_0,accel_gap_half,True,2.7915279999999996,1.879026095,4.670525,,True,True,True,1.878997,2.9094999999923488e-05
57,315,20,500,0,0.5,57_315_20_500_0,accel_gap_double,True,2.7915279999999996,1.879026095,4.670525,,True,True,True,1.878997,2.9094999999923488e-05
57,315,20,500,0,0.5,57_315_20_500_0,aux_gap_half,True,2.7915279999999996,1.879026095,4.670525,,True,True,True,1.878997,2.9094999999923488e-05
57,315,20,500,0,0.5,57_315_20_500_0,aux_gap_double,True,2.7915279999999996,1.879026095,4.670525,,True,True,True,1.878997,2.9094999999923488e-05
57,315,20,500,1,0.5,57_315_20_500_1,current,True,3.5105540000000004,1.1491666666666667,4.659705855,,True,True,True,1.149151855,1.4811666666725287e-05
57,315,20,500,1,0.5,57_315_20_500_1,smoother_11,True,1.2509899999999998,2.589,3.839946855,,True,True,True,2.588956855,4.314499999980015e-05
57,315,20,500,1,0.5,57_315_20_500_1,smoother_31,True,4.309515,0.32,4.629475855,,True,True,True,0.319960855,3.914500000001819e-05
57,315,20,500,1,0.5,57_315_20_500_1,accel_gap_half,True,3.5105540000000004,1.1491666666666667,4.659705855,,True,True,True,1.149151855,1.4811666666725287e-05
57,315,20,500,1,0.5,57_315_20_500_1,accel_gap_double,True,3.5105540000000004,1.1491666666666667,4.659705855,,True,True,True,1.149151855,1.4811666666725287e-05
57,315,20,500,1,0.5,57_315_20_500_1,aux_gap_half,True,3.5105540000000004,1.1491666666666667,4.659705855,,True,True,True,1.149151855,1.4811666666725287e-05
57,315,20,500,1,0.5,57_315_20_500_1,aux_gap_double,True,3.5105540000000004,1.1491666666666667,4.659705855,,True,True,True,1.149151855,1.4811666666725287e-05
57,315,20,1000,0,1.0,57_315_20_1000_0,current,True,4.3887540000000005,0.2803642843333333,4.669061,,True,True,True,0.280307,5.72843333333517e-05
57,315,20,1000,0,1.0,57_315_20_1000_0,smoother_11,True,1.0511779999999997,2.560030951,3.611105,,True,True,True,2.559927,0.00010395099999982449
57,315,20,1000,0,1.0,57_315_20_1000_0,smoother_31,True,4.3199629999999996,0.319530951,4.639466,,True,True,True,0.319503,2.795100000002604e-05
57,315,20,1000,0,1.0,57_315_20_1000_0,accel_gap_half,True,4.3887540000000005,0.2803642843333333,4.669061,,True,True,True,0.280307,5.72843333333517e-05
57,315,20,1000,0,1.0,57_315_20_1000_0,accel_gap_double,True,4.3887540000000005,0.2803642843333333,4.669061,,True,True,True,0.280307,5.72843333333517e-05
57,315,20,1000,0,1.0,57_315_20_1000_0,aux_gap_half,True,4.3887540000000005,0.2803642843333333,4.669061,,True,True,True,0.280307,5.72843333333517e-05
57,315,20,1000,0,1.0,57_315_20_1000_0,aux_gap_double,True,4.3887540000000005,0.2803642843333333,4.669061,,True,True,True,0.280307,5.72843333333517e-05
57,315,20,1000,1,1.0,57_315_20_1000_1,current,True,2.520684,0.2993228683333333,2.819967,,True,True,True,0.299283,3.986833333330386e-05
57,315,20,1000,1,1.0,57_315_20_1000_1,smoother_11,True,0.6911780000000001,0.949489535,1.640522,,True,True,False,0.949344,0.00014553500000002995
57,315,20,1000,1,1.0,57_315_20_1000_1,smoother_31,True,4.318944999999999,0.3308228683333333,4.649753,,True,True,True,0.330808,1.4868333333306616e-05
57,315,20,1000,1,1.0,57_315_20_1000_1,accel_gap_half,True,2.520684,0.2993228683333333,2.819967,,True,True,True,0.299283,3.986833333330386e-05
57,315,20,1000,1,1.0,57_315_20_1000_1,accel_gap_double,True,2.520684,0.2993228683333333,2.819967,,True,True,True,0.299283,3.986833333330386e-05
57,315,20,1000,1,1.0,57_315_20_1000_1,aux_gap_half,True,2.520684,0.2993228683333333,2.819967,,True,True,True,0.299283,3.986833333330386e-05
57,315,20,1000,1,1.0,57_315_20_1000_1,aux_gap_double,True,2.520684,0.2993228683333333,2.819967,,True,True,True,0.299283,3.986833333330386e-05
57,45,30,500,0,0.5,57_45_30_500_0,current,True,2.879611,0.301020436,3.180559,,True,True,True,0.300948,7.243600000000905e-05
57,45,30,500,0,0.5,57_45_30_500_0,smoother_11,True,1.168697,0.28052043600000004,1.449181,,True,True,True,0.280484,3.643600000002856e-05
57,45,30,500,0,0.5,57_45_30_500_0,smoother_31,True,2.81837,0.3313537693333333,3.149721,,True,True,True,0.331351,2.7693333333189685e-06
57,45,30,500,0,0.5,57_45_30_500_0,accel_gap_half,True,2.879611,0.301020436,3.180559,,True,True,True,0.300948,7.243600000000905e-05
57,45,30,500,0,0.5,57_45_30_500_0,accel_gap_double,True,2.879611,0.301020436,3.180559,,True,True,True,0.300948,7.243600000000905e-05
57,45,30,500,0,0.5,57_45_30_500_0,aux_gap_half,True,2.879611,0.301020436,3.180559,,True,True,True,0.300948,7.243600000000905e-05
57,45,30,500,0,0.5,57_45_30_500_0,aux_gap_double,True,2.879611,0.301020436,3.180559,,True,True,True,0.300948,7.243600000000905e-05
57,45,30,500,1,0.5,57_45_30_500_1,current,True,2.568599,0.2705,2.839057801,,True,True,True,0.270458801,4.119899999999177e-05
57,45,30,500,1,0.5,57_45_30_500_1,smoother_11,True,0.5903529999999999,0.5695,1.159691801,,True,True,False,0.569338801,0.00016119900000000076
57,45,30,500,1,0.5,57_45_30_500_1,smoother_31,True,2.820759,0.2995,3.120188801,,True,True,True,0.299429801,7.019899999999302e-05
57,45,30,500,1,0.5,57_45_30_500_1,accel_gap_half,True,2.568599,0.2705,2.839057801,,True,True,True,0.270458801,4.119899999999177e-05
57,45,30,500,1,0.5,57_45_30_500_1,accel_gap_double,True,2.568599,0.2705,2.839057801,,True,True,True,0.270458801,4.119899999999177e-05
57,45,30,500,1,0.5,57_45_30_500_1,aux_gap_half,True,2.568599,0.2705,2.839057801,,True,True,True,0.270458801,4.119899999999177e-05
57,45,30,500,1,0.5,57_45_30_500_1,aux_gap_double,True,2.568599,0.2705,2.839057801,,True,True,True,0.270458801,4.119899999999177e-05
57,45,30,1000,0,1.0,57_45_30_1000_0,current,True,2.879565,0.279521355,3.159008,,True,True,True,0.279443,7.835500000002993e-05
57,45,30,1000,0,1.0,57_45_30_1000_0,smoother_11,True,1.1798639999999998,0.6898546883333333,1.869697,,True,True,True,0.689833,2.1688333333269583e-05
57,45,30,1000,0,1.0,57_45_30_1000_0,smoother_31,True,2.819629,0.309521355,3.129137,,True,True,True,0.309508,1.3354999999992678e-05
57,45,30,1000,0,1.0,57_45_30_1000_0,accel_gap_half,True,2.879565,0.279521355,3.159008,,True,True,True,0.279443,7.835500000002993e-05
57,45,30,1000,0,1.0,57_45_30_1000_0,accel_gap_double,True,2.879565,0.279521355,3.159008,,True,True,True,0.279443,7.835500000002993e-05
57,45,30,1000,0,1.0,57_45_30_1000_0,aux_gap_half,True,2.879565,0.279521355,3.159008,,True,True,True,0.279443,7.835500000002993e-05
57,45,30,1000,0,1.0,57_45_30_1000_0,aux_gap_double,True,2.879565,0.279521355,3.159008,,True,True,True,0.279443,7.835500000002993e-05
57,45,30,1000,1,1.0,57_45_30_1000_1,current,True,2.8508620000000002,0.2693537183333333,3.120203,,True,True,True,0.269341,1.2718333333328058e-05
57,45,30,1000,1,1.0,57_45_30_1000_1,smoother_11,True,1.859046,0.970520385,2.82951,,True,True,True,0.970464,5.638500000004765e-05
57,45,30,1000,1,1.0,57_45_30_1000_1,smoother_31,True,2.799051,0.30085371833333335,3.099882,,True,True,True,0.300831,2.271833333333806e-05
57,45,30,1000,1,1.0,57_45_30_1000_1,accel_gap_half,True,2.8508620000000002,0.2693537183333333,3.120203,,True,True,True,0.269341,1.2718333333328058e-05
57,45,30,1000,1,1.0,57_45_30_1000_1,accel_gap_double,True,2.8508620000000002,0.2693537183333333,3.120203,,True,True,True,0.269341,1.2718333333328058e-05
57,45,30,1000,1,1.0,57_45_30_1000_1,aux_gap_half,True,2.8508620000000002,0.2693537183333333,3.120203,,True,True,True,0.269341,1.2718333333328058e-05
57,45,30,1000,1,1.0,57_45_30_1000_1,aux_gap_double,True,2.8508620000000002,0.2693537183333333,3.120203,,True,True,True,0.269341,1.2718333333328058e-05
57,90,30,1000,0,1.0,57_90_30_1000_0,current,True,2.890153,0.28933333333333333,3.179378847,,True,True,True,0.289225847,0.00010748633333335089
57,90,30,1000,0,1.0,57_90_30_1000_0,smoother_11,True,1.169855,0.26066666666666666,1.430459847,,True,True,True,0.260604847,6.181966666668481e-05
57,90,30,1000,0,1.0,57_90_30_1000_0,smoother_31,True,2.8095440000000003,0.32083333333333336,3.130291847,,True,True,True,0.320747847,8.54863333333844e-05
57,90,30,1000,0,1.0,57_90_30_1000_0,accel_gap_half,True,2.890153,0.28933333333333333,3.179378847,,True,True,True,0.289225847,0.00010748633333335089
57,90,30,1000,0,1.0,57_90_30_1000_0,accel_gap_double,True,2.890153,0.28933333333333333,3.179378847,,True,True,True,0.289225847,0.00010748633333335089
57,90,30,1000,0,1.0,57_90_30_1000_0,aux_gap_half,True,2.890153,0.28933333333333333,3.179378847,,True,True,True,0.289225847,0.00010748633333335089
57,90,30,1000,0,1.0,57_90_30_1000_0,aux_gap_double,True,2.890153,0.28933333333333333,3.179378847,,True,True,True,0.289225847,0.00010748633333335089
57,90,30,1000,1,1.0,57_90_30_1000_1,current,True,1.480287,0.30916666666666665,1.789382595,,True,True,True,0.309095595,7.107166666664444e-05
57,90,30,1000,1,1.0,57_90_30_1000_1,smoother_11,True,0.8710010000000001,2.349,3.219921595,,True,True,False,2.348920595,7.940500000014339e-05
57,90,30,1000,1,1.0,57_90_30_1000_1,smoother_31,True,2.8201739999999997,0.3396666666666667,3.159783595,,True,True,True,0.339609595,5.707166666668595e-05
57,90,30,1000,1,1.0,57_90_30_1000_1,accel_gap_half,True,1.480287,0.30916666666666665,1.789382595,,True,True,True,0.309095595,7.107166666664444e-05
57,90,30,1000,1,1.0,57_90_30_1000_1,accel_gap_double,True,1.480287,0.30916666666666665,1.789382595,,True,True,True,0.309095595,7.107166666664444e-05
57,90,30,1000,1,1.0,57_90_30_1000_1,aux_gap_half,True,1.480287,0.30916666666666665,1.789382595,,True,True,True,0.309095595,7.107166666664444e-05
57,90,30,1000,1,1.0,57_90_30_1000_1,aux_gap_double,True,1.480287,0.30916666666666665,1.789382595,,True,True,True,0.309095595,7.107166666664444e-05
57,135,30,500,0,0.5,57_135_30_500_0,current,True,2.868798,0.31016666666666665,3.178819556,,True,True,True,0.310021556,0.00014511066666667016
57,135,30,500,0,0.5,57_135_30_500_0,smoother_11,True,1.501476,0.2788333333333333,1.780300556,,True,True,True,0.278824556,8.777333333320758e-06
57,135,30,500,0,0.5,57_135_30_500_0,smoother_31,True,2.808507,0.341,3.149420556,,True,True,True,0.340913556,8.644400000001884e-05
57,135,30,500,0,0.5,57_135_30_500_0,accel_gap_half,True,2.868798,0.31016666666666665,3.178819556,,True,True,True,0.310021556,0.00014511066666667016
57,135,30,500,0,0.5,57_135_30_500_0,accel_gap_double,True,2.868798,0.31016666666666665,3.178819556,,True,True,True,0.310021556,0.00014511066666667016
57,135,30,500,0,0.5,57_135_30_500_0,aux_gap_half,True,2.868798,0.31016666666666665,3.178819556,,True,True,True,0.310021556,0.00014511066666667016
57,135,30,500,0,0.5,57_135_30_500_0,aux_gap_double,True,2.868798,0.31016666666666665,3.178819556,,True,True,True,0.310021556,0.00014511066666667016
57,135,30,500,1,0.5,57_135_30_500_1,current,True,1.849751,0.29038705033333334,2.140068,,True,True,True,0.290317,7.005033333334909e-05
57,135,30,500,1,0.5,57_135_30_500_1,smoother_11,True,1.520746,0.6097203836666667,2.130362,,True,True,True,0.609616,0.000104383666666652
57,135,30,500,1,0.5,57_135_30_500_1,smoother_31,True,2.810542,0.32022038366666666,3.130735,,True,True,True,0.320193,2.7383666666658257e-05
57,135,30,500,1,0.5,57_135_30_500_1,accel_gap_half,True,1.849751,0.29038705033333334,2.140068,,True,True,True,0.290317,7.005033333334909e-05
57,135,30,500,1,0.5,57_135_30_500_1,accel_gap_double,True,1.849751,0.29038705033333334,2.140068,,True,True,True,0.290317,7.005033333334909e-05
57,135,30,500,1,0.5,57_135_30_500_1,aux_gap_half,True,1.849751,0.29038705033333334,2.140068,,True,True,True,0.290317,7.005033333334909e-05
57,135,30,500,1,0.5,57_135_30_500_1,aux_gap_double,True,1.849751,0.29038705033333334,2.140068,,True,True,True,0.290317,7.005033333334909e-05
57,135,30,1000,0,1.0,57_135_30_1000_0,current,True,2.8895570000000004,0.2894040923333333,3.178812,,True,True,True,0.289255,0.00014909233333332272
57,135,30,1000,0,1.0,57_135_30_1000_0,smoother_11,True,1.030773,0.6699040923333333,1.700539,,True,True,True,0.669766,0.00013809233333328397
57,135,30,1000,0,1.0,57_135_30_1000_0,smoother_31,True,2.809768,0.33973742566666665,3.149339,,True,True,True,0.339571,0.00016642566666663638
57,135,30,1000,0,1.0,57_135_30_1000_0,accel_gap_half,True,2.8895570000000004,0.2894040923333333,3.178812,,True,True,True,0.289255,0.00014909233333332272
57,135,30,1000,0,1.0,57_135_30_1000_0,accel_gap_double,True,2.8895570000000004,0.2894040923333333,3.178812,,True,True,True,0.289255,0.00014909233333332272
57,135,30,1000,0,1.0,57_135_30_1000_0,aux_gap_half,True,2.8895570000000004,0.2894040923333333,3.178812,,True,True,True,0.289255,0.00014909233333332272
57,135,30,1000,0,1.0,57_135_30_1000_0,aux_gap_double,True,2.8895570000000004,0.2894040923333333,3.178812,,True,True,True,0.289255,0.00014909233333332272
57,135,30,1000,1,1.0,57_135_30_1000_1,current,True,2.879302,0.29033333333333333,3.169611764,,True,True,True,0.290309764,2.3569333333306464e-05
57,135,30,1000,1,1.0,57_135_30_1000_1,smoother_11,True,0.9312410000000001,0.84,1.771237764,,True,True,False,0.839996764,3.235999999962047e-06
57,135,30,1000,1,1.0,57_135_30_1000_1,smoother_31,True,2.8204409999999998,0.32033333333333336,3.140706764,,True,True,True,0.320265764,6.756933333335047e-05
57,135,30,1000,1,1.0,57_135_30_1000_1,accel_gap_half,True,2.879302,0.29033333333333333,3.169611764,,True,True,True,0.290309764,2.3569333333306464e-05
57,135,30,1000,1,1.0,57_135_30_1000_1,accel_gap_double,True,2.879302,0.29033333333333333,3.169611764,,True,True,True,0.290309764,2.3569333333306464e-05
57,135,30,1000,1,1.0,57_135_30_1000_1,aux_gap_half,True,2.879302,0.29033333333333333,3.169611764,,True,True,True,0.290309764,2.3569333333306464e-05
57,135,30,1000,1,1.0,57_135_30_1000_1,aux_gap_double,True,2.879302,0.29033333333333333,3.169611764,,True,True,True,0.290309764,2.3569333333306464e-05
57,180,30,500,0,0.5,57_180_30_500_0,current,True,2.889725,0.289061782,3.178636,,True,True,True,0.288911,0.00015078200000001596
57,180,30,500,0,0.5,57_180_30_500_0,smoother_11,True,0.9493969999999998,1.5210617819999999,2.470426,,True,True,False,1.521029,3.278199999989795e-05
57,180,30,500,0,0.5,57_180_30_500_0,smoother_31,True,2.8304810000000002,0.319561782,3.149909,,True,True,True,0.319428,0.0001337820000000267
57,180,30,500,0,0.5,57_180_30_500_0,accel_gap_half,True,2.889725,0.289061782,3.178636,,True,True,True,0.288911,0.00015078200000001596
57,180,30,500,0,0.5,57_180_30_500_0,accel_gap_double,True,2.889725,0.289061782,3.178636,,True,True,True,0.288911,0.00015078200000001596
57,180,30,500,0,0.5,57_180_30_500_0,aux_gap_half,True,2.889725,0.289061782,3.178636,,True,True,True,0.288911,0.00015078200000001596
57,180,30,500,0,0.5,57_180_30_500_0,aux_gap_double,True,2.889725,0.289061782,3.178636,,True,True,True,0.288911,0.00015078200000001596
57,180,30,500,1,0.5,57_180_30_500_1,current,True,1.560199,0.29933333333333334,1.859531656,,True,True,True,0.299332656,6.77333333365393e-07
57,180,30,500,1,0.5,57_180_30_500_1,smoother_11,True,1.211227,0.6301666666666667,1.841242656,,True,True,True,0.630015656,0.0001510106666666733
57,180,30,500,1,0.5,57_180_30_500_1,smoother_31,True,2.8290319999999998,0.33066666666666666,3.159696656,,True,True,True,0.330664656,2.0106666666630524e-06
57,180,30,500,1,0.5,57_180_30_500_1,accel_gap_half,True,1.560199,0.29933333333333334,1.859531656,,True,True,True,0.299332656,6.77333333365393e-07
57,180,30,500,1,0.5,57_180_30_500_1,accel_gap_double,True,1.560199,0.29933333333333334,1.859531656,,True,True,True,0.299332656,6.77333333365393e-07
57,180,30,500,1,0.5,57_180_30_500_1,aux_gap_half,True,1.560199,0.29933333333333334,1.859531656,,True,True,True,0.299332656,6.77333333365393e-07
57,180,30,500,1,0.5,57_180_30_500_1,aux_gap_double,True,1.560199,0.29933333333333334,1.859531656,,True,True,True,0.299332656,6.77333333365393e-07
57,180,30,1000,0,1.0,57_180_30_1000_0,current,True,2.8608919999999998,0.2996666666666667,3.160426779,,True,True,True,0.299534779,0.00013188766666671903
57,180,30,1000,0,1.0,57_180_30_1000_0,smoother_11,True,1.629461,1.3701666666666668,2.999501779,,True,True,True,1.370040779,0.00012588766666676854
57,180,30,1000,0,1.0,57_180_30_1000_0,smoother_31,True,2.810998,0.32966666666666666,3.140526779,,True,True,True,0.329528779,0.00013788766666666952
57,180,30,1000,0,1.0,57_180_30_1000_0,accel_gap_half,True,2.8608919999999998,0.2996666666666667,3.160426779,,True,True,True,0.299534779,0.00013188766666671903
57,180,30,1000,0,1.0,57_180_30_1000_0,accel_gap_double,True,2.8608919999999998,0.2996666666666667,3.160426779,,True,True,True,0.299534779,0.00013188766666671903
57,180,30,1000,0,1.0,57_180_30_1000_0,aux_gap_half,True,2.8608919999999998,0.2996666666666667,3.160426779,,True,True,True,0.299534779,0.00013188766666671903
57,180,30,1000,0,1.0,57_180_30_1000_0,aux_gap_double,True,2.8608919999999998,0.2996666666666667,3.160426779,,True,True,True,0.299534779,0.00013188766666671903
57,180,30,1000,1,1.0,57_180_30_1000_1,current,True,2.869832,0.2905,3.160232509,,True,True,True,0.290400509,9.94910000000071e-05
57,180,30,1000,1,1.0,57_180_30_1000_1,smoother_11,True,0.860706,2.3296666666666668,3.190309509,,True,True,False,2.329603509,6.31576666667577e-05
57,180,30,1000,1,1.0,57_180_30_1000_1,smoother_31,True,2.810742,0.32033333333333336,3.130909509,,True,True,True,0.320167509,0.000165824333333342
57,180,30,1000,1,1.0,57_180_30_1000_1,accel_gap_half,True,2.869832,0.2905,3.160232509,,True,True,True,0.290400509,9.94910000000071e-05
57,180,30,1000,1,1.0,57_180_30_1000_1,accel_gap_double,True,2.869832,0.2905,3.160232509,,True,True,True,0.290400509,9.94910000000071e-05
57,180,30,1000,1,1.0,57_180_30_1000_1,aux_gap_half,True,2.869832,0.2905,3.160232509,,True,True,True,0.290400509,9.94910000000071e-05
57,180,30,1000,1,1.0,57_180_30_1000_1,aux_gap_double,True,2.869832,0.2905,3.160232509,,True,True,True,0.290400509,9.94910000000071e-05
57,225,30,500,0,0.5,57_225_30_500_0,current,True,1.708894,1.4406666666666668,3.149527492,,True,True,True,1.440633492,3.317466666685753e-05
57,225,30,500,0,0.5,57_225_30_500_0,smoother_11,True,1.3713780000000002,1.4688333333333334,2.840181492,,True,True,True,1.468803492,2.9841333333502362e-05
57,225,30,500,0,0.5,57_225_30_500_0,smoother_31,True,2.799424,0.31,3.109361492,,True,True,True,0.309937492,6.250800000001666e-05
57,225,30,500,0,0.5,57_225_30_500_0,accel_gap_half,True,1.708894,1.4406666666666668,3.149527492,,True,True,True,1.440633492,3.317466666685753e-05
57,225,30,500,0,0.5,57_225_30_500_0,accel_gap_double,True,1.708894,1.4406666666666668,3.149527492,,True,True,True,1.440633492,3.317466666685753e-05
57,225,30,500,0,0.5,57_225_30_500_0,aux_gap_half,True,1.708894,1.4406666666666668,3.149527492,,True,True,True,1.440633492,3.317466666685753e-05
57,225,30,500,0,0.5,57_225_30_500_0,aux_gap_double,True,1.708894,1.4406666666666668,3.149527492,,True,True,True,1.440633492,3.317466666685753e-05
57,225,30,500,1,0.5,57_225_30_500_1,current,True,2.8803150000000004,0.30018469566666667,3.180356,,True,True,True,0.300041,0.00014369566666666556
57,225,30,500,1,0.5,57_225_30_500_1,smoother_11,True,2.280428,0.9301846956666667,3.210509,,True,True,True,0.930081,0.00010369566666668106
57,225,30,500,1,0.5,57_225_30_500_1,smoother_31,True,2.8206629999999997,0.32868469566666664,3.14932,,True,True,True,0.328657,2.7695666666660568e-05
57,225,30,500,1,0.5,57_225_30_500_1,accel_gap_half,True,2.8803150000000004,0.30018469566666667,3.180356,,True,True,True,0.300041,0.00014369566666666556
57,225,30,500,1,0.5,57_225_30_500_1,accel_gap_double,True,2.8803150000000004,0.30018469566666667,3.180356,,True,True,True,0.300041,0.00014369566666666556
57,225,30,500,1,0.5,57_225_30_500_1,aux_gap_half,True,2.8803150000000004,0.30018469566666667,3.180356,,True,True,True,0.300041,0.00014369566666666556
57,225,30,500,1,0.5,57_225_30_500_1,aux_gap_double,True,2.8803150000000004,0.30018469566666667,3.180356,,True,True,True,0.300041,0.00014369566666666556
57,225,30,1000,0,1.0,57_225_30_1000_0,current,True,2.881057,0.29979205166666667,3.180807,,True,True,True,0.29975,4.205166666665372e-05
57,225,30,1000,0,1.0,57_225_30_1000_0,smoother_11,True,0.8793030000000001,0.269625385,1.148881,,True,True,False,0.269578,4.738500000001089e-05
57,225,30,1000,0,1.0,57_225_30_1000_0,smoother_31,True,2.8200589999999996,0.329625385,3.149679,,True,True,True,0.32962,5.384999999968887e-06
57,225,30,1000,0,1.0,57_225_30_1000_0,accel_gap_half,True,2.881057,0.29979205166666667,3.180807,,True,True,True,0.29975,4.205166666665372e-05
57,225,30,1000,0,1.0,57_225_30_1000_0,accel_gap_double,True,2.881057,0.29979205166666667,3.180807,,True,True,True,0.29975,4.205166666665372e-05
57,225,30,1000,0,1.0,57_225_30_1000_0,aux_gap_half,True,2.881057,0.29979205166666667,3.180807,,True,True,True,0.29975,4.205166666665372e-05
57,225,30,1000,0,1.0,57_225_30_1000_0,aux_gap_double,True,2.881057,0.29979205166666667,3.180807,,True,True,True,0.29975,4.205166666665372e-05
57,225,30,1000,1,1.0,57_225_30_1000_1,current,True,2.120125,0.28023143066666667,2.400314,,True,True,True,0.280189,4.243066666664852e-05
57,225,30,1000,1,1.0,57_225_30_1000_1,smoother_11,True,1.4411800000000001,0.8393980973333334,2.280551,,True,True,True,0.839371,2.709733333339237e-05
57,225,30,1000,1,1.0,57_225_30_1000_1,smoother_31,True,2.820497,0.31973143066666665,3.140146,,True,True,True,0.319649,8.243066666663301e-05
57,225,30,1000,1,1.0,57_225_30_1000_1,accel_gap_half,True,2.120125,0.28023143066666667,2.400314,,True,True,True,0.280189,4.243066666664852e-05
57,225,30,1000,1,1.0,57_225_30_1000_1,accel_gap_double,True,2.120125,0.28023143066666667,2.400314,,True,True,True,0.280189,4.243066666664852e-05
57,225,30,1000,1,1.0,57_225_30_1000_1,aux_gap_half,True,2.120125,0.28023143066666667,2.400314,,True,True,True,0.280189,4.243066666664852e-05
57,225,30,1000,1,1.0,57_225_30_1000_1,aux_gap_double,True,2.120125,0.28023143066666667,2.400314,,True,True,True,0.280189,4.243066666664852e-05
57,270,30,500,0,0.5,57_270_30_500_0,current,True,2.8786650000000003,0.2907369106666667,3.169366,,True,True,True,0.290701,3.591066666669418e-05
57,270,30,500,0,0.5,57_270_30_500_0,smoother_11,True,0.7280629999999999,0.720570244,1.448589,,True,True,False,0.720526,4.4244000000026595e-05
57,270,30,500,0,0.5,57_270_30_500_0,smoother_31,True,2.822098,0.31890357733333335,3.140907,,True,True,True,0.318809,9.45773333333455e-05
57,270,30,500,0,0.5,57_270_30_500_0,accel_gap_half,True,2.8786650000000003,0.2907369106666667,3.169366,,True,True,True,0.290701,3.591066666669418e-05
57,270,30,500,0,0.5,57_270_30_500_0,accel_gap_double,True,2.8786650000000003,0.2907369106666667,3.169366,,True,True,True,0.290701,3.591066666669418e-05
57,270,30,500,0,0.5,57_270_30_500_0,aux_gap_half,True,2.8786650000000003,0.2907369106666667,3.169366,,True,True,True,0.290701,3.591066666669418e-05
57,270,30,500,0,0.5,57_270_30_500_0,aux_gap_double,True,2.8786650000000003,0.2907369106666667,3.169366,,True,True,True,0.290701,3.591066666669418e-05
57,270,30,500,1,0.5,57_270_30_500_1,current,True,2.75008,0.2901666666666667,3.04009339,,True,True,True,0.29001339,0.0001532766666667018
57,270,30,500,1,0.5,57_270_30_500_1,smoother_11,True,1.1704120000000002,0.26033333333333336,1.43062539,,True,True,True,0.26021339,0.00011994333333337215
57,270,30,500,1,0.5,57_270_30_500_1,smoother_31,True,2.800019,0.32966666666666666,3.12964839,,True,True,True,0.32962939,3.727666666664131e-05
57,270,30,500,1,0.5,57_270_30_500_1,accel_gap_half,True,2.75008,0.2901666666666667,3.04009339,,True,True,True,0.29001339,0.0001532766666667018
57,270,30,500,1,0.5,57_270_30_500_1,accel_gap_double,True,2.75008,0.2901666666666667,3.04009339,,True,True,True,0.29001339,0.0001532766666667018
57,270,30,500,1,0.5,57_270_30_500_1,aux_gap_half,True,2.75008,0.2901666666666667,3.04009339,,True,True,True,0.29001339,0.0001532766666667018
57,270,30,500,1,0.5,57_270_30_500_1,aux_gap_double,True,2.75008,0.2901666666666667,3.04009339,,True,True,True,0.29001339,0.0001532766666667018
57,270,30,1000,0,1.0,57_270_30_1000_0,current,True,2.880104,0.29,3.169973682,,True,True,True,0.289869682,0.00013031799999996263
57,270,30,1000,0,1.0,57_270_30_1000_0,smoother_11,True,1.298747,0.75,2.048715682,,True,True,True,0.749968682,3.13180000000024e-05
57,270,30,1000,0,1.0,57_270_30_1000_0,smoother_31,True,2.821002,0.3195,3.140483682,,True,True,True,0.319481682,1.8318000000017154e-05
57,270,30,1000,0,1.0,57_270_30_1000_0,accel_gap_half,True,2.880104,0.29,3.169973682,,True,True,True,0.289869682,0.00013031799999996263
57,270,30,1000,0,1.0,57_270_30_1000_0,accel_gap_double,True,2.880104,0.29,3.169973682,,True,True,True,0.289869682,0.00013031799999996263
57,270,30,1000,0,1.0,57_270_30_1000_0,aux_gap_half,True,2.880104,0.29,3.169973682,,True,True,True,0.289869682,0.00013031799999996263
57,270,30,1000,0,1.0,57_270_30_1000_0,aux_gap_double,True,2.880104,0.29,3.169973682,,True,True,True,0.289869682,0.00013031799999996263
57,270,30,1000,1,1.0,57_270_30_1000_1,current,True,2.89018,0.2897395436666667,3.179888,,True,True,True,0.289708,3.154366666668906e-05
57,270,30,1000,1,1.0,57_270_30_1000_1,smoother_11,True,0.5105709999999997,2.2097395436666667,2.720194,,True,True,False,2.209623,0.00011654366666657978
57,270,30,1000,1,1.0,57_270_30_1000_1,smoother_31,True,2.809937,0.3199062103333334,3.129783,,True,True,True,0.319846,6.0210333333365895e-05
57,270,30,1000,1,1.0,57_270_30_1000_1,accel_gap_half,True,2.89018,0.2897395436666667,3.179888,,True,True,True,0.289708,3.154366666668906e-05
57,270,30,1000,1,1.0,57_270_30_1000_1,accel_gap_double,True,2.89018,0.2897395436666667,3.179888,,True,True,True,0.289708,3.154366666668906e-05
57,270,30,1000,1,1.0,57_270_30_1000_1,aux_gap_half,True,2.89018,0.2897395436666667,3.179888,,True,True,True,0.289708,3.154366666668906e-05
57,270,30,1000,1,1.0,57_270_30_1000_1,aux_gap_double,True,2.89018,0.2897395436666667,3.179888,,True,True,True,0.289708,3.154366666668906e-05
57,315,30,500,0,0.5,57_315_30_500_0,current,True,1.6789169999999998,1.480816285,3.159613,,True,True,True,1.480696,0.00012028499999994224
57,315,30,500,0,0.5,57_315_30_500_0,smoother_11,True,1.6493980000000001,1.5296496183333335,3.178932,,True,True,True,1.529534,0.00011561833333351146
57,315,30,500,0,0.5,57_315_30_500_0,smoother_31,True,2.811421,0.3196496183333334,3.131022,,True,True,True,0.319601,4.8618333333361186e-05
57,315,30,500,0,0.5,57_315_30_500_0,accel_gap_half,True,1.6789169999999998,1.480816285,3.159613,,True,True,True,1.480696,0.00012028499999994224
57,315,30,500,0,0.5,57_315_30_500_0,accel_gap_double,True,1.6789169999999998,1.480816285,3.159613,,True,True,True,1.480696,0.00012028499999994224
57,315,30,500,0,0.5,57_315_30_500_0,aux_gap_half,True,1.6789169999999998,1.480816285,3.159613,,True,True,True,1.480696,0.00012028499999994224
57,315,30,500,0,0.5,57_315_30_500_0,aux_gap_double,True,1.6789169999999998,1.480816285,3.159613,,True,True,True,1.480696,0.00012028499999994224
57,315,30,500,1,0.5,57_315_30_500_1,current,True,2.889768,0.29005330199999996,3.179657,,True,True,True,0.289889,0.00016430199999994954
57,315,30,500,1,0.5,57_315_30_500_1,smoother_11,True,0.459975,1.5797199686666668,2.039663,,True,False,False,1.579688,3.196866666677067e-05
57,315,30,500,1,0.5,57_315_30_500_1,smoother_31,True,2.819543,0.32038663533333334,3.139826,,True,True,True,0.320283,0.00010363533333335173
57,315,30,500,1,0.5,57_315_30_500_1,accel_gap_half,True,2.889768,0.29005330199999996,3.179657,,True,True,True,0.289889,0.00016430199999994954
57,315,30,500,1,0.5,57_315_30_500_1,accel_gap_double,True,2.889768,0.29005330199999996,3.179657,,True,True,True,0.289889,0.00016430199999994954
57,315,30,500,1,0.5,57_315_30_500_1,aux_gap_half,True,2.889768,0.29005330199999996,3.179657,,True,True,True,0.289889,0.00016430199999994954
57,315,30,500,1,0.5,57_315_30_500_1,aux_gap_double,True,2.889768,0.29005330199999996,3.179657,,True,True,True,0.289889,0.00016430199999994954
57,315,30,1000,0,1.0,57_315_30_1000_0,current,True,2.85074,0.2993101246666667,3.149979,,True,True,True,0.299239,7.112466666669981e-05
57,315,30,1000,0,1.0,57_315_30_1000_0,smoother_11,True,1.030263,1.1194767913333332,2.149574,,True,True,True,1.119311,0.00016579133333327611
57,315,30,1000,0,1.0,57_315_30_1000_0,smoother_31,True,2.800907,0.3299767913333333,3.130747,,True,True,True,0.32984,0.00013679133333327487
57,315,30,1000,0,1.0,57_315_30_1000_0,accel_gap_half,True,2.85074,0.2993101246666667,3.149979,,True,True,True,0.299239,7.112466666669981e-05
57,315,30,1000,0,1.0,57_315_30_1000_0,accel_gap_double,True,2.85074,0.2993101246666667,3.149979,,True,True,True,0.299239,7.112466666669981e-05
57,315,30,1000,0,1.0,57_315_30_1000_0,aux_gap_half,True,2.85074,0.2993101246666667,3.149979,,True,True,True,0.299239,7.112466666669981e-05
57,315,30,1000,0,1.0,57_315_30_1000_0,aux_gap_double,True,2.85074,0.2993101246666667,3.149979,,True,True,True,0.299239,7.112466666669981e-05
57,315,30,1000,1,1.0,57_315_30_1000_1,current,True,2.5896660000000002,0.28992170533333333,2.87957,,True,True,True,0.289904,1.77053333333399e-05
57,315,30,1000,1,1.0,57_315_30_1000_1,smoother_11,True,1.097992,1.4209217053333334,2.518844,,True,True,True,1.420852,6.97053333333919e-05
57,315,30,1000,1,1.0,57_315_30_1000_1,smoother_31,True,2.810089,0.31942170533333336,3.129378,,True,True,True,0.319289,0.00013270533333337164
57,315,30,1000,1,1.0,57_315_30_1000_1,accel_gap_half,True,2.5896660000000002,0.28992170533333333,2.87957,,True,True,True,0.289904,1.77053333333399e-05
57,315,30,1000,1,1.0,57_315_30_1000_1,accel_gap_double,True,2.5896660000000002,0.28992170533333333,2.87957,,True,True,True,0.289904,1.77053333333399e-05
57,315,30,1000,1,1.0,57_315_30_1000_1,aux_gap_half,True,2.5896660000000002,0.28992170533333333,2.87957,,True,True,True,0.289904,1.77053333333399e-05
57,315,30,1000,1,1.0,57_315_30_1000_1,aux_gap_double,True,2.5896660000000002,0.28992170533333333,2.87957,,True,True,True,0.289904,1.77053333333399e-05
57,0,40,500,0,0.5,57_0_40_500_0,current,True,1.909104,0.2909398183333333,2.199893,,True,True,True,0.290789,0.0001508183333333024
57,0,40,500,0,0.5,57_0_40_500_0,smoother_11,True,0.6878280000000001,0.2614398183333333,0.949173,,True,True,False,0.261345,9.481833333330192e-05
57,0,40,500,0,0.5,57_0_40_500_0,smoother_31,True,2.078967,0.320606485,2.399525,,True,True,True,0.320558,4.848499999998701e-05
57,0,40,500,0,0.5,57_0_40_500_0,accel_gap_half,True,1.909104,0.2909398183333333,2.199893,,True,True,True,0.290789,0.0001508183333333024
57,0,40,500,0,0.5,57_0_40_500_0,accel_gap_double,True,1.909104,0.2909398183333333,2.199893,,True,True,True,0.290789,0.0001508183333333024
57,0,40,500,0,0.5,57_0_40_500_0,aux_gap_half,True,1.909104,0.2909398183333333,2.199893,,True,True,True,0.290789,0.0001508183333333024
57,0,40,500,0,0.5,57_0_40_500_0,aux_gap_double,True,1.909104,0.2909398183333333,2.199893,,True,True,True,0.290789,0.0001508183333333024
57,0,40,500,1,0.5,57_0_40_500_1,current,True,2.1279339999999998,0.281017587,2.408893,,True,True,True,0.280959,5.8586999999998834e-05
57,0,40,500,1,0.5,57_0_40_500_1,smoother_11,True,0.860434,0.5601842536666667,1.420595,,True,True,False,0.560161,2.3253666666667172e-05
57,0,40,500,1,0.5,57_0_40_500_1,smoother_31,True,2.059535,0.320017587,2.379429,,True,True,True,0.319894,0.00012358699999998057
57,0,40,500,1,0.5,57_0_40_500_1,accel_gap_half,True,2.1279339999999998,0.281017587,2.408893,,True,True,True,0.280959,5.8586999999998834e-05
57,0,40,500,1,0.5,57_0_40_500_1,accel_gap_double,True,2.1279339999999998,0.281017587,2.408893,,True,True,True,0.280959,5.8586999999998834e-05
57,0,40,500,1,0.5,57_0_40_500_1,aux_gap_half,True,2.1279339999999998,0.281017587,2.408893,,True,True,True,0.280959,5.8586999999998834e-05
57,0,40,500,1,0.5,57_0_40_500_1,aux_gap_double,True,2.1279339999999998,0.281017587,2.408893,,True,True,True,0.280959,5.8586999999998834e-05
57,0,40,1000,0,1.0,57_0_40_1000_0,current,True,2.120263,0.2789206933333333,2.399149,,True,True,True,0.278886,3.469333333327995e-05
57,0,40,1000,0,1.0,57_0_40_1000_0,smoother_11,True,1.0304539999999998,1.33008736,2.360486,,True,True,True,1.330032,5.5359999999948784e-05
57,0,40,1000,0,1.0,57_0_40_1000_0,smoother_31,True,2.048085,0.32125402666666664,2.369194,,True,True,True,0.321109,0.00014502666666665887
57,0,40,1000,0,1.0,57_0_40_1000_0,accel_gap_half,True,2.120263,0.2789206933333333,2.399149,,True,True,True,0.278886,3.469333333327995e-05
57,0,40,1000,0,1.0,57_0_40_1000_0,accel_gap_double,True,2.120263,0.2789206933333333,2.399149,,True,True,True,0.278886,3.469333333327995e-05
57,0,40,1000,0,1.0,57_0_40_1000_0,aux_gap_half,True,2.120263,0.2789206933333333,2.399149,,True,True,True,0.278886,3.469333333327995e-05
57,0,40,1000,0,1.0,57_0_40_1000_0,aux_gap_double,True,2.120263,0.2789206933333333,2.399149,,True,True,True,0.278886,3.469333333327995e-05
57,0,40,1000,1,1.0,57_0_40_1000_1,current,True,2.138182,0.28133707933333335,2.419388,,True,True,True,0.281206,0.00013107933333333932
57,0,40,1000,1,1.0,57_0_40_1000_1,smoother_11,True,0.540518,0.5308370793333334,1.071285,,True,True,False,0.530767,7.007933333336158e-05
57,0,40,1000,1,1.0,57_0_40_1000_1,smoother_31,True,2.0806620000000002,0.3198370793333334,2.400439,,True,True,True,0.319777,6.007933333340709e-05
57,0,40,1000,1,1.0,57_0_40_1000_1,accel_gap_half,True,2.138182,0.28133707933333335,2.419388,,True,True,True,0.281206,0.00013107933333333932
57,0,40,1000,1,1.0,57_0_40_1000_1,accel_gap_double,True,2.138182,0.28133707933333335,2.419388,,True,True,True,0.281206,0.00013107933333333932
57,0,40,1000,1,1.0,57_0_40_1000_1,aux_gap_half,True,2.138182,0.28133707933333335,2.419388,,True,True,True,0.281206,0.00013107933333333932
57,0,40,1000,1,1.0,57_0_40_1000_1,aux_gap_double,True,2.138182,0.28133707933333335,2.419388,,True,True,True,0.281206,0.00013107933333333932
57,45,40,500,0,0.5,57_45_40_500_0,current,True,1.629318,0.2801842306666667,1.909382,,True,True,True,0.280064,0.00012023066666672078
57,45,40,500,0,0.5,57_45_40_500_0,smoother_11,True,0.4301020000000002,2.000184230666667,2.430251,,True,False,False,2.000149,3.523066666710761e-05
57,45,40,500,0,0.5,57_45_40_500_0,smoother_31,True,2.0707020000000003,0.3103508973333334,2.381006,,True,True,True,0.310304,4.689733333335111e-05
57,45,40,500,0,0.5,57_45_40_500_0,accel_gap_half,True,1.629318,0.2801842306666667,1.909382,,True,True,True,0.280064,0.00012023066666672078
57,45,40,500,0,0.5,57_45_40_500_0,accel_gap_double,True,1.629318,0.2801842306666667,1.909382,,True,True,True,0.280064,0.00012023066666672078
57,45,40,500,0,0.5,57_45_40_500_0,aux_gap_half,True,1.629318,0.2801842306666667,1.909382,,True,True,True,0.280064,0.00012023066666672078
57,45,40,500,0,0.5,57_45_40_500_0,aux_gap_double,True,1.629318,0.2801842306666667,1.909382,,True,True,True,0.280064,0.00012023066666672078
57,45,40,500,1,0.5,57_45_40_500_1,current,True,2.1112800000000003,0.31966666666666665,2.430854049,,True,True,True,0.319574049,9.261766666662785e-05
57,45,40,500,1,0.5,57_45_40_500_1,smoother_11,True,0.620617,0.3595,0.979999049,,True,True,False,0.359382049,0.00011795100000000502
57,45,40,500,1,0.5,57_45_40_500_1,smoother_31,True,2.040677,0.349,2.389596049,,True,True,True,0.348919049,8.095099999999578e-05
57,45,40,500,1,0.5,57_45_40_500_1,accel_gap_half,True,2.1112800000000003,0.31966666666666665,2.430854049,,True,True,True,0.319574049,9.261766666662785e-05
57,45,40,500,1,0.5,57_45_40_500_1,accel_gap_double,True,2.1112800000000003,0.31966666666666665,2.430854049,,True,True,True,0.319574049,9.261766666662785e-05
57,45,40,500,1,0.5,57_45_40_500_1,aux_gap_half,True,2.1112800000000003,0.31966666666666665,2.430854049,,True,True,True,0.319574049,9.261766666662785e-05
57,45,40,500,1,0.5,57_45_40_500_1,aux_gap_double,True,2.1112800000000003,0.31966666666666665,2.430854049,,True,True,True,0.319574049,9.261766666662785e-05
57,45,40,1000,0,1.0,57_45_40_1000_0,current,True,2.1209629999999997,0.28976461566666667,2.410713,,True,True,True,0.28975,1.461566666666192e-05
57,45,40,1000,0,1.0,57_45_40_1000_0,smoother_11,True,1.071183,0.839097949,1.910121,,True,True,True,0.838938,0.00015994900000004808
57,45,40,1000,0,1.0,57_45_40_1000_0,smoother_31,True,2.058474,0.321097949,2.379407,,True,True,True,0.320933,0.00016494899999996981
57,45,40,1000,0,1.0,57_45_40_1000_0,accel_gap_half,True,2.1209629999999997,0.28976461566666667,2.410713,,True,True,True,0.28975,1.461566666666192e-05
57,45,40,1000,0,1.0,57_45_40_1000_0,accel_gap_double,True,2.1209629999999997,0.28976461566666667,2.410713,,True,True,True,0.28975,1.461566666666192e-05
57,45,40,1000,0,1.0,57_45_40_1000_0,aux_gap_half,True,2.1209629999999997,0.28976461566666667,2.410713,,True,True,True,0.28975,1.461566666666192e-05
57,45,40,1000,0,1.0,57_45_40_1000_0,aux_gap_double,True,2.1209629999999997,0.28976461566666667,2.410713,,True,True,True,0.28975,1.461566666666192e-05
57,45,40,1000,1,1.0,57_45_40_1000_1,current,True,2.129255,0.2798333333333333,2.408975224,,True,True,True,0.279720224,0.00011310933333330553
57,45,40,1000,1,1.0,57_45_40_1000_1,smoother_11,True,0.531029,1.2398333333333333,1.770762224,,True,True,False,1.239733224,0.00010010933333326477
57,45,40,1000,1,1.0,57_45_40_1000_1,smoother_31,True,2.0590129999999998,0.31,2.369002224,,True,True,True,0.309989224,1.0775999999990127e-05
57,45,40,1000,1,1.0,57_45_40_1000_1,accel_gap_half,True,2.129255,0.2798333333333333,2.408975224,,True,True,True,0.279720224,0.00011310933333330553
57,45,40,1000,1,1.0,57_45_40_1000_1,accel_gap_double,True,2.129255,0.2798333333333333,2.408975224,,True,True,True,0.279720224,0.00011310933333330553
57,45,40,1000,1,1.0,57_45_40_1000_1,aux_gap_half,True,2.129255,0.2798333333333333,2.408975224,,True,True,True,0.279720224,0.00011310933333330553
57,45,40,1000,1,1.0,57_45_40_1000_1,aux_gap_double,True,2.129255,0.2798333333333333,2.408975224,,True,True,True,0.279720224,0.00011310933333330553
57,90,40,500,0,0.5,57_90_40_500_0,current,True,2.1302190000000003,0.2992579226666667,2.429409,,True,True,True,0.29919,6.792266666666436e-05
57,90,40,500,0,0.5,57_90_40_500_0,smoother_11,True,0.820075,0.8704245893333333,1.690485,,True,True,False,0.87041,1.4589333333314691e-05
57,90,40,500,0,0.5,57_90_40_500_0,smoother_31,True,2.069181,0.33025792266666665,2.399301,,True,True,True,0.33012,0.00013792266666662334
57,90,40,500,0,0.5,57_90_40_500_0,accel_gap_half,True,2.1302190000000003,0.2992579226666667,2.429409,,True,True,True,0.29919,6.792266666666436e-05
57,90,40,500,0,0.5,57_90_40_500_0,accel_gap_double,True,2.1302190000000003,0.2992579226666667,2.429409,,True,True,True,0.29919,6.792266666666436e-05
57,90,40,500,0,0.5,57_90_40_500_0,aux_gap_half,True,2.1302190000000003,0.2992579226666667,2.429409,,True,True,True,0.29919,6.792266666666436e-05
57,90,40,500,0,0.5,57_90_40_500_0,aux_gap_double,True,2.1302190000000003,0.2992579226666667,2.429409,,True,True,True,0.29919,6.792266666666436e-05
57,90,40,500,1,0.5,57_90_40_500_1,current,True,2.118934,0.3002061296666667,2.419103,,True,True,True,0.300169,3.712966666669093e-05
57,90,40,500,1,0.5,57_90_40_500_1,smoother_11,True,0.621888,1.0892061296666666,1.711014,,True,True,False,1.089126,8.012966666659516e-05
57,90,40,500,1,0.5,57_90_40_500_1,smoother_31,True,2.0599109999999996,0.32937279633333333,2.38921,,True,True,True,0.329299,7.379633333332025e-05
57,90,40,500,1,0.5,57_90_40_500_1,accel_gap_half,True,2.118934,0.3002061296666667,2.419103,,True,True,True,0.300169,3.712966666669093e-05
57,90,40,500,1,0.5,57_90_40_500_1,accel_gap_double,True,2.118934,0.3002061296666667,2.419103,,True,True,True,0.300169,3.712966666669093e-05
57,90,40,500,1,0.5,57_90_40_500_1,aux_gap_half,True,2.118934,0.3002061296666667,2.419103,,True,True,True,0.300169,3.712966666669093e-05
57,90,40,500,1,0.5,57_90_40_500_1,aux_gap_double,True,2.118934,0.3002061296666667,2.419103,,True,True,True,0.300169,3.712966666669093e-05
57,90,40,1000,0,1.0,57_90_40_1000_0,current,True,2.118646,0.300519645,2.41915,,True,True,True,0.300504,1.564500000000857e-05
57,90,40,1000,0,1.0,57_90_40_1000_0,smoother_11,True,0.88781,0.7411863116666666,1.628854,,True,True,False,0.741044,0.00014231166666656136
57,90,40,1000,0,1.0,57_90_40_1000_0,smoother_31,True,2.069651,0.3301863116666667,2.399788,,True,True,True,0.330137,4.9311666666662646e-05
57,90,40,1000,0,1.0,57_90_40_1000_0,accel_gap_half,True,2.118646,0.300519645,2.41915,,True,True,True,0.300504,1.564500000000857e-05
57,90,40,1000,0,1.0,57_90_40_1000_0,accel_gap_double,True,2.118646,0.300519645,2.41915,,True,True,True,0.300504,1.564500000000857e-05
57,90,40,1000,0,1.0,57_90_40_1000_0,aux_gap_half,True,2.118646,0.300519645,2.41915,,True,True,True,0.300504,1.564500000000857e-05
57,90,40,1000,0,1.0,57_90_40_1000_0,aux_gap_double,True,2.118646,0.300519645,2.41915,,True,True,True,0.300504,1.564500000000857e-05
57,90,40,1000,1,1.0,57_90_40_1000_1,current,True,1.6206329999999998,0.31016666666666665,1.930676787,,True,True,True,0.310043787,0.00012287966666663097
57,90,40,1000,1,1.0,57_90_40_1000_1,smoother_11,True,0.738505,0.2806666666666667,1.019153787,,True,True,False,0.280648787,1.787966666666474e-05
57,90,40,1000,1,1.0,57_90_40_1000_1,smoother_31,True,2.05853,0.3411666666666667,2.399650787,,True,True,True,0.341120787,4.587966666669274e-05
57,90,40,1000,1,1.0,57_90_40_1000_1,accel_gap_half,True,1.6206329999999998,0.31016666666666665,1.930676787,,True,True,True,0.310043787,0.00012287966666663097
57,90,40,1000,1,1.0,57_90_40_1000_1,accel_gap_double,True,1.6206329999999998,0.31016666666666665,1.930676787,,True,True,True,0.310043787,0.00012287966666663097
57,90,40,1000,1,1.0,57_90_40_1000_1,aux_gap_half,True,1.6206329999999998,0.31016666666666665,1.930676787,,True,True,True,0.310043787,0.00012287966666663097
57,90,40,1000,1,1.0,57_90_40_1000_1,aux_gap_double,True,1.6206329999999998,0.31016666666666665,1.930676787,,True,True,True,0.310043787,0.00012287966666663097
57,135,40,500,0,0.5,57_135_40_500_0,current,True,2.118741,0.31133333333333335,2.429993105,,True,True,True,0.311252105,8.122833333334967e-05
57,135,40,500,0,0.5,57_135_40_500_0,smoother_11,True,1.140182,0.8396666666666667,1.979825105,,True,True,True,0.839643105,2.35616666667271e-05
57,135,40,500,0,0.5,57_135_40_500_0,smoother_31,True,2.039753,0.3495,2.389160105,,True,True,True,0.349407105,9.289499999998174e-05
57,135,40,500,0,0.5,57_135_40_500_0,accel_gap_half,True,2.118741,0.31133333333333335,2.429993105,,True,True,True,0.311252105,8.122833333334967e-05
57,135,40,500,0,0.5,57_135_40_500_0,accel_gap_double,True,2.118741,0.31133333333333335,2.429993105,,True,True,True,0.311252105,8.122833333334967e-05
57,135,40,500,0,0.5,57_135_40_500_0,aux_gap_half,True,2.118741,0.31133333333333335,2.429993105,,True,True,True,0.311252105,8.122833333334967e-05
57,135,40,500,0,0.5,57_135_40_500_0,aux_gap_double,True,2.118741,0.31133333333333335,2.429993105,,True,True,True,0.311252105,8.122833333334967e-05
57,135,40,500,1,0.5,57_135_40_500_1,current,True,2.119948,0.30923787766666666,2.429165,,True,True,True,0.309217,2.0877666666641037e-05
57,135,40,500,1,0.5,57_135_40_500_1,smoother_11,True,1.039447,0.28040454433333334,1.319762,,True,True,True,0.280315,8.954433333335787e-05
57,135,40,500,1,0.5,57_135_40_500_1,smoother_31,True,2.048871,0.3402378776666667,2.38909,,True,True,True,0.340219,1.8877666666694548e-05
57,135,40,500,1,0.5,57_135_40_500_1,accel_gap_half,True,2.119948,0.30923787766666666,2.429165,,True,True,True,0.309217,2.0877666666641037e-05
57,135,40,500,1,0.5,57_135_40_500_1,accel_gap_double,True,2.119948,0.30923787766666666,2.429165,,True,True,True,0.309217,2.0877666666641037e-05
57,135,40,500,1,0.5,57_135_40_500_1,aux_gap_half,True,2.119948,0.30923787766666666,2.429165,,True,True,True,0.309217,2.0877666666641037e-05
57,135,40,500,1,0.5,57_135_40_500_1,aux_gap_double,True,2.119948,0.30923787766666666,2.429165,,True,True,True,0.309217,2.0877666666641037e-05
57,135,40,1000,0,1.0,57_135_40_1000_0,current,True,2.110045,0.30983333333333335,2.419874719,,True,True,True,0.309829719,3.6143333333460426e-06
57,135,40,1000,0,1.0,57_135_40_1000_0,smoother_11,True,0.9889330000000001,1.2608333333333333,2.249610719,,True,True,False,1.260677719,0.0001556143333332205
57,135,40,1000,0,1.0,57_135_40_1000_0,smoother_31,True,2.0496350000000003,0.3298333333333333,2.379411719,,True,True,True,0.329776719,5.661433333331578e-05
57,135,40,1000,0,1.0,57_135_40_1000_0,accel_gap_half,True,2.110045,0.30983333333333335,2.419874719,,True,True,True,0.309829719,3.6143333333460426e-06
57,135,40,1000,0,1.0,57_135_40_1000_0,accel_gap_double,True,2.110045,0.30983333333333335,2.419874719,,True,True,True,0.309829719,3.6143333333460426e-06
57,135,40,1000,0,1.0,57_135_40_1000_0,aux_gap_half,True,2.110045,0.30983333333333335,2.419874719,,True,True,True,0.309829719,3.6143333333460426e-06
57,135,40,1000,0,1.0,57_135_40_1000_0,aux_gap_double,True,2.110045,0.30983333333333335,2.419874719,,True,True,True,0.309829719,3.6143333333460426e-06
57,135,40,1000,1,1.0,57_135_40_1000_1,current,True,2.1198930000000002,0.31109058466666667,2.430899,,True,True,True,0.311006,8.458466666666498e-05
57,135,40,1000,1,1.0,57_135_40_1000_1,smoother_11,True,1.238564,0.27025725133333334,1.508708,,True,True,True,0.270144,0.00011325133333334181
57,135,40,1000,1,1.0,57_135_40_1000_1,smoother_31,True,2.048646,0.34125725133333334,2.389831,,True,True,True,0.341185,7.225133333332856e-05
57,135,40,1000,1,1.0,57_135_40_1000_1,accel_gap_half,True,2.1198930000000002,0.31109058466666667,2.430899,,True,True,True,0.311006,8.458466666666498e-05
57,135,40,1000,1,1.0,57_135_40_1000_1,accel_gap_double,True,2.1198930000000002,0.31109058466666667,2.430899,,True,True,True,0.311006,8.458466666666498e-05
57,135,40,1000,1,1.0,57_135_40_1000_1,aux_gap_half,True,2.1198930000000002,0.31109058466666667,2.430899,,True,True,True,0.311006,8.458466666666498e-05
57,135,40,1000,1,1.0,57_135_40_1000_1,aux_gap_double,True,2.1198930000000002,0.31109058466666667,2.430899,,True,True,True,0.311006,8.458466666666498e-05
57,180,40,500,0,0.5,57_180_40_500_0,current,True,2.1297479999999998,0.31004893299999997,2.439793,,True,True,True,0.310045,3.9329999999559995e-06
57,180,40,500,0,0.5,57_180_40_500_0,smoother_11,True,1.200227,0.7795489329999999,1.979745,,True,True,True,0.779518,3.0932999999899735e-05
57,180,40,500,0,0.5,57_180_40_500_0,smoother_31,True,2.068078,0.341048933,2.409118,,True,True,True,0.34104,8.932999999988755e-06
57,180,40,500,0,0.5,57_180_40_500_0,accel_gap_half,True,2.1297479999999998,0.31004893299999997,2.439793,,True,True,True,0.310045,3.9329999999559995e-06
57,180,40,500,0,0.5,57_180_40_500_0,accel_gap_double,True,2.1297479999999998,0.31004893299999997,2.439793,,True,True,True,0.310045,3.9329999999559995e-06
57,180,40,500,0,0.5,57_180_40_500_0,aux_gap_half,True,2.1297479999999998,0.31004893299999997,2.439793,,True,True,True,0.310045,3.9329999999559995e-06
57,180,40,500,0,0.5,57_180_40_500_0,aux_gap_double,True,2.1297479999999998,0.31004893299999997,2.439793,,True,True,True,0.310045,3.9329999999559995e-06
57,180,40,500,1,0.5,57_180_40_500_1,current,True,1.069311,0.29005181133333335,1.359259,,True,True,True,0.289948,0.00010381133333337011
57,180,40,500,1,0.5,57_180_40_500_1,smoother_11,True,0.8801860000000001,0.49055181133333337,1.37067,,True,True,False,0.490484,6.781133333338962e-05
57,180,40,500,1,0.5,57_180_40_500_1,smoother_31,True,2.05998,0.33071847800000004,2.39054,,True,True,True,0.33056,0.00015847800000001744
57,180,40,500,1,0.5,57_180_40_500_1,accel_gap_half,True,1.069311,0.29005181133333335,1.359259,,True,True,True,0.289948,0.00010381133333337011
57,180,40,500,1,0.5,57_180_40_500_1,accel_gap_double,True,1.069311,0.29005181133333335,1.359259,,True,True,True,0.289948,0.00010381133333337011
57,180,40,500,1,0.5,57_180_40_500_1,aux_gap_half,True,1.069311,0.29005181133333335,1.359259,,True,True,True,0.289948,0.00010381133333337011
57,180,40,500,1,0.5,57_180_40_500_1,aux_gap_double,True,1.069311,0.29005181133333335,1.359259,,True,True,True,0.289948,0.00010381133333337011
57,180,40,1000,0,1.0,57_180_40_1000_0,current,True,2.130498,0.2997335476666667,2.430125,,True,True,True,0.299627,0.00010654766666673421
57,180,40,1000,0,1.0,57_180_40_1000_0,smoother_11,True,0.569277,0.27056688100000004,0.839728,,True,True,False,0.270451,0.00011588100000003987
57,180,40,1000,0,1.0,57_180_40_1000_0,smoother_31,True,2.048495,0.34090021433333334,2.389291,,True,True,True,0.340796,0.00010421433333335228
57,180,40,1000,0,1.0,57_180_40_1000_0,accel_gap_half,True,2.130498,0.2997335476666667,2.430125,,True,True,True,0.299627,0.00010654766666673421
57,180,40,1000,0,1.0,57_180_40_1000_0,accel_gap_double,True,2.130498,0.2997335476666667,2.430125,,True,True,True,0.299627,0.00010654766666673421
57,180,40,1000,0,1.0,57_180_40_1000_0,aux_gap_half,True,2.130498,0.2997335476666667,2.430125,,True,True,True,0.299627,0.00010654766666673421
57,180,40,1000,0,1.0,57_180_40_1000_0,aux_gap_double,True,2.130498,0.2997335476666667,2.430125,,True,True,True,0.299627,0.00010654766666673421
57,180,40,1000,1,1.0,57_180_40_1000_1,current,True,1.8887040000000002,0.3303592693333333,2.21896,,True,True,True,0.330256,0.00010326933333332233
57,180,40,1000,1,1.0,57_180_40_1000_1,smoother_11,True,0.5197399999999999,1.7096926026666666,2.229415,,True,True,False,1.709675,1.760266666650523e-05
57,180,40,1000,1,1.0,57_180_40_1000_1,smoother_31,True,2.0686269999999998,0.36085926933333334,2.429455,,True,True,True,0.360828,3.126933333336135e-05
57,180,40,1000,1,1.0,57_180_40_1000_1,accel_gap_half,True,1.8887040000000002,0.3303592693333333,2.21896,,True,True,True,0.330256,0.00010326933333332233
57,180,40,1000,1,1.0,57_180_40_1000_1,accel_gap_double,True,1.8887040000000002,0.3303592693333333,2.21896,,True,True,True,0.330256,0.00010326933333332233
57,180,40,1000,1,1.0,57_180_40_1000_1,aux_gap_half,True,1.8887040000000002,0.3303592693333333,2.21896,,True,True,True,0.330256,0.00010326933333332233
57,180,40,1000,1,1.0,57_180_40_1000_1,aux_gap_double,True,1.8887040000000002,0.3303592693333333,2.21896,,True,True,True,0.330256,0.00010326933333332233
57,225,40,500,0,0.5,57_225_40_500_0,current,True,2.1201410000000003,0.321,2.440990014,,True,True,True,0.320849014,0.0001509860000000196
57,225,40,500,0,0.5,57_225_40_500_0,smoother_11,True,0.9807079999999999,1.3303333333333334,2.310940014,,True,True,False,1.330232014,0.00010131933333346055
57,225,40,500,0,0.5,57_225_40_500_0,smoother_31,True,2.058312,0.3413333333333333,2.399551014,,True,True,True,0.341239014,9.431933333331477e-05
57,225,40,500,0,0.5,57_225_40_500_0,accel_gap_half,True,2.1201410000000003,0.321,2.440990014,,True,True,True,0.320849014,0.0001509860000000196
57,225,40,500,0,0.5,57_225_40_500_0,accel_gap_double,True,2.1201410000000003,0.321,2.440990014,,True,True,True,0.320849014,0.0001509860000000196
57,225,40,500,0,0.5,57_225_40_500_0,aux_gap_half,True,2.1201410000000003,0.321,2.440990014,,True,True,True,0.320849014,0.0001509860000000196
57,225,40,500,0,0.5,57_225_40_500_0,aux_gap_double,True,2.1201410000000003,0.321,2.440990014,,True,True,True,0.320849014,0.0001509860000000196
57,225,40,500,1,0.5,57_225_40_500_1,current,True,1.8799860000000002,0.5196749206666668,2.399572,,True,True,True,0.519586,8.892066666676968e-05
57,225,40,500,1,0.5,57_225_40_500_1,smoother_11,True,1.7499989999999999,0.5401749206666667,2.290069,,True,True,True,0.54007,0.00010492066666667466
57,225,40,500,1,0.5,57_225_40_500_1,smoother_31,True,2.070466,0.30984158733333333,2.380221,,True,True,True,0.309755,8.658733333333224e-05
57,225,40,500,1,0.5,57_225_40_500_1,accel_gap_half,True,1.8799860000000002,0.5196749206666668,2.399572,,True,True,True,0.519586,8.892066666676968e-05
57,225,40,500,1,0.5,57_225_40_500_1,accel_gap_double,True,1.8799860000000002,0.5196749206666668,2.399572,,True,True,True,0.519586,8.892066666676968e-05
57,225,40,500,1,0.5,57_225_40_500_1,aux_gap_half,True,1.8799860000000002,0.5196749206666668,2.399572,,True,True,True,0.519586,8.892066666676968e-05
57,225,40,500,1,0.5,57_225_40_500_1,aux_gap_double,True,1.8799860000000002,0.5196749206666668,2.399572,,True,True,True,0.519586,8.892066666676968e-05
57,225,40,1000,0,1.0,57_225_40_1000_0,current,True,2.1295719999999996,0.2906666666666667,2.420157506,,True,True,True,0.290585506,8.116066666669086e-05
57,225,40,1000,0,1.0,57_225_40_1000_0,smoother_11,True,0.928328,0.3605,1.288778506,,True,True,False,0.360450506,4.9493999999983274e-05
57,225,40,1000,0,1.0,57_225_40_1000_0,smoother_31,True,2.058843,0.32966666666666666,2.388499506,,True,True,True,0.329656506,1.0160666666647611e-05
57,225,40,1000,0,1.0,57_225_40_1000_0,accel_gap_half,True,2.1295719999999996,0.2906666666666667,2.420157506,,True,True,True,0.290585506,8.116066666669086e-05
57,225,40,1000,0,1.0,57_225_40_1000_0,accel_gap_double,True,2.1295719999999996,0.2906666666666667,2.420157506,,True,True,True,0.290585506,8.116066666669086e-05
57,225,40,1000,0,1.0,57_225_40_1000_0,aux_gap_half,True,2.1295719999999996,0.2906666666666667,2.420157506,,True,True,True,0.290585506,8.116066666669086e-05
57,225,40,1000,0,1.0,57_225_40_1000_0,aux_gap_double,True,2.1295719999999996,0.2906666666666667,2.420157506,,True,True,True,0.290585506,8.116066666669086e-05
57,225,40,1000,1,1.0,57_225_40_1000_1,current,True,2.109388,0.3100482196666666,2.419365,,True,True,True,0.309977,7.121966666662205e-05
57,225,40,1000,1,1.0,57_225_40_1000_1,smoother_11,True,0.809705,0.29038155299999996,1.100028,,True,True,False,0.290323,5.855299999996122e-05
57,225,40,1000,1,1.0,57_225_40_1000_1,smoother_31,True,2.049633,0.340381553,2.389871,,True,True,True,0.340238,0.00014355300000001847
57,225,40,1000,1,1.0,57_225_40_1000_1,accel_gap_half,True,2.109388,0.3100482196666666,2.419365,,True,True,True,0.309977,7.121966666662205e-05
57,225,40,1000,1,1.0,57_225_40_1000_1,accel_gap_double,True,2.109388,0.3100482196666666,2.419365,,True,True,True,0.309977,7.121966666662205e-05
57,225,40,1000,1,1.0,57_225_40_1000_1,aux_gap_half,True,2.109388,0.3100482196666666,2.419365,,True,True,True,0.309977,7.121966666662205e-05
57,225,40,1000,1,1.0,57_225_40_1000_1,aux_gap_double,True,2.109388,0.3100482196666666,2.419365,,True,True,True,0.309977,7.121966666662205e-05
57,270,40,500,0,0.5,57_270_40_500_0,current,True,2.119529,0.31021151566666666,2.429709,,True,True,True,0.31018,3.151566666664829e-05
57,270,40,500,0,0.5,57_270_40_500_0,smoother_11,True,0.670293,1.0193781823333334,1.689623,,True,True,False,1.01933,4.818233333336863e-05
57,270,40,500,0,0.5,57_270_40_500_0,smoother_31,True,2.07008,0.33937818233333333,2.409446,,True,True,True,0.339366,1.2182333333332629e-05
57,270,40,500,0,0.5,57_270_40_500_0,accel_gap_half,True,2.119529,0.31021151566666666,2.429709,,True,True,True,0.31018,3.151566666664829e-05
57,270,40,500,0,0.5,57_270_40_500_0,accel_gap_double,True,2.119529,0.31021151566666666,2.429709,,True,True,True,0.31018,3.151566666664829e-05
57,270,40,500,0,0.5,57_270_40_500_0,aux_gap_half,True,2.119529,0.31021151566666666,2.429709,,True,True,True,0.31018,3.151566666664829e-05
57,270,40,500,0,0.5,57_270_40_500_0,aux_gap_double,True,2.119529,0.31021151566666666,2.429709,,True,True,True,0.31018,3.151566666664829e-05
57,270,40,500,1,0.5,57_270_40_500_1,current,True,2.1291819999999997,0.300689804,2.429801,,True,True,True,0.300619,7.080399999997988e-05
57,270,40,500,1,0.5,57_270_40_500_1,smoother_11,True,0.8386309999999999,1.0910231373333332,1.929536,,True,True,False,1.090905,0.00011813733333321252
57,270,40,500,1,0.5,57_270_40_500_1,smoother_31,True,2.0587160000000004,0.34068980400000004,2.399335,,True,True,True,0.340619,7.08040000000354e-05
57,270,40,500,1,0.5,57_270_40_500_1,accel_gap_half,True,2.1291819999999997,0.300689804,2.429801,,True,True,True,0.300619,7.080399999997988e-05
57,270,40,500,1,0.5,57_270_40_500_1,accel_gap_double,True,2.1291819999999997,0.300689804,2.429801,,True,True,True,0.300619,7.080399999997988e-05
57,270,40,500,1,0.5,57_270_40_500_1,aux_gap_half,True,2.1291819999999997,0.300689804,2.429801,,True,True,True,0.300619,7.080399999997988e-05
57,270,40,500,1,0.5,57_270_40_500_1,aux_gap_double,True,2.1291819999999997,0.300689804,2.429801,,True,True,True,0.300619,7.080399999997988e-05
57,270,40,1000,0,1.0,57_270_40_1000_0,current,True,2.1494560000000003,0.2896666666666667,2.439083064,,True,True,True,0.289627064,3.9602666666693764e-05
57,270,40,1000,0,1.0,57_270_40_1000_0,smoother_11,True,1.331346,0.5398333333333334,1.871070064,,True,True,True,0.539724064,0.00010926933333343936
57,270,40,1000,0,1.0,57_270_40_1000_0,smoother_31,True,2.080056,0.32,2.400041064,,True,True,True,0.319985064,1.4936000000020933e-05
57,270,40,1000,0,1.0,57_270_40_1000_0,accel_gap_half,True,2.1494560000000003,0.2896666666666667,2.439083064,,True,True,True,0.289627064,3.9602666666693764e-05
57,270,40,1000,0,1.0,57_270_40_1000_0,accel_gap_double,True,2.1494560000000003,0.2896666666666667,2.439083064,,True,True,True,0.289627064,3.9602666666693764e-05
57,270,40,1000,0,1.0,57_270_40_1000_0,aux_gap_half,True,2.1494560000000003,0.2896666666666667,2.439083064,,True,True,True,0.289627064,3.9602666666693764e-05
57,270,40,1000,0,1.0,57_270_40_1000_0,aux_gap_double,True,2.1494560000000003,0.2896666666666667,2.439083064,,True,True,True,0.289627064,3.9602666666693764e-05
57,270,40,1000,1,1.0,57_270_40_1000_1,current,True,2.118868,0.31066666666666665,2.429511117,,True,True,True,0.310643117,2.3549666666622393e-05
57,270,40,1000,1,1.0,57_270_40_1000_1,smoother_11,True,0.4002810000000001,1.8096666666666668,2.209877117,,True,False,False,1.809596117,7.054966666686369e-05
57,270,40,1000,1,1.0,57_270_40_1000_1,smoother_31,True,2.069426,0.3405,2.409910117,,True,True,True,0.340484117,1.588300000004983e-05
57,270,40,1000,1,1.0,57_270_40_1000_1,accel_gap_half,True,2.118868,0.31066666666666665,2.429511117,,True,True,True,0.310643117,2.3549666666622393e-05
57,270,40,1000,1,1.0,57_270_40_1000_1,accel_gap_double,True,2.118868,0.31066666666666665,2.429511117,,True,True,True,0.310643117,2.3549666666622393e-05
57,270,40,1000,1,1.0,57_270_40_1000_1,aux_gap_half,True,2.118868,0.31066666666666665,2.429511117,,True,True,True,0.310643117,2.3549666666622393e-05
57,270,40,1000,1,1.0,57_270_40_1000_1,aux_gap_double,True,2.118868,0.31066666666666665,2.429511117,,True,True,True,0.310643117,2.3549666666622393e-05
57,315,40,500,0,0.5,57_315_40_500_0,current,True,2.1196650000000004,0.30033333333333334,2.419944446,,True,True,True,0.300279446,5.388733333333562e-05
57,315,40,500,0,0.5,57_315_40_500_0,smoother_11,True,0.980154,1.26,2.240093446,,True,True,False,1.259939446,6.055400000004596e-05
57,315,40,500,0,0.5,57_315_40_500_0,smoother_31,True,2.050261,0.33016666666666666,2.380334446,,True,True,True,0.330073446,9.322066666667128e-05
57,315,40,500,0,0.5,57_315_40_500_0,accel_gap_half,True,2.1196650000000004,0.30033333333333334,2.419944446,,True,True,True,0.300279446,5.388733333333562e-05
57,315,40,500,0,0.5,57_315_40_500_0,accel_gap_double,True,2.1196650000000004,0.30033333333333334,2.419944446,,True,True,True,0.300279446,5.388733333333562e-05
57,315,40,500,0,0.5,57_315_40_500_0,aux_gap_half,True,2.1196650000000004,0.30033333333333334,2.419944446,,True,True,True,0.300279446,5.388733333333562e-05
57,315,40,500,0,0.5,57_315_40_500_0,aux_gap_double,True,2.1196650000000004,0.30033333333333334,2.419944446,,True,True,True,0.300279446,5.388733333333562e-05
57,315,40,500,1,0.5,57_315_40_500_1,current,True,2.108528,0.31039323933333335,2.418839,,True,True,True,0.310311,8.223933333334488e-05
57,315,40,500,1,0.5,57_315_40_500_1,smoother_11,True,0.4903489999999999,0.6993932393333334,1.189606,,True,False,False,0.699257,0.00013623933333339888
57,315,40,500,1,0.5,57_315_40_500_1,smoother_31,True,2.0512919999999997,0.339559906,2.390757,,True,True,True,0.339465,9.490600000000571e-05
57,315,40,500,1,0.5,57_315_40_500_1,accel_gap_half,True,2.108528,0.31039323933333335,2.418839,,True,True,True,0.310311,8.223933333334488e-05
57,315,40,500,1,0.5,57_315_40_500_1,accel_gap_double,True,2.108528,0.31039323933333335,2.418839,,True,True,True,0.310311,8.223933333334488e-05
57,315,40,500,1,0.5,57_315_40_500_1,aux_gap_half,True,2.108528,0.31039323933333335,2.418839,,True,True,True,0.310311,8.223933333334488e-05
57,315,40,500,1,0.5,57_315_40_500_1,aux_gap_double,True,2.108528,0.31039323933333335,2.418839,,True,True,True,0.310311,8.223933333334488e-05
57,315,40,1000,0,1.0,57_315_40_1000_0,current,True,2.119536,0.2809150793333333,2.400313,,True,True,True,0.280777,0.00013807933333331857
57,315,40,1000,0,1.0,57_315_40_1000_0,smoother_11,True,1.2215930000000002,0.49891507933333334,1.720498,,True,True,True,0.498905,1.0079333333357088e-05
57,315,40,1000,0,1.0,57_315_40_1000_0,smoother_31,True,2.039314,0.33024841266666666,2.369554,,True,True,True,0.33024,8.412666666679502e-06
57,315,40,1000,0,1.0,57_315_40_1000_0,accel_gap_half,True,2.119536,0.2809150793333333,2.400313,,True,True,True,0.280777,0.00013807933333331857
57,315,40,1000,0,1.0,57_315_40_1000_0,accel_gap_double,True,2.119536,0.2809150793333333,2.400313,,True,True,True,0.280777,0.00013807933333331857
57,315,40,1000,0,1.0,57_315_40_1000_0,aux_gap_half,True,2.119536,0.2809150793333333,2.400313,,True,True,True,0.280777,0.00013807933333331857
57,315,40,1000,0,1.0,57_315_40_1000_0,aux_gap_double,True,2.119536,0.2809150793333333,2.400313,,True,True,True,0.280777,0.00013807933333331857
57,315,40,1000,1,1.0,57_315_40_1000_1,current,True,2.120646,0.29983333333333334,2.420388719,,True,True,True,0.299742719,9.061433333334978e-05
57,315,40,1000,1,1.0,57_315_40_1000_1,smoother_11,True,1.499509,0.9503333333333334,2.449764719,,True,True,True,0.950255719,7.761433333330903e-05
57,315,40,1000,1,1.0,57_315_40_1000_1,smoother_31,True,2.060149,0.3295,2.389539719,,True,True,True,0.329390719,0.00010928100000001661
57,315,40,1000,1,1.0,57_315_40_1000_1,accel_gap_half,True,2.120646,0.29983333333333334,2.420388719,,True,True,True,0.299742719,9.061433333334978e-05
57,315,40,1000,1,1.0,57_315_40_1000_1,accel_gap_double,True,2.120646,0.29983333333333334,2.420388719,,True,True,True,0.299742719,9.061433333334978e-05
57,315,40,1000,1,1.0,57_315_40_1000_1,aux_gap_half,True,2.120646,0.29983333333333334,2.420388719,,True,True,True,0.299742719,9.061433333334978e-05
57,315,40,1000,1,1.0,57_315_40_1000_1,aux_gap_double,True,2.120646,0.29983333333333334,2.420388719,,True,True,True,0.299742719,9.061433333334978e-05
57,45,50,500,0,0.5,57_45_50_500_0,current,True,1.650174,0.30041457433333335,1.950466,,True,True,True,0.300292,0.00012257433333334733
57,45,50,500,0,0.5,57_45_50_500_0,smoother_11,True,0.649162,1.340581241,1.989725,,True,True,False,1.340563,1.8241000000029928e-05
57,45,50,500,0,0.5,57_45_50_500_0,smoother_31,True,1.589683,0.3304145743333333,1.919958,,True,True,True,0.330275,0.00013957433333333658
57,45,50,500,0,0.5,57_45_50_500_0,accel_gap_half,True,1.650174,0.30041457433333335,1.950466,,True,True,True,0.300292,0.00012257433333334733
57,45,50,500,0,0.5,57_45_50_500_0,accel_gap_double,True,1.650174,0.30041457433333335,1.950466,,True,True,True,0.300292,0.00012257433333334733
57,45,50,500,0,0.5,57_45_50_500_0,aux_gap_half,True,1.650174,0.30041457433333335,1.950466,,True,True,True,0.300292,0.00012257433333334733
57,45,50,500,0,0.5,57_45_50_500_0,aux_gap_double,True,1.650174,0.30041457433333335,1.950466,,True,True,True,0.300292,0.00012257433333334733
57,45,50,500,1,0.5,57_45_50_500_1,current,True,1.658816,0.3008012106666667,1.959526,,True,True,True,0.30071,9.121066666673006e-05
57,45,50,500,1,0.5,57_45_50_500_1,smoother_11,True,0.49914099999999995,0.6808012106666667,1.179884,,True,False,False,0.680743,5.82106666666693e-05
57,45,50,500,1,0.5,57_45_50_500_1,smoother_31,True,1.589585,0.33963454400000004,1.929065,,True,True,True,0.33948,0.0001545440000000342
57,45,50,500,1,0.5,57_45_50_500_1,accel_gap_half,True,1.658816,0.3008012106666667,1.959526,,True,True,True,0.30071,9.121066666673006e-05
57,45,50,500,1,0.5,57_45_50_500_1,accel_gap_double,True,1.658816,0.3008012106666667,1.959526,,True,True,True,0.30071,9.121066666673006e-05
57,45,50,500,1,0.5,57_45_50_500_1,aux_gap_half,True,1.658816,0.3008012106666667,1.959526,,True,True,True,0.30071,9.121066666673006e-05
57,45,50,500,1,0.5,57_45_50_500_1,aux_gap_double,True,1.658816,0.3008012106666667,1.959526,,True,True,True,0.30071,9.121066666673006e-05
57,45,50,1000,0,1.0,57_45_50_1000_0,current,True,1.679779,0.28952086099999996,1.969284,,True,True,True,0.289505,1.5860999999950387e-05
57,45,50,1000,0,1.0,57_45_50_1000_0,smoother_11,True,1.549858,0.4513541943333333,2.00109,,True,True,True,0.451232,0.0001221943333332698
57,45,50,1000,0,1.0,57_45_50_1000_0,smoother_31,True,1.6089859999999998,0.32118752766666664,1.930081,,True,True,True,0.321095,9.252766666661971e-05
57,45,50,1000,0,1.0,57_45_50_1000_0,accel_gap_half,True,1.679779,0.28952086099999996,1.969284,,True,True,True,0.289505,1.5860999999950387e-05
57,45,50,1000,0,1.0,57_45_50_1000_0,accel_gap_double,True,1.679779,0.28952086099999996,1.969284,,True,True,True,0.289505,1.5860999999950387e-05
57,45,50,1000,0,1.0,57_45_50_1000_0,aux_gap_half,True,1.679779,0.28952086099999996,1.969284,,True,True,True,0.289505,1.5860999999950387e-05
57,45,50,1000,0,1.0,57_45_50_1000_0,aux_gap_double,True,1.679779,0.28952086099999996,1.969284,,True,True,True,0.289505,1.5860999999950387e-05
57,45,50,1000,1,1.0,57_45_50_1000_1,current,True,1.678634,0.29,1.968579624,,True,True,True,0.289945624,5.437599999996712e-05
57,45,50,1000,1,1.0,57_45_50_1000_1,smoother_11,True,0.749526,0.3895,1.139015624,,True,True,False,0.389489624,1.0376000000034136e-05
57,45,50,1000,1,1.0,57_45_50_1000_1,smoother_31,True,1.61141,0.32866666666666666,1.939950624,,True,True,True,0.328540624,0.0001260426666666592
57,45,50,1000,1,1.0,57_45_50_1000_1,accel_gap_half,True,1.678634,0.29,1.968579624,,True,True,True,0.289945624,5.437599999996712e-05
57,45,50,1000,1,1.0,57_45_50_1000_1,accel_gap_double,True,1.678634,0.29,1.968579624,,True,True,True,0.289945624,5.437599999996712e-05
57,45,50,1000,1,1.0,57_45_50_1000_1,aux_gap_half,True,1.678634,0.29,1.968579624,,True,True,True,0.289945624,5.437599999996712e-05
57,45,50,1000,1,1.0,57_45_50_1000_1,aux_gap_double,True,1.678634,0.29,1.968579624,,True,True,True,0.289945624,5.437599999996712e-05
57,90,50,1000,0,1.0,57_90_50_1000_0,current,True,1.5908449999999998,0.309600332,1.900383,,True,True,True,0.309538,6.233199999999828e-05
57,90,50,1000,0,1.0,57_90_50_1000_0,smoother_11,True,0.8293290000000001,0.2899336653333333,1.119169,,True,True,False,0.28984,9.366533333332594e-05
57,90,50,1000,0,1.0,57_90_50_1000_0,smoother_31,True,1.5783129999999999,0.340600332,1.918802,,True,True,True,0.340489,0.00011133200000001953
57,90,50,1000,0,1.0,57_90_50_1000_0,accel_gap_half,True,1.5908449999999998,0.309600332,1.900383,,True,True,True,0.309538,6.233199999999828e-05
57,90,50,1000,0,1.0,57_90_50_1000_0,accel_gap_double,True,1.5908449999999998,0.309600332,1.900383,,True,True,True,0.309538,6.233199999999828e-05
57,90,50,1000,0,1.0,57_90_50_1000_0,aux_gap_half,True,1.5908449999999998,0.309600332,1.900383,,True,True,True,0.309538,6.233199999999828e-05
57,90,50,1000,0,1.0,57_90_50_1000_0,aux_gap_double,True,1.5908449999999998,0.309600332,1.900383,,True,True,True,0.309538,6.233199999999828e-05
57,90,50,1000,1,1.0,57_90_50_1000_1,current,True,0.9090520000000001,0.3007793216666667,1.209812,,True,True,False,0.30076,1.932166666668289e-05
57,90,50,1000,1,1.0,57_90_50_1000_1,smoother_11,True,0.651051,1.3494459883333332,2.000385,,True,True,False,1.349334,0.00011198833333314617
57,90,50,1000,1,1.0,57_90_50_1000_1,smoother_31,True,1.601471,0.3287793216666667,1.93025,,True,True,True,0.328779,3.2166666669164456e-07
57,90,50,1000,1,1.0,57_90_50_1000_1,accel_gap_half,True,0.9090520000000001,0.3007793216666667,1.209812,,True,True,False,0.30076,1.932166666668289e-05
57,90,50,1000,1,1.0,57_90_50_1000_1,accel_gap_double,True,0.9090520000000001,0.3007793216666667,1.209812,,True,True,False,0.30076,1.932166666668289e-05
57,90,50,1000,1,1.0,57_90_50_1000_1,aux_gap_half,True,0.9090520000000001,0.3007793216666667,1.209812,,True,True,False,0.30076,1.932166666668289e-05
57,90,50,1000,1,1.0,57_90_50_1000_1,aux_gap_double,True,0.9090520000000001,0.3007793216666667,1.209812,,True,True,False,0.30076,1.932166666668289e-05
57,135,50,500,0,0.5,57_135_50_500_0,current,True,1.6690589999999998,0.291,1.960032364,,True,True,True,0.290973364,2.6635999999968796e-05
57,135,50,500,0,0.5,57_135_50_500_0,smoother_11,True,1.330283,0.669,1.999122364,,True,True,True,0.668839364,0.0001606360000000473
57,135,50,500,0,0.5,57_135_50_500_0,smoother_31,True,1.6006610000000001,0.32916666666666666,1.929720364,,True,True,True,0.329059364,0.00010730266666664212
57,135,50,500,0,0.5,57_135_50_500_0,accel_gap_half,True,1.6690589999999998,0.291,1.960032364,,True,True,True,0.290973364,2.6635999999968796e-05
57,135,50,500,0,0.5,57_135_50_500_0,accel_gap_double,True,1.6690589999999998,0.291,1.960032364,,True,True,True,0.290973364,2.6635999999968796e-05
57,135,50,500,0,0.5,57_135_50_500_0,aux_gap_half,True,1.6690589999999998,0.291,1.960032364,,True,True,True,0.290973364,2.6635999999968796e-05
57,135,50,500,0,0.5,57_135_50_500_0,aux_gap_double,True,1.6690589999999998,0.291,1.960032364,,True,True,True,0.290973364,2.6635999999968796e-05
57,135,50,500,1,0.5,57_135_50_500_1,current,True,1.679802,0.29983333333333334,1.979608964,,True,True,True,0.299806964,2.636933333333147e-05
57,135,50,500,1,0.5,57_135_50_500_1,smoother_11,True,0.5500189999999998,1.4606666666666666,2.010593964,,True,True,False,1.460574964,9.170266666647109e-05
57,135,50,500,1,0.5,57_135_50_500_1,smoother_31,True,1.619168,0.3308333333333333,1.949860964,,True,True,True,0.330692964,0.00014036933333333446
57,135,50,500,1,0.5,57_135_50_500_1,accel_gap_half,True,1.679802,0.29983333333333334,1.979608964,,True,True,True,0.299806964,2.636933333333147e-05
57,135,50,500,1,0.5,57_135_50_500_1,accel_gap_double,True,1.679802,0.29983333333333334,1.979608964,,True,True,True,0.299806964,2.636933333333147e-05
57,135,50,500,1,0.5,57_135_50_500_1,aux_gap_half,True,1.679802,0.29983333333333334,1.979608964,,True,True,True,0.299806964,2.636933333333147e-05
57,135,50,500,1,0.5,57_135_50_500_1,aux_gap_double,True,1.679802,0.29983333333333334,1.979608964,,True,True,True,0.299806964,2.636933333333147e-05
57,135,50,1000,0,1.0,57_135_50_1000_0,current,True,1.659999,0.31086949533333336,1.970835,,True,True,True,0.310836,3.3495333333355415e-05
57,135,50,1000,0,1.0,57_135_50_1000_0,smoother_11,True,0.8707099999999999,1.0797028286666668,1.950289,,True,True,False,1.079579,0.00012382866666671433
57,135,50,1000,0,1.0,57_135_50_1000_0,smoother_31,True,1.5994730000000001,0.3407028286666667,1.94002,,True,True,True,0.340547,0.00015582866666669082
57,135,50,1000,0,1.0,57_135_50_1000_0,accel_gap_half,True,1.659999,0.31086949533333336,1.970835,,True,True,True,0.310836,3.3495333333355415e-05
57,135,50,1000,0,1.0,57_135_50_1000_0,accel_gap_double,True,1.659999,0.31086949533333336,1.970835,,True,True,True,0.310836,3.3495333333355415e-05
57,135,50,1000,0,1.0,57_135_50_1000_0,aux_gap_half,True,1.659999,0.31086949533333336,1.970835,,True,True,True,0.310836,3.3495333333355415e-05
57,135,50,1000,0,1.0,57_135_50_1000_0,aux_gap_double,True,1.659999,0.31086949533333336,1.970835,,True,True,True,0.310836,3.3495333333355415e-05
57,135,50,1000,1,1.0,57_135_50_1000_1,current,True,1.679636,0.3002177396666667,1.979846,,True,True,True,0.30021,7.739666666728429e-06
57,135,50,1000,1,1.0,57_135_50_1000_1,smoother_11,True,1.061852,0.779051073,1.840819,,True,True,True,0.778967,8.407300000001783e-05
57,135,50,1000,1,1.0,57_135_50_1000_1,smoother_31,True,1.59081,0.34038440633333333,1.931124,,True,True,True,0.340314,7.040633333332824e-05
57,135,50,1000,1,1.0,57_135_50_1000_1,accel_gap_half,True,1.679636,0.3002177396666667,1.979846,,True,True,True,0.30021,7.739666666728429e-06
57,135,50,1000,1,1.0,57_135_50_1000_1,accel_gap_double,True,1.679636,0.3002177396666667,1.979846,,True,True,True,0.30021,7.739666666728429e-06
57,135,50,1000,1,1.0,57_135_50_1000_1,aux_gap_half,True,1.679636,0.3002177396666667,1.979846,,True,True,True,0.30021,7.739666666728429e-06
57,135,50,1000,1,1.0,57_135_50_1000_1,aux_gap_double,True,1.679636,0.3002177396666667,1.979846,,True,True,True,0.30021,7.739666666728429e-06
57,180,50,500,0,0.5,57_180_50_500_0,current,True,1.660768,0.3095385603333333,1.970235,,True,True,True,0.309467,7.156033333333145e-05
57,180,50,500,0,0.5,57_180_50_500_0,smoother_11,True,0.608447,0.2905385603333333,0.898896,,True,True,False,0.290449,8.956033333329394e-05
57,180,50,500,0,0.5,57_180_50_500_0,smoother_31,True,1.599765,0.33987189366666665,1.939489,,True,True,True,0.339724,0.00014789366666662085
57,180,50,500,0,0.5,57_180_50_500_0,accel_gap_half,True,1.660768,0.3095385603333333,1.970235,,True,True,True,0.309467,7.156033333333145e-05
57,180,50,500,0,0.5,57_180_50_500_0,accel_gap_double,True,1.660768,0.3095385603333333,1.970235,,True,True,True,0.309467,7.156033333333145e-05
57,180,50,500,0,0.5,57_180_50_500_0,aux_gap_half,True,1.660768,0.3095385603333333,1.970235,,True,True,True,0.309467,7.156033333333145e-05
57,180,50,500,0,0.5,57_180_50_500_0,aux_gap_double,True,1.660768,0.3095385603333333,1.970235,,True,True,True,0.309467,7.156033333333145e-05
57,180,50,500,1,0.5,57_180_50_500_1,current,True,1.0895770000000002,0.920038068,2.009478,,True,True,True,0.919901,0.00013706800000001795
57,180,50,500,1,0.5,57_180_50_500_1,smoother_11,True,1.068391,0.9608714013333333,2.029131,,True,True,True,0.96074,0.00013140133333322535
57,180,50,500,1,0.5,57_180_50_500_1,smoother_31,True,1.5978189999999999,0.371038068,1.968842,,True,True,True,0.371023,1.5068000000006965e-05
57,180,50,500,1,0.5,57_180_50_500_1,accel_gap_half,True,1.0895770000000002,0.920038068,2.009478,,True,True,True,0.919901,0.00013706800000001795
57,180,50,500,1,0.5,57_180_50_500_1,accel_gap_double,True,1.0895770000000002,0.920038068,2.009478,,True,True,True,0.919901,0.00013706800000001795
57,180,50,500,1,0.5,57_180_50_500_1,aux_gap_half,True,1.0895770000000002,0.920038068,2.009478,,True,True,True,0.919901,0.00013706800000001795
57,180,50,500,1,0.5,57_180_50_500_1,aux_gap_double,True,1.0895770000000002,0.920038068,2.009478,,True,True,True,0.919901,0.00013706800000001795
57,180,50,1000,0,1.0,57_180_50_1000_0,current,True,1.649973,0.320525094,1.97044,,True,True,True,0.320467,5.809400000000853e-05
57,180,50,1000,0,1.0,57_180_50_1000_0,smoother_11,True,0.5899490000000001,0.29035842733333334,0.880143,,True,True,False,0.290194,0.00016442733333332793
57,180,50,1000,0,1.0,57_180_50_1000_0,smoother_31,True,1.599819,0.34935842733333333,1.949101,,True,True,True,0.349282,7.642733333335094e-05
57,180,50,1000,0,1.0,57_180_50_1000_0,accel_gap_half,True,1.649973,0.320525094,1.97044,,True,True,True,0.320467,5.809400000000853e-05
57,180,50,1000,0,1.0,57_180_50_1000_0,accel_gap_double,True,1.649973,0.320525094,1.97044,,True,True,True,0.320467,5.809400000000853e-05
57,180,50,1000,0,1.0,57_180_50_1000_0,aux_gap_half,True,1.649973,0.320525094,1.97044,,True,True,True,0.320467,5.809400000000853e-05
57,180,50,1000,0,1.0,57_180_50_1000_0,aux_gap_double,True,1.649973,0.320525094,1.97044,,True,True,True,0.320467,5.809400000000853e-05
57,180,50,1000,1,1.0,57_180_50_1000_1,current,True,1.648624,0.3105,1.959063929,,True,True,True,0.310439929,6.007099999999488e-05
57,180,50,1000,1,1.0,57_180_50_1000_1,smoother_11,True,0.3610889999999999,0.7093333333333334,1.070375929,,True,False,False,0.709286929,4.64043333333608e-05
57,180,50,1000,1,1.0,57_180_50_1000_1,smoother_31,True,1.599697,0.33016666666666666,1.929716929,,True,True,True,0.330019929,0.0001467376666666742
57,180,50,1000,1,1.0,57_180_50_1000_1,accel_gap_half,True,1.648624,0.3105,1.959063929,,True,True,True,0.310439929,6.007099999999488e-05
57,180,50,1000,1,1.0,57_180_50_1000_1,accel_gap_double,True,1.648624,0.3105,1.959063929,,True,True,True,0.310439929,6.007099999999488e-05
57,180,50,1000,1,1.0,57_180_50_1000_1,aux_gap_half,True,1.648624,0.3105,1.959063929,,True,True,True,0.310439929,6.007099999999488e-05
57,180,50,1000,1,1.0,57_180_50_1000_1,aux_gap_double,True,1.648624,0.3105,1.959063929,,True,True,True,0.310439929,6.007099999999488e-05
57,225,50,500,0,0.5,57_225_50_500_0,current,True,0.9615670000000001,1.0296666666666667,1.991115634,,True,True,False,1.029548634,0.00011803266666676748
57,225,50,500,0,0.5,57_225_50_500_0,smoother_11,True,0.660512,0.2801666666666667,0.940589634,,True,True,False,0.280077634,8.903266666665521e-05
57,225,50,500,0,0.5,57_225_50_500_0,smoother_31,True,1.619575,0.3405,1.959967634,,True,True,True,0.340392634,0.00010736599999999763
57,225,50,500,0,0.5,57_225_50_500_0,accel_gap_half,True,0.9615670000000001,1.0296666666666667,1.991115634,,True,True,False,1.029548634,0.00011803266666676748
57,225,50,500,0,0.5,57_225_50_500_0,accel_gap_double,True,0.9615670000000001,1.0296666666666667,1.991115634,,True,True,False,1.029548634,0.00011803266666676748
57,225,50,500,0,0.5,57_225_50_500_0,aux_gap_half,True,0.9615670000000001,1.0296666666666667,1.991115634,,True,True,False,1.029548634,0.00011803266666676748
57,225,50,500,0,0.5,57_225_50_500_0,aux_gap_double,True,0.9615670000000001,1.0296666666666667,1.991115634,,True,True,False,1.029548634,0.00011803266666676748
57,225,50,500,1,0.5,57_225_50_500_1,current,True,1.669644,0.30989776566666666,1.979539,,True,True,True,0.309895,2.7656666666819874e-06
57,225,50,500,1,0.5,57_225_50_500_1,smoother_11,True,1.551069,0.290231099,1.841145,,True,True,True,0.290076,0.00015509899999999188
57,225,50,500,1,0.5,57_225_50_500_1,smoother_31,True,1.600122,0.33906443233333333,1.939067,,True,True,True,0.338945,0.0001194323333333358
57,225,50,500,1,0.5,57_225_50_500_1,accel_gap_half,True,1.669644,0.30989776566666666,1.979539,,True,True,True,0.309895,2.7656666666819874e-06
57,225,50,500,1,0.5,57_225_50_500_1,accel_gap_double,True,1.669644,0.30989776566666666,1.979539,,True,True,True,0.309895,2.7656666666819874e-06
57,225,50,500,1,0.5,57_225_50_500_1,aux_gap_half,True,1.669644,0.30989776566666666,1.979539,,True,True,True,0.309895,2.7656666666819874e-06
57,225,50,500,1,0.5,57_225_50_500_1,aux_gap_double,True,1.669644,0.30989776566666666,1.979539,,True,True,True,0.309895,2.7656666666819874e-06
57,225,50,1000,0,1.0,57_225_50_1000_0,current,True,1.1996600000000002,0.6906994646666667,1.8903,,True,True,True,0.69064,5.946466666661987e-05
57,225,50,1000,0,1.0,57_225_50_1000_0,smoother_11,True,0.540845,0.6801994646666667,1.221003,,True,True,False,0.680158,4.146466666665738e-05
57,225,50,1000,0,1.0,57_225_50_1000_0,smoother_31,True,1.599447,0.340532798,1.939878,,True,True,True,0.340431,0.0001017980000000418
57,225,50,1000,0,1.0,57_225_50_1000_0,accel_gap_half,True,1.1996600000000002,0.6906994646666667,1.8903,,True,True,True,0.69064,5.946466666661987e-05
57,225,50,1000,0,1.0,57_225_50_1000_0,accel_gap_double,True,1.1996600000000002,0.6906994646666667,1.8903,,True,True,True,0.69064,5.946466666661987e-05
57,225,50,1000,0,1.0,57_225_50_1000_0,aux_gap_half,True,1.1996600000000002,0.6906994646666667,1.8903,,True,True,True,0.69064,5.946466666661987e-05
57,225,50,1000,0,1.0,57_225_50_1000_0,aux_gap_double,True,1.1996600000000002,0.6906994646666667,1.8903,,True,True,True,0.69064,5.946466666661987e-05
57,225,50,1000,1,1.0,57_225_50_1000_1,current,True,1.679987,0.28933333333333333,1.96931299,,True,True,True,0.28932599,7.3433333333539075e-06
57,225,50,1000,1,1.0,57_225_50_1000_1,smoother_11,True,0.338889,0.5005,0.83933399,,True,False,False,0.50044499,5.5009999999966475e-05
57,225,50,1000,1,1.0,57_225_50_1000_1,smoother_31,True,1.5999910000000002,0.32016666666666665,1.92008799,,True,True,True,0.32009699,6.96766666666293e-05
57,225,50,1000,1,1.0,57_225_50_1000_1,accel_gap_half,True,1.679987,0.28933333333333333,1.96931299,,True,True,True,0.28932599,7.3433333333539075e-06
57,225,50,1000,1,1.0,57_225_50_1000_1,accel_gap_double,True,1.679987,0.28933333333333333,1.96931299,,True,True,True,0.28932599,7.3433333333539075e-06
57,225,50,1000,1,1.0,57_225_50_1000_1,aux_gap_half,True,1.679987,0.28933333333333333,1.96931299,,True,True,True,0.28932599,7.3433333333539075e-06
57,225,50,1000,1,1.0,57_225_50_1000_1,aux_gap_double,True,1.679987,0.28933333333333333,1.96931299,,True,True,True,0.28932599,7.3433333333539075e-06
57,270,50,500,0,0.5,57_270_50_500_0,current,True,1.0512860000000002,0.2991794076666667,1.350454,,True,True,True,0.299168,1.1407666666685135e-05
57,270,50,500,0,0.5,57_270_50_500_0,smoother_11,True,1.07095,0.279512741,1.350454,,True,True,True,0.279504,8.741000000034305e-06
57,270,50,500,0,0.5,57_270_50_500_0,smoother_31,True,1.589861,0.33067940766666665,1.920507,,True,True,True,0.330646,3.3407666666651625e-05
57,270,50,500,0,0.5,57_270_50_500_0,accel_gap_half,True,1.0512860000000002,0.2991794076666667,1.350454,,True,True,True,0.299168,1.1407666666685135e-05
57,270,50,500,0,0.5,57_270_50_500_0,accel_gap_double,True,1.0512860000000002,0.2991794076666667,1.350454,,True,True,True,0.299168,1.1407666666685135e-05
57,270,50,500,0,0.5,57_270_50_500_0,aux_gap_half,True,1.0512860000000002,0.2991794076666667,1.350454,,True,True,True,0.299168,1.1407666666685135e-05
57,270,50,500,0,0.5,57_270_50_500_0,aux_gap_double,True,1.0512860000000002,0.2991794076666667,1.350454,,True,True,True,0.299168,1.1407666666685135e-05
57,270,50,500,1,0.5,57_270_50_500_1,current,True,1.648326,0.31133333333333335,1.959642677,,True,True,True,0.311316677,1.6656333333364692e-05
57,270,50,500,1,0.5,57_270_50_500_1,smoother_11,True,0.929647,0.9903333333333333,1.919860677,,True,True,False,0.990213677,0.00011965633333332892
57,270,50,500,1,0.5,57_270_50_500_1,smoother_31,True,1.589665,0.3393333333333333,1.928858677,,True,True,True,0.339193677,0.00013965633333329341
57,270,50,500,1,0.5,57_270_50_500_1,accel_gap_half,True,1.648326,0.31133333333333335,1.959642677,,True,True,True,0.311316677,1.6656333333364692e-05
57,270,50,500,1,0.5,57_270_50_500_1,accel_gap_double,True,1.648326,0.31133333333333335,1.959642677,,True,True,True,0.311316677,1.6656333333364692e-05
57,270,50,500,1,0.5,57_270_50_500_1,aux_gap_half,True,1.648326,0.31133333333333335,1.959642677,,True,True,True,0.311316677,1.6656333333364692e-05
57,270,50,500,1,0.5,57_270_50_500_1,aux_gap_double,True,1.648326,0.31133333333333335,1.959642677,,True,True,True,0.311316677,1.6656333333364692e-05
57,270,50,1000,0,1.0,57_270_50_1000_0,current,True,1.6593650000000002,0.2991666666666667,1.958451219,,True,True,True,0.299086219,8.044766666670533e-05
57,270,50,1000,0,1.0,57_270_50_1000_0,smoother_11,True,0.969404,0.5701666666666667,1.539532219,,True,True,False,0.570128219,3.844766666671884e-05
57,270,50,1000,0,1.0,57_270_50_1000_0,smoother_31,True,1.5985019999999999,0.33116666666666666,1.929526219,,True,True,True,0.331024219,0.00014244766666665631
57,270,50,1000,0,1.0,57_270_50_1000_0,accel_gap_half,True,1.6593650000000002,0.2991666666666667,1.958451219,,True,True,True,0.299086219,8.044766666670533e-05
57,270,50,1000,0,1.0,57_270_50_1000_0,accel_gap_double,True,1.6593650000000002,0.2991666666666667,1.958451219,,True,True,True,0.299086219,8.044766666670533e-05
57,270,50,1000,0,1.0,57_270_50_1000_0,aux_gap_half,True,1.6593650000000002,0.2991666666666667,1.958451219,,True,True,True,0.299086219,8.044766666670533e-05
57,270,50,1000,0,1.0,57_270_50_1000_0,aux_gap_double,True,1.6593650000000002,0.2991666666666667,1.958451219,,True,True,True,0.299086219,8.044766666670533e-05
57,270,50,1000,1,1.0,57_270_50_1000_1,current,True,1.6618579999999998,0.308816721,1.970573,,True,True,True,0.308715,0.00010172099999999906
57,270,50,1000,1,1.0,57_270_50_1000_1,smoother_11,True,0.831076,0.6491500543333334,1.480158,,True,True,False,0.649082,6.805433333334499e-05
57,270,50,1000,1,1.0,57_270_50_1000_1,smoother_31,True,1.5976370000000002,0.3414833876666667,1.939075,,True,True,True,0.341438,4.5387666666674154e-05
57,270,50,1000,1,1.0,57_270_50_1000_1,accel_gap_half,True,1.6618579999999998,0.308816721,1.970573,,True,True,True,0.308715,0.00010172099999999906
57,270,50,1000,1,1.0,57_270_50_1000_1,accel_gap_double,True,1.6618579999999998,0.308816721,1.970573,,True,True,True,0.308715,0.00010172099999999906
57,270,50,1000,1,1.0,57_270_50_1000_1,aux_gap_half,True,1.6618579999999998,0.308816721,1.970573,,True,True,True,0.308715,0.00010172099999999906
57,270,50,1000,1,1.0,57_270_50_1000_1,aux_gap_double,True,1.6618579999999998,0.308816721,1.970573,,True,True,True,0.308715,0.00010172099999999906
57,315,50,500,0,0.5,57_315_50_500_0,current,True,1.670277,0.3006666666666667,1.970938678,,True,True,True,0.300661678,4.988666666705388e-06
57,315,50,500,0,0.5,57_315_50_500_0,smoother_11,True,1.249886,0.6096666666666667,1.859521678,,True,True,True,0.609635678,3.098866666673139e-05
57,315,50,500,0,0.5,57_315_50_500_0,smoother_31,True,1.619294,0.32083333333333336,1.940006678,,True,True,True,0.320712678,0.00012065533333338596
57,315,50,500,0,0.5,57_315_50_500_0,accel_gap_half,True,1.670277,0.3006666666666667,1.970938678,,True,True,True,0.300661678,4.988666666705388e-06
57,315,50,500,0,0.5,57_315_50_500_0,accel_gap_double,True,1.670277,0.3006666666666667,1.970938678,,True,True,True,0.300661678,4.988666666705388e-06
57,315,50,500,0,0.5,57_315_50_500_0,aux_gap_half,True,1.670277,0.3006666666666667,1.970938678,,True,True,True,0.300661678,4.988666666705388e-06
57,315,50,500,0,0.5,57_315_50_500_0,aux_gap_double,True,1.670277,0.3006666666666667,1.970938678,,True,True,True,0.300661678,4.988666666705388e-06
57,315,50,500,1,0.5,57_315_50_500_1,current,True,1.6399899999999998,0.32066666666666666,1.960538011,,True,True,True,0.320548011,0.00011865566666663385
57,315,50,500,1,0.5,57_315_50_500_1,smoother_11,True,0.7601669999999999,0.2796666666666667,1.039783011,,True,True,False,0.279616011,5.065566666667687e-05
57,315,50,500,1,0.5,57_315_50_500_1,smoother_31,True,1.581332,0.34983333333333333,1.931080011,,True,True,True,0.349748011,8.532233333330419e-05
57,315,50,500,1,0.5,57_315_50_500_1,accel_gap_half,True,1.6399899999999998,0.32066666666666666,1.960538011,,True,True,True,0.320548011,0.00011865566666663385
57,315,50,500,1,0.5,57_315_50_500_1,accel_gap_double,True,1.6399899999999998,0.32066666666666666,1.960538011,,True,True,True,0.320548011,0.00011865566666663385
57,315,50,500,1,0.5,57_315_50_500_1,aux_gap_half,True,1.6399899999999998,0.32066666666666666,1.960538011,,True,True,True,0.320548011,0.00011865566666663385
57,315,50,500,1,0.5,57_315_50_500_1,aux_gap_double,True,1.6399899999999998,0.32066666666666666,1.960538011,,True,True,True,0.320548011,0.00011865566666663385
57,315,50,1000,0,1.0,57_315_50_1000_0,current,True,1.6490609999999999,0.30033333333333334,1.949249337,,True,True,True,0.300188337,0.00014499633333331374
57,315,50,1000,0,1.0,57_315_50_1000_0,smoother_11,True,1.370403,0.5695,1.939889337,,True,True,True,0.569486337,1.3663000000052605e-05
57,315,50,1000,0,1.0,57_315_50_1000_0,smoother_31,True,1.600579,0.3298333333333333,1.930357337,,True,True,True,0.329778337,5.499633333333476e-05
57,315,50,1000,0,1.0,57_315_50_1000_0,accel_gap_half,True,1.6490609999999999,0.30033333333333334,1.949249337,,True,True,True,0.300188337,0.00014499633333331374
57,315,50,1000,0,1.0,57_315_50_1000_0,accel_gap_double,True,1.6490609999999999,0.30033333333333334,1.949249337,,True,True,True,0.300188337,0.00014499633333331374
57,315,50,1000,0,1.0,57_315_50_1000_0,aux_gap_half,True,1.6490609999999999,0.30033333333333334,1.949249337,,True,True,True,0.300188337,0.00014499633333331374
57,315,50,1000,0,1.0,57_315_50_1000_0,aux_gap_double,True,1.6490609999999999,0.30033333333333334,1.949249337,,True,True,True,0.300188337,0.00014499633333331374
57,315,50,1000,1,1.0,57_315_50_1000_1,current,True,1.65842,0.31083333333333335,1.969207859,,True,True,True,0.310787859,4.5474333333350714e-05
57,315,50,1000,1,1.0,57_315_50_1000_1,smoother_11,True,0.868495,0.27066666666666667,1.139073859,,True,True,False,0.270578859,8.780766666666162e-05
57,315,50,1000,1,1.0,57_315_50_1000_1,smoother_31,True,1.5781429999999999,0.3408333333333333,1.918950859,,True,True,True,0.340807859,2.5474333333330712e-05
57,315,50,1000,1,1.0,57_315_50_1000_1,accel_gap_half,True,1.65842,0.31083333333333335,1.969207859,,True,True,True,0.310787859,4.5474333333350714e-05
57,315,50,1000,1,1.0,57_315_50_1000_1,accel_gap_double,True,1.65842,0.31083333333333335,1.969207859,,True,True,True,0.310787859,4.5474333333350714e-05
57,315,50,1000,1,1.0,57_315_50_1000_1,aux_gap_half,True,1.65842,0.31083333333333335,1.969207859,,True,True,True,0.310787859,4.5474333333350714e-05
57,315,50,1000,1,1.0,57_315_50_1000_1,aux_gap_double,True,1.65842,0.31083333333333335,1.969207859,,True,True,True,0.310787859,4.5474333333350714e-05
57,0,60,500,0,0.5,57_0_60_500_0,current,True,1.3693279999999999,0.32083333333333336,1.690149618,,True,True,True,0.320821618,1.1715333333384148e-05
57,0,60,500,0,0.5,57_0_60_500_0,smoother_11,True,0.340406,0.7593333333333333,1.099727618,,True,False,False,0.759321618,1.1715333333328637e-05
57,0,60,500,0,0.5,57_0_60_500_0,smoother_31,True,1.309989,0.3491666666666667,1.659044618,,True,True,True,0.349055618,0.0001110486666666688
57,0,60,500,0,0.5,57_0_60_500_0,accel_gap_half,True,1.3693279999999999,0.32083333333333336,1.690149618,,True,True,True,0.320821618,1.1715333333384148e-05
57,0,60,500,0,0.5,57_0_60_500_0,accel_gap_double,True,1.3693279999999999,0.32083333333333336,1.690149618,,True,True,True,0.320821618,1.1715333333384148e-05
57,0,60,500,0,0.5,57_0_60_500_0,aux_gap_half,True,1.3693279999999999,0.32083333333333336,1.690149618,,True,True,True,0.320821618,1.1715333333384148e-05
57,0,60,500,0,0.5,57_0_60_500_0,aux_gap_double,True,1.3693279999999999,0.32083333333333336,1.690149618,,True,True,True,0.320821618,1.1715333333384148e-05
57,0,60,500,1,0.5,57_0_60_500_1,current,True,1.379805,0.31066666666666665,1.690320713,,True,True,True,0.310515713,0.00015095366666662002
57,0,60,500,1,0.5,57_0_60_500_1,smoother_11,True,0.659432,0.28983333333333333,0.949230713,,True,True,False,0.289798713,3.462033333334613e-05
57,0,60,500,1,0.5,57_0_60_500_1,smoother_31,True,1.309504,0.35033333333333333,1.659692713,,True,True,True,0.350188713,0.00014462033333334512
57,0,60,500,1,0.5,57_0_60_500_1,accel_gap_half,True,1.379805,0.31066666666666665,1.690320713,,True,True,True,0.310515713,0.00015095366666662002
57,0,60,500,1,0.5,57_0_60_500_1,accel_gap_double,True,1.379805,0.31066666666666665,1.690320713,,True,True,True,0.310515713,0.00015095366666662002
57,0,60,500,1,0.5,57_0_60_500_1,aux_gap_half,True,1.379805,0.31066666666666665,1.690320713,,True,True,True,0.310515713,0.00015095366666662002
57,0,60,500,1,0.5,57_0_60_500_1,aux_gap_double,True,1.379805,0.31066666666666665,1.690320713,,True,True,True,0.310515713,0.00015095366666662002
57,0,60,1000,0,1.0,57_0_60_1000_0,current,True,1.3706450000000001,0.32028632366666665,1.690852,,True,True,True,0.320207,7.932366666663082e-05
57,0,60,1000,0,1.0,57_0_60_1000_0,smoother_11,True,0.669877,0.509619657,1.179485,,True,True,False,0.509608,1.1657000000053763e-05
57,0,60,1000,0,1.0,57_0_60_1000_0,smoother_31,True,1.310407,0.3499529903333333,1.660217,,True,True,True,0.34981,0.0001429903333333149
57,0,60,1000,0,1.0,57_0_60_1000_0,accel_gap_half,True,1.3706450000000001,0.32028632366666665,1.690852,,True,True,True,0.320207,7.932366666663082e-05
57,0,60,1000,0,1.0,57_0_60_1000_0,accel_gap_double,True,1.3706450000000001,0.32028632366666665,1.690852,,True,True,True,0.320207,7.932366666663082e-05
57,0,60,1000,0,1.0,57_0_60_1000_0,aux_gap_half,True,1.3706450000000001,0.32028632366666665,1.690852,,True,True,True,0.320207,7.932366666663082e-05
57,0,60,1000,0,1.0,57_0_60_1000_0,aux_gap_double,True,1.3706450000000001,0.32028632366666665,1.690852,,True,True,True,0.320207,7.932366666663082e-05
57,0,60,1000,1,1.0,57_0_60_1000_1,current,True,1.369793,0.31033333333333335,1.680092611,,True,True,True,0.310299611,3.372233333337471e-05
57,0,60,1000,1,1.0,57_0_60_1000_1,smoother_11,True,1.420064,0.2806666666666667,1.700589611,,True,True,True,0.280525611,0.00014105566666666736
57,0,60,1000,1,1.0,57_0_60_1000_1,smoother_31,True,1.309544,0.3403333333333333,1.649822611,,True,True,True,0.340278611,5.4722333333312445e-05
57,0,60,1000,1,1.0,57_0_60_1000_1,accel_gap_half,True,1.369793,0.31033333333333335,1.680092611,,True,True,True,0.310299611,3.372233333337471e-05
57,0,60,1000,1,1.0,57_0_60_1000_1,accel_gap_double,True,1.369793,0.31033333333333335,1.680092611,,True,True,True,0.310299611,3.372233333337471e-05
57,0,60,1000,1,1.0,57_0_60_1000_1,aux_gap_half,True,1.369793,0.31033333333333335,1.680092611,,True,True,True,0.310299611,3.372233333337471e-05
57,0,60,1000,1,1.0,57_0_60_1000_1,aux_gap_double,True,1.369793,0.31033333333333335,1.680092611,,True,True,True,0.310299611,3.372233333337471e-05
57,45,60,500,0,0.5,57_45_60_500_0,current,True,1.36024,0.30034242733333333,1.66055,,True,True,True,0.30031,3.242733333330694e-05
57,45,60,500,0,0.5,57_45_60_500_0,smoother_11,True,0.8783639999999999,0.27117576066666665,1.149479,,True,True,False,0.271115,6.076066666665936e-05
57,45,60,500,0,0.5,57_45_60_500_0,smoother_31,True,1.3100429999999998,0.3293424273333333,1.639333,,True,True,True,0.32929,5.242733333327143e-05
57,45,60,500,0,0.5,57_45_60_500_0,accel_gap_half,True,1.36024,0.30034242733333333,1.66055,,True,True,True,0.30031,3.242733333330694e-05
57,45,60,500,0,0.5,57_45_60_500_0,accel_gap_double,True,1.36024,0.30034242733333333,1.66055,,True,True,True,0.30031,3.242733333330694e-05
57,45,60,500,0,0.5,57_45_60_500_0,aux_gap_half,True,1.36024,0.30034242733333333,1.66055,,True,True,True,0.30031,3.242733333330694e-05
57,45,60,500,0,0.5,57_45_60_500_0,aux_gap_double,True,1.36024,0.30034242733333333,1.66055,,True,True,True,0.30031,3.242733333330694e-05
57,45,60,500,1,0.5,57_45_60_500_1,current,True,1.370743,0.2905,1.661204428,,True,True,True,0.290461428,3.857199999995897e-05
57,45,60,500,1,0.5,57_45_60_500_1,smoother_11,True,0.589726,1.0795,1.669193428,,True,True,False,1.079467428,3.257199999984195e-05
57,45,60,500,1,0.5,57_45_60_500_1,smoother_31,True,1.28011,0.3401666666666667,1.620165428,,True,True,True,0.340055428,0.00011123866666667981
57,45,60,500,1,0.5,57_45_60_500_1,accel_gap_half,True,1.370743,0.2905,1.661204428,,True,True,True,0.290461428,3.857199999995897e-05
57,45,60,500,1,0.5,57_45_60_500_1,accel_gap_double,True,1.370743,0.2905,1.661204428,,True,True,True,0.290461428,3.857199999995897e-05
57,45,60,500,1,0.5,57_45_60_500_1,aux_gap_half,True,1.370743,0.2905,1.661204428,,True,True,True,0.290461428,3.857199999995897e-05
57,45,60,500,1,0.5,57_45_60_500_1,aux_gap_double,True,1.370743,0.2905,1.661204428,,True,True,True,0.290461428,3.857199999995897e-05
57,45,60,1000,0,1.0,57_45_60_1000_0,current,True,1.3692980000000001,0.31136316533333336,1.68052,,True,True,True,0.311222,0.00014116533333335957
57,45,60,1000,0,1.0,57_45_60_1000_0,smoother_11,True,0.48929700000000004,0.3611964986666667,0.8504,,True,False,False,0.361103,9.349866666669149e-05
57,45,60,1000,0,1.0,57_45_60_1000_0,smoother_31,True,1.300107,0.3501964986666667,1.650183,,True,True,True,0.350076,0.00012049866666669073
57,45,60,1000,0,1.0,57_45_60_1000_0,accel_gap_half,True,1.3692980000000001,0.31136316533333336,1.68052,,True,True,True,0.311222,0.00014116533333335957
57,45,60,1000,0,1.0,57_45_60_1000_0,accel_gap_double,True,1.3692980000000001,0.31136316533333336,1.68052,,True,True,True,0.311222,0.00014116533333335957
57,45,60,1000,0,1.0,57_45_60_1000_0,aux_gap_half,True,1.3692980000000001,0.31136316533333336,1.68052,,True,True,True,0.311222,0.00014116533333335957
57,45,60,1000,0,1.0,57_45_60_1000_0,aux_gap_double,True,1.3692980000000001,0.31136316533333336,1.68052,,True,True,True,0.311222,0.00014116533333335957
57,45,60,1000,1,1.0,57_45_60_1000_1,current,True,1.348729,0.330130661,1.678712,,True,True,True,0.329983,0.00014766099999996563
57,45,60,1000,1,1.0,57_45_60_1000_1,smoother_11,True,0.7508919999999999,0.320130661,1.071011,,True,True,False,0.320119,1.1660999999996147e-05
57,45,60,1000,1,1.0,57_45_60_1000_1,smoother_31,True,1.29962,0.3504639943333333,1.65006,,True,True,True,0.35044,2.3994333333332563e-05
57,45,60,1000,1,1.0,57_45_60_1000_1,accel_gap_half,True,1.348729,0.330130661,1.678712,,True,True,True,0.329983,0.00014766099999996563
57,45,60,1000,1,1.0,57_45_60_1000_1,accel_gap_double,True,1.348729,0.330130661,1.678712,,True,True,True,0.329983,0.00014766099999996563
57,45,60,1000,1,1.0,57_45_60_1000_1,aux_gap_half,True,1.348729,0.330130661,1.678712,,True,True,True,0.329983,0.00014766099999996563
57,45,60,1000,1,1.0,57_45_60_1000_1,aux_gap_double,True,1.348729,0.330130661,1.678712,,True,True,True,0.329983,0.00014766099999996563
57,90,60,500,0,0.5,57_90_60_500_0,current,True,1.149594,0.30972431566666664,1.459192,,True,True,True,0.309598,0.00012631566666665428
57,90,60,500,0,0.5,57_90_60_500_0,smoother_11,True,0.44957199999999997,0.5308909823333334,0.980344,,True,False,False,0.530772,0.00011898233333340613
57,90,60,500,0,0.5,57_90_60_500_0,smoother_31,True,1.331778,0.339057649,1.67076,,True,True,True,0.338982,7.564900000001096e-05
57,90,60,500,0,0.5,57_90_60_500_0,accel_gap_half,True,1.149594,0.30972431566666664,1.459192,,True,True,True,0.309598,0.00012631566666665428
57,90,60,500,0,0.5,57_90_60_500_0,accel_gap_double,True,1.149594,0.30972431566666664,1.459192,,True,True,True,0.309598,0.00012631566666665428
57,90,60,500,0,0.5,57_90_60_500_0,aux_gap_half,True,1.149594,0.30972431566666664,1.459192,,True,True,True,0.309598,0.00012631566666665428
57,90,60,500,0,0.5,57_90_60_500_0,aux_gap_double,True,1.149594,0.30972431566666664,1.459192,,True,True,True,0.309598,0.00012631566666665428
57,90,60,500,1,0.5,57_90_60_500_1,current,True,1.370009,0.319501045,1.68944,,True,True,True,0.319431,7.004499999996305e-05
57,90,60,500,1,0.5,57_90_60_500_1,smoother_11,True,0.52065,0.9098343783333334,1.430418,,True,True,False,0.909768,6.637833333333898e-05
57,90,60,500,1,0.5,57_90_60_500_1,smoother_31,True,1.3017370000000001,0.35900104499999996,1.66059,,True,True,True,0.358853,0.00014804499999998555
57,90,60,500,1,0.5,57_90_60_500_1,accel_gap_half,True,1.370009,0.319501045,1.68944,,True,True,True,0.319431,7.004499999996305e-05
57,90,60,500,1,0.5,57_90_60_500_1,accel_gap_double,True,1.370009,0.319501045,1.68944,,True,True,True,0.319431,7.004499999996305e-05
57,90,60,500,1,0.5,57_90_60_500_1,aux_gap_half,True,1.370009,0.319501045,1.68944,,True,True,True,0.319431,7.004499999996305e-05
57,90,60,500,1,0.5,57_90_60_500_1,aux_gap_double,True,1.370009,0.319501045,1.68944,,True,True,True,0.319431,7.004499999996305e-05
57,90,60,1000,0,1.0,57_90_60_1000_0,current,True,1.359596,0.31083333333333335,1.670378283,,True,True,True,0.310782283,5.1050333333357845e-05
57,90,60,1000,0,1.0,57_90_60_1000_0,smoother_11,True,0.639478,0.6905,1.329822283,,True,True,False,0.690344283,0.00015571700000005517
57,90,60,1000,0,1.0,57_90_60_1000_0,smoother_31,True,1.319831,0.331,1.650681283,,True,True,True,0.330850283,0.00014971699999999366
57,90,60,1000,0,1.0,57_90_60_1000_0,accel_gap_half,True,1.359596,0.31083333333333335,1.670378283,,True,True,True,0.310782283,5.1050333333357845e-05
57,90,60,1000,0,1.0,57_90_60_1000_0,accel_gap_double,True,1.359596,0.31083333333333335,1.670378283,,True,True,True,0.310782283,5.1050333333357845e-05
57,90,60,1000,0,1.0,57_90_60_1000_0,aux_gap_half,True,1.359596,0.31083333333333335,1.670378283,,True,True,True,0.310782283,5.1050333333357845e-05
57,90,60,1000,0,1.0,57_90_60_1000_0,aux_gap_double,True,1.359596,0.31083333333333335,1.670378283,,True,True,True,0.310782283,5.1050333333357845e-05
57,90,60,1000,1,1.0,57_90_60_1000_1,current,True,1.361212,0.31933333333333336,1.680475824,,True,True,True,0.319263824,6.950933333338405e-05
57,90,60,1000,1,1.0,57_90_60_1000_1,smoother_11,True,1.418996,0.28983333333333333,1.708674824,,True,True,True,0.289678824,0.00015450933333333028
57,90,60,1000,1,1.0,57_90_60_1000_1,smoother_31,True,1.309332,0.3505,1.659753824,,True,True,True,0.350421824,7.817599999998537e-05
57,90,60,1000,1,1.0,57_90_60_1000_1,accel_gap_half,True,1.361212,0.31933333333333336,1.680475824,,True,True,True,0.319263824,6.950933333338405e-05
57,90,60,1000,1,1.0,57_90_60_1000_1,accel_gap_double,True,1.361212,0.31933333333333336,1.680475824,,True,True,True,0.319263824,6.950933333338405e-05
57,90,60,1000,1,1.0,57_90_60_1000_1,aux_gap_half,True,1.361212,0.31933333333333336,1.680475824,,True,True,True,0.319263824,6.950933333338405e-05
57,90,60,1000,1,1.0,57_90_60_1000_1,aux_gap_double,True,1.361212,0.31933333333333336,1.680475824,,True,True,True,0.319263824,6.950933333338405e-05
57,135,60,500,0,0.5,57_135_60_500_0,current,True,1.349739,0.330106544,1.679687,,True,True,True,0.329948,0.0001585439999999827
57,135,60,500,0,0.5,57_135_60_500_0,smoother_11,True,0.4801980000000001,1.210606544,1.6907,,True,False,False,1.210502,0.00010454400000003972
57,135,60,500,0,0.5,57_135_60_500_0,smoother_31,True,1.300053,0.35060654399999996,1.650548,,True,True,True,0.350495,0.00011154399999996345
57,135,60,500,0,0.5,57_135_60_500_0,accel_gap_half,True,1.349739,0.330106544,1.679687,,True,True,True,0.329948,0.0001585439999999827
57,135,60,500,0,0.5,57_135_60_500_0,accel_gap_double,True,1.349739,0.330106544,1.679687,,True,True,True,0.329948,0.0001585439999999827
57,135,60,500,0,0.5,57_135_60_500_0,aux_gap_half,True,1.349739,0.330106544,1.679687,,True,True,True,0.329948,0.0001585439999999827
57,135,60,500,0,0.5,57_135_60_500_0,aux_gap_double,True,1.349739,0.330106544,1.679687,,True,True,True,0.329948,0.0001585439999999827
57,135,60,500,1,0.5,57_135_60_500_1,current,True,1.3615410000000001,0.319614873,1.681013,,True,True,True,0.319472,0.00014287300000004333
57,135,60,500,1,0.5,57_135_60_500_1,smoother_11,True,0.420252,0.30994820633333336,0.730063,,True,False,False,0.309811,0.00013720633333336174
57,135,60,500,1,0.5,57_135_60_500_1,smoother_31,True,1.309628,0.35044820633333335,1.660036,,True,True,True,0.350408,4.0206333333348e-05
57,135,60,500,1,0.5,57_135_60_500_1,accel_gap_half,True,1.3615410000000001,0.319614873,1.681013,,True,True,True,0.319472,0.00014287300000004333
57,135,60,500,1,0.5,57_135_60_500_1,accel_gap_double,True,1.3615410000000001,0.319614873,1.681013,,True,True,True,0.319472,0.00014287300000004333
57,135,60,500,1,0.5,57_135_60_500_1,aux_gap_half,True,1.3615410000000001,0.319614873,1.681013,,True,True,True,0.319472,0.00014287300000004333
57,135,60,500,1,0.5,57_135_60_500_1,aux_gap_double,True,1.3615410000000001,0.319614873,1.681013,,True,True,True,0.319472,0.00014287300000004333
57,135,60,1000,0,1.0,57_135_60_1000_0,current,True,1.3492220000000001,0.3105,1.659715021,,True,True,True,0.310493021,6.979000000018054e-06
57,135,60,1000,0,1.0,57_135_60_1000_0,smoother_11,True,1.099438,0.5303333333333333,1.629751021,,True,True,True,0.530313021,2.0312333333327715e-05
57,135,60,1000,0,1.0,57_135_60_1000_0,smoother_31,True,1.2995290000000002,0.3398333333333333,1.639309021,,True,True,True,0.339780021,5.331233333333296e-05
57,135,60,1000,0,1.0,57_135_60_1000_0,accel_gap_half,True,1.3492220000000001,0.3105,1.659715021,,True,True,True,0.310493021,6.979000000018054e-06
57,135,60,1000,0,1.0,57_135_60_1000_0,accel_gap_double,True,1.3492220000000001,0.3105,1.659715021,,True,True,True,0.310493021,6.979000000018054e-06
57,135,60,1000,0,1.0,57_135_60_1000_0,aux_gap_half,True,1.3492220000000001,0.3105,1.659715021,,True,True,True,0.310493021,6.979000000018054e-06
57,135,60,1000,0,1.0,57_135_60_1000_0,aux_gap_double,True,1.3492220000000001,0.3105,1.659715021,,True,True,True,0.310493021,6.979000000018054e-06
57,135,60,1000,1,1.0,57_135_60_1000_1,current,True,1.2088219999999998,0.48135015533333336,1.690149,,True,True,True,0.481327,2.315533333335784e-05
57,135,60,1000,1,1.0,57_135_60_1000_1,smoother_11,True,0.4486189999999999,0.9203501553333333,1.368804,,True,False,False,0.920185,0.0001651553333332778
57,135,60,1000,1,1.0,57_135_60_1000_1,smoother_31,True,1.2988019999999998,0.3601834886666667,1.65898,,True,True,True,0.360178,5.488666666719766e-06
57,135,60,1000,1,1.0,57_135_60_1000_1,accel_gap_half,True,1.2088219999999998,0.48135015533333336,1.690149,,True,True,True,0.481327,2.315533333335784e-05
57,135,60,1000,1,1.0,57_135_60_1000_1,accel_gap_double,True,1.2088219999999998,0.48135015533333336,1.690149,,True,True,True,0.481327,2.315533333335784e-05
57,135,60,1000,1,1.0,57_135_60_1000_1,aux_gap_half,True,1.2088219999999998,0.48135015533333336,1.690149,,True,True,True,0.481327,2.315533333335784e-05
57,135,60,1000,1,1.0,57_135_60_1000_1,aux_gap_double,True,1.2088219999999998,0.48135015533333336,1.690149,,True,True,True,0.481327,2.315533333335784e-05
57,180,60,500,0,0.5,57_180_60_500_0,current,True,1.3711550000000001,0.349583912,1.720603,,True,True,True,0.349448,0.0001359120000000158
57,180,60,500,0,0.5,57_180_60_500_0,smoother_11,True,0.801431,0.769083912,1.570403,,True,True,False,0.768972,0.00011191200000004731
57,180,60,500,0,0.5,57_180_60_500_0,smoother_31,True,1.381188,0.3794172453333334,1.760458,,True,True,True,0.37927,0.00014724533333337897
57,180,60,500,0,0.5,57_180_60_500_0,accel_gap_half,True,1.3711550000000001,0.349583912,1.720603,,True,True,True,0.349448,0.0001359120000000158
57,180,60,500,0,0.5,57_180_60_500_0,accel_gap_double,True,1.3711550000000001,0.349583912,1.720603,,True,True,True,0.349448,0.0001359120000000158
57,180,60,500,0,0.5,57_180_60_500_0,aux_gap_half,True,1.3711550000000001,0.349583912,1.720603,,True,True,True,0.349448,0.0001359120000000158
57,180,60,500,0,0.5,57_180_60_500_0,aux_gap_double,True,1.3711550000000001,0.349583912,1.720603,,True,True,True,0.349448,0.0001359120000000158
57,180,60,500,1,0.5,57_180_60_500_1,current,True,0.678811,1.011,1.689804072,,True,True,False,1.010993072,6.92799999990612e-06
57,180,60,500,1,0.5,57_180_60_500_1,smoother_11,True,0.6685989999999999,1.0505,1.719010072,,True,True,False,1.050411072,8.892800000004364e-05
57,180,60,500,1,0.5,57_180_60_500_1,smoother_31,True,1.300882,0.37,1.670819072,,True,True,True,0.369937072,6.292800000001764e-05
57,180,60,500,1,0.5,57_180_60_500_1,accel_gap_half,True,0.678811,1.011,1.689804072,,True,True,False,1.010993072,6.92799999990612e-06
57,180,60,500,1,0.5,57_180_60_500_1,accel_gap_double,True,0.678811,1.011,1.689804072,,True,True,False,1.010993072,6.92799999990612e-06
57,180,60,500,1,0.5,57_180_60_500_1,aux_gap_half,True,0.678811,1.011,1.689804072,,True,True,False,1.010993072,6.92799999990612e-06
57,180,60,500,1,0.5,57_180_60_500_1,aux_gap_double,True,0.678811,1.011,1.689804072,,True,True,False,1.010993072,6.92799999990612e-06
57,180,60,1000,0,1.0,57_180_60_1000_0,current,True,1.370633,0.32968463600000003,1.700313,,True,True,True,0.32968,4.636000000057816e-06
57,180,60,1000,0,1.0,57_180_60_1000_0,smoother_11,True,0.6785079999999999,1.0508513026666666,1.729347,,True,True,False,1.050839,1.2302666666519357e-05
57,180,60,1000,0,1.0,57_180_60_1000_0,smoother_31,True,1.298149,0.3608513026666667,1.658954,,True,True,True,0.360805,4.6302666666719894e-05
57,180,60,1000,0,1.0,57_180_60_1000_0,accel_gap_half,True,1.370633,0.32968463600000003,1.700313,,True,True,True,0.32968,4.636000000057816e-06
57,180,60,1000,0,1.0,57_180_60_1000_0,accel_gap_double,True,1.370633,0.32968463600000003,1.700313,,True,True,True,0.32968,4.636000000057816e-06
57,180,60,1000,0,1.0,57_180_60_1000_0,aux_gap_half,True,1.370633,0.32968463600000003,1.700313,,True,True,True,0.32968,4.636000000057816e-06
57,180,60,1000,0,1.0,57_180_60_1000_0,aux_gap_double,True,1.370633,0.32968463600000003,1.700313,,True,True,True,0.32968,4.636000000057816e-06
57,180,60,1000,1,1.0,57_180_60_1000_1,current,True,1.369294,0.3403737433333333,1.709613,,True,True,True,0.340319,5.474333333332915e-05
57,180,60,1000,1,1.0,57_180_60_1000_1,smoother_11,True,0.4987959999999999,1.00004041,1.4987,,True,False,False,0.999904,0.00013640999999997572
57,180,60,1000,1,1.0,57_180_60_1000_1,smoother_31,True,1.330523,0.36954041,1.699979,,True,True,True,0.369456,8.440999999997922e-05
57,180,60,1000,1,1.0,57_180_60_1000_1,accel_gap_half,True,1.369294,0.3403737433333333,1.709613,,True,True,True,0.340319,5.474333333332915e-05
57,180,60,1000,1,1.0,57_180_60_1000_1,accel_gap_double,True,1.369294,0.3403737433333333,1.709613,,True,True,True,0.340319,5.474333333332915e-05
57,180,60,1000,1,1.0,57_180_60_1000_1,aux_gap_half,True,1.369294,0.3403737433333333,1.709613,,True,True,True,0.340319,5.474333333332915e-05
57,180,60,1000,1,1.0,57_180_60_1000_1,aux_gap_double,True,1.369294,0.3403737433333333,1.709613,,True,True,True,0.340319,5.474333333332915e-05
57,225,60,500,0,0.5,57_225_60_500_0,current,True,1.369658,0.32986229133333334,1.699483,,True,True,True,0.329825,3.729133333335577e-05
57,225,60,500,0,0.5,57_225_60_500_0,smoother_11,True,1.028772,0.3108622913333334,1.3395,,True,True,True,0.310728,0.0001342913333333695
57,225,60,500,0,0.5,57_225_60_500_0,smoother_31,True,1.310663,0.359028958,1.669555,,True,True,True,0.358892,0.00013695800000002034
57,225,60,500,0,0.5,57_225_60_500_0,accel_gap_half,True,1.369658,0.32986229133333334,1.699483,,True,True,True,0.329825,3.729133333335577e-05
57,225,60,500,0,0.5,57_225_60_500_0,accel_gap_double,True,1.369658,0.32986229133333334,1.699483,,True,True,True,0.329825,3.729133333335577e-05
57,225,60,500,0,0.5,57_225_60_500_0,aux_gap_half,True,1.369658,0.32986229133333334,1.699483,,True,True,True,0.329825,3.729133333335577e-05
57,225,60,500,0,0.5,57_225_60_500_0,aux_gap_double,True,1.369658,0.32986229133333334,1.699483,,True,True,True,0.329825,3.729133333335577e-05
57,225,60,500,1,0.5,57_225_60_500_1,current,True,0.800408,0.8791666666666667,1.679519545,,True,True,False,0.879111545,5.512166666665763e-05
57,225,60,500,1,0.5,57_225_60_500_1,smoother_11,True,0.2501009999999999,1.46,1.710068545,,True,False,False,1.459967545,3.245499999993129e-05
57,225,60,500,1,0.5,57_225_60_500_1,smoother_31,True,1.3116759999999998,0.34933333333333333,1.660853545,,True,True,True,0.349177545,0.00015578833333335096
57,225,60,500,1,0.5,57_225_60_500_1,accel_gap_half,True,0.800408,0.8791666666666667,1.679519545,,True,True,False,0.879111545,5.512166666665763e-05
57,225,60,500,1,0.5,57_225_60_500_1,accel_gap_double,True,0.800408,0.8791666666666667,1.679519545,,True,True,False,0.879111545,5.512166666665763e-05
57,225,60,500,1,0.5,57_225_60_500_1,aux_gap_half,True,0.800408,0.8791666666666667,1.679519545,,True,True,False,0.879111545,5.512166666665763e-05
57,225,60,500,1,0.5,57_225_60_500_1,aux_gap_double,True,0.800408,0.8791666666666667,1.679519545,,True,True,False,0.879111545,5.512166666665763e-05
57,225,60,1000,0,1.0,57_225_60_1000_0,current,True,1.3399699999999999,0.30916666666666665,1.649087399,,True,True,True,0.309117399,4.9267666666630294e-05
57,225,60,1000,0,1.0,57_225_60_1000_0,smoother_11,True,0.699981,0.2693333333333333,0.969198399,,True,True,False,0.269217399,0.00011593433333328962
57,225,60,1000,0,1.0,57_225_60_1000_0,smoother_31,True,1.27948,0.3403333333333333,1.619747399,,True,True,True,0.340267399,6.593433333329513e-05
57,225,60,1000,0,1.0,57_225_60_1000_0,accel_gap_half,True,1.3399699999999999,0.30916666666666665,1.649087399,,True,True,True,0.309117399,4.9267666666630294e-05
57,225,60,1000,0,1.0,57_225_60_1000_0,accel_gap_double,True,1.3399699999999999,0.30916666666666665,1.649087399,,True,True,True,0.309117399,4.9267666666630294e-05
57,225,60,1000,0,1.0,57_225_60_1000_0,aux_gap_half,True,1.3399699999999999,0.30916666666666665,1.649087399,,True,True,True,0.309117399,4.9267666666630294e-05
57,225,60,1000,0,1.0,57_225_60_1000_0,aux_gap_double,True,1.3399699999999999,0.30916666666666665,1.649087399,,True,True,True,0.309117399,4.9267666666630294e-05
57,225,60,1000,1,1.0,57_225_60_1000_1,current,True,1.360013,0.31983333333333336,1.679705842,,True,True,True,0.319692842,0.00014049133333338126
57,225,60,1000,1,1.0,57_225_60_1000_1,smoother_11,True,0.5190330000000001,0.6906666666666667,1.209604842,,True,True,False,0.690571842,9.482466666665967e-05
57,225,60,1000,1,1.0,57_225_60_1000_1,smoother_31,True,1.3104639999999999,0.3395,1.649875842,,True,True,True,0.339411842,8.815800000000484e-05
57,225,60,1000,1,1.0,57_225_60_1000_1,accel_gap_half,True,1.360013,0.31983333333333336,1.679705842,,True,True,True,0.319692842,0.00014049133333338126
57,225,60,1000,1,1.0,57_225_60_1000_1,accel_gap_double,True,1.360013,0.31983333333333336,1.679705842,,True,True,True,0.319692842,0.00014049133333338126
57,225,60,1000,1,1.0,57_225_60_1000_1,aux_gap_half,True,1.360013,0.31983333333333336,1.679705842,,True,True,True,0.319692842,0.00014049133333338126
57,225,60,1000,1,1.0,57_225_60_1000_1,aux_gap_double,True,1.360013,0.31983333333333336,1.679705842,,True,True,True,0.319692842,0.00014049133333338126
57,270,60,500,0,0.5,57_270_60_500_0,current,True,1.36811,0.31133333333333335,1.679410771,,True,True,True,0.311300771,3.256233333337466e-05
57,270,60,500,0,0.5,57_270_60_500_0,smoother_11,True,0.650743,0.2806666666666667,0.931307771,,True,True,False,0.280564771,0.00010189566666668481
57,270,60,500,0,0.5,57_270_60_500_0,smoother_31,True,1.298888,0.3411666666666667,1.639937771,,True,True,True,0.341049771,0.00011689566666667206
57,270,60,500,0,0.5,57_270_60_500_0,accel_gap_half,True,1.36811,0.31133333333333335,1.679410771,,True,True,True,0.311300771,3.256233333337466e-05
57,270,60,500,0,0.5,57_270_60_500_0,accel_gap_double,True,1.36811,0.31133333333333335,1.679410771,,True,True,True,0.311300771,3.256233333337466e-05
57,270,60,500,0,0.5,57_270_60_500_0,aux_gap_half,True,1.36811,0.31133333333333335,1.679410771,,True,True,True,0.311300771,3.256233333337466e-05
57,270,60,500,0,0.5,57_270_60_500_0,aux_gap_double,True,1.36811,0.31133333333333335,1.679410771,,True,True,True,0.311300771,3.256233333337466e-05
57,270,60,500,1,0.5,57_270_60_500_1,current,True,1.379332,0.31083333333333335,1.69002501,,True,True,True,0.31069301,0.00014032333333335867
57,270,60,500,1,0.5,57_270_60_500_1,smoother_11,True,0.598857,1.1101666666666667,1.70897901,,True,True,False,1.11012201,4.465666666675361e-05
57,270,60,500,1,0.5,57_270_60_500_1,smoother_31,True,1.3399539999999999,0.3295,1.66932701,,True,True,True,0.32937301,0.0001269899999999935
57,270,60,500,1,0.5,57_270_60_500_1,accel_gap_half,True,1.379332,0.31083333333333335,1.69002501,,True,True,True,0.31069301,0.00014032333333335867
57,270,60,500,1,0.5,57_270_60_500_1,accel_gap_double,True,1.379332,0.31083333333333335,1.69002501,,True,True,True,0.31069301,0.00014032333333335867
57,270,60,500,1,0.5,57_270_60_500_1,aux_gap_half,True,1.379332,0.31083333333333335,1.69002501,,True,True,True,0.31069301,0.00014032333333335867
57,270,60,500,1,0.5,57_270_60_500_1,aux_gap_double,True,1.379332,0.31083333333333335,1.69002501,,True,True,True,0.31069301,0.00014032333333335867
57,270,60,1000,0,1.0,57_270_60_1000_0,current,True,1.358621,0.31066666666666665,1.669169581,,True,True,True,0.310548581,0.00011808566666665632
57,270,60,1000,0,1.0,57_270_60_1000_0,smoother_11,True,0.6202190000000001,0.3,0.920188581,,True,True,False,0.299969581,3.041900000000375e-05
57,270,60,1000,0,1.0,57_270_60_1000_0,smoother_31,True,1.30035,0.3396666666666667,1.639981581,,True,True,True,0.339631581,3.508566666665658e-05
57,270,60,1000,0,1.0,57_270_60_1000_0,accel_gap_half,True,1.358621,0.31066666666666665,1.669169581,,True,True,True,0.310548581,0.00011808566666665632
57,270,60,1000,0,1.0,57_270_60_1000_0,accel_gap_double,True,1.358621,0.31066666666666665,1.669169581,,True,True,True,0.310548581,0.00011808566666665632
57,270,60,1000,0,1.0,57_270_60_1000_0,aux_gap_half,True,1.358621,0.31066666666666665,1.669169581,,True,True,True,0.310548581,0.00011808566666665632
57,270,60,1000,0,1.0,57_270_60_1000_0,aux_gap_double,True,1.358621,0.31066666666666665,1.669169581,,True,True,True,0.310548581,0.00011808566666665632
57,270,60,1000,1,1.0,57_270_60_1000_1,current,True,1.379481,0.31016666666666665,1.689521101,,True,True,True,0.310040101,0.00012656566666663371
57,270,60,1000,1,1.0,57_270_60_1000_1,smoother_11,True,0.470913,0.6498333333333334,1.120664101,,True,False,False,0.649751101,8.223233333337632e-05
57,270,60,1000,1,1.0,57_270_60_1000_1,smoother_31,True,1.319807,0.33016666666666666,1.649897101,,True,True,True,0.330090101,7.656566666663922e-05
57,270,60,1000,1,1.0,57_270_60_1000_1,accel_gap_half,True,1.379481,0.31016666666666665,1.689521101,,True,True,True,0.310040101,0.00012656566666663371
57,270,60,1000,1,1.0,57_270_60_1000_1,accel_gap_double,True,1.379481,0.31016666666666665,1.689521101,,True,True,True,0.310040101,0.00012656566666663371
57,270,60,1000,1,1.0,57_270_60_1000_1,aux_gap_half,True,1.379481,0.31016666666666665,1.689521101,,True,True,True,0.310040101,0.00012656566666663371
57,270,60,1000,1,1.0,57_270_60_1000_1,aux_gap_double,True,1.379481,0.31016666666666665,1.689521101,,True,True,True,0.310040101,0.00012656566666663371
57,315,60,500,0,0.5,57_315_60_500_0,current,True,1.371276,0.3095,1.68075731,,True,True,True,0.30948131,1.8689999999987883e-05
57,315,60,500,0,0.5,57_315_60_500_0,smoother_11,True,0.47947799999999996,0.8708333333333333,1.35024131,,True,False,False,0.87076331,7.002333333339106e-05
57,315,60,500,0,0.5,57_315_60_500_0,smoother_31,True,1.2994890000000001,0.3501666666666667,1.64953031,,True,True,True,0.35004131,0.0001253566666666872
57,315,60,500,0,0.5,57_315_60_500_0,accel_gap_half,True,1.371276,0.3095,1.68075731,,True,True,True,0.30948131,1.8689999999987883e-05
57,315,60,500,0,0.5,57_315_60_500_0,accel_gap_double,True,1.371276,0.3095,1.68075731,,True,True,True,0.30948131,1.8689999999987883e-05
57,315,60,500,0,0.5,57_315_60_500_0,aux_gap_half,True,1.371276,0.3095,1.68075731,,True,True,True,0.30948131,1.8689999999987883e-05
57,315,60,500,0,0.5,57_315_60_500_0,aux_gap_double,True,1.371276,0.3095,1.68075731,,True,True,True,0.30948131,1.8689999999987883e-05
57,315,60,500,1,0.5,57_315_60_500_1,current,True,0.8801830000000002,0.7902432356666667,1.670373,,True,True,False,0.79019,5.323566666670665e-05
57,315,60,500,1,0.5,57_315_60_500_1,smoother_11,True,0.460083,0.830576569,1.290648,,True,False,False,0.830565,1.156899999998906e-05
57,315,60,500,1,0.5,57_315_60_500_1,smoother_31,True,1.2902230000000001,0.349576569,1.639731,,True,True,True,0.349508,6.856900000001831e-05
57,315,60,500,1,0.5,57_315_60_500_1,accel_gap_half,True,0.8801830000000002,0.7902432356666667,1.670373,,True,True,False,0.79019,5.323566666670665e-05
57,315,60,500,1,0.5,57_315_60_500_1,accel_gap_double,True,0.8801830000000002,0.7902432356666667,1.670373,,True,True,False,0.79019,5.323566666670665e-05
57,315,60,500,1,0.5,57_315_60_500_1,aux_gap_half,True,0.8801830000000002,0.7902432356666667,1.670373,,True,True,False,0.79019,5.323566666670665e-05
57,315,60,500,1,0.5,57_315_60_500_1,aux_gap_double,True,0.8801830000000002,0.7902432356666667,1.670373,,True,True,False,0.79019,5.323566666670665e-05
57,315,60,1000,0,1.0,57_315_60_1000_0,current,True,1.36072,0.30933333333333335,1.669948984,,True,True,True,0.309228984,0.00010434933333336449
57,315,60,1000,0,1.0,57_315_60_1000_0,smoother_11,True,0.620052,0.9096666666666666,1.529694984,,True,True,False,0.909642984,2.3682666666635654e-05
57,315,60,1000,0,1.0,57_315_60_1000_0,smoother_31,True,1.288992,0.3408333333333333,1.629807984,,True,True,True,0.340815984,1.734933333330524e-05
57,315,60,1000,0,1.0,57_315_60_1000_0,accel_gap_half,True,1.36072,0.30933333333333335,1.669948984,,True,True,True,0.309228984,0.00010434933333336449
57,315,60,1000,0,1.0,57_315_60_1000_0,accel_gap_double,True,1.36072,0.30933333333333335,1.669948984,,True,True,True,0.309228984,0.00010434933333336449
57,315,60,1000,0,1.0,57_315_60_1000_0,aux_gap_half,True,1.36072,0.30933333333333335,1.669948984,,True,True,True,0.309228984,0.00010434933333336449
57,315,60,1000,0,1.0,57_315_60_1000_0,aux_gap_double,True,1.36072,0.30933333333333335,1.669948984,,True,True,True,0.309228984,0.00010434933333336449
57,315,60,1000,1,1.0,57_315_60_1000_1,current,True,1.0806820000000001,0.5988333333333333,1.679418926,,True,True,True,0.598736926,9.640733333338147e-05
57,315,60,1000,1,1.0,57_315_60_1000_1,smoother_11,True,0.42984100000000014,1.0495,1.479238926,,True,False,False,1.049397926,0.00010207400000017408
57,315,60,1000,1,1.0,57_315_60_1000_1,smoother_31,True,1.308441,0.341,1.649373926,,True,True,True,0.340932926,6.70740000000003e-05
57,315,60,1000,1,1.0,57_315_60_1000_1,accel_gap_half,True,1.0806820000000001,0.5988333333333333,1.679418926,,True,True,True,0.598736926,9.640733333338147e-05
57,315,60,1000,1,1.0,57_315_60_1000_1,accel_gap_double,True,1.0806820000000001,0.5988333333333333,1.679418926,,True,True,True,0.598736926,9.640733333338147e-05
57,315,60,1000,1,1.0,57_315_60_1000_1,aux_gap_half,True,1.0806820000000001,0.5988333333333333,1.679418926,,True,True,True,0.598736926,9.640733333338147e-05
57,315,60,1000,1,1.0,57_315_60_1000_1,aux_gap_double,True,1.0806820000000001,0.5988333333333333,1.679418926,,True,True,True,0.598736926,9.640733333338147e-05
