surface_id,direction_deg,speed_mm_s,force_mN,repeat_id,nominal_force_N,recording_id,variant,valid,usable_duration_logged_s,canonical_start_s,steady_end_s,exclusion_reason,available_0.25,available_0.5,available_1,steady_start_s,canonical_shift_s,condition_role,accel_mean_logged_rate_hz,accel_max_gap_s,accel_interval_cv,force_mean_logged_rate_hz,force_max_gap_s,force_interval_cv,position_mean_logged_rate_hz,position_max_gap_s,position_interval_cv,accel_fraction_at_16g,observed_heading_deg,heading_within_window_p95_deg,logged_position_travel_mm,endpoint_displacement_mm,logged_speed_mean_mm_s,force_time_weighted_mean_N,force_time_weighted_std_N,force_trend_N_s,force_trend_change_N,force_min_N,force_max_N,force_logged_rows,force_mean_to_nominal_ratio,travel_to_nominal_ratio,heading_absolute_residual_deg
0,45,30,500,0,0.5,0_45_30_500_0,current,True,1.3895230000000003,1.8097464616666668,3.199171,,True,True,True,1.809648,9.846166666682699e-05,transfer,8615.217167740073,0.0013459999999999583,0.36284971618164685,8615.217167740073,0.0013459999999999583,0.36284971618164685,99.98985525666784,0.012272999999999978,0.09176732462651345,0.0,-135.00752904223373,0.1538480551291599,15.015806243088736,15.286357910055099,30.031612486177472,0.5125544475121696,0.007168809509330969,-0.04498874602508319,-0.022494373012541594,0.5,0.5189999938011169,4369,1.0251088950243392,1.001053749539249,0.00844927432964937
0,45,30,500,1,0.5,0_45_30_500_1,current,True,2.8684190000000003,0.281108986,3.149506,,True,True,True,0.281087,2.198600000002937e-05,transfer,8566.502356489746,0.0011159999999998949,0.36320079341847566,8566.502356489746,0.0011159999999998949,0.36320079341847566,99.98248844719886,0.012436000000000114,0.09424241986124647,0.0,-134.98669126790395,0.12327245409393014,14.819292638774856,14.891940587982551,29.638585277549712,0.5674360873875022,0.0021811383165669033,-0.0054265170286458735,-0.0027132585143229367,0.5590000152587891,0.5680000185966492,4226,1.1348721747750043,0.9879528425849904,0.012388500000128033
0,45,30,1000,0,1.0,0_45_30_1000_0,current,True,2.1490090000000004,0.2795,2.428490426,,True,True,True,0.279481426,1.857400000004894e-05,transfer,8599.025757861758,0.0016200000000000103,0.38149936949136537,8599.025757861758,0.0016200000000000103,0.38149936949136537,100.04163022677177,0.012298999999999949,0.09451347654343444,0.0,-134.99351338542115,0.16977473970545987,14.904348053117008,14.96031994890618,29.808696106234017,1.0784721746342183,0.0021211569861909656,-0.005158216838654715,-0.0025791084193273577,1.0779999494552612,1.0880000591278076,4235,1.0784721746342183,0.9936232035411339,0.005566382482925292
0,45,30,1000,1,1.0,0_45_30_1000_1,current,True,2.8793,0.2803689753333333,3.159546,,True,True,True,0.280246,0.00012297533333333055,transfer,8621.479092152518,0.0011370000000000546,0.35737808524588854,8621.479092152518,0.0011370000000000546,0.35737808524588854,99.97165026809114,0.012162000000000006,0.08676935260980227,0.0,-134.98735334856417,0.13222814367553326,14.99830268267736,15.066437133805941,29.99660536535472,1.0784667145743372,0.002109462658046144,-0.004870043201566852,-0.002435021600783426,1.0779999494552612,1.0880000591278076,4251,1.0784667145743372,0.999886845511824,0.011726419339908034
0,90,30,1000,0,1.0,0_90_30_1000_0,current,True,2.1402799999999997,1.0394174783333334,3.179691,,True,True,True,1.039411,6.4783333333373605e-06,transfer,8591.991976939622,0.0013230000000001851,0.3489759442680276,8591.991976939622,0.0013230000000001851,0.3489759442680276,100.02445701857071,0.011950000000000016,0.08233430992023841,0.0,180.0,0.0,15.123832067070824,15.324674341229269,30.247664134141647,1.0565423228826125,0.008213278795054398,-0.05336861846032063,-0.026684309230160314,1.0390000343322754,1.0679999589920044,4236,1.0565423228826125,1.008255471138055,0.0009202320959502686
0,90,30,1000,1,1.0,0_90_30_1000_1,current,True,2.879522,0.28993015133333333,3.169387,,True,True,True,0.289865,6.515133333334644e-05,transfer,8683.9300454317,0.0014539999999999553,0.34379660743273494,8683.9300454317,0.0014539999999999553,0.34379660743273494,100.02032861546195,0.012452000000000019,0.091662186616824,0.0,180.0,0.0,14.875332515048418,14.89971528296865,29.750665030096837,1.0682119021232128,0.0014403157292658298,-0.0024894142087814202,-0.0012447071043907101,1.0679999589920044,1.0779999494552612,4327,1.0682119021232128,0.9916888343365612,0.0009202320959502686
0,135,30,500,0,0.5,0_135_30_500_0,current,True,2.8699369999999997,0.2797144616666667,3.149621,,True,True,True,0.279684,3.046166666670347e-05,transfer,8642.154600755646,0.0012320000000000109,0.3399514715530392,8642.154600755646,0.0012320000000000109,0.3399514715530392,99.9826716249471,0.012101999999999613,0.08968378598380748,0.0,134.98686506893307,0.12266710199575499,14.753398596162976,14.749602918800578,29.50679719232595,0.5389999747276306,0.0,0.0,0.0,0.5389999747276306,0.5389999747276306,4285,1.0779999494552612,0.983559906410865,0.01405516316287958
0,135,30,500,1,0.5,0_135_30_500_1,current,True,2.8803259999999997,0.29033333333333333,3.170580082,,True,True,True,0.290254082,7.92513333333078e-05,transfer,8682.97343555837,0.0013919999999996158,0.34204914135257575,8682.97343555837,0.0013919999999996158,0.34204914135257575,99.98188011674132,0.012043999999999944,0.0912996090040442,0.0,134.9992585698777,0.1369756011915328,14.857132827068671,14.817586407836012,29.714265654137343,0.5389999747276306,0.0,0.0,0.0,0.5389999747276306,0.5389999747276306,4299,1.0779999494552612,0.9904755218045781,0.0016616622182255014
0,135,30,1000,0,1.0,0_135_30_1000_0,current,True,2.88046,0.2797613783333333,3.160138,,True,True,True,0.279678,8.337833333332823e-05,transfer,8617.103586449286,0.0015339999999999243,0.35664793405152795,8617.103586449286,0.0015339999999999243,0.35664793405152795,100.00055718785529,0.012389999999999901,0.09526586392072701,0.0,134.98004696545019,0.11560631388897206,14.888600067535338,14.904527253072793,29.777200135070675,1.0577879838540554,0.0013648855784383542,0.002461114266001745,0.0012305571330008724,1.0490000247955322,1.0579999685287476,4295,1.0577879838540554,0.9925733378356891,0.0208732666457081
0,135,30,1000,1,1.0,0_135_30_1000_1,current,True,2.621207,0.27957118233333333,2.900684,,True,True,True,0.279477,9.418233333335913e-05,transfer,8610.27915764272,0.001154,0.3447050668175124,8610.27915764272,0.001154,0.3447050668175124,100.00818248765809,0.012435000000000002,0.09862226845047789,0.0,135.01612904774703,0.16793424515378774,14.912497446412265,14.913185422694951,29.82499489282453,1.0569444371278287,0.002895786020856281,0.010125758340429617,0.0050628791702148086,1.0490000247955322,1.0579999685287476,4293,1.0569444371278287,0.9941664964274843,0.01520881565113541
0,180,30,500,0,0.5,0_180_30_500_0,current,True,2.8598220000000003,0.3001666666666667,3.159839573,,True,True,True,0.300017573,0.00014909366666671087,transfer,8630.539399918982,0.0014359999999999928,0.3471732239388975,8630.539399918982,0.0014359999999999928,0.3471732239388975,100.01971062919142,0.012297999999999976,0.09170625383884502,0.0,90.0,0.0,14.962437551783424,14.843704136387128,29.924875103566848,0.49000000953674316,0.0,0.0,0.0,0.49000000953674316,0.49000000953674316,4273,0.9800000190734863,0.9974958367855616,0.0009202320959502686
0,180,30,500,1,0.5,0_180_30_500_1,current,True,2.89147,0.28983333333333333,3.181189996,,True,True,True,0.289719996,0.00011333733333335205,transfer,8625.560472408639,0.0011170000000002567,0.32879705101392415,8625.560472408639,0.0011170000000002567,0.32879705101392415,100.03869531939188,0.012214000000000058,0.09094908266556391,0.0,90.0,0.0,14.951326868762571,14.994447674371166,29.902653737525142,0.4900000095367432,5.551115123125783e-17,9.244462315183343e-32,4.6222311575916713e-32,0.49000000953674316,0.49000000953674316,4305,0.9800000190734864,0.9967551245841714,0.0009202320959502686
0,180,30,1000,0,1.0,0_180_30_1000_0,current,True,2.8793670000000002,0.2805,3.159767684,,True,True,True,0.280400684,9.931600000001595e-05,transfer,8617.756178296653,0.0012550000000000061,0.3591658762986447,8617.756178296653,0.0012550000000000061,0.3591658762986447,99.97340943932367,0.011838999999999933,0.08223102971508284,0.0,90.0,0.0,14.65001724092523,14.691959994230817,29.30003448185046,0.9999999999999999,1.1102230246251564e-16,1.1093354028245938e-31,5.546677014122969e-32,1.0,1.0,4275,0.9999999999999999,0.976667816061682,0.0009202320959502686
0,180,30,1000,1,1.0,0_180_30_1000_1,current,True,1.9501240000000002,1.2104004593333333,3.160388,,True,True,True,1.210264,0.00013645933333328308,transfer,8627.913081590896,0.0011720000000000064,0.3331213817354629,8627.913081590896,0.0011720000000000064,0.3331213817354629,100.0122889000144,0.012402000000000246,0.09541996279351221,0.0,90.0,0.0,14.984934224187347,14.874518423311065,29.969868448374694,1.0087669231900374,0.0014292911542935092,0.002485405041272285,0.0012427025206361425,1.0,1.0089999437332153,4369,1.0087669231900374,0.9989956149458231,0.0009202320959502686
0,225,30,500,0,0.5,0_225_30_500_0,current,True,2.87901,0.28990800233333336,3.168788,,True,True,True,0.289778,0.00013000233333337885,transfer,8632.343985731024,0.0012790000000000301,0.3547290600169466,8632.343985731024,0.0012790000000000301,0.3547290600169466,100.0312120849438,0.012404000000000082,0.09366084924848543,0.0,44.991137835094484,0.19564136873627547,14.875773279678858,14.909303388725734,29.751546559357717,0.45325520952272413,0.00417924350132229,0.020959308734106966,0.010479654367053483,0.45100000500679016,0.460999995470047,4295,0.9065104190454483,0.9917182186452572,0.009782397001458776
0,225,30,500,1,0.5,0_225_30_500_1,current,True,2.879423,0.29101934599999996,3.170343,,True,True,True,0.29092,9.934599999994465e-05,transfer,8589.322384927162,0.002457,0.3782399177531446,8589.322384927162,0.002457,0.3782399177531446,100.00810007126309,0.012218000000000284,0.09167967840121859,0.0,45.01199272504152,0.15445426366339773,14.881614714217411,14.972748428486751,29.763229428434823,0.4546943514835834,0.004826513611842858,0.027954302242466273,0.013977151121233137,0.45100000500679016,0.460999995470047,4282,0.9093887029671668,0.9921076476144941,0.011072492945572776
0,225,30,1000,0,1.0,0_225_30_1000_0,current,True,2.890444,0.2796812186666667,3.169969,,True,True,True,0.279525,0.00015621866666665207,transfer,8598.238917740862,0.0015740000000000003,0.36778817549674664,8598.238917740862,0.0015740000000000003,0.36778817549674664,99.97039000178832,0.01221799999999984,0.09271002988527254,0.0,44.984001150066604,0.12009645432011093,14.94518255048943,15.002355414318034,29.89036510097886,0.9522692126751938,0.0031324395789826967,0.013082897603953793,0.006541448801976896,0.9509999752044678,0.9599999785423279,4301,0.9522692126751938,0.996345503365962,0.01691908202928971
0,225,30,1000,1,1.0,0_225_30_1000_1,current,True,2.521295,0.6300821926666668,3.151236,,True,True,True,0.629941,0.00014119266666678953,transfer,8606.180010113912,0.0015050000000000896,0.3726180602824679,8606.180010113912,0.0015050000000000896,0.3726180602824679,100.00225151268026,0.012462,0.09252583130718076,0.0,45.010031981174116,0.11026679096845271,15.12615832402292,15.31161607997228,30.25231664804584,0.9651313379482033,0.008238896575585531,0.051563305062463455,0.025781652531231727,0.9509999752044678,0.9800000190734863,4306,0.9651313379482033,1.0084105549348614,0.009111749078101639
0,270,30,500,0,0.5,0_270_30_500_0,current,True,2.890236,0.29,3.180204636,,True,True,True,0.289968636,3.136399999997819e-05,transfer,8710.485515210046,0.001382999999999912,0.32920191916766073,8710.485515210046,0.001382999999999912,0.32920191916766073,100.0272153819629,0.01219400000000001,0.09811595070207937,0.0,0.0,0.0,14.84831622917549,14.732635860625088,29.69663245835098,0.4500694658942223,0.003527984065755407,0.013864328273939944,0.006932164136969972,0.4410000145435333,0.460999995470047,4347,0.9001389317884446,0.9898877486116994,0.0009202320959502686
0,270,30,500,1,0.5,0_270_30_500_1,current,True,2.879622,0.3003741243333333,3.179861,,True,True,True,0.300239,0.0001351243333333474,transfer,8631.754231151477,0.0013360000000000039,0.355941346633118,8631.754231151477,0.0013360000000000039,0.355941346633118,99.99319694378565,0.01237699999999986,0.09283206769726224,0.0,0.0,0.0,15.101756945898533,14.985056668313447,30.203513891797066,0.45097541836357113,0.003957823343502479,0.01679721695068205,0.008398608475341025,0.4410000145435333,0.460999995470047,4321,0.9019508367271423,1.0067837963932356,0.0009202320959502686
0,270,30,1000,0,1.0,0_270_30_1000_0,current,True,2.881719,0.2791666666666667,3.160868325,,True,True,True,0.279149325,1.7341666666670363e-05,transfer,8568.65258801888,0.0011569999999998526,0.34950478378277294,8568.65258801888,0.0011569999999998526,0.34950478378277294,100.02240971290928,0.012516,0.08611087002629671,0.0,0.0,0.0,14.934734718813583,15.109062885084835,29.869469437627167,0.9569781944216291,0.004250280920183319,0.023253610726875925,0.011626805363437962,0.9509999752044678,0.9599999785423279,4250,0.9569781944216291,0.995648981254239,0.0009202320959502686
0,270,30,1000,1,1.0,0_270_30_1000_1,current,True,1.971139,1.1891666666666667,3.160239216,,True,True,True,1.189100216,6.645066666677302e-05,transfer,8636.21715055811,0.0013410000000000366,0.36462461867075296,8636.21715055811,0.0013410000000000366,0.36462461867075296,99.98264230960488,0.012189000000000005,0.09273355695700743,0.0,0.0,0.0,14.78307168080518,14.68618027051731,29.56614336161036,0.9964238450843095,0.011682660680666099,0.07818879407008648,0.03909439703504324,0.9800000190734863,1.0190000534057617,4326,0.9964238450843095,0.9855381120536787,0.0009202320959502686
0,315,30,500,0,0.5,0_315_30_500_0,current,True,2.889589,0.2715,3.160946386,,True,True,True,0.271357386,0.00014261400000004087,transfer,8637.496837657565,0.0010749999999999371,0.33706390170615164,8637.496837657565,0.0010749999999999371,0.33706390170615164,100.0317623511272,0.012099000000000082,0.09066565988540067,0.0,-45.00578000078293,0.08196710307578454,14.902740123758445,14.969700922768256,29.80548024751689,0.4652772718743683,0.005670806218864403,0.034130294217632556,0.017065147108816278,0.45100000500679016,0.47999998927116394,4338,0.9305545437487366,0.993516008250563,0.006700232878870338
0,315,30,500,1,0.5,0_315_30_500_1,current,True,2.861526,0.2996666666666667,3.161115067,,True,True,True,0.299589067,7.759966666670559e-05,transfer,8684.590657731062,0.0013649999999998386,0.35657855554776674,8684.590657731062,0.0013649999999998386,0.35657855554776674,100.03623013026713,0.012023000000000006,0.08869851808374431,0.0,-45.02804497477343,0.1038867536634214,14.958941131120255,15.044877726241543,29.91788226224051,0.4694741235669057,0.006211782659153525,0.03835982532996247,0.019179912664981234,0.460999995470047,0.47999998927116394,4345,0.9389482471338114,0.9972627420746837,0.028965206869315807
0,315,30,1000,0,1.0,0_315_30_1000_0,current,True,2.880055,0.2788992493333333,3.158865,,True,True,True,0.27881,8.924933333331886e-05,transfer,8604.305436132747,0.0013250000000000206,0.3557104685313376,8604.305436132747,0.0013250000000000206,0.3557104685313376,99.9924345899929,0.012483999999999995,0.08917344025320602,0.0,-45.011720220287906,0.13563442387783198,14.976166598590208,14.972732325153373,29.952333197180415,0.9739053136224547,0.00563160586869079,0.03328882298295501,0.016644411491477506,0.9599999785423279,0.9900000095367432,4315,0.9739053136224547,0.9984111065726805,0.0126404523838346
0,315,30,1000,1,1.0,0_315_30_1000_1,current,True,2.879622,0.2797777143333333,3.159274,,True,True,True,0.279652,0.0001257143333333044,transfer,8646.598575533573,0.0014619999999999633,0.32422230561214427,8646.598575533573,0.0014619999999999633,0.32422230561214427,99.99454575204989,0.012096999999999802,0.09620835910093098,0.0,-45.01688299950662,0.17810441460194112,14.95676256156505,15.042417256661308,29.9135251231301,0.9747886726769011,0.005732670312621511,0.034622333108384216,0.017311166554192108,0.9599999785423279,0.9900000095367432,4272,0.9747886726769011,0.9971175041043366,0.01780323160255648
0,45,50,500,0,0.5,0_45_50_500_0,current,True,1.580546,0.42966666666666664,2.010109136,,True,True,True,0.429563136,0.00010353066666662913,transfer,8637.48453974013,0.0013640000000001429,0.35342517718480254,8637.48453974013,0.0013640000000001429,0.35342517718480254,100.04799599808015,0.012337999999999988,0.09651391217643311,0.0,-134.9817347961631,0.09733066722963031,24.81813352878081,25.164955461979034,49.63626705756162,0.5563113780022859,0.006872756141889922,-0.04145920305443409,-0.020729601527217045,0.5389999747276306,0.5680000185966492,4302,1.1126227560045718,0.9927253411512323,0.017344971740982373
0,45,50,500,1,0.5,0_45_50_500_1,current,True,1.669572,0.320016958,1.989498,,True,True,True,0.319926,9.095800000002985e-05,transfer,8667.24564413597,0.0011449999999999516,0.3229784622332271,8667.24564413597,0.0011449999999999516,0.3229784622332271,99.98330467459678,0.012183,0.09466272240797856,0.0,-134.9931344634155,0.08892419111077743,24.643101148962437,24.78056793499925,49.28620229792487,0.5627873619169593,0.004835195259855462,-0.028536676865923694,-0.014268338432961847,0.5490000247955322,0.5680000185966492,4306,1.1255747238339187,0.9857240459584975,0.005945304488591319
0,45,50,1000,0,1.0,0_45_50_1000_0,current,True,1.3197899999999998,0.6308333333333334,1.950605663,,True,True,True,0.630815663,1.7670333333330568e-05,transfer,8610.43855791538,0.0009870000000000156,0.3273847228380146,8610.43855791538,0.0009870000000000156,0.3273847228380146,100.05736320324819,0.012402000000000024,0.09157738862348702,0.0,-134.98429298117242,0.06602424583914368,25.221272362600658,25.74355679108003,50.442544725201316,1.0585199546926816,0.012448440482563522,-0.08363874449078315,-0.041819372245391576,1.0390000343322754,1.0779999494552612,4280,1.0585199546926816,1.0088508945040262,0.014786786731662005
0,45,50,1000,1,1.0,0_45_50_1000_1,current,True,1.6600750000000002,0.300704308,1.960673,,True,True,True,0.300598,0.0001063079999999994,transfer,8636.431167682464,0.0012479999999999158,0.3361552915303122,8636.431167682464,0.0012479999999999158,0.3361552915303122,100.01329180977731,0.012095999999999885,0.08976538364896655,0.0,-134.99857299927874,0.0847507635413464,24.94776440532035,25.007475087492328,49.8955288106407,1.0751329542150498,0.0048835148857459985,-0.027379968634350944,-0.013689984317175472,1.0679999589920044,1.0880000591278076,4281,1.0751329542150498,0.997910576212814,0.0005067686253426018
0,90,50,1000,0,1.0,0_90_50_1000_0,current,True,1.6506310000000002,0.3095,1.96009472,,True,True,True,0.30946372,3.6279999999999646e-05,transfer,8653.971798861978,0.0013319999999996668,0.33540461700798174,8653.971798861978,0.0013319999999996668,0.33540461700798174,100.03510406174644,0.011974999999999986,0.09376647764908655,0.0,180.0,0.0,25.087146466001172,25.358409545848765,50.174292932002345,1.0671439698083403,0.002797707309699124,-0.00939261201913241,-0.004696306009566205,1.0579999685287476,1.0679999589920044,4246,1.0671439698083403,1.0034858586400468,0.0009202320959502686
0,90,50,1000,1,1.0,0_90_50_1000_1,current,True,1.650272,0.32033333333333336,1.970531802,,True,True,True,0.320259802,7.353133333337647e-05,transfer,8637.428584294072,0.0012620000000000964,0.3343713221313635,8637.428584294072,0.0012620000000000964,0.3343713221313635,100.00566242106859,0.012258000000000102,0.088538289328408,0.0,180.0,0.0,25.299717846026738,25.2332729999672,50.599435692053476,1.0672339530558586,0.0026595651828908748,-0.008487953004592149,-0.0042439765022960745,1.0579999685287476,1.0679999589920044,4314,1.0672339530558586,1.0119887138410695,0.0009202320959502686
0,135,50,500,0,0.5,0_135_50_500_0,current,True,1.678925,0.3006666666666667,1.979505524,,True,True,True,0.300580524,8.614266666667758e-05,transfer,8620.217720105562,0.0008520000000000194,0.3396923191128982,8620.217720105562,0.0008520000000000194,0.3396923191128982,99.98529627995885,0.012265999999999999,0.09255675501615825,0.0,134.99594790459636,0.06756130293788942,24.782172703308,24.7890139048806,49.564345406616,0.5381301422238349,0.002818103645703558,-0.009530058227912497,-0.004765029113956249,0.5289999842643738,0.5389999747276306,4275,1.0762602844476699,0.99128690813232,0.00497232749955856
0,135,50,500,1,0.5,0_135_50_500_1,current,True,1.518717,0.4509010643333333,1.969529,,True,True,True,0.450812,8.906433333333297e-05,transfer,8660.840532300757,0.0011990000000001722,0.34499609489986827,8660.840532300757,0.0011990000000001722,0.34499609489986827,99.95897336049899,0.012259999999999938,0.09239770078327862,0.0,134.9909499291656,0.08955241971607109,24.67994271671112,24.505556111332393,49.35988543342224,0.5362225207097531,0.004478868480931971,-0.024072335792573955,-0.012036167896286977,0.5289999842643738,0.5389999747276306,4330,1.0724450414195061,0.9871977086684448,0.009970302930355501
0,135,50,1000,0,1.0,0_135_50_1000_0,current,True,1.669992,0.28983333333333333,1.959822328,,True,True,True,0.289830328,3.005333333305771e-06,transfer,8649.759558113157,0.0011940000000000006,0.32597846501659006,8649.759558113157,0.0011940000000000006,0.32597846501659006,100.04794152492074,0.012179000000000162,0.08524364590106706,0.0,135.00385293309054,0.10956704899502366,24.654906680930107,24.559803959305892,49.309813361860215,1.0559810501508315,0.003754213684183612,-0.01488712770555224,-0.00744356385277612,1.0490000247955322,1.0579999685287476,4323,1.0559810501508315,0.9861962672372043,0.0029327009946200633
0,135,50,1000,1,1.0,0_135_50_1000_1,current,True,1.6710690000000001,0.3001666666666667,1.971135864,,True,True,True,0.300066864,9.980266666670401e-05,transfer,8687.921380413667,0.0011309999999999931,0.3343670717637274,8687.921380413667,0.0011309999999999931,0.3343670717637274,100.03400238337893,0.012089999999999997,0.08959971192650183,0.0,135.00358074114925,0.08963773810519624,24.610205648836953,24.69883990030255,49.220411297673905,1.0538844712584416,0.004483517155655716,-0.023867027610463352,-0.011933513805231676,1.0490000247955322,1.0579999685287476,4283,1.0538844712584416,0.9844082259534781,0.002660509053384885
0,180,50,500,0,0.5,0_180_50_500_0,current,True,1.660728,0.2996666666666667,1.960366236,,True,True,True,0.299638236,2.843066666669003e-05,transfer,8648.736506101883,0.0022899999999999995,0.36189907547125644,8648.736506101883,0.0022899999999999995,0.36189907547125644,100.01000100010002,0.012426999999999994,0.0924391004015488,0.0,90.0,0.0,25.058037284012904,25.113587646531037,50.11607456802581,0.4907752521307469,0.002674213429625566,0.008581709199304517,0.004290854599652259,0.49000000953674316,0.5,4308,0.9815505042614938,1.002321491360516,0.0009202320959502686
0,180,50,500,1,0.5,0_180_50_500_1,current,True,1.6482409999999998,0.3011666666666667,1.949404448,,True,True,True,0.301163448,3.2186666666933483e-06,transfer,8637.824139023396,0.0011200000000000099,0.34569995043380286,8637.824139023396,0.0011200000000000099,0.34569995043380286,100.04274553672931,0.012430999999999998,0.0898204917861332,0.0,90.0,0.0,24.906661262825068,25.03182425120251,49.813322525650136,0.4906732222280502,0.002505774364358699,0.007534693362733121,0.0037673466813665604,0.49000000953674316,0.5,4302,0.9813464444561004,0.9962664505130028,0.0009202320959502686
0,180,50,1000,0,1.0,0_180_50_1000_0,current,True,1.660069,0.2896666666666667,1.949735307,,True,True,True,0.289666307,3.5966666667164304e-07,transfer,8632.344209572108,0.0014620000000000744,0.3372737360807711,8632.344209572108,0.0014620000000000744,0.3372737360807711,99.97403517948894,0.012521000000000004,0.09049580448638714,0.0,90.0,0.0,24.835957270945404,24.967118038617954,49.67191454189081,1.0030583536310993,0.004759017113785892,0.02769451011512613,0.013847255057563065,0.9900000095367432,1.0089999437332153,4306,1.0030583536310993,0.9934382908378161,0.0009202320959502686
0,180,50,1000,1,1.0,0_180_50_1000_1,current,True,1.669104,0.311,1.980038947,,True,True,True,0.310934947,6.50529999999816e-05,transfer,8651.329086017788,0.0012929999999999886,0.35778626634842775,8651.329086017788,0.0012929999999999886,0.35778626634842775,99.94667938943893,0.01254400000000011,0.10035342515514212,0.0,90.0,0.0,24.843319786236698,24.907844641414123,49.686639572473396,0.9987423054133652,0.0037167251461879304,0.014415913111834653,0.007207956555917327,0.9900000095367432,1.0089999437332153,4366,0.9987423054133652,0.9937327914494679,0.0009202320959502686
0,225,50,500,0,0.5,0_225_50_500_0,current,True,1.6707109999999998,0.2903050426666667,1.960913,,True,True,True,0.290202,0.00010304266666666395,transfer,8628.779198298294,0.0019819999999999977,0.36972871935131996,8628.779198298294,0.0019819999999999977,0.36972871935131996,100.0581952821888,0.012049000000000198,0.08161665033721131,0.0,44.99098123935333,0.080207431100554,24.75793494353663,25.11826973989269,49.51586988707326,0.45843674570898213,0.007373289862950545,0.047291675552822356,0.023645837776411178,0.45100000500679016,0.4699999988079071,4379,0.9168734914179643,0.9903173977414652,0.009938992742604569
0,225,50,500,1,0.5,0_225_50_500_1,current,True,1.6793120000000001,0.3408333333333333,2.020023783,,True,True,True,0.340711783,0.0001215503333333312,transfer,8588.253114196823,0.0014359999999999928,0.35612488831052624,8588.253114196823,0.0014359999999999928,0.35612488831052624,100.06035030096629,0.012254999999999988,0.09213935726248529,0.0,45.006262159226324,0.07464885043909246,24.94478323422973,25.039702973910664,49.88956646845946,0.46105628430636725,0.009147407546818013,0.05949412776551195,0.029747063882755977,0.45100000500679016,0.47999998927116394,4269,0.9221125686127345,0.9977913293691892,0.005341927130302793
0,225,50,1000,0,1.0,0_225_50_1000_0,current,True,1.67895,0.30083333333333334,1.979717943,,True,True,True,0.300767943,6.539033333335942e-05,transfer,8600.230320051427,0.0014080000000000203,0.391535181120921,8600.230320051427,0.0014080000000000203,0.391535181120921,99.98485078018481,0.012345999999999968,0.08500857371109734,0.0,44.99090354425845,0.09954097887632397,24.272893941174676,24.476964307397353,48.54578788234935,0.9597752697865366,0.009772415542802603,0.06178443106724357,0.030892215533621786,0.9509999752044678,0.9800000190734863,4253,0.9597752697865366,0.970915757646987,0.0100166878374921
0,225,50,1000,1,1.0,0_225_50_1000_1,current,True,1.668863,0.30037520233333337,1.969147,,True,True,True,0.300284,9.120233333337335e-05,transfer,8613.886536067766,0.0011229999999999851,0.34945290605577606,8613.886536067766,0.0011229999999999851,0.34945290605577606,100.06175757345258,0.011916999999999983,0.08825115840777675,0.0,45.017370250325826,0.07563775545460771,24.84639079377106,24.887632260074223,49.69278158754212,0.9610736373507976,0.010646813336199911,0.06827380843504097,0.03413690421752048,0.9509999752044678,0.9800000190734863,4261,0.9610736373507976,0.9938556317508425,0.01645001822987524
0,270,50,500,0,0.5,0_270_50_500_0,current,True,1.6499359999999998,0.3011666666666667,1.950962132,,True,True,True,0.301026132,0.0001405346666666918,transfer,8633.962605617076,0.001354999999999995,0.35598457859947014,8633.962605617076,0.001354999999999995,0.35598457859947014,99.99488713925487,0.012278000000000011,0.08383109184713225,0.0,0.0,0.0,24.987425959712294,25.136372113774204,49.97485191942459,0.45498183832613626,0.0063339429865833085,0.03854651092683258,0.01927325546341629,0.4410000145435333,0.4699999988079071,4287,0.9099636766522725,0.9994970383884918,0.0009202320959502686
0,270,50,500,1,0.5,0_270_50_500_1,current,True,1.6502729999999999,0.32,1.970172887,,True,True,True,0.319899887,0.00010011300000001278,transfer,8675.321129100155,0.0014259999999999273,0.3496211806881631,8675.321129100155,0.0014259999999999273,0.3496211806881631,100.06780785265445,0.012566999999999995,0.09218254634415576,0.0,0.0,0.0,24.980078288271255,25.010645450223898,49.96015657654251,0.4575934735317827,0.007352296422245743,0.046881774846781035,0.023440887423390518,0.4410000145435333,0.4699999988079071,4351,0.9151869470635654,0.9992031315308502,0.0009202320959502686
0,270,50,1000,0,1.0,0_270_50_1000_0,current,True,1.660806,0.339634755,2.000394,,True,True,True,0.339588,4.675500000000943e-05,transfer,8602.181219514938,0.0019770000000000065,0.37856488835478747,8602.181219514938,0.0019770000000000065,0.37856488835478747,99.99783554468517,0.012556000000000012,0.094121041694508,0.0,0.0,0.0,24.65844125614781,24.583123501576598,49.31688251229562,0.9639666663628221,0.008634967263030147,0.0544505276793814,0.0272252638396907,0.9509999752044678,0.9800000190734863,4263,0.9639666663628221,0.9863376502459125,0.0009202320959502686
0,270,50,1000,1,1.0,0_270_50_1000_1,current,True,1.670826,0.2797072036666667,1.950388,,True,True,True,0.279562,0.00014520366666670448,transfer,8717.580713659574,0.0010510000000000241,0.3169657669675376,8717.580713659574,0.0010510000000000241,0.3169657669675376,99.97970109099062,0.012016000000000027,0.0903669092070768,0.0,0.0,0.0,24.788126670423427,24.556800557883307,49.576253340846854,0.9607851867281795,0.006618056936120281,0.04185962655606856,0.02092981327803428,0.9509999752044678,0.9700000286102295,4336,0.9607851867281795,0.9915250668169371,0.0009202320959502686
0,315,50,500,0,0.5,0_315_50_500_0,current,True,1.669373,0.3004370533333333,1.969678,,True,True,True,0.300305,0.00013205333333332625,transfer,8585.276089520132,0.0013009999999999966,0.36607897228114294,8585.276089520132,0.0013009999999999966,0.36607897228114294,100.02940258197106,0.012548000000000004,0.08697632387597114,0.0,-45.00389615397706,0.1002766520732436,24.86897370544394,25.06971682893676,49.73794741088788,0.4769344112513165,0.012278337680478882,0.08177721536961542,0.04088860768480771,0.460999995470047,0.5,4289,0.953868822502633,0.9947589482177576,0.004816386073002832
0,315,50,500,1,0.5,0_315_50_500_1,current,True,1.669678,0.3006666666666667,1.970307217,,True,True,True,0.300629217,3.744966666668903e-05,transfer,8678.197493105883,0.0008770000000000167,0.31551169277322255,8678.197493105883,0.0008770000000000167,0.31551169277322255,100.05142915091196,0.012703999999999827,0.09195821171169342,0.0,-44.98941705593431,0.07545948024005894,24.494794031294642,24.470481392694346,48.989588062589284,0.47800329228379324,0.011239593048043658,0.07410863383578073,0.037054316917890365,0.460999995470047,0.5,4332,0.9560065845675865,0.9797917612517857,0.009662711969667725
0,315,50,1000,0,1.0,0_315_50_1000_0,current,True,0.9400419999999998,1.0298555186666667,1.969758,,True,True,False,1.029716,0.00013951866666661594,transfer,8565.193836692322,0.0017000000000000348,0.38869201206773873,8565.193836692322,0.0017000000000000348,0.38869201206773873,99.99831171681517,0.012636999999999954,0.09362961256983326,0.0,-44.99488052968524,0.07167421219426728,25.30823334189678,25.508030259528105,50.61646668379356,1.0410954390006064,0.008072208286288927,0.051802802308996615,0.025901401154498307,1.0290000438690186,1.0490000247955322,4288,1.0410954390006064,1.0123293336758712,0.004199238218802748
0,315,50,1000,1,1.0,0_315_50_1000_1,current,True,1.6915900000000001,0.2792296696666667,1.970728,,True,True,True,0.279138,9.166966666668275e-05,transfer,8564.806235327193,0.0010969999999999591,0.3514308338848114,8564.806235327193,0.0010969999999999591,0.3514308338848114,99.9847082210956,0.012184000000000195,0.08866096801445968,0.0,-44.98572073532275,0.06376508779671605,24.888899384462913,24.893294439702125,49.77779876892583,0.9833719484963022,0.010920287112348465,0.07098338533325733,0.03549169266662867,0.9599999785423279,1.0,4248,0.9833719484963022,0.9955559753785166,0.013359032581320207
38,45,30,500,0,0.5,38_45_30_500_0,current,True,2.871132,0.29891472333333335,3.169933,,True,True,True,0.298801,0.00011372333333337092,transfer,8636.61687082989,0.0013129999999996755,0.3288634685922018,8636.61687082989,0.0013129999999996755,0.3288634685922018,100.03253999683426,0.012231000000000325,0.08328004704534589,0.0,-135.0030559409355,0.14819135208857404,14.904049064532526,14.995814992687384,29.80809812906505,0.5930196514027118,0.006833597725882365,-0.04132233929876143,-0.020661169649380716,0.578000009059906,0.6079999804496765,4291,1.1860393028054237,0.993603270968835,0.003976173031418284
38,45,30,500,1,0.5,38_45_30_500_1,current,True,2.881147,0.2988480886666667,3.179988,,True,True,True,0.298841,7.088666666654753e-06,transfer,8622.214789615671,0.0013560000000001349,0.3723851412846951,8622.214789615671,0.0013560000000001349,0.3723851412846951,99.96554128988478,0.012191999999999759,0.09414773385551992,0.0,-135.0084026115489,0.14473412572131394,15.027291409604562,14.832971418990036,30.054582819209124,0.5925932051427365,0.0071858349137368166,-0.04413774798351265,-0.022068873991756326,0.578000009059906,0.6079999804496765,4272,1.185186410285473,1.0018194273069707,0.009322843644810064
38,45,30,1000,0,1.0,38_45_30_1000_0,current,True,2.880982,0.3,3.180838174,,True,True,True,0.299856174,0.00014382600000001355,transfer,8605.176453156177,0.0014780000000000904,0.35448276713189564,8605.176453156177,0.0014780000000000904,0.35448276713189564,100.01023634183734,0.012452000000000019,0.09503653584109488,0.0,-134.99961691741086,0.14903377676983348,14.842514785184134,14.912113640643936,29.68502957036827,1.1143030323054792,0.008216248056511957,-0.051710640054965964,-0.025855320027482982,1.0980000495910645,1.1269999742507935,4291,1.1143030323054792,0.9895009856789423,0.0005371495067834076
38,45,30,1000,1,1.0,38_45_30_1000_1,current,True,2.869651,0.290041936,3.159612,,True,True,True,0.289961,8.093599999997592e-05,transfer,8577.73751557015,0.00289,0.39484064563347177,8577.73751557015,0.00289,0.39484064563347177,100.00132531876929,0.012400999999999995,0.09004887124662952,0.0,-135.00713861111146,0.14765894727106282,14.933296553717929,14.982544312662712,29.866593107435857,1.1113899740180968,0.006959806212244889,-0.04358853521746174,-0.02179426760873087,1.0980000495910645,1.1269999742507935,4298,1.1113899740180968,0.9955531035811952,0.008058843207379596
38,90,30,1000,0,1.0,38_90_30_1000_0,current,True,2.861187,0.30937972133333336,3.170437,,True,True,True,0.30925,0.00012972133333333247,transfer,8697.245906396593,0.0012739999999999974,0.32835373761985354,8697.245906396593,0.0012739999999999974,0.32835373761985354,99.98720751903801,0.012048000000000059,0.08545875863904548,0.0,180.0,0.0,14.974394833888658,14.99145810768227,29.948789667777316,1.1049861479682526,0.006957848092668314,-0.04327340454132099,-0.021636702270660495,1.0880000591278076,1.1169999837875366,4357,1.1049861479682526,0.9982929889259106,0.0009202320959502686
38,90,30,1000,1,1.0,38_90_30_1000_1,current,True,2.890011,0.310607938,3.200579,,True,True,True,0.310568,3.9937999999961615e-05,transfer,8624.683681244767,0.0011519999999999864,0.3301193088578288,8624.683681244767,0.0011519999999999864,0.3301193088578288,99.98691347750074,0.012249999999999872,0.08895541971240642,0.0,180.0,0.0,14.974469167446493,14.813595796359056,29.948938334892986,1.0997313654829264,0.007033070310645852,-0.04462146882823504,-0.02231073441411752,1.0880000591278076,1.1069999933242798,4266,1.0997313654829264,0.9982979444964328,0.0009202320959502686
38,135,30,500,0,0.5,38_135_30_500_0,current,True,2.869452,0.3095,3.178908228,,True,True,True,0.309456228,4.377199999999748e-05,transfer,8674.8328806039,0.001124000000000125,0.3269107137412539,8674.8328806039,0.001124000000000125,0.3269107137412539,100.0206494243973,0.012527000000000066,0.09245785762824908,0.0,134.99403317661807,0.17823090771850048,15.038490805425909,15.160810354358146,30.076981610851817,0.5547625392999649,0.004941509554266689,-0.0047277536328129335,-0.0023638768164064667,0.5490000247955322,0.5590000152587891,4298,1.1095250785999298,1.0025660536950605,0.006887055477818649
38,135,30,500,1,0.5,38_135_30_500_1,current,True,2.880378,0.290080701,3.17039,,True,True,True,0.290012,6.870100000000434e-05,transfer,8640.370593926986,0.0015700000000000713,0.37040242219578423,8640.370593926986,0.0015700000000000713,0.37040242219578423,100.01111888321702,0.012639999999999985,0.09612828364471487,0.0,135.01789104489706,0.1983418453611435,14.779764381521076,14.819708487124739,29.559528763042152,0.5529709610085487,0.004892953080964543,-0.010835936624160795,-0.0054179683120803976,0.5490000247955322,0.5590000152587891,4309,1.1059419220170974,0.9853176254347384,0.01697081280110524
38,135,30,1000,0,1.0,38_135_30_1000_0,current,True,2.55881,0.30084721933333336,2.859546,,True,True,True,0.300736,0.00011121933333335665,transfer,8643.789639686971,0.0011449999999999516,0.3492545375402535,8643.789639686971,0.0011449999999999516,0.3492545375402535,100.02199897338123,0.012248000000000037,0.08930435131603694,0.0,135.0192014592873,0.11810007307342966,15.075190184158133,15.102343749867906,30.150380368316267,1.0685957417571545,0.0023670371493543624,-0.006330035275103994,-0.003165017637551997,1.0679999589920044,1.0779999494552612,4319,1.0685957417571545,1.0050126789438756,0.01828122719143721
38,135,30,1000,1,1.0,38_135_30_1000_1,current,True,2.868802,0.28983333333333333,3.158626566,,True,True,True,0.289824566,8.767333333326022e-06,transfer,8679.03905340493,0.0011240000000000139,0.34718906429607765,8679.03905340493,0.0011240000000000139,0.34718906429607765,100.02776528272695,0.012158000000000113,0.09134125060643299,0.0,134.97864430896928,0.15650140986517158,14.803247177824064,14.750011719131555,29.606494355648127,1.0682337987689974,0.0015111963798772313,-0.0027014811937924646,-0.0013507405968962323,1.0679999589920044,1.0779999494552612,4311,1.0682337987689974,0.9868831451882709,0.022275923126699126
38,180,30,500,0,0.5,38_180_30_500_0,current,True,2.8799699999999997,0.2897799266666667,3.169729,,True,True,True,0.289759,2.0926666666698512e-05,transfer,8641.034966518737,0.001152000000000264,0.3377799874414089,8641.034966518737,0.001152000000000264,0.3377799874414089,99.9980059048676,0.012222999999999873,0.0914772317124184,0.0,90.0,0.0,14.946525037117294,15.00081228821702,29.893050074234587,0.4703519070380132,0.0037955745327764713,0.01581281274583949,0.007906406372919745,0.460999995470047,0.47999998927116394,4284,0.9407038140760264,0.9964350024744862,0.0009202320959502686
38,180,30,500,1,0.5,38_180_30_500_1,current,True,1.791214,1.369,3.160074471,,True,True,True,1.368860471,0.00013952899999991608,transfer,8594.554310801848,0.001951000000000036,0.3761014095604794,8594.554310801848,0.001951000000000036,0.3761014095604794,100.02173492832314,0.01249100000000003,0.09342698414718291,0.0,90.0,0.0,14.906775838211734,15.007372119921172,29.81355167642347,0.5073378830020427,0.00441975486755249,0.023441098601544048,0.011720549300772024,0.5,0.5099999904632568,4311,1.0146757660040855,0.9937850558807823,0.0009202320959502686
38,180,30,1000,0,1.0,38_180_30_1000_0,current,True,2.881348,0.27952958,3.160838,,True,True,True,0.27949,3.957999999998352e-05,transfer,8654.446631253217,0.001294999999999824,0.34674293520589194,8654.446631253217,0.001294999999999824,0.34674293520589194,99.99731001388267,0.011904999999999832,0.08467010561891995,0.0,90.0,0.0,14.991897259774385,15.152184310693368,29.98379451954877,0.97812857085824,0.003900275103450121,0.0150188068539481,0.00750940342697405,0.9700000286102295,0.9800000190734863,4311,0.97812857085824,0.9994598173182924,0.0009202320959502686
38,180,30,1000,1,1.0,38_180_30_1000_1,current,True,2.870556,0.28921148766666666,3.159662,,True,True,True,0.289106,0.00010548766666668152,transfer,8669.54740315104,0.0013070000000001691,0.3237187692110551,8669.54740315104,0.0013070000000001691,0.3237187692110551,99.98333611064824,0.012466000000000088,0.09148835795961027,0.0,90.0,0.0,14.855651238122269,14.637082687388592,29.711302476244537,0.9714901108184657,0.0047824959905861395,0.02421321202718035,0.012106606013590175,0.9599999785423279,0.9800000190734863,4279,0.9714901108184657,0.9903767492081512,0.0009202320959502686
38,225,30,500,0,0.5,38_225_30_500_0,current,True,2.879399,0.3011817516666667,3.180567,,True,True,True,0.301168,1.3751666666728113e-05,transfer,8702.62796191946,0.0013030000000000541,0.32440637156998836,8702.62796191946,0.0013030000000000541,0.32440637156998836,100.00523556821504,0.012346999999999886,0.08990099303414079,0.0,45.00273657661826,0.10063194320287606,14.91727291818718,15.007112186218691,29.83454583637436,0.4238765493954917,0.011224426932513078,0.07487378522368154,0.03743689261184077,0.4020000100135803,0.4410000145435333,4341,0.8477530987909834,0.9944848612124787,0.0018163445222398877
38,225,30,500,1,0.5,38_225_30_500_1,current,True,2.87971,0.2906710176666667,3.170351,,True,True,True,0.290641,3.0017666666715126e-05,transfer,8577.666417571469,0.0012210000000001386,0.34783197358140583,8577.666417571469,0.0012210000000001386,0.34783197358140583,99.99739009744319,0.012325999999999948,0.09777532998228308,0.0,45.0045760312296,0.2149674575678318,14.734829536141614,14.767393696166835,29.46965907228323,0.42279477678482735,0.010637708464389247,0.07044594036774299,0.035222970183871494,0.4020000100135803,0.4410000145435333,4288,0.8455895535696547,0.9823219690761076,0.003655799133639448
38,225,30,1000,0,1.0,38_225_30_1000_0,current,True,2.8585149999999997,0.311083116,3.169469,,True,True,True,0.310954,0.0001291159999999847,transfer,8550.672943056232,0.002145000000000008,0.41078805477449915,8550.672943056232,0.002145000000000008,0.41078805477449915,100.03625947704211,0.012665999999999844,0.093813456314103,0.0,45.01805873310864,0.16610842431064293,15.149121739652646,14.934349331570392,30.29824347930529,0.9217812085001469,0.011418341693962468,0.07586071512681132,0.03793035756340566,0.9020000100135803,0.9409999847412109,4134,0.9217812085001469,1.0099414493101764,0.01713850101270964
38,225,30,1000,1,1.0,38_225_30_1000_1,current,True,2.880278,0.2906666666666667,3.170847654,,True,True,True,0.290569654,9.701266666667374e-05,transfer,8646.551802271306,0.0011890000000001066,0.3216516747075829,8646.551802271306,0.0011890000000001066,0.3216516747075829,99.98535302284667,0.012064000000000075,0.08289267256827293,0.0,45.00498992976087,0.15871017473502458,14.90514651888795,14.960152688219377,29.8102930377759,0.9180314297038117,0.011594606647875684,0.07664825441474238,0.03832412720737119,0.9020000100135803,0.9409999847412109,4321,0.9180314297038117,0.99367643459253,0.004069697664931482
38,270,30,500,0,0.5,38_270_30_500_0,current,True,1.9992830000000001,0.9395204,2.938647,,True,True,True,0.939364,0.0001564000000000565,transfer,8580.883383366543,0.0008930000000000327,0.31652785500700387,8580.883383366543,0.0008930000000000327,0.31652785500700387,100.01269955979748,0.012557000000000002,0.09518545475001074,0.0,0.0,0.0,15.140161625853148,15.296590320499774,30.280323251706296,0.466543337621391,0.011935619350116696,0.0800075472828949,0.04000377364144745,0.45100000500679016,0.49000000953674316,4347,0.933086675242782,1.00934410839021,0.0009202320959502686
38,270,30,500,1,0.5,38_270_30_500_1,current,True,2.510802,0.2897280026666667,2.800385,,True,True,True,0.289583,0.000145002666666727,transfer,8649.00304881532,0.001190999999999942,0.3487681688134818,8649.00304881532,0.001190999999999942,0.3487681688134818,99.99744874544257,0.012099000000000082,0.08594625403693017,0.0,0.0,0.0,14.889462467450825,14.895029928841595,29.77892493490165,0.424985966065824,0.005291593579493118,0.03161998128763316,0.01580999064381658,0.41200000047683716,0.4309999942779541,4306,0.849971932131648,0.9926308311633883,0.0009202320959502686
38,270,30,1000,0,1.0,38_270_30_1000_0,current,True,2.900516,0.28051960000000004,3.180997,,True,True,True,0.280481,3.860000000005526e-05,transfer,8635.51689703397,0.0012969999999996595,0.34304872447734835,8635.51689703397,0.0012969999999996595,0.34304872447734835,100.00967835596992,0.01221899999999998,0.09060087591700448,0.0,0.0,0.0,14.777626823290865,14.605645906593153,29.55525364658173,0.9259926690533162,0.00572727541740084,0.034045107410016956,0.017022553705008478,0.9210000038146973,0.9409999847412109,4323,0.9259926690533162,0.9851751215527244,0.0009202320959502686
38,270,30,1000,1,1.0,38_270_30_1000_1,current,True,2.8905570000000003,0.2798333333333333,3.170293231,,True,True,True,0.279736231,9.710233333332097e-05,transfer,8641.698310617254,0.0013140000000000374,0.33593005547613347,8641.698310617254,0.0013140000000000374,0.33593005547613347,100.0026686929182,0.012178999999999718,0.08816990447552096,0.0,0.0,0.0,14.785504363078854,14.818091718772195,29.571008726157707,0.9240324675893785,0.005933763175696165,0.034847953201689756,0.017423976600844878,0.9110000133514404,0.9309999942779541,4271,0.9240324675893785,0.9857002908719236,0.0009202320959502686
38,315,30,500,0,0.5,38_315_30_500_0,current,True,2.870336,0.3105,3.180746735,,True,True,True,0.310410735,8.926500000000503e-05,transfer,8675.1327023702,0.0009280000000000399,0.3150431204570808,8675.1327023702,0.0009280000000000399,0.3150431204570808,99.99328490843283,0.012174000000000018,0.09151386116869185,0.0,-44.97773439110427,0.15432689637360963,15.085618422673607,15.262250285370081,30.171236845347213,0.45659499498152734,0.006599575001623882,0.040190338202913,0.0200951691014565,0.4410000145435333,0.4699999988079071,4355,0.9131899899630547,1.0057078948449072,0.02134537679978621
38,315,30,500,1,0.5,38_315_30_500_1,current,True,2.8704709999999998,0.2892736086666667,3.159614,,True,True,True,0.289143,0.00013060866666669835,transfer,8569.252179008276,0.0014300000000000423,0.3564031370991545,8569.252179008276,0.0014300000000000423,0.3564031370991545,99.9684850083918,0.012095999999999885,0.08901012347706425,0.0,-45.01380248917602,0.10401594503075273,14.959683576342256,14.904133235344704,29.91936715268451,0.45556401398754126,0.005429167468928209,0.03213029976651703,0.016065149883258516,0.4410000145435333,0.460999995470047,4227,0.9111280279750825,0.997312238422817,0.01472272127193719
38,315,30,1000,0,1.0,38_315_30_1000_0,current,True,2.879756,0.290177135,3.169908,,True,True,True,0.290152,2.5134999999953944e-05,transfer,8609.473699307677,0.001735000000000042,0.34735264751339584,8609.473699307677,0.001735000000000042,0.34735264751339584,99.98774343790116,0.012272999999999978,0.08458743621472524,0.0,-44.9996345888521,0.16902754122737065,14.982248805644959,15.25312478241372,29.964497611289918,0.9597360238782168,0.00572477414159273,0.031076114953527145,0.015538057476763572,0.9509999752044678,0.9700000286102295,4300,0.9597360238782168,0.9988165870429973,0.0005548209480821242
38,315,30,1000,1,1.0,38_315_30_1000_1,current,True,1.438422,0.2911666666666667,1.729500008,,True,True,True,0.291078008,8.865866666668554e-05,transfer,8662.16839930548,0.0011110000000003062,0.33405247180291786,8662.16839930548,0.0011110000000003062,0.33405247180291786,99.97631059854437,0.012109999999999954,0.089198915086683,0.0,-45.004542614169225,0.13695585086061468,15.133340170815904,15.28497688140908,30.266680341631808,0.9585933400327563,0.005827127479858769,0.032158664482322664,0.016079332241161332,0.9509999752044678,0.9700000286102295,4341,0.9585933400327563,1.0088893447210603,0.00546284626511806
38,45,50,500,0,0.5,38_45_50_500_0,current,True,1.670092,0.3196711586666667,1.989744,,True,True,True,0.319652,1.915866666668542e-05,transfer,8644.434663048558,0.0008469999999999867,0.3103522766876582,8644.434663048558,0.0008469999999999867,0.3103522766876582,99.9840025595905,0.012078999999999951,0.093110809296506,0.0,-135.0019833519913,0.06050074890658408,24.98474406022177,24.71782620714694,49.96948812044354,0.5796369429186782,0.015257475421109013,-0.10263119695179981,-0.05131559847589991,0.5490000247955322,0.5979999899864197,4281,1.1592738858373564,0.9993897624088709,0.002903584087221134
38,45,50,500,1,0.5,38_45_50_500_1,current,True,1.660012,0.319510007,1.979476,,True,True,True,0.319464,4.600699999995905e-05,transfer,8594.963695798122,0.0013400000000000079,0.335262936901287,8594.963695798122,0.0013400000000000079,0.335262936901287,100.0257793713198,0.011975999999999987,0.08408134357969545,0.0,-134.9973787991429,0.13053720785515993,24.86872535968966,24.437458737201254,49.73745071937932,0.5820994342332482,0.01446374903086532,-0.0971898331441333,-0.04859491657206665,0.5590000152587891,0.6079999804496765,4224,1.1641988684664963,0.9947490143875863,0.0017009687611846402
38,45,50,1000,0,1.0,38_45_50_1000_0,current,True,1.6807400000000001,0.2803333333333333,1.961057035,,True,True,True,0.280317035,1.6298333333331083e-05,transfer,8620.25371322892,0.0011539999999999884,0.3611269181734456,8620.25371322892,0.0011539999999999884,0.3611269181734456,100.02081881296559,0.012187999999999977,0.08110065461213554,0.0,-135.01778106443695,0.08250109160675975,24.34169116830744,24.331896625419464,48.68338233661488,1.105945894468665,0.01452186545307505,-0.09682201955801886,-0.04841100977900943,1.0779999494552612,1.1269999742507935,4316,1.105945894468665,0.9736676467322977,0.018701296532867673
38,45,50,1000,1,1.0,38_45_50_1000_1,current,True,1.6803430000000001,0.3001666666666667,1.980484729,,True,True,True,0.300141729,2.4937666666668967e-05,transfer,8599.194687514457,0.0009470000000000312,0.3515812580894842,8599.194687514457,0.0009470000000000312,0.3515812580894842,100.09944945302799,0.012324000000000002,0.08836878525931084,0.0,-135.00119090978924,0.0926402921935974,24.696213876235923,24.70203159755481,49.392427752471846,1.098115966052413,0.016019698929051054,-0.10629930362527672,-0.05314965181263836,1.0679999589920044,1.1169999837875366,4285,1.098115966052413,0.9878485550494369,0.0021111418851660346
38,90,50,1000,0,1.0,38_90_50_1000_0,current,True,1.5806769999999999,0.31922250366666666,1.899843,,True,True,True,0.319166,5.650366666665185e-05,transfer,8564.90569219652,0.001544999999999963,0.3828419608242936,8564.90569219652,0.001544999999999963,0.3828419608242936,100.0240512377749,0.012005000000000043,0.08206002474304006,0.0,180.0,0.0,25.12193835953244,25.20797094052777,50.24387671906488,1.0925320547268393,0.011401395086546792,-0.07569349531167768,-0.03784674765583884,1.0679999589920044,1.1169999837875366,4155,1.0925320547268393,1.0048775343812977,0.0009202320959502686
38,90,50,1000,1,1.0,38_90_50_1000_1,current,True,1.209675,0.7498333333333334,1.959384024,,True,True,True,0.749709024,0.00012430933333340555,transfer,8646.931300638444,0.001366000000000006,0.3506603004043765,8646.931300638444,0.001366000000000006,0.3506603004043765,99.97762405556851,0.012388000000000066,0.09755480505056387,0.0,180.0,0.0,25.35130285900485,25.583068386851558,50.7026057180097,1.0394315817528565,0.02332658736212955,-0.16012661569196723,-0.08006330784598362,1.0,1.0779999494552612,4303,1.0394315817528565,1.014052114360194,0.0009202320959502686
38,135,50,500,0,0.5,38_135_50_500_0,current,True,1.650155,0.31933333333333336,1.969380009,,True,True,True,0.319225009,0.0001083243333333539,transfer,8565.528070059647,0.0011799999999999589,0.3701627124983404,8565.528070059647,0.0011799999999999589,0.3701627124983404,100.0364045524393,0.012481999999999993,0.08949429886005195,0.0,134.98920507642245,0.06328687613901707,25.05390345739692,25.30556418100176,50.10780691479384,0.547629989817222,0.005280256284568818,-0.0274322962413937,-0.01371614812069685,0.5389999747276306,0.5590000152587891,4243,1.095259979634444,1.0021561382958768,0.011715155673527988
38,135,50,500,1,0.5,38_135_50_500_1,current,True,1.66982,0.2911666666666667,1.960962357,,True,True,True,0.291142357,2.4309666666666452e-05,transfer,8529.7806647172,0.0011950000000000571,0.34884719683209425,8529.7806647172,0.0011950000000000571,0.34884719683209425,100.09125967794166,0.012136999999999981,0.08860282424759763,0.0,134.9951321201189,0.07888971842190667,24.94864019179346,25.33903440914691,49.89728038358692,0.5479741821268003,0.004826648939528397,-0.024105978460302848,-0.012052989230151424,0.5389999747276306,0.5590000152587891,4290,1.0959483642536005,0.9979456076717383,0.005788111977039989
38,135,50,1000,0,1.0,38_135_50_1000_0,current,True,1.670159,0.300317817,1.970456,,True,True,True,0.300297,2.0817000000006303e-05,transfer,8600.78271242222,0.001330999999999971,0.3551465371608015,8600.78271242222,0.001330999999999971,0.3551465371608015,100.03751406777542,0.012210999999999972,0.10047523621265761,0.0,135.01066704259634,0.07949516454189334,24.61757545615277,24.617908464646643,49.23515091230554,1.0661857607221605,0.004920369110438988,-0.021863030763372125,-0.010931515381686062,1.0579999685287476,1.0779999494552612,4277,1.0661857607221605,0.9847030182461108,0.009746810500473657
38,135,50,1000,1,1.0,38_135_50_1000_1,current,True,1.6689910000000001,0.2905,1.959425626,,True,True,True,0.290434626,6.537400000000693e-05,transfer,8587.442839791156,0.0012599999999999834,0.36980239020839417,8587.442839791156,0.0012599999999999834,0.36980239020839417,100.06963937176279,0.012077999999999978,0.08591546069133464,0.0,135.00201881584454,0.10185992704893314,24.893674209184013,25.603582814312094,49.787348418368026,1.065139181720257,0.005011196453345364,-0.024790352134231575,-0.012395176067115788,1.0579999685287476,1.0779999494552612,4260,1.065139181720257,0.9957469683673605,0.0010985837486714445
38,180,50,500,0,0.5,38_180_50_500_0,current,True,1.5612219999999999,0.28933333333333333,1.850553592,,True,True,True,0.289331592,1.7413333333049508e-06,transfer,8648.4310251679,0.001405000000000045,0.3588813951874927,8648.4310251679,0.001405000000000045,0.3588813951874927,100.03826935681528,0.012146000000000101,0.08882840351179684,0.0,90.0,0.0,24.977996518658372,25.028163258910276,49.955993037316745,0.47685602635448177,0.008477283972251552,0.05428062324512061,0.027140311622560306,0.460999995470047,0.49000000953674316,4323,0.9537120527089635,0.9991198607463349,0.0009202320959502686
38,180,50,500,1,0.5,38_180_50_500_1,current,True,1.658553,0.31083333333333335,1.969225051,,True,True,True,0.310672051,0.00016128233333334574,transfer,8673.262151412466,0.0012930000000000025,0.3185206521970439,8673.262151412466,0.0012930000000000025,0.3185206521970439,100.03982628155283,0.011910000000000087,0.08494618652017417,0.0,90.0,0.0,25.09260883729129,24.76216860823568,50.18521767458258,0.4770791144524613,0.008361789789431247,0.053524389328840107,0.026762194664420053,0.460999995470047,0.49000000953674316,4346,0.9541582289049226,1.0037043534916517,0.0009202320959502686
38,180,50,1000,0,1.0,38_180_50_1000_0,current,True,1.230321,0.7103766713333334,1.940552,,True,True,True,0.710231,0.0001456713333334303,transfer,8675.670457458831,0.001086999999999838,0.33446400511149227,8675.670457458831,0.001086999999999838,0.33446400511149227,99.9445104460103,0.012097999999999998,0.0905390435053991,0.0,90.0,0.0,25.17796592117471,25.459294114608028,50.35593184234942,1.0055249040337804,0.006333131184840514,0.038749859433619464,0.019374929716809732,0.9900000095367432,1.0190000534057617,4356,1.0055249040337804,1.0071186368469884,0.0009202320959502686
38,180,50,1000,1,1.0,38_180_50_1000_1,current,True,1.5405229999999999,0.39967127166666666,1.940111,,True,True,True,0.399588,8.327166666666219e-05,transfer,8631.590426576955,0.0012810000000000876,0.3453155317699088,8631.590426576955,0.0012810000000000876,0.3453155317699088,100.03039884848123,0.012293999999999916,0.09921227109986638,0.0,90.0,0.0,24.78974145764865,24.692094631497618,49.5794829152973,0.9835298157072067,0.009579443456198105,0.06305895031892461,0.031529475159462306,0.9700000286102295,1.0,4259,0.9835298157072067,0.9915896583059459,0.0009202320959502686
38,225,50,500,0,0.5,38_225_50_500_0,current,True,1.6418439999999999,0.3394190683333333,1.981172,,True,True,True,0.339328,9.106833333327735e-05,transfer,8615.610143964735,0.001690999999999998,0.39101738758665394,8615.610143964735,0.001690999999999998,0.39101738758665394,100.01142987770031,0.012209000000000136,0.0917400344238107,0.0,44.99312252740118,0.11755122233059012,24.86569034976331,24.96151413227136,49.73138069952662,0.44335053117167955,0.0197383117051062,0.13484004633427576,0.06742002316713788,0.41200000047683716,0.47999998927116394,4218,0.8867010623433591,0.9946276139905323,0.007797704694780805
38,225,50,500,1,0.5,38_225_50_500_1,current,True,0.980344,0.32066666666666666,1.300968836,,True,True,False,0.320624836,4.1830666666631267e-05,transfer,8616.96428147426,0.001570999999999989,0.35423841386056776,8616.96428147426,0.001570999999999989,0.35423841386056776,100.02983573888488,0.012248000000000037,0.08687874086658652,0.0,45.002410565577655,0.08801367172624734,24.946940201541477,25.07618835846239,49.89388040308295,0.4397367927109301,0.01823737061319793,0.12442725462972326,0.06221362731486163,0.41200000047683716,0.4699999988079071,4311,0.8794735854218602,0.997877608061659,0.0014903334816835923
38,225,50,1000,0,1.0,38_225_50_1000_0,current,True,1.509698,0.4495,1.959134735,,True,True,True,0.449436735,6.326500000003454e-05,transfer,8646.639021857296,0.0012479999999999714,0.3330953262498024,8646.639021857296,0.0012479999999999714,0.3330953262498024,100.06051073127414,0.012654000000000054,0.09334440685045961,0.0,45.007825783354704,0.0668765261314661,25.226433027923722,25.103322598811303,50.452866055847444,0.9544339492170214,0.021611158545458108,0.14815704918649095,0.07407852459324547,0.9210000038146973,1.0,4317,0.9544339492170214,1.009057321116949,0.0069055512587965495
38,225,50,1000,1,1.0,38_225_50_1000_1,current,True,1.461332,0.2796666666666667,1.740907226,,True,True,True,0.279575226,9.14406666666645e-05,transfer,8651.580423421925,0.0012679999999998248,0.3279730866167351,8651.580423421925,0.0012679999999998248,0.3279730866167351,100.01163031176023,0.012365999999999877,0.08605015419465598,0.0,45.011577132177905,0.1191137667769766,24.960391936873663,25.413791952105964,49.920783873747325,0.9298126565931242,0.01945945003446799,0.13290211800806084,0.06645105900403042,0.9020000100135803,0.9599999785423279,4314,0.9298126565931242,0.9984156774749465,0.010656900081926324
38,270,50,500,0,0.5,38_270_50_500_0,current,True,1.660336,0.29983333333333334,1.960139746,,True,True,True,0.299803746,2.95873333333585e-05,transfer,8646.52552937796,0.0013339999999999463,0.3467637473778489,8646.52552937796,0.0013339999999999463,0.3467637473778489,100.08297788712098,0.012155000000000027,0.08387066391471455,0.0,0.0,0.0,24.835298415517443,24.857856222471526,49.670596831034885,0.43775083907439316,0.013716633534773174,0.0922428174352235,0.04612140871761175,0.42100000381469727,0.460999995470047,4309,0.8755016781487863,0.9934119366206977,0.0009202320959502686
38,270,50,500,1,0.5,38_270_50_500_1,current,True,1.660083,0.3005,1.960454954,,True,True,True,0.300371954,0.00012804599999999278,transfer,8625.747407839317,0.0010490000000000221,0.35424809542635666,8625.747407839317,0.0010490000000000221,0.35424809542635666,100.02327814473186,0.012474000000000096,0.0927894589884744,0.0,0.0,0.0,24.940488191740716,24.97043227463397,49.88097638348143,0.4374088924875259,0.013108388231463406,0.08774855289782635,0.043874276448913174,0.42100000381469727,0.460999995470047,4255,0.8748177849750518,0.9976195276696287,0.0009202320959502686
38,270,50,1000,0,1.0,38_270_50_1000_0,current,True,1.669872,0.29033333333333333,1.960095554,,True,True,True,0.290223554,0.00010977933333333745,transfer,8633.02188238758,0.0011539999999999884,0.3547911585856675,8633.02188238758,0.0011539999999999884,0.3547911585856675,100.04319256096221,0.012519999999999865,0.08693039778260292,0.0,0.0,0.0,24.78719631128854,24.68212485085489,49.57439262257708,0.9367211084795792,0.013749228976244124,0.0921264785115497,0.04606323925577485,0.9210000038146973,0.9599999785423279,4307,0.9367211084795792,0.9914878524515416,0.0009202320959502686
38,270,50,1000,1,1.0,38_270_50_1000_1,current,True,1.662262,0.309,1.971222485,,True,True,True,0.308960485,3.9514999999989975e-05,transfer,8626.892008062076,0.0012309999999999821,0.3519645418563895,8626.892008062076,0.0012309999999999821,0.3519645418563895,100.1088513890896,0.012653000000000025,0.09976126398978054,0.0,0.0,0.0,24.996594560799235,24.96399587822844,49.99318912159847,0.9352068024601936,0.012458750112463708,0.08345488947495158,0.04172744473747579,0.9110000133514404,0.9599999785423279,4227,0.9352068024601936,0.9998637824319694,0.0009202320959502686
38,315,50,500,0,0.5,38_315_50_500_0,current,True,1.658423,0.31033333333333335,1.968659288,,True,True,True,0.310236288,9.704533333332321e-05,transfer,8631.629289660252,0.0011369999999999436,0.3626733909740686,8631.629289660252,0.0011369999999999436,0.3626733909740686,99.99313683469907,0.011886999999999981,0.08918132640394746,0.0,-44.98528594865136,0.11964560153034395,24.521588836232596,24.50049129084003,49.04317767246519,0.4651306216200193,0.010569564647052906,0.07012869252067563,0.03506434626033782,0.4410000145435333,0.47999998927116394,4313,0.9302612432400386,0.9808635534493039,0.013793819252668982
38,315,50,500,1,0.5,38_315_50_500_1,current,True,1.5094750000000001,0.44069748833333333,1.950071,,True,True,True,0.440596,0.00010148833333334384,transfer,8667.303623960031,0.0038650000000000004,0.40364024196966936,8667.303623960031,0.0038650000000000004,0.40364024196966936,100.05843034753313,0.012108000000000063,0.0880027717395631,0.0,-44.98657242520995,0.15177041568853006,25.24183560088435,25.135810955071626,50.4836712017687,0.4742388556881944,0.011460049314763689,0.07576460508773597,0.037882302543867985,0.460999995470047,0.5,4349,0.9484777113763888,1.009673424035374,0.012507342694107138
38,315,50,1000,0,1.0,38_315_50_1000_0,current,True,1.668184,0.301003103,1.969053,,True,True,True,0.300869,0.00013410299999999653,transfer,8595.937654980044,0.0013729999999998466,0.36170151692865193,8595.937654980044,0.0013729999999998466,0.36170151692865193,100.01456733915592,0.012175999999999965,0.08730993011051817,0.0,-45.0035148054066,0.05696127162918284,24.41977826499283,24.427781830772407,48.83955652998566,0.9681616315786838,0.011094502330079931,0.0729592775748002,0.0364796387874001,0.9509999752044678,0.9900000095367432,4278,0.9681616315786838,0.9767911305997131,0.004435037502616979
38,315,50,1000,1,1.0,38_315_50_1000_1,current,True,1.180368,0.29983333333333334,1.480124457,,True,True,True,0.299756457,7.687633333336441e-05,transfer,8666.254354406836,0.0010569999999999746,0.31984299530795113,8666.254354406836,0.0010569999999999746,0.31984299530795113,100.03314734746193,0.01210599999999995,0.08972902181403936,0.0,-45.01082135708537,0.11060688916901278,24.64238784793475,24.357691601647616,49.2847756958695,0.9664146640217306,0.010088386717627944,0.06670256290773904,0.03335128145386952,0.9509999752044678,0.9800000190734863,4338,0.9664146640217306,0.98569551391739,0.01174158918138346
49,45,30,500,0,0.5,49_45_30_500_0,current,True,2.8698330000000003,0.28999718133333335,3.159778,,True,True,True,0.289945,5.21813333333454e-05,transfer,8682.16182432007,0.002009,0.36236957498388533,8682.16182432007,0.002009,0.36236957498388533,100.02689872907172,0.012372999999999967,0.09016043261803165,0.0,-135.00744731622353,0.10178474899366563,14.859795605392538,14.990519602211586,29.719591210785076,0.5298207801482677,0.003813357894191669,0.011981146877707979,0.0059905734388539895,0.5189999938011169,0.5389999747276306,4353,1.0596415602965354,0.9906530403595025,0.008367548319455409
49,45,30,500,1,0.5,49_45_30_500_1,current,True,2.659729,0.28985247533333336,2.949557,,True,True,True,0.289828,2.4475333333384697e-05,transfer,8618.78169120597,0.0011470000000000091,0.35440049126857326,8618.78169120597,0.0011470000000000091,0.35440049126857326,100.01184350778381,0.012082000000000037,0.08965016356150239,0.0,-135.0036319588451,0.12131137973581474,14.87585685154851,14.91976845079817,29.75171370309702,0.5297263602383137,0.005449252575710703,0.028566347917030607,0.014283173958515303,0.5189999938011169,0.5389999747276306,4307,1.0594527204766273,0.9917237901032341,0.004552190941012668
49,45,30,1000,0,1.0,49_45_30_1000_0,current,True,2.609573,0.5508419286666666,3.160257,,True,True,True,0.550684,0.00015792866666664018,transfer,8676.539792063095,0.0013059999999999999,0.3304653359564119,8676.539792063095,0.0013059999999999999,0.3304653359564119,100.00246340379059,0.012324000000000002,0.09489534468988733,0.0,-134.99181717778873,0.11058162850835629,14.767217913895003,15.034862538661459,29.534435827790006,1.0450881085262298,0.004880167670075526,0.02165028645941792,0.01082514322970896,1.0390000343322754,1.0490000247955322,4372,1.0450881085262298,0.9844811942596668,0.007262590115345802
49,45,30,1000,1,1.0,49_45_30_1000_1,current,True,2.87926,0.2908720246666667,3.17005,,True,True,True,0.29079,8.202466666668018e-05,transfer,8648.061057119878,0.0009790000000000632,0.33017878143113893,8648.061057119878,0.0009790000000000632,0.33017878143113893,99.97440537950256,0.012041999999999997,0.08837631140841104,0.0,-135.00104873337688,0.20129123423470355,14.84181268656102,14.93743393885181,29.68362537312204,1.0357295607845785,0.004691343843838158,0.0264104701748183,0.01320523508740915,1.0290000438690186,1.0390000343322754,4276,1.0357295607845785,0.9894541791040681,0.0019689654727983452
49,90,30,1000,0,1.0,49_90_30_1000_0,current,True,2.87862,0.2901666666666667,3.168665035,,True,True,True,0.290045035,0.00012163166666667724,transfer,8611.667780004454,0.0015009999999999746,0.3650713376399482,8611.667780004454,0.0015009999999999746,0.3650713376399482,100.01988665195015,0.012203999999999882,0.0841670188162721,0.0,180.0,0.0,14.737280838858851,14.863080523519603,29.474561677717702,1.0192329631836414,0.001508260121121166,0.0027205767748069163,0.0013602883874034581,1.0190000534057617,1.0290000438690186,4282,1.0192329631836414,0.9824853892572567,0.0009202320959502686
49,90,30,1000,1,1.0,49_90_30_1000_1,current,True,2.900142,0.29045108833333333,3.190487,,True,True,True,0.290345,0.00010608833333330958,transfer,8661.6814896071,0.0012990000000003832,0.33201830319857656,8661.6814896071,0.0012990000000003832,0.33201830319857656,99.99658835169151,0.012234999999999996,0.08515477621871614,0.0,180.0,0.0,14.584768836581405,14.584082463937882,29.16953767316281,1.0194691429584026,0.0021144375243609633,0.005213432236971285,0.0026067161184856425,1.0190000534057617,1.0290000438690186,4329,1.0194691429584026,0.9723179224387604,0.0009202320959502686
49,135,30,500,0,0.5,49_135_30_500_0,current,True,2.879678,0.2896670426666667,3.169238,,True,True,True,0.28956,0.00010704266666672346,transfer,8629.474344212103,0.0012979999999997993,0.3731918133554535,8629.474344212103,0.0012979999999997993,0.3731918133554535,100.0250796020703,0.01238600000000023,0.08846521835470673,0.0,135.0464056410293,0.1321621617455122,14.616473132587622,14.583457807200913,29.232946265175244,0.5182593415264289,0.0024733190559217784,0.00709196261597664,0.00354598130798832,0.5099999904632568,0.5189999938011169,4294,1.0365186830528579,0.9744315421725082,0.045485408933359395
49,135,30,500,1,0.5,49_135_30_500_1,current,True,1.520843,0.30933333333333335,1.830155258,,True,True,True,0.309312258,2.107533333334244e-05,transfer,8635.33143706617,0.001136000000000248,0.34190402622493765,8635.33143706617,0.001136000000000248,0.34190402622493765,99.9918188511849,0.012093000000000131,0.08796166471741361,0.0,135.0086807794475,0.18997051633550655,15.017803404998654,15.0653127890835,30.035606809997308,0.5099999904632568,0.0,0.0,0.0,0.5099999904632568,0.5099999904632568,4282,1.0199999809265137,1.0011868936665769,0.007760547351608693
49,135,30,1000,0,1.0,49_135_30_1000_0,current,True,2.870185,0.28991962633333335,3.159997,,True,True,True,0.289812,0.00010762633333333271,transfer,8634.260564941553,0.0013070000000001691,0.3594100147107037,8634.260564941553,0.0013070000000001691,0.3594100147107037,100.01066579003742,0.012270000000000003,0.0891167096152684,0.0,134.99397641040278,0.12431463361231465,14.843377863274585,14.853395360339611,29.68675572654917,1.023456675822258,0.004970382108055908,0.025687637313592204,0.012843818656796102,1.0190000534057617,1.0290000438690186,4323,1.023456675822258,0.9895585242183056,0.0069438216930848284
49,135,30,1000,1,1.0,49_135_30_1000_1,current,True,2.880013,0.2892990126666667,3.169245,,True,True,True,0.289232,6.701266666669925e-05,transfer,8612.404007397136,0.0013439999999999008,0.36131622828519677,8612.404007397136,0.0013439999999999008,0.36131622828519677,100.00187686807024,0.012318999999999969,0.0938326728314614,0.0,135.0410171225213,0.19204741734235142,14.83378687512204,14.901273710441524,29.66757375024408,1.0197003127379416,0.0025519058586283335,0.00633501854126456,0.00316750927063228,1.0190000534057617,1.0290000438690186,4246,1.0197003127379416,0.9889191250081361,0.040096890425388665
49,180,30,500,0,0.5,49_180_30_500_0,current,True,1.848815,1.3108408553333333,3.15953,,True,True,True,1.310715,0.00012585533333320242,transfer,8615.864922306491,0.0014840000000000408,0.35954114414663707,8615.864922306491,0.0014840000000000408,0.35954114414663707,100.01848294772601,0.012189000000000227,0.09139970563621604,0.0,90.0,0.0,15.122485282033495,15.389886776495254,30.24497056406699,0.5,0.0,0.0,0.0,0.5,0.5,4336,1.0,1.0081656854688996,0.0009202320959502686
49,180,30,500,1,0.5,49_180_30_500_1,current,True,2.350298,0.2905,2.640636865,,True,True,True,0.290338865,0.00016113499999997893,transfer,8662.726065237686,0.0012850000000002026,0.3399038835110321,8662.726065237686,0.0012850000000002026,0.3399038835110321,100.00813319155475,0.012456999999999996,0.08947135510005413,0.0,90.0,0.0,14.905775033367362,14.900710946598316,29.811550066734725,0.49000000953674316,0.0,0.0,0.0,0.49000000953674316,0.49000000953674316,4306,0.9800000190734863,0.9937183355578242,0.0009202320959502686
49,180,30,1000,0,1.0,49_180_30_1000_0,current,True,2.870187,0.2901666666666667,3.160310383,,True,True,True,0.290123383,4.328366666667138e-05,transfer,8621.324883943704,0.0014940000000001064,0.35303536547880904,8621.324883943704,0.0014940000000001064,0.35303536547880904,100.01704969004949,0.01254299999999997,0.09533472341222779,0.0,90.0,0.0,14.851613641949465,14.893211719488402,29.70322728389893,0.9989031743793487,0.0031249350880060253,0.009482259431453272,0.004741129715726636,0.9900000095367432,1.0,4246,0.9989031743793487,0.9901075761299644,0.0009202320959502686
49,180,30,1000,1,1.0,49_180_30_1000_1,current,True,2.871459,0.2896666666666667,3.161012136,,True,True,True,0.289553136,0.00011353066666669465,transfer,8616.303170631512,0.0011100000000000554,0.34649471237767593,8616.303170631512,0.0011100000000000554,0.34649471237767593,100.0010526426594,0.01245699999999994,0.08711262824323075,0.0,90.0,0.0,15.035157315951317,15.096749786555904,30.070314631902633,0.9900000095367433,1.1102230246251565e-16,1.1093354147550272e-31,5.546677073775136e-32,0.9900000095367432,0.9900000095367432,4293,0.9900000095367433,1.002343821063421,0.0009202320959502686
49,225,30,500,0,0.5,49_225_30_500_0,current,True,2.059703,0.2905,2.350105502,,True,True,True,0.290402502,9.749799999997366e-05,transfer,8629.0619140961,0.0012099999999999334,0.3487752236987443,8629.0619140961,0.0012099999999999334,0.3487752236987443,100.06700392953177,0.012313000000000018,0.0888318632826733,0.0,44.99943377430775,0.1288837800926501,14.934967561904958,14.94633348850438,29.869935123809917,0.47110647775268555,0.00313695445302301,0.011283249544225353,0.005641624772112676,0.4699999988079071,0.47999998927116394,4285,0.9422129555053711,0.9956645041269973,0.0014864577881326113
49,225,30,500,1,0.5,49_225_30_500_1,current,True,2.8682309999999998,0.301108473,3.169276,,True,True,True,0.301045,6.347299999998057e-05,transfer,8582.219046646933,0.002665,0.3705328310308919,8582.219046646933,0.002665,0.3705328310308919,100.00985477223925,0.012399999999999967,0.08863425142268266,0.0,45.02213534900165,0.15142241676790735,15.026236615205557,15.130490006043106,30.052473230411113,0.472691136241436,0.004434989062496318,0.023209556410276513,0.011604778205138257,0.4699999988079071,0.47999998927116394,4260,0.945382272482872,1.0017491076803704,0.02121511690575062
49,225,30,1000,0,1.0,49_225_30_1000_0,current,True,1.680631,1.4897581996666667,3.17029,,True,True,True,1.489659,9.919966666660507e-05,transfer,8570.121639271249,0.0010990000000001832,0.3479192024287394,8570.121639271249,0.0010990000000001832,0.3479192024287394,100.02753770164438,0.01222399999999979,0.09153532723695883,0.0,45.01996852186823,0.14095103931105937,14.848975298707982,14.994333680280967,29.697950597415964,0.9966674263062079,0.005806395013993713,0.03515471405878728,0.01757735702939364,0.9900000095367432,1.0089999437332153,4305,0.9966674263062079,0.9899316865805321,0.019048289772285898
49,225,30,1000,1,1.0,49_225_30_1000_1,current,True,2.852061,0.2991666666666667,3.151205214,,True,True,True,0.299144214,2.245266666667245e-05,transfer,8637.457390677111,0.0008920000000000039,0.3231976474027585,8637.457390677111,0.0008920000000000039,0.3231976474027585,100.02503550596289,0.01227200000000006,0.09320664624467717,0.0,45.02971833097204,0.12072452074653484,15.044506850930972,14.927237850873885,30.089013701861944,0.9697772636387547,0.0019830040807809223,0.003996655751360675,0.0019983278756803375,0.9599999785423279,0.9800000190734863,4285,0.9697772636387547,1.002967123395398,0.02879809887610918
49,270,30,500,0,0.5,49_270_30_500_0,current,True,2.36045,0.8098451603333333,3.170132,,True,True,True,0.809682,0.00016316033333330093,transfer,8645.95785575323,0.0019099999999999998,0.34594672144394695,8645.95785575323,0.0019099999999999998,0.34594672144394695,99.98789002974127,0.012465999999999866,0.09143422570915641,0.0,0.0,0.0,14.920376012278146,15.022639747523725,29.84075202455629,0.4900000095367433,1.1102230246251565e-16,2.9582279201343568e-31,1.4791139600671784e-31,0.49000000953674316,0.49000000953674316,4366,0.9800000190734866,0.9946917341518764,0.0009202320959502686
49,270,30,500,1,0.5,49_270_30_500_1,current,True,2.868574,0.301108048,3.169525,,True,True,True,0.300951,0.00015704799999999297,transfer,8599.418182372645,0.0011449999999999516,0.34791762136109206,8599.418182372645,0.0011449999999999516,0.34791762136109206,99.98199737642548,0.01255200000000034,0.09460895409606554,0.0,0.0,0.0,14.726621854388206,14.63957184783074,29.453243708776412,0.4943657553732395,0.004959604825092573,-0.02925480391660216,-0.01462740195830108,0.49000000953674316,0.5,4309,0.988731510746479,0.9817747902925471,0.0009202320959502686
49,270,30,1000,0,1.0,49_270_30_1000_0,current,True,2.879847,0.289625301,3.169383,,True,True,True,0.289536,8.930099999998609e-05,transfer,8634.953540020584,0.0011630000000000251,0.3361162722388099,8634.953540020584,0.0011630000000000251,0.3361162722388099,99.96493898327743,0.0124439999999999,0.096110248452109,0.0,0.0,0.0,14.872540128168202,14.709540325652245,29.745080256336404,0.9946365951149465,0.004986771073560956,-0.028788197171241158,-0.014394098585620579,0.9900000095367432,1.0,4310,0.9946365951149465,0.9915026752112135,0.0009202320959502686
49,270,30,1000,1,1.0,49_270_30_1000_1,current,True,2.8804380000000003,0.28018441666666666,3.160585,,True,True,True,0.280147,3.7416666666678644e-05,transfer,8660.506390421726,0.0013720000000000399,0.3487775889630074,8660.506390421726,0.0013720000000000399,0.3487775889630074,100.00486827217982,0.012159000000000031,0.08938407353639581,0.0,0.0,0.0,14.853034862664211,14.88441599525018,29.706069725328422,0.9964454709317685,0.0051907695672327,-0.029835061787866102,-0.014917530893933051,0.9900000095367432,1.0089999437332153,4304,0.9964454709317685,0.9902023241776141,0.0009202320959502686
49,315,30,500,0,0.5,49_315_30_500_0,current,True,1.7495340000000001,0.2901666666666667,2.039700525,,True,True,True,0.290166525,1.4166666667536632e-07,transfer,8596.637196079999,0.001585,0.3589366935953019,8596.637196079999,0.001585,0.3589366935953019,100.02296715052165,0.012379999999999836,0.09031571894653832,0.0,-45.021331081024556,0.14401969822823446,15.117942237391654,15.183088659245264,30.235884474783308,0.49000000953674316,0.0,0.0,0.0,0.49000000953674316,0.49000000953674316,4252,0.9800000190734863,1.0078628158261103,0.02225131312047779
49,315,30,500,1,0.5,49_315_30_500_1,current,True,2.658987,0.2902185756666667,2.949142,,True,True,True,0.290155,6.357566666670422e-05,transfer,8614.407997794036,0.0014430000000000276,0.34219881043026007,8614.407997794036,0.0014430000000000276,0.34219881043026007,100.01517877419043,0.012467999999999924,0.09583744954657553,0.0,-45.003787515735254,0.08303418317935037,14.92064530065945,14.98747440798718,29.8412906013189,0.49000000953674316,0.0,0.0,0.0,0.49000000953674316,0.49000000953674316,4243,0.9800000190734863,0.99470968671063,0.0047077478311621235
49,315,30,1000,0,1.0,49_315_30_1000_0,current,True,2.8817429999999997,0.2893451693333333,3.171038,,True,True,True,0.289295,5.016933333329421e-05,transfer,8656.04876230369,0.0011649999999999994,0.33262235829256326,8656.04876230369,0.0011649999999999994,0.33262235829256326,100.02804204939505,0.012426999999999966,0.08685810464877408,0.0,-44.99190506329465,0.11749264294596314,14.74828140476295,14.812954292666477,29.4965628095259,1.0,0.0,0.0,0.0,1.0,1.0,4315,1.0,0.9832187603175301,0.007174704609383298
49,315,30,1000,1,1.0,49_315_30_1000_1,current,True,2.11152,1.0598333333333334,3.171344092,,True,True,True,1.059824092,9.241333333465107e-06,transfer,8638.603209176099,0.0015240000000000808,0.3467540603257468,8638.603209176099,0.0015240000000000808,0.3467540603257468,100.03711054100714,0.012030000000000207,0.08847488053763831,0.0,-44.98873995133316,0.17117581748202748,15.160189032365814,15.381989683732996,30.320378064731628,1.0023648852149645,0.003961205850525301,0.020921662934243048,0.010460831467121524,1.0,1.0089999437332153,4335,1.0023648852149645,1.0106792688243875,0.010339816570876792
49,45,50,500,0,0.5,49_45_50_500_0,current,True,0.8397129999999999,1.1305124053333333,1.970191,,True,True,False,1.130478,3.44053333332095e-05,transfer,8680.892798096505,0.00143099999999996,0.33534679278847557,8680.892798096505,0.00143099999999996,0.33534679278847557,100.00649392817716,0.012288999999999994,0.0936840129272571,0.0,-135.01830802657256,0.06735925703202383,24.817418741801355,24.54770052159431,49.63483748360271,0.5032435502400399,0.00468133029253761,-0.026167139315432707,-0.013083569657716353,0.5,0.5099999904632568,4400,1.0064871004800797,0.9926967496720542,0.019228258668476883
49,45,50,500,1,0.5,49_45_50_500_1,current,True,1.649523,0.31133333333333335,1.960761358,,True,True,True,0.311238358,9.497533333335806e-05,transfer,8660.85616949903,0.0010499999999999954,0.3249150633472389,8660.85616949903,0.0010499999999999954,0.3249150633472389,100.08741869587898,0.012243999999999922,0.09404844997410337,0.0,-135.00299617240165,0.04949303214141452,24.917999330405756,24.73343083610612,49.83599866081151,0.5292356640396118,0.0015169873263500382,-0.0014559839369347627,-0.0007279919684673814,0.5289999842643738,0.5389999747276306,4295,1.0584713280792235,0.9967199732162303,0.003916404497573467
49,45,50,1000,0,1.0,49_45_50_1000_0,current,True,1.6612390000000001,0.309,1.970115786,,True,True,True,0.308876786,0.00012321399999998262,transfer,8597.228759867336,0.001242999999999883,0.35371431444166423,8597.228759867336,0.001242999999999883,0.35371431444166423,100.02516470206987,0.012081000000000008,0.10135980166189913,0.0,-135.0115762941529,0.09691230429635311,24.745501847080384,25.042156094670684,49.49100369416077,1.0413613620803353,0.006031413702073931,0.024726251473338512,0.012363125736669256,1.0290000438690186,1.0490000247955322,4305,1.0413613620803353,0.9898200738832154,0.012496526248810369
49,45,50,1000,1,1.0,49_45_50_1000_1,current,True,1.160196,0.300287407,1.460387,,True,True,True,0.300191,9.640700000002056e-05,transfer,8606.274204064573,0.0011330000000000506,0.34354170839471454,8606.274204064573,0.0011330000000000506,0.34354170839471454,99.99774896842148,0.01248399999999994,0.09317004430742475,0.0,-135.00167332065863,0.0855326635083884,24.70532958984951,24.66802158199462,49.41065917969902,1.0373709758858682,0.003692795351268488,0.016231957217993077,0.008115978608996538,1.0290000438690186,1.0390000343322754,4298,1.0373709758858682,0.9882131835939804,0.0025935527545470904
49,90,50,1000,0,1.0,49_90_50_1000_0,current,True,1.661406,0.30894398833333336,1.970188,,True,True,True,0.308782,0.0001619883333333627,transfer,8588.198698228916,0.0011759999999999549,0.354720270317882,8588.198698228916,0.0011759999999999549,0.354720270317882,100.05142915091196,0.012242999999999948,0.09063430370365946,0.0,180.0,0.0,24.888900632903205,24.836104908201794,49.77780126580641,1.0236013756842612,0.00498407586145621,0.029022731923912984,0.014511365961956492,1.0190000534057617,1.0290000438690186,4309,1.0236013756842612,0.9955560253161282,0.0009202320959502686
49,90,50,1000,1,1.0,49_90_50_1000_1,current,True,0.980925,0.970102448,1.950954,,True,True,False,0.970029,7.344799999997598e-05,transfer,8672.379293379714,0.0012020000000001474,0.3203742300987343,8672.379293379714,0.0012020000000001474,0.3203742300987343,100.01004448707675,0.012316999999999911,0.09744700275028245,0.0,180.0,0.0,25.38347282806801,25.336991968644043,50.76694565613602,1.014573838197589,0.010731233271145698,-0.07163748823042725,-0.03581874411521362,1.0,1.0290000438690186,4342,1.014573838197589,1.0153389131227204,0.0009202320959502686
49,135,50,500,0,0.5,49_135_50_500_0,current,True,1.670487,0.30933333333333335,1.979703781,,True,True,True,0.309216781,0.00011655233333335291,transfer,8613.809603677662,0.0010209999999997166,0.31374314815557125,8613.809603677662,0.0010209999999997166,0.31374314815557125,100.09884219005869,0.012325000000000141,0.09286192276256085,0.0,134.98755044114873,0.08679157710193408,24.83606780608581,24.493632012456022,49.67213561217162,0.5185772816443442,0.0019041337280832503,0.004236637280508519,0.0021183186402542594,0.5099999904632568,0.5189999938011169,4320,1.0371545632886885,0.9934427122434325,0.013369790947194815
49,135,50,500,1,0.5,49_135_50_500_1,current,True,1.539834,0.43987450366666664,1.979612,,True,True,True,0.439778,9.650366666663635e-05,transfer,8619.140129131927,0.001526999999999834,0.3544710513383883,8619.140129131927,0.001526999999999834,0.3544710513383883,100.00797477385049,0.012382000000000004,0.09901270317297196,0.0,134.9940894367471,0.07650920720786303,24.98080676009603,24.83648918980089,49.96161352019206,0.518600819653074,0.001852897370149946,0.0045776370805254915,0.0022888185402627458,0.5099999904632568,0.5189999938011169,4350,1.037201639306148,0.9992322704038412,0.006830795348832908
49,135,50,1000,0,1.0,49_135_50_1000_0,current,True,1.6703130000000002,0.3005,1.970685526,,True,True,True,0.300372526,0.0001274740000000163,transfer,8627.906645739551,0.001079,0.3344813688238114,8627.906645739551,0.001079,0.3344813688238114,99.99982684012667,0.01256999999999997,0.0913207578408518,0.0,135.00425304959512,0.12041529799995487,24.648948893815028,25.42143221215147,49.297897787630056,1.026239796501398,0.004470288785076278,0.02201208996941225,0.011006044984706125,1.0190000534057617,1.0290000438690186,4300,1.026239796501398,0.9859579557526011,0.0033328174991993365
49,135,50,1000,1,1.0,49_135_50_1000_1,current,True,1.6601219999999999,0.3095,1.969558746,,True,True,True,0.309436746,6.325400000001258e-05,transfer,8653.768169488776,0.0012689999999999646,0.3459076455198084,8653.768169488776,0.0012689999999999646,0.3459076455198084,100.08582019423896,0.012132000000000032,0.08108356183761695,0.0,134.976124327429,0.06284877176409509,24.797941410888477,24.866200876888794,49.595882821776954,1.0211045313987732,0.004076264495488367,0.00931892192367546,0.00465946096183773,1.0190000534057617,1.0290000438690186,4293,1.0211045313987732,0.9919176564355391,0.024795904666916613
49,180,50,500,0,0.5,49_180_50_500_0,current,True,0.8615009999999999,1.0995,1.960868806,,True,True,False,1.099367806,0.00013219399999986337,transfer,8613.438959647896,0.0007969999999999366,0.33848501912973467,8613.438959647896,0.0007969999999999366,0.33848501912973467,100.01333511134817,0.01242399999999999,0.0843576968385839,0.0,90.0,0.0,25.081900909529523,25.022111823320117,50.163801819059046,0.5,0.0,0.0,0.0,0.5,0.5,4284,1.0,1.003276036381181,0.0009202320959502686
49,180,50,500,1,0.5,49_180_50_500_1,current,True,1.659303,0.29983333333333334,1.959051654,,True,True,True,0.299748654,8.467933333333733e-05,transfer,8590.601252213708,0.0011250000000000426,0.357384220364394,8590.601252213708,0.0011250000000000426,0.357384220364394,99.9732954215383,0.012361000000000011,0.09442765289488247,0.0,90.0,0.0,25.07527319780495,25.452376202278348,50.1505463956099,0.49297590336537367,0.00457197614021427,0.02508357961344437,0.012541789806722185,0.49000000953674316,0.5,4262,0.9859518067307473,1.003010927912198,0.0009202320959502686
49,180,50,1000,0,1.0,49_180_50_1000_0,current,True,1.660746,0.2896666666666667,1.950276377,,True,True,True,0.289530377,0.00013628966666667797,transfer,8621.490423815405,0.0012960000000000749,0.3520251933118827,8621.490423815405,0.0012960000000000749,0.3520251933118827,100.00409499526918,0.01180800000000004,0.08186886450010769,0.0,90.0,0.0,25.04030114669741,25.08169369683698,50.08060229339482,0.9990650408916475,0.0029112598016614952,0.009433635895942398,0.004716817947971199,0.9900000095367432,1.0,4349,0.9990650408916475,1.0016120458678963,0.0009202320959502686
49,180,50,1000,1,1.0,49_180_50_1000_1,current,True,1.651928,0.2987070316666667,1.950612,,True,True,True,0.298684,2.3031666666673e-05,transfer,8638.478720421403,0.0010879999999999779,0.3448826267204839,8638.478720421403,0.0010879999999999779,0.3448826267204839,99.94885500032416,0.01249800000000012,0.08738266747587999,0.0,90.0,0.0,25.039452870679483,24.860491563048644,50.078905741358966,0.9933144697091578,0.004707326617143598,0.026590730358953995,0.013295365179476997,0.9900000095367432,1.0,4308,0.9933144697091578,1.0015781148271794,0.0009202320959502686
49,225,50,500,0,0.5,49_225_50_500_0,current,True,1.6697009999999999,0.3001666666666667,1.969858243,,True,True,True,0.300157243,9.423666666674713e-06,transfer,8621.233789537659,0.0013160000000000949,0.35451030383809257,8621.233789537659,0.0013160000000000949,0.35451030383809257,100.00058823875435,0.01202599999999987,0.09349053155853988,0.0,44.99375481730053,0.06865903671911155,24.470146766061873,24.501738127567695,48.940293532123746,0.4729136193625927,0.004543896238220965,0.02438271476816297,0.012191357384081485,0.4699999988079071,0.47999998927116394,4276,0.9458272387251854,0.9788058706424749,0.007165414795395009
49,225,50,500,1,0.5,49_225_50_500_1,current,True,0.940053,0.30988893633333336,1.249868,,True,True,False,0.309815,7.393633333335758e-05,transfer,8622.783790255724,0.0013080000000000869,0.36421803332606106,8622.783790255724,0.0013080000000000869,0.36421803332606106,99.95923740189066,0.012316999999999995,0.1017607872668185,0.0,44.99461332601996,0.07928533555823947,24.686977484186418,24.3456959343495,49.373954968372836,0.4767324990539551,0.004690242924552843,0.02587275714564271,0.012936378572821355,0.4699999988079071,0.47999998927116394,4282,0.9534649981079102,0.9874790993674567,0.006306906076019914
49,225,50,1000,0,1.0,49_225_50_1000_0,current,True,1.680787,0.30968320866666665,1.990428,,True,True,True,0.309641,4.220866666665435e-05,transfer,8625.969347186603,0.0012480000000000269,0.3405622483745896,8625.969347186603,0.0012480000000000269,0.3405622483745896,99.97113446072552,0.012008000000000019,0.08390508675205152,0.0,45.012903796651386,0.09257623213986221,24.732978270068777,24.50776726135495,49.465956540137554,0.9745485376057625,0.004979569508996064,0.02922540778695406,0.01461270389347703,0.9700000286102295,0.9800000190734863,4349,0.9745485376057625,0.9893191308027511,0.011983564555407611
49,225,50,1000,1,1.0,49_225_50_1000_1,current,True,1.6594350000000002,0.320565666,1.979845,,True,True,True,0.32041,0.00015566600000005426,transfer,8556.990818555805,0.0013560000000000239,0.35662416846693973,8556.990818555805,0.0013560000000000239,0.35662416846693973,100.01261420359324,0.012300999999999895,0.0917879621833952,0.0,45.004295266909544,0.11975430201283643,24.806798323367207,24.50908696998441,49.613596646734415,0.9739513634522557,0.005344464098498159,0.03130086334278998,0.01565043167139499,0.9599999785423279,0.9800000190734863,4218,0.9739513634522557,0.9922719329346883,0.0033750348136436514
49,270,50,500,0,0.5,49_270_50_500_0,current,True,1.650554,0.31075265766666665,1.961232,,True,True,True,0.310678,7.46576666666443e-05,transfer,8642.805324795541,0.0013729999999998466,0.35566442978624996,8642.805324795541,0.0013729999999998466,0.35566442978624996,100.00904843771578,0.012091999999999992,0.09200761178717688,0.0,0.0,0.0,24.962191154616743,25.09705420148936,49.924382309233486,0.49093324068047595,0.004145222694802148,-0.01866158438508003,-0.009330792192540014,0.47999998927116394,0.5,4374,0.9818664813609519,0.9984876461846697,0.0009202320959502686
49,270,50,500,1,0.5,49_270_50_500_1,current,True,1.661575,0.30986815933333334,1.971384,,True,True,True,0.309809,5.915933333333623e-05,transfer,8689.801690084143,0.0014179999999999193,0.3325028191176021,8689.801690084143,0.0014179999999999193,0.3325028191176021,100.01259249460045,0.012100000000000222,0.09196402141702315,0.0,0.0,0.0,24.841985316389998,24.91466936230342,49.683970632779996,0.49213323083567617,0.004096530182376925,-0.018957952443113626,-0.009478976221556813,0.49000000953674316,0.5,4300,0.9842664616713523,0.9936794126555999,0.0009202320959502686
49,270,50,1000,0,1.0,49_270_50_1000_0,current,True,1.668384,0.3008482553333333,1.969176,,True,True,True,0.300792,5.625533333331045e-05,transfer,8620.517949850399,0.0012259999999999494,0.3268264621406834,8620.517949850399,0.0012259999999999494,0.3268264621406834,99.96071109442202,0.012086000000000041,0.09183105265465195,0.0,0.0,0.0,24.843936579828874,25.006075565251226,49.68787315965775,0.9910186118986608,0.004821974308724281,-0.023667925891853132,-0.011833962945926566,0.9800000190734863,1.0,4380,0.9910186118986608,0.9937574631931549,0.0009202320959502686
49,270,50,1000,1,1.0,49_270_50_1000_1,current,True,1.659212,0.29107702133333335,1.950168,,True,True,True,0.290956,0.00012102133333335985,transfer,8659.782450579743,0.0013209999999999056,0.3394531192375005,8659.782450579743,0.0013209999999999056,0.3394531192375005,100.02258428486795,0.012127999999999917,0.08565581512233257,0.0,0.0,0.0,24.61383533054942,24.607542869250267,49.22767066109884,0.99278969167312,0.004694510373346708,-0.02360837858754075,-0.011804189293770376,0.9900000095367432,1.0089999437332153,4302,0.99278969167312,0.9845534132219769,0.0009202320959502686
49,315,50,500,0,0.5,49_315_50_500_0,current,True,1.660468,0.30933333333333335,1.969709707,,True,True,True,0.309241707,9.162633333337222e-05,transfer,8722.11091112847,0.0011360000000000259,0.30745555446808104,8722.11091112847,0.0011360000000000259,0.30745555446808104,100.01622990639845,0.012349999999999972,0.09536326257150324,0.0,-45.011927003137345,0.07947245020066873,24.73850989862878,24.425785951481394,49.47701979725756,0.49000000953674316,0.0,0.0,0.0,0.49000000953674316,0.49000000953674316,4370,0.9800000190734863,0.9895403959451512,0.012847235233266474
49,315,50,500,1,0.5,49_315_50_500_1,current,True,1.659358,0.30033333333333334,1.959550076,,True,True,True,0.300192076,0.00014125733333336665,transfer,8578.601276132422,0.001296000000000408,0.3709750242172052,8578.601276132422,0.001296000000000408,0.3709750242172052,99.98873430097694,0.012557999999999958,0.09311654498142052,0.0,-44.9995975483248,0.11697795937257778,24.855808291870233,24.373951442506836,49.711616583740465,0.4897652290609479,0.00151416235724587,0.0025912012510284892,0.0012956006255142446,0.47999998927116394,0.49000000953674316,4224,0.9795304581218958,0.9942323316748093,0.0005177804207505687
49,315,50,1000,0,1.0,49_315_50_1000_0,current,True,1.668887,0.31133333333333335,1.980085695,,True,True,True,0.311198695,0.00013463833333332564,transfer,8638.041494992398,0.0009169999999998346,0.34142286213569867,8638.041494992398,0.0009169999999998346,0.34142286213569867,99.99606350338242,0.012051999999999952,0.08588431292294571,0.0,-45.003684906081624,0.08895333476747416,24.846744277990176,24.86852636790765,49.69348855598035,0.9998569568030834,0.0011874212600486204,0.0016919656755390504,0.0008459828377695252,0.9900000095367432,1.0,4264,0.9998569568030834,0.9938697711196071,0.004605138177566914
49,315,50,1000,1,1.0,49_315_50_1000_1,current,True,1.670073,0.2902296926666667,1.960237,,True,True,True,0.290164,6.56926666667279e-05,transfer,8634.451643910052,0.0014140000000000263,0.3665788549825571,8634.451643910052,0.0014140000000000263,0.3665788549825571,99.95549807390103,0.012252999999999847,0.08845716871805825,0.0,-45.00225620732178,0.06091560063924817,24.331211232998818,24.305446279806358,48.662422465997636,0.9981274017858506,0.0039011972792170778,0.014218615100567619,0.0071093075502838094,0.9900000095367432,1.0,4329,0.9981274017858506,0.9732484493199527,0.0031764394177571376
65,45,30,500,0,0.5,65_45_30_500_0,current,True,1.74872,0.29041366533333335,2.039088,,True,True,True,0.290368,4.5665333333333447e-05,transfer,8623.64713509148,0.0012090000000000156,0.34961480838887465,8623.64713509148,0.0012090000000000156,0.34961480838887465,99.99323575169915,0.012323000000000084,0.0913200000868216,0.0,-135.00044432898235,0.1579981209001487,14.93006531120721,14.857724632016122,29.86013062241442,0.530018149960041,0.005126287140736403,0.012628850906078341,0.006314425453039171,0.5189999938011169,0.5389999747276306,4239,1.060036299920082,0.995337687413814,0.0013645610782759832
65,45,30,500,1,0.5,65_45_30_500_1,current,True,2.8901019999999997,0.28988833933333336,3.179922,,True,True,True,0.28982,6.833933333333375e-05,transfer,8656.25518779906,0.0012739999999999974,0.35496804777516716,8656.25518779906,0.0012739999999999974,0.35496804777516716,99.99229471140752,0.012100999999999917,0.09256285188625378,0.0,-134.98959997339912,0.11427427211263248,14.878921921083482,14.958198243393142,29.757843842166963,0.5301275298557282,0.004499170283307677,0.009580264438406932,0.004790132219203466,0.5189999938011169,0.5389999747276306,4341,1.0602550597114564,0.9919281280722321,0.009479794504954953
65,45,30,1000,0,1.0,65_45_30_1000_0,current,True,2.880083,0.27018723166666664,3.150246,,True,True,True,0.270163,2.4231666666651996e-05,transfer,8608.342760321493,0.0012170000000000002,0.3345970307783714,8608.342760321493,0.0012170000000000002,0.3345970307783714,100.01549947798928,0.012249999999999872,0.08758542348853653,0.0,-134.9779970844995,0.12526278912916666,14.720160570659125,14.9811792810198,29.44032114131825,1.0409126925082206,0.008046627133576957,0.05099083735602297,0.025495418678011486,1.0190000534057617,1.0490000247955322,4309,1.0409126925082206,0.9813440380439417,0.021082683404586078
65,45,30,1000,1,1.0,65_45_30_1000_1,current,True,2.870765,0.2791670866666667,3.14988,,True,True,True,0.279115,5.2086666666673054e-05,transfer,8636.72795988931,0.0018410000000000093,0.36750140134517006,8636.72795988931,0.0018410000000000093,0.36750140134517006,100.02173492832314,0.01245099999999999,0.10161469441948816,0.0,-135.02407457457386,0.23674254966645947,14.88230952672399,14.83757981643008,29.76461905344798,1.0421868612930776,0.00708540180910684,0.044437277189327655,0.022218638594663827,1.0190000534057617,1.0490000247955322,4324,1.0421868612930776,0.992153968448266,0.024994806669781156
65,90,30,1000,0,1.0,65_90_30_1000_0,current,True,2.878861,0.31033333333333335,3.189191117,,True,True,True,0.310330117,3.2163333333334876e-06,transfer,8674.036103251057,0.0013460000000000694,0.34835310510153145,8674.036103251057,0.0013460000000000694,0.34835310510153145,100.01108884278106,0.012365000000000015,0.09448623221511222,0.0,180.0,0.0,14.95803997182922,15.081570945982733,29.91607994365844,1.0180059517007667,0.008137828539317963,0.05295695576978794,0.02647847788489397,1.0089999437332153,1.0290000438690186,4301,1.0180059517007667,0.9972026647886146,0.0009202320959502686
65,90,30,1000,1,1.0,65_90_30_1000_1,current,True,2.279539,0.8906666666666667,3.170163967,,True,True,True,0.890624967,4.1699666666672464e-05,transfer,8639.697109961298,0.0013230000000000186,0.3568495150680038,8639.697109961298,0.0013230000000000186,0.3568495150680038,100.02079611274016,0.011959000000000053,0.08864754872505366,0.0,180.0,0.0,14.972829773245518,15.187719271356023,29.945659546491036,1.044885722052574,0.004920924824849475,0.028400882198208563,0.014200441099104281,1.0390000343322754,1.0490000247955322,4303,1.044885722052574,0.9981886515497013,0.0009202320959502686
65,135,30,500,0,0.5,65_135_30_500_0,current,True,2.870679,0.3007978906666667,3.171356,,True,True,True,0.300677,0.00012089066666665094,transfer,8685.324723600937,0.0012410000000002697,0.3269637396481291,8685.324723600937,0.0012410000000002697,0.3269637396481291,100.01418329792382,0.01252500000000012,0.09034131230629132,0.0,135.00676897904802,0.12452723540393713,14.868785297815256,14.822171422005885,29.737570595630512,0.5112444144041339,0.005107868861150456,0.028232924482949527,0.014116462241474764,0.5,0.5189999938011169,4287,1.0224888288082679,0.9912523531876837,0.005848746952096917
65,135,30,500,1,0.5,65_135_30_500_1,current,True,1.410485,0.30933970633333335,1.719755,,True,True,True,0.30927,6.970633333336362e-05,transfer,8651.546251844815,0.0014429999999999998,0.34880402592481535,8651.546251844815,0.0014429999999999998,0.34880402592481535,100.00454566116643,0.012398999999999993,0.08349902233489048,0.0,134.99465346647114,0.13253431170377894,14.850000493203108,14.66939539773016,29.700000986406216,0.5105801358337005,0.006370456754575465,0.039093211428133504,0.019546605714066752,0.5,0.5189999938011169,4298,1.021160271667401,0.9900000328802072,0.006266765624786785
65,135,30,1000,0,1.0,65_135_30_1000_0,current,True,2.879676,0.2996666666666667,3.179209212,,True,True,True,0.299533212,0.00013345466666669914,transfer,8657.319322073588,0.0012439999999998008,0.3489956554465901,8657.319322073588,0.0012439999999998008,0.3489956554465901,100.02384732782332,0.012428000000000106,0.091187960378936,0.0,135.01229399818334,0.21611128069207552,14.704231748293498,14.706351316811785,29.408463496586997,1.0152706858386198,0.004835897251783424,0.02780008127875408,0.01390004063937704,1.0089999437332153,1.0190000534057617,4305,1.0152706858386198,0.9802821165528999,0.011373766087444892
65,135,30,1000,1,1.0,65_135_30_1000_1,current,True,2.8785220000000002,0.29133333333333333,3.169744725,,True,True,True,0.291222725,0.00011060833333331743,transfer,8611.698544961484,0.0016250000000002096,0.36844679541256864,8611.698544961484,0.0016250000000002096,0.36844679541256864,100.03821518839793,0.012326999999999755,0.09213078515690958,0.0,135.0248610636275,0.09074801019168033,14.994729638327067,14.990505648609219,29.989459276654134,1.0150884743917783,0.005336945537169132,0.03133104892889766,0.01566552446444883,1.0089999437332153,1.0290000438690186,4306,1.0150884743917783,0.9996486425551379,0.02394083153160409
65,180,30,500,0,0.5,65_180_30_500_0,current,True,2.878664,0.300636061,3.179141,,True,True,True,0.300477,0.00015906100000001588,transfer,8686.56949455038,0.0013870000000002491,0.3379410778600738,8686.56949455038,0.0013870000000002491,0.3379410778600738,99.98920116627403,0.012753999999999932,0.09607056135589165,0.0,90.0,0.0,14.971637864465647,14.669611600812036,29.943275728931294,0.49370787600064286,0.004830150677143991,0.02799645105018608,0.01399822552509304,0.49000000953674316,0.5,4314,0.9874157520012857,0.9981091909643764,0.0009202320959502686
65,180,30,500,1,0.5,65_180_30_500_1,current,True,1.7802859999999998,0.30051707499999997,2.080666,,True,True,True,0.30038,0.0001370749999999865,transfer,8625.62121561053,0.002022999999999997,0.375527808620911,8625.62121561053,0.002022999999999997,0.375527808620911,99.98941288569446,0.012294000000000027,0.09011064607779123,0.0,90.0,0.0,14.908560347194888,15.042278735216172,29.817120694389775,0.4931559865269661,0.004647531499804033,0.02578761463860885,0.012893807319304425,0.49000000953674316,0.5,4237,0.9863119730539321,0.9939040231463259,0.0009202320959502686
65,180,30,1000,0,1.0,65_180_30_1000_0,current,True,2.891937,0.28938896433333333,3.181186,,True,True,True,0.289249,0.00013996433333335334,transfer,8682.500070134498,0.001202999999999843,0.33305712231843937,8682.500070134498,0.001202999999999843,0.33305712231843937,100.02347983197265,0.01231300000000024,0.0949563850192688,0.0,90.0,0.0,15.017315725992397,15.048869390672198,30.034631451984794,0.9965676799399854,0.004747878144246427,0.027050838686544308,0.013525419343272154,0.9900000095367432,1.0,4340,0.9965676799399854,1.0011543817328266,0.0009202320959502686
65,180,30,1000,1,1.0,65_180_30_1000_1,current,True,2.881466,0.29901775999999997,3.180434,,True,True,True,0.298968,4.9759999999954285e-05,transfer,8605.221689516624,0.0012049999999999006,0.3620192290619711,8605.221689516624,0.0012049999999999006,0.3620192290619711,100.01158957832173,0.012475000000000014,0.08945789202673977,0.0,90.0,0.0,14.930208070736168,14.961769872559312,29.860416141472335,0.9941461455826758,0.004926548163502522,0.029125075535169083,0.014562537767584541,0.9900000095367432,1.0,4249,0.9941461455826758,0.9953472047157444,0.0009202320959502686
65,225,30,500,0,0.5,65_225_30_500_0,current,True,1.32905,1.1811538583333334,2.510075,,True,True,True,1.181025,0.0001288583333334259,transfer,8603.544075554822,0.0012459999999998583,0.35217726114276876,8603.544075554822,0.0012459999999998583,0.35217726114276876,99.9949120235941,0.012477000000000071,0.09408819989698707,0.0,45.01248116835412,0.1531040213671531,14.727811458774543,14.72698276875683,29.455622917549086,0.5066884902880191,0.004706265691697703,0.026312656360026963,0.013156328180013482,0.5,0.5099999904632568,4328,1.0133769805760382,0.9818540972516362,0.011560936258092624
65,225,30,500,1,0.5,65_225_30_500_1,current,True,1.469738,1.6705,3.140147205,,True,True,True,1.670409205,9.079500000019891e-05,transfer,8621.545749909847,0.0023440000000000127,0.3774940634232457,8621.545749909847,0.0023440000000000127,0.3774940634232457,99.98425467895525,0.012256000000000045,0.09342905985991426,0.0,45.024534804851186,0.1724457621716311,15.049017851941096,14.623435692719235,30.098035703882193,0.5196842060074807,0.004768938448487025,0.025030187694007104,0.012515093847003552,0.5099999904632568,0.5289999842643738,4329,1.0393684120149613,1.003267856796073,0.023614572755263907
65,225,30,1000,0,1.0,65_225_30_1000_0,current,True,2.868783,0.28988341533333334,3.158551,,True,True,True,0.289768,0.000115415333333313,transfer,8679.077696929235,0.0014210000000001166,0.32615765019864956,8679.077696929235,0.0014210000000001166,0.32615765019864956,100.01029517744475,0.012367000000000017,0.09843999594319625,0.0,44.9739902690453,0.12418181884106616,14.89150801608879,15.360898694930398,29.78301603217758,0.9804571953041554,0.003007413990625274,0.009840784533549305,0.004920392266774653,0.9700000286102295,0.9900000095367432,4303,0.9804571953041554,0.9927672010725861,0.026929963050633887
65,225,30,1000,1,1.0,65_225_30_1000_1,current,True,2.878845,0.2905,3.169232705,,True,True,True,0.290387705,0.00011229499999998449,transfer,8651.363842064908,0.0011290000000001577,0.34682511768788693,8651.363842064908,0.0011290000000001577,0.34682511768788693,100.04832245955745,0.012240999999999946,0.0953262979448643,0.0,44.98039796805904,0.17146317279076864,14.892813041631506,14.915538713775996,29.78562608326301,0.9775622113983632,0.004293617034808392,0.01963199386631498,0.00981599693315749,0.9700000286102295,0.9800000190734863,4315,0.9775622113983632,0.9928542027754337,0.02052226403691293
65,270,30,500,0,0.5,65_270_30_500_0,current,True,2.109873,1.0603333333333333,3.17009361,,True,True,True,1.06022061,0.00011272333333334217,transfer,8667.199176572141,0.0014619999999999633,0.3400723666619961,8667.199176572141,0.0014619999999999633,0.3400723666619961,100.02892331917674,0.01261699999999999,0.08661804559593252,0.0,0.0,0.0,15.088583061541796,15.315869689393331,30.17716612308359,0.5024425243372916,0.004296428160801429,0.022151173332286746,0.011075586666143373,0.5,0.5099999904632568,4388,1.0048850486745833,1.0059055374361197,0.0009202320959502686
65,270,30,500,1,0.5,65_270_30_500_1,current,True,2.889583,0.28983333333333333,3.179314375,,True,True,True,0.289731375,0.0001019583333333185,transfer,8594.191796821064,0.003454999999999986,0.40193646038295533,8594.191796821064,0.003454999999999986,0.40193646038295533,100.02490356103323,0.012480000000000047,0.09681569903843408,0.0,0.0,0.0,14.846871927309238,14.78800693097859,29.693743854618475,0.5001299932093621,0.001132710298102832,-0.0015396403482873357,-0.0007698201741436679,0.5,0.5099999904632568,4208,1.0002599864187243,0.9897914618206158,0.0009202320959502686
65,270,30,1000,0,1.0,65_270_30_1000_0,current,True,2.8787540000000003,0.29019423066666666,3.168848,,True,True,True,0.290094,0.00010023066666664526,transfer,8700.808729579965,0.0010069999999999801,0.3156302995038593,8700.808729579965,0.0010069999999999801,0.3156302995038593,99.9595471627318,0.012353000000000058,0.09089780935801951,0.0,0.0,0.0,14.844320896143172,14.691667710266735,29.688641792286344,1.007314938267708,0.0035107991912010157,-0.002947112437254408,-0.001473556218627204,1.0,1.0089999437332153,4360,1.007314938267708,0.9896213930762114,0.0009202320959502686
65,270,30,1000,1,1.0,65_270_30_1000_1,current,True,2.879169,0.29074793099999996,3.169876,,True,True,True,0.290707,4.09309999999663e-05,transfer,8686.913375514385,0.0012590000000000101,0.3350134446403873,8686.913375514385,0.0012590000000000101,0.3350134446403873,100.01463557277148,0.012467999999999979,0.09075087152428325,0.0,0.0,0.0,14.891484038323448,15.119240012058405,29.782968076646895,1.00302405309391,0.004251048173881325,-0.021840240317225215,-0.010920120158612608,1.0,1.0089999437332153,4318,1.00302405309391,0.9927656025548965,0.0009202320959502686
65,315,30,500,0,0.5,65_315_30_500_0,current,True,2.870508,0.29983333333333334,3.170198641,,True,True,True,0.299690641,0.00014269233333336073,transfer,8632.153106287875,0.0018400000000000083,0.3635306871704717,8632.153106287875,0.0018400000000000083,0.3635306871704717,100.03115339733371,0.012631999999999977,0.09328575075927456,0.0,-44.98566812487178,0.18822132439410946,14.927497350043108,14.671954346068011,29.854994700086216,0.4942606121401787,0.004945022836922082,0.029343922527942788,0.014671961263971394,0.49000000953674316,0.5,4262,0.9885212242803574,0.9951664900028738,0.01341164303221376
65,315,30,500,1,0.5,65_315_30_500_1,current,True,2.8692159999999998,0.2899333023333333,3.15907,,True,True,True,0.289854,7.930233333330872e-05,transfer,8683.464444202902,0.0012940000000001284,0.32512917874359665,8683.464444202902,0.0012940000000001284,0.32512917874359665,99.98402014927234,0.012294999999999945,0.09317855277106026,0.0,-44.97705816078723,0.18915824529320271,14.721728857406575,14.692662283641248,29.44345771481315,0.4938250125555992,0.004859973828759904,0.028079414895169047,0.014039707447584523,0.49000000953674316,0.5,4379,0.9876500251111984,0.9814485904937716,0.022021607116812447
65,315,30,1000,0,1.0,65_315_30_1000_0,current,True,2.8798440000000003,0.2891666666666667,3.168945502,,True,True,True,0.289101502,6.516466666667275e-05,transfer,8651.02050565593,0.0014449999999999186,0.35079410176383363,8651.02050565593,0.0014449999999999186,0.35079410176383363,100.01519292373446,0.011889999999999956,0.08473484643221124,0.0,-45.00234035918434,0.1870443098190151,14.924808611624602,15.408870468342466,29.849617223249204,0.9973031659052372,0.004437950100433623,0.02205443051423284,0.01102721525711642,0.9900000095367432,1.0,4299,0.9973031659052372,0.9949872407749735,0.0032605912803091996
65,315,30,1000,1,1.0,65_315_30_1000_1,current,True,2.870325,0.2803896223333333,3.150664,,True,True,True,0.280339,5.062233333330557e-05,transfer,8668.875312237606,0.0009179999999999744,0.30806937811418583,8668.875312237606,0.0009179999999999744,0.30806937811418583,100.00563081557672,0.01228499999999988,0.08966432962507714,0.0,-44.986406062433694,0.16528591339162801,14.823344661924057,15.107074468211357,29.646689323848115,0.996627899882555,0.00472756912308267,0.02589729235995391,0.012948646179976955,0.9900000095367432,1.0,4311,0.996627899882555,0.9882229774616038,0.01267370547043356
65,45,50,500,0,0.5,65_45_50_500_0,current,True,1.679091,0.290654558,1.969588,,True,True,True,0.290497,0.00015755800000000209,transfer,8626.630717334267,0.0009329999999998506,0.3441342961865687,8626.630717334267,0.0009329999999998506,0.3441342961865687,100.02398843705375,0.01264199999999982,0.08573638133469878,0.0,-135.0069868527868,0.08450391170400022,24.802517334399706,24.874609173836543,49.60503466879941,0.5325815108487606,0.006356183273008429,0.03229955634476899,0.016149778172384496,0.5189999938011169,0.5389999747276306,4308,1.0651630216975212,0.9921006933759883,0.007907084882731397
65,45,50,500,1,0.5,65_45_50_500_1,current,True,1.680185,0.2902105186666667,1.970315,,True,True,True,0.29013,8.051866666669572e-05,transfer,8629.379380733159,0.0010860000000000002,0.3629718047653581,8629.379380733159,0.0010860000000000002,0.3629718047653581,100.01583961260835,0.012248000000000009,0.10383110764524318,0.0,-134.9880918618566,0.06333974353231042,24.69177315094778,24.60422960821118,49.38354630189556,0.5329328971803189,0.005940841621837861,0.033666521244191706,0.016833260622095853,0.5189999938011169,0.5389999747276306,4328,1.0658657943606378,0.9876709260379112,0.01098790604748956
65,45,50,1000,0,1.0,65_45_50_1000_0,current,True,1.67002,0.309,1.979008463,,True,True,True,0.308988463,1.1537000000005904e-05,transfer,8602.50055351149,0.0010250000000000536,0.31650009561879433,8602.50055351149,0.0010250000000000536,0.31650009561879433,100.04175258532557,0.012220999999999815,0.10126802349823864,0.0,-135.01644362929136,0.0979552894470288,24.763005145963618,24.727984681260107,49.526010291927236,1.045550298085451,0.00600269890971252,0.03159482336434139,0.015797411682170696,1.0290000438690186,1.0490000247955322,4228,1.045550298085451,0.9905202058385447,0.017363861387281077
65,45,50,1000,1,1.0,65_45_50_1000_1,current,True,0.9394989999999999,1.0206666666666666,1.96001944,,True,True,False,1.02052044,0.00014622666666652684,transfer,8579.130363311291,0.0037249999999999783,0.43833680251241103,8579.130363311291,0.0037249999999999783,0.43833680251241103,100.02294644065405,0.012066999999999939,0.08293577416856808,0.0,-135.00315672053088,0.09576109421490739,24.740989263339006,24.966309444435467,49.48197852667801,1.0399713967392445,0.007847791778902718,-0.050879830730154625,-0.025439915365077313,1.0290000438690186,1.0490000247955322,4296,1.0399713967392445,0.9896395705335602,0.004076952626803632
65,90,50,1000,0,1.0,65_90_50_1000_0,current,True,1.028214,0.930573597,1.958723,,True,True,True,0.930509,6.459699999994406e-05,transfer,8650.380129572,0.0009399999999999409,0.3417277707701565,8650.380129572,0.0009399999999999409,0.3417277707701565,100.03746857914055,0.01245699999999994,0.09394487771010727,0.0,180.0,0.0,25.139705665561642,24.81027018132879,50.279411331123285,1.0365803366398811,0.010059983045702731,-0.06568989259972559,-0.032844946299862794,1.0190000534057617,1.0490000247955322,4358,1.0365803366398811,1.0055882266224656,0.0009202320959502686
65,90,50,1000,1,1.0,65_90_50_1000_1,current,True,0.8095779999999999,0.31016666666666665,1.119651147,,True,True,False,0.310073147,9.351966666665268e-05,transfer,8648.537230842712,0.0011299999999999921,0.3425698602080115,8648.537230842712,0.0011299999999999921,0.3425698602080115,100.02050420336168,0.012125999999999859,0.08925436823835506,0.0,180.0,0.0,25.22414227324872,25.480642417579325,50.44828454649744,1.0275856266264123,0.01242294259358154,0.08329963701483965,0.04164981850741983,1.0089999437332153,1.0490000247955322,4255,1.0275856266264123,1.0089656909299487,0.0009202320959502686
65,135,50,500,0,0.5,65_135_50_500_0,current,True,1.679521,0.2907202266666667,1.970205,,True,True,True,0.290684,3.6226666666694385e-05,transfer,8647.996584355355,0.001354999999999995,0.3754445979729157,8647.996584355355,0.001354999999999995,0.3754445979729157,99.94432965167366,0.011897000000000046,0.08593014570663941,0.0,135.01003281848637,0.07299163835829885,24.425813979522626,25.022085002243717,48.85162795904525,0.5145979020716349,0.005330475107269651,0.031175349423426833,0.015587674711713417,0.5,0.5189999938011169,4357,1.0291958041432698,0.977032559180905,0.009112586390415345
65,135,50,500,1,0.5,65_135_50_500_1,current,True,1.650442,0.31916666666666665,1.969565918,,True,True,True,0.319123918,4.274866666664767e-05,transfer,8611.795194803906,0.001981,0.36735744396787096,8611.795194803906,0.001981,0.36735744396787096,100.02140729667481,0.012380000000000058,0.09237356260528808,0.0,135.01036641925137,0.1110135339139191,24.856397997626566,24.849682689836367,49.71279599525313,0.515135872986118,0.005358358816994326,0.030425238042803546,0.015212619021401773,0.5,0.5189999938011169,4259,1.030271745972236,0.9942559199050627,0.009446187155390362
65,135,50,1000,0,1.0,65_135_50_1000_0,current,True,1.670817,0.299015998,1.969758,,True,True,True,0.298941,7.499799999999279e-05,transfer,8604.42619749397,0.0013859999999999983,0.36217388309691906,8604.42619749397,0.0013859999999999983,0.36217388309691906,100.044337831539,0.01260400000000006,0.0957245272294536,0.0,135.00231911828192,0.11026418036036034,24.62545034699401,24.548894572397337,49.25090069398802,1.021847319003463,0.007533318568250401,0.04706976679548542,0.02353488339774271,1.0089999437332153,1.0290000438690186,4210,1.021847319003463,0.9850180138797604,0.0013988861860525503
65,135,50,1000,1,1.0,65_135_50_1000_1,current,True,1.080128,0.8997298366666666,1.979736,,True,True,True,0.899608,0.0001218366666666526,transfer,8584.751931932715,0.0013999999999998458,0.37019963421381236,8584.751931932715,0.0013999999999998458,0.37019963421381236,100.00550030251664,0.012052000000000007,0.0894128811655599,0.0,134.9924526445164,0.12971113985116745,24.929737983243328,25.04694601763335,49.859475966486656,1.0247436645948886,0.004944389509743385,-0.029336409127543865,-0.014668204563771933,1.0190000534057617,1.0290000438690186,4351,1.0247436645948886,0.9971895193297331,0.008467587579502833
65,180,50,500,0,0.5,65_180_50_500_0,current,True,1.660355,0.30974752666666666,1.970077,,True,True,True,0.309722,2.5526666666664255e-05,transfer,8619.377019212101,0.0012940000000000174,0.3571996889331884,8619.377019212101,0.0012940000000000174,0.3571996889331884,99.93750632792072,0.012262999999999913,0.0852834426083975,0.0,90.0,0.0,24.618364914117574,24.692925004736516,49.23672982823515,0.5000117766554356,0.007449674855763407,0.048117241145407164,0.024058620572703582,0.49000000953674316,0.5099999904632568,4277,1.0000235533108712,0.984734596564703,0.0009202320959502686
65,180,50,500,1,0.5,65_180_50_500_1,current,True,1.6589990000000001,0.310592718,1.969459,,True,True,True,0.31046,0.00013271799999997613,transfer,8651.03033233927,0.0012739999999999974,0.34181683820298914,8651.03033233927,0.0012739999999999974,0.34181683820298914,100.02420677150178,0.01221300000000003,0.07966253540394025,0.0,90.0,0.0,25.021181232641766,25.14468816775027,50.04236246528353,0.5008581291816234,0.007076638848012485,0.045043308178199584,0.022521654089099792,0.49000000953674316,0.5099999904632568,4246,1.0017162583632468,1.0008472493056706,0.0009202320959502686
65,180,50,1000,0,1.0,65_180_50_1000_0,current,True,1.090333,0.879,1.969314988,,True,True,True,0.878981988,1.8011999999956174e-05,transfer,8696.403287401045,0.0013250000000000206,0.3552014016702111,8696.403287401045,0.0013250000000000206,0.3552014016702111,100.05968777897075,0.012451999999999908,0.09615128721904943,0.0,90.0,0.0,25.216333987072648,25.4929965795287,50.432667974145296,1.0234501191618441,0.004969660942985219,0.027745051343615486,0.013872525671807743,1.0190000534057617,1.0290000438690186,4369,1.0234501191618441,1.008653359482906,0.0009202320959502686
65,180,50,1000,1,1.0,65_180_50_1000_1,current,True,1.660676,0.30916666666666665,1.969685683,,True,True,True,0.309009683,0.00015698366666666574,transfer,8668.01005275432,0.0009930000000000216,0.32481530528648855,8668.01005275432,0.0009930000000000216,0.32481530528648855,99.963740425064,0.012278000000000011,0.09006101129636764,0.0,90.0,0.0,24.965855661817745,25.10395351590402,49.93171132363549,0.9997340391538937,0.00737205655879686,0.047947317448718274,0.023973658724359137,0.9900000095367432,1.0089999437332153,4314,0.9997340391538937,0.9986342264727098,0.0009202320959502686
65,225,50,500,0,0.5,65_225_50_500_0,current,True,1.65944,0.3005,1.959792855,,True,True,True,0.300352855,0.00014714500000001518,transfer,8570.523168530417,0.0015479999999999938,0.3814230348380957,8570.523168530417,0.0015479999999999938,0.3814230348380957,100.03933673467077,0.01228499999999988,0.09235667629145593,0.0,44.9951466677938,0.07270548178502025,24.758029645190863,24.831046527901854,49.516059290381726,0.48391766702952976,0.0051971777564017935,0.03032392489462122,0.01516196244731061,0.4699999988079071,0.5,4242,0.9678353340590595,0.9903211858076345,0.0057735643022169825
65,225,50,500,1,0.5,65_225_50_500_1,current,True,1.659791,0.3005,1.960134993,,True,True,True,0.300343993,0.00015600700000001355,transfer,8596.85937768557,0.0010189999999998811,0.3355981859402466,8596.85937768557,0.0010189999999998811,0.3355981859402466,100.02264581981115,0.012137999999999982,0.0900188370779079,0.0,45.004599714026796,0.07984258600063751,24.67149236702402,24.543388513585512,49.34298473404804,0.4846647980569899,0.005419256361857987,0.03172735687673374,0.01586367843836687,0.47999998927116394,0.5,4266,0.9693295961139798,0.9868596946809608,0.003679481930817019
65,225,50,1000,0,1.0,65_225_50_1000_0,current,True,1.668708,0.2911666666666667,1.95975731,,True,True,True,0.29104931,0.00011735666666667921,transfer,8647.407095678414,0.0013179999999999858,0.3495284264131076,8647.407095678414,0.0013179999999999858,0.3495284264131076,100.04231226800253,0.012275999999999954,0.08742289734620316,0.0,45.00708716277139,0.0644502050728107,24.521120783727334,24.630215632982456,49.04224156745467,0.9835254423780441,0.006631516890702085,0.039823281601010826,0.019911640800505413,0.9700000286102295,1.0,4302,0.9835254423780441,0.9808448313490934,0.006166930675362892
65,225,50,1000,1,1.0,65_225_50_1000_1,current,True,1.669406,0.30033333333333334,1.969705879,,True,True,True,0.300299879,3.345433333334924e-05,transfer,8676.599432616451,0.0015320000000000888,0.3505374000965932,8676.599432616451,0.0015320000000000888,0.3505374000965932,99.9805724953919,0.011959000000000053,0.08893719559779266,0.0,44.99059407348793,0.08802622926985322,24.944979948202246,25.030659836171942,49.88995989640449,0.9810661113901138,0.006877888831370378,0.04297658883693675,0.021488294418468376,0.9700000286102295,0.9900000095367432,4361,0.9810661113901138,0.9977991979280898,0.01032615860799524
65,270,50,500,0,0.5,65_270_50_500_0,current,True,1.370113,0.2992360376666667,1.669295,,True,True,True,0.299182,5.403766666667309e-05,transfer,8663.447496731309,0.0014290000000001246,0.38084078343782285,8663.447496731309,0.0014290000000001246,0.38084078343782285,99.97647612326513,0.012254999999999905,0.08220316011134014,0.0,0.0,0.0,24.865273506486027,25.41865791755847,49.73054701297205,0.5,0.0,0.0,0.0,0.5,0.5,4303,1.0,0.9946109402594411,0.0009202320959502686
65,270,50,500,1,0.5,65_270_50_500_1,current,True,1.670147,0.2891666666666667,1.959265964,,True,True,True,0.289118964,4.770266666670464e-05,transfer,8601.27546740328,0.0011779999999999846,0.34917264903747847,8601.27546740328,0.0011779999999999846,0.34917264903747847,100.03932281606798,0.011962000000000028,0.08542248312054815,0.0,0.0,0.0,24.86861165123947,25.017847014888474,49.73722330247894,0.5002115364649296,0.0014389631530834844,-0.0024847409546061355,-0.0012423704773030677,0.5,0.5099999904632568,4306,1.000423072929859,0.9947444660495788,0.0009202320959502686
65,270,50,1000,0,1.0,65_270_50_1000_0,current,True,1.66872,0.30083333333333334,1.969422899,,True,True,True,0.300702899,0.000130434333333318,transfer,8641.242664156793,0.0010950000000002902,0.34366518762101106,8641.242664156793,0.0010950000000002902,0.34366518762101106,100.02048038407864,0.011943000000000037,0.08446774141998943,0.0,0.0,0.0,25.040819281522598,24.79588861310301,50.081638563045196,1.001591751048525,0.0034339479427522037,-0.013944541973477855,-0.006972270986738928,1.0,1.0089999437332153,4303,1.001591751048525,1.0016327712609039,0.0009202320959502686
65,270,50,1000,1,1.0,65_270_50_1000_1,current,True,1.549104,0.30000247399999996,1.849083,,True,True,True,0.299979,2.34739999999678e-05,transfer,8578.466229400019,0.0012199999999999989,0.34740315394208166,8578.466229400019,0.0012199999999999989,0.34740315394208166,99.96453639066141,0.012223000000000095,0.09262487909179554,0.0,0.0,0.0,24.961375615236204,25.08171826752339,49.92275123047241,1.002123950721264,0.003821553390591281,-0.017213285170808883,-0.008606642585404441,1.0,1.0089999437332153,4305,1.002123950721264,0.9984550246094481,0.0009202320959502686
65,315,50,500,0,0.5,65_315_50_500_0,current,True,1.670481,0.29994866533333336,1.970294,,True,True,True,0.299813,0.00013566533333336794,transfer,8566.494881250106,0.0015849999999999476,0.39476195196482683,8566.494881250106,0.0015849999999999476,0.39476195196482683,100.0161064898763,0.012314000000000047,0.08926692751278077,0.0,-45.01764537041997,0.10408373346933786,24.40969372482321,24.3470416614546,48.81938744964642,0.4978343753986359,0.0060610717757699625,0.03515097017393709,0.017575485086968545,0.49000000953674316,0.5099999904632568,4259,0.9956687507972718,0.9763877489929285,0.018565602515991486
65,315,50,500,1,0.5,65_315_50_500_1,current,True,1.66926,0.30990071233333333,1.979138,,True,True,True,0.309878,2.2712333333341217e-05,transfer,8727.934189966312,0.0010970000000000146,0.3071046506585744,8727.934189966312,0.0010970000000000146,0.3071046506585744,100.01783867945275,0.012342999999999993,0.09261745404465993,0.0,-45.008800332484604,0.07773915857650734,25.01396787752171,24.97366567299903,50.02793575504342,0.49905276423668854,0.005788884070330806,0.03338532518183444,0.01669266259091722,0.49000000953674316,0.5099999904632568,4356,0.9981055284733771,1.0005587151008684,0.009720564580561586
65,315,50,1000,0,1.0,65_315_50_1000_0,current,True,1.669443,0.29999415933333334,1.969431,,True,True,True,0.299988,6.15933333336649e-06,transfer,8580.24368289994,0.0013159999999998728,0.35945117617622535,8580.24368289994,0.0013159999999998728,0.35945117617622535,100.04153239375131,0.012040999999999968,0.08455750513575293,0.0,-44.99522881913733,0.053595710457500445,24.478975436508428,24.51956038327061,48.957950873016856,1.001157454089681,0.006244022175558444,0.0373015005946539,0.01865075029732695,0.9900000095367432,1.0089999437332153,4333,1.001157454089681,0.9791590174603371,0.003850948766739748
65,315,50,1000,1,1.0,65_315_50_1000_1,current,True,1.6690989999999999,0.2903989966666667,1.959377,,True,True,True,0.290278,0.00012099666666670617,transfer,8660.404483694183,0.0010750000000001592,0.3347693909816718,8660.404483694183,0.0010750000000001592,0.3347693909816718,99.98324955948938,0.012549999999999992,0.09994756142982657,0.0,-44.99977943890457,0.08198747858354807,24.48431151346648,24.02972283685048,48.96862302693296,1.0012050933423837,0.005705109701153456,0.03291732060802198,0.01645866030401099,0.9900000095367432,1.0089999437332153,4321,1.0012050933423837,0.9793724605386592,0.0006996710005751083
74,45,30,500,0,0.5,74_45_30_500_0,current,True,2.8707510000000003,0.3187254686666667,3.189366,,True,True,True,0.318615,0.00011046866666669652,transfer,8647.91125357379,0.0019120000000003579,0.36443196726528193,8647.91125357379,0.0019120000000003579,0.36443196726528193,100.02353669572693,0.01274900000000001,0.09228527405602785,0.0,-134.9855960006269,0.1507329403139721,14.809676078673043,14.706500351795597,29.619352157346086,0.5374533795359135,0.003615795967784653,0.015295290116309437,0.007647645058154719,0.5289999842643738,0.5389999747276306,4323,1.074906759071827,0.9873117385782029,0.01348376727716527
74,45,30,500,1,0.5,74_45_30_500_1,current,True,2.87061,0.2895,3.160089578,,True,True,True,0.289479578,2.0421999999964413e-05,transfer,8652.898437818645,0.0016359999999999986,0.33189896968167143,8652.898437818645,0.0016359999999999986,0.33189896968167143,100.04066358737582,0.012493000000000087,0.09520183354304705,0.0,-134.99968578374722,0.21110765947197763,15.007717008276765,14.893509451437497,30.01543401655353,0.5358202377600669,0.004656888678979857,0.025361213448441017,0.012680606724220509,0.5289999842643738,0.5389999747276306,4291,1.0716404755201339,1.000514467218451,0.0006060158431466789
74,45,30,1000,0,1.0,74_45_30_1000_0,current,True,2.880042,0.28983333333333333,3.169760058,,True,True,True,0.289718058,0.00011527533333333118,transfer,8585.80567384503,0.0013670000000001181,0.3628575404964716,8585.80567384503,0.0013670000000001181,0.3628575404964716,100.01729710902944,0.01244600000000018,0.0814276684863341,0.0,-135.0074900294013,0.11042217872925164,14.684917419409121,14.672792902628744,29.369834838818242,1.0362053036642076,0.004487400196217325,0.022977713459170372,0.011488856729585186,1.0290000438690186,1.0390000343322754,4302,1.0362053036642076,0.9789944946272747,0.00841026149723234
74,45,30,1000,1,1.0,74_45_30_1000_1,current,True,2.2697290000000003,0.31089895133333334,2.580468,,True,True,True,0.310739,0.00015995133333335243,transfer,8633.737126794696,0.001410999999999607,0.3537749673747587,8633.737126794696,0.001410999999999607,0.3537749673747587,100.01827606680857,0.012283000000000044,0.08619613575679821,0.0,-135.00398853109814,0.1442367576553522,15.136554384551237,15.02307002222096,30.273108769102475,1.0360948637695313,0.004540006819702015,0.022496209105540392,0.011248104552770196,1.0290000438690186,1.0390000343322754,4344,1.0360948637695313,1.0091036256367492,0.004908763194066523
74,90,30,1000,0,1.0,74_90_30_1000_0,current,True,2.889155,0.291043669,3.180114,,True,True,True,0.290959,8.466899999998168e-05,transfer,8658.865354321719,0.0016750000000000003,0.35040145087558183,8658.865354321719,0.0016750000000000003,0.35040145087558183,100.01489958034803,0.01251499999999961,0.09924996840830722,0.0,180.0,0.0,14.78401011546912,15.037602186821115,29.56802023093824,1.02298958960104,0.0048968280398810245,0.028248397653987078,0.014124198826993539,1.0190000534057617,1.0290000438690186,4349,1.02298958960104,0.9856006743646081,0.0009202320959502686
74,90,30,1000,1,1.0,74_90_30_1000_1,current,True,2.889695,0.28017389066666665,3.169859,,True,True,True,0.280164,9.890666666623193e-06,transfer,8644.804858646468,0.001044000000000045,0.33449581892924307,8644.804858646468,0.001044000000000045,0.33449581892924307,100.01087837624443,0.01214499999999985,0.09164511153888251,0.0,180.0,0.0,14.859170803324531,14.80041796429619,29.718341606649062,1.0215155643401146,0.0043390425318148435,0.021666843504730655,0.010833421752365327,1.0190000534057617,1.0290000438690186,4325,1.0215155643401146,0.9906113868883021,0.0009202320959502686
74,135,30,500,0,0.5,74_135_30_500_0,current,True,2.869077,0.30087621933333336,3.169887,,True,True,True,0.30081,6.62193333333394e-05,transfer,8652.979263994755,0.0010989999999999611,0.3144242488449628,8652.979263994755,0.0010989999999999611,0.3144242488449628,100.00683331148433,0.012153999999999998,0.09025834142417895,0.0,135.01414486237627,0.21558405486380108,14.809978873336831,14.701302220460356,29.619957746673663,0.5289999842643739,1.1102230246251565e-16,1.8488924191395116e-31,9.244462095697558e-32,0.5289999842643738,0.5289999842643738,4286,1.0579999685287478,0.9873319248891221,0.013224630280319616
74,135,30,500,1,0.5,74_135_30_500_1,current,True,1.7517,0.308505999,2.060108,,True,True,True,0.308408,9.799899999995976e-05,transfer,8641.357032194957,0.001386999999999805,0.3523678412047907,8641.357032194957,0.001386999999999805,0.3523678412047907,100.02067876203144,0.012349999999999972,0.09292632098715094,0.0,135.04356405233773,0.14233931819215684,14.66866675389136,14.449594188673892,29.33733350778272,0.5289999842643739,1.1102230246251565e-16,-7.395569391511072e-32,-3.697784695755536e-32,0.5289999842643738,0.5289999842643738,4276,1.0579999685287478,0.9779111169260907,0.042643820241778485
74,135,30,1000,0,1.0,74_135_30_1000_0,current,True,2.860233,0.3012145316666667,3.161396,,True,True,True,0.301163,5.153166666665987e-05,transfer,8595.219460423106,0.0017490000000000006,0.39756427885923595,8595.219460423106,0.0017490000000000006,0.39756427885923595,100.01577961566956,0.01238600000000023,0.09351732714523994,0.0,134.97857591267444,0.1739473649099593,14.893225913429328,14.726057720678217,29.786451826858656,1.0273209688036442,0.00373783915727712,0.014260389272648081,0.007130194636324041,1.0190000534057617,1.0290000438690186,4243,1.0273209688036442,0.9928817275619551,0.022344319421449654
74,135,30,1000,1,1.0,74_135_30_1000_1,current,True,2.410895,0.750095871,3.160953,,True,True,True,0.750058,3.7870999999967125e-05,transfer,8621.007786584441,0.0013640000000001429,0.3597982353776967,8621.007786584441,0.0013640000000001429,0.3597982353776967,100.01352088948096,0.01283600000000007,0.0861380286544311,0.0,134.987798318308,0.12277980737070344,14.962976341957871,14.772378928776167,29.925952683915742,1.0290000438690188,2.220446049250313e-16,5.916455659827642e-31,2.958227829913821e-31,1.0290000438690186,1.0290000438690186,4345,1.0290000438690188,0.9975317561305247,0.013121913787927042
74,180,30,500,0,0.5,74_180_30_500_0,current,True,2.860005,0.339628058,3.1995,,True,True,True,0.339495,0.00013305800000001922,transfer,8557.8069830154,0.0010050000000001447,0.3423609796470097,8557.8069830154,0.0010050000000001447,0.3423609796470097,99.96827477397613,0.012665000000000148,0.09659094457344929,0.0,90.0,0.0,14.825285736520911,14.916912668479899,29.650571473041822,0.5189999938011169,0.0,0.0,0.0,0.5189999938011169,0.5189999938011169,4180,1.0379999876022339,0.9883523824347275,0.0009202320959502686
74,180,30,500,1,0.5,74_180_30_500_1,current,True,1.6700970000000002,1.5301666666666667,3.200204508,,True,True,True,1.530107508,5.9158666666725424e-05,transfer,8646.639458209744,0.0014440000000000008,0.35519166153861276,8646.639458209744,0.0014440000000000008,0.35519166153861276,100.0090484377158,0.01253399999999999,0.09188840264722241,0.0,90.0,0.0,15.011727660129225,15.25498462728881,30.02345532025845,0.5145472391497095,0.0044997536310012,-0.023214297825212567,-0.011607148912606283,0.5099999904632568,0.5189999938011169,4355,1.029094478299419,1.000781844008615,0.0009202320959502686
74,180,30,1000,0,1.0,74_180_30_1000_0,current,True,2.8810890000000002,0.2891683576666667,3.170223,,True,True,True,0.289134,3.43576666667067e-05,transfer,8607.7340958663,0.0009439999999998339,0.3354995349881617,8607.7340958663,0.0009439999999998339,0.3354995349881617,100.02430415109636,0.012599999999999945,0.0895014862200735,0.0,90.0,0.0,14.85679277596674,14.70903457505532,29.71358555193348,1.0089999437332153,0.0,0.0,0.0,1.0089999437332153,1.0089999437332153,4256,1.0089999437332153,0.990452851731116,0.0009202320959502686
74,180,30,1000,1,1.0,74_180_30_1000_1,current,True,2.878827,0.30033333333333334,3.179119727,,True,True,True,0.300292727,4.06063333333595e-05,transfer,8635.891567765448,0.0013810000000002987,0.34939980985219976,8635.891567765448,0.0013810000000002987,0.34939980985219976,100.02282873973589,0.012393000000000098,0.09648769590448178,0.0,90.0,0.0,14.841219443256726,14.91777993607925,29.682438886513452,1.0089999437332153,0.0,0.0,0.0,1.0089999437332153,1.0089999437332153,4274,1.0089999437332153,0.9894146295504485,0.0009202320959502686
74,225,30,500,0,0.5,74_225_30_500_0,current,True,2.6595940000000002,0.3005,2.960006035,,True,True,True,0.300412035,8.796499999996765e-05,transfer,8622.49371602268,0.0012970000000001036,0.3624810427906762,8622.49371602268,0.0012970000000001036,0.3624810427906762,100.05705007240971,0.011998000000000175,0.0936827859810562,0.0,44.98162980688503,0.1341518766324583,15.00199828340681,14.926994853922407,30.00399656681362,0.49320699647831917,0.004667448295172666,0.00034368850213181224,0.00017184425106590612,0.49000000953674316,0.5,4234,0.9864139929566383,1.0001332188937873,0.01929042521089741
74,225,30,500,1,0.5,74_225_30_500_1,current,True,2.880996,0.2786666666666667,3.159596788,,True,True,True,0.278600788,6.587866666668551e-05,transfer,8591.638948802114,0.0011519999999998198,0.33688771500180525,8591.638948802114,0.0011519999999998198,0.33688771500180525,99.9993567292842,0.012257999999999991,0.09241860848498203,0.0,44.99490368768939,0.1393904324468025,14.795091048436404,14.810840104257826,29.59018209687281,0.4911679416576822,0.0032117642291972248,-0.0121157056723959,-0.00605785283619795,0.49000000953674316,0.5011559128761295,4263,0.9823358833153644,0.9863394032290936,0.006016544406520552
74,225,30,1000,0,1.0,74_225_30_1000_0,current,True,2.869963,0.30917493966666665,3.178997,,True,True,True,0.309034,0.0001409396666666729,transfer,8605.555928348374,0.0014269999999999994,0.3606563215991409,8605.555928348374,0.0014269999999999994,0.3606563215991409,100.01730504691427,0.012129999999999995,0.08840497647102351,0.0,44.99524928106174,0.16768826756666044,14.882410253544291,14.986453540436939,29.764820507088583,0.9836800855638981,0.004822627959361692,0.010031397988320019,0.005015698994160009,0.9800000190734863,0.9900000095367432,4302,0.9836800855638981,0.9921606835696194,0.005670951034289828
74,225,30,1000,1,1.0,74_225_30_1000_1,current,True,2.878699,0.2905,3.169098652,,True,True,True,0.290399652,0.00010034799999997235,transfer,8593.721257663894,0.0015169999999999906,0.3731879939057122,8593.721257663894,0.0015169999999999906,0.3731879939057122,100.01058591581916,0.012182000000000026,0.08768270630152104,0.0,44.979600679865975,0.15422360608163213,14.656562431291736,14.47386234351807,29.31312486258347,0.9825058166837692,0.0043334663425462615,0.0007392376682454758,0.0003696188341227379,0.9800000190734863,0.9900000095367432,4178,0.9825058166837692,0.9771041620861157,0.021319552229897454
74,270,30,500,0,0.5,74_270_30_500_0,current,True,2.388527,0.29053695199999996,2.678898,,True,True,True,0.290371,0.00016595199999996924,transfer,8682.797525997417,0.0013670000000001181,0.34887552432975333,8682.797525997417,0.0013670000000001181,0.34887552432975333,99.99067535637438,0.012359999999999927,0.09148844211855293,0.0,0.0,0.0,14.700242220017818,14.688749411020616,29.400484440035637,0.507631502722025,0.004251484522410263,-0.02169016174774424,-0.01084508087387212,0.5,0.5099999904632568,4292,1.01526300544405,0.9800161480011879,0.0009202320959502686
74,270,30,500,1,0.5,74_270_30_500_1,current,True,2.868414,0.29083333333333333,3.159236104,,True,True,True,0.290822104,1.122933333330689e-05,transfer,8650.955796043738,0.0013680000000000359,0.38082726352172885,8650.955796043738,0.0013680000000000359,0.38082726352172885,99.99416456341696,0.012367000000000017,0.08930434476352146,0.0,0.0,0.0,14.924672557084104,14.895583091837509,29.84934511416821,0.5080627856440543,0.003952121861210546,-0.018743136550058513,-0.009371568275029257,0.5,0.5099999904632568,4319,1.0161255712881085,0.9949781704722737,0.0009202320959502686
74,270,30,1000,0,1.0,74_270_30_1000_0,current,True,2.8817310000000003,0.2895,3.171102685,,True,True,True,0.289371685,0.00012831499999998996,transfer,8628.32909404304,0.0011460000000000914,0.34414417501321143,8628.32909404304,0.0011460000000000914,0.34414417501321143,100.02370063053063,0.012208000000000219,0.09119219019344342,0.0,0.0,0.0,14.838104694957527,14.870064771400106,29.676209389915055,1.000633677038312,0.0023025010534100413,-0.006005961141215938,-0.003002980570607969,1.0,1.0089999437332153,4256,1.000633677038312,0.9892069796638352,0.0009202320959502686
74,270,30,1000,1,1.0,74_270_30_1000_1,current,True,2.321287,0.8293601683333334,3.150484,,True,True,True,0.829197,0.00016316833333340774,transfer,8631.073036308413,0.0012690000000001866,0.35590788786500954,8631.073036308413,0.0012690000000001866,0.35590788786500954,100.03404099571532,0.012229999999999741,0.09682302159813938,0.0,0.0,0.0,15.004750386066084,15.163129171260259,30.009500772132167,0.9927223302738666,0.004451084273903229,-0.013386042721834863,-0.006693021360917432,0.9900000095367432,1.0,4360,0.9927223302738666,1.0003166924044056,0.0009202320959502686
74,315,30,500,0,0.5,74_315_30_500_0,current,True,2.8707540000000003,0.289,3.159691243,,True,True,True,0.288937243,6.275699999996887e-05,transfer,8638.253848384178,0.0011200000000000099,0.3419613390730113,8638.253848384178,0.0011200000000000099,0.3419613390730113,100.03617622445337,0.012306999999999846,0.0834982842412273,0.0,-44.98557421131052,0.158702508425975,14.75534436733129,14.993840180047235,29.51068873466258,0.49093379864621156,0.002909625420636786,0.0038322480955683014,0.0019161240477841507,0.49000000953674316,0.5,4285,0.9818675972924231,0.9836896244887526,0.013505556593599977
74,315,30,500,1,0.5,74_315_30_500_1,current,True,2.8900870000000003,0.289541879,3.179523,,True,True,True,0.289436,0.00010587899999997541,transfer,8608.389501340645,0.001411000000000051,0.3741119658224445,8608.389501340645,0.001411000000000051,0.3741119658224445,99.9999120235378,0.012126999999999999,0.09309576297550455,0.0,-45.00561516382069,0.15763576725174744,14.94293220517769,14.91668733086973,29.88586441035538,0.4916379179747104,0.0037008545916040014,-0.0011416142318365701,-0.0005708071159182851,0.49000000953674316,0.5,4317,0.9832758359494208,0.9961954803451794,0.006535395916671405
74,315,30,1000,0,1.0,74_315_30_1000_0,current,True,1.528007,1.630598304,3.15855,,True,True,True,1.630543,5.530399999997826e-05,transfer,8631.530341616399,0.0013209999999999056,0.3619776168210287,8631.530341616399,0.0013209999999999056,0.3619776168210287,100.03012637530423,0.012241000000000168,0.09316955122830492,0.0,-45.00876039075103,0.16108689155785066,15.010733616145338,15.303074185730864,30.021467232290675,1.0274452553517823,0.005860483132593834,0.034555804648440026,0.017277902324220013,1.0190000534057617,1.0390000343322754,4363,1.0274452553517823,1.0007155744096892,0.009680622846985898
74,315,30,1000,1,1.0,74_315_30_1000_1,current,True,2.221026,0.9401666666666667,3.161031671,,True,True,True,0.940005671,0.00016099566666671894,transfer,8614.191691711501,0.0012039999999999829,0.3526691673974585,8614.191691711501,0.0012039999999999829,0.3526691673974585,99.99120311996012,0.012475999999999932,0.09657268211016341,0.0,-44.98898532411465,0.1564657934462289,14.952024426508007,14.67465310901699,29.904048853016015,0.9997227338953815,0.006122857492998806,0.03747082369229337,0.018735411846146684,0.9900000095367432,1.0089999437332153,4313,0.9997227338953815,0.9968016284338671,0.01009444378939861
74,45,50,500,0,0.5,74_45_50_500_0,current,True,1.6798279999999999,0.3006859426666667,1.980446,,True,True,True,0.300618,6.794266666670934e-05,transfer,8592.032290524465,0.0012179999999997193,0.34792778770687927,8592.032290524465,0.0012179999999997193,0.34792778770687927,99.9757884720961,0.012167000000000039,0.08708680498509418,0.0,-134.98788376816537,0.0892969248854512,24.847950005173512,25.03493965876125,49.695900010347025,0.5367599601972103,0.004169227607754903,0.016785252113299124,0.008392626056649562,0.5289999842643738,0.5389999747276306,4276,1.0735199203944206,0.9939180002069405,0.011195999738703222
74,45,50,500,1,0.5,74_45_50_500_1,current,True,1.669217,0.3108786213333333,1.97994,,True,True,True,0.310723,0.00015562133333330008,transfer,8611.74111646957,0.0008839999999999959,0.3340557596613243,8611.74111646957,0.0008839999999999959,0.3340557596613243,99.99442953406248,0.012225999999999959,0.09200925532800129,0.0,-135.00445606995822,0.09349293045109164,24.44463750824129,24.457268479512578,48.88927501648258,0.5376119727180004,0.003457377225664835,0.014081424091215301,0.007040712045607651,0.5289999842643738,0.5389999747276306,4281,1.0752239454360009,0.9777855003296516,0.005376302054145299
74,45,50,1000,0,1.0,74_45_50_1000_0,current,True,0.9177759999999999,0.3111988726666666,1.228851,,True,True,False,0.311075,0.00012387266666663566,transfer,8613.531125529547,0.0013120000000000076,0.34594370036946975,8613.531125529547,0.0013120000000000076,0.34594370036946975,100.004636578605,0.012173999999999907,0.09509649039984586,0.0,-135.00231320746636,0.056418270010092864,24.955792970393063,25.102500027551137,49.911585940786125,1.036911899657011,0.004064605813187561,0.018650120837546583,0.009325060418773292,1.0290000438690186,1.0390000343322754,4261,1.036911899657011,0.9982317188157225,0.0032334395622797274
74,45,50,1000,1,1.0,74_45_50_1000_1,current,True,0.920108,0.32067119766666663,1.240674,,True,True,False,0.320566,0.00010519766666661212,transfer,8576.865274329988,0.0014020000000001254,0.3776184401253815,8576.865274329988,0.0014020000000001254,0.3776184401253815,99.972144125296,0.012328999999999923,0.08340286403827865,0.0,-134.9874165577989,0.05980217787153207,25.425086893237168,25.53271155214856,50.850173786474336,1.0372657793195246,0.0037861448914576616,0.015880781089469123,0.007940390544734562,1.0290000438690186,1.0390000343322754,4254,1.0372657793195246,1.0170034757294868,0.011663210105183452
74,90,50,1000,0,1.0,74_90_50_1000_0,current,True,1.648473,0.32053904666666666,1.968858,,True,True,True,0.320385,0.0001540466666666851,transfer,8661.676489683572,0.0012750000000001371,0.3446018541046356,8661.676489683572,0.0012750000000001371,0.3446018541046356,100.02471198766754,0.012437000000000031,0.08853331225055322,0.0,180.0,0.0,24.86477540944141,25.207697429789235,49.72955081888282,1.0280529614388942,0.007231240102688467,0.045260880038201744,0.022630440019100872,1.0190000534057617,1.0390000343322754,4323,1.0280529614388942,0.9945910163776565,0.0009202320959502686
74,90,50,1000,1,1.0,74_90_50_1000_1,current,True,1.660776,0.31018837866666665,1.970861,,True,True,True,0.310085,0.00010337866666665363,transfer,8681.080861052504,0.0008859999999999979,0.3102947811628948,8681.080861052504,0.0008859999999999979,0.3102947811628948,99.98760334691535,0.012131000000000003,0.09219209062747276,0.0,180.0,0.0,25.040226110373002,24.93742611852138,50.080452220746004,1.0262258031814095,0.005607050379852983,0.03143260273205196,0.01571630136602598,1.0190000534057617,1.0390000343322754,4303,1.0262258031814095,1.0016090444149202,0.0009202320959502686
74,135,50,500,0,0.5,74_135_50_500_0,current,True,1.659481,0.32083333333333336,1.980279458,,True,True,True,0.320798458,3.487533333335069e-05,transfer,8650.288642874624,0.0012209999999999999,0.311195841404004,8650.288642874624,0.0012209999999999999,0.311195841404004,100.05516555073608,0.011999000000000093,0.09310383177878545,0.0,134.97582882884717,0.06440221087239592,24.73342453537969,24.8352395625072,49.46684907075938,0.5289999842643738,0.0,0.0,0.0,0.5289999842643738,0.5289999842643738,4301,1.0579999685287476,0.9893369814151876,0.025091403248779898
74,135,50,500,1,0.5,74_135_50_500_1,current,True,1.679894,0.2997595686666667,1.979638,,True,True,True,0.299744,1.556866666668766e-05,transfer,8649.465403716096,0.001314999999999955,0.34209604285172285,8649.465403716096,0.001314999999999955,0.34209604285172285,100.04798681720644,0.01205999999999996,0.08913629082088537,0.0,135.0013188393602,0.06344492818102765,24.95588492114677,25.02593601764109,49.91176984229354,0.5289999842643738,0.0,0.0,0.0,0.5289999842643738,0.5289999842643738,4347,1.0579999685287476,0.9982353968458707,0.00039860726428742055
74,135,50,1000,0,1.0,74_135_50_1000_0,current,True,1.6501409999999999,0.310558885,1.960586,,True,True,True,0.310445,0.00011388499999998025,transfer,8574.625373933795,0.0012850000000000014,0.3734379073897125,8574.625373933795,0.0012850000000000014,0.3734379073897125,99.94846812747194,0.012302000000000035,0.09168071625893807,0.0,135.018921008009,0.12362910078472567,24.788376381698324,24.429436290318705,49.57675276339665,1.0278230049915316,0.0032225699419311396,0.01063107035412719,0.005315535177063595,1.0190000534057617,1.0290000438690186,4297,1.0278230049915316,0.991535055267933,0.018000775913037614
74,135,50,1000,1,1.0,74_135_50_1000_1,current,True,1.480973,0.2991666666666667,1.780022334,,True,True,True,0.299049334,0.00011733266666669184,transfer,8568.54566743467,0.00149100000000002,0.37571607595879375,8568.54566743467,0.00149100000000002,0.37571607595879375,100.03248802876969,0.011814999999999909,0.08993082650944977,0.0,135.0042599044117,0.07478927711640893,24.856754168202148,24.942672669124825,49.713508336404296,1.0273820387454031,0.0036826750095016667,0.01444134415994872,0.00722067207997436,1.0190000534057617,1.0290000438690186,4239,1.0273820387454031,0.9942701667280859,0.0033396723157466113
74,180,50,500,0,0.5,74_180_50_500_0,current,True,1.649815,0.3107517616666666,1.960534,,True,True,True,0.310719,3.276166666660307e-05,transfer,8672.024444254708,0.0011660000000000004,0.35257725133409834,8672.024444254708,0.0011660000000000004,0.35257725133409834,100.0050457091244,0.012476000000000376,0.09270768105362005,0.0,90.0,0.0,25.236445000984013,25.48782568244953,50.472890001968025,0.518367761566639,0.002300081438186849,-0.00229113932734357,-0.001145569663671785,0.5099999904632568,0.5189999938011169,4320,1.036735523133278,1.0094578000393606,0.0009202320959502686
74,180,50,500,1,0.5,74_180_50_500_1,current,True,0.8287899999999999,0.3006885766666667,1.129443,,True,True,False,0.300653,3.557666666670345e-05,transfer,8632.823851583584,0.000788999999999998,0.32440982235900395,8632.823851583584,0.000788999999999998,0.32440982235900395,100.01374596508525,0.011762999999999968,0.08161359695470223,0.0,90.0,0.0,25.022318961462776,25.093855825102484,50.04463792292555,0.5168926070195436,0.0038112214605257556,-0.0012332599530846793,-0.0006166299765423397,0.5099999904632568,0.5189999938011169,4269,1.0337852140390873,1.000892758458511,0.0009202320959502686
74,180,50,1000,0,1.0,74_180_50_1000_0,current,True,1.649552,0.308852919,1.95835,,True,True,True,0.308798,5.491899999998662e-05,transfer,8607.980258743748,0.001226999999999867,0.35237413335233125,8607.980258743748,0.001226999999999867,0.35237413335233125,100.08358331687815,0.012543999999999889,0.0910149122666871,0.0,90.0,0.0,25.19437613875359,25.671574694923656,50.38875227750718,1.0089999437332153,0.0,0.0,0.0,1.0089999437332153,1.0089999437332153,4261,1.0089999437332153,1.0077750455501435,0.0009202320959502686
74,180,50,1000,1,1.0,74_180_50_1000_1,current,True,1.350114,0.30933333333333335,1.659398797,,True,True,True,0.309284797,4.8536333333348836e-05,transfer,8619.946634537308,0.003278000000000003,0.4103380995758727,8619.946634537308,0.003278000000000003,0.4103380995758727,100.02969063090089,0.01238399999999995,0.0983105336156223,0.0,90.0,0.0,24.971069392058464,24.992120224326897,49.94213878411693,1.0089999437332153,0.0,0.0,0.0,1.0089999437332153,1.0089999437332153,4272,1.0089999437332153,0.9988427756823386,0.0009202320959502686
74,225,50,500,0,0.5,74_225_50_500_0,current,True,1.6789239999999999,0.30091751833333336,1.97982,,True,True,True,0.300896,2.1518333333359063e-05,transfer,8646.180216249379,0.001538999999999957,0.35803079491960893,8646.180216249379,0.001538999999999957,0.35803079491960893,99.97272237484523,0.012478999999999999,0.0919938507662325,0.0,44.99941184965039,0.07526419377165464,24.47849801872318,24.536829871000123,48.95699603744636,0.49554941424441334,0.004969718457210871,0.023027182176786933,0.011513591088393466,0.49000000953674316,0.5,4267,0.9910988284888267,0.9791399207489272,0.0015083824455359718
74,225,50,500,1,0.5,74_225_50_500_1,current,True,1.670552,0.3099266686666666,1.980328,,True,True,True,0.309776,0.00015066866666663126,transfer,8609.971282809227,0.001354999999999773,0.37886183454435945,8609.971282809227,0.001354999999999773,0.37886183454435945,100.00043290230693,0.01229900000000006,0.0901880018941455,0.0,44.98088201185777,0.09383616038368814,24.838159508455306,24.785669490445514,49.67631901691061,0.49131257161831854,0.003376801605098667,0.008786918882876894,0.004393459441438447,0.49000000953674316,0.5,4242,0.9826251432366371,0.9935263803382122,0.02003822023812063
74,225,50,1000,0,1.0,74_225_50_1000_0,current,True,1.260675,0.30922710566666667,1.569769,,True,True,True,0.309094,0.00013310566666668855,transfer,8620.17898459515,0.0012800000000001699,0.3574905040748886,8620.17898459515,0.0012800000000001699,0.3574905040748886,100.03715665818733,0.01230500000000001,0.09515231633022073,0.0,45.00277860233934,0.07096254422826576,24.50424984876601,24.464722265906122,49.00849969753202,0.9846122046749592,0.004984932898953157,0.02256534809157763,0.011282674045788815,0.9800000190734863,0.9900000095367432,4306,0.9846122046749592,0.9801699939506403,0.001858370243326135
74,225,50,1000,1,1.0,74_225_50_1000_1,current,True,1.670447,0.31023755166666667,1.980637,,True,True,True,0.31019,4.755166666664534e-05,transfer,8580.99956572059,0.0011750000000001481,0.35939417965856046,8580.99956572059,0.0011750000000001481,0.35939417965856046,99.9847437072102,0.012348000000000026,0.0888264652104084,0.0,44.99311712003077,0.07958827482535463,24.91131595157964,25.00005295803077,49.82263190315928,0.9834454957876206,0.004752202067996956,0.021022753392043177,0.010511376696021589,0.9800000190734863,0.9900000095367432,4329,0.9834454957876206,0.9964526380631855,0.00780311206517581
74,270,50,500,0,0.5,74_270_50_500_0,current,True,1.6496270000000002,0.3006842846666667,1.950306,,True,True,True,0.300679,5.28466666671612e-06,transfer,8560.939508697371,0.0016019999999999923,0.365692338568432,8560.939508697371,0.0016019999999999923,0.365692338568432,100.0451112501637,0.012090000000000156,0.0869783759599854,0.0,0.0,0.0,24.876685296204723,25.203873735470182,49.753370592409446,0.5033896334340572,0.0047335702379103055,-0.026888046923162504,-0.013444023461581252,0.5,0.5099999904632568,4304,1.0067792668681144,0.9950674118481889,0.0009202320959502686
74,270,50,500,1,0.5,74_270_50_500_1,current,True,1.5504229999999999,0.3001696186666667,1.85048,,True,True,True,0.300057,0.00011261866666667508,transfer,8647.589691269923,0.0012110000000000731,0.3234041678793278,8647.589691269923,0.0012110000000000731,0.3234041678793278,99.97634044070115,0.012295000000000056,0.0921658768770856,0.0,0.0,0.0,24.953190924495903,25.047911034124343,49.906381848991806,0.5037509030895233,0.0048414585753508415,-0.026943318786070956,-0.013471659393035478,0.5,0.5099999904632568,4271,1.0075018061790466,0.9981276369798361,0.0009202320959502686
74,270,50,1000,0,1.0,74_270_50_1000_0,current,True,1.529938,0.41987109433333336,1.949646,,True,True,True,0.419708,0.00016309433333333567,transfer,8646.429401529887,0.0012940000000000174,0.35061836018074216,8646.429401529887,0.0012940000000000174,0.35061836018074216,99.98283313619737,0.01230500000000001,0.09954713795239072,0.0,0.0,0.0,25.25967657113103,25.736856421939365,50.51935314226206,0.9929683900392056,0.004568642457945528,-0.023338104230379485,-0.011669052115189742,0.9900000095367432,1.0,4256,0.9929683900392056,1.0103870628452412,0.0009202320959502686
74,270,50,1000,1,1.0,74_270_50_1000_1,current,True,0.940283,1.0199036823333334,1.960023,,True,True,False,1.01974,0.00016368233333330373,transfer,8646.135303841183,0.0011839999999999629,0.35054988290587835,8646.135303841183,0.0011839999999999629,0.35054988290587835,100.01242578623405,0.01248500000000008,0.09264358805858308,0.0,0.0,0.0,25.011190312427516,25.083607582452352,50.02238062485503,1.012959355081558,0.007422851554525871,0.045669944239827606,0.022834972119913803,1.0,1.0190000534057617,4351,1.012959355081558,1.0004476124971007,0.0009202320959502686
74,315,50,500,0,0.5,74_315_50_500_0,current,True,1.679345,0.2901666666666667,1.96941999,,True,True,True,0.29007499,9.167666666670682e-05,transfer,8618.145514645967,0.0012240000000001139,0.3630906602325585,8618.145514645967,0.0012240000000001139,0.3630906602325585,100.0358046703594,0.012256000000000045,0.09595712719169107,0.0,-45.00372164336764,0.10297772214627512,24.64338713331693,24.744981635526607,49.28677426663386,0.4940228790335655,0.004903588238696907,0.021733325684073934,0.010866662842036967,0.49000000953674316,0.5,4285,0.988045758067131,0.9857354853326773,0.004641875463562428
74,315,50,500,1,0.5,74_315_50_500_1,current,True,1.669537,0.29983333333333334,1.969212964,,True,True,True,0.299675964,0.0001573693333333237,transfer,8599.431549069875,0.0011179999999999524,0.3348833617465144,8599.431549069875,0.0011179999999999524,0.3348833617465144,100.06424037596432,0.012032000000000043,0.09015048144843288,0.0,-45.01512598537954,0.13105200293136932,24.635944774731275,24.46083838326763,49.27188954946255,0.4957836506876946,0.004938203255176459,0.02532229788497023,0.012661148942485115,0.49000000953674316,0.5,4306,0.9915673013753892,0.985437790989251,0.016046217475491176
74,315,50,1000,0,1.0,74_315_50_1000_0,current,True,1.69122,0.2791666666666667,1.970222218,,True,True,True,0.279002218,0.00016444866666665003,transfer,8608.572245724517,0.0013540000000000774,0.3371680285970383,8608.572245724517,0.0013540000000000774,0.3371680285970383,100.0218599811633,0.012221000000000037,0.08809336960200755,0.0,-44.99550133761484,0.08245123036294899,24.865759626487417,24.781494317456104,49.731519252974834,0.9908208320872784,0.0027448985441926722,0.00851311565507826,0.00425655782753913,0.9900000095367432,1.0,4238,0.9908208320872784,0.9946303850594966,0.003578430289280732
74,315,50,1000,1,1.0,74_315_50_1000_1,current,True,1.3708960000000001,0.509559903,1.880436,,True,True,True,0.50954,1.990299999998779e-05,transfer,8690.933074362396,0.001371000000000011,0.32469557982395764,8690.933074362396,0.001371000000000011,0.32469557982395764,99.99030397052408,0.012194000000000038,0.08956410451848075,0.0,-45.011742875367815,0.08533947520700735,24.69062581717623,24.463598272988932,49.38125163435246,0.9954539651136398,0.007119825328930771,0.04288766918206051,0.021443834591030254,0.9900000095367432,1.0089999437332153,4328,0.9954539651136398,0.9876250326870492,0.012663107463822598
79,45,30,500,0,0.5,79_45_30_500_0,current,True,2.878698,0.2900058503333333,3.168676,,True,True,True,0.289978,2.7850333333301336e-05,transfer,8630.821514108226,0.0014139999999999153,0.3698161491828411,8630.821514108226,0.0014139999999999153,0.3698161491828411,100.00450312674897,0.012077000000000115,0.089964730019502,0.0,-134.99400191816872,0.12366827144608546,15.140274769679126,15.129227467631924,30.28054953935825,0.5364242971839905,0.004372943638330372,0.02071810540082182,0.01035905270041091,0.5289999842643738,0.5389999747276306,4288,1.072848594367981,1.0093516513119416,0.005077849735357631
79,45,30,500,1,0.5,79_45_30_500_1,current,True,1.65025,1.4893333333333334,3.139454846,,True,True,True,1.489204846,0.00012848733333337137,transfer,8613.950577425723,0.0014829999999999843,0.35060903037560404,8613.950577425723,0.0014829999999999843,0.35060903037560404,100.02667377967458,0.01214299999999996,0.08710766108747794,0.0,-135.01226300641846,0.09376297376617515,15.071055131186906,15.01391531872121,30.142110262373812,0.5173810234733621,0.006442729152403822,-0.04042265007021051,-0.020211325035105254,0.5099999904632568,0.5289999842643738,4302,1.0347620469467242,1.0047370087457936,0.01318323851438663
79,45,30,1000,0,1.0,79_45_30_1000_0,current,True,2.86084,0.2901224513333333,3.150821,,True,True,True,0.289981,0.00014145133333332005,transfer,8616.73413695127,0.0011209999999999276,0.3388242650509692,8616.73413695127,0.0011209999999999276,0.3388242650509692,99.99108513216893,0.012326999999999977,0.08339220605894732,0.0,-135.00273954502862,0.18511076150311112,14.856978639811778,14.896864328291414,29.713957279623557,1.0390000343322756,2.220446049250313e-16,2.958227875139278e-31,1.479113937569639e-31,1.0390000343322754,1.0390000343322754,4330,1.0390000343322756,0.9904652426541186,0.003659777124539687
79,45,30,1000,1,1.0,79_45_30_1000_1,current,True,2.880023,0.270026494,3.150001,,True,True,True,0.269978,4.849400000001003e-05,transfer,8648.836757044453,0.0012840000000000629,0.3556179465157425,8648.836757044453,0.0012840000000000629,0.3556179465157425,99.97449331109071,0.012163999999999953,0.08772345430387712,0.0,-135.0199699031168,0.14935535174872425,14.878385269605317,14.691981428980615,29.756770539210635,1.0350065281407832,0.005144485144352039,0.025450545526831757,0.012725272763415878,1.0190000534057617,1.0390000343322754,4312,1.0350065281407832,0.9918923513070211,0.020890135212709993
79,90,30,1000,0,1.0,79_90_30_1000_0,current,True,2.440612,0.28983333333333333,2.730319994,,True,True,True,0.289707994,0.0001253393333333075,transfer,8638.325491118174,0.0013219999999999898,0.3289011327348958,8638.325491118174,0.0013219999999999898,0.3289011327348958,100.02894955481233,0.012437999999999949,0.08766974971030067,0.0,180.0,0.0,14.85521491670951,14.834063205704972,29.71042983341902,1.0147904372383358,0.004937180883513404,0.01629395889754475,0.008146979448772376,1.0089999437332153,1.0190000534057617,4252,1.0147904372383358,0.9903476611139673,0.0009202320959502686
79,90,30,1000,1,1.0,79_90_30_1000_1,current,True,2.878267,0.30086045233333336,3.1791,,True,True,True,0.300833,2.7452333333344292e-05,transfer,8623.736108400628,0.0010829999999999451,0.3392492232772171,8623.736108400628,0.0010829999999999451,0.3392492232772171,99.98964916535033,0.012096000000000107,0.09014236598327505,0.0,180.0,0.0,14.93899813395701,15.033169531664125,29.87799626791402,1.0095168360687097,0.002214001435715304,0.005882098605031433,0.0029410493025157163,1.0089999437332153,1.0190000534057617,4296,1.0095168360687097,0.9959332089304673,0.0009202320959502686
79,135,30,500,0,0.5,79_135_30_500_0,current,True,2.880285,0.2892994676666667,3.169471,,True,True,True,0.289186,0.00011346766666670005,transfer,8643.257381160334,0.0012739999999999974,0.3369362556201497,8643.257381160334,0.0012739999999999974,0.3369362556201497,99.99686226854466,0.012692000000000148,0.09161994070342415,0.0,134.98498788568196,0.16563683484147873,14.877165687163798,14.858056337190183,29.754331374327595,0.5055611380298137,0.004968407297751628,0.029622110206017963,0.014811055103008982,0.5,0.5099999904632568,4333,1.0111222760596275,0.9918110458109198,0.015932346413933374
79,135,30,500,1,0.5,79_135_30_500_1,current,True,2.8591870000000004,0.29033333333333333,3.149503091,,True,True,True,0.290316091,1.7242333333333804e-05,transfer,8631.990253741427,0.001286999999999594,0.3546823141823989,8631.990253741427,0.001286999999999594,0.3546823141823989,100.0075665548889,0.012356000000000034,0.09407255502140802,0.0,134.976164258536,0.1269658434161542,15.017317479317104,15.172438635346765,30.034634958634207,0.5063718405900002,0.004808117368473948,0.027741613195273362,0.013870806597636681,0.5,0.5099999904632568,4275,1.0127436811800004,1.0011544986211403,0.02475597355987702
79,135,30,1000,0,1.0,79_135_30_1000_0,current,True,2.2001220000000004,0.29983333333333334,2.499837073,,True,True,True,0.299715073,0.00011826033333334207,transfer,8605.371713645505,0.001343999999999998,0.35713078143596555,8605.371713645505,0.001343999999999998,0.35713078143596555,99.99972809741605,0.012318999999999969,0.09171663022559796,0.0,134.98819099500815,0.13596884548154264,15.007601415835888,15.074316035277326,30.015202831671775,1.0054310440594356,0.004879734869221572,0.02770170548947191,0.013850852744735955,1.0,1.0190000534057617,4363,1.0054310440594356,1.000506761055726,0.012729237087796719
79,135,30,1000,1,1.0,79_135_30_1000_1,current,True,2.8602339999999997,0.30883333333333335,3.16896261,,True,True,True,0.30872861,0.00010472333333333417,transfer,8594.399453490949,0.0011499999999999844,0.35951276387399866,8594.399453490949,0.0011499999999999844,0.35951276387399866,100.01619030411959,0.012289999999999912,0.08449203324596836,0.0,134.9958532187586,0.14774569842647622,15.157514738759598,15.304808121299448,30.315029477519197,1.004938797123114,0.00447852422060129,0.026268058548586583,0.013134029274293291,1.0,1.0089999437332153,4210,1.004938797123114,1.0105009825839733,0.005067013337338722
79,180,30,500,0,0.5,79_180_30_500_0,current,True,2.870038,0.3001666666666667,3.17011863,,True,True,True,0.30008063,8.603666666667786e-05,transfer,8706.017613381033,0.0012769999999999726,0.3130780122092865,8706.017613381033,0.0012769999999999726,0.3130780122092865,99.99409391609034,0.012198000000000153,0.09400906222839979,0.0,90.0,0.0,14.901311459692534,14.922638027691697,29.80262291938507,0.47999998927116394,0.0,0.0,0.0,0.47999998927116394,0.47999998927116394,4332,0.9599999785423279,0.9934207639795023,0.0009202320959502686
79,180,30,500,1,0.5,79_180_30_500_1,current,True,2.8899660000000003,0.290573908,3.180501,,True,True,True,0.290535,3.890800000000416e-05,transfer,8633.368601554233,0.002079000000000001,0.37562790980031235,8633.368601554233,0.002079000000000001,0.37562790980031235,99.97144090708589,0.012515999999999972,0.09335157966799182,0.0,90.0,0.0,14.82674954722135,14.882469122822275,29.6534990944427,0.479999989271164,5.551115123125783e-17,9.244462127351515e-32,4.6222310636757577e-32,0.47999998927116394,0.47999998927116394,4340,0.959999978542328,0.9884499698147567,0.0009202320959502686
79,180,30,1000,0,1.0,79_180_30_1000_0,current,True,2.350644,0.2795,2.630141527,,True,True,True,0.279497527,2.473000000002834e-06,transfer,8644.773247003639,0.0013779999999998793,0.35111268178614374,8644.773247003639,0.0013779999999998793,0.35111268178614374,99.98229052683924,0.012023000000000117,0.08676272099825101,0.0,90.0,0.0,14.863367692712968,14.876332569183955,29.726735385425936,0.9688283027436735,0.0032162673746223705,0.007564453631279879,0.0037822268156399393,0.9599999785423279,0.9700000286102295,4327,0.9688283027436735,0.9908911795141979,0.0009202320959502686
79,180,30,1000,1,1.0,79_180_30_1000_1,current,True,1.760461,0.2893161026666667,2.049757,,True,True,True,0.289296,2.010266666668814e-05,transfer,8601.825011352728,0.0017810000000000013,0.3677669573383034,8601.825011352728,0.0017810000000000013,0.3677669573383034,100.01365683559715,0.012380999999999975,0.08925054384058005,0.0,90.0,0.0,14.893215241023494,14.853106035873413,29.78643048204699,0.960447574116667,0.0020677611939959152,0.005130738575534314,0.002565369287767157,0.9599999785423279,0.9700000286102295,4224,0.960447574116667,0.992881016068233,0.0009202320959502686
79,225,30,500,0,0.5,79_225_30_500_0,current,True,2.871422,0.279,3.150382596,,True,True,True,0.278960596,3.9404000000020645e-05,transfer,8627.770814274514,0.0010940000000001504,0.3544998680002444,8627.770814274514,0.0010940000000001504,0.3544998680002444,100.0043861572876,0.012143000000000015,0.09434468631461143,0.0,45.02068175645267,0.1588038726258958,14.819099194985066,14.882463645424874,29.638198389970132,0.46076671569252015,0.0015094290629030084,0.0025890023184021137,0.0012945011592010568,0.45100000500679016,0.460999995470047,4296,0.9215334313850403,0.9879399463323377,0.019761524356681548
79,225,30,500,1,0.5,79_225_30_500_1,current,True,2.879911,0.2801666666666667,3.159984069,,True,True,True,0.280073069,9.359766666666713e-05,transfer,8627.587284776862,0.0010930000000000106,0.34900753083524516,8627.587284776862,0.0010930000000000106,0.34900753083524516,100.0330518563151,0.012557000000000151,0.09358452443408771,0.0,45.019436218558994,0.1410033304303539,14.793306871050778,14.884848588476652,29.586613742101555,0.460999995470047,0.0,0.0,0.0,0.460999995470047,0.460999995470047,4247,0.921999990940094,0.9862204580700519,0.018515986463057743
79,225,30,1000,0,1.0,79_225_30_1000_0,current,True,2.8702430000000003,0.300624344,3.170761,,True,True,True,0.300518,0.00010634399999998045,transfer,8627.401813945502,0.001306999999999947,0.360020482405315,8627.401813945502,0.001306999999999947,0.360020482405315,99.99806455358929,0.01242299999999985,0.09082039497753842,0.0,45.029420142627515,0.15565410138941896,14.99955325913918,15.14454159395269,29.99910651827836,0.946762719245434,0.004941475601310706,0.02930184003851555,0.014650920019257775,0.9409999847412109,0.9509999752044678,4287,0.946762719245434,0.9999702172759454,0.028499910531536443
79,225,30,1000,1,1.0,79_225_30_1000_1,current,True,2.8801140000000003,0.2906666666666667,3.170629813,,True,True,True,0.290515813,0.00015085366666667266,transfer,8668.812421012932,0.0010330000000000616,0.3243437676051571,8668.812421012932,0.0010330000000000616,0.3243437676051571,100.0211775044452,0.01234399999999991,0.08718444868891702,0.0,45.032361178184324,0.12455698550051142,14.899036704441077,14.768050225547478,29.798073408882154,0.945240354030609,0.004941955154005118,0.02930752837859222,0.01465376418929611,0.9409999847412109,0.9509999752044678,4322,0.945240354030609,0.9932691136294051,0.031440946088423516
79,270,30,500,0,0.5,79_270_30_500_0,current,True,1.969988,0.9504081796666667,2.920284,,True,True,True,0.950296,0.00011217966666665635,transfer,8665.410657082995,0.001350999999999991,0.35075729309578785,8665.410657082995,0.001350999999999991,0.35075729309578785,99.98768480128548,0.012437000000000031,0.09550077284543872,0.0,0.0,0.0,15.12995354144325,15.303266722222952,30.2599070828865,0.48024663310433435,0.0015510029495918302,0.0028867275303000265,0.0014433637651500133,0.47999998927116394,0.49000000953674316,4340,0.9604932662086687,1.00866356942955,0.0009202320959502686
79,270,30,500,1,0.5,79_270_30_500_1,current,True,2.2818169999999998,0.8991552833333334,3.180827,,True,True,True,0.89901,0.00014528333333341248,transfer,8688.56122780445,0.0011579999999999924,0.3368057529109355,8688.56122780445,0.0011579999999999924,0.3368057529109355,99.99184817190857,0.012563000000000102,0.09343035872331021,0.0,0.0,0.0,14.993740021099095,15.200901169680671,29.98748004219819,0.47999998927116394,0.0,0.0,0.0,0.47999998927116394,0.47999998927116394,4331,0.9599999785423279,0.999582668073273,0.0009202320959502686
79,270,30,1000,0,1.0,79_270_30_1000_0,current,True,2.88963,0.29,3.179495688,,True,True,True,0.289865688,0.0001343119999999698,transfer,8596.482614144361,0.001379000000000019,0.36522736394170363,8596.482614144361,0.001379000000000019,0.36522736394170363,100.00821704941254,0.012504999999999988,0.093766960804205,0.0,0.0,0.0,14.869087414804582,14.890875639961227,29.738174829609164,0.9603793404417038,0.0019104247006661392,-0.003986187410923415,-0.0019930937054617073,0.9599999785423279,0.9700000286102295,4218,0.9603793404417038,0.9912724943203055,0.0009202320959502686
79,270,30,1000,1,1.0,79_270_30_1000_1,current,True,2.890917,0.2892045436666667,3.180112,,True,True,True,0.289195,9.543666666722572e-06,transfer,8650.980727960967,0.0015770000000001616,0.3595967422589922,8650.980727960967,0.0015770000000001616,0.3595967422589922,99.97625197533723,0.012416999999999678,0.08880957074922902,0.0,0.0,0.0,14.92958301106968,14.950460959658255,29.85916602213936,0.9599999785423279,0.0,0.0,0.0,0.9599999785423279,0.9599999785423279,4341,0.9599999785423279,0.995305534071312,0.0009202320959502686
79,315,30,500,0,0.5,79_315_30_500_0,current,True,2.879275,0.2802563516666667,3.159411,,True,True,True,0.280136,0.00012035166666668484,transfer,8634.148212857539,0.0014009999999999856,0.3623592202701256,8634.148212857539,0.0014009999999999856,0.3623592202701256,100.02062008678035,0.01214000000000004,0.08843466784825116,0.0,-44.988242624467254,0.14905813846338697,14.714035174768314,14.762533802008258,29.42807034953663,0.4900000095367432,5.551115123125783e-17,7.395568968562204e-32,3.697784484281102e-32,0.49000000953674316,0.49000000953674316,4315,0.9800000190734864,0.9809356783178876,0.01083714343678821
79,315,30,500,1,0.5,79_315_30_500_1,current,True,2.878963,0.29083333333333333,3.169719585,,True,True,True,0.290756585,7.674833333332076e-05,transfer,8658.435084750583,0.0009700000000001374,0.32555072931806467,8658.435084750583,0.0009700000000001374,0.32555072931806467,99.99870969406847,0.01277000000000017,0.09105968514681995,0.0,-44.9808225529009,0.10131644117437869,14.910358784565618,14.900858628761295,29.820717569131237,0.49000000953674316,0.0,0.0,0.0,0.49000000953674316,0.49000000953674316,4331,0.9800000190734863,0.9940239189710413,0.018257215003131932
79,315,30,1000,0,1.0,79_315_30_1000_0,current,True,1.4695,0.30033333333333334,1.769816617,,True,True,True,0.300316617,1.671633333333311e-05,transfer,8637.854281268043,0.0011519999999998198,0.3292406173291301,8637.854281268043,0.0011519999999998198,0.3292406173291301,99.98445989333038,0.012324000000000002,0.09511758378892327,0.0,-44.99331486411657,0.12078122189447807,14.953666521169767,15.01916204333652,29.907333042339534,0.9897663497595788,0.001510628561833373,0.0026613137279277404,0.0013306568639638702,0.9800000190734863,0.9900000095367432,4341,0.9897663497595788,0.9969111014113178,0.005764903787508047
79,315,30,1000,1,1.0,79_315_30_1000_1,current,True,2.881068,0.2799349266666667,3.160966,,True,True,True,0.279898,3.6926666666714514e-05,transfer,8652.766585909465,0.001358999999999888,0.3557116508235798,8652.766585909465,0.001358999999999888,0.3557116508235798,99.99410591926987,0.012483999999999995,0.09605678935880614,0.0,-45.01390148079702,0.09932429635969123,14.848762370383417,15.129170318694735,29.697524740766834,0.9889209838991164,0.003102571475279901,0.008515359507251567,0.004257679753625784,0.9800000190734863,0.9900000095367432,4328,0.9889209838991164,0.9899174913588945,0.014821712892967298
79,45,50,500,0,0.5,79_45_50_500_0,current,True,1.679986,0.29,1.969953404,,True,True,True,0.289967404,3.259599999999585e-05,transfer,8662.073265839506,0.0012249999999998096,0.33994149899116566,8662.073265839506,0.0012249999999998096,0.33994149899116566,100.06524616276948,0.012064000000000075,0.08934262039270656,0.0,-135.00291651498884,0.10972782856769925,24.579167598137776,24.54846784633578,49.15833519627555,0.5380939255917072,0.0028704629734188267,0.003983452414581675,0.0019917262072908374,0.5289999842643738,0.5389999747276306,4361,1.0761878511834144,0.983166703925511,0.0038367470847617824
79,45,50,500,1,0.5,79_45_50_500_1,current,True,1.6692850000000001,0.3001677266666667,1.969308,,True,True,True,0.300023,0.00014472666666670575,transfer,8557.00752523796,0.001886999999999972,0.39737691768019995,8557.00752523796,0.001886999999999972,0.39737691768019995,99.95481680453044,0.012629999999999919,0.10148059182046214,0.0,-134.9982739220804,0.08893268518433357,24.756173591729752,24.951966777786254,49.512347183459504,0.5367275435614586,0.004190506721762647,-1.1730072355159598e-05,-5.865036177579799e-06,0.5289999842643738,0.5389999747276306,4142,1.0734550871229172,0.9902469436691901,0.0008058458236916977
79,45,50,1000,0,1.0,79_45_50_1000_0,current,True,1.660917,0.30942073733333336,1.970267,,True,True,True,0.30935,7.07373333333483e-05,transfer,8615.235949272204,0.0013839999999998298,0.35919714002962255,8615.235949272204,0.0013839999999998298,0.35919714002962255,100.03671030409804,0.012221000000000037,0.09187434688232612,0.0,-134.98952517911894,0.0460512433826068,24.842351039165873,24.830749250712365,49.684702078331746,1.0390000343322752,2.2204460492503128e-16,3.6977848042916066e-31,1.8488924021458033e-31,1.0390000343322754,1.0390000343322754,4266,1.0390000343322752,0.9936940415666349,0.00955458878513582
79,45,50,1000,1,1.0,79_45_50_1000_1,current,True,1.4709949999999998,0.48966666666666664,1.960573816,,True,True,True,0.489578816,8.785066666661123e-05,transfer,8567.8004362888,0.0013430000000000941,0.36015004021186514,8567.8004362888,0.0013430000000000941,0.36015004021186514,100.02277574893678,0.012239,0.09784397762822963,0.0,-135.00590608073216,0.08772048828588197,24.915062477711345,25.419967309657558,49.83012495542269,1.0341781355974677,0.00499682238568945,-0.02717849652944408,-0.01358924826472204,1.0290000438690186,1.0390000343322754,4287,1.0341781355974677,0.9966024991084538,0.006826312828081882
79,90,50,1000,0,1.0,79_90_50_1000_0,current,True,1.659647,0.3001779406666667,1.959696,,True,True,True,0.300049,0.00012894066666668813,transfer,8593.368216158464,0.0014180000000000303,0.36024754333489123,8593.368216158464,0.0014180000000000303,0.36024754333489123,100.01552414874831,0.01195500000000016,0.09393157945059961,0.0,180.0,0.0,25.20819889192102,25.343352060981097,50.41639778384204,1.0175716942403714,0.007928190853211796,0.050858742890512544,0.025429371445256272,1.0089999437332153,1.0290000438690186,4316,1.0175716942403714,1.0083279556768407,0.0009202320959502686
79,90,50,1000,1,1.0,79_90_50_1000_1,current,True,1.6695509999999998,0.300013655,1.969442,,True,True,True,0.299891,0.00012265499999997154,transfer,8618.908225414665,0.0012769999999999726,0.3652709984830419,8618.908225414665,0.0012769999999999726,0.3652709984830419,100.03161868990765,0.012062000000000017,0.0865439265880462,0.0,180.0,0.0,24.97988687817841,25.13172631332618,49.95977375635682,1.0141548260512352,0.00566130775417942,0.03325921190450033,0.016629605952250166,1.0089999437332153,1.0290000438690186,4256,1.0141548260512352,0.9991954751271364,0.0009202320959502686
79,135,50,500,0,0.5,79_135_50_500_0,current,True,1.688991,0.300117703,1.989102,,True,True,True,0.300111,6.702999999996795e-06,transfer,8583.741209563994,0.002814000000000011,0.3913124237821785,8583.741209563994,0.002814000000000011,0.3913124237821785,99.96969387208293,0.012197999999999987,0.08604415409210135,0.0,134.9927380678022,0.11747935129319842,24.740060552219937,24.79053449389498,49.480121104439874,0.5137450098693966,0.005854180397563926,0.034740757962884394,0.017370378981442197,0.5,0.5189999938011169,4240,1.0274900197387933,0.9896024220887975,0.008182164293657479
79,135,50,500,1,0.5,79_135_50_500_1,current,True,1.6693,0.32005490400000003,1.989211,,True,True,True,0.319911,0.000143904000000028,transfer,8624.902499041149,0.001166999999999696,0.3427806043081664,8624.902499041149,0.001166999999999696,0.3427806043081664,100.00301733241952,0.012147999999999826,0.09687970558746829,0.0,135.01506591213908,0.08589641060167987,24.78763434730328,24.87039397310402,49.57526869460656,0.5145551954646707,0.004972182808781828,0.029268154757880804,0.014634077378940402,0.5,0.5189999938011169,4338,1.0291103909293413,0.9915053738921311,0.014145680043156972
79,135,50,1000,0,1.0,79_135_50_1000_0,current,True,1.528057,0.44116666666666665,1.969067155,,True,True,True,0.441010155,0.00015651166666663663,transfer,8611.713262436413,0.0013480000000001269,0.34990809208932405,8611.713262436413,0.0013480000000001269,0.34990809208932405,100.03334444814939,0.012172000000000016,0.08250002077048856,0.0,135.0057696781164,0.09735089193905674,24.67795431812951,24.526400325521085,49.35590863625902,1.0087877250599862,0.0013656205010666009,0.0024746320880289748,0.0012373160440144874,1.0,1.0089999437332153,4332,1.0087877250599862,0.9871181727251803,0.004849446020443793
79,135,50,1000,1,1.0,79_135_50_1000_1,current,True,1.6792449999999999,0.3001772576666667,1.979404,,True,True,True,0.300159,1.8257666666687822e-05,transfer,8643.809005665991,0.002825,0.3992275041050681,8643.809005665991,0.002825,0.3992275041050681,100.03530657879251,0.012365999999999988,0.08619718946136232,0.0,134.9864061323433,0.0905358619394292,24.516052422888638,24.568377143687194,49.032104845777276,1.0067904245469173,0.0038734446323037824,0.019650932307848794,0.009825466153924397,1.0,1.0089999437332153,4258,1.0067904245469173,0.9806420969155455,0.014514099752659604
79,180,50,500,0,0.5,79_180_50_500_0,current,True,1.659662,0.3293752483333333,1.988884,,True,True,True,0.329222,0.00015324833333330012,transfer,8635.371354993993,0.0012260000000000014,0.3548847928597376,8635.371354993993,0.0012260000000000014,0.3548847928597376,99.99762337487047,0.012441999999999842,0.09318401247582625,0.0,90.0,0.0,25.07099749148994,25.80231337552158,50.14199498297988,0.4844238849030932,0.004966708508650089,0.02960176827790513,0.014800884138952565,0.47999998927116394,0.49000000953674316,4337,0.9688477698061864,1.0028398996595975,0.0009202320959502686
79,180,50,500,1,0.5,79_180_50_500_1,current,True,1.660947,0.32892255633333334,1.989789,,True,True,True,0.328842,8.05563333333148e-05,transfer,8590.142714468897,0.0012450000000000004,0.35893328758947357,8590.142714468897,0.0012450000000000004,0.35893328758947357,99.97005401535127,0.012078999999999951,0.09289830716717455,0.0,90.0,0.0,25.244868100513262,25.84294670744154,50.489736201026524,0.48442588490714633,0.004966940091500454,0.029604528350151985,0.014802264175075993,0.47999998927116394,0.49000000953674316,4228,0.9688517698142927,1.0097947240205305,0.0009202320959502686
79,180,50,1000,0,1.0,79_180_50_1000_0,current,True,1.658768,0.300602695,1.959368,,True,True,True,0.3006,2.6949999999970053e-06,transfer,8683.557474066822,0.0012010000000000076,0.3309518986556183,8683.557474066822,0.0012010000000000076,0.3309518986556183,99.96096978497941,0.01217299999999999,0.09037950379738681,0.0,90.0,0.0,24.82503181833732,24.779010996389648,49.65006363667464,0.9719555337072017,0.005091689683763836,0.027569214679973322,0.013784607339986661,0.9599999785423279,0.9800000190734863,4321,0.9719555337072017,0.9930012727334927,0.0009202320959502686
79,180,50,1000,1,1.0,79_180_50_1000_1,current,True,1.6618819999999999,0.2986666666666667,1.96047749,,True,True,True,0.29859549,7.117666666667244e-05,transfer,8581.112786396367,0.0012910000000001531,0.342889321123226,8581.112786396367,0.0012910000000001531,0.342889321123226,99.99851676841158,0.01219300000000012,0.09538563114396975,0.0,90.0,0.0,25.01669684773566,25.088024506519048,50.03339369547132,0.9654895379598933,0.005427763026324699,0.03235541926883667,0.016177709634418336,0.9599999785423279,0.9800000190734863,4272,0.9654895379598933,1.0006678739094264,0.0009202320959502686
79,225,50,500,0,0.5,79_225_50_500_0,current,True,1.649543,0.2996454436666667,1.949107,,True,True,True,0.299564,8.144366666668068e-05,transfer,8609.178652651346,0.0013530000000000486,0.36202367135703917,8609.178652651346,0.0013530000000000486,0.36202367135703917,99.95860868879646,0.012239,0.09163218206097204,0.0,45.00667124033713,0.07560692936114743,24.892979495110144,25.017055008142574,49.78595899022029,0.46495843624768657,0.004939353311707624,0.029151637726792322,0.014575818863396161,0.45100000500679016,0.4699999988079071,4321,0.9299168724953731,0.9957191798044057,0.0057510082411909025
79,225,50,500,1,0.5,79_225_50_500_1,current,True,1.678967,0.290058186,1.969004,,True,True,True,0.290037,2.1186000000006366e-05,transfer,8563.372735952085,0.0013720000000000399,0.36521663426569934,8563.372735952085,0.0013720000000000399,0.36521663426569934,100.00435363780923,0.012212999999999585,0.09668158773123191,0.0,45.00361624158324,0.07620787988781785,24.755047535906396,25.224787318604008,49.51009507181279,0.46456469879209994,0.0044017305713437566,0.025359887649061535,0.012679943824530767,0.460999995470047,0.4699999988079071,4333,0.9291293975841999,0.9902019014362559,0.0026960094872947593
79,225,50,1000,0,1.0,79_225_50_1000_0,current,True,1.199659,0.7898333333333334,1.989347249,,True,True,True,0.789688249,0.00014508433333337845,transfer,8631.694985045882,0.0014489999999999998,0.3340156921150979,8631.694985045882,0.0014489999999999998,0.3340156921150979,100.06948790733567,0.012329999999999952,0.0957349812783869,0.0,45.004355520158335,0.06597572200774375,24.606161050350632,24.657207114596098,49.212322100701265,0.9799110847313205,0.013586503683080843,0.09191172294381511,0.045955861471907555,0.9599999785423279,1.0,4369,0.9799110847313205,0.9842464420140253,0.0034352880624055615
79,225,50,1000,1,1.0,79_225_50_1000_1,current,True,1.678353,0.300549913,1.978867,,True,True,True,0.300514,3.591299999999853e-05,transfer,8634.579000142214,0.001068000000000069,0.32702708200134023,8634.579000142214,0.001068000000000069,0.32702708200134023,99.95439018141721,0.01218100000000022,0.0813388169613471,0.0,45.00549349959297,0.09395043667624918,24.519863344874405,24.611886949307994,49.03972668974881,0.947981340377152,0.006295580441278921,0.03900131067585669,0.019500655337928344,0.9409999847412109,0.9599999785423279,4319,0.947981340377152,0.9807945337949762,0.004573267496994049
79,270,50,500,0,0.5,79_270_50_500_0,current,True,1.670799,0.28933333333333333,1.96012262,,True,True,True,0.28932362,9.71333333332769e-06,transfer,8649.66503925558,0.0012820000000000054,0.34544895147935695,8649.66503925558,0.0012820000000000054,0.34544895147935695,100.09860391888299,0.01187999999999989,0.08469602200691911,0.0,0.0,0.0,24.87944093981385,25.008040038253355,49.7588818796277,0.4778972212765217,0.004075049282348921,0.008934041342967484,0.004467020671483742,0.4699999988079071,0.47999998927116394,4283,0.9557944425530434,0.9951776375925541,0.0009202320959502686
79,270,50,500,1,0.5,79_270_50_500_1,current,True,1.669638,0.28987490633333335,1.959427,,True,True,True,0.289789,8.590633333332987e-05,transfer,8599.710165820052,0.0012920000000000154,0.3541883553459222,8599.710165820052,0.0012920000000000154,0.3541883553459222,100.05202705406813,0.01190200000000008,0.08769960530611288,0.0,0.0,0.0,24.772701831759267,24.6531326543312,49.545403663518535,0.4771886419522763,0.0044955280702452145,0.010638683791356195,0.005319341895678098,0.4699999988079071,0.47999998927116394,4371,0.9543772839045526,0.9909080732703707,0.0009202320959502686
79,270,50,1000,0,1.0,79_270_50_1000_0,current,True,1.6605,0.2895,1.949934988,,True,True,True,0.289434988,6.501199999997542e-05,transfer,8637.759309087753,0.0015039999999999498,0.357296394203932,8637.759309087753,0.0015039999999999498,0.357296394203932,100.06048905582742,0.012600999999999973,0.09578313780324814,0.0,0.0,0.0,24.725038932895558,25.011950878321457,49.450077865791116,0.960296010024488,0.0016949026535014156,-0.0034472177019520852,-0.0017236088509760426,0.9599999785423279,0.9700000286102295,4305,0.960296010024488,0.9890015573158223,0.0009202320959502686
79,270,50,1000,1,1.0,79_270_50_1000_1,current,True,0.8489140000000001,0.3010275353333333,1.14985,,True,True,False,0.300936,9.153533333333685e-05,transfer,8680.351375557508,0.0009270000000000111,0.32555829837107997,8680.351375557508,0.0009270000000000111,0.32555829837107997,100.04019714708896,0.012348999999999943,0.09332183161535136,0.0,0.0,0.0,24.984993935102207,24.660896175339683,49.96998787020441,0.9599999785423281,2.220446049250313e-16,2.95822789816064e-31,1.47911394908032e-31,0.9599999785423279,0.9599999785423279,4334,0.9599999785423281,0.9993997574040883,0.0009202320959502686
79,315,50,500,0,0.5,79_315_50_500_0,current,True,1.658025,0.31083333333333335,1.968811574,,True,True,True,0.310786574,4.6759333333368236e-05,transfer,8666.353602101857,0.0013639999999999208,0.35115250572271456,8666.353602101857,0.0013639999999999208,0.35115250572271456,100.0364635074776,0.012036999999999853,0.08834122431345995,0.0,-45.014195523914246,0.09877745693964357,24.5738329228002,25.045062935164072,49.1476658456004,0.4915477947273254,0.0036169321460053834,0.012402507454112947,0.0062012537270564735,0.49000000953674316,0.5,4358,0.9830955894546508,0.982953316912008,0.015115756010118275
79,315,50,500,1,0.5,79_315_50_500_1,current,True,1.240056,0.3201581233333334,1.560203,,True,True,True,0.320147,1.1123333333362684e-05,transfer,8601.166410859025,0.0012670000000000181,0.3680801185696146,8601.166410859025,0.0012670000000000181,0.3680801185696146,100.00171174101177,0.011915000000000009,0.08751197853373624,0.0,-44.99907209967876,0.08769059105463839,24.913356721809436,25.0305974741584,49.82671344361887,0.4907106655256748,0.002569342557419794,0.007921887487291057,0.003960943743645529,0.49000000953674316,0.5,4324,0.9814213310513497,0.9965342688723774,7.668225293855357e-06
79,315,50,1000,0,1.0,79_315_50_1000_0,current,True,1.6601,0.28936032666666667,1.949336,,True,True,True,0.289236,0.00012432666666667425,transfer,8674.640865078061,0.0012780000000000014,0.3416530045776683,8674.640865078061,0.0012780000000000014,0.3416530045776683,99.96191496271557,0.01243800000000006,0.09395618747271567,0.0,-44.99237037268143,0.10553287142231227,24.824149962943,24.744239714655418,49.648299925886,0.9898042530567647,0.002709483098000965,0.008094161268626901,0.0040470806343134505,0.9800000190734863,1.0,4295,0.9898042530567647,0.99296599851772,0.0067093952226287
79,315,50,1000,1,1.0,79_315_50_1000_1,current,True,1.670575,0.298872268,1.969434,,True,True,True,0.298859,1.3268000000010716e-05,transfer,8699.941620241936,0.0012539999999998663,0.3614331575558205,8699.941620241936,0.0012539999999998663,0.3614331575558205,100.02380657115675,0.012229999999999963,0.09431269476900613,0.0,-45.00425644589251,0.08665704473776542,24.884404950385214,25.026810173295523,49.76880990077043,0.9895333499817849,0.002109222595872042,0.005186740536235805,0.0025933702681179027,0.9800000190734863,0.9900000095367432,4344,0.9895333499817849,0.9953761980154086,0.005176677988401934
82,45,30,500,0,0.5,82_45_30_500_0,current,True,2.879342,0.2998888026666667,3.179176,,True,True,True,0.299834,5.480266666668676e-05,transfer,8633.87483862328,0.0012020000000001474,0.358253115379724,8633.87483862328,0.0012020000000001474,0.358253115379724,100.00947148524065,0.01231099999999996,0.09268405030835246,0.0,-135.0141667785736,0.17081765258731138,14.852459534224668,14.90683993657961,29.704919068449335,0.5372942196877002,0.003761373934576028,0.016977534730401162,0.008488767365200581,0.5289999842643738,0.5389999747276306,4259,1.0745884393754004,0.9901639689483112,0.01508701066953222
82,45,30,500,1,0.5,82_45_30_500_1,current,True,2.86968,0.2897474406666667,3.159293,,True,True,True,0.289613,0.00013444066666667975,transfer,8624.875246136002,0.0014190000000002811,0.3513699675251086,8624.875246136002,0.0014190000000002811,0.3513699675251086,99.97672096291947,0.012664000000000009,0.09609409383001881,0.0,-135.02007228613687,0.12555422327129406,14.848960112094126,14.658876137783448,29.697920224188252,0.5375324894604683,0.003538548525491018,0.014761539723690155,0.007380769861845078,0.5289999842643738,0.5389999747276306,4283,1.0750649789209366,0.9899306741396084,0.020992518232787916
82,45,30,1000,0,1.0,82_45_30_1000_0,current,True,2.8605650000000002,0.2996666666666667,3.160127827,,True,True,True,0.299562827,0.00010383966666671629,transfer,8666.61643391016,0.0013300000000000534,0.3441241562367318,8666.61643391016,0.0013300000000000534,0.3441241562367318,100.04192372698118,0.01219400000000001,0.09383652177923699,0.0,-134.99202893158605,0.09745409833981282,14.880584583129655,14.937707112428148,29.76116916625931,1.055405287750443,0.004076715917143837,0.02050224585680638,0.01025112292840319,1.0490000247955322,1.0579999685287476,4341,1.055405287750443,0.9920389722086437,0.007050836318029496
82,45,30,1000,1,1.0,82_45_30_1000_1,current,True,2.880766,0.2787191446666667,3.159468,,True,True,True,0.278702,1.714466666669079e-05,transfer,8690.471905996254,0.0010609999999999786,0.31081540313090134,8690.471905996254,0.0010609999999999786,0.31081540313090134,100.01621963913796,0.012186999999999948,0.08963880950488544,0.0,-134.97097275015494,0.11128493859503408,14.74989002878211,14.623705389753828,29.49978005756422,1.0538373614388306,0.00466268178053095,0.026345650839601997,0.013172825419800999,1.0390000343322754,1.0579999685287476,4338,1.0538373614388306,0.9833260019188074,0.02810701774913582
82,90,30,1000,0,1.0,82_90_30_1000_0,current,True,2.139904,1.0503690213333334,3.19027,,True,True,True,1.050366,3.0213333335193937e-06,transfer,8642.368351287181,0.0012179999999999414,0.33015552167332535,8642.368351287181,0.0012179999999999414,0.33015552167332535,100.01545693425346,0.012197000000000013,0.09042493686813441,0.0,180.0,0.0,15.078570478236273,15.030457343401665,30.157140956472546,1.0331995431973935,0.004935499835394709,-0.027646333769999393,-0.013823166884999696,1.0290000438690186,1.0390000343322754,4250,1.0331995431973935,1.0052380318824181,0.0009202320959502686
82,90,30,1000,1,1.0,82_90_30_1000_1,current,True,2.879409,0.2902354066666667,3.169629,,True,True,True,0.29022,1.5406666666717417e-05,transfer,8694.638667333576,0.0012249999999998096,0.3206473648590827,8694.638667333576,0.0012249999999998096,0.3206473648590827,100.00035190739675,0.012719000000000147,0.09498129816243411,0.0,180.0,0.0,14.880120601315511,14.999998092651367,29.760241202631022,1.0215513181381624,0.005911366950567838,0.0347369143690642,0.0173684571845321,1.0089999437332153,1.0290000438690186,4342,1.0215513181381624,0.9920080400877007,0.0009202320959502686
82,135,30,500,0,0.5,82_135_30_500_0,current,True,2.890238,0.289,3.179171297,,True,True,True,0.288933297,6.670300000000129e-05,transfer,8618.51749207872,0.0011399999999999744,0.3387894955601879,8618.51749207872,0.0011399999999999744,0.3387894955601879,100.02874726460978,0.012359999999999705,0.09240990119214368,0.0,135.0031525584412,0.19801400928999158,14.947793547866166,14.934214292426248,29.89558709573233,0.5289999842643738,0.0,0.0,0.0,0.5289999842643738,0.5289999842643738,4303,1.0579999685287476,0.9965195698577444,0.0022323263452790343
82,135,30,500,1,0.5,82_135_30_500_1,current,True,2.7602729999999998,0.2891666666666667,3.049287287,,True,True,True,0.289014287,0.0001523796666667021,transfer,8634.276226584765,0.001635,0.3702234325002333,8634.276226584765,0.001635,0.3702234325002333,100.00709727787132,0.012314999999999965,0.09218160363275642,0.0,135.00934549378175,0.13658066960753956,14.741685116737253,14.730202314232809,29.483370233474506,0.5289999842643738,0.0,0.0,0.0,0.5289999842643738,0.5289999842643738,4265,1.0579999685287476,0.9827790077824835,0.008425261685829355
82,135,30,1000,0,1.0,82_135_30_1000_0,current,True,2.8798060000000003,0.290076899,3.169776,,True,True,True,0.28997,0.00010689899999999364,transfer,8573.150465221886,0.0012970000000001036,0.3503326689560749,8573.150465221886,0.0012970000000001036,0.3503326689560749,100.02227081981698,0.012666999999999984,0.0881255235792451,0.0,134.9990194180506,0.10572717493383266,15.10055461720534,15.206108994362143,30.20110923441068,1.0435418300008774,0.00497895626379157,0.027253303376431032,0.013626651688215516,1.0390000343322754,1.0490000247955322,4294,1.0435418300008774,1.0067036411470227,0.0019008140452569933
82,135,30,1000,1,1.0,82_135_30_1000_1,current,True,2.879716,0.3002126466666667,3.179843,,True,True,True,0.300127,8.564666666671661e-05,transfer,8625.364883786548,0.0012360000000000149,0.34991228856808787,8625.364883786548,0.0012360000000000149,0.34991228856808787,100.01205423879534,0.012243000000000004,0.0908348726667406,0.0,134.99622428896248,0.1398671642244707,14.814452246459963,14.836465828734768,29.628904492919926,1.0390000343322754,0.0,0.0,0.0,1.0390000343322754,1.0390000343322754,4284,1.0390000343322754,0.9876301497639975,0.004695943133469882
82,180,30,500,0,0.5,82_180_30_500_0,current,True,2.879187,0.31083333333333335,3.189941901,,True,True,True,0.310754901,7.843233333337807e-05,transfer,8601.803482077063,0.0010019999999999474,0.3374276305443892,8601.803482077063,0.0010019999999999474,0.3374276305443892,99.9927864441451,0.012291000000000052,0.08849760050483735,0.0,90.0,0.0,15.043006615916024,15.028410465167127,30.086013231832048,0.5043155892176627,0.004952932537836007,-0.029437872948436774,-0.014718936474218387,0.5,0.5099999904632568,4280,1.0086311784353255,1.002867107727735,0.0009202320959502686
82,180,30,500,1,0.5,82_180_30_500_1,current,True,2.890092,0.29049600633333333,3.180574,,True,True,True,0.290482,1.4006333333316245e-05,transfer,8675.13489570161,0.0012140000000000484,0.332273590049308,8675.13489570161,0.0012140000000000484,0.332273590049308,99.98003322728239,0.01254400000000011,0.098011496591409,0.0,90.0,0.0,14.954655533087687,15.195725033293606,29.909311066175373,0.5057500578496456,0.0049434156597802,-0.029324854061472703,-0.014662427030736351,0.5,0.5099999904632568,4305,1.011500115699291,0.9969770355391792,0.0009202320959502686
82,180,30,1000,0,1.0,82_180_30_1000_0,current,True,2.879389,0.29057627999999996,3.169938,,True,True,True,0.290549,2.727999999996289e-05,transfer,8655.667468101125,0.0015209999999999946,0.3526851193394121,8655.667468101125,0.0015209999999999946,0.3526851193394121,100.0076321614018,0.012402000000000246,0.09240162380360507,0.0,90.0,0.0,14.859285091707568,14.904560037400824,29.718570183415135,1.0154312042657139,0.004790845292934389,-0.027542331830317932,-0.013771165915158966,1.0089999437332153,1.0190000534057617,4319,1.0154312042657139,0.9906190061138378,0.0009202320959502686
82,180,30,1000,1,1.0,82_180_30_1000_1,current,True,2.890269,0.2895,3.179668672,,True,True,True,0.289399672,0.00010032799999998288,transfer,8679.073041495769,0.0012020000000000008,0.3272151365868875,8679.073041495769,0.0012020000000000008,0.3272151365868875,100.0149437532918,0.012284000000000073,0.09237706507108649,0.0,90.0,0.0,15.054094571893483,15.03572776510477,30.108189143786966,1.0126214034502505,0.00480624841877242,-0.027194251387063495,-0.013597125693531747,1.0089999437332153,1.0190000534057617,4343,1.0126214034502505,1.003606304792899,0.0009202320959502686
82,225,30,500,0,0.5,82_225_30_500_0,current,True,2.869096,0.3006666666666667,3.169663667,,True,True,True,0.300567667,9.899966666671034e-05,transfer,8559.719416072685,0.001253,0.3676408353313121,8559.719416072685,0.001253,0.3676408353313121,100.02811601098688,0.012372999999999967,0.08789720414762518,0.0,45.010474107501956,0.11226172513244415,14.81848331008176,14.791543573278046,29.63696662016352,0.5066473903272152,0.00472080943433894,-0.026743271992062743,-0.013371635996031372,0.5,0.5099999904632568,4262,1.0132947806544303,0.987898887338784,0.009553875406027146
82,225,30,500,1,0.5,82_225_30_500_1,current,True,2.869441,0.2913484273333333,3.160647,,True,True,True,0.291206,0.00014242733333330593,transfer,8614.921524761774,0.0012840000000000629,0.35909162577730974,8614.921524761774,0.0012840000000000629,0.35909162577730974,100.04027937564335,0.012276999999999982,0.08764819632876084,0.0,45.009036305182335,0.11023422053423672,14.91705269144243,15.169148897434718,29.83410538288486,0.5080581508570711,0.004317389445067659,-0.02136575660130533,-0.010682878300652666,0.5,0.5189999938011169,4298,1.0161163017141421,0.9944701794294953,0.008116073086398501
82,225,30,1000,0,1.0,82_225_30_1000_0,current,True,2.871858,0.289550681,3.161291,,True,True,True,0.289433,0.0001176809999999806,transfer,8647.243114378844,0.0013159999999999838,0.34910916394052904,8647.243114378844,0.0013159999999999838,0.34910916394052904,99.99906159238387,0.012307000000000012,0.09108280005458555,0.0,45.023002041101535,0.11998180721992924,14.98360558170337,14.98146058862234,29.96721116340674,1.0145800349308252,0.004966297029504601,-0.029596596803728996,-0.014798298401864498,1.0089999437332153,1.0190000534057617,4275,1.0145800349308252,0.9989070387802247,0.02208180900561274
82,225,30,1000,1,1.0,82_225_30_1000_1,current,True,2.878486,0.30083333333333334,3.179244739,,True,True,True,0.300758739,7.459433333334431e-05,transfer,8607.434148950395,0.001553,0.37660103471580875,8607.434148950395,0.001553,0.37660103471580875,100.02097213931954,0.012290000000000023,0.0899647785479688,0.0,45.00333647353066,0.1707203178478096,14.867633343992601,14.913767849136937,29.735266687985202,1.0137860495564142,0.004995475371327889,-0.02942104789585863,-0.014710523947929315,1.0089999437332153,1.0190000534057617,4300,1.0137860495564142,0.9911755562661734,0.002416241434730182
82,270,30,500,0,0.5,82_270_30_500_0,current,True,2.030798,0.28983333333333333,2.320576179,,True,True,True,0.289778179,5.5154333333307104e-05,transfer,8630.0521049247,0.0012030000000000651,0.3555029700468751,8630.0521049247,0.0012030000000000651,0.3555029700468751,99.97613472912917,0.012615000000000043,0.08863896587488236,0.0,0.0,0.0,14.739721199982014,14.765238852881183,29.47944239996403,0.5430056291980943,0.0098779328022581,-0.06521848938675943,-0.03260924469337972,0.5289999842643738,0.5590000152587891,4330,1.0860112583961885,0.982648079998801,0.0009202320959502686
82,270,30,500,1,0.5,82_270_30_500_1,current,True,2.8890730000000002,0.29058313133333336,3.179612,,True,True,True,0.290539,4.413133333336372e-05,transfer,8597.506017316866,0.0013499999999999623,0.3628580728142483,8597.506017316866,0.0013499999999999623,0.3628580728142483,100.00249273075721,0.012104999999999921,0.09086886474722988,0.0,0.0,0.0,14.885042819790288,14.94328965872742,29.770085639580575,0.5448185706020792,0.009657052659649246,-0.06356858036819467,-0.031784290184097334,0.5289999842643738,0.5590000152587891,4340,1.0896371412041583,0.9923361879860192,0.0009202320959502686
82,270,30,1000,0,1.0,82_270_30_1000_0,current,True,2.4303839999999997,0.2901666666666667,2.720504207,,True,True,True,0.290120207,4.645966666666501e-05,transfer,8663.394113893815,0.0011779999999999013,0.3338541170445268,8663.394113893815,0.0011779999999999013,0.3338541170445268,100.01912902292683,0.012306000000000039,0.08851307475878659,0.0,0.0,0.0,14.9178724431287,14.91754827282017,29.8357448862574,1.0526557508092325,0.010355676624575509,-0.06877699934786578,-0.03438849967393289,1.0390000343322754,1.0679999589920044,4330,1.0526557508092325,0.9945248295419133,0.0009202320959502686
82,270,30,1000,1,1.0,82_270_30_1000_1,current,True,1.790779,0.29,2.08077743,,True,True,True,0.28999843,1.5700000000062886e-06,transfer,8665.187809504894,0.0016970000000000596,0.33414440943334206,8665.187809504894,0.0016970000000000596,0.33414440943334206,99.99301218423625,0.012307000000000068,0.08691667653468815,0.0,0.0,0.0,14.952184575767323,14.97915340177952,29.904369151534645,1.051185016177416,0.009363015776786159,-0.06063582339565812,-0.03031791169782906,1.0290000438690186,1.0679999589920044,4308,1.051185016177416,0.9968123050511548,0.0009202320959502686
82,315,30,500,0,0.5,82_315_30_500_0,current,True,2.8593420000000003,0.291017981,3.150218,,True,True,True,0.290876,0.00014198099999995772,transfer,8612.997306077243,0.0011280000000000179,0.3460944868815679,8612.997306077243,0.0011280000000000179,0.3460944868815679,99.98264230960491,0.012247999999999815,0.0925084339464017,0.0,-44.99670513949385,0.15662937563613608,14.963101383322847,14.905580411277572,29.926202766645694,0.5189999938011169,0.0,0.0,0.0,0.5189999938011169,0.5189999938011169,4276,1.0379999876022339,0.9975400922215232,0.002374628410279911
82,315,30,500,1,0.5,82_315_30_500_1,current,True,2.8790229999999997,0.30033333333333334,3.179278131,,True,True,True,0.300255131,7.82023333333326e-05,transfer,8649.157199683506,0.001330999999999971,0.37230486969035936,8649.157199683506,0.001330999999999971,0.37230486969035936,100.02358327300631,0.012159000000000031,0.08659206159135945,0.0,-45.00247466708598,0.14252677765051658,15.021359146975806,15.22151219502046,30.042718293951612,0.5189999938011169,0.0,0.0,0.0,0.5189999938011169,0.5189999938011169,4278,1.0379999876022339,1.0014239431317205,0.003394899181898836
82,315,30,1000,0,1.0,82_315_30_1000_0,current,True,2.869523,0.29033333333333333,3.159823729,,True,True,True,0.290300729,3.260433333335255e-05,transfer,8662.860098503968,0.0013860000000001094,0.36816372477975706,8662.860098503968,0.0013860000000001094,0.36816372477975706,100.01997466356184,0.012270000000000003,0.09130448767583664,0.0,-45.01214437912344,0.1040348682559511,14.833450999568274,14.675796978353336,29.66690199913655,1.0382961050035953,0.0025580793720741445,0.006096031533062779,0.0030480157665313894,1.0290000438690186,1.0390000343322754,4329,1.0382961050035953,0.9888967333045516,0.01306461121941993
82,315,30,1000,1,1.0,82_315_30_1000_1,current,True,2.190556,0.9703333333333334,3.160820221,,True,True,True,0.970264221,6.911233333339872e-05,transfer,8636.063224204552,0.0013330000000000286,0.35729046687820176,8636.063224204552,0.0013330000000000286,0.35729046687820176,100.00184754146484,0.012303000000000175,0.09859590533272866,0.0,-45.007475921983385,0.1465371208606214,15.092927430303154,14.889330203319776,30.18585486060631,1.0290000438690188,2.220446049250313e-16,5.916455595402877e-31,2.9582277977014386e-31,1.0290000438690186,1.0290000438690186,4332,1.0290000438690188,1.0061951620202103,0.008396154079264306
82,45,50,500,0,0.5,82_45_50_500_0,current,True,1.678697,0.29,1.968679985,,True,True,True,0.289982985,1.7014999999953595e-05,transfer,8598.150859815087,0.0011730000000000906,0.35636566183405466,8598.150859815087,0.0011730000000000906,0.35636566183405466,100.03686042875258,0.012362000000000095,0.09240717173804468,0.0,-135.00384428615033,0.08699861721493107,24.861634338215477,25.006342311260767,49.723268676430955,0.5373755562767983,0.0036885544205362475,0.016326534564959368,0.008163267282479684,0.5289999842643738,0.5389999747276306,4292,1.0747511125535967,0.9944653735286191,0.004764518246247462
82,45,50,500,1,0.5,82_45_50_500_1,current,True,1.670198,0.310057645,1.980143,,True,True,True,0.309945,0.0001126449999999668,transfer,8546.602015633662,0.001477000000000006,0.3725021308366383,8546.602015633662,0.001477000000000006,0.3725021308366383,99.9613331388631,0.011768,0.08827587412700669,0.0,-134.99396497981928,0.10441395283390163,24.774101025069005,24.982843036864296,49.54820205013801,0.5381151955714225,0.0028398853795371056,0.009677947720880889,0.0048389738604404445,0.5289999842643738,0.5389999747276306,4213,1.076230391142845,0.9909640410027601,0.005114788084796373
82,45,50,1000,0,1.0,82_45_50_1000_0,current,True,1.669781,0.2895,1.959222926,,True,True,True,0.289441926,5.8073999999963544e-05,transfer,8577.010930096463,0.0026010000000000004,0.40898148581509597,8577.010930096463,0.0026010000000000004,0.40898148581509597,100.01426743815114,0.012348999999999943,0.08850485877638503,0.0,-134.99653463283263,0.05984895019290093,24.779102253641547,24.80065698020028,49.558204507283094,1.0560053649988177,0.003738031072347319,0.017566162701915917,0.008783081350957959,1.0490000247955322,1.0579999685287476,4304,1.0560053649988177,0.9911640901456619,0.002545135071443383
82,45,50,1000,1,1.0,82_45_50_1000_1,current,True,1.658421,0.300596894,1.958939,,True,True,True,0.300518,7.889399999999602e-05,transfer,8657.853268770346,0.0012119999999999909,0.34333098900906195,8657.853268770346,0.0012119999999999909,0.34333098900906195,100.0205447605454,0.012504999999999988,0.09818507251889005,0.0,-134.99094138148334,0.13392880859541376,24.75442755247709,24.991366759764777,49.50885510495418,1.055350727091551,0.0041017732357985,0.021957462782496998,0.010978731391248499,1.0490000247955322,1.0579999685287476,4324,1.055350727091551,0.9901771020990836,0.008138386420739607
82,90,50,1000,0,1.0,82_90_50_1000_0,current,True,0.820656,0.31033333333333335,1.130863737,,True,True,False,0.310207737,0.0001255963333333665,transfer,8678.718954794385,0.0011919999999999709,0.32881522782965084,8678.718954794385,0.0011919999999999709,0.32881522782965084,100.0324650818493,0.012382999999999977,0.09238705389875033,0.0,180.0,0.0,25.216166708708563,25.556868144105252,50.43233341741713,1.0288305473639965,0.007448131649636099,0.04770627635106018,0.02385313817553009,1.0190000534057617,1.0390000343322754,4317,1.0288305473639965,1.0086466683483426,0.0009202320959502686
82,90,50,1000,1,1.0,82_90_50_1000_1,current,True,1.659779,0.31085211133333335,1.970489,,True,True,True,0.31071,0.00014211133333336123,transfer,8658.776923363223,0.0011339999999999684,0.3447593713707057,8658.776923363223,0.0011339999999999684,0.3447593713707057,99.95860804912147,0.012300999999999895,0.08623298365409035,0.0,180.0,0.0,25.133932118168826,25.245608766846026,50.26786423633765,1.0257376908347609,0.006002783476964427,0.03413020211716856,0.01706510105858428,1.0089999437332153,1.0390000343322754,4298,1.0257376908347609,1.0053572847267531,0.0009202320959502686
82,135,50,500,0,0.5,82_135_50_500_0,current,True,1.459514,0.3005,1.759909409,,True,True,True,0.300395409,0.00010459099999998722,transfer,8618.738318462167,0.0012469999999999981,0.34394623939242785,8618.738318462167,0.0012469999999999981,0.34394623939242785,100.07503461469813,0.012332999999999927,0.0932997725588099,0.0,134.9981562153388,0.10019821006591484,24.96884035935039,25.40152600415796,49.93768071870078,0.5281287250952721,0.0028201934051228505,-0.007619714088076399,-0.0038098570440381996,0.5189999938011169,0.5289999842643738,4280,1.0562574501905442,0.9987536143740157,0.0027640167570552876
82,135,50,500,1,0.5,82_135_50_500_1,current,True,1.668654,0.31066666666666665,1.979284439,,True,True,True,0.310630439,3.62276666666661e-05,transfer,8605.122917373721,0.0010229999999999961,0.34880054594065024,8605.122917373721,0.0010229999999999961,0.34880054594065024,99.99671006495024,0.012129999999999974,0.08890330391503887,0.0,134.99197079921194,0.07126009245346694,24.6554506660762,24.506044713197575,49.3109013321524,0.5282015016925334,0.002710579953800842,-0.00881670047488376,-0.00440835023744188,0.5189999938011169,0.5289999842643738,4263,1.0564030033850669,0.9862180266430479,0.008949432884037378
82,135,50,1000,0,1.0,82_135_50_1000_0,current,True,1.658782,0.3105,1.969235496,,True,True,True,0.310453496,4.6504000000002765e-05,transfer,8645.044230982117,0.0010399999999999299,0.33728643647210804,8645.044230982117,0.0010399999999999299,0.33728643647210804,100.04871741600302,0.012326999999999977,0.08964631032421018,0.0,134.99617711188353,0.08609522812929668,24.603268300309214,24.61492684762197,49.20653660061843,1.041810271652222,0.00449498749770591,-0.0057632468007855365,-0.0028816234003927682,1.0390000343322754,1.0490000247955322,4290,1.041810271652222,0.9841307320123686,0.004743120212424401
82,135,50,1000,1,1.0,82_135_50_1000_1,current,True,1.660145,0.31,1.970124106,,True,True,True,0.309979106,2.089399999999353e-05,transfer,8644.847625848297,0.0010809999999999986,0.3293943728157545,8644.847625848297,0.0010809999999999986,0.3293943728157545,100.06774857031584,0.012204000000000104,0.09735628422017115,0.0,134.9979679704669,0.07409677482542776,24.754770838553736,24.889339942290658,49.50954167710747,1.0394687738852504,0.0021136873683152307,-0.00172955277336833,-0.000864776386684165,1.0390000343322754,1.0490000247955322,4315,1.0394687738852504,0.9901908335421494,0.0029522616290478254
82,180,50,500,0,0.5,82_180_50_500_0,current,True,1.409915,0.3212148656666667,1.730989,,True,True,True,0.321074,0.00014086566666665634,transfer,8691.715012966404,0.001084000000000085,0.3305737404787046,8691.715012966404,0.001084000000000085,0.3305737404787046,100.02389711207022,0.012143000000000015,0.09362894959025382,0.0,90.0,0.0,25.11813521726422,24.845062530599964,50.23627043452844,0.49761803560495377,0.006890206400935269,-0.04342548585914295,-0.021712742929571476,0.49000000953674316,0.5099999904632568,4353,0.9952360712099075,1.0047254086905688,0.0009202320959502686
82,180,50,500,1,0.5,82_180_50_500_1,current,True,1.660596,0.32955410500000004,1.989999,,True,True,True,0.329403,0.00015110500000004023,transfer,8584.883054742046,0.0011790000000000411,0.36385284645530375,8584.883054742046,0.0011790000000000411,0.36385284645530375,99.97788225152078,0.012129999999999974,0.09469286153435652,0.0,90.0,0.0,25.404414352325226,25.446535159240334,50.80882870465045,0.49838032154464723,0.007588868614719013,-0.04892856553656055,-0.024464282768280277,0.49000000953674316,0.5099999904632568,4322,0.9967606430892945,1.016176574093009,0.0009202320959502686
82,180,50,1000,0,1.0,82_180_50_1000_0,current,True,1.66117,0.29,1.951025625,,True,True,True,0.289855625,0.00014437499999997438,transfer,8666.67468897786,0.0014120000000001909,0.3326526412700027,8666.67468897786,0.0014120000000001909,0.3326526412700027,99.96423693247674,0.012304000000000002,0.0938712274681035,0.0,90.0,0.0,25.060276363772928,25.342348006036552,50.120552727545856,1.0110225297148228,0.006281158807032694,-0.03615099048301202,-0.01807549524150601,1.0,1.0290000438690186,4334,1.0110225297148228,1.002411054550917,0.0009202320959502686
82,180,50,1000,1,1.0,82_180_50_1000_1,current,True,1.660632,0.2891666666666667,1.949731557,,True,True,True,0.289099557,6.710966666667595e-05,transfer,8661.96028400017,0.0010630000000000361,0.34312530190995444,8661.96028400017,0.0010630000000000361,0.34312530190995444,100.05070136893697,0.011950000000000016,0.09860054114710189,0.0,90.0,0.0,24.62990361407195,24.717917413722624,49.2598072281439,1.006470105439663,0.00594026006042585,-0.03628474388549637,-0.018142371942748186,1.0,1.0290000438690186,4321,1.006470105439663,0.985196144562878,0.0009202320959502686
82,225,50,500,0,0.5,82_225_50_500_0,current,True,1.669399,0.31016666666666665,1.979482409,,True,True,True,0.310083409,8.325766666666956e-05,transfer,8563.115961928146,0.0013819999999999943,0.37096023134715606,8563.115961928146,0.0013819999999999943,0.37096023134715606,100.06089291275906,0.012071000000000054,0.08446509458559084,0.0,44.99970496585671,0.08688390317865781,24.845688167448703,24.97691673616246,49.691376334897406,0.5015965818107129,0.007114711878302946,-0.044127194586310925,-0.022063597293155462,0.49000000953674316,0.5099999904632568,4278,1.0031931636214257,0.9938275266979482,0.0012152662392281854
82,225,50,500,1,0.5,82_225_50_500_1,current,True,1.661585,0.29909996,1.960669,,True,True,True,0.299084,1.5959999999981545e-05,transfer,8576.294684854693,0.0012739999999999974,0.36643116161693823,8576.294684854693,0.0012739999999999974,0.36643116161693823,99.95639832969411,0.012245000000000061,0.08856660690272342,0.0,45.005563724253484,0.06908005015915819,24.736732148853154,24.63960353339123,49.47346429770631,0.5025648968117833,0.007698212751113233,-0.04861728300314359,-0.024308641501571793,0.49000000953674316,0.5189999938011169,4338,1.0051297936235666,0.9894692859541262,0.004643492157583751
82,225,50,1000,0,1.0,82_225_50_1000_0,current,True,1.68035,0.29917440866666667,1.979501,,True,True,True,0.299151,2.3408666666668854e-05,transfer,8634.760293138628,0.0011879999999999669,0.33375729340494814,8634.760293138628,0.0011879999999999669,0.33375729340494814,100.01301971292658,0.012301000000000117,0.09232098954803025,0.0,45.015216168384214,0.04894667270076525,24.816745406446216,24.8333107565169,49.63349081289243,1.0091061549305915,0.008307377601290957,-0.05332700849102073,-0.026663504245510367,1.0,1.0290000438690186,4273,1.0091061549305915,0.9926698162578487,0.014295936288249322
82,225,50,1000,1,1.0,82_225_50_1000_1,current,True,1.681311,0.2893873773333333,1.970638,,True,True,True,0.289327,6.037733333330575e-05,transfer,8638.343964789168,0.001298999999999939,0.3598975034707025,8638.343964789168,0.001298999999999939,0.3598975034707025,99.9831358916715,0.01212000000000013,0.0877318753605146,0.0,45.00386451836578,0.0808055946289329,24.797394725647024,24.879364447401933,49.59478945129405,1.009359115348816,0.007952617429874938,-0.05141271472089532,-0.02570635736044766,1.0,1.0290000438690186,4318,1.009359115348816,0.9918957890258809,0.0029442862698942918
82,270,50,500,0,0.5,82_270_50_500_0,current,True,1.6209540000000002,0.28983333333333333,1.910664037,,True,True,True,0.289710037,0.00012329633333335588,transfer,8588.025111173965,0.001306999999999947,0.35658214308711683,8588.025111173965,0.001306999999999947,0.35658214308711683,100.00212674206195,0.012237999999999971,0.0914598183229337,0.0,0.0,0.0,24.667891689152896,24.631777239282798,49.33578337830579,0.5334359682507118,0.012301391319551139,-0.08225238806059287,-0.04112619403029644,0.5189999938011169,0.5590000152587891,4283,1.0668719365014236,0.9867156675661158,0.0009202320959502686
82,270,50,500,1,0.5,82_270_50_500_1,current,True,1.6597270000000002,0.3001666666666667,1.959788971,,True,True,True,0.300061971,0.00010469566666670982,transfer,8669.650258118927,0.0013969999999999816,0.3635804975611292,8669.650258118927,0.0013969999999999816,0.3635804975611292,100.0437295215918,0.012238999999999889,0.08749993970079194,0.0,0.0,0.0,24.965169014783132,25.110621868441058,49.930338029566265,0.5344473917704026,0.013162946657415964,-0.08681792209747627,-0.043408961048738134,0.5189999938011169,0.5590000152587891,4302,1.0688947835408051,0.9986067605913252,0.0009202320959502686
82,270,50,1000,0,1.0,82_270_50_1000_0,current,True,1.659389,0.2997749666666667,1.959137,,True,True,True,0.299748,2.696666666668346e-05,transfer,8693.348568445426,0.0014119999999999688,0.3390270324670323,8693.348568445426,0.0014119999999999688,0.3390270324670323,99.95880485618046,0.012050000000000116,0.09102766336122764,0.0,0.0,0.0,24.646182261998295,25.12926650745515,49.29236452399659,1.0390980574579636,0.015549529625257156,-0.10504515896512925,-0.05252257948256463,1.0190000534057617,1.0679999589920044,4367,1.0390980574579636,0.9858472904799318,0.0009202320959502686
82,270,50,1000,1,1.0,82_270_50_1000_1,current,True,1.6586020000000001,0.29036252133333335,1.948865,,True,True,True,0.290263,9.952133333335222e-05,transfer,8675.680915665818,0.0009859999999999314,0.3175632450092184,8675.680915665818,0.0009859999999999314,0.3175632450092184,100.00290051702798,0.011934000000000111,0.08359307514098847,0.0,0.0,0.0,25.028266611294562,25.103575247610532,50.056533222589124,1.0386451236738763,0.014192986448587509,-0.09551272809084542,-0.04775636404542271,1.0190000534057617,1.0679999589920044,4303,1.0386451236738763,1.0011306644517826,0.0009202320959502686
82,315,50,500,0,0.5,82_315_50_500_0,current,True,1.6686520000000002,0.31043632233333335,1.979016,,True,True,True,0.310364,7.232233333337446e-05,transfer,8632.233370336162,0.0012920000000000154,0.3472153545868897,8632.233370336162,0.0012920000000000154,0.3472153545868897,100.04306399163639,0.012315000000000076,0.09375363617721069,0.0,-45.0068991705038,0.07098930434247418,24.737539084510708,24.52664816804038,49.475078169021415,0.5189999938011169,0.0,0.0,0.0,0.5189999938011169,0.5189999938011169,4277,1.0379999876022339,0.9895015633804283,0.00781940259980729
82,315,50,500,1,0.5,82_315_50_500_1,current,True,1.670216,0.3002465886666667,1.970391,,True,True,True,0.300175,7.158866666667763e-05,transfer,8556.343203427965,0.0015680000000000138,0.37248309554923537,8556.343203427965,0.0015680000000000138,0.37248309554923537,100.03358593699785,0.012297000000000002,0.08928961135939659,0.0,-44.99275287165746,0.08931538323116683,24.416851398763864,24.323443453226723,48.83370279752773,0.5189999938011169,0.0,0.0,0.0,0.5189999938011169,0.5189999938011169,4310,1.0379999876022339,0.9766740559505546,0.006326896246605429
82,315,50,1000,0,1.0,82_315_50_1000_0,current,True,1.668669,0.2906666666666667,1.959325737,,True,True,True,0.290656737,9.929666666685932e-06,transfer,8638.30625920624,0.0013819999999999943,0.36678995252990804,8638.30625920624,0.0013819999999999943,0.36678995252990804,100.03273798697755,0.012318999999999969,0.09959549063007811,0.0,-44.99712093313023,0.09676131217151461,24.85312021176138,24.7981117840226,49.70624042352276,1.0322144474701882,0.004670290659642319,-0.015250462290893288,-0.007625231145446644,1.0290000438690186,1.0390000343322754,4314,1.0322144474701882,0.9941248084704551,0.001958834773859053
82,315,50,1000,1,1.0,82_315_50_1000_1,current,True,1.672279,0.28883333333333333,1.961061269,,True,True,True,0.288782269,5.1064333333350476e-05,transfer,8655.159648511326,0.0013050000000000006,0.3291146381793284,8655.159648511326,0.0013050000000000006,0.3291146381793284,100.01835119313196,0.012002000000000013,0.0911979760835486,0.0,-44.99570273202396,0.0895361572961434,24.675771604176816,24.93609089957695,49.35154320835363,1.0290000438690186,0.0,0.0,0.0,1.0290000438690186,1.0290000438690186,4380,1.0290000438690186,0.9870308641670726,0.0033770358800211397
87,45,30,500,0,0.5,87_45_30_500_0,current,True,2.869224,0.3001666666666667,3.16931062,,True,True,True,0.30008662,8.00466666666666e-05,transfer,8622.320831152778,0.0016130000000000007,0.3415095156237679,8622.320831152778,0.0016130000000000007,0.3415095156237679,100.02919219282361,0.01221400000000017,0.0841796605425491,0.0,-134.99002247644165,0.14090089635209746,14.785031962459538,14.759174020987594,29.570063924919076,0.5657304020954768,0.007632213441613749,0.04839364341381935,0.024196821706909673,0.5490000247955322,0.578000009059906,4296,1.1314608041909535,0.9856687974973025,0.009057291462426065
87,45,30,500,1,0.5,87_45_30_500_1,current,True,2.860237,0.2891666666666667,3.14933377,,True,True,True,0.28909677,6.989666666668004e-05,transfer,8635.05308711381,0.0014659999999999673,0.34068812218054223,8635.05308711381,0.0014659999999999673,0.34068812218054223,100.0368648971516,0.012283999999999962,0.08778143962505934,0.0,-135.01979798646855,0.12908889053593384,14.920859757552906,14.974569143997755,29.84171951510581,0.5636999772504567,0.005459489773107455,0.031994097262013514,0.015997048631006757,0.5389999747276306,0.5680000185966492,4294,1.1273999545009135,0.9947239838368603,0.020718218564468316
87,45,30,1000,0,1.0,87_45_30_1000_0,current,True,2.8785279999999998,0.29033333333333333,3.168731522,,True,True,True,0.290203522,0.0001298113333333406,transfer,8539.997337636709,0.0013180000000001524,0.3675877860032428,8539.997337636709,0.0013180000000001524,0.3675877860032428,100.00347965323938,0.012334000000000067,0.09517850350597803,0.0,-134.98737502704626,0.155174975948853,15.00581997175424,15.056986633119852,30.01163994350848,1.0730621286188362,0.012270740515784345,0.07629391076729591,0.03814695538364796,1.0290000438690186,1.0880000591278076,4218,1.0730621286188362,1.0003879981169495,0.011704740857823026
87,45,30,1000,1,1.0,87_45_30_1000_1,current,True,2.5497569999999996,0.5998333333333333,3.149444477,,True,True,True,0.599687477,0.00014585633333330517,transfer,8657.09182275891,0.0012849999999999806,0.34339717852690127,8657.09182275891,0.0012849999999999806,0.34339717852690127,100.05927488038235,0.012607000000000035,0.0968217848823137,0.0,-135.02289971220637,0.19239409372164573,15.11003152419236,15.387159408544308,30.22006304838472,1.0864147584082682,0.003652396841525856,0.016007826582704845,0.008003913291352423,1.0779999494552612,1.0880000591278076,4365,1.0864147584082682,1.0073354349461574,0.023819944302289286
87,90,30,1000,0,1.0,87_90_30_1000_0,current,True,2.880452,0.290098303,3.170422,,True,True,True,0.28997,0.00012830299999999628,transfer,8632.703026734966,0.0011849999999999916,0.3546646701282871,8632.703026734966,0.0011849999999999916,0.3546646701282871,100.02752272443449,0.012438999999999867,0.08805794486093796,0.0,180.0,0.0,14.947705890787168,14.994591534798502,29.895411781574335,1.0506947479367255,0.005911634881628721,0.0360115780584325,0.01800578902921625,1.0290000438690186,1.0579999685287476,4301,1.0506947479367255,0.9965137260524778,0.0009202320959502686
87,90,30,1000,1,1.0,87_90_30_1000_1,current,True,2.870329,0.29085027333333335,3.161032,,True,True,True,0.290703,0.00014727333333336423,transfer,8695.73088493092,0.0011309999999999931,0.3265222838034771,8695.73088493092,0.0011309999999999931,0.3265222838034771,100.03768791444996,0.012148999999999965,0.09293890128815498,0.0,180.0,0.0,14.866902908814383,14.941555989895317,29.733805817628767,1.0501919728074471,0.006792652518073765,0.041023764065024546,0.020511882032512273,1.0290000438690186,1.0579999685287476,4324,1.0501919728074471,0.9911268605876256,0.0009202320959502686
87,135,30,500,0,0.5,87_135_30_500_0,current,True,2.88184,0.2795,3.161335561,,True,True,True,0.279495561,4.43900000002273e-06,transfer,8683.654156694973,0.0012520000000000309,0.3356018313998092,8683.654156694973,0.0012520000000000309,0.3356018313998092,100.03526169635161,0.012391999999999737,0.08727654435544863,0.0,134.99162882750943,0.14658903688382452,14.622729874762117,14.581372875612537,29.245459749524233,0.5389999747276306,0.0,0.0,0.0,0.5389999747276306,0.5389999747276306,4297,1.0779999494552612,0.9748486583174745,0.009291404586520002
87,135,30,500,1,0.5,87_135_30_500_1,current,True,2.8895519999999997,0.2901666666666667,3.179604107,,True,True,True,0.290052107,0.00011455966666668038,transfer,8657.975695934143,0.0012750000000001371,0.34682446045615833,8657.975695934143,0.0012750000000001371,0.34682446045615833,99.98680526030289,0.012386999999999926,0.09096522895827194,0.0,134.98778242062525,0.2560243758097158,14.922835912446871,15.02228128711717,29.845671824893742,0.5389999747276306,0.0,0.0,0.0,0.5389999747276306,0.5389999747276306,4319,1.0779999494552612,0.9948557274964581,0.013137811470642191
87,135,30,1000,0,1.0,87_135_30_1000_0,current,True,2.88059,0.28933333333333333,3.169888464,,True,True,True,0.289298464,3.486933333335385e-05,transfer,8626.526437068947,0.0024520000000000097,0.377596809541285,8626.526437068947,0.0024520000000000097,0.377596809541285,100.05830376820748,0.01234500000000005,0.08885970825378801,0.0,135.00306499784935,0.1635209983495713,14.869954295271937,14.663632166367012,29.739908590543873,1.0296492999165057,0.0024639441689871216,0.00728522945076201,0.003642614725381005,1.0290000438690186,1.0390000343322754,4269,1.0296492999165057,0.9913302863514625,0.002144765753428146
87,135,30,1000,1,1.0,87_135_30_1000_1,current,True,2.8794180000000003,0.2801666666666667,3.159560168,,True,True,True,0.280142168,2.4498666666650237e-05,transfer,8643.629287662689,0.0014050000000001006,0.3593889866366276,8643.629287662689,0.0014050000000001006,0.3593889866366276,100.03758009973835,0.012345999999999968,0.09535785398274384,0.0,135.01824887699453,0.14975956522228978,14.82556304957872,14.75243302977385,29.65112609915744,1.028987600547552,0.0019717854213357495,0.004574920270282321,0.0022874601351411607,1.0190000534057617,1.0390000343322754,4287,1.028987600547552,0.9883708699719147,0.017328644898611856
87,180,30,500,0,0.5,87_180_30_500_0,current,True,2.869486,0.2896666666666667,3.159135913,,True,True,True,0.289649913,1.6753666666702305e-05,transfer,8645.502753983794,0.0013320000000001109,0.3505532224989645,8645.502753983794,0.0013320000000001109,0.3505532224989645,100.02311384566286,0.01221400000000017,0.08438350667264931,0.0,90.0,0.0,14.856044189615123,14.889864867455252,29.712088379230245,0.5103580255960425,0.0017590134262799406,-0.004125503295886131,-0.0020627516479430653,0.5099999904632568,0.5189999938011169,4295,1.020716051192085,0.9904029459743415,0.0009202320959502686
87,180,30,500,1,0.5,87_180_30_500_1,current,True,2.879555,0.31033333333333335,3.189761977,,True,True,True,0.310206977,0.00012635633333335505,transfer,8672.759698140171,0.0012039999999999829,0.32207364598582494,8672.759698140171,0.0012039999999999829,0.32207364598582494,100.04127802879371,0.012461999999999751,0.10179859405590272,0.0,90.0,0.0,14.879923228339022,14.90540500437778,29.759846456678044,0.5074263729176521,0.004371800960825313,0.00010884824186739166,5.442412093369583e-05,0.5,0.5099999904632568,4292,1.0148527458353043,0.9919948818892681,0.0009202320959502686
87,180,30,1000,0,1.0,87_180_30_1000_0,current,True,2.889701,0.2798333333333333,3.169401205,,True,True,True,0.279700205,0.00013312833333334329,transfer,8680.406823181054,0.0013730000000000686,0.3275755115054149,8680.406823181054,0.0013730000000000686,0.3275755115054149,100.03938106148735,0.012068999999999885,0.09159461832895702,0.0,90.0,0.0,14.867100837244834,14.911778826380253,29.734201674489668,1.0001451990922292,0.0011338875093203154,-0.0017142795965025548,-0.0008571397982512774,1.0,1.0089999437332153,4350,1.0001451990922292,0.9911400558163223,0.0009202320959502686
87,180,30,1000,1,1.0,87_180_30_1000_1,current,True,2.888025,0.2809128383333333,3.16879,,True,True,True,0.280765,0.00014783833333331664,transfer,8534.281489124396,0.001395000000000035,0.36431618786843184,8534.281489124396,0.001395000000000035,0.36431618786843184,100.02346591575737,0.012160999999999977,0.09202536720978265,0.0,90.0,0.0,14.870693927038698,14.912965815906489,29.741387854077395,0.9998341197889644,0.0017191222818659184,0.0010929981377597088,0.0005464990688798544,0.9900000095367432,1.0089999437332153,4264,0.9998341197889644,0.9913795951359131,0.0009202320959502686
87,225,30,500,0,0.5,87_225_30_500_0,current,True,1.7799700000000003,1.3702200386666668,3.150088,,True,True,True,1.370118,0.00010203866666680383,transfer,8662.84300134317,0.0011140000000000594,0.3475034874555513,8662.84300134317,0.0011140000000000594,0.3475034874555513,99.98023714262895,0.012644999999999962,0.09276557908536745,0.0,45.0302401410146,0.17389407830852543,14.872049517732462,14.996607745004447,29.744099035464924,0.5002556130895615,0.0015782238137675858,0.0029889521446778305,0.0014944760723389152,0.5,0.5099999904632568,4353,1.000511226179123,0.9914699678488308,0.02931990891863734
87,225,30,500,1,0.5,87_225_30_500_1,current,True,2.881272,0.29983333333333334,3.181085903,,True,True,True,0.299813903,1.943033333334787e-05,transfer,8582.575077035872,0.0011190000000000366,0.3463257437936764,8582.575077035872,0.0011190000000000366,0.3463257437936764,100.01217156926724,0.012631000000000003,0.09602184577043371,0.0,45.00081862187267,0.21763641598391814,14.954616937469874,15.249187980624308,29.909233874939748,0.4908577887187005,0.0028003568547871663,0.008173080252561343,0.004086540126280671,0.49000000953674316,0.5,4291,0.981715577437401,0.9969744624979916,0.00010161022328247782
87,225,30,1000,0,1.0,87_225_30_1000_0,current,True,2.881895,0.2889091323333333,3.170666,,True,True,True,0.288771,0.00013813233333331842,transfer,8668.001165248908,0.0007749999999999702,0.31629757440728357,8668.001165248908,0.0007749999999999702,0.31629757440728357,99.9752260803408,0.012320000000000109,0.09287859200898609,0.0,44.97903195147257,0.16753389985558442,14.82559430660411,14.860436158316638,29.65118861320822,0.9817980373587607,0.003840220820646254,0.015533548447298044,0.007766774223649022,0.9800000190734863,0.9900000095367432,4316,0.9817980373587607,0.9883729537736073,0.02188828062344328
87,225,30,1000,1,1.0,87_225_30_1000_1,current,True,2.8697179999999998,0.2803333333333333,3.150036915,,True,True,True,0.280318915,1.4418333333321431e-05,transfer,8631.08251287903,0.0019839999999999858,0.3612522550810728,8631.08251287903,0.0019839999999999858,0.3612522550810728,100.01049963603218,0.012553000000000036,0.08894589455655445,0.0,45.01456054508402,0.205457663958559,14.8295437298091,15.031391674916726,29.6590874596182,0.9815615375843048,0.00362999037970558,0.01235648376506615,0.006178241882533075,0.9800000190734863,0.9900000095367432,4210,0.9815615375843048,0.98863624865394,0.013640312988059122
87,270,30,500,0,0.5,87_270_30_500_0,current,True,2.37981,0.2796666666666667,2.659429077,,True,True,True,0.279619077,4.758966666668085e-05,transfer,8659.788710091807,0.0013409999999995925,0.34747981789899535,8659.788710091807,0.0013409999999995925,0.34747981789899535,100.00836928045035,0.012335999999999903,0.09157540765285753,0.0,0.0,0.0,14.883033995541629,14.9207743729512,29.766067991083258,0.5197040231297017,0.002558247305518456,-0.005555355250222098,-0.002777677625111049,0.5189999938011169,0.5289999842643738,4323,1.0394080462594033,0.992202266369442,0.0009202320959502686
87,270,30,500,1,0.5,87_270_30_500_1,current,True,2.889647,0.280009593,3.169539,,True,True,True,0.279892,0.00011759300000002693,transfer,8632.670389908311,0.0013129999999998976,0.33144162095698265,8632.670389908311,0.0013129999999998976,0.33144162095698265,100.03091864758198,0.01222399999999979,0.09535859508866212,0.0,0.0,0.0,14.85701321556578,15.060215920731256,29.71402643113156,0.5189999938011168,1.1102230246251564e-16,1.4791139307558792e-31,7.395569653779396e-32,0.5189999938011169,0.5189999938011169,4274,1.0379999876022337,0.9904675477043854,0.0009202320959502686
87,270,30,1000,0,1.0,87_270_30_1000_0,current,True,2.888874,0.270919713,3.159755,,True,True,True,0.270881,3.8713000000023534e-05,transfer,8623.804337219759,0.0012330000000000396,0.34264379188925914,8623.804337219759,0.0012330000000000396,0.34264379188925914,99.97367262228306,0.012062999999999935,0.08914599316495626,0.0,0.0,0.0,14.884236226287387,14.93818583188881,29.768472452574773,1.0182976457023623,0.002555538590403759,0.007492677116804531,0.0037463385584022655,1.0089999437332153,1.0190000534057617,4201,1.0182976457023623,0.9922824150858258,0.0009202320959502686
87,270,30,1000,1,1.0,87_270_30_1000_1,current,True,2.8789569999999998,0.271,3.149801621,,True,True,True,0.270844621,0.00015537900000001104,transfer,8642.23304339475,0.001271,0.34339725614622824,8642.23304339475,0.001271,0.34339725614622824,100.04656125886152,0.01230199999999998,0.09320450458490821,0.0,0.0,0.0,14.802276187750854,14.728359251281741,29.604552375501708,1.0178287005593776,0.003215834174573971,0.01167130747651906,0.00583565373825953,1.0089999437332153,1.0190000534057617,4291,1.0178287005593776,0.9868184125167236,0.0009202320959502686
87,315,30,500,0,0.5,87_315_30_500_0,current,True,2.8706329999999998,0.28067391166666666,3.151169,,True,True,True,0.280536,0.00013791166666665688,transfer,8647.63199371891,0.0012920000000000709,0.3530796657059312,8647.63199371891,0.0012920000000000709,0.3530796657059312,100.00536685693105,0.012378,0.08993630852429634,0.0,-45.02797773297931,0.11785448469022697,14.9120489859079,14.982791206276342,29.8240979718158,0.5283950481746196,0.002383989818714405,0.006820095638846397,0.0034100478194231984,0.5189999938011169,0.5289999842643738,4345,1.0567900963492391,0.9941365990605266,0.028897965075202592
87,315,30,500,1,0.5,87_315_30_500_1,current,True,1.457646,0.2912526986666667,1.748819,,True,True,True,0.291173,7.969866666668324e-05,transfer,8645.881860026311,0.0014449999999999186,0.35376581356958237,8645.881860026311,0.0014449999999999186,0.35376581356958237,99.96490967833284,0.012238000000000415,0.08926004765012899,0.0,-44.979939535448196,0.0862186521644659,14.88897599727735,14.840808247235694,29.7779519945547,0.5284093981609345,0.00235734245635836,0.006668482296103387,0.0033342411480516937,0.5189999938011169,0.5289999842643738,4307,1.056818796321869,0.9925983998184901,0.0191402324558112
87,315,30,1000,0,1.0,87_315_30_1000_0,current,True,2.861012,0.29933333333333334,3.160300733,,True,True,True,0.299288733,4.460033333336666e-05,transfer,8659.29813554899,0.0012790000000000301,0.338879137446907,8659.29813554899,0.0012790000000000301,0.338879137446907,100.00146629715977,0.012447000000000097,0.09088456256678358,0.0,-44.98684296915064,0.11191158469424067,15.18002521614492,15.378792387687426,30.36005043228984,1.0296979022723038,0.005711719041558152,0.013876888281000714,0.006938444140500357,1.0089999437332153,1.0390000343322754,4294,1.0296979022723038,1.012001681076328,0.01223679875340622
87,315,30,1000,1,1.0,87_315_30_1000_1,current,True,2.881101,0.2698333333333333,3.150783835,,True,True,True,0.269682835,0.0001504983333333043,transfer,8694.190742484827,0.0012830000000000341,0.32058056650248506,8694.190742484827,0.0012830000000000341,0.32058056650248506,100.02786070120118,0.012386999999999926,0.09532388324455353,0.0,-44.99788536229072,0.13364741241741737,14.8026186726606,14.915079393080267,29.6052373453212,1.026724509064317,0.006920298599408001,0.0248738662208229,0.01243693311041145,1.0,1.0290000438690186,4318,1.026724509064317,0.98684124484404,0.0011944056133188496
87,45,50,500,0,0.5,87_45_50_500_0,current,True,0.960991,0.6992419246666667,1.660185,,True,True,False,0.699194,4.792466666669881e-05,transfer,8681.547994595196,0.0008010000000000517,0.3164207350283938,8681.547994595196,0.0008010000000000517,0.3164207350283938,100.03577856224254,0.011807999999999985,0.09142810618820876,0.0,-134.9900975340614,0.08001513725797338,24.961374907151367,25.2016065471047,49.92274981430273,0.5658035782997806,0.010123631165482417,-0.06726560396441011,-0.03363280198220506,0.5490000247955322,0.578000009059906,4358,1.1316071565995611,0.9984549962860547,0.008982233842687037
87,45,50,500,1,0.5,87_45_50_500_1,current,True,1.6806349999999999,0.28906855233333334,1.969593,,True,True,True,0.288958,0.00011055233333334691,transfer,8629.46675728837,0.0010589999999999211,0.3362201703821797,8629.46675728837,0.0010589999999999211,0.3362201703821797,99.97185477061637,0.012220999999999815,0.10262172132704449,0.0,-134.9995637252097,0.10362231042647352,24.52779275007765,24.53524740353007,49.0555855001553,0.5713752957599363,0.0076921316382538305,0.04749646445700905,0.023748232228504525,0.5490000247955322,0.578000009059906,4348,1.1427505915198726,0.981111710003106,0.00048395730561878736
87,45,50,1000,0,1.0,87_45_50_1000_0,current,True,1.341174,0.6392099713333333,1.980343,,True,True,True,0.639169,4.097133333336167e-05,transfer,8640.36164589321,0.0013029999999999986,0.33934944592139415,8640.36164589321,0.0013029999999999986,0.33934944592139415,99.98208465813369,0.012248000000000037,0.09713211353957944,0.0,-135.00649916142277,0.08543648853292041,24.98629305190178,24.850976326176234,49.97258610380356,1.080370291879813,0.009290058943248008,-0.05754859334930317,-0.028774296674651586,1.0579999685287476,1.0880000591278076,4275,1.080370291879813,0.9994517220760711,0.007419393518688366
87,45,50,1000,1,1.0,87_45_50_1000_1,current,True,0.9108430000000001,0.31933333333333336,1.230164838,,True,True,False,0.319321838,1.1495333333333413e-05,transfer,8601.14540852739,0.0011120000000000019,0.3420488267235277,8601.14540852739,0.0011120000000000019,0.3420488267235277,100.0538578198625,0.012469999999999981,0.09376939881682404,0.0,-134.99370591018706,0.09831540148023521,25.339063177695134,25.507049713605237,50.67812635539027,1.0850937497489053,0.007531267577365895,0.039536811772714925,0.019768405886357462,1.0679999589920044,1.0980000495910645,4345,1.0850937497489053,1.0135625271078055,0.005373857717017927
87,90,50,1000,0,1.0,87_90_50_1000_0,current,True,1.671392,0.2889362993333333,1.960249,,True,True,True,0.288857,7.929933333333805e-05,transfer,8615.62993434721,0.0013930000000000053,0.32006027813547966,8615.62993434721,0.0013930000000000053,0.32006027813547966,100.03278130538882,0.012046999999999919,0.08287924074205273,0.0,180.0,0.0,24.908884426522587,24.873621304637027,49.81776885304517,1.0571928636707466,0.00954889700933865,0.06149847326942414,0.03074923663471207,1.0290000438690186,1.0679999589920044,4293,1.0571928636707466,0.9963553770609035,0.0009202320959502686
87,90,50,1000,1,1.0,87_90_50_1000_1,current,True,1.650566,0.2992047666666667,1.949726,,True,True,True,0.29916,4.476666666669571e-05,transfer,8697.201909334368,0.0009799999999999809,0.3184599293318001,8697.201909334368,0.0009799999999999809,0.3184599293318001,100.00030434875235,0.012199999999999989,0.08922974729606506,0.0,180.0,0.0,25.01651225169231,25.08911750949425,50.03302450338462,1.0587864939708311,0.008684398417788527,0.05497549409333416,0.02748774704666708,1.0390000343322754,1.0679999589920044,4363,1.0587864939708311,1.0006604900676923,0.0009202320959502686
87,135,50,500,0,0.5,87_135_50_500_0,current,True,1.680589,0.299019802,1.979446,,True,True,True,0.298857,0.00016280200000001743,transfer,8592.58468133173,0.001076000000000077,0.3440300002986989,8592.58468133173,0.001076000000000077,0.3440300002986989,99.98736523293874,0.012341999999999853,0.08767801213856982,0.0,134.99236108600775,0.08826761581987341,24.756456080873956,24.808649905028755,49.51291216174791,0.5389999747276306,0.0,0.0,0.0,0.5389999747276306,0.5389999747276306,4299,1.0779999494552612,0.9902582432349583,0.008559146088146008
87,135,50,500,1,0.5,87_135_50_500_1,current,True,1.639791,0.31072926966666664,1.950513,,True,True,True,0.310722,7.269666666642749e-06,transfer,8644.084106116139,0.001214999999999966,0.3594971585377708,8644.084106116139,0.001214999999999966,0.3594971585377708,100.02643232419787,0.011932999999999971,0.0877794315003902,0.0,135.00585940570028,0.05793421295547886,24.833921025536462,25.16108641911555,49.667842051072924,0.5389999747276305,1.1102230246251564e-16,1.4791138838398805e-31,7.395569419199403e-32,0.5389999747276306,0.5389999747276306,4313,1.077999949455261,0.9933568410214585,0.00493917360438445
87,135,50,1000,0,1.0,87_135_50_1000_0,current,True,1.67917,0.2808333333333333,1.95998052,,True,True,True,0.28081052,2.281333333331581e-05,transfer,8642.766791315587,0.0012400000000000015,0.3639367322290559,8642.766791315587,0.0012400000000000015,0.3639367322290559,100.04556187493178,0.012298000000000031,0.09126128783708735,0.0,134.99438245161633,0.11217769362703506,24.529451969944816,24.632843840793022,49.05890393988963,1.0345474985785483,0.005423636367057977,0.030904284135672148,0.015452142067836074,1.0290000438690186,1.0490000247955322,4344,1.0345474985785483,0.9811780787977926,0.006537780479561661
87,135,50,1000,1,1.0,87_135_50_1000_1,current,True,1.100172,0.869525624,1.969606,,True,True,True,0.869434,9.162399999995685e-05,transfer,8617.833332504622,0.0014819999999999833,0.35007906960842466,8617.833332504622,0.0014819999999999833,0.35007906960842466,100.00977471101248,0.012131000000000114,0.09002192448554325,0.0,135.01933025603802,0.07208359465447245,24.501367786927037,24.904591698942014,49.002735573854075,1.0337180893695355,0.010514813042478057,-0.0657686714290857,-0.03288433571454285,1.0190000534057617,1.0490000247955322,4382,1.0337180893695355,0.9800547114770815,0.0184100239421241
87,180,50,500,0,0.5,87_180_50_500_0,current,True,1.660359,0.2992302396666667,1.959585,,True,True,True,0.299226,4.239666666683295e-06,transfer,8553.703655936752,0.0011069999999999691,0.3419005486091311,8553.703655936752,0.0011069999999999691,0.3419005486091311,99.97855005653334,0.012288000000000077,0.08553899063673873,0.0,90.0,0.0,24.89394530947453,24.75142362549889,49.78789061894906,0.5099999904632568,0.0,0.0,0.0,0.5099999904632568,0.5099999904632568,4234,1.0199999809265137,0.9957578123789813,0.0009202320959502686
87,180,50,500,1,0.5,87_180_50_500_1,current,True,1.659654,0.2996666666666667,1.959279713,,True,True,True,0.299625713,4.095366666667655e-05,transfer,8631.413588417048,0.0011360000000000259,0.34494724524384046,8631.413588417048,0.0011360000000000259,0.34494724524384046,99.98837239289365,0.012396000000000074,0.09666085991874364,0.0,90.0,0.0,25.067365703583278,25.193266454024673,50.134731407166555,0.5099999904632568,0.0,0.0,0.0,0.5099999904632568,0.5099999904632568,4302,1.0199999809265137,1.002694628143331,0.0009202320959502686
87,180,50,1000,0,1.0,87_180_50_1000_0,current,True,1.669843,0.291098604,1.960933,,True,True,True,0.29109,8.603999999967638e-06,transfer,8645.20050441144,0.0013519999999999088,0.3633248051449398,8645.20050441144,0.0013519999999999088,0.3633248051449398,99.9847642264036,0.012209000000000025,0.09653689652814143,0.0,90.0,0.0,24.770130566394318,24.84824165319576,49.540261132788636,1.003516926012516,0.004391283143799055,0.02507466881887117,0.012537334409435585,1.0,1.0089999437332153,4317,1.003516926012516,0.9908052226557728,0.0009202320959502686
87,180,50,1000,1,1.0,87_180_50_1000_1,current,True,1.659887,0.27972648866666666,1.939452,,True,True,True,0.279565,0.00016148866666665374,transfer,8527.355845691021,0.0011980000000000324,0.3568646134425359,8527.355845691021,0.0011980000000000324,0.3568646134425359,99.95876160181535,0.012732999999999883,0.09040229088664267,0.0,90.0,0.0,24.633973287673555,24.718460691962484,49.26794657534711,1.0010952247279485,0.003280757443641015,0.006597757974526931,0.0032988789872634653,1.0,1.0190000534057617,4278,1.0010952247279485,0.9853589315069422,0.0009202320959502686
87,225,50,500,0,0.5,87_225_50_500_0,current,True,1.659557,0.3005,1.95990766,,True,True,True,0.30035066,0.0001493399999999978,transfer,8663.269541989785,0.0011920000000000819,0.367214761853567,8663.269541989785,0.0011920000000000819,0.367214761853567,99.99586224018317,0.012342999999999993,0.09362410908787457,0.0,45.011641535744324,0.06327675585012282,24.95948570215874,24.721356036770054,49.91897140431748,0.4953123044705391,0.004990232580985881,0.025029815189668597,0.012514907594834299,0.49000000953674316,0.5,4368,0.9906246089410782,0.9983794280863496,0.010721303648324465
87,225,50,500,1,0.5,87_225_50_500_1,current,True,1.660016,0.31033333333333335,1.970334743,,True,True,True,0.310318743,1.459033333334192e-05,transfer,8612.76422687172,0.002778,0.3893963147933248,8612.76422687172,0.002778,0.3893963147933248,100.00793166354572,0.01214599999999999,0.09193225356582756,0.0,45.011046372850885,0.0974106208885018,24.312458946104638,24.458557121305386,48.624917892209275,0.49432343208026885,0.004954008650983602,0.02945066600711675,0.014725333003558374,0.49000000953674316,0.5,4356,0.9886468641605377,0.9724983578441855,0.010126140754891821
87,225,50,1000,0,1.0,87_225_50_1000_0,current,True,0.9402820000000001,1.0301666666666667,1.970332805,,True,True,False,1.030050805,0.00011586166666677222,transfer,8634.214066093966,0.001346999999999987,0.3672506407072326,8634.214066093966,0.001346999999999987,0.3672506407072326,100.02816830966078,0.012567999999999968,0.09019905409594042,0.0,45.00492710331628,0.09150768935111842,24.890638419999053,25.320006198841984,49.78127683999811,1.0062499479466678,0.007372864165507813,0.04582689114739011,0.022913445573695054,1.0,1.0190000534057617,4353,1.0062499479466678,0.9956255367999621,0.004006871220326502
87,225,50,1000,1,1.0,87_225_50_1000_1,current,True,1.6507720000000001,0.3005,1.951114615,,True,True,True,0.300342615,0.00015738500000000988,transfer,8623.400246865458,0.0012099999999999993,0.3438333005703136,8623.400246865458,0.0012099999999999993,0.3438333005703136,100.06617419606617,0.012226999999999988,0.08791195599534894,0.0,45.008819058051316,0.07243572340836406,24.94044147391267,25.015126417864593,49.88088294782534,0.9883834110784531,0.0056364832869045525,0.031014903772540906,0.015507451886270453,0.9800000190734863,1.0,4257,0.9883834110784531,0.9976176589565068,0.007898825955408029
87,270,50,500,0,0.5,87_270_50_500_0,current,True,1.669216,0.30083333333333334,1.969917371,,True,True,True,0.300701371,0.0001319623333333464,transfer,8713.33897616725,0.0010980000000000434,0.320245235062832,8713.33897616725,0.0010980000000000434,0.320245235062832,100.04535389376518,0.012443000000000037,0.08663409753341184,0.0,0.0,0.0,24.939006537174368,24.98337488235469,49.878013074348736,0.5211086817901134,0.004079251738372022,-0.013278636132569887,-0.006639318066284944,0.5189999938011169,0.5289999842643738,4338,1.0422173635802268,0.9975602614869747,0.0009202320959502686
87,270,50,500,1,0.5,87_270_50_500_1,current,True,1.6703290000000002,0.27910706300000004,1.949313,,True,True,True,0.278984,0.00012306300000003434,transfer,8646.661075336073,0.001062999999999814,0.3420589387699614,8646.661075336073,0.001062999999999814,0.3420589387699614,99.99654040405237,0.012206000000000161,0.07948263038699378,0.0,0.0,0.0,24.74491028225209,24.61389006681445,49.48982056450418,0.519235823576212,0.001517458341794103,-0.00046494207533848847,-0.00023247103766924423,0.5189999938011169,0.5289999842643738,4339,1.038471647152424,0.9897964112900836,0.0009202320959502686
87,270,50,1000,0,1.0,87_270_50_1000_0,current,True,1.6697769999999998,0.28,1.949641614,,True,True,True,0.279864614,0.0001353860000000151,transfer,8604.067632478615,0.0019879999999999898,0.38510386940618263,8604.067632478615,0.0019879999999999898,0.38510386940618263,99.9503882618264,0.012080999999999786,0.08584214994131906,0.0,0.0,0.0,24.781306959661435,24.5545627428592,49.56261391932287,1.0184140041781664,0.003196141720047116,0.008074099908820392,0.004037049954410196,1.0089999437332153,1.0290000438690186,4265,1.0184140041781664,0.9912522783864575,0.0009202320959502686
87,270,50,1000,1,1.0,87_270_50_1000_1,current,True,0.8991990000000001,0.301,1.20013009,,True,True,False,0.30093109,6.89099999999776e-05,transfer,8684.218268723733,0.0012600000000000389,0.3421719404108319,8684.218268723733,0.0012600000000000389,0.3421719404108319,100.00881895949009,0.012361999999999984,0.09358808084971906,0.0,0.0,0.0,25.056976328108554,24.980079791107684,50.11395265621711,1.022883375702262,0.005519429415659033,-0.0005989384299909456,-0.0002994692149954728,1.0089999437332153,1.0290000438690186,4327,1.022883375702262,1.0022790531243422,0.0009202320959502686
87,315,50,500,0,0.5,87_315_50_500_0,current,True,1.670709,0.3,1.970639928,,True,True,True,0.299930928,6.907200000000335e-05,transfer,8615.57129602703,0.0011280000000000179,0.34229845833213063,8615.57129602703,0.0011280000000000179,0.34229845833213063,99.98584615943976,0.01207099999999972,0.09803242946052211,0.0,-44.987711941096116,0.1347215548628199,24.945488418959762,25.094681481159764,49.890976837919524,0.5327728706662656,0.004847077081735871,0.016578610561364292,0.008289305280682146,0.5289999842643738,0.5389999747276306,4277,1.065545741332531,0.9978195367583905,0.011367826807941128
87,315,50,500,1,0.5,87_315_50_500_1,current,True,1.558786,0.30092538333333335,1.859569,,True,True,True,0.300783,0.0001423833333333291,transfer,8659.394467477547,0.0011510000000000131,0.35098694447372186,8659.394467477547,0.0011510000000000131,0.35098694447372186,99.9644202466326,0.0124439999999999,0.08977028364891106,0.0,-45.00652047693095,0.09527853940599726,24.807654148765838,24.616692009472935,49.615308297531676,0.5324797976124287,0.004763297109897907,0.020885703382908134,0.010442851691454067,0.5289999842643738,0.5389999747276306,4308,1.0649595952248574,0.9923061659506335,0.007440709026923287
87,315,50,1000,0,1.0,87_315_50_1000_0,current,True,1.660015,0.30924450166666667,1.969175,,True,True,True,0.30916,8.450166666668091e-05,transfer,8614.867230570244,0.0013730000000000686,0.37183198455429317,8614.867230570244,0.0013730000000000686,0.37183198455429317,100.03345009937712,0.012199999999999989,0.08970278893784031,0.0,-45.00499193344803,0.11072222537060838,24.70678905776367,24.77184914406385,49.41357811552734,1.0373141859400272,0.005148685192901251,0.022989363676177935,0.011494681838088968,1.0190000534057617,1.0490000247955322,4275,1.0373141859400272,0.9882715623105469,0.005912165544032177
87,315,50,1000,1,1.0,87_315_50_1000_1,current,True,1.658714,0.33066666666666666,1.989293188,,True,True,True,0.330579188,8.74786666666405e-05,transfer,8627.636102061848,0.0013360000000000039,0.34988745652413955,8627.636102061848,0.0013360000000000039,0.34988745652413955,99.99935065356719,0.01211000000000001,0.09610055191767247,0.0,-45.010589266537174,0.08326989830274698,24.94557368774458,25.495158009564094,49.89114737548916,1.0398052002310751,0.004436177307417416,0.021261548274378806,0.010630774137189403,1.0290000438690186,1.0490000247955322,4236,1.0398052002310751,0.9978229475097833,0.011509498633131443
102,45,30,500,0,0.5,102_45_30_500_0,current,True,2.869037,0.309502855,3.178532,,True,True,True,0.309495,7.855000000001056e-06,transfer,8640.989407772238,0.00305500000000003,0.3769812285053468,8640.989407772238,0.00305500000000003,0.3769812285053468,100.01313955616456,0.012213999999999947,0.09004634639510677,0.0,-135.01886601929846,0.1598547434816595,14.874650097642228,14.95132849998644,29.749300195284455,0.5351417260909082,0.001181913044849619,-0.0016763049805997706,-0.0008381524902998853,0.5350000262260437,0.5450000166893005,4319,1.0702834521818163,0.9916433398428152,0.01978625139437895
102,45,30,500,1,0.5,102_45_30_500_1,current,True,2.8594389999999996,0.30083687366666667,3.160131,,True,True,True,0.300692,0.00014487366666665613,transfer,8590.863149679992,0.001274999999999693,0.34929293856891713,8590.863149679992,0.001274999999999693,0.34929293856891713,100.0029118494921,0.012156999999999751,0.0891123040837729,0.0,-135.02714880514043,0.168205011878166,14.949295549546175,14.817711214973485,29.89859109909235,0.545024763332367,0.0004968438369534467,-0.0002962264019042787,-0.00014811320095213935,0.5450000166893005,0.5550000071525574,4306,1.090049526664734,0.9966197033030784,0.02806903723634946
102,45,30,1000,0,1.0,102_45_30_1000_0,current,True,2.339968,0.8294410503333334,3.169295,,True,True,True,0.829327,0.00011405033333333758,transfer,8643.77125730321,0.0012710000000000221,0.3430949141868973,8643.77125730321,0.0012710000000000221,0.3430949141868973,100.04154217704479,0.012517000000000333,0.09598471345563543,0.0,-134.99761398372624,0.1526260079490953,15.027867752886564,14.883222910719125,30.05573550577313,1.0099999904632568,0.0,0.0,0.0,1.0099999904632568,1.0099999904632568,4333,1.0099999904632568,1.0018578501924376,0.0014657841778387137
102,45,30,1000,1,1.0,102_45_30_1000_1,current,True,2.880919,0.32008702,3.200843,,True,True,True,0.319924,0.0001630200000000137,transfer,8595.47036970059,0.0014809999999999997,0.3665329934738798,8595.47036970059,0.0014809999999999997,0.3665329934738798,99.99932945056054,0.012493999999999783,0.0954870118119387,0.0,-134.98607341649992,0.14969098901744074,14.713685630833325,14.712381579392822,29.42737126166665,1.008777741077423,0.0037671892167288326,0.009161412364935341,0.004580706182467671,1.0,1.0190000534057617,4353,1.008777741077423,0.9809123753888883,0.013006351404158067
102,90,30,1000,0,1.0,102_90_30_1000_0,current,True,2.8905339999999997,0.3195,3.210004501,,True,True,True,0.319470501,2.9498999999988396e-05,transfer,8620.158328108277,0.001120000000000232,0.3357150711018305,8620.158328108277,0.001120000000000232,0.3357150711018305,100.02638678274477,0.012402999999999942,0.08966060682636558,0.0,180.0,0.0,15.090622738497515,15.10934174139177,30.18124547699503,1.0127195844829082,0.00413283507089248,-0.02075056807109609,-0.010375284035548046,1.0099999904632568,1.0190000534057617,4259,1.0127195844829082,1.0060415158998344,0.0009202320959502686
102,90,30,1000,1,1.0,102_90_30_1000_1,current,True,2.939936,0.31933333333333336,3.259163208,,True,True,True,0.319227208,0.00010612533333337337,transfer,8642.581786517181,0.0011020000000001584,0.32418183619902724,8642.581786517181,0.0011020000000001584,0.32418183619902724,100.03995460763778,0.012083999999999984,0.08918934639532176,0.0,180.0,0.0,14.77702421370103,15.006555488732065,29.55404842740206,1.0119625741887093,0.0037164017785482795,-0.018061107542506224,-0.009030553771253112,1.0099999904632568,1.0190000534057617,4350,1.0119625741887093,0.9851349475800686,0.0009202320959502686
102,135,30,500,0,0.5,102_135_30_500_0,current,True,2.8591930000000003,0.320524215,3.17965,,True,True,True,0.320457,6.721500000000935e-05,transfer,8651.063359871318,0.001314999999999955,0.36219000654595485,8651.063359871318,0.001314999999999955,0.36219000654595485,99.96466920348152,0.012115000000000098,0.09417850949664693,0.0,135.0076258563214,0.14867035577448745,14.914712912439937,14.945190594560001,29.829425824879873,0.538006373358965,0.004585337454847581,0.025230422727681768,0.012615211363840884,0.5350000262260437,0.5450000166893005,4380,1.07601274671793,0.9943141941626624,0.006705624225446627
102,135,30,500,1,0.5,102_135_30_500_1,current,True,2.869469,0.32001785,3.189436,,True,True,True,0.319967,5.084999999999118e-05,transfer,8626.999414157437,0.001092000000000093,0.33856554773279357,8626.999414157437,0.001092000000000093,0.33856554773279357,99.97405435256088,0.012503999999999998,0.09223260227382979,0.0,134.99808975353957,0.15365984446909237,14.804399301027498,14.799323456208123,29.608798602054996,0.5391146623020171,0.004920984808125803,0.029059334292828233,0.014529667146414117,0.5350000262260437,0.5450000166893005,4343,1.0782293246040342,0.9869599534018332,0.002830478556347771
102,135,30,1000,0,1.0,102_135_30_1000_0,current,True,2.868761,0.2907471036666667,3.159417,,True,True,True,0.290656,9.11036666666476e-05,transfer,8550.701944836383,0.001570999999999989,0.37008494059222824,8550.701944836383,0.001570999999999989,0.37008494059222824,100.0089189240561,0.012120000000000353,0.08822694275595232,0.0,134.99468507341223,0.13067625789957163,14.80515833303023,14.75675878180084,29.61031666606046,0.9976321681554318,0.009740350819123033,-0.010221516585710352,-0.005110758292855176,0.9900000095367432,1.0290000438690186,4313,0.9976321681554318,0.9870105555353487,0.006235158683693953
102,135,30,1000,1,1.0,102_135_30_1000_1,current,True,2.868185,0.29083333333333333,3.158936324,,True,True,True,0.290751324,8.200933333335492e-05,transfer,8629.123525180086,0.0011849999999999916,0.341923703637782,8629.123525180086,0.0011849999999999916,0.341923703637782,100.04537145354516,0.012518000000000029,0.09570605536760642,0.0,134.99049861678458,0.18051227165551326,14.930538989557373,14.955371484525498,29.861077979114746,0.9912477386648654,0.009807571192818536,-0.002373341916291953,-0.0011866709581459765,0.9800000190734863,1.0190000534057617,4310,0.9912477386648654,0.9953692659704916,0.01042161531131569
102,180,30,500,0,0.5,102_180_30_500_0,current,True,2.879442,0.32073016266666665,3.200047,,True,True,True,0.320605,0.0001251626666666783,transfer,8606.997822096684,0.0010460000000000053,0.33238421869550316,8606.997822096684,0.0010460000000000053,0.33238421869550316,99.99276838014394,0.012280000000000069,0.09299028533177886,0.0,90.0,0.0,14.96069388559023,15.019669953423076,29.92138777118046,0.5059999823570251,0.0,0.0,0.0,0.5059999823570251,0.5059999823570251,4252,1.0119999647140503,0.9973795923726819,0.0009202320959502686
102,180,30,500,1,0.5,102_180_30_500_1,current,True,1.4475709999999997,1.7510720243333333,3.198612,,True,True,True,1.751041,3.1024333333240506e-05,transfer,8616.841203200234,0.0012780000000000014,0.3370751287350027,8616.841203200234,0.0012780000000000014,0.3370751287350027,100.01299570063894,0.012714000000000336,0.08966236484999948,0.0,90.0,0.0,14.660708001307158,14.694797922012915,29.321416002614317,0.5277919395622015,0.010226761842137666,-0.0677162877594271,-0.03385814387971355,0.5059999823570251,0.5450000166893005,4350,1.055583879124403,0.9773805334204773,0.0009202320959502686
102,180,30,1000,0,1.0,102_180_30_1000_0,current,True,2.880575,0.3298977893333333,3.210339,,True,True,True,0.329764,0.00013378933333330068,transfer,8631.02148608365,0.001354999999999995,0.3383032334725307,8631.02148608365,0.001354999999999995,0.3383032334725307,99.97889008772341,0.012275999999999954,0.0955562289497662,0.0,90.0,0.0,14.895258333027831,14.862906338496284,29.790516666055662,0.9610000252723693,1.1102230246251564e-16,1.4791139637954122e-31,7.395569818977061e-32,0.9610000252723694,0.9610000252723694,4352,0.9610000252723693,0.9930172222018554,0.0009202320959502686
102,180,30,1000,1,1.0,102_180_30_1000_1,current,True,2.8902799999999997,0.3201678416666667,3.210429,,True,True,True,0.320149,1.8841666666657986e-05,transfer,8670.43768529612,0.0009950000000000792,0.3135709807722122,8670.43768529612,0.0009950000000000792,0.3135709807722122,100.02505052150228,0.012468000000000146,0.09534404985947408,0.0,90.0,0.0,14.842717382702016,14.90317728337443,29.685434765404032,0.9513970238590639,0.0019526542938361042,-0.001687616759314792,-0.000843808379657396,0.9509999752044678,0.9610000252723694,4358,0.9513970238590639,0.9895144921801344,0.0009202320959502686
102,225,30,500,0,0.5,102_225_30_500_0,current,True,2.8798079999999997,0.2897641376666667,3.16944,,True,True,True,0.289632,0.00013213766666669846,transfer,8608.191082627713,0.0014140000000000263,0.36849911747452274,8608.191082627713,0.0014140000000000263,0.36849911747452274,99.99646211347493,0.012425000000000352,0.09668197959013423,0.0,44.98534192538754,0.16746473350023477,14.895868728615179,14.98917292573958,29.791737457230358,0.544106380875826,0.010006618882856545,-0.04822419722206692,-0.02411209861103346,0.515999972820282,0.5649999976158142,4305,1.088212761751652,0.993057915241012,0.015578306708448508
102,225,30,500,1,0.5,102_225_30_500_1,current,True,2.8796910000000002,0.2812354556666667,3.160787,,True,True,True,0.281096,0.00013945566666667686,transfer,8548.443364923314,0.0021479999999999833,0.39104842927883365,8548.443364923314,0.0021479999999999833,0.39104842927883365,99.98020799964088,0.012457999999999858,0.09178138749695886,0.0,45.01111204238078,0.16967836664122016,14.882167191012808,15.112713464529689,29.764334382025616,0.5754690917137664,0.009394938321586837,-0.0003046924416003743,-0.00015234622080018714,0.5350000262260437,0.5839999914169312,4188,1.1509381834275327,0.9921444794008539,0.010191810284823077
102,225,30,1000,0,1.0,102_225_30_1000_0,current,True,2.8709260000000003,0.31033333333333335,3.18121628,,True,True,True,0.31029028,4.305333333337602e-05,transfer,8626.407949561757,0.0012130000000001306,0.3517905195286603,8626.407949561757,0.0012130000000001306,0.3517905195286603,100.02534366478778,0.012579999999999814,0.09614313015511089,0.0,45.0051477445421,0.17919345694168942,14.885708691985212,14.990291647499609,29.771417383970423,0.9934891395425797,0.006064702116510392,-0.031611948456320975,-0.015805974228160487,0.9900000095367432,1.0099999904632568,4299,0.9934891395425797,0.9923805794656808,0.004227512446163928
102,225,30,1000,1,1.0,102_225_30_1000_1,current,True,1.6402,0.30991343233333335,1.950018,,True,True,True,0.309818,9.543233333336731e-05,transfer,8649.784019273344,0.0012289999999999246,0.3486360570252713,8649.784019273344,0.0012289999999999246,0.3486360570252713,100.00017595338876,0.012313999999999936,0.09378730372911318,0.0,45.011028598960955,0.1811608902474944,14.975153399040469,15.11787069821159,29.950306798080938,0.9713864242618282,0.003509716143551162,-0.012604784634038427,-0.006302392317019213,0.9610000252723694,0.9800000190734863,4318,0.9713864242618282,0.9983435599360313,0.010108366864983509
102,270,30,500,0,0.5,102_270_30_500_0,current,True,2.668339,0.490601531,3.158871,,True,True,True,0.490532,6.953099999995604e-05,transfer,8613.06431470731,0.0012689999999999924,0.34800361648248884,8613.06431470731,0.0012689999999999924,0.34800361648248884,99.96088879682318,0.012402999999999942,0.095474151597143,0.0,0.0,0.0,14.800122928412458,15.033235957415332,29.600245856824916,0.6440207557022573,0.01074471727109604,-0.07009483927284714,-0.03504741963642357,0.6330000162124634,0.6629999876022339,4338,1.2880415114045145,0.9866748618941639,0.0009202320959502686
102,270,30,500,1,0.5,102_270_30_500_1,current,True,2.890486,0.289992685,3.180402,,True,True,True,0.289916,7.668499999996525e-05,transfer,8627.507285063168,0.0013969999999999816,0.35240083449398435,8627.507285063168,0.0013969999999999816,0.35240083449398435,99.96974522666454,0.012426000000000048,0.08913193710368239,0.0,0.0,0.0,14.89074322552933,14.981179666308982,29.78148645105866,0.6629788121637703,0.01753678678554184,-0.10927927603654025,-0.054639638018270126,0.6430000066757202,0.7020000219345093,4326,1.3259576243275406,0.9927162150352887,0.0009202320959502686
102,270,30,1000,0,1.0,102_270_30_1000_0,current,True,2.879958,0.289547668,3.16937,,True,True,True,0.289412,0.0001356679999999777,transfer,8655.068587750411,0.0019540000000000113,0.35914099918249376,8655.068587750411,0.0019540000000000113,0.35914099918249376,99.96520272855166,0.012332999999999927,0.09407206480796594,0.0,0.0,0.0,14.930507041167417,15.01924061978156,29.861014082334833,1.1164090947428942,0.021012830604135176,-0.08974363108117038,-0.04487181554058519,1.0,1.1660000085830688,4309,1.1164090947428942,0.9953671360778278,0.0009202320959502686
102,270,30,1000,1,1.0,102_270_30_1000_1,current,True,2.0585009999999997,1.1107121956666668,3.169084,,True,True,True,1.110583,0.0001291956666666927,transfer,8628.777383631124,0.0014009999999999856,0.3461839954439404,8628.777383631124,0.0014009999999999856,0.3461839954439404,100.01390506714324,0.012422999999999962,0.09270069802921758,0.0,0.0,0.0,14.902523831641869,14.736045447464853,29.805047663283737,1.0894372244238855,0.0035540204295535322,0.014822842178571018,0.007411421089285509,1.0880000591278076,1.1080000400543213,4381,1.0894372244238855,0.9935015887761246,0.0009202320959502686
102,315,30,500,0,0.5,102_315_30_500_0,current,True,2.860572,0.28051197,3.140935,,True,True,True,0.280363,0.00014897000000002603,transfer,8634.2450783377,0.0012879999999999836,0.3604884620163056,8634.2450783377,0.0012879999999999836,0.3604884620163056,99.97688581036512,0.012649000000000021,0.09620218240848169,0.0,-44.98726689094874,0.19614041010015626,14.878715468074109,14.731675451724922,29.757430936148218,0.5877666448165775,0.02060169165248521,0.06911756221807047,0.034558781109035236,0.4959999918937683,0.593999981880188,4317,1.175533289633155,0.991914364538274,0.011812876955332285
102,315,30,500,1,0.5,102_315_30_500_1,current,True,2.860758,0.29933333333333334,3.159994767,,True,True,True,0.299236767,9.656633333332554e-05,transfer,8625.329503760086,0.0018920000000000048,0.36769251200158964,8625.329503760086,0.0018920000000000048,0.36769251200158964,100.01020632017581,0.012054999999999705,0.09327508325776097,0.0,-44.974774053611235,0.1990093886103665,15.026225205132716,15.088912809026708,30.052450410265433,0.5966860876002511,0.004953908236543558,-0.02087051256423605,-0.010435256282118026,0.5649999976158142,0.6039999723434448,4292,1.1933721752005022,1.0017483470088477,0.024305714292836456
102,315,30,1000,0,1.0,102_315_30_1000_0,current,True,2.880623,0.2789542973333333,3.159538,,True,True,True,0.278915,3.92973333332991e-05,transfer,8644.913915322524,0.0013319999999998888,0.3605695490870188,8644.913915322524,0.0013319999999998888,0.3605695490870188,99.99173088911708,0.012615000000000265,0.08833870898891831,0.0,-45.0000884111657,0.1465968305676313,14.908309029425434,14.882925519724836,29.816618058850867,1.0361499141254424,0.010520757094109677,0.029786145550138816,0.014893072775069408,0.9700000286102295,1.0390000343322754,4338,1.0361499141254424,0.9938872686283623,0.0010086432616844832
102,315,30,1000,1,1.0,102_315_30_1000_1,current,True,2.8709930000000004,0.2905,3.161359871,,True,True,True,0.290366871,0.0001331289999999541,transfer,8620.512811495735,0.0017239999999998368,0.3531859531374134,8620.512811495735,0.0017239999999998368,0.3531859531374134,99.98894550367892,0.012484000000000162,0.08724558759371973,0.0,-44.99648277417964,0.10878959713484304,14.821153597997643,14.664974741254788,29.642307195995286,1.0297382166454794,0.006489076568318274,-0.0036373737669328316,-0.0018186868834664158,0.9900000095367432,1.0390000343322754,4295,1.0297382166454794,0.9880769065331763,0.002596993724409913
102,45,50,500,0,0.5,102_45_50_500_0,current,True,1.6482169999999998,0.35092255933333333,1.999126,,True,True,True,0.350909,1.3559333333301726e-05,transfer,8613.49666427403,0.0014130000000003307,0.35908813036370524,8613.49666427403,0.0014130000000003307,0.35908813036370524,100.03489801921765,0.012217000000000144,0.0856215277108641,0.0,-134.99514148493623,0.0885997716129566,25.139375352188093,25.02435709731659,50.278750704376186,0.5386456994159223,0.0048130826009468355,0.024751046171841543,0.012375523085920772,0.5350000262260437,0.5450000166893005,4288,1.0772913988318447,1.0055750140875237,0.003938282967851592
102,45,50,500,1,0.5,102_45_50_500_1,current,True,1.640155,0.31941817633333336,1.959409,,True,True,True,0.319254,0.00016417633333337678,transfer,8581.61517408034,0.001350999999999991,0.3706808981198366,8581.61517408034,0.001350999999999991,0.3706808981198366,100.04130145472902,0.012302999999999953,0.09024525499024708,0.0,-135.00325605794123,0.08375223058949643,24.949975640646056,24.93642162900842,49.89995128129211,0.5450000166893006,1.1102230246251565e-16,0.0,0.0,0.5450000166893005,0.5450000166893005,4277,1.0900000333786013,0.9979990256258422,0.00417629003715092
102,45,50,1000,0,1.0,102_45_50_1000_0,current,True,1.6799779999999997,0.3302598256666667,2.01021,,True,True,True,0.330232,2.7825666666647653e-05,transfer,8629.704963172859,0.0010640000000000024,0.34224450074738816,8629.704963172859,0.0010640000000000024,0.34224450074738816,100.0008225175878,0.012218000000000062,0.08844060586432649,0.0,-135.00156484507312,0.057582562507974444,24.392985362746064,24.344718320118744,48.78597072549213,1.0099999904632568,0.0,0.0,0.0,1.0099999904632568,1.0099999904632568,4350,1.0099999904632568,0.9757194145098426,0.0024850771690410056
102,45,50,1000,1,1.0,102_45_50_1000_1,current,True,0.9196009999999999,0.34098496733333333,1.26057,,True,True,False,0.340969,1.5967333333311018e-05,transfer,8737.429875141537,0.001064000000000065,0.3067108551427253,8737.429875141537,0.001064000000000065,0.3067108551427253,100.03245396809734,0.012283999999999962,0.10154725594053891,0.0,-134.99602787710973,0.05941436758201633,25.168968050336556,25.208976800441473,50.33793610067311,1.0102290101091862,0.0057614789027710086,-0.016885516251122012,-0.008442758125561006,1.0,1.0190000534057617,4357,1.0102290101091862,1.0067587220134622,0.003051890794353085
102,90,50,1000,0,1.0,102_90_50_1000_0,current,True,1.658734,0.32038376166666666,1.978971,,True,True,True,0.320237,0.00014676166666666157,transfer,8630.610642949356,0.0013130000000001196,0.3460140682143667,8630.610642949356,0.0013130000000001196,0.3460140682143667,99.96602886032235,0.01227099999999992,0.08697763731123473,0.0,180.0,0.0,25.293498798031752,25.510244468431917,50.586997596063505,1.0121354762377741,0.003930019953214277,-0.0193061001991277,-0.00965305009956385,1.0099999904632568,1.0490000247955322,4313,1.0121354762377741,1.0117399519212702,0.0009202320959502686
102,90,50,1000,1,1.0,102_90_50_1000_1,current,True,1.659726,0.320647874,1.980368,,True,True,True,0.320642,5.87400000001681e-06,transfer,8626.357909121596,0.0017440000000000233,0.3525981843200065,8626.357909121596,0.0017440000000000233,0.3525981843200065,100.02371603040721,0.01260899999999987,0.08719379129809614,0.0,180.0,0.0,25.09529922952431,25.5268287657722,50.19059845904862,1.0108688953738212,0.002807257217054351,-0.008992964651506712,-0.004496482325753356,1.0099999904632568,1.0490000247955322,4235,1.0108688953738212,1.0038119691809724,0.0009202320959502686
102,135,50,500,0,0.5,102_135_50_500_0,current,True,1.649686,0.309725005,1.959409,,True,True,True,0.309723,2.004999999971613e-06,transfer,8569.77352936006,0.002622000000000013,0.3951238068258127,8569.77352936006,0.002622000000000013,0.3951238068258127,99.99703871430417,0.012254999999999905,0.09101128302999613,0.0,134.99489999090727,0.08925270001414276,24.982671493425865,25.440436102037694,49.96534298685173,0.5444238432936669,0.00961559745492086,0.04407951050766914,0.02203975525383457,0.5350000262260437,0.5740000009536743,4206,1.0888476865873338,0.9993068597370346,0.006020241188707587
102,135,50,500,1,0.5,102_135_50_500_1,current,True,1.5278880000000001,0.43066666666666664,1.95849168,,True,True,True,0.43060368,6.298666666665342e-05,transfer,8566.07674154226,0.0018790000000000005,0.39060788327189777,8566.07674154226,0.0018790000000000005,0.39060788327189777,100.05430177128996,0.012198999999999849,0.08869603298369517,0.0,135.0089061660939,0.07849438750195502,25.047852132370213,24.95988867953363,50.09570426474043,0.5515236904678344,0.011562099475388547,0.07708991218746922,0.03854495609373461,0.5350000262260437,0.5649999976158142,4194,1.103047380935669,1.0019140852948085,0.007985933998043038
102,135,50,1000,0,1.0,102_135_50_1000_0,current,True,1.660525,0.3095,1.969953292,,True,True,True,0.309428292,7.170800000000366e-05,transfer,8566.648805480934,0.0011120000000000019,0.3602831477551997,8566.648805480934,0.0011120000000000019,0.3602831477551997,100.01829931216115,0.012091999999999936,0.08368178618191562,0.0,134.9922712559025,0.06639866851948284,25.228414744083835,25.481469091727984,50.45682948816767,1.0201797337756158,0.010899245010131044,0.06242461652690969,0.031212308263454846,1.0,1.0390000343322754,4271,1.0201797337756158,1.0091365897633535,0.008648976193398994
102,135,50,1000,1,1.0,102_135_50_1000_1,current,True,1.661411,0.29933333333333334,1.960699967,,True,True,True,0.299288967,4.4366333333323293e-05,transfer,8605.627413371834,0.001384000000000274,0.35325287225366225,8605.627413371834,0.001384000000000274,0.35325287225366225,100.02642939707776,0.01217600000000002,0.09080488178677255,0.0,135.0078694885256,0.09984590786211811,24.734312917134226,24.791158253260946,49.46862583426845,0.9972589777727127,0.009718799961396673,0.04380478928885955,0.021902394644429776,0.9800000190734863,1.0190000534057617,4297,0.9972589777727127,0.9893725166853691,0.006949256429720663
102,180,50,500,0,0.5,102_180_50_500_0,current,True,1.650236,0.320114821,1.970311,,True,True,True,0.320075,3.982099999999544e-05,transfer,8641.004790641573,0.001124000000000125,0.3274143303375397,8641.004790641573,0.001124000000000125,0.3274143303375397,100.00244349861943,0.012288999999999994,0.08809964770906259,0.0,90.0,0.0,25.03914885679771,25.169209862374228,50.07829771359542,0.5085077558037638,0.00555106822402354,0.025341083980973487,0.012670541990486743,0.5059999823570251,0.5249999761581421,4325,1.0170155116075277,1.0015659542719084,0.0009202320959502686
102,180,50,500,1,0.5,102_180_50_500_1,current,True,1.6704769999999998,0.3396666666666667,2.010107254,,True,True,True,0.339630254,3.6412666666651994e-05,transfer,8665.094890989827,0.0013130000000001196,0.33191723076512786,8665.094890989827,0.0013130000000001196,0.33191723076512786,100.03399303281763,0.012364000000000042,0.09025202221970537,0.0,90.0,0.0,24.836433373658434,25.038390391090985,49.67286674731687,0.5156659021493197,0.013950646945396755,0.08204940791759988,0.04102470395879994,0.5059999823570251,0.5550000071525574,4328,1.0313318042986395,0.9934573349463374,0.0009202320959502686
102,180,50,1000,0,1.0,102_180_50_1000_0,current,True,1.6699039999999998,0.3394773146666667,2.009315,,True,True,True,0.339411,6.631466666667807e-05,transfer,8564.365139513218,0.0013530000000000486,0.3738360338389374,8564.365139513218,0.0013530000000000486,0.3738360338389374,100.0333732029565,0.012089000000000016,0.09382949562063214,0.0,90.0,0.0,25.09790227753667,25.439619151430087,50.19580455507334,0.9649118194530409,0.0071127891296701475,0.03683444321003236,0.01841722160501618,0.9610000252723694,0.9900000095367432,4319,0.9649118194530409,1.0039160911014668,0.0009202320959502686
102,180,50,1000,1,1.0,102_180_50_1000_1,current,True,1.7002419999999998,0.340095095,2.040266,,True,True,True,0.340024,7.1095000000021e-05,transfer,8592.249317357637,0.0012969999999999926,0.37719433510996875,8592.249317357637,0.0012969999999999926,0.37719433510996875,99.98048457849093,0.012298000000000031,0.09363584718804764,0.0,90.0,0.0,24.69402589617958,25.10587628233242,49.38805179235916,0.9672322549504042,0.01056666516841355,0.057180048761351125,0.028590024380675563,0.9610000252723694,0.9900000095367432,4307,0.9672322549504042,0.9877610358471831,0.0009202320959502686
102,225,50,500,0,0.5,102_225_50_500_0,current,True,1.6718199999999999,0.319506796,1.991259,,True,True,True,0.319439,6.779600000000885e-05,transfer,8607.115763270018,0.0010280000000000289,0.3495402521740905,8607.115763270018,0.0010280000000000289,0.3495402521740905,100.02004926779439,0.012194000000000038,0.09402125385782374,0.0,45.005193936940955,0.06030830037613555,24.78567815716267,24.549376385854313,49.57135631432534,0.5385254144905209,0.009894189943028478,-0.04143643106534143,-0.020718215532670715,0.5249999761581421,0.5649999976158142,4299,1.0770508289810419,0.9914271262865069,0.004273704844990789
102,225,50,500,1,0.5,102_225_50_500_1,current,True,1.530821,0.45007467566666665,1.980744,,True,True,True,0.449923,0.00015167566666662857,transfer,8574.00195688376,0.0020239999999999998,0.3714265455815992,8574.00195688376,0.0020239999999999998,0.3714265455815992,100.02481134930873,0.012255000000000016,0.09446607081602587,0.0,44.997179665520754,0.08419459888065717,24.852142811191705,25.224931091151095,49.70428562238341,0.5481214174541633,0.014412062947689123,0.0752668985158221,0.03763344925791105,0.5350000262260437,0.5839999914169312,4272,1.0962428349083266,0.9940857124476682,0.003740566575174853
102,225,50,1000,0,1.0,102_225_50_1000_0,current,True,1.680549,0.31893146133333333,1.999425,,True,True,True,0.318876,5.54613333333398e-05,transfer,8688.941929529397,0.001434999999999853,0.3320734432743546,8688.941929529397,0.001434999999999853,0.3320734432743546,100.02914876552262,0.012529000000000012,0.09361976522587231,0.0,45.00778117579216,0.05164928441901395,24.938013477790026,24.89004587043563,49.87602695558005,0.9916877012605668,0.004061928081925712,-0.007119669986933543,-0.0035598349934667715,0.9900000095367432,1.0099999904632568,4329,0.9916877012605668,0.997520539111601,0.006860943696210597
102,225,50,1000,1,1.0,102_225_50_1000_1,current,True,1.080961,0.28942771266666667,1.370373,,True,True,True,0.289412,1.5712666666667374e-05,transfer,8647.343515288145,0.0014210000000000021,0.3524460883420809,8647.343515288145,0.0014210000000000021,0.3524460883420809,99.96939903841641,0.012402000000000024,0.09052890979770219,0.0,45.01011418149949,0.08629390676405535,24.911409654552177,24.929899141445343,49.822819309104354,0.9862769864206313,0.005296969472227424,0.015665431169108353,0.007832715584554176,0.9700000286102295,0.9900000095367432,4334,0.9862769864206313,0.9964563861820871,0.009193949403538682
102,270,50,500,0,0.5,102_270_50_500_0,current,True,1.6488660000000002,0.310894809,1.959723,,True,True,True,0.310857,3.780899999999976e-05,transfer,8578.3116277823,0.0011049999999999671,0.3634082824873908,8578.3116277823,0.0011049999999999671,0.3634082824873908,100.03637686431429,0.012569999999999748,0.09107901251050811,0.0,0.0,0.0,25.19432854303823,25.007986858252586,50.38865708607646,0.6372434421656132,0.01433988178550385,-0.09331579176299194,-0.04665789588149597,0.6230000257492065,0.6629999876022339,4299,1.2744868843312265,1.0077731417215292,0.0009202320959502686
102,270,50,500,1,0.5,102_270_50_500_1,current,True,1.67021,0.3006666666666667,1.970792369,,True,True,True,0.300582369,8.429766666667726e-05,transfer,8596.357159455925,0.0012559999999997018,0.35839362820512566,8596.357159455925,0.0012559999999997018,0.35839362820512566,99.9836390408842,0.01231099999999996,0.09178192278758904,0.0,0.0,0.0,24.784631866438083,24.645295321807122,49.569263732876166,0.6389578905305862,0.016172970259334063,-0.10504516850460041,-0.052522584252300206,0.6230000257492065,0.6629999876022339,4251,1.2779157810611723,0.9913852746575234,0.0009202320959502686
102,270,50,1000,0,1.0,102_270_50_1000_0,current,True,1.6503269999999999,0.2995,1.949715478,,True,True,True,0.299388478,0.00011152199999997503,transfer,8652.151200110817,0.0011940000000000284,0.33850315107040024,8652.151200110817,0.0011940000000000284,0.33850315107040024,99.96755598410336,0.012329999999999952,0.09376596780429865,0.0,0.0,0.0,25.370189800934096,25.665677811047445,50.74037960186819,1.103876054446503,0.015340529320120094,-0.10038135337513143,-0.050190676687565716,1.0880000591278076,1.1469999551773071,4324,1.103876054446503,1.0148075920373638,0.0009202320959502686
102,270,50,1000,1,1.0,102_270_50_1000_1,current,True,1.380754,0.3002536256666667,1.680992,,True,True,True,0.300238,1.562566666668541e-05,transfer,8627.900408447033,0.0013339999999999463,0.356278516358151,8627.900408447033,0.0013339999999999463,0.356278516358151,100.04001600640255,0.012067999999999995,0.08559378562389774,0.0,0.0,0.0,24.9374092173949,25.448082098895597,49.8748184347898,1.1003743596020936,0.015755831617652392,-0.10441701203251434,-0.05220850601625717,1.0779999494552612,1.1369999647140503,4294,1.1003743596020936,0.997496368695796,0.0009202320959502686
102,315,50,500,0,0.5,102_315_50_500_0,current,True,0.8399589999999999,0.29,1.129792599,,True,True,False,0.289833599,0.0001664009999999827,transfer,8543.083023846932,0.0013079999999998648,0.38418650557945483,8543.083023846932,0.0013079999999998648,0.38418650557945483,100.06215572646254,0.012116999999999933,0.08983490891659864,0.0,-45.00001878083885,0.08415909867625969,24.752615368912885,24.826978551944222,49.50523073782577,0.5886355157185793,0.011553082052205127,0.009906197243319427,0.004953098621659714,0.515999972820282,0.6039999723434448,4295,1.1772710314371586,0.9901046147565153,0.0009390129348503251
102,315,50,500,1,0.5,102_315_50_500_1,current,True,1.679561,0.310058811,1.989532,,True,True,True,0.309971,8.78109999999932e-05,transfer,8578.602127435795,0.0011210000000003717,0.34088623657319905,8578.602127435795,0.0011210000000003717,0.34088623657319905,99.95412015835974,0.012427000000000077,0.08637777366222775,0.0,-44.99581885083063,0.07270731969214807,24.759918207330234,24.824821117549313,49.51983641466047,0.5918088953601718,0.007387840159162164,-0.01161172132692072,-0.00580586066346036,0.5839999914169312,0.6140000224113464,4352,1.1836177907203436,0.9903967282932093,0.0032609170734758663
102,315,50,1000,0,1.0,102_315_50_1000_0,current,True,1.658446,0.2905,1.948940651,,True,True,True,0.290494651,5.348999999987836e-06,transfer,8673.204022801994,0.0013139999999998153,0.3399884832963676,8673.204022801994,0.0013139999999998153,0.3399884832963676,100.00038961190758,0.012500999999999873,0.0917870057295008,0.0,-44.984021088008205,0.07031247830668542,24.78069041032156,24.71740760590711,49.56138082064312,1.056220927909136,0.00511467583291084,0.018995092415995497,0.009497546207997748,1.0190000534057617,1.059000015258789,4347,1.056220927909136,0.9912276164128625,0.01505867989590115
102,315,50,1000,1,1.0,102_315_50_1000_1,current,True,1.650964,0.30918649866666664,1.960063,,True,True,True,0.309099,8.749866666662998e-05,transfer,8632.499950297044,0.0008759999999998769,0.3327929445246728,8632.499950297044,0.0008759999999998769,0.3327929445246728,99.98167756587593,0.012723000000000012,0.09384053608360057,0.0,-44.99774886558322,0.1071374278699011,24.55273172408207,24.802139757396493,49.10546344816414,1.031501951483011,0.004331225065835528,0.0115671913502082,0.0057835956751041,1.0290000438690186,1.0390000343322754,4308,1.031501951483011,0.9821092689632828,0.001330902320887617
103,45,30,500,0,0.5,103_45_30_500_0,current,True,2.8705190000000003,0.300007872,3.170449,,True,True,True,0.29993,7.787200000003436e-05,transfer,8628.700307146086,0.0013140000000000374,0.3365472135164513,8628.700307146086,0.0013140000000000374,0.3365472135164513,99.98469442507627,0.012437999999999949,0.09296309394669146,0.0,-135.00649800968128,0.11475508563107573,15.273152177725454,15.37109016698175,30.546304355450907,0.5682289558133483,0.00431676539948547,0.024845938862624737,0.012422969431312368,0.5649999976158142,0.5740000009536743,4308,1.1364579116266966,1.018210145181697,0.007418241777202184
103,45,30,500,1,0.5,103_45_30_500_1,current,True,2.119969,0.30009827499999997,2.419986,,True,True,True,0.300017,8.127499999999177e-05,transfer,8569.757333101585,0.0015559999999998908,0.3624169009324982,8569.757333101585,0.0015559999999998908,0.3624169009324982,99.98214395141747,0.012561999999999962,0.09252213986341017,0.0,-135.0157701773117,0.19813777381829992,14.791657514842067,14.838883259314047,29.583315029684133,0.5587104836139678,0.006812653641946907,0.04222556157758121,0.021112780788790603,0.5450000166893005,0.5649999976158142,4287,1.1174209672279356,0.9861105009894711,0.016690409407630113
103,45,30,1000,0,1.0,103_45_30_1000_0,current,True,1.5412310000000002,1.6391990006666666,3.180372,,True,True,True,1.639141,5.80006666666133e-05,transfer,8641.78406500263,0.0012959999999999638,0.3478381315717198,8641.78406500263,0.0012959999999999638,0.3478381315717198,99.9991520539738,0.012550000000000061,0.09241962408308434,0.0,-135.01219861364052,0.18246645761736602,15.120418979940414,15.389361229056274,30.240837959880828,1.0874470024800296,0.004360311671090932,-0.013078532379977427,-0.006539266189988713,1.0800000429153442,1.090000033378601,4333,1.0874470024800296,1.0080279319960277,0.013118845736443063
103,45,30,1000,1,1.0,103_45_30_1000_1,current,True,2.8796850000000003,0.30037275733333335,3.179911,,True,True,True,0.300226,0.00014675733333335828,transfer,8636.451674813274,0.0013590000000003322,0.3312700896789534,8636.451674813274,0.0013590000000003322,0.3312700896789534,100.00511790897534,0.012490000000000001,0.08765148875540468,0.0,-134.99839792670437,0.15684058809123222,14.590303739103437,14.663808941065469,29.180607478206873,1.0276296076939107,0.01250927546289814,0.08270632469430818,0.04135316234715409,1.0019999742507935,1.0410000085830688,4394,1.0276296076939107,0.9726869159402292,0.0006818411997073781
103,90,30,1000,0,1.0,103_90_30_1000_0,current,True,2.899306,0.359585648,3.258854,,True,True,True,0.359548,3.7648000000001236e-05,transfer,8595.830452117878,0.0012600000000000389,0.3497220238842511,8595.830452117878,0.0012600000000000389,0.3497220238842511,100.03516573617598,0.012586999999999904,0.09496240787069306,0.0,180.0,0.0,14.865787428393725,14.958029887592726,29.73157485678745,1.0795321933615205,0.0021117783670311753,0.004853847788721598,0.002426923894360799,1.0700000524520874,1.0800000429153442,4334,1.0795321933615205,0.9910524952262484,0.0009202320959502686
103,90,30,1000,1,1.0,103_90_30_1000_1,current,True,2.8885240000000003,0.29083333333333333,3.17927193,,True,True,True,0.29074793,8.540333333334482e-05,transfer,8610.110186613763,0.0012609999999999566,0.34368262932959887,8610.110186613763,0.0012609999999999566,0.34368262932959887,100.01971148700065,0.012469000000000008,0.09447276011883038,0.0,180.0,0.0,14.953182906846752,15.130266026499015,29.906365813693505,1.0509455721879004,0.01067548320903657,0.06929071107064474,0.03464535553532237,1.031000018119812,1.0700000524520874,4360,1.0509455721879004,0.9968788604564501,0.0009202320959502686
103,135,30,500,0,0.5,103_135_30_500_0,current,True,2.888805,0.31071434266666664,3.199515,,True,True,True,0.31071,4.342666666656836e-06,transfer,8639.984138422764,0.0012469999999999981,0.33721356851812895,8639.984138422764,0.0012469999999999981,0.33721356851812895,99.99797062941958,0.012180999999999997,0.09142963011476814,0.0,135.00166675395243,0.15548839094535788,14.978621852572282,15.057855138167554,29.957243705144563,0.5451098699178696,0.0010423356015320721,0.0013037585796611404,0.0006518792898305702,0.5450000166893005,0.5550000071525574,4319,1.0902197398357392,0.9985747901714854,0.0007465218565130272
103,135,30,500,1,0.5,103_135_30_500_1,current,True,1.6404890000000003,1.5402699026666666,3.180693,,True,True,True,1.540204,6.59026666667284e-05,transfer,8607.631254592778,0.0010019999999997253,0.3285348489501434,8607.631254592778,0.0010019999999997253,0.3285348489501434,99.97414158566612,0.012433999999999834,0.09302919429385884,0.0,135.01269436699673,0.21816563250551724,15.032846076074597,14.949155876101363,30.065692152149193,0.5649999976158142,0.0,0.0,0.0,0.5649999976158142,0.5649999976158142,4324,1.1299999952316284,1.0021897384049732,0.0117741349008611
103,135,30,1000,0,1.0,103_135_30_1000_0,current,True,2.8702579999999998,0.29949566233333336,3.169631,,True,True,True,0.299373,0.00012266233333335652,transfer,8629.861581916768,0.0013369999999999216,0.3737922755679804,8629.861581916768,0.0013369999999999216,0.3737922755679804,100.02437544163989,0.012187999999999977,0.09405273667688616,0.0,135.0243633066561,0.17416910700095936,14.850559058346894,14.873400989367566,29.701118116693788,1.0355700504281522,0.004981474099190345,0.029778124507799444,0.014889062253899722,1.031000018119812,1.0410000085830688,4270,1.0355700504281522,0.9900372705564596,0.023443074560191235
103,135,30,1000,1,1.0,103_135_30_1000_1,current,True,2.880648,0.30916666666666665,3.189736267,,True,True,True,0.309088267,7.839966666661757e-05,transfer,8648.221584980383,0.0012840000000000629,0.3390348370884652,8648.221584980383,0.0012840000000000629,0.3390348370884652,100.03150992562658,0.01236500000000007,0.09167122975754224,0.0,134.98999067991173,0.1453855731326854,14.905254242289523,14.896306980563145,29.810508484579046,1.0600755737245082,0.002896481398374935,0.009672860337053914,0.004836430168526957,1.0509999990463257,1.0609999895095825,4313,1.0600755737245082,0.9936836161526349,0.010929552184165914
103,180,30,500,0,0.5,103_180_30_500_0,current,True,2.871042,0.31983333333333336,3.190799768,,True,True,True,0.319757768,7.556533333336057e-05,transfer,8695.33684547185,0.0009149999999999991,0.31434566899654287,8695.33684547185,0.0009149999999999991,0.31434566899654287,99.99568471003484,0.012320000000000109,0.08451673986212842,0.0,90.0,0.0,14.823004869662649,14.698360154102815,29.646009739325297,0.5350000262260438,1.1102230246251565e-16,1.1093354674199936e-31,5.546677337099968e-32,0.5350000262260437,0.5350000262260437,4357,1.0700000524520876,0.9882003246441766,0.0009202320959502686
103,180,30,500,1,0.5,103_180_30_500_1,current,True,2.8700029999999996,0.3198672573333334,3.189726,,True,True,True,0.319723,0.0001442573333333974,transfer,8644.345038895694,0.0008759999999998769,0.31938429845085353,8644.345038895694,0.0008759999999998769,0.31938429845085353,99.96414976176699,0.012272999999999978,0.09222217413998213,0.0,90.0,0.0,14.98399233060581,15.192601160330465,29.96798466121162,0.5308988023588459,0.0049185777215347785,0.028501957359606065,0.014250978679803033,0.5249999761581421,0.5350000262260437,4303,1.0617976047176918,0.9989328220403874,0.0009202320959502686
103,180,30,1000,0,1.0,103_180_30_1000_0,current,True,2.8884559999999997,0.320110832,3.208538,,True,True,True,0.320082,2.8832000000034164e-05,transfer,8654.480629737862,0.0013070000000001691,0.3404967359052158,8654.480629737862,0.0013070000000001691,0.3404967359052158,99.9733802223408,0.012160999999999866,0.08791942960625321,0.0,90.0,0.0,14.929429664021749,14.977148689192472,29.858859328043497,1.017969526462555,0.0042533238774517855,0.024120847842110608,0.012060423921055304,1.0119999647140503,1.0210000276565552,4344,1.017969526462555,0.9952953109347832,0.0009202320959502686
103,180,30,1000,1,1.0,103_180_30_1000_1,current,True,1.529468,0.310094305,1.839431,,True,True,True,0.309963,0.00013130500000002598,transfer,8663.926632791285,0.0012579999999999814,0.3402536435022818,8663.926632791285,0.0012579999999999814,0.3402536435022818,99.97840229173045,0.012344999999999995,0.08908032830571233,0.0,90.0,0.0,14.96396649349083,14.940548804706044,29.92793298698166,1.0500638899390697,0.0029128648929258147,0.009800104396117339,0.0049000521980586695,1.0410000085830688,1.0509999990463257,4338,1.0500638899390697,0.997597766232722,0.0009202320959502686
103,225,30,500,0,0.5,103_225_30_500_0,current,True,1.461451,1.7087723676666666,3.17022,,True,True,True,1.708769,3.367666666642677e-06,transfer,8624.83055493679,0.0013930000000000053,0.36595150432096857,8624.83055493679,0.0013930000000000053,0.36595150432096857,99.98832980784061,0.012338999999999878,0.09699787867459846,0.0,45.015146897910135,0.10701126966914387,14.843383311580434,14.979825350195199,29.686766623160867,0.5171385932425658,0.002991844102734664,0.011934836102724174,0.005967418051362087,0.515999972820282,0.5249999761581421,4257,1.0342771864851317,0.9895588874386956,0.014226665814248918
103,225,30,500,1,0.5,103_225_30_500_1,current,True,2.541365,0.289502869,2.830793,,True,True,True,0.289428,7.486899999997743e-05,transfer,8625.87751580798,0.0011419999999999764,0.37048460937371763,8625.87751580798,0.0011419999999999764,0.37048460937371763,100.0111123458162,0.012499000000000038,0.09271195315166222,0.0,45.01909504425197,0.13578999143895487,14.682568746262227,14.773894593524883,29.365137492524454,0.5251212467653156,0.0010945344139564736,-0.0014376003697615359,-0.0007188001848807679,0.5249999761581421,0.5350000262260437,4303,1.0502424935306311,0.9788379164174817,0.01817481215607586
103,225,30,1000,0,1.0,103_225_30_1000_0,current,True,2.869673,0.31033333333333335,3.179955052,,True,True,True,0.310282052,5.1281333333375034e-05,transfer,8638.18323207577,0.0016619999999999968,0.35562892439331073,8638.18323207577,0.0016619999999999968,0.35562892439331073,100.02730950884245,0.012440000000000007,0.08741043869675738,0.0,45.04258484359692,0.12247704016962181,14.761704153898075,14.70647551388968,29.52340830779615,1.002792656828165,0.0027015685343217454,-0.008758175365036957,-0.004379087682518479,1.0019999742507935,1.0119999647140503,4302,1.002792656828165,0.9841136102598717,0.041664611500891624
103,225,30,1000,1,1.0,103_225_30_1000_1,current,True,2.8787589999999996,0.3009984743333333,3.179623,,True,True,True,0.300864,0.00013447433333330094,transfer,8654.652714804148,0.001449999999999993,0.3439064487226408,8654.652714804148,0.001449999999999993,0.3439064487226408,100.00768387483144,0.012291000000000052,0.09691335791427871,0.0,45.00230591484765,0.16304223041479554,14.892479886413362,14.961174042832893,29.784959772826724,1.0203026877796653,0.0024062044552425384,-0.007719705830585285,-0.0038598529152926424,1.0119999647140503,1.0210000276565552,4351,1.0203026877796653,0.9928319924275575,0.0013856827516747217
103,270,30,500,0,0.5,103_270_30_500_0,current,True,2.69051,0.2798453913333333,2.970333,,True,True,True,0.279823,2.2391333333315888e-05,transfer,8608.477428509443,0.001414999999999722,0.38372960607512907,8608.477428509443,0.001414999999999722,0.38372960607512907,100.01466490687785,0.012359000000000009,0.08998644970278957,0.0,0.0,0.0,14.881186202412371,14.925125935718278,29.762372404824742,0.5242281223572492,0.010602986324862923,-0.0635933868156956,-0.0317966934078478,0.515999972820282,0.5550000071525574,4257,1.0484562447144985,0.9920790801608247,0.0009202320959502686
103,270,30,500,1,0.5,103_270_30_500_1,current,True,2.889646,0.3008289393333333,3.19045,,True,True,True,0.300804,2.4939333333307e-05,transfer,8656.876876912083,0.0015050000000000896,0.35120624900598274,8656.876876912083,0.0015050000000000896,0.35120624900598274,100.00524954242466,0.012273999999999674,0.08642554721336859,0.0,0.0,0.0,14.864622329511246,14.88975890297041,29.72924465902249,0.5537426091452042,0.0070469371600208755,-0.044102162316088135,-0.022051081158044068,0.5450000166893005,0.5740000009536743,4328,1.1074852182904085,0.9909748219674164,0.0009202320959502686
103,270,30,1000,0,1.0,103_270_30_1000_0,current,True,2.8889869999999997,0.2805,3.169373748,,True,True,True,0.280386748,0.00011325200000000812,transfer,8624.604742187712,0.0010989999999999611,0.3400424583060405,8624.604742187712,0.0010989999999999611,0.3400424583060405,100.03876856526834,0.012356999999999951,0.09608940495722829,0.0,0.0,0.0,14.856852455980018,15.076029481228652,29.713704911960036,1.0623453039386273,0.010112819876491675,-0.04380239342829642,-0.02190119671414821,1.0509999990463257,1.090000033378601,4365,1.0623453039386273,0.9904568303986678,0.0009202320959502686
103,270,30,1000,1,1.0,103_270_30_1000_1,current,True,2.8795669999999998,0.3205,3.200016282,,True,True,True,0.320449282,5.071800000000515e-05,transfer,8629.435204083584,0.0011010000000000186,0.32378085499603737,8629.435204083584,0.0011010000000000186,0.32378085499603737,100.02747067114892,0.01222499999999993,0.09072810808612933,0.0,0.0,0.0,14.875629438262411,14.777476655389787,29.751258876524822,1.058999728250742,0.006285807180282742,-0.039079675313332084,-0.019539837656666042,1.0509999990463257,1.0700000524520874,4305,1.058999728250742,0.991708629217494,0.0009202320959502686
103,315,30,500,0,0.5,103_315_30_500_0,current,True,1.7805779999999998,0.299550916,2.079998,,True,True,True,0.29942,0.00013091599999998094,transfer,8557.674433060667,0.0013489999999998226,0.34991787907811583,8557.674433060667,0.0013489999999998226,0.34991787907811583,100.0290700317893,0.012267999999999946,0.0906992965742156,0.0,-44.998138440562506,0.10346425090719148,15.031573389490239,15.091059698064836,30.063146778980478,0.5162120848989487,0.0013652904021065762,0.0021632115677514704,0.0010816057838757352,0.515999972820282,0.5249999761581421,4232,1.0324241697978973,1.0021048926326825,0.0009413273414793366
103,315,30,500,1,0.5,103_315_30_500_1,current,True,0.989811,1.4103333333333334,2.400090874,,True,True,False,1.410279874,5.3459333333449877e-05,transfer,8602.747855811462,0.001623000000000041,0.37383220290380553,8602.747855811462,0.001623000000000041,0.37383220290380553,100.00935760071118,0.012334999999999985,0.09403595921810029,0.0,-44.970731099604095,0.14115031360381494,14.969213428701357,15.106549864885654,29.938426857402714,0.5373645248128573,0.012609206253691354,0.0820991735521507,0.04104958677607535,0.5249999761581421,0.5649999976158142,4359,1.0747290496257147,0.9979475619134238,0.028348668299940982
103,315,30,1000,0,1.0,103_315_30_1000_0,current,True,2.878816,0.300054126,3.178796,,True,True,True,0.29998,7.412599999995217e-05,transfer,8661.223704117552,0.0010809999999998876,0.3331511163126084,8661.223704117552,0.0010809999999998876,0.3331511163126084,99.97227239621482,0.012284000000000073,0.08972377231147757,0.0,-44.97436141303157,0.23029698279382274,14.890357866327884,14.927645655814095,29.780715732655768,1.031000018119812,0.0,0.0,0.0,1.031000018119812,1.031000018119812,4283,1.031000018119812,0.9926905244218589,0.02471835487244789
103,315,30,1000,1,1.0,103_315_30_1000_1,current,True,2.861164,0.30993384333333335,3.171096,,True,True,True,0.309932,1.8433333333622848e-06,transfer,8664.574662391318,0.0013050000000003337,0.33997764961815746,8664.574662391318,0.0013050000000003337,0.33997764961815746,99.99132040151353,0.012245999999999979,0.08907084860295311,0.0,-44.97569774391913,0.22271210085965265,14.846470706874966,14.684795585426178,29.69294141374993,1.0421503908193113,0.003190678940611416,-0.012216530167000646,-0.006108265083500323,1.0410000085830688,1.0509999990463257,4305,1.0421503908193113,0.9897647137916644,0.023382023984936495
103,45,50,500,0,0.5,103_45_50_500_0,current,True,1.668475,0.32079847066666667,1.989202,,True,True,True,0.320727,7.147066666668422e-05,transfer,8595.74560122852,0.0017499999999999738,0.39265728022762186,8595.74560122852,0.0017499999999999738,0.39265728022762186,100.02476803779983,0.011948999999999987,0.08421942030408812,0.0,-135.00598388371475,0.06401368317008148,25.2506617950305,25.479778958623776,50.501323590061,0.5621780093540947,0.007892833379238658,0.04281757898694828,0.02140878949347414,0.5450000166893005,0.5740000009536743,4184,1.1243560187081894,1.01002647180122,0.006904115810669964
103,45,50,500,1,0.5,103_45_50_500_1,current,True,1.668395,0.311,1.979231895,,True,True,True,0.310836895,0.00016310499999999672,transfer,8630.603417016253,0.0012400000000001299,0.33707247503403515,8630.603417016253,0.0012400000000001299,0.33707247503403515,100.01126252956415,0.012681999999999999,0.08929014197354541,0.0,-135.02517020786948,0.09895593279218387,24.34092860100361,24.034611878374875,48.68185720200722,0.552703207424581,0.012286037935072658,0.08055758419143552,0.04027879209571776,0.5249999761581421,0.5649999976158142,4297,1.105406414849162,0.9736371440401445,0.026090439965400947
103,45,50,1000,0,1.0,103_45_50_1000_0,current,True,0.8599699999999999,0.31,1.169945643,,True,True,False,0.309975643,2.435699999997487e-05,transfer,8669.22088051768,0.0015500000000000002,0.36510670766146686,8669.22088051768,0.0015500000000000002,0.36510670766146686,100.02004926779439,0.011841999999999998,0.08674811195266736,0.0,-134.99604342751422,0.09040924644697551,24.783310026717704,24.825377624509315,49.56662005343541,1.0587165338587763,0.010066728721151785,0.06558038323880787,0.032790191619403934,1.0410000085830688,1.0700000524520874,4326,1.0587165338587763,0.9913324010687081,0.003036340389854786
103,45,50,1000,1,1.0,103_45_50_1000_1,current,True,1.4092859999999998,0.32013447533333333,1.729345,,True,True,True,0.320059,7.547533333335243e-05,transfer,8652.067649354576,0.001334999999999642,0.3732999917804631,8652.067649354576,0.001334999999999642,0.3732999917804631,100.04014654576598,0.012403000000000004,0.08904289934558464,0.0,-135.00337627302386,0.10384105482516759,24.60189506434451,24.540335821584822,49.20379012868902,1.055881579970121,0.014996753370038146,0.1012945581607561,0.05064727908037805,1.031000018119812,1.0800000429153442,4357,1.055881579970121,0.9840758025737805,0.004296505119782523
103,90,50,1000,0,1.0,103_90_50_1000_0,current,True,1.6187280000000002,0.37088641033333336,1.989475,,True,True,True,0.370747,0.0001394103333333674,transfer,8615.805358524281,0.0008589999999999987,0.3192617063667533,8615.805358524281,0.0008589999999999987,0.3192617063667533,100.00545484299145,0.012199000000000071,0.09758446701793402,0.0,180.0,0.0,24.826520615819845,24.697759403711608,49.65304123163969,1.0834046802835466,0.009321479917081809,0.054956205406791754,0.027478102703395877,1.0609999895095825,1.090000033378601,4271,1.0834046802835466,0.9930608246327938,0.0009202320959502686
103,90,50,1000,1,1.0,103_90_50_1000_1,current,True,1.660234,0.329506687,1.989734,,True,True,True,0.3295,6.6870000000052165e-06,transfer,8665.411867756013,0.0013840000000000519,0.33554471602830593,8665.411867756013,0.0013840000000000519,0.33554471602830593,100.03831902567897,0.01197999999999988,0.08801848591804981,0.0,180.0,0.0,25.22367995203787,25.31773079703228,50.44735990407574,1.0650002270736696,0.015882365663418465,0.10697791884101998,0.05348895942050999,1.031000018119812,1.090000033378601,4304,1.0650002270736696,1.0089471980815148,0.0009202320959502686
103,135,50,500,0,0.5,103_135_50_500_0,current,True,1.668336,0.3308387913333333,1.99915,,True,True,True,0.330814,2.479133333332939e-05,transfer,8683.755271876165,0.0013040000000000829,0.3450347966975501,8683.755271876165,0.0013040000000000829,0.3450347966975501,100.04779575919676,0.012131000000000003,0.09792512290967097,0.0,134.9945366290871,0.08910039072349601,24.705279744693623,24.426729849294095,49.410559489387246,0.5762368482908804,0.005875743424916061,0.03559834659646255,0.017799173298231274,0.5649999976158142,0.5839999914169312,4335,1.1524736965817608,0.9882111897877449,0.006383603008771388
103,135,50,500,1,0.5,103_135_50_500_1,current,True,1.669669,0.3099630993333333,1.979494,,True,True,True,0.309825,0.00013809933333330804,transfer,8651.960975423804,0.0010530000000000816,0.32641058150546587,8651.960975423804,0.0010530000000000816,0.32641058150546587,100.03370700997075,0.012091000000000074,0.09477622142117288,0.0,135.01340448775971,0.08661005168826526,24.535679822746623,24.584356122279672,49.071359645493246,0.5685230189224084,0.004392667115999504,0.025727352313558927,0.012863676156779464,0.5649999976158142,0.5740000009536743,4308,1.1370460378448168,0.9814271929098649,0.012484255663821386
103,135,50,1000,0,1.0,103_135_50_1000_0,current,True,1.671716,0.30885846666666666,1.980443,,True,True,True,0.308727,0.00013146666666669082,transfer,8673.004486255548,0.0012940000000001284,0.3373974352002643,8673.004486255548,0.0012940000000001284,0.3373974352002643,100.00031818283058,0.012728000000000003,0.09687147589995386,0.0,134.995985728547,0.05965862279933276,24.527472322454877,24.328228802129036,49.05494464490975,1.0708797705833915,0.0047369816623971115,0.024684327772685786,0.012342163886342893,1.0609999895095825,1.0800000429153442,4346,1.0708797705833915,0.9810988928981951,0.004934503548952307
103,135,50,1000,1,1.0,103_135_50_1000_1,current,True,1.659011,0.32133333333333336,1.98028463,,True,True,True,0.32127363,5.970333333338296e-05,transfer,8560.333883361875,0.0014879999999999338,0.37082076407351694,8560.333883361875,0.0014879999999999338,0.37082076407351694,100.08851305893997,0.01229900000000006,0.09521912117565531,0.0,135.00347164489332,0.10564775924932089,24.79322862757902,25.2566007673811,49.58645725515804,1.0814162005929946,0.014513321172107583,0.09790231843487822,0.04895115921743911,1.0609999895095825,1.1100000143051147,4313,1.0814162005929946,0.9917291451031608,0.0025514127974020084
103,180,50,500,0,0.5,103_180_50_500_0,current,True,1.650373,0.3394581273333333,1.989819,,True,True,True,0.339446,1.2127333333278312e-05,transfer,8651.360390892267,0.0013110000000000621,0.35828371110435503,8651.360390892267,0.0013110000000000621,0.35828371110435503,99.97920432550029,0.012338999999999989,0.08713417562382697,0.0,90.0,0.0,25.334523371439083,25.632245235165467,50.669046742878166,0.5333937848506372,0.003671850054009961,0.016178896564164484,0.008089448282082242,0.5249999761581421,0.5350000262260437,4317,1.0667875697012743,1.0133809348575633,0.0009202320959502686
103,180,50,500,1,0.5,103_180_50_500_1,current,True,1.7104219999999999,0.3408333333333333,2.051126985,,True,True,True,0.340704985,0.00012834833333330575,transfer,8660.76908837599,0.0014570000000000416,0.368133814123302,8660.76908837599,0.0014570000000000416,0.368133814123302,99.97200783780542,0.012515000000000054,0.09453295970356865,0.0,90.0,0.0,25.04976629525188,25.581351653366717,50.09953259050376,0.5391584689269067,0.004928665301505981,0.028886471133467043,0.014443235566733522,0.5350000262260437,0.5450000166893005,4320,1.0783169378538133,1.0019906518100752,0.0009202320959502686
103,180,50,1000,0,1.0,103_180_50_1000_0,current,True,1.660935,0.3294022983333333,1.990309,,True,True,True,0.329374,2.8298333333287573e-05,transfer,8681.936049496673,0.0010269999999998891,0.3476122225407476,8681.936049496673,0.0010269999999998891,0.3476122225407476,100.00372106869092,0.012538999999999967,0.09374021289316618,0.0,90.0,0.0,25.266977906434942,25.57325119427847,50.533955812869884,1.050999999046326,2.220446049250313e-16,3.697784784427789e-31,1.8488923922138944e-31,1.0509999990463257,1.0509999990463257,4349,1.050999999046326,1.0106791162573976,0.0009202320959502686
103,180,50,1000,1,1.0,103_180_50_1000_1,current,True,1.641463,0.3693523533333333,2.010804,,True,True,True,0.369341,1.1353333333352644e-05,transfer,8677.596956652675,0.0012079999999999869,0.33342649320158607,8677.596956652675,0.0012079999999999869,0.33342649320158607,100.03395771569093,0.011941,0.08886043248612517,0.0,90.0,0.0,24.930817765690968,25.503206461067027,49.861635531381935,1.0414104548583032,0.001983933641321673,0.004723196672365661,0.0023615983361828306,1.0410000085830688,1.0509999990463257,4344,1.0414104548583032,0.9972327106276387,0.0009202320959502686
103,225,50,500,0,0.5,103_225_50_500_0,current,True,1.650322,0.31916666666666665,1.969460598,,True,True,True,0.319138598,2.8068666666658526e-05,transfer,8617.951796654519,0.001298999999999939,0.33166678387982945,8617.951796654519,0.001298999999999939,0.33166678387982945,100.00285075999903,0.012075999999999976,0.08936546791056758,0.0,44.99481968572367,0.0786132979297065,24.619349993211653,24.547041394982823,49.238699986423306,0.4889699485981464,0.007000857341382437,0.03296907531106099,0.016484537655530495,0.47600001096725464,0.4959999918937683,4238,0.9779398971962928,0.9847739997284661,0.006100546372294957
103,225,50,500,1,0.5,103_225_50_500_1,current,True,1.658671,0.33066666666666666,1.989232893,,True,True,True,0.330561893,0.00010477366666666876,transfer,8649.687857588991,0.0018290000000000008,0.3379735869245594,8649.687857588991,0.0018290000000000008,0.3379735869245594,100.06740471070557,0.012428999999999996,0.08805806748255975,0.0,44.994972185452006,0.0870687214630223,24.955802323728605,24.53471667323079,49.91160464745721,0.5350000262260437,0.0,0.0,0.0,0.5350000262260437,0.5350000262260437,4339,1.0700000524520874,0.9982320929491442,0.005948046643879934
103,225,50,1000,0,1.0,103_225_50_1000_0,current,True,1.661497,0.32916666666666666,1.990608474,,True,True,True,0.329111474,5.5192666666648016e-05,transfer,8612.533536827494,0.0011540000000000994,0.33095261202940746,8612.533536827494,0.0011540000000000994,0.33095261202940746,100.01796859608979,0.012162000000000006,0.09374669216811954,0.0,44.99998423293653,0.114714593330973,24.71170331057799,24.45857623790208,49.42340662115598,1.0198289274663923,0.003027953065693777,-0.01115934321009888,-0.00557967160504944,1.0119999647140503,1.0210000276565552,4280,1.0198289274663923,0.9884681324231197,0.0009359991594237727
103,225,50,1000,1,1.0,103_225_50_1000_1,current,True,0.850547,0.29987892833333335,1.150368,,True,True,False,0.299821,5.7928333333345794e-05,transfer,8660.397621131857,0.0012390000000000179,0.34744367818382915,8660.397621131857,0.0012390000000000179,0.34744367818382915,100.00701406659742,0.012030999999999903,0.08887135284910724,0.0,45.000270209193474,0.09248486472003066,24.731393407376924,24.948313172348637,49.46278681475385,1.0184222896289827,0.004068792346464492,0.022073270585670535,0.011036635292835268,1.0119999647140503,1.0210000276565552,4348,1.0184222896289827,0.9892557362950769,0.000650022902505043
103,270,50,500,0,0.5,103_270_50_500_0,current,True,1.340931,0.3195,1.660358385,,True,True,True,0.319427385,7.26149999999981e-05,transfer,8637.400160548232,0.001346999999999987,0.35438603319924955,8637.400160548232,0.001346999999999987,0.35438603319924955,100.03764449750285,0.012573000000000056,0.09117355557317122,0.0,0.0,0.0,25.032417247539293,25.03552005025636,50.064834495078586,0.530303643183291,0.007542047877470932,-0.04410502646231948,-0.02205251323115974,0.5249999761581421,0.5450000166893005,4305,1.060607286366582,1.0012966899015716,0.0009202320959502686
103,270,50,500,1,0.5,103_270_50_500_1,current,True,1.657852,0.34120515166666665,1.99896,,True,True,True,0.341108,9.715166666662833e-05,transfer,8594.035818732955,0.0016989999999999922,0.36967305967072767,8594.035818732955,0.0016989999999999922,0.36967305967072767,100.03177479905382,0.012073,0.09028057424864612,0.0,0.0,0.0,25.00612341954526,24.502092739534483,50.01224683909052,0.5251735736939708,0.001306081140475594,-0.0020470084387390667,-0.0010235042193695333,0.5249999761581421,0.5350000262260437,4259,1.0503471473879415,1.0002449367818105,0.0009202320959502686
103,270,50,1000,0,1.0,103_270_50_1000_0,current,True,1.6514680000000002,0.299,1.950448611,,True,True,True,0.298980611,1.9388999999980783e-05,transfer,8630.139339896568,0.001363000000000003,0.3603934631130232,8630.139339896568,0.001363000000000003,0.3603934631130232,100.04558111173928,0.012272999999999978,0.08919921508967099,0.0,0.0,0.0,24.95212180272119,25.154983990354207,49.90424360544238,1.0344676948127747,0.00672267128574444,-0.03347132509116793,-0.016735662545583965,1.031000018119812,1.0609999895095825,4373,1.0344676948127747,0.9980848721088477,0.0009202320959502686
103,270,50,1000,1,1.0,103_270_50_1000_1,current,True,1.390415,0.31916666666666665,1.70944092,,True,True,True,0.31902592,0.0001407466666666357,transfer,8639.275705659724,0.001342999999999983,0.35300266832749444,8639.275705659724,0.001342999999999983,0.35300266832749444,100.00742136520537,0.012326000000000059,0.09509708012543834,0.0,0.0,0.0,25.39617926262438,25.661596692122682,50.79235852524876,1.0250257304840087,0.004904151978423405,-0.027026277132555333,-0.013513138566277666,1.0210000276565552,1.031000018119812,4271,1.0250257304840087,1.0158471705049752,0.0009202320959502686
103,315,50,500,0,0.5,103_315_50_500_0,current,True,1.6589029999999998,0.3507450306666667,2.009603,,True,True,True,0.3507,4.5030666666667774e-05,transfer,8659.174754886091,0.0010799999999999699,0.34319413130431825,8659.174754886091,0.0010799999999999699,0.34319413130431825,100.02191389204361,0.012039000000000022,0.08685428574891514,0.0,-45.01088574973788,0.09563528665690624,24.82504977796386,24.62189641202929,49.65009955592772,0.5340632115356325,0.002913858617758697,0.003779034701734315,0.0018895173508671574,0.5249999761581421,0.5350000262260437,4289,1.068126423071265,0.9930019911185544,0.01180598183384518
103,315,50,500,1,0.5,103_315_50_500_1,current,True,1.6792209999999999,0.29983333333333334,1.978929829,,True,True,True,0.299708829,0.00012450433333333066,transfer,8613.040487262524,0.0010489999999999666,0.345617423356471,8613.040487262524,0.0010489999999999666,0.345617423356471,100.05719485597848,0.012568999999999997,0.09846356342488972,0.0,-45.01710744743194,0.08382647566908474,24.755348336686094,24.816630120073274,49.51069667337219,0.5550000071525575,1.1102230246251565e-16,1.479113892628302e-31,7.39556946314151e-32,0.5550000071525574,0.5550000071525574,4278,1.110000014305115,0.9902139334674438,0.018027679527904183
103,315,50,1000,0,1.0,103_315_50_1000_0,current,True,1.678882,0.3005,1.979331946,,True,True,True,0.300449946,5.005399999996607e-05,transfer,8662.388625510936,0.003163,0.382250948154548,8662.388625510936,0.003163,0.382250948154548,99.97750506136119,0.01239200000000018,0.08992852388440187,0.0,-45.00579728973855,0.11976738290609458,24.576024644408527,24.539260160667766,49.152049288817054,1.0124004045145512,0.0018557023940725921,-0.004591476979244482,-0.002295738489622241,1.0119999647140503,1.0210000276565552,4376,1.0124004045145512,0.983040985776341,0.006717521834502804
103,315,50,1000,1,1.0,103_315_50_1000_1,current,True,1.669802,0.30948187633333335,1.979265,,True,True,True,0.309463,1.8876333333361917e-05,transfer,8686.799584477658,0.0014339999999999908,0.3360930147117071,8686.799584477658,0.0014339999999999908,0.3360930147117071,99.99877829546878,0.012353000000000003,0.08947611791078024,0.0,-44.9935798316486,0.06713754838617092,24.792865193883554,24.746496394618994,49.58573038776711,1.023270275491476,0.004189084800582981,0.020888139869444784,0.010444069934722392,1.0210000276565552,1.031000018119812,4343,1.023270275491476,0.9917146077553421,0.005499936255432658
