surface_id,direction_deg,speed_mm_s,force_mN,repeat_id,nominal_force_N,recording_id,qc_status,qc_reason,usable_duration_s,half_second_available,one_second_available,accel_mean_logged_rate_hz,accel_max_gap_s,accel_interval_cv,force_mean_logged_rate_hz,force_max_gap_s,force_interval_cv,position_mean_logged_rate_hz,position_max_gap_s,position_interval_cv,start_s,diagnostic_duration_logged_s,observed_heading_deg,heading_within_window_p95_deg,logged_position_travel_mm,endpoint_displacement_mm,logged_speed_mean_mm_s,force_time_weighted_mean_N,force_time_weighted_std_N,force_trend_N_s,force_trend_change_N,force_min_N,force_max_N,force_logged_rows,force_mean_to_nominal_ratio,travel_to_nominal_ratio,heading_residual_deg,heading_absolute_residual_deg
0,0,20,500,0,0.5,0_0_20_500_0,valid,,2.971372,True,True,8667.337486407172,0.001326999999999856,0.3426789085845272,8667.337486407172,0.001326999999999856,0.3426789085845272,100.02287108332698,0.012423999999999769,0.09436667087316461,1.70952643,0.5,-90.0,0.0,9.934440658121533,9.739605416187851,19.868881316243066,0.5289999842643738,0.0,0.0,0.0,0.5289999842643738,0.5289999842643738,4329,1.0579999685287476,0.9934440658121533,-0.00026775791974387175,0.00026775791974387175
0,0,20,500,1,0.5,0_0_20_500_1,valid,,4.409429,True,True,8659.501999962953,0.0012959999999999638,0.34177421052115403,8659.501999962953,0.0012959999999999638,0.34177421052115403,99.987352197481,0.012414999999999843,0.09117087466711364,0.290468,0.5,-90.0,0.0,9.908822555933742,10.159038544836498,19.817645111867485,0.5289999842643738,0.0,0.0,0.0,0.5289999842643738,0.5289999842643738,4328,1.0579999685287476,0.9908822555933743,-0.00026775791974387175,0.00026775791974387175
0,0,20,1000,0,1.0,0_0_20_1000_0,valid,,4.390454,True,True,8630.461738536751,0.0013110000000002842,0.3609973012165248,8630.461738536751,0.0013110000000002842,0.3609973012165248,100.00199190959495,0.012442999999999982,0.09508604290903545,0.2899198,0.5,-90.0,0.0,9.838363519564558,9.74250645445646,19.676727039129116,1.0490000247955322,0.0,0.0,0.0,1.0490000247955322,1.0490000247955322,4350,1.0490000247955322,0.9838363519564558,-0.00026775791974387175,0.00026775791974387175
0,0,20,1000,1,1.0,0_0_20_1000_1,valid,,4.400621,True,True,8642.114007481476,0.0010519999999996088,0.33312216060863625,8642.114007481476,0.0010519999999996088,0.33312216060863625,100.02681613221107,0.0124169999999999,0.09051814436158054,0.279584746,0.5,-90.0,0.0,9.8476275721949,9.923674006577599,19.6952551443898,1.048918159793605,0.0009010812172094641,0.0009743386234052744,0.0004871693117026372,1.0390000343322754,1.0490000247955322,4302,1.048918159793605,0.98476275721949,-0.00026775791974387175,0.00026775791974387175
0,45,20,500,0,0.5,0_45_20_500_0,valid,,4.380173,True,True,8649.823078251884,0.001350999999999658,0.3577793164253883,8649.823078251884,0.001350999999999658,0.3577793164253883,100.02491492809973,0.012078999999999951,0.08938403879003502,0.278811352,0.5,-135.00363830916345,0.12712892379681762,9.933452025040083,9.960848575802203,19.866904050080166,0.5678172888648796,0.0012693218823370846,0.0021482376347519974,0.0010741188173759987,0.5590000152587891,0.5680000185966492,4323,1.1356345777297592,0.9933452025040083,-0.0039060670831929656,0.0039060670831929656
0,45,20,500,1,0.5,0_45_20_500_1,valid,,4.389989,True,True,8704.318694451516,0.0012030000000002872,0.32019909446458106,8704.318694451516,0.0012030000000002872,0.32019909446458106,100.0247525756881,0.012358000000000313,0.0881118678365259,0.259194314,0.5,-134.9983289818506,0.203597678520282,9.901457664296448,9.936849966578988,19.802915328592896,0.56701413123101,0.002810874540739942,0.002540382187356594,0.001270191093678297,0.5590000152587891,0.5680000185966492,4329,1.13402826246202,0.9901457664296448,0.001403260229665193,0.001403260229665193
0,45,20,1000,0,1.0,0_45_20_1000_0,valid,,2.4900850000000005,True,True,8646.27683406996,0.0013609999999992795,0.3459441069205262,8646.27683406996,0.0013609999999992795,0.3459441069205262,99.99640256844418,0.012628000000000306,0.0935778808752129,2.168941564,0.5,-135.0098855534662,0.1761449762056202,10.022790286891526,10.145093035444507,20.045580573783052,1.0370579736243706,0.006136099836050959,-0.03557615801159112,-0.01778807900579556,1.0290000438690186,1.0490000247955322,4369,1.0370579736243706,1.0022790286891525,-0.010153311385948882,0.010153311385948882
0,45,20,1000,1,1.0,0_45_20_1000_1,valid,,4.390675,True,True,8625.719470165894,0.001228000000000229,0.3379886563872236,8625.719470165894,0.001228000000000229,0.3379886563872236,100.0197428528563,0.012449999999999961,0.09270830537946388,0.27978046,0.5,-135.0058898311159,0.16972739993575625,9.919563449159796,9.99200712259443,19.83912689831959,1.078732768292184,0.002606001782728799,-0.007621595045172002,-0.003810797522586001,1.0779999494552612,1.0880000591278076,4353,1.078732768292184,0.9919563449159796,-0.006157589035638011,0.006157589035638011
0,90,20,500,0,0.5,0_90_20_500_0,valid,,4.409406,True,True,8665.59268069652,0.001540000000000319,0.33636217181295475,8665.59268069652,0.001540000000000319,0.33636217181295475,99.99965517360285,0.012785000000000005,0.09043380663937078,0.270817,0.5,180.0,0.0,9.87522765087529,9.905999672647006,19.75045530175058,0.558649502913064,0.0018390924963140657,0.004058718436572383,0.0020293592182861913,0.5490000247955322,0.5590000152587891,4321,1.117299005826128,0.987522765087529,-0.00026775791980071517,0.00026775791980071517
0,90,20,500,1,0.5,0_90_20_500_1,valid,,4.398845,True,True,8680.606821765605,0.0013169999999997906,0.34939222999431263,8680.606821765605,0.0013169999999997906,0.34939222999431263,100.00496969706845,0.012091999999999992,0.08698131581617068,0.310168,0.5,180.0,0.0,9.978702188051084,9.904949225268318,19.95740437610217,0.5590000152587891,0.0,0.0,0.0,0.5590000152587891,0.5590000152587891,4367,1.1180000305175781,0.9978702188051084,-0.00026775791980071517,0.00026775791980071517
0,90,20,1000,0,1.0,0_90_20_1000_0,valid,,2.451528,True,True,8670.496574242216,0.0013570000000000526,0.3480890884150717,8670.496574242216,0.0013570000000000526,0.3480890884150717,99.99217274385487,0.01246400000000003,0.09402890968086261,1.529001,0.5,180.0,0.0,9.915278708702868,9.921256535365108,19.830557417405736,1.0600419405277366,0.0069154405391343215,-0.04424273986419578,-0.02212136993209789,1.0490000247955322,1.0679999589920044,4374,1.0600419405277366,0.9915278708702868,-0.00026775791980071517,0.00026775791980071517
0,90,20,1000,1,1.0,0_90_20_1000_1,valid,,4.400073,True,True,8713.98310907442,0.0012670000000000181,0.31543030730296706,8713.98310907442,0.0012670000000000181,0.31543030730296706,99.98912541894629,0.012429000000000023,0.09197254955932185,0.300213,0.5,180.0,0.0,9.749912360654864,9.744180864208062,19.49982472130973,1.0698843468094332,0.004211088141821727,-0.01833977583312794,-0.00916988791656397,1.0679999589920044,1.0880000591278076,4350,1.0698843468094332,0.9749912360654864,-0.00026775791980071517,0.00026775791980071517
0,135,20,500,0,0.5,0_135_20_500_0,valid,,4.349689000000001,True,True,8660.8361571427,0.0013449999999999296,0.3601597363860111,8660.8361571427,0.0013449999999999296,0.3601597363860111,99.9848699066516,0.012476000000000376,0.08899112557556955,0.330011,0.5,134.9776208788108,0.3822735885044735,10.000030487786841,10.067828941613662,20.000060975573682,0.5389999747276307,1.1102230246251565e-16,1.4791139122896938e-31,7.395569561448469e-32,0.5389999747276306,0.5389999747276306,4347,1.0779999494552615,1.0000030487786842,-0.02264687910894736,0.02264687910894736
0,135,20,500,1,0.5,0_135_20_500_1,valid,,4.3896560000000004,True,True,8680.884751273235,0.0017700000000004934,0.34038110549212486,8680.884751273235,0.0017700000000004934,0.34038110549212486,99.9821287004772,0.012199999999999989,0.09428645821101887,0.260246,0.5,134.99076901197725,0.3160666153812173,9.927612809394292,9.945684242553341,19.855225618788584,0.5389999747276306,0.0,0.0,0.0,0.5389999747276306,0.5389999747276306,4319,1.0779999494552612,0.9927612809394292,-0.009498745942437381,0.009498745942437381
0,135,20,1000,0,1.0,0_135_20_1000_0,valid,,3.91965,True,True,8665.985056314337,0.0013290000000001356,0.35913505096995085,8665.985056314337,0.0013290000000001356,0.35913505096995085,100.00477573826996,0.012343999999999689,0.09209664246242066,0.299864372,0.5,134.9901606098867,0.20720188291183206,9.9501792729474,9.964280724653516,19.9003585458948,1.0579999685287478,2.220446049250313e-16,2.2186709292682695e-31,1.1093354646341348e-31,1.0579999685287476,1.0579999685287476,4324,1.0579999685287478,0.99501792729474,-0.010107148033057456,0.010107148033057456
0,135,20,1000,1,1.0,0_135_20_1000_1,valid,,4.070546,True,True,8645.830151587217,0.0012070000000000691,0.32493824699312773,8645.830151587217,0.0012070000000000691,0.32493824699312773,100.00261961124139,0.012330999999999648,0.09154146214319339,0.60923,0.5,134.95550980617043,0.16322485453490287,10.112749750066435,10.249735389740684,20.22549950013287,1.0579999685287476,0.0,0.0,0.0,1.0579999685287476,1.0579999685287476,4311,1.0579999685287476,1.0112749750066434,-0.04475795174926134,0.04475795174926134
0,180,20,500,0,0.5,0_180_20_500_0,valid,,3.301232,True,True,8648.60638848884,0.0014070000000003802,0.35138470080298195,8648.60638848884,0.0014070000000003802,0.35138470080298195,99.98229854315214,0.012413000000000007,0.09324234397833804,0.709622,0.5,90.0,0.0,9.892603594129735,9.971137138087052,19.78520718825947,0.49000000953674316,0.0,0.0,0.0,0.49000000953674316,0.49000000953674316,4335,0.9800000190734863,0.9892603594129735,-0.00026775791980071517,0.00026775791980071517
0,180,20,500,1,0.5,0_180_20_500_1,valid,,2.819026,True,True,8675.313655471387,0.0013179999999999858,0.33568715841982794,8675.313655471387,0.0013179999999999858,0.33568715841982794,100.00324554143744,0.012560999999999822,0.09084928619453585,0.2902,0.5,90.0,0.0,10.052743468144767,10.145187107807203,20.105486936289534,0.49000000953674316,0.0,0.0,0.0,0.49000000953674316,0.49000000953674316,4308,0.9800000190734863,1.0052743468144767,-0.00026775791980071517,0.00026775791980071517
0,180,20,1000,0,1.0,0_180_20_1000_0,valid,,2.100413,True,True,8609.75501161582,0.0015920000000000378,0.35189157490939954,8609.75501161582,0.0015920000000000378,0.35189157490939954,100.01240479725489,0.012192999999999898,0.089835160481313,2.248823008,0.5,90.0,0.0,9.820599553262488,9.936628349692423,19.641199106524976,1.0092331862912176,0.0015093207311457882,0.0016474888028288328,0.0008237444014144164,1.0089999437332153,1.0190000534057617,4303,1.0092331862912176,0.9820599553262488,-0.00026775791980071517,0.00026775791980071517
0,180,20,1000,1,1.0,0_180_20_1000_1,valid,,4.078047,True,True,8655.809862139202,0.0011430000000000051,0.32468486273359254,8655.809862139202,0.0011430000000000051,0.32468486273359254,100.0110391426439,0.0126440000000001,0.08969056794739222,0.610688885,0.5,90.0,0.0,9.859239741988286,9.777424702589531,19.718479483976573,1.0000000000000002,2.220446049250313e-16,5.916455676798131e-31,2.9582278383990657e-31,1.0,1.0,4345,1.0000000000000002,0.9859239741988286,-0.00026775791980071517,0.00026775791980071517
0,225,20,500,0,0.5,0_225_20_500_0,valid,,4.379718,True,True,8627.62323492205,0.0015760000000000001,0.3790733619675391,8627.62323492205,0.0015760000000000001,0.3790733619675391,99.98942342951372,0.012591000000000019,0.09100675486030603,0.299022,0.5,44.989848653173794,0.23873947409789764,9.961138867217617,10.097426559173536,19.922277734435234,0.4509202617228394,0.000889422895860893,0.0009492899070987389,0.00047464495354936943,0.4410000145435333,0.45100000500679016,4306,0.9018405234456788,0.9961138867217617,-0.010419104746006269,0.010419104746006269
0,225,20,500,1,0.5,0_225_20_500_1,valid,,2.929791,True,True,8647.846585257495,0.0011560000000000459,0.3375113718635873,8647.846585257495,0.0011560000000000459,0.3375113718635873,100.00827511299272,0.012488000000000055,0.09319448803998873,0.28071,0.5,44.983106148986565,0.15405277352909222,9.785183226865335,9.824768326189266,19.57036645373067,0.45104142642728756,0.0006422601310004448,0.0004949995703136563,0.00024749978515682815,0.45100000500679016,0.460999995470047,4316,0.9020828528545751,0.9785183226865335,-0.017161608933179195,0.017161608933179195
0,225,20,1000,0,1.0,0_225_20_1000_0,valid,,3.1511060000000004,True,True,8612.859801361537,0.0015439999999999898,0.3641329444277218,8612.859801361537,0.0015439999999999898,0.3641329444277218,100.03576128711879,0.012278999999999929,0.09572682135777227,1.499349907,0.5,45.025640323533885,0.20652435620232268,9.92092664787583,10.004662029604344,19.84185329575166,0.9866655389967451,0.006484651479081995,0.04017015310400856,0.02008507655200428,0.9800000190734863,1.0,4219,0.9866655389967451,0.992092664787583,0.025372565614134146,0.025372565614134146
0,225,20,1000,1,1.0,0_225_20_1000_1,valid,,4.389375,True,True,8647.548930528243,0.001310999999999396,0.3463376192779703,8647.548930528243,0.001310999999999396,0.3463376192779703,100.01063121140724,0.012049000000000198,0.08730817025910338,0.300993,0.5,45.030109533178745,0.3402961045950718,9.91420690111248,9.934567744190641,19.82841380222496,0.9509999752044679,1.1102230246251565e-16,1.4791138977491297e-31,7.395569488745648e-32,0.9509999752044678,0.9509999752044678,4337,0.9509999752044679,0.9914206901112481,0.029841775259001224,0.029841775259001224
0,270,20,500,0,0.5,0_270_20_500_0,valid,,4.409859,True,True,8640.731995771004,0.0013139999999998153,0.337518821085616,8640.731995771004,0.0013139999999998153,0.337518821085616,99.97805262669428,0.012453999999999965,0.09469527119493266,0.289738,0.5,0.0,0.0,9.878561645016893,9.922218851174222,19.757123290033785,0.4490197764352851,0.003985092424864749,0.0186639272452604,0.0093319636226302,0.4410000145435333,0.45100000500679016,4336,0.8980395528705702,0.9878561645016892,-0.00026775791980071517,0.00026775791980071517
0,270,20,500,1,0.5,0_270_20_500_1,valid,,4.400712,True,True,8634.586130245318,0.001387000000000027,0.3462417776100885,8634.586130245318,0.001387000000000027,0.3462417776100885,100.03619566913837,0.012645999999999935,0.09479987658965587,0.279947611,0.5,0.0,0.0,9.854042164770826,9.711180483069832,19.708084329541652,0.44982746612501145,0.003217223990694792,0.012015746334166575,0.006007873167083288,0.4410000145435333,0.45100000500679016,4321,0.8996549322500229,0.9854042164770827,-0.00026775791980071517,0.00026775791980071517
0,270,20,1000,0,1.0,0_270_20_1000_0,valid,,2.9315200000000003,True,True,8624.512422888216,0.001280000000000392,0.34324527858798254,8624.512422888216,0.001280000000000392,0.34324527858798254,100.02149271361289,0.012159999999999949,0.08814929462645602,1.748849103,0.5,0.0,0.0,9.995165191773252,9.964356934331128,19.990330383546503,0.9939791419834392,0.007285205657457642,0.04543083056165698,0.02271541528082849,0.9800000190734863,1.0089999437332153,4244,0.9939791419834392,0.9995165191773252,-0.00026775791980071517,0.00026775791980071517
0,270,20,1000,1,1.0,0_270_20_1000_1,valid,,4.411164,True,True,8647.891335405151,0.001114999999999533,0.33728457069306966,8647.891335405151,0.001114999999999533,0.33728457069306966,99.99825052762496,0.012369000000000074,0.0861846899773583,0.279437,0.5,0.0,0.0,9.848021808593149,9.837939711687987,19.696043617186298,0.9520106992838626,0.005089071045920084,0.027526427125851814,0.013763213562925907,0.9409999847412109,0.9599999785423279,4294,0.9520106992838626,0.9848021808593149,-0.00026775791980071517,0.00026775791980071517
0,315,20,500,0,0.5,0_315_20_500_0,valid,,4.369604,True,True,8648.391122167868,0.0017719999999999958,0.3450197294669788,8648.391122167868,0.0017719999999999958,0.3450197294669788,100.0114384339766,0.01215400000000022,0.09139492138579855,0.279971885,0.5,-45.00580466518376,0.19390982972026904,9.990543165415938,10.057264144786261,19.981086330831875,0.46308586643073496,0.004734261443524487,0.026535904815467703,0.013267952407733851,0.45100000500679016,0.4699999988079071,4332,0.9261717328614699,0.9990543165415937,-0.006072423103432811,0.006072423103432811
0,315,20,500,1,0.5,0_315_20_500_1,valid,,2.4616270000000005,True,True,8659.018309411518,0.001326999999999856,0.34030988714708305,8659.018309411518,0.001326999999999856,0.34030988714708305,100.01623017866969,0.012115999999999905,0.09023482794708945,2.218868995,0.5,-45.020396921443044,0.16923848936079366,10.03169335687488,9.87076419080317,20.06338671374976,0.5264403466054368,0.004364012744449136,0.021794148760748266,0.010897074380374133,0.5189999938011169,0.5289999842643738,4318,1.0528806932108736,1.003169335687488,-0.020664679362766947,0.020664679362766947
0,315,20,1000,0,1.0,0_315_20_1000_0,valid,,4.401549999999999,True,True,8664.32852179959,0.0029760000000000003,0.34229741780482853,8664.32852179959,0.0029760000000000003,0.34229741780482853,100.01423439103573,0.012164000000000064,0.08801820961062767,0.269221295,0.5,-44.978829890102304,0.2307345934866305,9.843281602588762,10.014015391741932,19.686563205177524,0.9692907518844962,0.004772224694810553,0.01879701524759588,0.00939850762379794,0.9509999752044678,0.9800000190734863,4292,0.9692907518844962,0.9843281602588763,0.020902351977952094,0.020902351977952094
0,315,20,1000,1,1.0,0_315_20_1000_1,valid,,4.389963,True,True,8647.292507563594,0.0014569999999998196,0.34696464899391727,8647.292507563594,0.0014569999999998196,0.34696464899391727,100.02941103798648,0.012530000000000041,0.09368733991322147,0.279962438,0.5,-44.98396153078009,0.24918506441915156,10.007470619612782,9.940588759165312,20.014941239225564,0.9707311660403037,0.005249797615285067,0.0255646297455686,0.0127823148727843,0.9509999752044678,0.9800000190734863,4308,0.9707311660403037,1.0007470619612782,0.015770711300092444,0.015770711300092444
0,0,40,500,0,0.5,0_0_40_500_0,valid,,2.129905,True,True,8610.23828503114,0.0012230000000000019,0.3248377268933238,8610.23828503114,0.0012230000000000019,0.3248377268933238,99.99015422619306,0.012362999999999999,0.09301798464372858,0.289832,0.5,-90.0,0.0,19.63925538850568,19.804332563612192,39.27851077701136,0.5289999842643738,0.0,0.0,0.0,0.5289999842643738,0.5289999842643738,4290,1.0579999685287476,0.981962769425284,-0.00026775791974387175,0.00026775791974387175
0,0,40,500,1,0.5,0_0_40_500_1,valid,,2.128816,True,True,8665.154803466672,0.0012329999999999841,0.3381678378222373,8665.154803466672,0.0012329999999999841,0.3381678378222373,100.06106780435846,0.012263000000000024,0.08967522732988191,0.330520839,0.5,-90.0,0.0,19.838706121170297,19.9027071118792,39.677412242340594,0.5289999842643738,0.0,0.0,0.0,0.5289999842643738,0.5289999842643738,4301,1.0579999685287476,0.9919353060585149,-0.00026775791974387175,0.00026775791974387175
0,0,40,1000,0,1.0,0_0_40_1000_0,valid,,1.45065,True,True,8649.032104849803,0.0008460000000000134,0.33347869526399465,8649.032104849803,0.0008460000000000134,0.33347869526399465,100.01306684129996,0.012198999999999849,0.08487842599795614,0.969026,0.5,-90.0,0.0,19.711869147508764,19.883319333203996,39.42373829501753,1.0563776656712291,0.0034595907090848883,-0.0008465310887460958,-0.0004232655443730479,1.0490000247955322,1.0579999685287476,4353,1.0563776656712291,0.9855934573754382,-0.00026775791974387175,0.00026775791974387175
0,0,40,1000,1,1.0,0_0_40_1000_1,valid,,2.1287949999999998,True,True,8646.111577501335,0.0012380000000000169,0.33129425626999903,8646.111577501335,0.0012380000000000169,0.33129425626999903,100.0151167886444,0.012309000000000014,0.09413834253424809,0.340008,0.5,-90.0,0.0,19.68143486560219,19.77410007536661,39.36286973120438,1.0490000247955322,0.0,0.0,0.0,1.0490000247955322,1.0490000247955322,4268,1.0490000247955322,0.9840717432801094,-0.00026775791974387175,0.00026775791974387175
0,45,40,500,0,0.5,0_45_40_500_0,valid,,2.1398979999999996,True,True,8672.545988289661,0.0011990000000000611,0.33127299247532693,8672.545988289661,0.0011990000000000611,0.33127299247532693,100.03822070951536,0.012150999999999967,0.09499443442667439,0.28058904,0.5,-135.00558614308576,0.07178772064978034,19.63654495648288,19.615534563993112,39.27308991296576,0.5621602224308253,0.004295924315728355,-0.022355989538470032,-0.011177994769235016,0.5590000152587891,0.5680000185966492,4328,1.1243204448616506,0.981827247824144,-0.005853901005508533,0.005853901005508533
0,45,40,500,1,0.5,0_45_40_500_1,valid,,2.1287760000000002,True,True,8633.81574653172,0.001394999999999813,0.38861934747516097,8633.81574653172,0.001394999999999813,0.38861934747516097,100.01026925370114,0.01210599999999995,0.08897532088223215,0.290997,0.5,-135.0091670681044,0.08402990253369602,19.667984621080763,20.05790044760823,39.335969242161525,0.5648500799064212,0.004292708349505128,-0.024450942551941246,-0.012225471275970623,0.5590000152587891,0.5680000185966492,4312,1.1297001598128424,0.9833992310540381,-0.009434826024147469,0.009434826024147469
0,45,40,1000,0,1.0,0_45_40_1000_0,valid,,2.110538,True,True,8649.717056036521,0.0013810000000000766,0.3743867869310168,8649.717056036521,0.0013810000000000766,0.3743867869310168,99.99088205749821,0.012378,0.09375646273709269,0.30042638,0.5,-135.01389236738908,0.11313432638072952,19.800816082593073,19.70541618932212,39.601632165186146,1.0779639564284706,0.001986740986867322,-0.004643785213501455,-0.0023218926067507277,1.0679999589920044,1.0880000591278076,4334,1.0779639564284706,0.9900408041296537,-0.014160125308819715,0.014160125308819715
0,45,40,1000,1,1.0,0_45_40_1000_1,valid,,1.381705,True,True,8665.461558199893,0.0013190000000000146,0.3313863789165085,8665.461558199893,0.0013190000000000146,0.3313863789165085,99.98980946769409,0.01237699999999986,0.09447293086090322,1.01942,0.5,-135.00026515886375,0.18529888314250798,19.862088625767516,20.015477835448547,39.72417725153503,1.0415838547504963,0.01014935876490926,-0.06742289761232698,-0.03371144880616349,1.0290000438690186,1.0579999685287476,4359,1.0415838547504963,0.9931044312883758,-0.0005329167834986492,0.0005329167834986492
0,90,40,500,0,0.5,0_90_40_500_0,valid,,1.7302849999999999,True,True,8567.542351660377,0.0017280000000000073,0.3831439882326635,8567.542351660377,0.0017280000000000073,0.3831439882326635,100.05056401581415,0.012180999999999997,0.08756968855566848,0.298912901,0.5,180.0,0.0,19.825881666333736,20.044704578553866,39.65176333266747,0.5513091945733342,0.004214191582420847,-0.01841131021159792,-0.00920565510579896,0.5490000247955322,0.5590000152587891,4199,1.1026183891466683,0.9912940833166868,-0.00026775791980071517,0.00026775791980071517
0,90,40,500,1,0.5,0_90_40_500_1,valid,,2.1306670000000003,True,True,8675.195557024144,0.0012659999999999894,0.33624367935530614,8675.195557024144,0.0012659999999999894,0.33624367935530614,100.03520469703761,0.012413999999999925,0.09271243892937969,0.299622,0.5,180.0,0.0,19.833352677339153,19.78357930002817,39.66670535467831,0.558764505483389,0.0015164533140510229,-0.0005472438712889748,-0.0002736219356444874,0.5490000247955322,0.5590000152587891,4294,1.117529010966778,0.9916676338669577,-0.00026775791980071517,0.00026775791980071517
0,90,40,1000,0,1.0,0_90_40_1000_0,valid,,2.1298470000000003,True,True,8656.714802058217,0.001064000000000176,0.32304846253402375,8656.714802058217,0.001064000000000176,0.32304846253402375,100.00321715776128,0.012189000000000005,0.08427406003453076,0.299279017,0.5,180.0,0.0,19.79047033763235,19.737982422529985,39.5809406752647,1.0679999589920044,0.0,0.0,0.0,1.0679999589920044,1.0679999589920044,4307,1.0679999589920044,0.9895235168816174,-0.00026775791980071517,0.00026775791980071517
0,90,40,1000,1,1.0,0_90_40_1000_1,valid,,2.130262,True,True,8625.93745075197,0.0015009999999999746,0.37817906956325653,8625.93745075197,0.0015009999999999746,0.37817906956325653,100.02019787716821,0.012245999999999979,0.09276050784904377,0.290912553,0.5,180.0,0.0,19.812923342347183,20.068428517060763,39.625846684694366,1.068016377916346,0.0004048697392460713,-0.00019670536311572798,-9.835268155786399e-05,1.0679999589920044,1.0779999494552612,4301,1.068016377916346,0.9906461671173592,-0.00026775791980071517,0.00026775791980071517
0,135,40,500,0,0.5,0_135_40_500_0,valid,,2.120223,True,True,8580.27963116393,0.001680999999999988,0.3532718881463833,8580.27963116393,0.001680999999999988,0.3532718881463833,99.99517264683773,0.011768,0.08573456490730386,0.300245,0.5,135.00402716940198,0.09249351397909322,19.90841967131774,20.322884512927068,39.81683934263548,0.5389999747276306,0.0,0.0,0.0,0.5389999747276306,0.5389999747276306,4310,1.0779999494552612,0.995420983565887,0.0037594114821786206,0.0037594114821786206
0,135,40,500,1,0.5,0_135_40_500_1,valid,,2.131831,True,True,8655.895770663585,0.0014119999999999688,0.3626303884475878,8655.895770663585,0.0014119999999999688,0.3626303884475878,99.98911995782835,0.01215199999999994,0.0920462091449637,0.299455,0.5,135.02226897571782,0.11073547073040117,20.009168516213954,20.072671847751213,40.01833703242791,0.5389999747276306,0.0,0.0,0.0,0.5389999747276306,0.5389999747276306,4293,1.0779999494552612,1.0004584258106977,0.022001217798106154,0.022001217798106154
0,135,40,1000,0,1.0,0_135_40_1000_0,valid,,1.111285,True,True,8662.123969330096,0.0014170000000000007,0.33256703995871145,8662.123969330096,0.0014170000000000007,0.33256703995871145,100.00701198589783,0.012298000000000142,0.09494491945092932,0.28947,0.5,135.00026227250058,0.10426160668777129,20.206997841981284,20.32434456274651,40.41399568396257,1.0578124703249683,0.001285425107764546,0.0022031044630739386,0.0011015522315369693,1.0490000247955322,1.0579999685287476,4320,1.0578124703249683,1.0103498920990641,-5.485419137585268e-06,5.485419137585268e-06
0,135,40,1000,1,1.0,0_135_40_1000_1,valid,,2.0801030000000003,True,True,8592.210030610202,0.0026860000000000217,0.3862769401955334,8592.210030610202,0.0026860000000000217,0.3862769401955334,100.05336179295624,0.012461999999999973,0.09138441497531977,0.339912369,0.5,135.00484535755854,0.16272876701569317,20.104608774325378,20.257568961779253,40.209217548650756,1.0545279815932769,0.0043809809154590085,-0.020512697352079546,-0.010256348676039773,1.0490000247955322,1.0579999685287476,4262,1.0545279815932769,1.005230438716269,0.0045775996387646956,0.0045775996387646956
0,180,40,500,0,0.5,0_180_40_500_0,valid,,2.120716,True,True,8626.534793567502,0.0012360000000000149,0.3267961316809351,8626.534793567502,0.0012360000000000149,0.3267961316809351,99.96993524087773,0.012089000000000016,0.09524289109774527,0.299342255,0.5,90.0,0.0,19.72633973174907,19.850000381469727,39.45267946349814,0.49000000953674316,0.0,0.0,0.0,0.49000000953674316,0.49000000953674316,4358,0.9800000190734863,0.9863169865874536,-0.00026775791980071517,0.00026775791980071517
0,180,40,500,1,0.5,0_180_40_500_1,valid,,2.1301889999999997,True,True,8640.100218577269,0.00202699999999989,0.39678583867897854,8640.100218577269,0.00202699999999989,0.39678583867897854,100.00306522805298,0.012308999999999903,0.09714559024439892,0.290923299,0.5,90.0,0.0,19.665686521585478,19.818614863485006,39.331373043170956,0.49000000953674316,0.0,0.0,0.0,0.49000000953674316,0.49000000953674316,4265,0.9800000190734863,0.9832843260792739,-0.00026775791980071517,0.00026775791980071517
0,180,40,1000,0,1.0,0_180_40_1000_0,valid,,2.1187020000000003,True,True,8687.948527973953,0.0013769999999999616,0.32103480502012827,8687.948527973953,0.0013769999999999616,0.32103480502012827,99.96348823943066,0.012490000000000001,0.09195469052249221,0.290056,0.5,90.0,0.0,19.502936500117592,19.466136745985416,39.005873000235184,1.00138224129236,0.0032449195470245816,0.01285527246769326,0.00642763623384663,1.0,1.0089999437332153,4339,1.00138224129236,0.9751468250058796,-0.00026775791980071517,0.00026775791980071517
0,180,40,1000,1,1.0,0_180_40_1000_1,valid,,2.11864,True,True,8662.726929691693,0.0013689999999999536,0.3402869685920694,8662.726929691693,0.0013689999999999536,0.3402869685920694,99.97387655792622,0.01202800000000015,0.09201527391328806,0.290979,0.5,90.0,0.0,19.67388724898401,19.73866739439652,39.34777449796802,0.9989514494999766,0.003063663958298559,0.009817444910618195,0.004908722455309098,0.9900000095367432,1.0,4272,0.9989514494999766,0.9836943624492005,-0.00026775791980071517,0.00026775791980071517
0,225,40,500,0,0.5,0_225_40_500_0,valid,,2.1296079999999997,True,True,8649.865333526719,0.0013900000000002244,0.35301347178779385,8649.865333526719,0.0013900000000002244,0.35301347178779385,100.0317012229611,0.012532999999999905,0.09169102531266139,0.280177595,0.5,45.00125289181811,0.12771050042853313,19.85384386729032,19.90241229419466,39.70768773458064,0.45525973712388756,0.005334906654895664,0.030826683241569963,0.015413341620784981,0.45100000500679016,0.4699999988079071,4352,0.9105194742477751,0.992692193364516,0.0009851338984390168,0.0009851338984390168
0,225,40,500,1,0.5,0_225_40_500_1,valid,,2.129091,True,True,8581.318471977098,0.0013139999999998153,0.37158105598136937,8581.318471977098,0.0013139999999998153,0.37158105598136937,100.02310878720255,0.012430999999999859,0.09452445242482616,0.290619854,0.5,44.99659588486571,0.09816284906540318,19.911117317255346,19.962226613742107,39.82223463451069,0.45648109402364706,0.006010812146542466,0.03668242133210595,0.018341210666052973,0.45100000500679016,0.4699999988079071,4247,0.9129621880472941,0.9955558658627673,-0.0036718730540314937,0.0036718730540314937
0,225,40,1000,0,1.0,0_225_40_1000_0,valid,,1.038094,True,True,8598.193261186,0.0012499999999999734,0.371602784624075,8598.193261186,0.0012499999999999734,0.371602784624075,99.97981323618247,0.012016000000000027,0.08472264916297309,0.481161,0.5,44.99297731238703,0.09806838852563116,19.92341387000299,20.093970249063545,39.84682774000598,0.964582709945507,0.010502138084231857,0.0696332833238814,0.0348166416619407,0.9509999752044678,0.9800000190734863,4324,0.964582709945507,0.9961706935001494,-0.007290445532703416,0.007290445532703416
0,225,40,1000,1,1.0,0_225_40_1000_1,valid,,2.1305880000000004,True,True,8645.973698860653,0.0013440000000000119,0.3484680352031136,8645.973698860653,0.0013440000000000119,0.3484680352031136,99.97245969405363,0.012101999999999998,0.09386608316685664,0.290224,0.5,44.99853178876018,0.10464596757134359,19.862961708265665,19.707220582542533,39.72592341653133,0.9561921055277407,0.006693826161666137,0.04106145620756958,0.02053072810378479,0.9409999847412109,0.9700000286102295,4315,0.9561921055277407,0.9931480854132833,-0.0017359691595402182,0.0017359691595402182
0,270,40,500,0,0.5,0_270_40_500_0,valid,,2.119296,True,True,8649.861163710295,0.0010780000000001344,0.3313525614761384,8649.861163710295,0.0010780000000001344,0.3313525614761384,100.05945840893915,0.012244000000000366,0.09415444290192103,0.290314129,0.5,0.0,0.0,19.778295945776385,19.8148620830164,39.55659189155277,0.45329757797565173,0.005813981760474315,0.03416904408833655,0.017084522044168274,0.4410000145435333,0.460999995470047,4290,0.9065951559513035,0.9889147972888193,-0.00026775791980071517,0.00026775791980071517
0,270,40,500,1,0.5,0_270_40_500_1,valid,,2.129865,True,True,8615.812446254115,0.0025560000000000027,0.40083624318379985,8615.812446254115,0.0025560000000000027,0.40083624318379985,99.96656290826861,0.011934000000000111,0.09061024668781845,0.280261,0.5,0.0,0.0,19.735504493371177,19.76072916230862,39.471008986742355,0.45296331829442693,0.005736543455385616,0.033693376934572125,0.016846688467286063,0.4410000145435333,0.460999995470047,4237,0.9059266365888539,0.9867752246685588,-0.00026775791980071517,0.00026775791980071517
0,270,40,1000,0,1.0,0_270_40_1000_0,valid,,2.131082,True,True,8616.819274913392,0.0014440000000000008,0.366664365779299,8616.819274913392,0.0014440000000000008,0.366664365779299,100.01042254211933,0.012122999999999995,0.09123720840971412,0.289357,0.5,0.0,0.0,19.96953982485924,19.970001220703125,39.93907964971848,0.9590302816304301,0.005587568687679568,0.032437853137187195,0.016218926568593597,0.9509999752044678,0.9700000286102295,4256,0.9590302816304301,0.998476991242962,-0.00026775791980071517,0.00026775791980071517
0,270,40,1000,1,1.0,0_270_40_1000_1,valid,,2.128974,True,True,8685.515252448851,0.0010989999999999611,0.3268266988344849,8685.515252448851,0.0010989999999999611,0.3268266988344849,99.9541206756439,0.011947000000000041,0.08709766763637004,0.280396,0.5,0.0,0.0,19.671703816153713,19.721492225584605,39.343407632307425,0.9580902697299152,0.005484368076436022,0.029782198979453986,0.014891099489726993,0.9409999847412109,0.9700000286102295,4343,0.9580902697299152,0.9835851908076856,-0.00026775791980071517,0.00026775791980071517
0,315,40,500,0,0.5,0_315_40_500_0,valid,,2.109642,True,True,8655.966428737544,0.001330999999999971,0.3416851189524556,8655.966428737544,0.001330999999999971,0.3416851189524556,99.99929889790441,0.012485999999999997,0.09926761234277899,0.300668,0.5,-45.01105053198435,0.10705448219554226,20.00339190211301,20.143973489169475,40.00678380422602,0.47203484962041536,0.009044786620501963,0.05901725498885707,0.029508627494428535,0.460999995470047,0.49000000953674316,4324,0.9440696992408307,1.0001695951056504,-0.011318289904124867,0.011318289904124867
0,315,40,500,1,0.5,0_315_40_500_1,valid,,2.100459,True,True,8535.154574750952,0.0012719999999999398,0.3696163951103686,8535.154574750952,0.0012719999999999398,0.3696163951103686,100.0198123536348,0.012116999999999933,0.07652811209451862,0.29989247,0.5,-44.995499201200666,0.10130541728017306,19.926591824823365,20.043828545218975,39.85318364964673,0.4739411749051887,0.008847047364918209,0.057854147937846864,0.028927073968923432,0.460999995470047,0.49000000953674316,4194,0.9478823498103774,0.9963295912411683,0.00423304087962606,0.00423304087962606
0,315,40,1000,0,1.0,0_315_40_1000_0,valid,,2.120963,True,True,8657.809187591763,0.0012929999999999886,0.35329823027432244,8657.809187591763,0.0012929999999999886,0.35329823027432244,99.99398560160405,0.012300000000000005,0.09541626613837596,0.298690315,0.5,-45.00004627408981,0.07589331419279688,20.071429740899134,20.14131450210981,40.14285948179827,0.9798170581479717,0.008737068652334723,0.05620775448855284,0.02810387724427642,0.9700000286102295,1.0,4294,0.9798170581479717,1.0035714870449568,-0.00031403200955537613,0.00031403200955537613
0,315,40,1000,1,1.0,0_315_40_1000_1,valid,,2.118705,True,True,8629.88457589312,0.0011090000000000266,0.33408233005804083,8629.88457589312,0.0011090000000000266,0.33408233005804083,99.97380760022281,0.01237699999999986,0.09276241659060427,0.280716,0.5,-45.01954464077854,0.12349524252767874,19.79483237110144,19.725501030881254,39.58966474220288,0.9785368780688476,0.007919450403446054,0.05130596583420456,0.02565298291710228,0.9700000286102295,0.9900000095367432,4292,0.9785368780688476,0.9897416185550719,-0.019812398698263678,0.019812398698263678
0,0,60,500,0,0.5,0_0_60_500_0,valid,,1.380055,True,True,8545.242365913555,0.0011030000000000761,0.36105131245913574,8545.242365913555,0.0011030000000000761,0.36105131245913574,100.09764734034816,0.012361000000000066,0.09598933692245382,0.329964494,0.5,-90.0,0.0,29.645146914081757,29.722328698843732,59.29029382816351,0.5289999842643738,0.0,0.0,0.0,0.5289999842643738,0.5289999842643738,4208,1.0579999685287476,0.9881715638027252,-0.00026775791974387175,0.00026775791974387175
0,0,60,500,1,0.5,0_0_60_500_1,valid,,1.369863,True,True,8583.257966323297,0.0010680000000000012,0.3438194187390686,8583.257966323297,0.0010680000000000012,0.3438194187390686,100.05174551213204,0.011952999999999991,0.09372404372771136,0.350655917,0.5,-90.0,0.0,29.698181813506597,29.94630601587341,59.396363627013194,0.5289999842643738,0.0,0.0,0.0,0.5289999842643738,0.5289999842643738,4274,1.0579999685287476,0.9899393937835532,-0.00026775791974387175,0.00026775791974387175
0,0,60,1000,0,1.0,0_0_60_1000_0,valid,,1.370279,True,True,8629.113674810582,0.0013619999999998633,0.367473588633655,8629.113674810582,0.0013619999999998633,0.367473588633655,100.04205956745166,0.012215000000000087,0.08576753027806726,0.360238606,0.5,-90.0,0.0,29.503240998057873,29.6052593698805,59.006481996115745,1.0505261831621366,0.0033773036682327486,0.01520833360525573,0.007604166802627865,1.0490000247955322,1.0579999685287476,4323,1.0505261831621366,0.983441366601929,-0.00026775791974387175,0.00026775791974387175
0,0,60,1000,1,1.0,0_0_60_1000_1,valid,,1.3898679999999999,True,True,8614.22067104878,0.0013339999999999463,0.36731307616374853,8614.22067104878,0.0013339999999999463,0.36731307616374853,100.01403511874042,0.011600000000000055,0.08122630809327448,0.329873081,0.5,-90.0,0.0,29.535275420055793,29.792950918530014,59.070550840111586,1.0490000247955322,0.0,0.0,0.0,1.0490000247955322,1.0490000247955322,4205,1.0490000247955322,0.9845091806685264,-0.00026775791974387175,0.00026775791974387175
0,45,60,500,0,0.5,0_45_60_500_0,valid,,1.1680949999999999,True,True,8599.518263356706,0.0014200000000001989,0.35908573431356566,8599.518263356706,0.0014200000000001989,0.35908573431356566,100.00889552807591,0.01258300000000001,0.09291813645348576,0.300913749,0.5,-135.0026320950264,0.09847711351718963,29.47410707428759,29.72350645698736,58.94821414857518,0.5570670764806318,0.0066026886368894,-0.03636260164703755,-0.018181300823518775,0.5389999747276306,0.5680000185966492,4317,1.1141341529612636,0.9824702358095864,-0.0028998529461432554,0.0028998529461432554
0,45,60,500,1,0.5,0_45_60_500_1,valid,,1.370864,True,True,8651.104952969905,0.0012440000000000229,0.33557357926114384,8651.104952969905,0.0012440000000000229,0.33557357926114384,99.9396680004229,0.012075999999999976,0.09299920661248019,0.289815,0.5,-135.00714609293777,0.10330713126199953,29.95496310990551,29.874875015310042,59.90992621981102,0.5607007612588868,0.007188875165377167,-0.04595865352267063,-0.022979326761335316,0.5490000247955322,0.5680000185966492,4298,1.1214015225177736,0.9984987703301836,-0.0074138508575174455,0.0074138508575174455
0,45,60,1000,0,1.0,0_45_60_1000_0,valid,,1.360496,True,True,8671.607601848522,0.0010369999999999546,0.33422147474969083,8671.607601848522,0.0010369999999999546,0.33422147474969083,99.9771718790876,0.01221300000000003,0.08843848884927187,0.30008,0.5,-135.00227024748554,0.058743482595944786,30.006795371920685,29.941594048734707,60.01359074384137,1.0724987049016619,0.0073485538467547755,-0.04387526625629489,-0.021937633128147446,1.0579999685287476,1.0779999494552612,4333,1.0724987049016619,1.0002265123973562,-0.0025380054052845935,0.0025380054052845935
0,45,60,1000,1,1.0,0_45_60_1000_1,valid,,1.370189,True,True,8585.222781729855,0.0011619999999999964,0.35606871335774926,8585.222781729855,0.0011619999999999964,0.35606871335774926,99.97600575861793,0.012217000000000006,0.0929210924631156,0.310152,0.5,-134.99896212249553,0.08830674119024164,29.7843491116925,29.883864368184625,59.568698223385,1.0712976577213926,0.008048118131623328,-0.04947526918851253,-0.024737634594256264,1.0490000247955322,1.0779999494552612,4245,1.0712976577213926,0.9928116370564166,0.0007701195847289455,0.0007701195847289455
0,90,60,500,0,0.5,0_90_60_500_0,valid,,1.380589,True,True,8621.217945503875,0.0009280000000000399,0.339843150011305,8621.217945503875,0.0009280000000000399,0.339843150011305,99.96654750728666,0.012278999999999929,0.08710724559285918,0.299177,0.5,180.0,0.0,29.36762083888975,29.129943950178912,58.7352416777795,0.5522930647750417,0.004699601694140691,-0.012452065525085536,-0.006226032762542768,0.5490000247955322,0.5590000152587891,4303,1.1045861295500834,0.9789206946296584,-0.00026775791980071517,0.00026775791980071517
0,90,60,500,1,0.5,0_90_60_500_1,valid,,0.6597440000000001,True,False,8543.530419115745,0.0013039999999999718,0.34847646808974464,8543.530419115745,0.0013039999999999718,0.34847646808974464,99.95761573723767,0.012515999999999972,0.09408385546698868,1.019907,0.5,180.0,0.0,29.602189749019765,29.91120700662322,59.20437949803953,0.4891109616254631,0.016092376432878502,-0.10835822732100292,-0.05417911366050146,0.4699999988079071,0.5189999938011169,4363,0.9782219232509262,0.9867396583006588,-0.00026775791980071517,0.00026775791980071517
0,90,60,1000,0,1.0,0_90_60_1000_0,valid,,1.378606,True,True,8676.257674742834,0.0010909999999999531,0.3266129522286824,8676.257674742834,0.0010909999999999531,0.3266129522286824,99.94444428934753,0.012154999999999916,0.09272604149759851,0.300383678,0.5,180.0,0.0,29.315508679532204,29.268400148254408,58.63101735906441,1.0658843402616562,0.004091190637501716,-0.020031755208427857,-0.010015877604213928,1.0490000247955322,1.0679999589920044,4347,1.0658843402616562,0.9771836226510735,-0.00026775791980071517,0.00026775791980071517
0,90,60,1000,1,1.0,0_90_60_1000_1,valid,,1.3803779999999999,True,True,8620.492409131923,0.0009999999999998899,0.32181375104841,8620.492409131923,0.0009999999999998899,0.32181375104841,100.01940675056356,0.012205000000000021,0.09224067964361392,0.279333535,0.5,180.0,0.0,29.64356822693316,30.307613566626422,59.28713645386632,1.0666195596084571,0.004607652375504465,-0.020952386565653715,-0.010476193282826857,1.0579999685287476,1.0779999494552612,4280,1.0666195596084571,0.988118940897772,-0.00026775791980071517,0.00026775791980071517
0,135,60,500,0,0.5,0_135_60_500_0,valid,,1.370099,True,True,8664.277539633908,0.0011489999999998446,0.33032994387321546,8664.277539633908,0.0011489999999998446,0.33032994387321546,99.95232274205203,0.012341000000000019,0.09108895847420392,0.311162,0.5,134.99406821609028,0.0799922200723202,29.80611022075789,29.93200113807734,59.61222044151578,0.5373086861405705,0.0037486547795836764,-0.01686290987591606,-0.00843145493795803,0.5289999842643738,0.5389999747276306,4337,1.074617372281141,0.9935370073585964,-0.006199541829460031,0.006199541829460031
0,135,60,500,1,0.5,0_135_60_500_1,valid,,1.359494,True,True,8635.477539810623,0.0012600000000000111,0.35591597677321146,8635.477539810623,0.0012600000000000111,0.35591597677321146,100.06838928040878,0.012300000000000033,0.09392400647971456,0.311126,0.5,135.00597418259173,0.06931073078592219,29.926576409329982,30.18113874541666,59.853152818659964,0.5376011738016324,0.0034686239187037113,-0.014437634794234492,-0.007218817397117246,0.5289999842643738,0.5389999747276306,4319,1.0752023476032648,0.997552546977666,0.005706424671984678,0.005706424671984678
0,135,60,1000,0,1.0,0_135_60_1000_0,valid,,1.35103,True,True,8603.655156381325,0.0011280000000000179,0.3460906034293649,8603.655156381325,0.0011280000000000179,0.3460906034293649,99.9917984255224,0.01229099999999994,0.08889626698905478,0.309059,0.5,135.01946735551715,0.057766158812952995,29.820415948249536,29.407793851655626,59.64083189649907,1.053396114402565,0.005886560159830596,-0.03484059635357662,-0.01742029817678831,1.0390000343322754,1.0579999685287476,4290,1.053396114402565,0.9940138649416512,0.01919959759743506,0.01919959759743506
0,135,60,1000,1,1.0,0_135_60_1000_1,valid,,1.369631,True,True,8633.431109838191,0.0009899999999998244,0.33221044425318697,8633.431109838191,0.0009899999999998244,0.33221044425318697,100.03874516479398,0.012283999999999962,0.09049891815146816,0.299849,0.5,134.996316242745,0.0824667702333386,29.51278606550081,29.492855072728762,59.02557213100162,1.0520482862667941,0.00577635860583667,-0.03253860767499189,-0.016269303837495946,1.0390000343322754,1.0579999685287476,4317,1.0520482862667941,0.9837595355166936,-0.003951515174776432,0.003951515174776432
0,180,60,500,0,0.5,0_180_60_500_0,valid,,1.3600979999999998,True,True,8637.378755331009,0.0013000000000000789,0.37588672222862557,8637.378755331009,0.0013000000000000789,0.37588672222862557,99.97334044254865,0.012132999999999991,0.0901078936778613,0.309543,0.5,90.0,0.0,29.946708414152354,30.15859519038662,59.89341682830471,0.4917733790655246,0.0038195338576891814,0.017506620471537428,0.008753310235768714,0.49000000953674316,0.5,4314,0.9835467581310492,0.9982236138050785,-0.00026775791980071517,0.00026775791980071517
0,180,60,500,1,0.5,0_180_60_500_1,valid,,1.369731,True,True,8677.695973046333,0.0010769999999999946,0.3211539014469079,8677.695973046333,0.0010769999999999946,0.3211539014469079,100.06368694329208,0.012155000000000138,0.088916992621251,0.300521529,0.5,90.0,0.0,29.64422451925992,29.914962175877637,59.28844903851984,0.4920801481329666,0.004058865549015876,0.019769284116794638,0.009884642058397319,0.49000000953674316,0.5,4279,0.9841602962659332,0.9881408173086641,-0.00026775791980071517,0.00026775791980071517
0,180,60,1000,0,1.0,0_180_60_1000_0,valid,,0.8092,True,False,8565.184821407314,0.0013360000000000039,0.3525188131884034,8565.184821407314,0.0013360000000000039,0.3525188131884034,100.00550030251664,0.012532999999999905,0.09863625535262102,0.310593,0.5,90.0,0.0,29.45386251392624,29.830491141436156,58.90772502785248,1.0036853975072484,0.004425631640041332,0.025878656028659887,0.012939328014329943,1.0,1.0089999437332153,4254,1.0036853975072484,0.9817954171308746,-0.00026775791980071517,0.00026775791980071517
0,180,60,1000,1,1.0,0_180_60_1000_1,valid,,0.960258,True,False,8600.913529755664,0.0012179999999999414,0.3569334450804955,8600.913529755664,0.0012179999999999414,0.3569334450804955,100.01330019803683,0.012566999999999995,0.0913181669824787,0.699043,0.5,90.0,0.0,29.68385386875544,29.990728392487767,59.36770773751088,1.0081715712901207,0.0026017502711677986,0.008787992912796878,0.004393996456398439,1.0,1.0089999437332153,4299,1.0081715712901207,0.9894617956251813,-0.00026775791980071517,0.00026775791980071517
0,225,60,500,0,0.5,0_225_60_500_0,valid,,1.3792399999999998,True,True,8597.540854872788,0.0014159999999998618,0.3809930740721277,8597.540854872788,0.0014159999999998618,0.3809930740721277,100.02698530207877,0.012556000000000012,0.0926599301052215,0.291117269,0.5,45.00416729707657,0.05583011599215835,29.82903407575984,30.094982827233355,59.65806815151968,0.4613919873713009,0.010308012282264101,0.06705445496283573,0.033527227481417864,0.4410000145435333,0.49000000953674316,4236,0.9227839747426018,0.9943011358586613,0.0038995391568050763,0.0038995391568050763
0,225,60,500,1,0.5,0_225_60_500_1,valid,,1.360951,True,True,8613.962965826546,0.0006859999999999644,0.32313797477687783,8613.962965826546,0.0006859999999999644,0.32313797477687783,100.09828331444115,0.012440000000000007,0.09907838483827741,0.319408016,0.5,44.991620822882396,0.0847503830359102,30.09129304497437,30.365122274761184,60.18258608994874,0.4642991415307205,0.011806321466777354,0.07721898239248792,0.03860949119624396,0.45100000500679016,0.49000000953674316,4303,0.928598283061441,1.0030431014991457,-0.008646935037404546,0.008646935037404546
0,225,60,1000,0,1.0,0_225_60_1000_0,valid,,1.3587,True,True,8669.081636338227,0.0012099999999999889,0.3531980209771554,8669.081636338227,0.0012099999999999889,0.3531980209771554,100.03016616529382,0.012378,0.0961910789958676,0.330745,0.5,44.98562026381195,0.09317849889670664,29.882745668534632,29.952304807341648,59.765491337069264,0.9661676672481381,0.013785296341254305,0.09205316952109723,0.04602658476054861,0.9509999752044678,0.9900000095367432,4363,0.9661676672481381,0.9960915222844877,-0.014647494107748571,0.014647494107748571
0,225,60,1000,1,1.0,0_225_60_1000_1,valid,,1.360135,True,True,8633.196620569257,0.0012220000000000564,0.34420300219954103,8633.196620569257,0.0012220000000000564,0.34420300219954103,100.0358767411349,0.012024000000000035,0.08970425884718264,0.309326,0.5,44.990231346511884,0.08931796394166724,29.99850087589809,30.267633581437035,59.99700175179618,0.9646448519263839,0.013368384820704913,0.08831474102620583,0.044157370513102916,0.9509999752044678,0.9900000095367432,4343,0.9646448519263839,0.9999500291966029,-0.010036411407781998,0.010036411407781998
0,270,60,500,0,0.5,0_270_60_500_0,valid,,1.179042,True,True,8625.204934470778,0.0012580000000000022,0.3830408698693543,8625.204934470778,0.0012580000000000022,0.3830408698693543,99.96522262518145,0.01215199999999994,0.09403134059211812,0.319948,0.5,0.0,0.0,29.90687431661087,29.87638331246455,59.81374863322174,0.4594571561041535,0.009648129798635984,0.062294043597523316,0.031147021798761658,0.4410000145435333,0.47999998927116394,4284,0.918914312208307,0.9968958105536957,-0.00026775791980071517,0.00026775791980071517
0,270,60,500,1,0.5,0_270_60_500_1,valid,,1.379273,True,True,8661.72139742927,0.0013800000000000006,0.3509378940994441,8661.72139742927,0.0013800000000000006,0.3509378940994441,100.01874696932722,0.012058000000000124,0.0901728702009362,0.290714587,0.5,0.0,0.0,29.655036805845544,30.368050289211844,59.31007361169109,0.4577242732725808,0.008809143424812416,0.05676300775705599,0.028381503878527996,0.4410000145435333,0.47999998927116394,4333,0.9154485465451616,0.9885012268615181,-0.00026775791980071517,0.00026775791980071517
0,270,60,1000,0,1.0,0_270_60_1000_0,valid,,0.6711560000000001,True,False,8670.207227997886,0.0011999999999998678,0.3474757227834137,8670.207227997886,0.0011999999999998678,0.3474757227834137,99.97843397131092,0.011936000000000058,0.08121738659555489,0.329472,0.5,0.0,0.0,29.824419546927196,30.112740599184825,59.64883909385439,0.9665929903371386,0.010048233441342612,0.06514659150825541,0.03257329575412771,0.9509999752044678,0.9900000095367432,4349,0.9665929903371386,0.9941473182309065,-0.00026775791980071517,0.00026775791980071517
0,270,60,1000,1,1.0,0_270_60_1000_1,valid,,1.179035,True,True,8599.7371336528,0.0011680000000000579,0.3572987776291843,8599.7371336528,0.0011680000000000579,0.3572987776291843,100.04891894655675,0.01278199999999996,0.08493452601459549,0.480875,0.5,0.0,0.0,29.824340884093584,30.06825423112865,59.64868176818717,0.9811079687455093,0.018132148505972962,0.12119326218516845,0.06059663109258422,0.9599999785423279,1.0190000534057617,4300,0.9811079687455093,0.9941446961364527,-0.00026775791980071517,0.00026775791980071517
0,315,60,500,0,0.5,0_315_60_500_0,valid,,1.359762,True,True,8608.980714579646,0.0011710000000000331,0.3530917602133025,8608.980714579646,0.0011710000000000331,0.3530917602133025,99.94240887709458,0.012304000000000093,0.09241116646317746,0.310205,0.5,-45.00396432538778,0.061649718790013686,29.941224856067148,30.028920604652384,59.882449712134296,0.48228548755376766,0.015623588211390546,0.1059977599689348,0.0529988799844674,0.460999995470047,0.5099999904632568,4241,0.9645709751075353,0.9980408285355716,-0.0042320833074427355,0.0042320833074427355
0,315,60,500,1,0.5,0_315_60_500_1,valid,,1.3700240000000001,True,True,8553.784135077265,0.0025310000000000055,0.46797808528943174,8553.784135077265,0.0025310000000000055,0.46797808528943174,100.06171345468564,0.012131000000000114,0.0841337399389407,0.309941144,0.5,-44.99994849687841,0.06907217712438296,29.8196469153737,29.876559817995027,59.6392938307474,0.4831566153110294,0.015217670274532259,0.10266320840156808,0.05133160420078404,0.460999995470047,0.5099999904632568,4283,0.9663132306220588,0.9939882305124567,-0.00021625479814701976,0.00021625479814701976
0,315,60,1000,0,1.0,0_315_60_1000_0,valid,,1.35015,True,True,8659.625164479534,0.0011140000000000594,0.321841412981148,8659.625164479534,0.0011140000000000594,0.321841412981148,100.03556238055309,0.01219300000000012,0.09386825474926482,0.309143607,0.5,-45.00197850575537,0.11416506826508055,29.813072406176904,30.32370278820161,59.62614481235381,0.9901388515855059,0.014186946441105647,0.09624798077727117,0.04812399038863559,0.9700000286102295,1.0190000534057617,4295,0.9901388515855059,0.9937690802058968,-0.002246263675033333,0.002246263675033333
0,315,60,1000,1,1.0,0_315_60_1000_1,valid,,1.35959,True,True,8594.478564846238,0.0012530000000000596,0.3593327827549972,8594.478564846238,0.0012530000000000596,0.3593327827549972,100.00618822822186,0.01230500000000001,0.09255726011453216,0.299266,0.5,-45.00608441720881,0.09022373171720233,29.97811714537123,30.06094252891758,59.95623429074246,0.9897340992722694,0.014373302419044217,0.0971754257665826,0.0485877128832913,0.9700000286102295,1.0190000534057617,4269,0.9897340992722694,0.9992705715123743,-0.0063521751285406935,0.0063521751285406935
38,0,20,500,0,0.5,38_0_20_500_0,valid,,3.6785609999999997,True,True,8713.74283645543,0.0014009999999995415,0.32645885944131486,8713.74283645543,0.0014009999999995415,0.32645885944131486,100.00928803163796,0.012209999999999832,0.09193422671784149,1.011003,0.5,-90.0,0.0,10.020801600461573,10.208818750526603,20.041603200923145,0.5377468890426673,0.003310682885058034,-0.01275940776654818,-0.00637970388327409,0.5289999842643738,0.5389999747276306,4351,1.0754937780853346,1.0020801600461573,-0.00026775791974387175,0.00026775791974387175
38,0,20,500,1,0.5,38_0_20_500_1,valid,,4.039789,True,True,8675.238413004947,0.0013279999999999959,0.33180644083058425,8675.238413004947,0.0013279999999999959,0.33180644083058425,99.99360529693215,0.012489999999999668,0.09048189085976525,0.289964,0.5,-90.0,0.0,9.854576838654337,9.873567702844369,19.709153677308674,0.5461398739554288,0.0045189809442661545,-0.02083171432349749,-0.010415857161748745,0.5389999747276306,0.5490000247955322,4295,1.0922797479108577,0.9854576838654336,-0.00026775791974387175,0.00026775791974387175
38,0,20,1000,0,1.0,38_0_20_1000_0,valid,,3.05199,True,True,8654.57464087058,0.0013760000000000439,0.3610607424752793,8654.57464087058,0.0013760000000000439,0.3610607424752793,100.02181738623638,0.012170000000000014,0.08336061552628518,0.288613274,0.5,-90.0,0.0,9.822735853930153,9.922362770875758,19.645471707860306,1.077107087640461,0.0035849801701007345,-0.01400776007917639,-0.007003880039588195,1.0679999589920044,1.0880000591278076,4339,1.077107087640461,0.9822735853930153,-0.00026775791974387175,0.00026775791974387175
38,0,20,1000,1,1.0,38_0_20_1000_1,valid,,3.3612969999999995,True,True,8625.030750282982,0.001336000000000226,0.3440439481862177,8625.030750282982,0.001336000000000226,0.3440439481862177,99.99886228839313,0.012529000000000678,0.09491305536881596,1.329498,0.5,-90.0,0.0,9.908273302597163,10.00052925736575,19.816546605194326,1.0512769623023375,0.003912526681749025,-0.019820051185718994,-0.009910025592859497,1.0490000247955322,1.0579999685287476,4281,1.0512769623023375,0.9908273302597163,-0.00026775791974387175,0.00026775791974387175
38,45,20,500,0,0.5,38_45_20_500_0,valid,,4.370459,True,True,8691.57883443595,0.0013689999999999536,0.32034035619023193,8691.57883443595,0.0013689999999999536,0.32034035619023193,100.01503280941208,0.012568000000000003,0.09393768544422146,0.299364,0.5,-134.97166612163707,0.19926507798346904,9.947124149372288,9.838491681554371,19.894248298744575,0.5974671361345891,0.004488131884272705,-0.02183873099222626,-0.01091936549611313,0.5879999995231628,0.6079999804496765,4276,1.1949342722691783,0.9947124149372287,0.028066120443185127,0.028066120443185127
38,45,20,500,1,0.5,38_45_20_500_1,valid,,2.301518,True,True,8684.775355860564,0.0015540000000004994,0.3383657263380322,8684.775355860564,0.0015540000000004994,0.3383657263380322,100.02022812352885,0.012131000000000114,0.09253715797194226,0.289589,0.5,-135.0157080487018,0.22027882542059274,9.842210950297291,9.80502014139688,19.684421900594582,0.5995169338197479,0.0050103721554055295,-0.02647282633386984,-0.01323641316693492,0.5879999995231628,0.6079999804496765,4369,1.1990338676394958,0.9842210950297291,-0.01597580662155451,0.01597580662155451
38,45,20,1000,0,1.0,38_45_20_1000_0,valid,,4.380135,True,True,8666.237473823812,0.0011740000000000084,0.32174988340594995,8666.237473823812,0.0011740000000000084,0.32174988340594995,100.00462343167393,0.012159000000000031,0.09340897217980625,0.280378,0.5,-135.01636685394564,0.22629760655518671,9.855082874588968,10.0335390151387,19.710165749177936,1.1240889341269802,0.004542710520585637,-0.024763483963301726,-0.012381741981650863,1.1169999837875366,1.1269999742507935,4373,1.1240889341269802,0.9855082874588967,-0.01663461186538484,0.01663461186538484
38,45,20,1000,1,1.0,38_45_20_1000_1,valid,,4.389176,True,True,8679.589362125982,0.001806999999999892,0.3405663291080373,8679.589362125982,0.001806999999999892,0.3405663291080373,99.98267102789312,0.012262999999999913,0.09000936174631258,0.291341,0.5,-134.9898751971476,0.2241691782101412,9.946207313805562,9.949259991405569,19.892414627611124,1.1172294742086777,0.004762907806931827,-0.022446014345364074,-0.011223007172682037,1.1069999933242798,1.1269999742507935,4299,1.1172294742086777,0.9946207313805562,0.00985704493265871,0.00985704493265871
38,90,20,500,0,0.5,38_90_20_500_0,valid,,3.5692429999999997,True,True,8674.46913584268,0.0012520000000000309,0.32707930617849457,8674.46913584268,0.0012520000000000309,0.32707930617849457,100.02962180653904,0.012457000000000384,0.0955332883371503,1.130369254,0.5,180.0,0.0,9.838819119638744,9.698734008221788,19.67763823927749,0.5649717538765886,0.004344370021434712,-0.02444319500132216,-0.01222159750066108,0.5490000247955322,0.5680000185966492,4338,1.1299435077531772,0.9838819119638744,-0.00026775791980071517,0.00026775791980071517
38,90,20,500,1,0.5,38_90_20_500_1,valid,,2.438676,True,True,8696.430970399892,0.0013490000000000446,0.32910558616636987,8696.430970399892,0.0013490000000000446,0.32910558616636987,99.99494933860777,0.012337000000000042,0.09187121949360612,1.191026,0.5,180.0,0.0,10.018707642786461,10.193882964353644,20.037415285572923,0.5632254211674133,0.005850260727911244,-0.034929801988421126,-0.017464900994210563,0.5490000247955322,0.5680000185966492,4367,1.1264508423348265,1.0018707642786462,-0.00026775791980071517,0.00026775791980071517
38,90,20,1000,0,1.0,38_90_20_1000_0,valid,,4.39986,True,True,8683.793529135784,0.001314999999999955,0.3489879571858205,8683.793529135784,0.001314999999999955,0.3489879571858205,99.99647670255202,0.012581000000000009,0.09163026419179408,0.309946,0.5,180.0,0.0,9.938097694396085,10.044794902079744,19.87619538879217,1.1107889330508618,0.004851112952715469,-0.02797723204012745,-0.013988616020063726,1.1069999933242798,1.1169999837875366,4372,1.1107889330508618,0.9938097694396084,-0.00026775791980071517,0.00026775791980071517
38,90,20,1000,1,1.0,38_90_20_1000_1,valid,,2.4802869999999997,True,True,8657.753719256729,0.0013319999999999999,0.33865975266977866,8657.753719256729,0.0013319999999999999,0.33865975266977866,99.99154071565546,0.012514999999999998,0.09181162340573412,2.219533,0.5,180.0,0.0,9.807752965135721,9.780920671962647,19.615505930271443,1.0153053867836976,0.010494207721209218,-0.07025848273323836,-0.03512924136661918,1.0,1.0290000438690186,4350,1.0153053867836976,0.9807752965135721,-0.00026775791980071517,0.00026775791980071517
38,135,20,500,0,0.5,38_135_20_500_0,valid,,4.3709489999999995,True,True,8651.749693281465,0.0013719999999999288,0.34442323336350267,8651.749693281465,0.0013719999999999288,0.34442323336350267,99.99594721110081,0.012731000000000048,0.0946814615264549,0.288814548,0.5,135.0197522073676,0.2586255800135717,9.937162536211405,9.973002998716684,19.87432507242281,0.54946775434947,0.0021115208128587143,-0.004674306353675124,-0.002337153176837562,0.5490000247955322,0.5590000152587891,4317,1.09893550869894,0.9937162536211405,0.019484449447872976,0.019484449447872976
38,135,20,500,1,0.5,38_135_20_500_1,valid,,2.7393940000000003,True,True,8687.266355925522,0.001206999999999958,0.34813063107640363,8687.266355925522,0.001206999999999958,0.34813063107640363,99.9794736019503,0.01230500000000001,0.09154731122096177,1.951019,0.5,134.99977153149982,0.27898924519982415,9.876876429741639,9.79156483680578,19.753752859483278,0.5183652535154173,0.006688247601654869,-0.04245856672088903,-0.021229283360444516,0.5099999904632568,0.5289999842643738,4376,1.0367305070308346,0.9876876429741639,-0.0004962264199548372,0.0004962264199548372
38,135,20,1000,0,1.0,38_135_20_1000_0,valid,,4.378895999999999,True,True,8703.533783813167,0.0013030000000000541,0.31108013084998937,8703.533783813167,0.0013030000000000541,0.31108013084998937,99.99624495428698,0.012310000000000265,0.09242205833697209,0.280827,0.5,134.99823382742693,0.23555511966401776,9.869611431064437,9.803652546045276,19.739222862128873,1.0684689185447693,0.0021141589328081906,-0.004874615681222941,-0.0024373078406114703,1.0679999589920044,1.0779999494552612,4301,1.0684689185447693,0.9869611431064437,-0.00203393049287115,0.00203393049287115
38,135,20,1000,1,1.0,38_135_20_1000_1,valid,,4.3792670000000005,True,True,8691.982348503816,0.0013330000000000286,0.3427387164078769,8691.982348503816,0.0013330000000000286,0.3427387164078769,100.01000100010002,0.012338000000000182,0.09072499306186757,0.28098,0.5,135.00753447128903,0.18332869550501268,9.863007884736277,9.949161986208855,19.726015769472554,1.0682332687695026,0.0015095237983187744,-0.0026129118623267884,-0.0013064559311633942,1.0679999589920044,1.0779999494552612,4334,1.0682332687695026,0.9863007884736277,0.007266713369290301,0.007266713369290301
38,180,20,500,0,0.5,38_180_20_500_0,valid,,4.420479,True,True,8659.719913149635,0.001562999999999981,0.3557951916392329,8659.719913149635,0.001562999999999981,0.3557951916392329,99.99167733943102,0.012628000000000306,0.09235581243378967,0.279316,0.5,90.0,0.0,9.855394670024122,9.8821947149318,19.710789340048244,0.4697868247288466,0.001368621289877855,0.002129795278254815,0.0010648976391274074,0.460999995470047,0.4699999988079071,4283,0.9395736494576932,0.9855394670024122,-0.00026775791980071517,0.00026775791980071517
38,180,20,500,1,0.5,38_180_20_500_1,valid,,4.409917,True,True,8639.226599095382,0.001735000000000042,0.3367816456505508,8639.226599095382,0.001735000000000042,0.3367816456505508,99.99628756297669,0.012632999999999894,0.09399936540106846,0.28111,0.5,90.0,0.0,9.870488198924557,9.922020008792614,19.740976397849114,0.4699999988079071,0.0,0.0,0.0,0.4699999988079071,0.4699999988079071,4340,0.9399999976158142,0.9870488198924556,-0.00026775791980071517,0.00026775791980071517
38,180,20,1000,0,1.0,38_180_20_1000_0,valid,,3.139502,True,True,8640.045366551234,0.0016730000000000078,0.37081762962336123,8640.045366551234,0.0016730000000000078,0.37081762962336123,100.00866608959143,0.012051000000000034,0.08924482948630583,1.549769,0.5,90.0,0.0,9.936167958617865,9.908043250041482,19.87233591723573,1.0064575221781908,0.004051881486159323,0.02189045916088208,0.01094522958044104,1.0,1.0089999437332153,4341,1.0064575221781908,0.9936167958617865,-0.00026775791980071517,0.00026775791980071517
38,180,20,1000,1,1.0,38_180_20_1000_1,valid,,4.418463,True,True,8679.11796860726,0.0012820000000000054,0.34487044392655886,8679.11796860726,0.0012820000000000054,0.34487044392655886,99.98544036714974,0.012471000000000121,0.08771784196708128,0.280967184,0.5,90.0,0.0,9.797388915391807,9.776968131858233,19.594777830783613,0.9697616097302494,0.0026290370277348004,0.00757930846355145,0.003789654231775725,0.9599999785423279,0.9800000190734863,4286,0.9697616097302494,0.9797388915391807,-0.00026775791980071517,0.00026775791980071517
38,225,20,500,0,0.5,38_225_20_500_0,valid,,4.3899799999999995,True,True,8648.784442220145,0.0011359999999998038,0.33666110371210756,8648.784442220145,0.0011359999999998038,0.33666110371210756,99.9948135470152,0.012430999999999859,0.09543985476748254,0.27923,0.5,44.9588941822722,0.17551492480232866,9.80395939686053,9.742566647664683,19.60791879372106,0.4150531863728627,0.005897683262059689,0.035412028616997084,0.017706014308498542,0.4020000100135803,0.4309999942779541,4299,0.8301063727457254,0.9803959396860529,-0.041373575647526195,0.041373575647526195
38,225,20,500,1,0.5,38_225_20_500_1,valid,,2.990415,True,True,8655.521005078741,0.0011190000000000921,0.33187478820775823,8655.521005078741,0.0011190000000000921,0.33187478820775823,100.00053785149841,0.01259499999999969,0.09105449318809168,0.779578,0.5,45.021369936169116,0.18383350849657631,9.945172591967076,10.024799956475599,19.89034518393415,0.4410991581598128,0.007452222969173874,0.048136853447526766,0.024068426723763383,0.4309999942779541,0.45100000500679016,4329,0.8821983163196256,0.9945172591967075,0.0211021782492935,0.0211021782492935
38,225,20,1000,0,1.0,38_225_20_1000_0,valid,,4.380344,True,True,8632.248009583987,0.0015780000000000793,0.33804800428413595,8632.248009583987,0.0015780000000000793,0.33804800428413595,100.01052006867789,0.012434999999999974,0.08665401901739286,0.28977909,0.5,45.03807485291344,0.1773877638934067,10.003797815254892,10.020956395658002,20.007595630509783,0.9144526559246791,0.005456475467710309,0.03181432088465128,0.01590716044232564,0.9020000100135803,0.9309999942779541,4291,0.9144526559246791,1.0003797815254891,0.0378070949936955,0.0378070949936955
38,225,20,1000,1,1.0,38_225_20_1000_1,valid,,4.001073,True,True,8640.370014654436,0.0017500000000000016,0.3414010997024691,8640.370014654436,0.0017500000000000016,0.3414010997024691,100.00272356689965,0.01237300000000019,0.09039178667170061,0.289487485,0.5,45.044942554427784,0.333352669929708,9.959689930503552,9.992145026383797,19.919379861007105,0.9106882868406767,0.006575240577351466,0.040795092050507256,0.020397546025253628,0.9020000100135803,0.9210000038146973,4279,0.9106882868406767,0.9959689930503552,0.04467479650804762,0.04467479650804762
38,270,20,500,0,0.5,38_270_20_500_0,valid,,3.310262,True,True,8682.131524411354,0.0013270000000000781,0.3353920190930657,8682.131524411354,0.0013270000000000781,0.3353920190930657,100.00546936099899,0.012445999999999999,0.09212611949523525,1.390262,0.5,0.0,0.0,9.890753443257442,9.99409082420708,19.781506886514883,0.46458130472548,0.007915497073074663,0.05076446865198365,0.025382234325991824,0.45100000500679016,0.47999998927116394,4370,0.92916260945096,0.9890753443257442,-0.00026775791980071517,0.00026775791980071517
38,270,20,500,1,0.5,38_270_20_500_1,valid,,4.05013,True,True,8617.314448748639,0.0013329999999999176,0.350642488366297,8617.314448748639,0.0013329999999999176,0.350642488366297,100.01301566591103,0.012632999999999894,0.09336866992291823,0.270614129,0.5,0.0,0.0,9.711705899121515,9.733600390312084,19.42341179824303,0.42094315788872094,0.0027320216290471887,0.008795215925520397,0.004397607962760198,0.41200000047683716,0.4309999942779541,4296,0.8418863157774419,0.9711705899121515,-0.00026775791980071517,0.00026775791980071517
38,270,20,1000,0,1.0,38_270_20_1000_0,valid,,2.3799849999999996,True,True,8628.432913560422,0.0011879999999999946,0.33886088942648335,8628.432913560422,0.0011879999999999946,0.33886088942648335,100.01908547818707,0.012646999999999964,0.09151629556590857,2.320451943,0.5,0.0,0.0,9.746961422360593,9.589056618143372,19.493922844721187,1.0324736071363674,0.010941589129066495,0.07299476401916821,0.036497382009584106,1.0190000534057617,1.0490000247955322,4299,1.0324736071363674,0.9746961422360594,-0.00026775791980071517,0.00026775791980071517
38,270,20,1000,1,1.0,38_270_20_1000_1,valid,,2.700306,True,True,8654.761919291655,0.001482000000000011,0.3588976867802703,8654.761919291655,0.001482000000000011,0.3588976867802703,100.00926766125987,0.012567999999999913,0.09765117901768285,0.279286,0.5,0.0,0.0,9.870410144689954,9.85720679373049,19.740820289379908,0.9202975144846438,0.0025556594730586093,0.007051077365583659,0.0035255386827918295,0.9110000133514404,0.9210000038146973,4311,0.9202975144846438,0.9870410144689954,-0.00026775791980071517,0.00026775791980071517
38,315,20,500,0,0.5,38_315_20_500_0,valid,,4.389625,True,True,8615.314290463502,0.0013920000000000599,0.35773251707832104,8615.314290463502,0.0013920000000000599,0.35773251707832104,99.99120659451363,0.01229300000000011,0.08943017357846629,0.279769,0.5,-45.01475573354591,0.25388687802458776,9.987033980204995,9.937747976195835,19.97406796040999,0.4505332954518795,0.0021093300570495213,0.004990404918656389,0.0024952024593281946,0.4410000145435333,0.45100000500679016,4300,0.901066590903759,0.9987033980204995,-0.015023491465626648,0.015023491465626648
38,315,20,500,1,0.5,38_315_20_500_1,valid,,4.380955,True,True,8635.038042090175,0.0015140000000000153,0.3466087538417264,8635.038042090175,0.0015140000000000153,0.3466087538417264,100.01201807618463,0.012424000000000018,0.0895519159541935,0.279735,0.5,-44.94114251433371,0.19896672748486133,9.875783211473236,10.005745163290738,19.75156642294647,0.4515523680000153,0.003147365699711535,0.011266267385358965,0.005633133692679483,0.4410000145435333,0.460999995470047,4320,0.9031047360000306,0.9875783211473236,0.058589727746493736,0.058589727746493736
38,315,20,1000,0,1.0,38_315_20_1000_0,valid,,2.920844,True,True,8636.202655231495,0.0013699999999996493,0.36208359916619987,8636.202655231495,0.0013699999999996493,0.36208359916619987,100.00257491659964,0.01246400000000003,0.09077725475342618,1.749708165,0.5,-44.99542153210025,0.1546586841677352,9.987637156970816,10.065080570836551,19.975274313941632,1.0082160609912538,0.007118570823240007,0.04586412121800653,0.022932060609003265,1.0,1.0190000534057617,4315,1.0082160609912538,0.9987637156970817,0.004310709980018146,0.004310709980018146
38,315,20,1000,1,1.0,38_315_20_1000_1,valid,,4.400348,True,True,8659.001937246607,0.001454999999999984,0.35398318640935666,8659.001937246607,0.001454999999999984,0.35398318640935666,100.01427349412141,0.012213999999999947,0.09244104042283223,0.278649314,0.5,-44.966831135921495,0.27740539974209355,9.832492818247736,10.012813321499758,19.664985636495473,0.9540763349974071,0.004268870908015273,0.02406127285079394,0.01203063642539697,0.9509999752044678,0.9599999785423279,4299,0.9540763349974071,0.9832492818247737,0.03290110615876074,0.03290110615876074
38,0,40,500,0,0.5,38_0_40_500_0,valid,,2.1382649999999996,True,True,8680.614125751019,0.0011100000000001664,0.3290024099711709,8680.614125751019,0.0011100000000001664,0.3290024099711709,100.02023486289919,0.012260999999999855,0.09371902162185188,0.290579832,0.5,-90.0,0.0,19.71705822637971,19.811697030242993,39.43411645275942,0.5408312272562817,0.0038677036015951714,-0.013735689936944446,-0.006867844968472223,0.5389999747276306,0.5490000247955322,4344,1.0816624545125635,0.9858529113189854,-0.00026775791974387175,0.00026775791974387175
38,0,40,500,1,0.5,38_0_40_500_1,valid,,1.6388410000000002,True,True,8674.458267374177,0.0012440000000000229,0.33167707158467197,8674.458267374177,0.0012440000000000229,0.33167707158467197,100.03253932026165,0.012329000000000034,0.08749380599627145,0.310534824,0.5,-90.0,0.0,20.17750079926276,19.940056834633133,40.35500159852552,0.5411046938712001,0.004614743672256078,-0.017276705246587372,-0.008638352623293686,0.5389999747276306,0.5590000152587891,4313,1.0822093877424002,1.0088750399631379,-0.00026775791974387175,0.00026775791974387175
38,0,40,1000,0,1.0,38_0_40_1000_0,valid,,2.100457,True,True,8625.100140464712,0.0013369999999999216,0.3723051764555003,8625.100140464712,0.0013369999999999216,0.3723051764555003,100.04247013674771,0.012334000000000067,0.08985372859496076,0.290033391,0.5,-90.0,0.0,19.620449441418963,19.54565597873404,39.240898882837925,1.068342023025786,0.0036338638922098336,-0.013670913302105838,-0.006835456651052919,1.0579999685287476,1.0779999494552612,4302,1.068342023025786,0.9810224720709482,-0.00026775791974387175,0.00026775791974387175
38,0,40,1000,1,1.0,38_0_40_1000_1,valid,,1.9598790000000001,True,True,8645.562951965901,0.0010710000000000441,0.34660123838533524,8645.562951965901,0.0010710000000000441,0.34660123838533524,99.99770120227122,0.01223300000000016,0.09031326585244942,0.299939,0.5,-90.0,0.0,19.747890270373517,19.84885192228146,39.495780540747035,1.0589356476364133,0.002912264885069035,-0.00810730683875025,-0.004053653419375125,1.0579999685287476,1.0679999589920044,4307,1.0589356476364133,0.9873945135186759,-0.00026775791974387175,0.00026775791974387175
38,45,40,500,0,0.5,38_45_40_500_0,valid,,2.127685,True,True,8637.039717073174,0.0012690000000001866,0.33475983832833894,8637.039717073174,0.0012690000000001866,0.33475983832833894,100.02632876929674,0.012032000000000015,0.08708831257306006,0.291148515,0.5,-135.00613339586963,0.13899020868977052,19.830350036894227,19.90936131296781,39.660700073788455,0.5899793164355372,0.010950537355277297,-0.07031446134749088,-0.03515723067374544,0.5680000185966492,0.6079999804496765,4273,1.1799586328710745,0.9915175018447113,-0.006401153789369118,0.006401153789369118
38,45,40,500,1,0.5,38_45_40_500_1,valid,,2.111422,True,True,8652.983230500835,0.0011799999999999589,0.33510652682212116,8652.983230500835,0.0011799999999999589,0.33510652682212116,100.00169233633181,0.01257599999999992,0.09220444048007265,0.308981479,0.5,-134.99671135590688,0.12424193652520898,19.82213975967002,19.994723289131336,39.64427951934004,0.5871945415513082,0.010890087117086585,-0.07130637791927025,-0.035653188959635124,0.5680000185966492,0.6079999804496765,4334,1.1743890831026165,0.9911069879835009,0.0030208861733740378,0.0030208861733740378
38,45,40,1000,0,1.0,38_45_40_1000_0,valid,,2.119525,True,True,8640.891070272099,0.0014050000000001006,0.3776396076209114,8640.891070272099,0.0014050000000001006,0.3776396076209114,100.00526950843178,0.01253100000000007,0.0959386249539131,0.309329,0.5,-135.00272889326504,0.08736106807765509,19.698858856606158,19.66464047853778,39.397717713212316,1.1085329072319317,0.012150478239144563,-0.08097313896277655,-0.040486569481388276,1.0880000591278076,1.1269999742507935,4279,1.1085329072319317,0.9849429428303079,-0.0029966511847874244,0.0029966511847874244
38,45,40,1000,1,1.0,38_45_40_1000_1,valid,,2.109635,True,True,8659.377430180926,0.0013090000000000046,0.3653932713370504,8659.377430180926,0.0013090000000000046,0.3653932713370504,99.97828058042565,0.012248999999999732,0.08819966762662573,0.289337,0.5,-134.9958227639889,0.07633057341924143,20.145051203766467,20.240775521392877,40.290102407532935,1.1056380728651403,0.010778437488060729,-0.07120036732981684,-0.03560018366490842,1.0880000591278076,1.1269999742507935,4304,1.1056380728651403,1.0072525601883233,0.003909478091344454,0.003909478091344454
38,90,40,500,0,0.5,38_90_40_500_0,valid,,1.3097290000000001,True,True,8665.172967242488,0.0013490000000000446,0.38279100084571754,8665.172967242488,0.0013490000000000446,0.38279100084571754,100.07729046124852,0.011813000000000073,0.08383139388374795,1.11965524,0.5,180.0,0.0,19.975389237322762,20.240661060649302,39.950778474645524,0.5081511162859417,0.015969469944668045,-0.10844263433992256,-0.05422131716996128,0.47999998927116394,0.5389999747276306,4355,1.0163022325718833,0.9987694618661381,-0.00026775791980071517,0.00026775791980071517
38,90,40,500,1,0.5,38_90_40_500_1,valid,,2.1298030000000003,True,True,8679.927528384587,0.0013410000000000366,0.3257692020053491,8679.927528384587,0.0013410000000000366,0.3257692020053491,99.98188789646183,0.0126170000000001,0.09912486122382375,0.319587,0.5,180.0,0.0,19.66026435079894,19.50272196564681,39.32052870159788,0.582164015888796,0.008635159514100491,-0.0560453433794704,-0.0280226716897352,0.5680000185966492,0.5979999899864197,4291,1.164328031777592,0.983013217539947,-0.00026775791980071517,0.00026775791980071517
38,90,40,1000,0,1.0,38_90_40_1000_0,valid,,2.119529,True,True,8634.000158006842,0.0011280000000000179,0.3584625391944625,8634.000158006842,0.0011280000000000179,0.3584625391944625,99.972546000829,0.012124999999999941,0.09083213135958977,0.320526,0.5,180.0,0.0,19.614828912093163,19.379923768592683,39.229657824186326,1.0980043511911008,0.0086241334234545,-0.05487340119283418,-0.02743670059641709,1.0880000591278076,1.1169999837875366,4283,1.0980043511911008,0.9807414456046581,-0.00026775791980071517,0.00026775791980071517
38,90,40,1000,1,1.0,38_90_40_1000_1,valid,,2.1292560000000003,True,True,8619.72186210598,0.0017630000000000146,0.39400645292176956,8619.72186210598,0.0017630000000000146,0.39400645292176956,100.04228710520331,0.012396000000000074,0.09420473747102459,0.311197161,0.5,180.0,0.0,19.958580268385195,19.77357819565128,39.91716053677039,1.095719493432648,0.008081888403054297,-0.052561543032230915,-0.026280771516115457,1.0779999494552612,1.1069999933242798,4160,1.095719493432648,0.9979290134192598,-0.00026775791980071517,0.00026775791980071517
38,135,40,500,0,0.5,38_135_40_500_0,valid,,2.120049,True,True,8660.73128653115,0.0018280000000000102,0.364518396134824,8660.73128653115,0.0018280000000000102,0.364518396134824,100.00332057357889,0.012318999999999969,0.09338581968914508,0.298861558,0.5,134.99971234340552,0.1254248715091535,19.80965806536096,20.006614776809002,39.61931613072192,0.5506959820181399,0.0037527703302031074,-0.011911355043135275,-0.0059556775215676375,0.5490000247955322,0.5590000152587891,4309,1.1013919640362797,0.990482903268048,-0.0005554145142241396,0.0005554145142241396
38,135,40,500,1,0.5,38_135_40_500_1,valid,,2.1296019999999998,True,True,8654.86857911405,0.0011889999999999956,0.330426307821027,8654.86857911405,0.0011889999999999956,0.330426307821027,100.04756107134007,0.012258999999999798,0.09727248676644105,0.279458254,0.5,135.01192185026753,0.1624619171271462,19.847879578297924,19.987968729664264,39.69575915659585,0.5520505568063154,0.004604296413881136,-0.017177893832188065,-0.008588946916094032,0.5490000247955322,0.5590000152587891,4280,1.1041011136126309,0.9923939789148962,0.011654092347725964,0.011654092347725964
38,135,40,1000,0,1.0,38_135_40_1000_0,valid,,2.130027,True,True,8586.033380590628,0.0013239999999999919,0.3725105932928967,8586.033380590628,0.0013239999999999919,0.3725105932928967,99.98442550295051,0.012288999999999994,0.10105692349201247,0.289697525,0.5,135.00784661532407,0.056565432166081564,19.711245394530707,19.888745345647912,39.42249078906141,1.0689338181014059,0.002909723243167639,-0.009274133358514264,-0.004637066679257132,1.0679999589920044,1.0779999494552612,4217,1.0689338181014059,0.9855622697265354,0.0075788574042690016,0.0075788574042690016
38,135,40,1000,1,1.0,38_135_40_1000_1,valid,,2.119593,True,True,8632.106280723137,0.0013580000000001924,0.3408622618267866,8632.106280723137,0.0013580000000001924,0.3408622618267866,99.96916335807185,0.012236000000000025,0.08994031790021062,0.29057,0.5,135.00533893661662,0.08309647299061851,19.919932018529096,19.952084082587753,39.83986403705819,1.0672328069236183,0.004057286431033448,-0.013127233642879904,-0.006563616821439952,1.0579999685287476,1.0779999494552612,4308,1.0672328069236183,0.9959966009264548,0.005071178696880452,0.005071178696880452
38,180,40,500,0,0.5,38_180_40_500_0,valid,,2.109392,True,True,8607.277309069506,0.0033920000000000616,0.42051318308294283,8607.277309069506,0.0033920000000000616,0.42051318308294283,99.98008089157621,0.012351,0.09535520983280138,0.300888,0.5,90.0,0.0,19.792112373883484,19.70089643746675,39.58422474776697,0.47349112596951903,0.005689410696986668,0.03382421009164513,0.016912105045822565,0.460999995470047,0.49000000953674316,4276,0.9469822519390381,0.9896056186941742,-0.00026775791980071517,0.00026775791980071517
38,180,40,500,1,0.5,38_180_40_500_1,valid,,2.110168,True,True,8652.829441525999,0.0010689999999999866,0.32693331538308196,8652.829441525999,0.0010689999999999866,0.32693331538308196,100.06839924300748,0.012272999999999978,0.08574451088758282,0.28972164,0.5,90.0,0.0,19.659609797956072,19.807504513379616,39.319219595912145,0.47311521180079935,0.005153363132637059,0.029641050161303247,0.014820525080651624,0.460999995470047,0.47999998927116394,4320,0.9462304236015987,0.9829804898978036,-0.00026775791980071517,0.00026775791980071517
38,180,40,1000,0,1.0,38_180_40_1000_0,valid,,2.1293509999999998,True,True,8638.966418402017,0.0010930000000000106,0.33842093118530947,8638.966418402017,0.0010930000000000106,0.33842093118530947,100.01341176019774,0.012424999999999908,0.08912197075142561,0.299771,0.5,90.0,0.0,19.747113841726843,19.8317557333468,39.49422768345369,0.9827781331240678,0.006226633171412665,0.036693391875777526,0.018346695937888763,0.9700000286102295,0.9900000095367432,4328,0.9827781331240678,0.9873556920863422,-0.00026775791980071517,0.00026775791980071517
38,180,40,1000,1,1.0,38_180_40_1000_1,valid,,2.130659,True,True,8656.312707670588,0.0013119999999999798,0.34157048053969574,8656.312707670588,0.0013119999999999798,0.34157048053969574,99.9572213730752,0.01202800000000015,0.08412443491447952,0.279788,0.5,90.0,0.0,19.772979759259556,19.804886544600038,39.54595951851911,0.9738316666257886,0.006370596778358377,0.03850986159058749,0.019254930795293744,0.9599999785423279,0.9900000095367432,4251,0.9738316666257886,0.9886489879629778,-0.00026775791980071517,0.00026775791980071517
38,225,40,500,0,0.5,38_225_40_500_0,valid,,2.118815,True,True,8662.889116088289,0.0013850000000000806,0.34698814253812327,8662.889116088289,0.0013850000000000806,0.34698814253812327,100.00180079871171,0.012299999999999978,0.09100492249085265,0.311251,0.5,45.001724637604404,0.11758079342556436,19.796097327212326,19.67554254149214,39.59219465442465,0.43052327973740523,0.014452579290080937,0.09768554039177846,0.04884277019588923,0.41200000047683716,0.460999995470047,4297,0.8610465594748105,0.9898048663606163,0.0014568796846106125,0.0014568796846106125
38,225,40,500,1,0.5,38_225_40_500_1,valid,,2.118298,True,True,8629.720900911227,0.0012070000000001802,0.36841608858055447,8629.720900911227,0.0012070000000001802,0.36841608858055447,100.08113857824965,0.012141999999999875,0.08382962430019059,0.300334411,0.5,45.02012564866593,0.1329765841228834,19.876932670474417,20.350437974295573,39.753865340948835,0.4310718150174053,0.01335356052544727,0.09018746123502111,0.045093730617510555,0.41200000047683716,0.45100000500679016,4278,0.8621436300348106,0.9938466335237208,0.019857890746152407,0.019857890746152407
38,225,40,1000,0,1.0,38_225_40_1000_0,valid,,2.129802,True,True,8641.332520288353,0.0011529999999999995,0.3481717521006872,8641.332520288353,0.0011529999999999995,0.3481717521006872,100.02401339863654,0.012097999999999942,0.09518327805391145,0.290331958,0.5,44.98942047652006,0.1422609791200955,19.850833804350692,19.890252420612335,39.701667608701385,0.9256158352146511,0.014731378434279628,0.09909844828774722,0.04954922414387361,0.9020000100135803,0.9509999752044678,4269,0.9256158352146511,0.9925416902175346,-0.010847281399719577,0.010847281399719577
38,225,40,1000,1,1.0,38_225_40_1000_1,valid,,2.1100779999999997,True,True,8613.64083302762,0.001479000000000008,0.3745916894154666,8613.64083302762,0.001479000000000008,0.3745916894154666,100.02862357536156,0.012378,0.09017346035195695,0.320287673,0.5,45.01987808071429,0.16301149713713414,19.782170778805614,19.64871887748208,39.56434155761123,0.9282596340418885,0.015404674415478579,0.10409825686450706,0.05204912843225353,0.9020000100135803,0.9509999752044678,4248,0.9282596340418885,0.9891085389402807,0.01961032279450592,0.01961032279450592
38,270,40,500,0,0.5,38_270_40_500_0,valid,,1.1107879999999999,True,True,8642.887419253615,0.0015270000000002781,0.35962239933014367,8642.887419253615,0.0015270000000002781,0.35962239933014367,100.01931407444197,0.012307999999999986,0.08917693860369753,1.329723,0.5,0.0,0.0,19.774612730350736,19.800839351526346,39.54922546070147,0.5340329543601585,0.01326986215855404,0.08771160601206839,0.04385580300603419,0.5099999904632568,0.5490000247955322,4352,1.068065908720317,0.9887306365175368,-0.00026775791980071517,0.00026775791980071517
38,270,40,500,1,0.5,38_270_40_500_1,valid,,2.13914,True,True,8622.557220107185,0.0014910000000001311,0.36767684099060616,8622.557220107185,0.0014910000000001311,0.36767684099060616,100.0637329006475,0.012132000000000254,0.09264019951381719,0.300573866,0.5,0.0,0.0,19.537687294558964,19.587288150532707,39.07537458911793,0.43132996502078635,0.009772583839925887,0.0636066710396337,0.03180333551981685,0.42100000381469727,0.45100000500679016,4298,0.8626599300415727,0.9768843647279482,-0.00026775791980071517,0.00026775791980071517
38,270,40,1000,0,1.0,38_270_40_1000_0,valid,,1.8698540000000001,True,True,8664.131651304311,0.001462999999999992,0.33417909903423304,8664.131651304311,0.001462999999999992,0.33417909903423304,100.01567295411427,0.012515000000000054,0.09021484394474376,0.530328265,0.5,0.0,0.0,19.832841308047698,19.635395435241982,39.665682616095395,0.9506869764454677,0.014769585967137178,0.10007770162788274,0.05003885081394137,0.9309999942779541,0.9800000190734863,4297,0.9506869764454677,0.9916420654023849,-0.00026775791980071517,0.00026775791980071517
38,270,40,1000,1,1.0,38_270_40_1000_1,valid,,2.108911,True,True,8679.293160634195,0.001302999999999832,0.34007125806585203,8679.293160634195,0.001302999999999832,0.34007125806585203,100.05703250852989,0.012689000000000006,0.10287279182219618,0.310483117,0.5,0.0,0.0,19.760747522016157,19.881150460310604,39.521495044032314,0.930102614493763,0.009375491471441542,0.060023473982995006,0.030011736991497503,0.9110000133514404,0.9509999752044678,4324,0.930102614493763,0.9880373761008079,-0.00026775791980071517,0.00026775791980071517
38,315,40,500,0,0.5,38_315_40_500_0,valid,,1.9502670000000002,True,True,8675.42232839166,0.0012729999999999686,0.3497274977442029,8675.42232839166,0.0012729999999999686,0.3497274977442029,99.96200677750066,0.012573,0.09444838995295249,0.300712,0.5,-44.996174712117806,0.10690937315857237,19.98769027643843,20.02487013248431,39.97538055287686,0.4597230613996246,0.008181153439991363,0.051601819354917575,0.025800909677458787,0.4410000145435333,0.4699999988079071,4300,0.9194461227992492,0.9993845138219214,0.0035575299624497347,0.0035575299624497347
38,315,40,500,1,0.5,38_315_40_500_1,valid,,2.109066,True,True,8647.762873012654,0.001226999999999992,0.32822867238051595,8647.762873012654,0.001226999999999992,0.32822867238051595,100.03397307624091,0.012292999999999665,0.08551679592266577,0.310211968,0.5,-45.00019998797036,0.08715336959998865,19.93125633310042,19.96646730577412,39.86251266620084,0.4597675740786495,0.007898856830999052,0.04974116890896699,0.024870584454483494,0.4410000145435333,0.4699999988079071,4339,0.919535148157299,0.9965628166550211,-0.0004677458900914644,0.0004677458900914644
38,315,40,1000,0,1.0,38_315_40_1000_0,valid,,2.10966,True,True,8644.282949174774,0.0009940000000000504,0.32737586255832,8644.282949174774,0.0009940000000000504,0.32737586255832,100.03596713016665,0.012201999999999824,0.0920401749076059,0.300593,0.5,-44.982179481213535,0.09672648456393201,19.844310230780387,19.71062714644018,39.688620461560774,0.9642909900092268,0.00837688211577188,0.053506618765652006,0.026753309382826003,0.9509999752044678,0.9800000190734863,4267,0.9642909900092268,0.9922155115390193,0.01755276086669255,0.01755276086669255
38,315,40,1000,1,1.0,38_315_40_1000_1,valid,,2.108906,True,True,8616.407607779769,0.0011799999999999589,0.3304915721316519,8616.407607779769,0.0011799999999999589,0.3304915721316519,99.95116776895716,0.012456000000000023,0.09688464717253768,0.310076,0.5,-44.98438201384512,0.16454437197986352,19.801392226366495,19.714985149404633,39.60278445273299,0.9638580986627183,0.008305169173804286,0.05168529715062322,0.02584264857531161,0.9409999847412109,0.9800000190734863,4297,0.9638580986627183,0.9900696113183247,0.0153502282350928,0.0153502282350928
38,0,60,500,0,0.5,38_0_60_500_0,valid,,1.371538,True,True,8570.542317216432,0.0011070000000000003,0.35073426764320026,8570.542317216432,0.0011070000000000003,0.35073426764320026,100.02163625921186,0.012136000000000147,0.08189692250169527,0.299299,0.5,-90.0,0.0,29.569940752480267,29.804317997051307,59.139881504960535,0.5372891730162466,0.006913252570648633,-0.04182445508978582,-0.02091222754489291,0.5289999842643738,0.5490000247955322,4281,1.0745783460324931,0.9856646917493422,-0.00026775791974387175,0.00026775791974387175
38,0,60,500,1,0.5,38_0_60_500_1,valid,,1.370659,True,True,8618.369678868119,0.0018130000000000646,0.3869594341905787,8618.369678868119,0.0018130000000000646,0.3869594341905787,100.04007129927734,0.011767000000000027,0.08394561449429509,0.299691,0.5,-90.0,0.0,29.418821312931595,29.4402000035296,58.83764262586319,0.5371958926307588,0.006550852416389959,-0.04026540643669214,-0.02013270321834607,0.5289999842643738,0.5490000247955322,4249,1.0743917852615177,0.9806273770977199,-0.00026775791974387175,0.00026775791974387175
38,0,60,1000,0,1.0,38_0_60_1000_0,valid,,1.380219,True,True,8658.664832997634,0.001250999999999891,0.3457261217870525,8658.664832997634,0.001250999999999891,0.3457261217870525,99.98988991113121,0.012131000000000003,0.09835640150439942,0.289288741,0.5,-90.0,0.0,29.69818381163903,29.813006107893788,59.39636762327806,1.0633437540292614,0.006786400308940852,-0.03697371950088983,-0.018486859750444916,1.0490000247955322,1.0779999494552612,4330,1.0633437540292614,0.9899394603879677,-0.00026775791974387175,0.00026775791974387175
38,0,60,1000,1,1.0,38_0_60_1000_1,valid,,1.3682379999999998,True,True,8619.973402760123,0.0013520000000000199,0.3660994755695341,8619.973402760123,0.0013520000000000199,0.3660994755695341,99.99380038437617,0.012176999999999993,0.08334317737363099,0.311220137,0.5,-90.0,0.0,29.768368751433812,29.843955066604835,59.536737502867624,1.054895653194168,0.005626263472716887,-0.032918082320414654,-0.016459041160207327,1.0490000247955322,1.0679999589920044,4261,1.054895653194168,0.992278958381127,-0.00026775791974387175,0.00026775791974387175
38,45,60,500,0,0.5,38_45_60_500_0,valid,,1.359419,True,True,8627.69577379837,0.002251,0.40787373374863467,8627.69577379837,0.002251,0.40787373374863467,99.97078631466583,0.011940000000000062,0.09042822062408232,0.320607,0.5,-134.99035379521513,0.06884902478227413,29.879973306957364,30.074985701861667,59.75994661391473,0.5744135322552291,0.02074018261292706,-0.14168356710329372,-0.07084178355164686,0.5389999747276306,0.6079999804496765,4279,1.1488270645104581,0.9959991102319121,0.009378446865127898,0.009378446865127898
38,45,60,500,1,0.5,38_45_60_500_1,valid,,1.359731,True,True,8699.874021700634,0.0013199999999999878,0.34327221136743613,8699.874021700634,0.0013199999999999878,0.34327221136743613,100.00588923569943,0.012344999999999828,0.0871062507649464,0.319472,0.5,-134.99181540979777,0.046855754788077755,29.936517600045597,30.007578555564198,59.873035200091195,0.5772014324485116,0.019492925000360914,-0.13261598249208914,-0.06630799124604457,0.5389999747276306,0.6079999804496765,4348,1.1544028648970233,0.9978839200015199,0.00791683228248985,0.00791683228248985
38,45,60,1000,0,1.0,38_45_60_1000_0,valid,,1.359298,True,True,8619.566177769924,0.001302999999999832,0.3645289910767973,8619.566177769924,0.001302999999999832,0.3645289910767973,100.10502731871726,0.012360000000000038,0.09292494274206888,0.310670529,0.5,-135.00434067853337,0.09242104292992363,29.7449566184676,29.810762702300025,59.4899132369352,1.094965220422958,0.019922287900505962,-0.13476205485750795,-0.06738102742875397,1.0579999685287476,1.1269999742507935,4296,1.094965220422958,0.9914985539489201,-0.004608436453111153,0.004608436453111153
38,45,60,1000,1,1.0,38_45_60_1000_1,valid,,1.360812,True,True,8573.31695735425,0.0013040000000000274,0.35962698033921053,8573.31695735425,0.0013040000000000274,0.35962698033921053,100.00921550886365,0.01198699999999997,0.08327676305661894,0.29913901,0.5,-135.00288260505803,0.06719211898368371,30.010173480879565,29.953971258710368,60.02034696175913,1.0911362691760587,0.019787614230994056,-0.13421860485690154,-0.06710930242845077,1.0579999685287476,1.1169999837875366,4266,1.0911362691760587,1.000339116029319,-0.0031503629777773767,0.0031503629777773767
38,90,60,500,0,0.5,38_90_60_500_0,valid,,1.379041,True,True,8690.328848431616,0.0010250000000000536,0.3256709276306166,8690.328848431616,0.0010250000000000536,0.3256709276306166,99.97428439240352,0.012241000000000057,0.08512472008533126,0.310846,0.5,180.0,0.0,29.658247663833084,29.892398955136567,59.31649532766617,0.5723487321368194,0.01442228415798625,-0.09688032927189458,-0.04844016463594729,0.5389999747276306,0.5979999899864197,4340,1.1446974642736387,0.9886082554611028,-0.00026775791980071517,0.00026775791980071517
38,90,60,500,1,0.5,38_90_60_500_1,valid,,1.170388,True,True,8637.869702430877,0.0012920000000000015,0.3548993468997556,8637.869702430877,0.0012920000000000015,0.3548993468997556,99.96973138688564,0.012096999999999997,0.0979887174682877,0.309952646,0.5,180.0,0.0,29.364499868424172,29.46139843808355,58.728999736848344,0.5745366661928155,0.01403872927448071,-0.09442817890368671,-0.047214089451843355,0.5490000247955322,0.5979999899864197,4322,1.149073332385631,0.9788166622808058,-0.00026775791980071517,0.00026775791980071517
38,90,60,1000,0,1.0,38_90_60_1000_0,valid,,1.359477,True,True,8618.957599546213,0.0011069999999999691,0.34818333449284944,8618.957599546213,0.0011069999999999691,0.34818333449284944,100.00022222271605,0.012287999999999966,0.10492411931057546,0.320137588,0.5,180.0,0.0,29.68545794226343,29.75391775024945,59.37091588452686,1.0863405755803823,0.015753445598162222,-0.10488276681862671,-0.052441383409313355,1.0490000247955322,1.1169999837875366,4273,1.0863405755803823,0.9895152647421143,-0.00026775791980071517,0.00026775791980071517
38,90,60,1000,1,1.0,38_90_60_1000_1,valid,,1.381927,True,True,8661.800078781733,0.0007589999999999542,0.3261767986592159,8661.800078781733,0.0007589999999999542,0.3261767986592159,100.01947747719292,0.012300999999999895,0.0922834202583364,0.308915,0.5,180.0,0.0,29.34502296163746,29.308421014701864,58.69004592327492,1.0867826937690346,0.014777295776509916,-0.09974494895464352,-0.04987247447732176,1.0579999685287476,1.1069999933242798,4338,1.0867826937690346,0.978167432054582,-0.00026775791980071517,0.00026775791980071517
38,135,60,500,0,0.5,38_135_60_500_0,valid,,1.2002169999999999,True,True,8630.727309829907,0.0011499999999999844,0.3660830167756133,8630.727309829907,0.0011499999999999844,0.3660830167756133,100.05662890882222,0.012104000000000004,0.08219200481274024,0.459339724,0.5,135.00369740015276,0.08313763488855129,30.073172647071065,30.587554826227738,60.14634529414213,0.5383570159457316,0.0106017783477278,-0.06921630618371592,-0.03460815309185796,0.5189999938011169,0.5490000247955322,4300,1.0767140318914632,1.0024390882357022,0.0034296422329589404,0.0034296422329589404
38,135,60,500,1,0.5,38_135_60_500_1,valid,,1.380065,True,True,8551.458167531197,0.0010120000000000129,0.36431895952892124,8551.458167531197,0.0010120000000000129,0.36431895952892124,100.05545178459428,0.01242399999999999,0.08393728222193297,0.289416,0.5,134.99035910920716,0.08976152910083499,29.664742235952758,28.92330580815326,59.329484471905516,0.5469621150006867,0.005058945907979588,-0.02683599539816704,-0.01341799769908352,0.5389999747276306,0.5590000152587891,4269,1.0939242300013734,0.9888247411984252,-0.009908648712553259,0.009908648712553259
38,135,60,1000,0,1.0,38_135_60_1000_0,valid,,1.358656,True,True,8640.151357066343,0.0012110000000000731,0.35799171005579594,8640.151357066343,0.0012110000000000731,0.35799171005579594,100.06188184536471,0.012475000000000014,0.08993255040704658,0.320403467,0.5,134.99833365126614,0.06331823972838747,29.994940011945644,30.561155271700464,59.98988002389129,1.062012706340346,0.007106798121769177,-0.04393667020401987,-0.021968335102009934,1.0490000247955322,1.0679999589920044,4274,1.062012706340346,0.9998313337315214,-0.0019341066536071594,0.0019341066536071594
38,135,60,1000,1,1.0,38_135_60_1000_1,valid,,1.369335,True,True,8631.365238814205,0.00131,0.3451855174784471,8631.365238814205,0.00131,0.3451855174784471,100.05292273018098,0.01221300000000003,0.09551408429681583,0.289751663,0.5,134.9871073139392,0.05806496428631647,29.711913128159775,29.45354508284477,59.42382625631955,1.0622376913625171,0.00687542226551415,-0.04048353871442709,-0.020241769357213547,1.0490000247955322,1.0779999494552612,4314,1.0622376913625171,0.9903971042719925,-0.013160443980495984,0.013160443980495984
38,180,60,500,0,0.5,38_180_60_500_0,valid,,1.3808420000000001,True,True,8657.621052064926,0.0012990000000001611,0.3530244765604728,8657.621052064926,0.0012990000000001611,0.3530244765604728,100.0068686036129,0.012272999999999978,0.08380648279422458,0.310055239,0.5,90.0,0.0,29.829122411775987,29.890576025975694,59.658244823551975,0.4772444717715908,0.008804659213361644,0.057234035004987964,0.028617017502493982,0.460999995470047,0.49000000953674316,4337,0.9544889435431816,0.9943040803925329,-0.00026775791980071517,0.00026775791980071517
38,180,60,500,1,0.5,38_180_60_500_1,valid,,1.361708,True,True,8656.453671059997,0.0012309999999999821,0.34875494450705197,8656.453671059997,0.0012309999999999821,0.34875494450705197,100.00979043211599,0.012380999999999975,0.08831191871550581,0.309066804,0.5,90.0,0.0,29.925688328694882,29.973523709973236,59.851376657389764,0.4779382427586575,0.008901266306233988,0.05786147444573886,0.02893073722286943,0.460999995470047,0.5,4352,0.955876485517315,0.9975229442898293,-0.00026775791980071517,0.00026775791980071517
38,180,60,1000,0,1.0,38_180_60_1000_0,valid,,1.370384,True,True,8613.649031186702,0.001522999999999941,0.38386490908267124,8613.649031186702,0.001522999999999941,0.38386490908267124,100.02791354864996,0.011970000000000036,0.07922905348428379,0.30897,0.5,90.0,0.0,29.572867358138243,29.656923720260654,59.145734716276486,0.987202879124297,0.009187710069738855,0.05900072970864042,0.02950036485432021,0.9700000286102295,1.0,4235,0.987202879124297,0.9857622452712748,-0.00026775791980071517,0.00026775791980071517
38,180,60,1000,1,1.0,38_180_60_1000_1,valid,,1.369465,True,True,8618.000290432352,0.0012209999999999166,0.35681487811408935,8618.000290432352,0.0012209999999999166,0.35681487811408935,100.02674748385756,0.011992000000000003,0.0869069456192576,0.299598,0.5,90.0,0.0,29.833750816026026,29.962652849279795,59.66750163205205,0.9808042676759763,0.009256467076939577,0.05977640147376553,0.029888200736882763,0.9599999785423279,1.0,4258,0.9808042676759763,0.9944583605342009,-0.00026775791980071517,0.00026775791980071517
38,225,60,500,0,0.5,38_225_60_500_0,valid,,1.36942,True,True,8653.733500467082,0.000782999999999999,0.31779956880173876,8653.733500467082,0.000782999999999999,0.31779956880173876,99.96412745634508,0.011971000000000065,0.08643645728566085,0.309926,0.5,44.99762412493004,0.07769948216866851,29.887564530602102,29.92346536352096,59.775129061204204,0.4440587257879762,0.022713656500493527,0.1556065204826861,0.07780326024134306,0.41200000047683716,0.47999998927116394,4336,0.8881174515759525,0.99625215102007,-0.0026436329897023825,0.0026436329897023825
38,225,60,500,1,0.5,38_225_60_500_1,valid,,1.369991,True,True,8632.411977451991,0.0012520000000000031,0.32897281325010375,8632.411977451991,0.0012520000000000031,0.32897281325010375,100.01591876403366,0.012624999999999997,0.0922905225835296,0.329941,0.5,45.01564514911466,0.07332992942741612,29.737962098005017,29.794888034929787,59.475924196010034,0.4469333025341795,0.02471292773418532,0.16955719538626732,0.08477859769313366,0.41200000047683716,0.49000000953674316,4310,0.893866605068359,0.9912654032668339,0.015377391194988377,0.015377391194988377
38,225,60,1000,0,1.0,38_225_60_1000_0,valid,,1.3705850000000002,True,True,8573.713632163235,0.0011040000000000008,0.3550850811921624,8573.713632163235,0.0011040000000000008,0.3550850811921624,100.0068916666278,0.012583999999999929,0.09911852892216357,0.299623933,0.5,44.992045586107686,0.09976129807972711,30.41127735674673,30.82789746236967,60.82255471349346,0.9387841429083257,0.022633597487756233,0.15470992330090577,0.07735496165045289,0.9020000100135803,0.9800000190734863,4280,0.9387841429083257,1.013709245224891,-0.008222171812121815,0.008222171812121815
38,225,60,1000,1,1.0,38_225_60_1000_1,valid,,1.3687660000000001,True,True,8696.161456097341,0.0011300000000000754,0.3062917166039644,8696.161456097341,0.0011300000000000754,0.3062917166039644,100.02928635217089,0.012305999999999928,0.08962538095969386,0.290649,0.5,45.0053913927009,0.07209198134918601,29.631586720375775,29.764399020716933,59.26317344075155,0.9380773690901629,0.02394285556801254,0.16417646690226181,0.08208823345113091,0.9020000100135803,0.9800000190734863,4362,0.9380773690901629,0.9877195573458591,0.005123634781170949,0.005123634781170949
38,270,60,500,0,0.5,38_270_60_500_0,valid,,0.5787420000000001,True,False,8581.287544115236,0.0013340000000000019,0.3823587365509343,8581.287544115236,0.0013340000000000019,0.3823587365509343,99.99468449308746,0.012201000000000017,0.08964371647552746,1.110958,0.5,0.0,0.0,29.80331743466576,29.705614267994328,59.60663486933152,0.5584864773786731,0.015210653849450409,0.10266071189197876,0.05133035594598938,0.5289999842643738,0.578000009059906,4344,1.1169729547573461,0.9934439144888587,-0.00026775791980071517,0.00026775791980071517
38,270,60,500,1,0.5,38_270_60_500_1,valid,,1.360622,True,True,8614.633281268118,0.0014420000000000543,0.37294327951824313,8614.633281268118,0.0014420000000000543,0.37294327951824313,100.01158028824392,0.012430000000000052,0.08700579090481111,0.319594,0.5,0.0,0.0,29.65300318180368,29.90332148818473,59.30600636360736,0.44540578973884776,0.018013930285598244,0.12183294545281849,0.060916472726409245,0.42100000381469727,0.47999998927116394,4266,0.8908115794776955,0.988433439393456,-0.00026775791980071517,0.00026775791980071517
38,270,60,1000,0,1.0,38_270_60_1000_0,valid,,1.38002,True,True,8622.490079661067,0.0008580000000000254,0.3355036003076637,8622.490079661067,0.0008580000000000254,0.3355036003076637,99.96875322216039,0.012406,0.09716554991018118,0.289564,0.5,0.0,0.0,29.73626872782181,30.13702196730322,59.47253745564362,0.9422089952276882,0.017512766510567237,0.1177609748680803,0.05888048743404015,0.9210000038146973,0.9800000190734863,4305,0.9422089952276882,0.9912089575940602,-0.00026775791980071517,0.00026775791980071517
38,270,60,1000,1,1.0,38_270_60_1000_1,valid,,1.3591129999999998,True,True,8609.373814903167,0.0012619999999999854,0.35377839714589276,8609.373814903167,0.0012619999999999854,0.35377839714589276,100.02428367331402,0.012014000000000191,0.09071647191181,0.310299,0.5,0.0,0.0,29.748657650055726,29.84857070453524,59.49731530011145,0.9376583923311214,0.013004076754569837,0.0874751474535397,0.04373757372676985,0.9110000133514404,0.9599999785423279,4250,0.9376583923311214,0.9916219216685243,-0.00026775791980071517,0.00026775791980071517
38,315,60,500,0,0.5,38_315_60_500_0,valid,,1.360377,True,True,8602.112541913213,0.0011490000000000666,0.3452103842424401,8602.112541913213,0.0011490000000000666,0.3452103842424401,100.04261483759105,0.012438999999999867,0.09504352599286595,0.320721,0.5,-44.999316422840515,0.08789764425850846,29.628254291559635,29.374401838975476,59.25650858311927,0.47001645179727264,0.013329450197913997,0.08943411775199246,0.04471705887599623,0.45100000500679016,0.5,4242,0.9400329035945453,0.9876084763853211,0.00041581923971989454,0.00041581923971989454
38,315,60,500,1,0.5,38_315_60_500_1,valid,,1.369138,True,True,8627.791600293727,0.0008450000000000124,0.32960514284073605,8627.791600293727,0.0008450000000000124,0.32960514284073605,100.00342553170329,0.012436000000000003,0.08592157510066795,0.300668,0.5,-44.98638228500901,0.09994250443091628,29.446954294874843,29.537842965787437,58.893908589749685,0.46751159152084676,0.011824285400215566,0.07924327252920096,0.03962163626460048,0.45100000500679016,0.49000000953674316,4307,0.9350231830416935,0.9815651431624948,0.013349957071227436,0.013349957071227436
38,315,60,1000,0,1.0,38_315_60_1000_0,valid,,1.350119,True,True,8570.334495714047,0.002522999999999942,0.4041067362306283,8570.334495714047,0.002522999999999942,0.4041067362306283,100.0150808079962,0.011836999999999875,0.078840366938503,0.30981474,0.5,-45.008262412369625,0.0607988947292597,29.484228962804444,29.51267516143384,58.96845792560889,0.972350435535152,0.014180220733910892,0.09500105990281793,0.047500529951408965,0.9509999752044678,1.0,4242,0.972350435535152,0.9828076320934814,-0.008530170289304806,0.008530170289304806
38,315,60,1000,1,1.0,38_315_60_1000_1,valid,,1.369583,True,True,8628.635324531397,0.0012900000000000134,0.3331135123020662,8628.635324531397,0.0012900000000000134,0.3331135123020662,100.08537669702774,0.012194,0.08986008203500694,0.30915965,0.5,-44.99317743939961,0.0833952121713395,30.162937049816662,30.45867153719698,60.325874099633324,0.9709081920123814,0.013636441943582022,0.09130297340451199,0.045651486702255994,0.9509999752044678,1.0,4304,0.9709081920123814,1.0054312349938888,0.006554802680625471,0.006554802680625471
49,0,20,500,0,0.5,49_0_20_500_0,valid,,4.4187840000000005,True,True,8676.041596656503,0.001334999999999975,0.31481935788433996,8676.041596656503,0.001334999999999975,0.31481935788433996,99.97890664584338,0.012677999999999967,0.08781473809673246,0.291098,0.5,-90.0,0.0,9.664535907506153,9.654690294252923,19.329071815012306,0.5189999938011169,0.0,0.0,0.0,0.5189999938011169,0.5189999938011169,4266,1.0379999876022339,0.9664535907506153,-0.00026775791974387175,0.00026775791974387175
49,0,20,500,1,0.5,49_0_20_500_1,valid,,2.189258,True,True,8669.721709521904,0.0013259999999997163,0.34632116061454915,8669.721709521904,0.0013259999999997163,0.34632116061454915,100.01977987907588,0.012264000000000053,0.09244452704214245,0.910803869,0.5,-90.0,0.0,9.876120239527758,9.89352854252806,19.752240479055516,0.5189999938011169,0.0,0.0,0.0,0.5189999938011169,0.5189999938011169,4356,1.0379999876022339,0.9876120239527758,-0.00026775791974387175,0.00026775791974387175
49,0,20,1000,0,1.0,49_0_20_1000_0,valid,,2.4195210000000005,True,True,8684.98493030712,0.0012570000000000081,0.32149368551095087,8684.98493030712,0.0012570000000000081,0.32149368551095087,99.98590829968568,0.012448000000000015,0.09112788480762585,2.279757256,0.5,-90.0,0.0,9.952461347742027,10.1282093665694,19.904922695484053,1.0285295743176937,0.0021173921289589634,2.2671988556340967e-05,1.1335994278170483e-05,1.0190000534057617,1.0290000438690186,4359,1.0285295743176937,0.9952461347742027,-0.00026775791974387175,0.00026775791974387175
49,0,20,1000,1,1.0,49_0_20_1000_1,valid,,2.730406,True,True,8701.696389876404,0.0011359999999998038,0.3212139019045467,8701.696389876404,0.0011359999999998038,0.3212139019045467,100.02479229576863,0.012504999999999988,0.0849103529333251,0.380198666,0.5,-90.0,0.0,9.867867228039227,10.12771588470488,19.735734456078454,1.0290000438690186,0.0,0.0,0.0,1.0290000438690186,1.0290000438690186,4368,1.0290000438690186,0.9867867228039227,-0.00026775791974387175,0.00026775791974387175
49,45,20,500,0,0.5,49_45_20_500_0,valid,,4.380207,True,True,8737.827965805602,0.0011069999999999691,0.3074822373351908,8737.827965805602,0.0011069999999999691,0.3074822373351908,100.03572413969786,0.012306999999999957,0.09121402654966096,0.29007592,0.5,-135.02097031915537,0.130952322477492,9.944568990515844,9.983565610618387,19.889137981031688,0.5266888648684311,0.004215435808617217,0.019480143510132143,0.009740071755066072,0.5189999938011169,0.5289999842643738,4379,1.0533777297368623,0.9944568990515844,-0.02123807707511105,0.02123807707511105
49,45,20,500,1,0.5,49_45_20_500_1,valid,,2.251723,True,True,8624.723978338678,0.0016530000000000156,0.35514117386947697,8624.723978338678,0.0016530000000000156,0.35514117386947697,100.00668069068564,0.012253999999999987,0.09080437480281715,0.288617956,0.5,-135.0050534247447,0.20064447339305502,10.099623315458423,10.124594813094532,20.199246630916846,0.5275608847568073,0.0035099820453478284,0.013861866343029206,0.006930933171514603,0.5189999938011169,0.5289999842643738,4357,1.0551217695136146,1.0099623315458424,-0.00532118266443149,0.00532118266443149
49,45,20,1000,0,1.0,49_45_20_1000_0,valid,,4.3706689999999995,True,True,8662.551842548519,0.0013839999999998298,0.342974131323796,8662.551842548519,0.0013839999999998298,0.342974131323796,99.99535663109738,0.012417000000000122,0.08895575565980345,0.298885,0.5,-134.9843212135518,0.25378633330200256,9.81453156653673,9.757245421196957,19.62906313307346,1.0382973750023843,0.0025559453170886366,0.006927683306257275,0.0034638416531286376,1.0290000438690186,1.0390000343322754,4347,1.0382973750023843,0.9814531566536729,0.015411028528461657,0.015411028528461657
49,45,20,1000,1,1.0,49_45_20_1000_1,valid,,4.36885,True,True,8659.826807535517,0.001084000000000085,0.33901566269557937,8659.826807535517,0.001084000000000085,0.33901566269557937,100.02324369064175,0.012413999999999925,0.09377724692442026,0.291097054,0.5,-134.969172786373,0.2042818152136192,9.860632978454934,9.890034075505925,19.721265956909868,1.0323556717488391,0.00472186492062365,0.026228261476518976,0.013114130738259488,1.0290000438690186,1.0390000343322754,4371,1.0323556717488391,0.9860632978454934,0.030559455707248162,0.030559455707248162
49,90,20,500,0,0.5,49_90_20_500_0,valid,,4.409783,True,True,8657.695530134348,0.0013209999999999056,0.3373006301168574,8657.695530134348,0.0013209999999999056,0.3373006301168574,99.98520627050081,0.012426999999999966,0.09398334765777316,0.309846855,0.5,180.0,0.0,9.864305384737898,9.904296965916664,19.728610769475797,0.5189999938011169,0.0,0.0,0.0,0.5189999938011169,0.5189999938011169,4333,1.0379999876022339,0.9864305384737898,-0.00026775791980071517,0.00026775791980071517
49,90,20,500,1,0.5,49_90_20_500_1,valid,,4.4104969999999994,True,True,8654.39905700028,0.001384000000000274,0.345424198465733,8654.39905700028,0.001384000000000274,0.345424198465733,99.98110137664598,0.012166000000000121,0.09088869654213064,0.289717,0.5,180.0,0.0,9.862980299774001,9.779210515444639,19.725960599548003,0.5189999938011169,0.0,0.0,0.0,0.5189999938011169,0.5189999938011169,4213,1.0379999876022339,0.9862980299774001,-0.00026775791980071517,0.00026775791980071517
49,90,20,1000,0,1.0,49_90_20_1000_0,valid,,2.2289489999999996,True,True,8689.861448860443,0.0014560000000001239,0.34365402937326667,8689.861448860443,0.0014560000000001239,0.34365402937326667,100.02004475031248,0.012494000000000227,0.09238838965392922,2.450187,0.5,180.0,0.0,9.943781393239846,10.151984897927944,19.88756278647969,1.014586572622525,0.004965529100311803,-0.029587445251995203,-0.014793722625997601,1.0089999437332153,1.0190000534057617,4357,1.014586572622525,0.9943781393239846,-0.00026775791980071517,0.00026775791980071517
49,90,20,1000,1,1.0,49_90_20_1000_1,valid,,4.411436,True,True,8631.319112802308,0.0013190000000000701,0.35356194076233366,8631.319112802308,0.0013190000000000701,0.35356194076233366,99.99870261164274,0.012537999999999938,0.091691033423737,0.298923856,0.5,180.0,0.0,9.827360985628397,9.716231349427943,19.654721971256794,1.0202720350727044,0.0033319464548256825,-0.006321104537544776,-0.003160552268772388,1.0190000534057617,1.0290000438690186,4322,1.0202720350727044,0.9827360985628397,-0.00026775791980071517,0.00026775791980071517
49,135,20,500,0,0.5,49_135_20_500_0,valid,,4.381085000000001,True,True,8691.879204278403,0.001286999999999594,0.32592657024646576,8691.879204278403,0.001286999999999594,0.32592657024646576,100.0420951055984,0.012569999999999998,0.0894336131462813,0.300022561,0.5,134.99072961227213,0.28441208365658777,9.955744016221248,10.000118852080535,19.911488032442495,0.5127096675662035,0.004128529153198458,0.020128321481604653,0.010064160740802327,0.5099999904632568,0.5189999938011169,4384,1.025419335132407,0.9955744016221247,-0.009538145647638885,0.009538145647638885
49,135,20,500,1,0.5,49_135_20_500_1,valid,,4.380590000000001,True,True,8659.4648604154,0.0012510000000000021,0.3142574719198217,8659.4648604154,0.0012510000000000021,0.3142574719198217,100.01301595054835,0.012665000000000148,0.09245066924296914,0.300116189,0.5,135.00672200673046,0.27097697268198273,9.822192104683518,9.807746970770625,19.644384209367036,0.5149865357146328,0.004473621615956573,0.02597287850479177,0.012986439252395884,0.5099999904632568,0.5189999938011169,4360,1.0299730714292656,0.9822192104683518,0.006454248810769059,0.006454248810769059
49,135,20,1000,0,1.0,49_135_20_1000_0,valid,,4.38947,True,True,8677.068747348834,0.0012739999999999974,0.3311878183639898,8677.068747348834,0.0012739999999999974,0.3311878183639898,99.98096170908774,0.012124000000000024,0.09238737546130114,0.299442,0.5,135.01235585159023,0.2699882164282741,9.803318556563514,9.794450327312983,19.60663711312703,1.0192333931832314,0.0015096185271932907,0.0025353979790346966,0.0012676989895173483,1.0190000534057617,1.0290000438690186,4319,1.0192333931832314,0.9803318556563514,0.012088093670513445,0.012088093670513445
49,135,20,1000,1,1.0,49_135_20_1000_1,valid,,3.270539,True,True,8653.282667865975,0.0011849999999995475,0.3303119376300842,8653.282667865975,0.0011849999999995475,0.3303119376300842,99.99317765488505,0.012438999999999978,0.09279100362040349,0.299498984,0.5,134.99315276988696,0.1276462191465555,9.948765948534371,9.9172615915922,19.897531897068742,1.0190000534057615,2.2204460492503128e-16,3.6977848870094825e-31,1.8488924435047413e-31,1.0190000534057617,1.0190000534057617,4316,1.0190000534057615,0.994876594853437,-0.0071149880327538995,0.0071149880327538995
49,180,20,500,0,0.5,49_180_20_500_0,valid,,4.388983,True,True,8686.907969443995,0.0011519999999993757,0.33313963523479273,8686.907969443995,0.0011519999999993757,0.33313963523479273,100.00474022468666,0.012108000000000008,0.09132913249500184,0.301001,0.5,90.0,0.0,10.012436108220172,10.10000228881836,20.024872216440343,0.49023504931259165,0.0015149758482362178,0.002207893532220039,0.0011039467661100196,0.49000000953674316,0.5,4353,0.9804700986251833,1.001243610822017,-0.00026775791980071517,0.00026775791980071517
49,180,20,500,1,0.5,49_180_20_500_1,valid,,2.32923,True,True,8659.287810912398,0.0012110000000000731,0.34636819414750286,8659.287810912398,0.0012110000000000731,0.34636819414750286,100.0143820681414,0.012353000000000058,0.08906977798692434,2.370203,0.5,90.0,0.0,9.888137788008963,9.78441247501275,19.776275576017927,0.5,0.0,0.0,0.0,0.5,0.5,4351,1.0,0.9888137788008964,-0.00026775791980071517,0.00026775791980071517
49,180,20,1000,0,1.0,49_180_20_1000_0,valid,,3.0194319999999997,True,True,8629.520007730724,0.001218999999999859,0.34226852913372025,8629.520007730724,0.001218999999999859,0.34226852913372025,100.03270530365018,0.012536000000000325,0.09198309161205391,1.67998291,0.5,90.0,0.0,9.82750142877252,9.965488102031532,19.65500285754504,1.0,0.0,0.0,0.0,1.0,1.0,4320,1.0,0.9827501428772519,-0.00026775791980071517,0.00026775791980071517
49,180,20,1000,1,1.0,49_180_20_1000_1,valid,,4.41122,True,True,8651.825270228283,0.0013059999999995853,0.33675436000817927,8651.825270228283,0.0013059999999995853,0.33675436000817927,100.01969838051609,0.012354000000000198,0.08920074266634848,0.300004949,0.5,90.0,0.0,9.830702983351898,9.824891735820948,19.661405966703796,0.9900000095367432,0.0,0.0,0.0,0.9900000095367432,0.9900000095367432,4291,0.9900000095367432,0.9830702983351898,-0.00026775791980071517,0.00026775791980071517
49,225,20,500,0,0.5,49_225_20_500_0,valid,,3.178347,True,True,8635.922559737694,0.0013399999999998968,0.34717873948506744,8635.922559737694,0.0013399999999998968,0.34717873948506744,100.03211766799876,0.012453999999999965,0.09578416175526384,0.361040149,0.5,44.98348930407679,0.1560506904137382,9.999458708011705,10.016320342517194,19.99891741602341,0.46999999880790705,5.551115123125782e-17,5.546677296469975e-32,2.7733386482349875e-32,0.4699999988079071,0.4699999988079071,4336,0.9399999976158141,0.9999458708011705,-0.016778453843016905,0.016778453843016905
49,225,20,500,1,0.5,49_225_20_500_1,valid,,4.389614000000001,True,True,8621.13601164452,0.0014690000000001646,0.3514391176600116,8621.13601164452,0.0014690000000001646,0.3514391176600116,100.00037344537802,0.012610999999999706,0.09483610180635296,0.28914089,0.5,44.937667346105485,0.21642562549760666,9.882719968865965,9.83515701317958,19.76543993773193,0.4699999988079071,0.0,0.0,0.0,0.4699999988079071,0.4699999988079071,4349,0.9399999976158142,0.9882719968865965,-0.06260041181428733,0.06260041181428733
49,225,20,1000,0,1.0,49_225_20_1000_0,valid,,4.3791519999999995,True,True,8643.171396909029,0.0011600000000000082,0.34208860588990575,8643.171396909029,0.0011600000000000082,0.34208860588990575,100.00209547959406,0.012745999999999924,0.09052390375822843,0.279917,0.5,44.98903907296514,0.283464783412569,9.78590549493663,9.823154219450267,19.57181098987326,0.9700000286102293,2.2204460492503128e-16,3.6977848329551764e-31,1.8488924164775882e-31,0.9700000286102295,0.9700000286102295,4303,0.9700000286102293,0.978590549493663,-0.011228684954630808,0.011228684954630808
49,225,20,1000,1,1.0,49_225_20_1000_1,valid,,4.379802,True,True,8642.594092958952,0.0011780000000000124,0.3409969471081507,8642.594092958952,0.0011780000000000124,0.3409969471081507,100.02432126649882,0.012585000000000068,0.09158501965107713,0.2996,0.5,44.983448715231425,0.27297279739150754,10.089676620864195,10.154120988973014,20.17935324172839,0.9695912956037993,0.0019799716811510267,0.0041750148285971435,0.0020875074142985717,0.9599999785423279,0.9700000286102295,4258,0.9695912956037993,1.0089676620864194,-0.01681904268832568,0.01681904268832568
49,270,20,500,0,0.5,49_270_20_500_0,valid,,4.410261,True,True,8684.093753271942,0.0013980000000000103,0.34319610144519724,8684.093753271942,0.0013980000000000103,0.34319610144519724,100.02885063656085,0.012202000000000268,0.09185490932536634,0.280310575,0.5,0.0,0.0,9.920101958373209,10.15319817661242,19.840203916746418,0.4967077516397357,0.004699314092466366,-0.025974788574356387,-0.012987394287178194,0.49000000953674316,0.5,4352,0.9934155032794714,0.9920101958373209,-0.00026775791980071517,0.00026775791980071517
49,270,20,500,1,0.5,49_270_20_500_1,valid,,4.419926,True,True,8644.897736689212,0.0014340000000001574,0.36264485732305746,8644.897736689212,0.0014340000000001574,0.36264485732305746,99.98570469150846,0.012595000000000134,0.09259744740171381,0.280290804,0.5,0.0,0.0,9.852132953142211,9.708460527733664,19.704265906284423,0.4982018756348267,0.0038403092676050376,-0.016648975990167625,-0.008324487995083812,0.49000000953674316,0.5,4303,0.9964037512696534,0.9852132953142212,-0.00026775791980071517,0.00026775791980071517
49,270,20,1000,0,1.0,49_270_20_1000_0,valid,,4.409965000000001,True,True,8669.154045744484,0.0012960000000000003,0.33388857912277126,8669.154045744484,0.0012960000000000003,0.33388857912277126,99.99515959685617,0.012271999999999839,0.09158412939392224,0.28973,0.5,0.0,0.0,9.955943128998555,9.893454673442434,19.91188625799711,0.9991020897963148,0.002858819815908601,-0.009676738161217252,-0.004838369080608626,0.9900000095367432,1.0,4284,0.9991020897963148,0.9955943128998556,-0.00026775791980071517,0.00026775791980071517
49,270,20,1000,1,1.0,49_270_20_1000_1,valid,,3.5710170000000003,True,True,8667.226761784761,0.0015260000000001384,0.33447334938205797,8667.226761784761,0.0015260000000001384,0.33447334938205797,100.02988964694619,0.012395999999999852,0.09342883907135063,1.119685164,0.5,0.0,0.0,9.817002796427792,9.578079994212576,19.634005592855583,0.9900000095367432,0.0,0.0,0.0,0.9900000095367432,0.9900000095367432,4324,0.9900000095367432,0.9817002796427792,-0.00026775791980071517,0.00026775791980071517
49,315,20,500,0,0.5,49_315_20_500_0,valid,,4.391117,True,True,8635.484610967711,0.0012600000000000389,0.3439424006594296,8635.484610967711,0.0012600000000000389,0.3439424006594296,100.00135730385162,0.01244099999999998,0.08926924696550526,0.279471,0.5,-45.003376108179545,0.2176282400479863,9.80075027281138,9.767472083787242,19.60150054562276,0.49000000953674316,0.0,0.0,0.0,0.49000000953674316,0.49000000953674316,4324,0.9800000190734863,0.9800750272811379,-0.0036438660993098893,0.0036438660993098893
49,315,20,500,1,0.5,49_315_20_500_1,valid,,3.371586,True,True,8661.288651413292,0.0013250000000000206,0.346959472494293,8661.288651413292,0.0013250000000000206,0.346959472494293,100.01289147457676,0.012351000000000223,0.0942768897726785,0.289018,0.5,-44.958986313071755,0.2424499452967126,9.944390233487354,9.958606633416444,19.88878046697471,0.49000000953674316,0.0,0.0,0.0,0.49000000953674316,0.49000000953674316,4323,0.9800000190734863,0.9944390233487355,0.040745929008494386,0.040745929008494386
49,315,20,1000,0,1.0,49_315_20_1000_0,valid,,2.988148,True,True,8635.075226242878,0.0013459999999998473,0.3587436324992158,8635.075226242878,0.0013459999999998473,0.3587436324992158,100.00489045871504,0.012221999999999955,0.0960634861842684,0.281091108,0.5,-45.01883286678584,0.11208178494849498,9.861647451618925,10.08339008082623,19.72329490323785,1.0,0.0,0.0,0.0,1.0,1.0,4311,1.0,0.9861647451618925,-0.019100624705515656,0.019100624705515656
49,315,20,1000,1,1.0,49_315_20_1000_1,valid,,4.380356,True,True,8636.609195199371,0.001550999999999858,0.3608895448944132,8636.609195199371,0.001550999999999858,0.3608895448944132,99.99844077275301,0.012316999999999911,0.0911804537352223,0.29073,0.5,-44.969210960912385,0.2560293932478004,9.92369989297136,10.234897146947798,19.84739978594272,0.9999999999999999,1.1102230246251564e-16,1.479113931071557e-31,7.395569655357785e-32,1.0,1.0,4324,0.9999999999999999,0.992369989297136,0.030521281167921188,0.030521281167921188
49,0,40,500,0,0.5,49_0_40_500_0,valid,,1.8486499999999997,True,True,8646.979303254118,0.0013339999999999463,0.34941696564401886,8646.979303254118,0.0013339999999999463,0.34941696564401886,100.00390819871122,0.012268000000000057,0.09104571417648007,0.571117,0.5,-90.0,0.0,20.064729932146562,20.10973744062073,40.129459864293125,0.5189999938011169,0.0,0.0,0.0,0.5189999938011169,0.5189999938011169,4375,1.0379999876022339,1.0032364966073282,-0.00026775791974387175,0.00026775791974387175
49,0,40,500,1,0.5,49_0_40_500_1,valid,,2.131416,True,True,8659.100927550026,0.0011719999999999509,0.34265020110686484,8659.100927550026,0.0011719999999999509,0.34265020110686484,100.04171481097283,0.012128000000000139,0.0882808757366779,0.279189911,0.5,-90.0,0.0,19.44144526895252,19.436676451064997,38.88289053790504,0.5189999938011169,0.0,0.0,0.0,0.5189999938011169,0.5189999938011169,4344,1.0379999876022339,0.972072263447626,-0.00026775791974387175,0.00026775791974387175
49,0,40,1000,0,1.0,49_0_40_1000_0,valid,,1.020047,True,True,8696.094969795495,0.0012060000000002624,0.33682969644164185,8696.094969795495,0.0012060000000002624,0.33682969644164185,100.00609232516462,0.012261999999999995,0.08800755007961494,0.9397213,0.5,-90.0,0.0,19.625387737415554,19.628727269030442,39.25077547483111,1.0290000438690186,0.0,0.0,0.0,1.0290000438690186,1.0290000438690186,4368,1.0290000438690186,0.9812693868707777,-0.00026775791974387175,0.00026775791974387175
49,0,40,1000,1,1.0,49_0_40_1000_1,valid,,2.131314,True,True,8624.117144417321,0.0013940000000000063,0.3667763655705501,8624.117144417321,0.0013940000000000063,0.3667763655705501,99.97169383841126,0.012186000000000252,0.0932410879416177,0.289018,0.5,-90.0,0.0,19.627532471479203,19.5017796549576,39.255064942958406,1.0290000438690186,0.0,0.0,0.0,1.0290000438690186,1.0290000438690186,4269,1.0290000438690186,0.9813766235739602,-0.00026775791974387175,0.00026775791974387175
49,45,40,500,0,0.5,49_45_40_500_0,valid,,2.1116960000000002,True,True,8639.235325349357,0.0023770000000000006,0.38808923360726244,8639.235325349357,0.0023770000000000006,0.38808923360726244,100.01601789098791,0.012110999999999983,0.08687609714097597,0.298955,0.5,-134.97723886752192,0.09384800738781962,19.73397107670009,19.574911478021757,39.46794215340018,0.5289999842643739,1.1102230246251565e-16,1.8488923563877468e-31,9.244461781938734e-32,0.5289999842643738,0.5289999842643738,4287,1.0579999685287478,0.9866985538350045,0.02249337455833711,0.02249337455833711
49,45,40,500,1,0.5,49_45_40_500_1,valid,,2.120945,True,True,8683.07355400389,0.0013959999999999528,0.3428433920833822,8683.07355400389,0.0013959999999999528,0.3428433920833822,100.03878898638094,0.011792999999999942,0.08669707118256743,0.290408,0.5,-134.95230552589874,0.09505226017307108,19.831443387685805,20.07292358211633,39.66288677537161,0.5297030035939216,0.0025565504910418013,-0.0011725670176643695,-0.0005862835088321848,0.5289999842643738,0.5389999747276306,4282,1.0594060071878433,0.9915721693842903,0.04742671618151917,0.04742671618151917
49,45,40,1000,0,1.0,49_45_40_1000_0,valid,,2.120299,True,True,8581.726752773242,0.0010460000000001024,0.3501308365138683,8581.726752773242,0.0010460000000001024,0.3501308365138683,100.0505619506563,0.01238500000000009,0.09420351820962326,0.299604516,0.5,-134.9946213972322,0.06806926605337366,20.106910934988058,20.430900891753925,40.213821869976115,1.041762802337492,0.006204331146037845,0.03774238762203427,0.018871193811017133,1.0290000438690186,1.0490000247955322,4244,1.041762802337492,1.0053455467494028,0.005110844848047691,0.005110844848047691
49,45,40,1000,1,1.0,49_45_40_1000_1,valid,,2.120655,True,True,8662.149401711626,0.0012859999999998983,0.33272583897927294,8662.149401711626,0.0012859999999998983,0.33272583897927294,100.01739766227534,0.012461999999999973,0.09694998878785675,0.288760439,0.5,-135.00650780404126,0.11077884123373849,20.072615890460373,20.047907446143043,40.145231780920746,1.0360426959326157,0.004563716181262609,0.024465077528756422,0.012232538764378211,1.0290000438690186,1.0390000343322754,4299,1.0360426959326157,1.0036307945230187,-0.006775561961006815,0.006775561961006815
49,90,40,500,0,0.5,49_90_40_500_0,valid,,1.6310130000000003,True,True,8620.481333861644,0.0011559999999999349,0.3451107571373681,8620.481333861644,0.0011559999999999349,0.3451107571373681,100.0418251784496,0.012060999999999988,0.09818932676563168,0.799775343,0.5,180.0,0.0,19.821939693001735,19.940699316213962,39.64387938600347,0.5241502888894081,0.004997735714240407,-0.022758880797676916,-0.011379440398838458,0.5189999938011169,0.5289999842643738,4360,1.0483005777788161,0.9910969846500868,-0.00026775791980071517,0.00026775791980071517
49,90,40,500,1,0.5,49_90_40_500_1,valid,,1.320304,True,True,8587.534135572823,0.0013799999999999368,0.3584961633060373,8587.534135572823,0.0013799999999999368,0.3584961633060373,100.00480792345786,0.012030999999999903,0.08481362459689608,1.119309036,0.5,180.0,0.0,19.95388344843383,20.30666553970932,39.90776689686766,0.5132794903816099,0.007287091775368298,-0.0456104254866367,-0.02280521274331835,0.5,0.5289999842643738,4203,1.0265589807632198,0.9976941724216916,-0.00026775791980071517,0.00026775791980071517
49,90,40,1000,0,1.0,49_90_40_1000_0,valid,,2.0989389999999997,True,True,8648.531616352378,0.0012460000000000804,0.3431211491957418,8648.531616352378,0.0012460000000000804,0.3431211491957418,99.97387655792625,0.011897999999999964,0.08168792531991467,0.3208,0.5,180.0,0.0,20.05851675855308,20.028104149622553,40.11703351710616,1.0225297012796242,0.004778915249700188,0.02635644326754097,0.013178221633770484,1.0190000534057617,1.0290000438690186,4320,1.0225297012796242,1.002925837927654,-0.00026775791980071517,0.00026775791980071517
49,90,40,1000,1,1.0,49_90_40_1000_1,valid,,2.12,True,True,8653.873105453384,0.0012079999999996538,0.34282856014205876,8653.873105453384,0.0012079999999996538,0.34282856014205876,99.99615399407715,0.01237099999999991,0.08793292435861137,0.320242832,0.5,180.0,0.0,20.01591563701601,20.021468765179762,40.03183127403202,1.0239949652822378,0.004999992647575326,0.025133486716164867,0.012566743358082434,1.0190000534057617,1.0290000438690186,4320,1.0239949652822378,1.0007957818508006,-0.00026775791980071517,0.00026775791980071517
49,135,40,500,0,0.5,49_135_40_500_0,valid,,1.3798380000000001,True,True,8652.595644776016,0.0012370000000000436,0.34713310278877535,8652.595644776016,0.0012370000000000436,0.34713310278877535,99.9710045783656,0.012221999999999955,0.08901782636623377,0.299591,0.5,134.99584776495348,0.10996856525906651,19.77147938843068,19.617935620620074,39.54295877686136,0.5185174265461456,0.0020273716358657286,0.005005936158893596,0.002502968079446798,0.5099999904632568,0.5189999938011169,4255,1.0370348530922913,0.9885739694215341,-0.00441999296629092,0.00441999296629092
49,135,40,500,1,0.5,49_135_40_500_1,valid,,2.1398449999999998,True,True,8652.697857093324,0.0010819999999999719,0.32964908497179046,8652.697857093324,0.0010819999999999719,0.32964908497179046,100.01456150703935,0.012102999999999975,0.09159933983894178,0.290111,0.5,134.9947216352282,0.14793984417356398,19.685084985483623,19.79008608232413,39.37016997096725,0.5159119274158358,0.004272757163139555,0.02150046282825426,0.01075023141412713,0.5099999904632568,0.5189999938011169,4286,1.0318238548316716,0.9842542492741811,-0.005546122691612254,0.005546122691612254
49,135,40,1000,0,1.0,49_135_40_1000_0,valid,,2.120629,True,True,8664.608849124792,0.0019489999999999993,0.36601851463562385,8664.608849124792,0.0019489999999999993,0.36601851463562385,100.02533208601871,0.01213400000000009,0.0906782906153766,0.309492809,0.5,134.97899035506387,0.09622283762689246,19.84476943204634,19.88765800572592,39.68953886409268,1.0252493436259684,0.0048414062366031645,0.02589315192181401,0.012946575960907005,1.0190000534057617,1.0290000438690186,4325,1.0252493436259684,0.992238471602317,-0.02127740285584423,0.02127740285584423
49,135,40,1000,1,1.0,49_135_40_1000_1,valid,,1.670827,True,True,8624.008212322762,0.0013419999999999543,0.35789971578235547,8624.008212322762,0.0013419999999999543,0.35789971578235547,100.03292271287754,0.01259699999999997,0.09576536096125254,0.310165,0.5,135.01242236763906,0.10367026370500268,20.03012131040557,20.109170771757583,40.06024262081114,1.0204029620678425,0.0034728836040798733,0.01034819231672247,0.005174096158361235,1.0190000534057617,1.0290000438690186,4248,1.0204029620678425,1.0015060655202785,0.012154609719345899,0.012154609719345899
49,180,40,500,0,0.5,49_180_40_500_0,valid,,2.119671,True,True,8594.95128624827,0.0017700000000000493,0.3891981346599376,8594.95128624827,0.0017700000000000493,0.3891981346599376,99.98469699866546,0.011943000000000037,0.08481532651963757,0.299751,0.5,90.0,0.0,19.723639416114477,19.49668729387175,39.44727883222895,0.49405095485345696,0.004909099364986157,0.026025270060480516,0.013012635030240258,0.49000000953674316,0.5,4206,0.9881019097069139,0.9861819708057238,-0.00026775791980071517,0.00026775791980071517
49,180,40,500,1,0.5,49_180_40_500_1,valid,,1.759483,True,True,8603.401880514131,0.0034799999999999276,0.43300670860309254,8603.401880514131,0.0034799999999999276,0.43300670860309254,100.02238048666828,0.012260000000000049,0.0964156427838667,0.669791,0.5,90.0,0.0,19.740726365638803,19.894836533575724,39.48145273127761,0.49812497178816795,0.0039031440457010934,0.01770885406569462,0.00885442703284731,0.49000000953674316,0.5,4346,0.9962499435763359,0.9870363182819402,-0.00026775791980071517,0.00026775791980071517
49,180,40,1000,0,1.0,49_180_40_1000_0,valid,,1.4904710000000003,True,True,8612.891672482827,0.0013350000000000861,0.36921329266950603,8612.891672482827,0.0013350000000000861,0.36921329266950603,100.055164514075,0.012419999999999987,0.09795678155197379,0.940092037,0.5,90.0,0.0,19.841740004377616,20.21733053363225,39.68348000875523,0.9999999999999998,2.2204460492503128e-16,5.91645576315803e-31,2.958227881579015e-31,1.0,1.0,4354,0.9999999999999998,0.9920870002188809,-0.00026775791980071517,0.00026775791980071517
49,180,40,1000,1,1.0,49_180_40_1000_1,valid,,1.119408,True,True,8641.493708028946,0.0010699999999999044,0.35921562576415816,8641.493708028946,0.0010699999999999044,0.35921562576415816,100.00652714356546,0.012569000000000025,0.09684433482714416,0.269917224,0.5,90.0,0.0,19.801130111650494,19.851836504784817,39.60226022330099,0.9921950845941716,0.004479159302158102,0.009642788381331245,0.004821394190665623,0.9900000095367432,1.0089999437332153,4258,0.9921950845941716,0.9900565055825247,-0.00026775791980071517,0.00026775791980071517
49,225,40,500,0,0.5,49_225_40_500_0,valid,,1.398472,True,True,8659.492930944361,0.001330999999999971,0.349579890765558,8659.492930944361,0.001330999999999971,0.349579890765558,100.00647551508123,0.012357000000000173,0.09155099879182635,0.300270014,0.5,44.98863367349593,0.06610285204231585,19.92117840349753,20.083571299969645,39.84235680699506,0.4751041242202292,0.004998910803542671,0.029986957296995402,0.014993478648497701,0.4699999988079071,0.47999998927116394,4300,0.9502082484404584,0.9960589201748766,-0.01163408442380387,0.01163408442380387
49,225,40,500,1,0.5,49_225_40_500_1,valid,,1.28872,True,True,8587.108757185682,0.0014699999999999713,0.3585207750663733,8587.108757185682,0.0014699999999999713,0.3585207750663733,100.01095905528345,0.012087999999999877,0.09488190048065465,1.130872,0.5,45.001322351468744,0.08242200389335608,19.87299675662868,20.00600436590578,39.74599351325736,0.4972578244951449,0.007573701192330449,0.048087992000187124,0.024043996000093562,0.49000000953674316,0.5099999904632568,4381,0.9945156489902898,0.993649837831434,0.0010545935490426928,0.0010545935490426928
49,225,40,1000,0,1.0,49_225_40_1000_0,valid,,2.1299960000000002,True,True,8597.513584652626,0.0016089999999999716,0.3768146572333003,8597.513584652626,0.0016089999999999716,0.3768146572333003,100.05674805230863,0.012403000000000164,0.09545189326650476,0.289261,0.5,44.98796766031519,0.09325844155139151,20.020864915255338,20.100011099176868,40.041729830510675,0.9730274141430869,0.004594427417276445,0.024802696162676666,0.012401348081338333,0.9700000286102295,0.9800000190734863,4277,0.9730274141430869,1.001043245762767,-0.012300097604565963,0.012300097604565963
49,225,40,1000,1,1.0,49_225_40_1000_1,valid,,1.4907059999999999,True,True,8600.771784922354,0.0018610000000000015,0.3727282032779412,8600.771784922354,0.0018610000000000015,0.3727282032779412,99.97164926129727,0.012221999999999955,0.08934186274032929,0.909500119,0.5,45.003848746477146,0.12008136473544084,20.017806706246645,20.36098867313235,40.03561341249329,0.9866531574885531,0.0059127399165310865,0.03588791669268809,0.017943958346344047,0.9800000190734863,1.0,4290,0.9866531574885531,1.0008903353123322,0.0035809885573598876,0.0035809885573598876
49,270,40,500,0,0.5,49_270_40_500_0,valid,,2.121845,True,True,8571.193330537797,0.0014359999999999928,0.3657110435483703,8571.193330537797,0.0014359999999999928,0.3657110435483703,100.02586875916184,0.012169,0.09533515473955008,0.298892,0.5,0.0,0.0,20.00833687179289,20.05276794234541,40.01667374358578,0.4925165559367751,0.004339635263147068,-0.022071303912276016,-0.011035651956138008,0.49000000953674316,0.5,4172,0.9850331118735502,1.0004168435896443,-0.00026775791980071517,0.00026775791980071517
49,270,40,500,1,0.5,49_270_40_500_1,valid,,1.648131,True,True,8599.550263575036,0.0017670000000000186,0.36855961261379583,8599.550263575036,0.0017670000000000186,0.36855961261379583,100.00298901922898,0.012351999999999919,0.08923268637342763,0.290836004,0.5,0.0,0.0,19.71278068406879,19.86722242516585,39.42556136813758,0.49285838673077964,0.004518121788682526,-0.023970786519005083,-0.011985393259502541,0.49000000953674316,0.5,4311,0.9857167734615593,0.9856390342034395,-0.00026775791980071517,0.00026775791980071517
49,270,40,1000,0,1.0,49_270_40_1000_0,valid,,2.1200379999999996,True,True,8664.207377102559,0.0013199999999997658,0.34809615134833666,8664.207377102559,0.0013199999999997658,0.34809615134833666,100.03296105230075,0.01221199999999989,0.09662035083364279,0.29990064,0.5,0.0,0.0,19.853498162535583,19.75347082548149,39.70699632507117,0.992353844491949,0.004242380005113936,-0.02041029530893365,-0.010205147654466826,0.9900000095367432,1.0,4336,0.992353844491949,0.9926749081267792,-0.00026775791980071517,0.00026775791980071517
49,270,40,1000,1,1.0,49_270_40_1000_1,valid,,2.129465,True,True,8622.732030871746,0.0013499999999999623,0.3539763882480887,8622.732030871746,0.0013499999999999623,0.3539763882480887,100.0347630383432,0.012468000000000035,0.09762367383199576,0.280234711,0.5,0.0,0.0,19.523673972789823,19.590687942351348,39.047347945579645,0.9934937880572527,0.005175130048577565,-0.02711343535969031,-0.013556717679845155,0.9900000095367432,1.0089999437332153,4304,0.9934937880572527,0.9761836986394912,-0.00026775791980071517,0.00026775791980071517
49,315,40,500,0,0.5,49_315_40_500_0,valid,,2.1289249999999997,True,True,8587.574257349888,0.0014840000000000408,0.3545200706216057,8587.574257349888,0.0014840000000000408,0.3545200706216057,100.03388120727479,0.012280999999999986,0.0919108509995155,0.300615,0.5,-44.99798080837155,0.14936414113190608,19.728908891017028,20.02658479369704,39.457817782034056,0.4900000095367432,5.551115123125783e-17,7.39556930170529e-32,3.697784650852645e-32,0.49000000953674316,0.49000000953674316,4248,0.9800000190734864,0.9864454445508514,0.001751433708705008,0.001751433708705008
49,315,40,500,1,0.5,49_315_40_500_1,valid,,2.0904380000000002,True,True,8634.59545803654,0.0011330000000000506,0.34213627677310215,8634.59545803654,0.0011330000000000506,0.34213627677310215,100.0501400701961,0.012560999999999822,0.0891192308739749,0.318968,0.5,-44.98597969978335,0.15200827721847077,19.9366037614948,20.011533587753824,39.8732075229896,0.4900000095367431,5.551115123125782e-17,7.39556966379204e-32,3.69778483189602e-32,0.49000000953674316,0.49000000953674316,4313,0.9800000190734862,0.9968301880747401,0.013752542296970205,0.013752542296970205
49,315,40,1000,0,1.0,49_315_40_1000_0,valid,,2.131446,True,True,8584.74199211542,0.0013870000000002491,0.360921543402877,8584.74199211542,0.0013870000000002491,0.360921543402877,100.01496377727284,0.012678000000000189,0.09726582158616237,0.288989651,0.5,-44.98064998691384,0.10078048143643059,19.836518211334226,19.874576315087737,39.67303642266845,1.0,0.0,0.0,0.0,1.0,1.0,4264,1.0,0.9918259105667113,0.019082255166495088,0.019082255166495088
49,315,40,1000,1,1.0,49_315_40_1000_1,valid,,2.1091320000000002,True,True,8621.330787838362,0.0013869999999999993,0.35753833441947824,8621.330787838362,0.0013869999999999993,0.35753833441947824,100.02546802301201,0.012392999999999987,0.09496989898293422,0.310783,0.5,-44.96802309980272,0.1393983402138545,20.156051043586924,20.024091221882593,40.31210208717385,0.9996056138561165,0.0019463599993809553,0.003487352055249779,0.0017436760276248896,0.9900000095367432,1.0,4271,0.9996056138561165,1.0078025521793461,0.031709142277577484,0.031709142277577484
49,0,60,500,0,0.5,49_0_60_500_0,valid,,1.359629,True,True,8580.200984839867,0.0011299999999999644,0.3619808827883197,8580.200984839867,0.0011299999999999644,0.3619808827883197,99.93097663690216,0.011935999999999947,0.08830525005365807,0.350205,0.5,-90.0,0.0,29.75796044183396,29.946356922760607,59.51592088366792,0.5189999938011169,0.0,0.0,0.0,0.5189999938011169,0.5189999938011169,4287,1.0379999876022339,0.9919320147277986,-0.00026775791974387175,0.00026775791974387175
49,0,60,500,1,0.5,49_0_60_500_1,valid,,1.371512,True,True,8631.37381549783,0.0009680000000000799,0.34348246614597117,8631.37381549783,0.0009680000000000799,0.34348246614597117,99.9525087527473,0.012353999999999976,0.08352883703485185,0.309125,0.5,-90.0,0.0,29.666785429090332,29.7906211292711,59.333570858180664,0.518999993801117,1.1102230246251565e-16,0.0,0.0,0.5189999938011169,0.5189999938011169,4318,1.037999987602234,0.9888928476363444,-0.00026775791974387175,0.00026775791974387175
49,0,60,1000,0,1.0,49_0_60_1000_0,valid,,1.369479,True,True,8595.46199016855,0.0012030000000000651,0.3412301326845472,8595.46199016855,0.0012030000000000651,0.3412301326845472,100.01311283034887,0.012475000000000014,0.09923120101126025,0.300715,0.5,-90.0,0.0,29.655501259083458,29.685216210972467,59.311002518166916,1.0295178556151945,0.0022158482617368976,-0.005366687574525957,-0.0026833437872629787,1.0290000438690186,1.0390000343322754,4275,1.0295178556151945,0.9885167086361153,-0.00026775791974387175,0.00026775791974387175
49,0,60,1000,1,1.0,49_0_60_1000_1,valid,,1.3609740000000001,True,True,8698.32705753997,0.0009609999999999896,0.3137825103411994,8698.32705753997,0.0009609999999999896,0.3137825103411994,99.9821143106622,0.01219300000000012,0.08956819645839179,0.309062,0.5,-90.0,0.0,29.84578879510449,30.029712815107267,59.69157759020898,1.0287666940915583,0.0015096501020313978,-0.00254783449601047,-0.001273917248005235,1.0190000534057617,1.0290000438690186,4322,1.0287666940915583,0.994859626503483,-0.00026775791974387175,0.00026775791974387175
49,45,60,500,0,0.5,49_45_60_500_0,valid,,1.368566,True,True,8675.650230413545,0.0011939999999999173,0.3228065025979411,8675.650230413545,0.0011939999999999173,0.3228065025979411,99.9810507118546,0.01230500000000001,0.09463975105948082,0.300506004,0.5,-135.0096920415051,0.10002469956045978,29.723290301943226,29.83637618533007,59.44658060388645,0.5283660448689462,0.003257314820402173,0.00802469549163577,0.004012347745817885,0.5189999938011169,0.5389999747276306,4344,1.0567320897378925,0.9907763433981075,-0.00995979942484837,0.00995979942484837
49,45,60,500,1,0.5,49_45_60_500_1,valid,,0.7196039999999999,True,False,8631.64464695981,0.0017999999999999995,0.3887908759703168,8631.64464695981,0.0017999999999999995,0.3887908759703168,99.99571446937988,0.012004999999999932,0.0957385764855094,0.299672648,0.5,-135.00820396540863,0.0748819271415897,29.746841168359552,29.71199805462589,59.493682336719104,0.5292763669607945,0.00255882206706609,-0.0002428279375581502,-0.0001214139687790751,0.5189999938011169,0.5389999747276306,4305,1.058552733921589,0.9915613722786517,-0.008471723328369762,0.008471723328369762
49,45,60,1000,0,1.0,49_45_60_1000_0,valid,,0.8194509999999999,True,False,8630.987934535899,0.00111899999999987,0.34470393162952484,8630.987934535899,0.00111899999999987,0.34470393162952484,100.06072105862137,0.012596000000000052,0.09521462974138017,0.310702008,0.5,-135.00970138211548,0.06591319755684708,30.11949090871578,30.258767068730226,60.23898181743156,1.0403906131661151,0.0055652696380046746,0.012556605324798001,0.006278302662399001,1.0290000438690186,1.0490000247955322,4333,1.0403906131661151,1.003983030290526,-0.0099691400352242,0.0099691400352242
49,45,60,1000,1,1.0,49_45_60_1000_1,valid,,1.3601830000000001,True,True,8598.552601286136,0.001425000000000001,0.372505621328655,8598.552601286136,0.001425000000000001,0.372505621328655,100.08064089336905,0.012286999999999937,0.08462864123682477,0.320443999,0.5,-135.0148961279044,0.07510646302675639,29.755635701453244,29.869660964881767,59.51127140290649,1.03817985509446,0.003492403423296619,0.01100209999929665,0.005501049999648325,1.0290000438690186,1.0490000247955322,4263,1.03817985509446,0.9918545233817748,-0.015163885824136969,0.015163885824136969
49,90,60,500,0,0.5,49_90_60_500_0,valid,,1.299443,True,True,8658.853264529575,0.0013760000000000439,0.35624625895955714,8658.853264529575,0.0013760000000000439,0.35624625895955714,100.09843012295423,0.012377000000000082,0.09495277994667868,0.310173861,0.5,180.0,0.0,29.626025578501707,29.825759183027117,59.252051157003415,0.5215983320460915,0.004817282139555266,0.022151800569366876,0.011075900284683438,0.5099999904632568,0.5289999842643738,4314,1.043196664092183,0.9875341859500569,-0.00026775791980071517,0.00026775791980071517
49,90,60,500,1,0.5,49_90_60_500_1,valid,,1.368805,True,True,8636.98924234487,0.0009689999999999976,0.33865571452092164,8636.98924234487,0.0009689999999999976,0.33865571452092164,99.96285590722606,0.012126000000000081,0.08915744536392659,0.32099907,0.5,180.0,0.0,29.86660143098694,29.937342834386882,59.73320286197388,0.5233835510206271,0.004961850107925723,0.02928144332738577,0.014640721663692884,0.5189999938011169,0.5289999842643738,4316,1.0467671020412541,0.995553381032898,-0.00026775791980071517,0.00026775791980071517
49,90,60,1000,0,1.0,49_90_60_1000_0,valid,,1.371807,True,True,8626.307494863117,0.0014449999999999186,0.3596995642216631,8626.307494863117,0.0014449999999999186,0.3596995642216631,99.98033720035059,0.011984999999999968,0.0830352346431734,0.309367,0.5,180.0,0.0,29.315962496706675,29.403017859922485,58.63192499341335,1.024524914976838,0.0049723704248598975,0.02848042516234116,0.01424021258117058,1.0190000534057617,1.0290000438690186,4322,1.024524914976838,0.9771987498902225,-0.00026775791980071517,0.00026775791980071517
49,90,60,1000,1,1.0,49_90_60_1000_1,valid,,1.359284,True,True,8649.55690983954,0.0013100000000000334,0.3496477324180701,8649.55690983954,0.0013100000000000334,0.3496477324180701,100.0268301132856,0.01181199999999999,0.09038107873500059,0.310699,0.5,180.0,0.0,29.26065093440924,28.705598394218843,58.52130186881848,1.0251454678050325,0.004867028584948414,0.027113714110318442,0.013556857055159221,1.0190000534057617,1.0290000438690186,4316,1.0251454678050325,0.9753550311469747,-0.00026775791980071517,0.00026775791980071517
49,135,60,500,0,0.5,49_135_60_500_0,valid,,1.3483120000000002,True,True,8682.537882568611,0.0008160000000001499,0.3108601963132528,8682.537882568611,0.0008160000000001499,0.3108601963132528,100.0643345564583,0.01231099999999996,0.09361506234196876,0.32088868,0.5,134.99489873761414,0.06737537259180329,29.9939640391894,30.19311222070749,59.9879280783788,0.5187896547231077,0.0013597094823626268,0.00224328105238533,0.001121640526192665,0.5099999904632568,0.5189999938011169,4313,1.0375793094462153,0.9997988013063134,-0.005369020305579397,0.005369020305579397
49,135,60,500,1,0.5,49_135_60_500_1,valid,,1.370693,True,True,8640.291292416892,0.0011539999999998773,0.36398553527034844,8640.291292416892,0.0011539999999998773,0.36398553527034844,100.02260179233872,0.012195000000000011,0.08478969647247808,0.310066288,0.5,135.0282411993138,0.09355084369025518,29.88148564391225,30.12284084743508,59.7629712878245,0.5171668063052368,0.0036246540782250243,0.016328648148752487,0.008164324074376244,0.5099999904632568,0.5189999938011169,4339,1.0343336126104736,0.9960495214637416,0.027973441394124166,0.027973441394124166
49,135,60,1000,0,1.0,49_135_60_1000_0,valid,,1.360165,True,True,8684.464985168068,0.0011280000000000179,0.331467432609086,8684.464985168068,0.0011280000000000179,0.331467432609086,100.01923867323113,0.012386999999999995,0.09245354309716527,0.309652251,0.5,135.00030334165962,0.08195178114664968,29.892945989371665,30.10218538513808,59.78589197874333,1.0265155612584078,0.00432112815938227,0.021484482810864996,0.010742241405432498,1.0190000534057617,1.0290000438690186,4339,1.0265155612584078,0.9964315329790555,3.5583739872890874e-05,3.5583739872890874e-05
49,135,60,1000,1,1.0,49_135_60_1000_1,valid,,1.370416,True,True,8590.556865500801,0.0011090000000000266,0.36344990822330536,8590.556865500801,0.0011090000000000266,0.36344990822330536,100.04843003673756,0.01200000000000001,0.0887373796510237,0.300230657,0.5,134.9988278814179,0.052618661609059814,29.95810116014271,29.97755716276423,59.91620232028542,1.0220421605045793,0.004600720201849529,0.012061987485815641,0.0060309937429078204,1.0190000534057617,1.0290000438690186,4254,1.0220421605045793,0.998603372004757,-0.0014398765018768245,0.0014398765018768245
49,180,60,500,0,0.5,49_180_60_500_0,valid,,1.379493,True,True,8651.379495393065,0.0012129999999999086,0.33594854768070587,8651.379495393065,0.0012129999999999086,0.33594854768070587,99.99492253761208,0.012212,0.09185286370011722,0.329315423,0.5,90.0,0.0,29.614316892531242,29.462735876867608,59.228633785062485,0.49812341178965563,0.0039043925130166,0.01586112722186764,0.00793056361093382,0.49000000953674316,0.5,4335,0.9962468235793113,0.987143896417708,-0.00026775791980071517,0.00026775791980071517
49,180,60,500,1,0.5,49_180_60_500_1,valid,,1.368603,True,True,8584.83390910956,0.0012469999999999981,0.37170435013472747,8584.83390910956,0.0012469999999999981,0.37170435013472747,100.07767687044141,0.0120340000000001,0.08904690392423734,0.340835993,0.5,90.0,0.0,29.64149885112331,29.710000038146973,59.28299770224662,0.49468973492426827,0.004990359199511294,0.02988444670733471,0.014942223353667355,0.49000000953674316,0.5,4247,0.9893794698485365,0.9880499617041103,-0.00026775791980071517,0.00026775791980071517
49,180,60,1000,0,1.0,49_180_60_1000_0,valid,,1.360643,True,True,8626.841644504006,0.0014089999999999936,0.37071281900686914,8626.841644504006,0.0014089999999999936,0.37071281900686914,100.04058938496402,0.01244500000000004,0.0987431764258944,0.349603922,0.5,90.0,0.0,29.855601668241007,29.637547668855724,59.711203336482015,0.9997640102250576,0.0015179605808362555,0.0027314445601302867,0.0013657222800651434,0.9900000095367432,1.0,4274,0.9997640102250576,0.9951867222747003,-0.00026775791980071517,0.00026775791980071517
49,180,60,1000,1,1.0,49_180_60_1000_1,valid,,1.369894,True,True,8665.720380081997,0.0009009999999999296,0.34208015421737215,8665.720380081997,0.0009009999999999296,0.34208015421737215,100.00305708827368,0.012312999999999907,0.09334324203827372,0.330635,0.5,90.0,0.0,29.62784451349339,29.84869117875678,59.25568902698678,0.9952446757950348,0.004994005246795246,0.02992813016252054,0.01496406508126027,0.9900000095367432,1.0,4320,0.9952446757950348,0.9875948171164464,-0.00026775791980071517,0.00026775791980071517
49,225,60,500,0,0.5,49_225_60_500_0,valid,,1.3612950000000001,True,True,8643.32055188941,0.0009820000000000384,0.3251964106347158,8643.32055188941,0.0009820000000000384,0.3251964106347158,100.09965722780359,0.012160999999999977,0.09486848799579561,0.32894218,0.5,44.99416815932597,0.03778241244617675,29.588742219009088,29.912344023838973,59.177484438018176,0.47453143808638576,0.004977992329752508,0.02973651303742356,0.01486825651871178,0.4699999988079071,0.47999998927116394,4285,0.9490628761727715,0.986291407300303,-0.006099598593777955,0.006099598593777955
49,225,60,500,1,0.5,49_225_60_500_1,valid,,1.369821,True,True,8641.76934874383,0.0013699999999998713,0.3695135848152597,8641.76934874383,0.0013699999999998713,0.3695135848152597,99.98692879212146,0.011798000000000003,0.08563626505658617,0.299379,0.5,44.99937092518105,0.08930861247871746,29.246343689720245,28.927739297419922,58.49268737944049,0.4771685724412067,0.005138358811965422,0.029385159909365247,0.014692579954682624,0.4699999988079071,0.49000000953674316,4315,0.9543371448824134,0.9748781229906748,-0.0008968327387037789,0.0008968327387037789
49,225,60,1000,0,1.0,49_225_60_1000_0,valid,,1.349243,True,True,8583.773540939857,0.0012889999999998736,0.3586126020894651,8583.773540939857,0.0012889999999998736,0.3586126020894651,100.0148088225218,0.012129999999999974,0.0884166354837636,0.310626,0.5,44.998828939298335,0.12043205151995551,29.80215831347068,29.627187126054714,59.60431662694136,0.9759270638777628,0.0052177056649498,0.031105033027979616,0.015552516513989808,0.9700000286102295,0.9900000095367432,4218,0.9759270638777628,0.9934052771156894,-0.0014388186214091547,0.0014388186214091547
49,225,60,1000,1,1.0,49_225_60_1000_1,valid,,1.360772,True,True,8626.160113045602,0.0011099999999999999,0.3659038719286177,8626.160113045602,0.0011099999999999999,0.3659038719286177,99.99426262427565,0.012035999999999936,0.09638335108896973,0.339586,0.5,44.994381336146034,0.05842742526529458,29.713743284205005,29.80066363685686,59.42748656841001,0.9741206496010364,0.005377963024057561,0.03210666697826035,0.016053333489130173,0.9599999785423279,0.9800000190734863,4340,0.9741206496010364,0.9904581094735002,-0.005886421773766415,0.005886421773766415
49,270,60,500,0,0.5,49_270_60_500_0,valid,,1.3707639999999999,True,True,8643.84830412935,0.0018320000000000003,0.3715280043357355,8643.84830412935,0.0018320000000000003,0.3715280043357355,99.96033153159219,0.01267700000000005,0.08648523865728791,0.310574,0.5,0.0,0.0,29.627246805478745,29.96806411422536,59.25449361095749,0.4882915316779063,0.0063915488798294735,-0.03453057571521141,-0.017265287857605706,0.47999998927116394,0.5,4383,0.9765830633558126,0.9875748935159582,-0.00026775791980071517,0.00026775791980071517
49,270,60,500,1,0.5,49_270_60_500_1,valid,,0.991287,True,False,8637.081849315258,0.0012770000000000836,0.3416606350249691,8637.081849315258,0.0012770000000000836,0.3416606350249691,100.01502988294374,0.011782999999999988,0.08748554303876654,0.689454316,0.5,0.0,0.0,29.804000630889796,29.87541222473068,59.60800126177959,0.49600637119656965,0.008876954519556947,0.05533406699539382,0.02766703349769691,0.47999998927116394,0.5099999904632568,4282,0.9920127423931393,0.9934666876963265,-0.00026775791980071517,0.00026775791980071517
49,270,60,1000,0,1.0,49_270_60_1000_0,valid,,0.8302120000000001,True,False,8690.208785948374,0.0013050000000001116,0.3306706725730091,8690.208785948374,0.0013050000000001116,0.3306706725730091,100.07625602216689,0.012297000000000002,0.0959643707261035,0.849111753,0.5,0.0,0.0,29.87596057225371,30.297392993513466,59.75192114450742,1.005920497807815,0.011321109123257915,0.07535137002173445,0.037675685010867224,0.9900000095367432,1.0190000534057617,4379,1.005920497807815,0.995865352408457,-0.00026775791980071517,0.00026775791980071517
49,270,60,1000,1,1.0,49_270_60_1000_1,valid,,1.368834,True,True,8628.247739142918,0.0013099999999999223,0.34961762048664674,8628.247739142918,0.0013099999999999223,0.34961762048664674,100.0655125040427,0.012135000000000007,0.09874166031122956,0.310496,0.5,0.0,0.0,30.118110653633046,30.257543662769564,60.23622130726609,0.9917445533130149,0.0037949951433596764,-0.017019299549602476,-0.008509649774801238,0.9900000095367432,1.0,4318,0.9917445533130149,1.0039370217877681,-0.00026775791980071517,0.00026775791980071517
49,315,60,500,0,0.5,49_315_60_500_0,valid,,1.370476,True,True,8666.243701400503,0.0013250000000000206,0.31960586086549675,8666.243701400503,0.0013250000000000206,0.31960586086549675,99.9436633350359,0.012189000000000005,0.09391036554038182,0.319492,0.5,-45.00544497569796,0.058604184765286504,29.9479807892444,30.067367393209064,59.8959615784888,0.49084249119328927,0.0027775948569424744,0.00925804827496387,0.004629024137481935,0.49000000953674316,0.5,4335,0.9816849823865785,0.9982660263081466,-0.00571273361765634,0.00571273361765634
49,315,60,500,1,0.5,49_315_60_500_1,valid,,1.3401619999999999,True,True,8586.14978003097,0.0012710000000000221,0.34685546808095424,8586.14978003097,0.0012710000000000221,0.34685546808095424,100.07705933568849,0.012387999999999955,0.09458561365585688,0.330399456,0.5,-44.99190803463871,0.05893783160731231,29.7655115344854,30.043200955247478,59.5310230689708,0.4901331485297718,0.0011461512418129397,0.0015763978316616842,0.0007881989158308421,0.49000000953674316,0.5,4330,0.9802662970595436,0.9921837178161801,0.007824207441558428,0.007824207441558428
49,315,60,1000,0,1.0,49_315_60_1000_0,valid,,0.7903070000000001,True,False,8649.309482761775,0.0009919999999999929,0.34512055751764636,8649.309482761775,0.0009919999999999929,0.34512055751764636,99.98089370355926,0.011846999999999941,0.08999903463870178,0.879238,0.5,-44.996899222922345,0.0680179520415436,29.751534496161756,30.049194376940022,59.50306899232351,1.024448825004851,0.009423339925679945,0.06191178666545757,0.030955893332728784,1.0089999437332153,1.0390000343322754,4326,1.024448825004851,0.9917178165387253,0.002833019157833405,0.002833019157833405
49,315,60,1000,1,1.0,49_315_60_1000_1,valid,,0.7299710000000001,True,False,8604.467082302484,0.0009730000000000016,0.34501423551157984,8604.467082302484,0.0009730000000000016,0.34501423551157984,100.06952474310685,0.012163000000000146,0.08675632168327496,0.939533,0.5,-45.00107534848892,0.058507842068506455,29.997085412593417,30.221704993581437,59.994170825186835,1.0229148380718824,0.007674085083634465,0.04799504925282357,0.023997524626411786,1.0089999437332153,1.0390000343322754,4332,1.0229148380718824,0.9999028470864473,-0.0013431064087399136,0.0013431064087399136
65,0,20,500,0,0.5,65_0_20_500_0,valid,,3.9595970000000005,True,True,8653.623441494976,0.0016319999999998558,0.34842477614738093,8653.623441494976,0.0016319999999998558,0.34842477614738093,99.97837534936436,0.012299000000000004,0.09409245838668995,0.300051,0.5,-90.0,0.0,9.777741553044192,9.942507565182673,19.555483106088385,0.5145906780599683,0.00641546646404362,0.03686304098414736,0.01843152049207368,0.5,0.5189999938011169,4328,1.0291813561199366,0.9777741553044192,-0.00026775791974387175,0.00026775791974387175
65,0,20,500,1,0.5,65_0_20_500_1,valid,,4.3883280000000005,True,True,8673.844576049865,0.0013420000000001764,0.35047412792948346,8673.844576049865,0.0013420000000001764,0.35047412792948346,100.00924237110137,0.012471000000000121,0.0959872083329905,0.301039541,0.5,-90.0,0.0,9.880585130900036,9.91307198341196,19.76117026180007,0.5144681887489079,0.006184530938448577,0.0361568898744003,0.01807844493720015,0.49000000953674316,0.5189999938011169,4304,1.0289363774978157,0.9880585130900036,-0.00026775791974387175,0.00026775791974387175
65,0,20,1000,0,1.0,65_0_20_1000_0,valid,,4.400701,True,True,8722.970121552387,0.0009269999999999001,0.3057053698691333,8722.970121552387,0.0009269999999999001,0.3057053698691333,99.98794442706703,0.012390000000000123,0.08983451325853788,0.2994,0.5,-90.0,0.0,9.920274033120837,9.901564973647972,19.840548066241674,1.018976915282628,0.01282518842837035,0.078552626075139,0.0392763130375695,0.9900000095367432,1.0290000438690186,4390,1.018976915282628,0.9920274033120837,-0.00026775791974387175,0.00026775791974387175
65,0,20,1000,1,1.0,65_0_20_1000_1,valid,,4.020149999999999,True,True,8664.267573304576,0.0012239999999998918,0.3319268337911167,8664.267573304576,0.0012239999999998918,0.3319268337911167,99.98539928079748,0.012242000000000086,0.0914249080465619,0.679903,0.5,-90.0,0.0,10.060647921881891,10.177178033925742,20.121295843763782,1.029000043869018,4.4408920985006257e-16,1.331202527296384e-30,6.65601263648192e-31,1.0290000438690186,1.0290000438690186,4336,1.029000043869018,1.0060647921881891,-0.00026775791974387175,0.00026775791974387175
65,45,20,500,0,0.5,65_45_20_500_0,valid,,4.380955,True,True,8661.618632100464,0.0012710000000000221,0.3593012077194217,8661.618632100464,0.0012710000000000221,0.3593012077194217,100.02306030636798,0.012481999999999882,0.08930449251015679,0.29016496,0.5,-135.0281500576037,0.261391085791999,9.837587681229515,9.859362234610341,19.67517536245903,0.5275530248443031,0.0035179381515448695,0.014587367547961317,0.007293683773980659,0.5189999938011169,0.5289999842643738,4347,1.0551060496886062,0.9837587681229515,-0.028417815523454237,0.028417815523454237
65,45,20,500,1,0.5,65_45_20_500_1,valid,,3.8196600000000003,True,True,8653.548108358591,0.0014600000000002389,0.33347369697284135,8653.548108358591,0.0014600000000002389,0.33347369697284135,99.98430599770722,0.012525999999999371,0.09042351822710525,0.290505,0.5,-135.02956159047525,0.32173207651155167,9.827928040515756,9.854179589231885,19.655856081031512,0.5272124206691289,0.003831479518132536,0.017353593012642898,0.008676796506321449,0.5189999938011169,0.5289999842643738,4343,1.0544248413382578,0.9827928040515757,-0.029829348394997623,0.029829348394997623
65,45,20,1000,0,1.0,65_45_20_1000_0,valid,,4.370952,True,True,8704.77198018292,0.0013780000000001014,0.341320957439521,8704.77198018292,0.0013780000000001014,0.341320957439521,100.01332817949339,0.012504999999999988,0.09618593935525648,0.299613513,0.5,-134.99575735771268,0.2458160321206435,9.98709217137096,10.053042254348307,19.97418434274192,1.0360391874159616,0.005051872676427173,0.028431381562434216,0.014215690781217108,1.0290000438690186,1.0490000247955322,4294,1.0360391874159616,0.998709217137096,0.003974884367579534,0.003974884367579534
65,45,20,1000,1,1.0,65_45_20_1000_1,valid,,4.188704,True,True,8590.274488355853,0.0013380000000000614,0.3606602091827615,8590.274488355853,0.0013380000000000614,0.3606602091827615,100.02173588435615,0.012452999999999825,0.08764070150644214,0.290518998,0.5,-134.97173043160097,0.1395404582994473,9.947021448057036,9.9837521677914,19.894042896114073,1.0371313360344068,0.004382022750489986,0.021521968127614213,0.010760984063807107,1.0290000438690186,1.0490000247955322,4357,1.0371313360344068,0.9947021448057036,0.02800181047928163,0.02800181047928163
65,90,20,500,0,0.5,65_90_20_500_0,valid,,3.252053,True,True,8686.700012522031,0.0012660000000002114,0.33748920154032114,8686.700012522031,0.0012660000000002114,0.33748920154032114,100.03258204100766,0.01244500000000004,0.08696931365420503,1.469344748,0.5,180.0,0.0,10.04162763752585,10.0105485620211,20.0832552750517,0.5289999842643738,0.0,0.0,0.0,0.5289999842643738,0.5289999842643738,4353,1.0579999685287476,1.0041627637525852,-0.00026775791980071517,0.00026775791980071517
65,90,20,500,1,0.5,65_90_20_500_1,valid,,3.7696180000000004,True,True,8700.779245613756,0.0013699999999996493,0.3402093671111411,8700.779245613756,0.0013699999999996493,0.3402093671111411,100.01742634913076,0.0123660000000001,0.09295288121451087,0.319679388,0.5,180.0,0.0,9.872394772465627,9.984296994950867,19.744789544931255,0.5140607809532952,0.004478516334759746,0.02674279769933237,0.013371398849666184,0.5099999904632568,0.5189999938011169,4371,1.0281215619065904,0.9872394772465627,-0.00026775791980071517,0.00026775791980071517
65,90,20,1000,0,1.0,65_90_20_1000_0,valid,,4.400113,True,True,8679.305135030165,0.0016309999999999936,0.348790717677056,8679.305135030165,0.0016309999999999936,0.348790717677056,100.01281223195396,0.012437000000000253,0.0871821087407266,0.290684,0.5,180.0,0.0,9.844002075012424,9.799943361920448,19.68800415002485,1.0151994701042537,0.004854051545155478,0.02735461303171232,0.01367730651585616,1.0089999437332153,1.0190000534057617,4375,1.0151994701042537,0.9844002075012425,-0.00026775791980071517,0.00026775791980071517
65,90,20,1000,1,1.0,65_90_20_1000_1,valid,,2.329593,True,True,8656.83964257443,0.0012570000000000636,0.3428096294209108,8656.83964257443,0.0012570000000000636,0.3428096294209108,100.01841479571799,0.012510000000000243,0.08858273780137602,0.890224924,0.5,180.0,0.0,9.926941041493718,9.93563888421873,19.853882082987436,1.0341239274624978,0.004998460161900348,0.029981550062835805,0.014990775031417903,1.0290000438690186,1.0390000343322754,4289,1.0341239274624978,0.9926941041493718,-0.00026775791980071517,0.00026775791980071517
65,135,20,500,0,0.5,65_135_20_500_0,valid,,2.96923,True,True,8656.856689004271,0.0013440000000000119,0.3453474315416118,8656.856689004271,0.0013440000000000119,0.3453474315416118,100.00219964105116,0.012312999999999796,0.09308688524010256,0.460202321,0.5,135.02906325277968,0.2195248967437209,10.030243193735522,10.139290040702106,20.060486387471045,0.5154764082723134,0.004392792567567192,0.02572882207084874,0.01286441103542437,0.5099999904632568,0.5189999938011169,4252,1.030952816544627,1.0030243193735522,0.02879549485987809,0.02879549485987809
65,135,20,500,1,0.5,65_135_20_500_1,valid,,4.389665000000001,True,True,8599.141935620646,0.0013610000000001676,0.3557980110440346,8599.141935620646,0.0013610000000001676,0.3557980110440346,99.98898250296745,0.012280999999999986,0.0849705838533959,0.300157,0.5,134.99383745142418,0.3636961243343904,9.874476230577901,10.13994864159328,19.748952461155802,0.5128646182476705,0.0041923224205940015,0.023434078182544827,0.011717039091272414,0.5099999904632568,0.5189999938011169,4329,1.025729236495341,0.9874476230577901,-0.006430306495531113,0.006430306495531113
65,135,20,1000,0,1.0,65_135_20_1000_0,valid,,3.91999,True,True,8653.112464410093,0.0012810000000005317,0.36191708976609505,8653.112464410093,0.0012810000000005317,0.36191708976609505,100.00629367510095,0.012395999999999852,0.08842860471311909,0.760519,0.5,134.98693723723304,0.2211705519111447,9.997462292243913,9.794513658239357,19.994924584487826,1.0246787080501696,0.00495372321771745,0.028258553195618707,0.014129276597809354,1.0190000534057617,1.0290000438690186,4318,1.0246787080501696,0.9997462292243913,-0.013330520686736236,0.013330520686736236
65,135,20,1000,1,1.0,65_135_20_1000_1,valid,,4.380926,True,True,8654.436256913403,0.0014639999999999098,0.3429932492204573,8654.436256913403,0.0014639999999999098,0.3429932492204573,100.01006236210269,0.012668000000000124,0.09206946745685934,0.300420432,0.5,135.0110671094046,0.280166944927312,9.915204826133174,9.991172485569795,19.830409652266347,1.0139080462010348,0.004999209250238947,0.029199717160148565,0.014599858580074282,1.0089999437332153,1.0190000534057617,4289,1.0139080462010348,0.9915204826133174,0.010799351484820363,0.010799351484820363
65,180,20,500,0,0.5,65_180_20_500_0,valid,,3.059186,True,True,8632.383180989536,0.0015800000000001369,0.3591662559156375,8632.383180989536,0.0015800000000001369,0.3591662559156375,100.02008387312902,0.012259999999999938,0.09002986261758304,1.639906523,0.5,90.0,0.0,9.832664617407032,9.987280752808026,19.665329234814063,0.5110567168551684,0.002897217697558491,0.009383883960747675,0.0046919419803738375,0.5099999904632568,0.5189999938011169,4335,1.0221134337103368,0.9832664617407032,-0.00026775791980071517,0.00026775791980071517
65,180,20,500,1,0.5,65_180_20_500_1,valid,,4.409141,True,True,8640.409344804017,0.001314999999999955,0.3534607688925546,8640.409344804017,0.001314999999999955,0.3534607688925546,100.01843835845348,0.012567000000000217,0.09161581481976386,0.281187,0.5,90.0,0.0,9.877243755646752,9.937660543644633,19.754487511293505,0.4900000095367432,5.551115123125783e-17,7.3955695723624e-32,3.6977847861812e-32,0.49000000953674316,0.49000000953674316,4293,0.9800000190734864,0.9877243755646752,-0.00026775791980071517,0.00026775791980071517
65,180,20,1000,0,1.0,65_180_20_1000_0,valid,,3.149782,True,True,8640.962330708398,0.0012049999999999006,0.32351303000402987,8640.962330708398,0.0012049999999999006,0.32351303000402987,99.99924303361848,0.012225999999999848,0.09659213076862919,1.549754,0.5,90.0,0.0,9.880949115885482,10.146811692611035,19.761898231770964,1.0190000534057617,0.0,0.0,0.0,1.0190000534057617,1.0190000534057617,4352,1.0190000534057617,0.9880949115885482,-0.00026775791980071517,0.00026775791980071517
65,180,20,1000,1,1.0,65_180_20_1000_1,valid,,4.410686,True,True,8620.038803956135,0.0011840000000000739,0.33749159681922614,8620.038803956135,0.0011840000000000739,0.33749159681922614,100.00726052711428,0.012281999999999904,0.08856854923175937,0.300002,0.5,90.0,0.0,9.854659493449162,9.865079482410465,19.709318986898325,0.9907031088662147,0.0025566849478054115,0.007475004411639969,0.0037375022058199845,0.9900000095367432,1.0,4266,0.9907031088662147,0.9854659493449163,-0.00026775791980071517,0.00026775791980071517
65,225,20,500,0,0.5,65_225_20_500_0,valid,,4.371805,True,True,8699.981040189814,0.0013799999999999368,0.3343375778938878,8699.981040189814,0.0013799999999999368,0.3343375778938878,100.00976143180444,0.012402999999999942,0.08776267813171393,0.299141058,0.5,44.99653165187771,0.3125018349570752,9.993803238347821,10.060354189792088,19.987606476695642,0.47999998927116394,0.0,0.0,0.0,0.47999998927116394,0.47999998927116394,4326,0.9599999785423279,0.9993803238347821,-0.0037361060419698333,0.0037361060419698333
65,225,20,500,1,0.5,65_225_20_500_1,valid,,4.3907240000000005,True,True,8639.178413993304,0.0013100000000001444,0.3497978887347606,8639.178413993304,0.0013100000000001444,0.3497978887347606,99.99287475922374,0.012450000000000072,0.09502595533632753,0.300458,0.5,44.963220803963495,0.14825288602745126,9.936751686874493,9.988655389020487,19.873503373748985,0.47999998927116394,0.0,0.0,0.0,0.47999998927116394,0.47999998927116394,4316,0.9599999785423279,0.9936751686874492,-0.037046953956178186,0.037046953956178186
65,225,20,1000,0,1.0,65_225_20_1000_0,valid,,2.57041,True,True,8673.95380570916,0.001276000000000277,0.3363010877200606,8673.95380570916,0.001276000000000277,0.3363010877200606,100.01892474260691,0.01248399999999994,0.08922400267388257,0.29056,0.5,44.98240627480509,0.21606528764085908,9.91331303292506,9.940434137110582,19.82662606585012,0.9800000190734861,2.2204460492503128e-16,2.958227823881249e-31,1.4791139119406244e-31,0.9800000190734863,0.9800000190734863,4291,0.9800000190734861,0.9913313032925061,-0.017861483114643306,0.017861483114643306
65,225,20,1000,1,1.0,65_225_20_1000_1,valid,,4.371218,True,True,8622.966313965426,0.001206999999999958,0.356607580095085,8622.966313965426,0.001206999999999958,0.356607580095085,99.99528964304275,0.012432999999999694,0.09065094147970137,0.288941982,0.5,44.9971106254544,0.19936999643226727,10.092873620508197,10.138230338160358,20.185747241016394,0.9784723801703576,0.0035975955642949006,0.013168946827471457,0.006584473413735728,0.9700000286102295,0.9800000190734863,4298,0.9784723801703576,1.0092873620508196,-0.003157132465275936,0.003157132465275936
65,270,20,500,0,0.5,65_270_20_500_0,valid,,4.4114189999999995,True,True,8657.588285706195,0.0012710000000000221,0.33494390094205345,8657.588285706195,0.0012710000000000221,0.33494390094205345,99.99630752157856,0.012338999999999989,0.09032037769134725,0.289868,0.5,0.0,0.0,9.903087132202053,9.887406061976137,19.806174264404106,0.5,0.0,0.0,0.0,0.5,0.5,4270,1.0,0.9903087132202053,-0.00026775791980071517,0.00026775791980071517
65,270,20,500,1,0.5,65_270_20_500_1,valid,,4.4001589999999995,True,True,8632.103763916359,0.0013480000000001269,0.3257519761732991,8632.103763916359,0.0013480000000001269,0.3257519761732991,100.00573837500863,0.012559000000000431,0.08901632711773472,0.289513,0.5,0.0,0.0,9.950794684673465,10.003670123447506,19.90158936934693,0.501404878660202,0.0034749228990241295,-0.012788228455700545,-0.006394114227850273,0.5,0.5099999904632568,4283,1.002809757320404,0.9950794684673465,-0.00026775791980071517,0.00026775791980071517
65,270,20,1000,0,1.0,65_270_20_1000_0,valid,,4.399926,True,True,8576.180320647083,0.0013360000000000039,0.3551271086339127,8576.180320647083,0.0013360000000000039,0.3551271086339127,99.98876865719855,0.012374999999999997,0.09348659292090467,0.289671,0.5,0.0,0.0,10.007781040769622,9.974352253465007,20.015562081539244,1.0089999437332153,0.0,0.0,0.0,1.0089999437332153,1.0089999437332153,4274,1.0089999437332153,1.000778104076962,-0.00026775791980071517,0.00026775791980071517
65,270,20,1000,1,1.0,65_270_20_1000_1,valid,,4.14885,True,True,8617.085091031133,0.0034750000000000007,0.382238997900407,8617.085091031133,0.0034750000000000007,0.382238997900407,100.0034264122197,0.01228499999999988,0.09308841529461996,0.290380033,0.5,0.0,0.0,9.873472068988052,9.83343961498366,19.746944137976104,1.0089999437332153,0.0,0.0,0.0,1.0089999437332153,1.0089999437332153,4281,1.0089999437332153,0.9873472068988052,-0.00026775791980071517,0.00026775791980071517
65,315,20,500,0,0.5,65_315_20_500_0,valid,,4.3705039999999995,True,True,8590.16905975912,0.0013650000000000606,0.33736633210920786,8590.16905975912,0.0013650000000000606,0.33736633210920786,100.00303402418596,0.012519999999999865,0.0872748125860186,0.30068211,0.5,-44.98801760760667,0.24230858322863322,10.050023184478846,10.058881415591047,20.100046368957692,0.49023582931184767,0.0015174269457744088,0.002517409648095549,0.0012587048240477745,0.49000000953674316,0.5,4174,0.9804716586236953,1.0050023184478847,0.011714634473605656,0.011714634473605656
65,315,20,500,1,0.5,65_315_20_500_1,valid,,4.379493,True,True,8623.080905017396,0.001174999999999926,0.3481822183383613,8623.080905017396,0.001174999999999926,0.3481822183383613,99.99564889192446,0.012467000000000006,0.09385180367140104,0.299784332,0.5,-45.03528044071882,0.20815611204197637,10.04586530621955,10.070059715150594,20.0917306124391,0.4924403738494282,0.004295141659491088,0.021611259498355767,0.010805629749177884,0.49000000953674316,0.5,4298,0.9848807476988564,1.004586530621955,-0.03554819863859393,0.03554819863859393
65,315,20,1000,0,1.0,65_315_20_1000_0,valid,,4.3712740000000005,True,True,8619.34913813775,0.0012870000000000381,0.3412437767861939,8619.34913813775,0.0012870000000000381,0.3412437767861939,100.03597967668205,0.012658000000000058,0.09037322200375586,0.299300687,0.5,-45.0441834730248,0.17515779457595215,10.05645970781853,10.030417712494225,20.11291941563706,0.994867468634768,0.00499823833861455,0.02418392255823528,0.01209196127911764,0.9900000095367432,1.0,4337,0.994867468634768,1.005645970781853,-0.04445123094455994,0.04445123094455994
65,315,20,1000,1,1.0,65_315_20_1000_1,valid,,2.611001,True,True,8605.191515671277,0.0012590000000000101,0.34912236095764454,8605.191515671277,0.0012590000000000101,0.34912236095764454,100.01137854007342,0.012258999999999798,0.09366159861396227,0.289034,0.5,-45.001503243700625,0.17570136886908472,9.912015652811972,9.850615126588918,19.824031305623944,0.9935231520368094,0.004776908867205274,0.023294455529574203,0.011647227764787101,0.9900000095367432,1.0,4223,0.9935231520368094,0.9912015652811972,-0.0017710016203409396,0.0017710016203409396
65,0,40,500,0,0.5,65_0_40_500_0,valid,,1.288533,True,True,8689.817530702308,0.001322999999999963,0.34139713341609373,8689.817530702308,0.001322999999999963,0.34139713341609373,100.0212737555334,0.012326999999999977,0.08970002511642218,0.311183,0.5,-90.0,0.0,19.952249832942368,19.975044145106857,39.904499665884735,0.5178350729130567,0.0041229655577431175,0.01593833947255473,0.007969169736277365,0.5,0.5289999842643738,4326,1.0356701458261135,0.9976124916471184,-0.00026775791974387175,0.00026775791974387175
65,0,40,500,1,0.5,65_0_40_500_1,valid,,2.110537,True,True,8608.758722686913,0.0011999999999998678,0.3512470787629538,8608.758722686913,0.0011999999999998678,0.3512470787629538,100.0315808515792,0.012238999999999889,0.08431916337979917,0.318969719,0.5,-90.0,0.0,19.51180780948881,19.918650828430813,39.02361561897762,0.5182041618101647,0.0037429176377334395,0.01612911472397112,0.00806455736198556,0.5,0.5289999842643738,4246,1.0364083236203294,0.9755903904744405,-0.00026775791974387175,0.00026775791974387175
65,0,40,1000,0,1.0,65_0_40_1000_0,valid,,1.599526,True,True,8570.462120837814,0.001403000000000043,0.3746986323066809,8570.462120837814,0.001403000000000043,0.3746986323066809,100.03035141461174,0.012140999999999957,0.09157361986768599,0.859669296,0.5,-90.0,0.0,19.679737427152986,19.77623153073052,39.35947485430597,1.0452476442940843,0.004841839505946367,0.02760871045819506,0.01380435522909753,1.0390000343322754,1.0490000247955322,4343,1.0452476442940843,0.9839868713576493,-0.00026775791974387175,0.00026775791974387175
65,0,40,1000,1,1.0,65_0_40_1000_1,valid,,1.9891510000000001,True,True,8646.663050408733,0.0013430000000000386,0.3581687163984887,8646.663050408733,0.0013430000000000386,0.3581687163984887,99.98626142972722,0.012177000000000104,0.09016391026225763,0.330599,0.5,-90.0,0.0,19.878187823992622,20.016365568725437,39.756375647985244,1.0251308822920395,0.009336656804776128,0.0520924763261507,0.02604623816307535,0.9900000095367432,1.0390000343322754,4258,1.0251308822920395,0.9939093911996311,-0.00026775791974387175,0.00026775791974387175
65,45,40,500,0,0.5,65_45_40_500_0,valid,,2.1180730000000003,True,True,8632.412144562373,0.0009159999999996948,0.3400272504935049,8632.412144562373,0.0009159999999996948,0.3400272504935049,100.0274021427326,0.011856000000000005,0.08562882471789833,0.290738833,0.5,-135.00058626360558,0.0856108903593494,19.886747852838198,19.977324499206755,39.773495705676396,0.5316640650437059,0.005654246111120637,0.024504190248872446,0.012252095124436223,0.5189999938011169,0.5389999747276306,4309,1.0633281300874118,0.9943373926419099,-0.0008540215253276529,0.0008540215253276529
65,45,40,500,1,0.5,65_45_40_500_1,valid,,2.120085,True,True,8640.759312320919,0.0017690000000000206,0.37004739008272475,8640.759312320919,0.0017690000000000206,0.37004739008272475,100.03414958899762,0.012216000000000005,0.08488582668944766,0.290795,0.5,-134.9943319242781,0.11342460242356651,19.919015317893127,20.00926248689495,39.838030635786254,0.5318676513295507,0.004883095784242929,0.01749575464181678,0.00874787732090839,0.5189999938011169,0.5389999747276306,4304,1.0637353026591014,0.9959507658946564,0.005400317802155996,0.005400317802155996
65,45,40,1000,0,1.0,65_45_40_1000_0,valid,,2.1298500000000002,True,True,8696.474979772966,0.0009239999999999249,0.3253250674562991,8696.474979772966,0.0009239999999999249,0.3253250674562991,100.00927289043659,0.01176200000000005,0.09009298960441794,0.280175,0.5,-135.0203889513205,0.0893319671226891,19.613006011811347,19.75284745784227,39.226012023622694,1.0439738569888641,0.0071971759875289545,0.04145767643453915,0.020728838217269573,1.0290000438690186,1.0490000247955322,4338,1.0439738569888641,0.9806503005905673,-0.020656709240256532,0.020656709240256532
65,45,40,1000,1,1.0,65_45_40_1000_1,valid,,1.078744,True,True,8556.672992333843,0.0011019999999999364,0.3430249755829498,8556.672992333843,0.0011019999999999364,0.3430249755829498,99.9631553427434,0.012347999999999915,0.09110278315050829,0.290343,0.5,-134.97163200501456,0.10365836183380991,19.806161329616945,19.860651633023323,39.61232265923389,1.0437805264932385,0.007166146325648742,0.041769075363764105,0.020884537681882052,1.0290000438690186,1.0490000247955322,4306,1.0437805264932385,0.9903080664808472,0.02810023706570064,0.02810023706570064
65,90,40,500,0,0.5,65_90_40_500_0,valid,,1.300938,True,True,8530.299656572848,0.0011210000000000386,0.34994460010237755,8530.299656572848,0.0011210000000000386,0.34994460010237755,100.02831570783114,0.011997000000000035,0.08941437099745196,0.289900332,0.5,180.0,0.0,19.62447824669673,19.54060456504741,39.24895649339346,0.5121667495581446,0.008701227853370788,0.05680104007410254,0.02840052003705127,0.5,0.5289999842643738,4253,1.0243334991162891,0.9812239123348364,-0.00026775791980071517,0.00026775791980071517
65,90,40,500,1,0.5,65_90_40_500_1,valid,,2.130109,True,True,8623.535315932397,0.001371000000000011,0.3467973541659641,8623.535315932397,0.001371000000000011,0.3467973541659641,100.01892665842921,0.012142000000000014,0.09175735354295997,0.289755048,0.5,180.0,0.0,19.6263358397379,19.774842850953593,39.2526716794758,0.5115337332359995,0.009009303743857411,0.05872151152963376,0.02936075576481688,0.5,0.5289999842643738,4302,1.023067466471999,0.981316791986895,-0.00026775791980071517,0.00026775791980071517
65,90,40,1000,0,1.0,65_90_40_1000_0,valid,,2.13951,True,True,8645.516592968206,0.0011390000000000011,0.3587628554321894,8645.516592968206,0.0011390000000000011,0.3587628554321894,100.08839223912305,0.011950000000000016,0.08772186436367689,0.299033809,0.5,180.0,0.0,19.78440932071538,19.4069529170396,39.56881864143076,1.0227136762540652,0.01053296709546781,0.06981867304958758,0.03490933652479379,1.0089999437332153,1.0390000343322754,4309,1.0227136762540652,0.989220466035769,-0.00026775791980071517,0.00026775791980071517
65,90,40,1000,1,1.0,65_90_40_1000_1,valid,,2.130866,True,True,8635.292193921556,0.0013289999999999969,0.3513486634054195,8635.292193921556,0.0013289999999999969,0.3513486634054195,99.97423740805255,0.011965000000000003,0.09220236266154201,0.309726,0.5,180.0,0.0,19.79197779159234,19.844406158699282,39.58395558318468,1.0229836006615103,0.010995137312356766,0.07347507576382274,0.03673753788191137,1.0089999437332153,1.0390000343322754,4319,1.0229836006615103,0.9895988895796171,-0.00026775791980071517,0.00026775791980071517
65,135,40,500,0,0.5,65_135_40_500_0,valid,,2.1206069999999997,True,True,8642.599059820463,0.0012630000000000141,0.3404518143119485,8642.599059820463,0.0012630000000000141,0.3404518143119485,100.00980939126597,0.012112000000000012,0.08894712628590092,0.31002021,0.5,134.997524340686,0.1577726224749028,20.060575031843076,20.247542422791263,40.12115006368615,0.5141011963853777,0.005385188536107496,0.03209027464819398,0.01604513732409699,0.5,0.5189999938011169,4293,1.0282023927707553,1.0030287515921539,-0.002743417233773471,0.002743417233773471
65,135,40,500,1,0.5,65_135_40_500_1,valid,,2.1192789999999997,True,True,8636.369899822243,0.0013190000000000701,0.3770471551039291,8636.369899822243,0.0013190000000000701,0.3770471551039291,100.04128140232578,0.012243000000000004,0.09214238532320031,0.310521468,0.5,135.01267056265107,0.12359602603146978,20.021338372564134,19.94030302532081,40.04267674512827,0.5148495069979024,0.004960305297967819,0.028979135120852137,0.014489567560426068,0.5,0.5189999938011169,4307,1.0296990139958049,1.0010669186282066,0.012402804731323158,0.012402804731323158
65,135,40,1000,0,1.0,65_135_40_1000_0,valid,,1.400517,True,True,8582.765858226814,0.001577999999999996,0.3566600371532563,8582.765858226814,0.001577999999999996,0.3566600371532563,100.02529375244315,0.012433,0.08954988353817986,0.299596,0.5,135.00955539336536,0.1806083106819898,20.055302698834588,20.055473873904972,40.110605397669175,1.0182582786731662,0.006751719829241501,0.04081737793295893,0.020408688966479464,1.0089999437332153,1.0290000438690186,4311,1.0182582786731662,1.0027651349417295,0.009287635445616615,0.009287635445616615
65,135,40,1000,1,1.0,65_135_40_1000_1,valid,,2.110145,True,True,8581.110331087839,0.001363000000000003,0.35226028645774127,8581.110331087839,0.001363000000000003,0.35226028645774127,99.96877898133351,0.012255999999999823,0.08748870372197134,0.309521287,0.5,135.01567739556003,0.1056897290054053,20.145564145023542,20.044725621915646,40.291128290047084,1.0188746011796832,0.007448538944391343,0.04731272670500479,0.023656363352502395,1.0089999437332153,1.0290000438690186,4276,1.0188746011796832,1.007278207251177,0.015409637640232177,0.015409637640232177
65,180,40,500,0,0.5,65_180_40_500_0,valid,,1.4884119999999998,True,True,8622.926201700397,0.001328999999999969,0.36324738644256543,8622.926201700397,0.001328999999999969,0.36324738644256543,99.98595617104162,0.012045000000000083,0.09192402823796006,0.930371,0.5,90.0,0.0,19.71390109075052,19.616133127518886,39.42780218150104,0.5157677321163578,0.004317736716487922,0.02485712164083981,0.012428560820419906,0.5099999904632568,0.5189999938011169,4335,1.0315354642327157,0.985695054537526,-0.00026775791980071517,0.00026775791980071517
65,180,40,500,1,0.5,65_180_40_500_1,valid,,2.130103,True,True,8606.2964191769,0.0013170000000002346,0.3523628702440587,8606.2964191769,0.0013170000000002346,0.3523628702440587,100.04757051149608,0.012517000000000111,0.09574022024218616,0.289547152,0.5,90.0,0.0,19.697060181737015,19.465117398931852,39.39412036347403,0.49534882747570796,0.00498781265036623,0.02985395514598007,0.014926977572990035,0.49000000953674316,0.5,4302,0.9906976549514159,0.9848530090868508,-0.00026775791980071517,0.00026775791980071517
65,180,40,1000,0,1.0,65_180_40_1000_0,valid,,1.779897,True,True,8625.541713998522,0.0013960000000001749,0.3645449904695422,8625.541713998522,0.0013960000000001749,0.3645449904695422,99.98088600708688,0.012135000000000007,0.08965523959601382,0.640608,0.5,90.0,0.0,19.696499755722577,19.948536833804113,39.392999511445154,1.0106186635660246,0.00653064318198667,0.04113409053762588,0.02056704526881294,1.0,1.0190000534057617,4323,1.0106186635660246,0.9848249877861288,-0.00026775791980071517,0.00026775791980071517
65,180,40,1000,1,1.0,65_180_40_1000_1,valid,,1.461364,True,True,8666.42101198736,0.0012149999999999939,0.334326494564657,8666.42101198736,0.0012149999999999939,0.334326494564657,99.98081137504762,0.012567000000000217,0.08636992614809667,0.959552527,0.5,90.0,0.0,19.925599342334188,20.104165890918733,39.851198684668375,1.0176616792676327,0.003404797032214574,0.013911017987124128,0.006955508993562064,1.0089999437332153,1.0190000534057617,4357,1.0176616792676327,0.9962799671167094,-0.00026775791980071517,0.00026775791980071517
65,225,40,500,0,0.5,65_225_40_500_0,valid,,1.560795,True,True,8637.176546278248,0.0012809999999999766,0.33822691898126994,8637.176546278248,0.0012809999999999766,0.33822691898126994,100.02437375544386,0.01239599999999999,0.09129730496000583,0.830570413,0.5,44.99804279519479,0.09999226138479855,19.737822043669734,19.484743078113276,39.47564408733947,0.5034757432052698,0.007265038572313631,0.04534326416090021,0.022671632080450106,0.49000000953674316,0.5099999904632568,4334,1.0069514864105396,0.9868911021834867,-0.002224962724994839,0.002224962724994839
65,225,40,500,1,0.5,65_225_40_500_1,valid,,2.1195449999999996,True,True,8584.683931028354,0.0011540000000000994,0.3435341781226379,8584.683931028354,0.0011540000000000994,0.3435341781226379,100.00080460417497,0.012317000000000022,0.09054337173271056,0.300794,0.5,44.99870629413622,0.14909956605640673,19.853741735562256,19.88167712486882,39.70748347112451,0.48314917733316304,0.0046448421921819315,0.025363218717478174,0.012681609358739087,0.47999998927116394,0.49000000953674316,4278,0.9662983546663261,0.9926870867781128,-0.0015614637834460154,0.0015614637834460154
65,225,40,1000,0,1.0,65_225_40_1000_0,valid,,2.1184269999999996,True,True,8552.711623561318,0.0012520000000000309,0.37360092316975396,8552.711623561318,0.0012520000000000309,0.37360092316975396,99.99310392386732,0.01243699999999981,0.09755709441173815,0.291001152,0.5,44.98673742033663,0.08963167138360288,19.961131028278203,19.939714330207572,39.922262056556406,0.9822333199836426,0.005169810146791386,0.02727617086433674,0.01363808543216837,0.9700000286102295,0.9900000095367432,4264,0.9822333199836426,0.9980565514139101,-0.013530337583119945,0.013530337583119945
65,225,40,1000,1,1.0,65_225_40_1000_1,valid,,2.118608,True,True,8626.641310127065,0.0012929999999999886,0.33826423848524956,8626.641310127065,0.0012929999999999886,0.33826423848524956,99.99119308337843,0.012168999999999874,0.09681398764772121,0.300467141,0.5,45.026061212748694,0.11891276790615704,19.858620497757858,19.887013179080373,39.717240995515716,0.9801563245644216,0.006434290138188281,0.03821550403440432,0.01910775201720216,0.9700000286102295,0.9900000095367432,4261,0.9801563245644216,0.9929310248878929,0.02579345482899953,0.02579345482899953
65,270,40,500,0,0.5,65_270_40_500_0,valid,,1.0492869999999999,True,True,8647.282134879966,0.0010470000000000201,0.34411011398385927,8647.282134879966,0.0010470000000000201,0.34411011398385927,100.0435959208378,0.012434000000000056,0.08785358651075859,1.390100014,0.5,0.0,0.0,20.03400747622652,20.169627903682095,40.06801495245304,0.5242390121430442,0.005265176027926323,0.03128593775996362,0.01564296887998181,0.5099999904632568,0.5289999842643738,4336,1.0484780242860885,1.001700373811326,-0.00026775791980071517,0.00026775791980071517
65,270,40,500,1,0.5,65_270_40_500_1,valid,,1.1999620000000002,True,True,8624.611505711191,0.0011060000000000514,0.34533502474435135,8624.611505711191,0.0011060000000000514,0.34533502474435135,99.96013084436437,0.012062000000000017,0.09160236984908256,0.279732,0.5,0.0,0.0,19.702681371044537,19.76794839660291,39.405362742089075,0.5007281308255997,0.002598293057530574,-0.007306657666001414,-0.003653328833000707,0.5,0.5099999904632568,4292,1.0014562616511995,0.9851340685522268,-0.00026775791980071517,0.00026775791980071517
65,270,40,1000,0,1.0,65_270_40_1000_0,valid,,1.318888,True,True,8611.006699537886,0.0010339999999999794,0.35816989325064813,8611.006699537886,0.0010339999999999794,0.35816989325064813,100.06967951485038,0.012208999999999914,0.09821737725333926,1.100662473,0.5,0.0,0.0,19.713603697371777,19.681992877566852,39.427207394743554,1.0205893343450323,0.009064906334446373,0.05935221520800335,0.029676107604001675,1.0089999437332153,1.0390000343322754,4324,1.0205893343450323,0.9856801848685889,-0.00026775791980071517,0.00026775791980071517
65,270,40,1000,1,1.0,65_270_40_1000_1,valid,,1.8902880000000002,True,True,8635.211601926509,0.0009130000000001637,0.3291703958575264,8635.211601926509,0.0009130000000001637,0.3291703958575264,100.01682275294579,0.012136999999999953,0.0860214511294238,0.289591231,0.5,0.0,0.0,19.858703722235404,19.71055732396215,39.71740744447081,1.0025173071040374,0.004039651871080373,-0.01997865450066236,-0.00998932725033118,1.0,1.0089999437332153,4247,1.0025173071040374,0.9929351861117702,-0.00026775791980071517,0.00026775791980071517
65,315,40,500,0,0.5,65_315_40_500_0,valid,,2.1304209999999997,True,True,8681.122833545429,0.0012639999999999318,0.32586679983635075,8681.122833545429,0.0012639999999999318,0.32586679983635075,100.00685870793437,0.012336000000000014,0.09432938379735806,0.290484,0.5,-44.98460416436763,0.08358755969666157,19.87229953159865,19.923306801688486,39.7445990631973,0.49613116852960865,0.0048703614713459156,0.028464528690409996,0.014232264345204998,0.49000000953674316,0.5,4316,0.9922623370592173,0.9936149765799325,0.015128077712688537,0.015128077712688537
65,315,40,500,1,0.5,65_315_40_500_1,valid,,2.1115139999999997,True,True,8598.520113957584,0.0013720000000001509,0.36746113131369185,8598.520113957584,0.0013720000000001509,0.36746113131369185,100.01049918650463,0.012402000000000024,0.09505742780573945,0.308931685,0.5,-44.97914542579074,0.07073390027738924,20.20784704381422,20.330777030493145,40.41569408762844,0.49757377971382616,0.004378139711673626,0.02118148338254608,0.01059074169127304,0.49000000953674316,0.5099999904632568,4250,0.9951475594276523,1.010392352190711,0.02058681628955128,0.02058681628955128
65,315,40,1000,0,1.0,65_315_40_1000_0,valid,,2.1010280000000003,True,True,8577.99696259811,0.0013020000000000254,0.36290746002766044,8577.99696259811,0.0013020000000000254,0.36290746002766044,100.0198885701503,0.011902999999999997,0.08878920466416591,0.310073469,0.5,-45.02921973176395,0.14142853440316117,20.320326869420974,20.363220547889703,40.64065373884195,0.9998394035016601,0.004979430196181264,0.02512919411557758,0.01256459705778879,0.9900000095367432,1.0089999437332153,4233,0.9998394035016601,1.0160163434710487,-0.02948748968367454,0.02948748968367454
65,315,40,1000,1,1.0,65_315_40_1000_1,valid,,2.130928,True,True,8608.927581137823,0.0011139999999999484,0.347906441515515,8608.927581137823,0.0011139999999999484,0.347906441515515,99.960283979124,0.012154999999999916,0.08807625914793499,0.280042,0.5,-44.981616074736586,0.12926040840332859,19.79210973322092,19.952504051849118,39.58421946644184,0.9991500087729435,0.004760097006598591,0.023166314998265818,0.011583157499132909,0.9900000095367432,1.0089999437332153,4304,0.9991500087729435,0.989605486661046,0.018116167343691814,0.018116167343691814
65,0,60,500,0,0.5,65_0_60_500_0,valid,,1.369996,True,True,8653.441085873517,0.0010809999999999986,0.3456124233778461,8653.441085873517,0.0010809999999999986,0.3456124233778461,99.98812295777022,0.012225000000000152,0.09557516449882857,0.319814766,0.5,-90.0,0.0,29.737268614454237,30.107513310674808,59.474537228908474,0.522109953260347,0.0064066189140257685,0.03665815300467977,0.018329076502339885,0.5,0.5289999842643738,4352,1.044219906520694,0.9912422871484746,-0.00026775791974387175,0.00026775791974387175
65,0,60,500,1,0.5,65_0_60_500_1,valid,,1.350974,True,True,8577.526597762508,0.002291,0.38283368232459863,8577.526597762508,0.002291,0.38283368232459863,100.06632668564609,0.012053000000000091,0.08877103779989776,0.319581042,0.5,-90.0,0.0,29.58905872763196,29.79600211275519,59.17811745526392,0.5229528647376755,0.0056530034302484595,0.034374086507705334,0.017187043253852667,0.5021399979591366,0.5289999842643738,4297,1.045905729475351,0.9863019575877321,-0.00026775791974387175,0.00026775791974387175
65,0,60,1000,0,1.0,65_0_60_1000_0,valid,,1.239061,True,True,8581.681751560782,0.001356999999999997,0.36391069560764144,8581.681751560782,0.001356999999999997,0.36391069560764144,100.08537669702774,0.012046999999999919,0.09522862825281823,0.300141652,0.5,-90.0,0.0,29.918566377362634,30.007267635240467,59.83713275472527,1.0322420096114597,0.010910016407403595,0.06555503991393197,0.032777519956965984,1.0,1.0490000247955322,4279,1.0322420096114597,0.9972855459120878,-0.00026775791974387175,0.00026775791974387175
65,0,60,1000,1,1.0,65_0_60_1000_1,valid,,1.3607019999999999,True,True,8667.944462831105,0.0013049999999998896,0.3643838659759864,8667.944462831105,0.0013049999999998896,0.3643838659759864,100.03478987692387,0.012139999999999929,0.08465609376878379,0.299344,0.5,-90.0,0.0,29.315800390813482,29.306815630126763,58.631600781626965,1.029835969610653,0.010449526416932971,0.06178004244497186,0.03089002122248593,1.0,1.0390000343322754,4342,1.029835969610653,0.9771933463604494,-0.00026775791974387175,0.00026775791974387175
65,45,60,500,0,0.5,65_45_60_500_0,valid,,1.371283,True,True,8613.053363913496,0.00134999999999999,0.3825040660052279,8613.053363913496,0.00134999999999999,0.3825040660052279,100.04279317383404,0.012131000000000003,0.09143753480168605,0.28999,0.5,-134.99812105047428,0.07342754517171812,29.373434269523106,29.237081173441272,58.74686853904621,0.5327786169007854,0.00608133827597205,0.02514266504620354,0.01257133252310177,0.5189999938011169,0.5389999747276306,4311,1.0655572338015709,0.9791144756507701,0.001611191605974227,0.001611191605974227
65,45,60,500,1,0.5,65_45_60_500_1,valid,,1.37916,True,True,8624.17419307813,0.0023020000000000262,0.39128159575401694,8624.17419307813,0.0023020000000000262,0.39128159575401694,99.97343247457444,0.01217400000000013,0.0862186086879788,0.290003846,0.5,-134.99022335241685,0.1161427604280334,29.4042151405287,29.44311347338552,58.8084302810574,0.5339091865025893,0.005880149000472098,0.032322639352432486,0.016161319676216243,0.5189999938011169,0.5389999747276306,4287,1.0678183730051787,0.9801405046842899,0.009508889663408127,0.009508889663408127
65,45,60,1000,0,1.0,65_45_60_1000_0,valid,,1.359315,True,True,8638.068403017349,0.0010469999999999646,0.33819447622919513,8638.068403017349,0.0010469999999999646,0.33819447622919513,100.02547610192431,0.012584999999999957,0.08539274614395659,0.310451799,0.5,-135.00491744166226,0.10059317873160295,30.089798872085698,29.979235993587448,60.179597744171396,1.045921689691264,0.0061661027555839605,0.030066587218571986,0.015033293609285993,1.0290000438690186,1.0490000247955322,4302,1.045921689691264,1.00299329573619,-0.005185199582001587,0.005185199582001587
65,45,60,1000,1,1.0,65_45_60_1000_1,valid,,1.341734,True,True,8630.59241115656,0.0009299999999998754,0.33707823614249505,8630.59241115656,0.0009299999999998754,0.33707823614249505,100.04001600640257,0.012050999999999923,0.09060440086963095,0.308986,0.5,-134.9957985702187,0.08719259847614037,30.072411264531794,30.074253827021064,60.14482252906359,1.0458151510728673,0.0060932359554162745,0.02998455572219339,0.014992277861096696,1.0290000438690186,1.0490000247955322,4307,1.0458151510728673,1.0024137088177265,0.003933671861545918,0.003933671861545918
65,90,60,500,0,0.5,65_90_60_500_0,valid,,0.899606,True,False,8688.940260695912,0.0012890000000000956,0.34540988893615837,8688.940260695912,0.0012890000000000956,0.34540988893615837,99.94730555945782,0.012227999999999906,0.09691281727015523,0.709807,0.5,180.0,0.0,29.861369425767045,29.732090412582494,59.72273885153409,0.5252969237105896,0.005598286778083432,-0.03128257857276009,-0.015641289286380044,0.5099999904632568,0.5289999842643738,4346,1.0505938474211791,0.9953789808589015,-0.00026775791980071517,0.00026775791980071517
65,90,60,500,1,0.5,65_90_60_500_1,valid,,1.321674,True,True,8616.595013944878,0.0008890000000000009,0.3432357735506526,8616.595013944878,0.0008890000000000009,0.3432357735506526,99.99922222827156,0.01217199999999996,0.09384501140278294,0.368987,0.5,180.0,0.0,30.01749108517484,30.48521832666945,60.03498217034968,0.522516242262761,0.009632232911245165,0.05750458001665113,0.028752290008325566,0.5,0.5389999747276306,4281,1.045032484525522,1.0005830361724946,-0.00026775791980071517,0.00026775791980071517
65,90,60,1000,0,1.0,65_90_60_1000_0,valid,,1.371443,True,True,8674.500366767468,0.0014119999999999688,0.3644545864065442,8674.500366767468,0.0014119999999999688,0.3644545864065442,99.98245307948454,0.012404000000000082,0.08417685688852787,0.318616607,0.5,180.0,0.0,29.742356161453266,29.732578473232323,59.48471232290653,1.032236853597597,0.01345423083346557,0.08901207138088045,0.044506035690440225,1.0089999437332153,1.0490000247955322,4325,1.032236853597597,0.9914118720484422,-0.00026775791980071517,0.00026775791980071517
65,90,60,1000,1,1.0,65_90_60_1000_1,valid,,1.3504289999999999,True,True,8660.520598332925,0.0013009999999999966,0.33819043475028465,8660.520598332925,0.0013009999999999966,0.33819043475028465,99.99726264476558,0.012133000000000005,0.09035680990157448,0.320324,0.5,180.0,0.0,29.7927978613962,29.75829635078307,59.5855957227924,1.0325996420562924,0.013275597584243954,0.08813185966168866,0.04406592983084433,1.0089999437332153,1.0490000247955322,4314,1.0325996420562924,0.9930932620465399,-0.00026775791980071517,0.00026775791980071517
65,135,60,500,0,0.5,65_135_60_500_0,valid,,1.349891,True,True,8626.129585894943,0.0012329999999999841,0.35363637460689956,8626.129585894943,0.0012329999999999841,0.35363637460689956,100.0569768896177,0.012301000000000006,0.09063582463366444,0.319256,0.5,135.00870214608068,0.08986172653004587,30.114568814080616,30.422404000765006,60.22913762816123,0.5164494354431832,0.004055821223572987,0.021932902988750176,0.010966451494375088,0.5099999904632568,0.5189999938011169,4298,1.0328988708863664,1.003818960469354,0.008434388160935669,0.008434388160935669
65,135,60,500,1,0.5,65_135_60_500_1,valid,,1.381006,True,True,8568.968868893888,0.0010769999999999946,0.3464016535677693,8568.968868893888,0.0010769999999999946,0.3464016535677693,100.02406134364544,0.01192099999999996,0.08378529341560374,0.309639046,0.5,134.99272387306817,0.09137943415926912,29.788647630781636,29.910276236440968,59.57729526156327,0.5163794906572426,0.0040887039896141805,0.02228998838755026,0.01114499419377513,0.5099999904632568,0.5189999938011169,4214,1.0327589813144853,0.9929549210260545,-0.0075438848515432255,0.0075438848515432255
65,135,60,1000,0,1.0,65_135_60_1000_0,valid,,1.351162,True,True,8667.751200105306,0.0009919999999999929,0.33719804594255204,8667.751200105306,0.0009919999999999929,0.33719804594255204,100.06270596240311,0.012378,0.09405301984786135,0.329379715,0.5,134.99528809938633,0.041950377856495885,29.548281436615742,28.824036551905518,59.096562873231484,1.0240621159005627,0.006626999035198449,0.03826942140545081,0.019134710702725405,1.0089999437332153,1.0290000438690186,4308,1.0240621159005627,0.9849427145538581,-0.0049796585334433985,0.0049796585334433985
65,135,60,1000,1,1.0,65_135_60_1000_1,valid,,1.360041,True,True,8603.439152262752,0.0013099999999999223,0.34564314489718007,8603.439152262752,0.0013099999999999223,0.34564314489718007,100.05254155813667,0.012311999999999879,0.09364936691391276,0.320379,0.5,135.00529068629712,0.0829859855883967,29.70669123626483,29.443882654599445,59.41338247252966,1.024016843682836,0.006660211218595873,0.03880032538566837,0.019400162692834184,1.0089999437332153,1.0290000438690186,4316,1.024016843682836,0.9902230412088276,0.005022928377343305,0.005022928377343305
65,180,60,500,0,0.5,65_180_60_500_0,valid,,0.9100840000000001,True,False,8629.913507087285,0.0009010000000000407,0.31785510532836914,8629.913507087285,0.0009010000000000407,0.31785510532836914,99.98931693087529,0.011893000000000042,0.08716999185381923,0.299955,0.5,90.0,0.0,29.760199136862383,29.810059283169632,59.520398273724766,0.5003607741359386,0.007899729283016,0.051238344927581794,0.025619172463790897,0.49000000953674316,0.5099999904632568,4259,1.0007215482718772,0.9920066378954128,-0.00026775791980071517,0.00026775791980071517
65,180,60,500,1,0.5,65_180_60_500_1,valid,,1.360756,True,True,8648.992478512797,0.0010970000000000146,0.3438027844654935,8648.992478512797,0.0010970000000000146,0.3438027844654935,100.01657733325966,0.012185000000000112,0.09440976619645419,0.309763,0.5,90.0,0.0,29.433379215009868,29.42143471717172,58.866758430019736,0.5014822595064059,0.0077673925798802885,0.049993526689734356,0.024996763344867178,0.49000000953674316,0.5099999904632568,4303,1.0029645190128118,0.981112640500329,-0.00026775791980071517,0.00026775791980071517
65,180,60,1000,0,1.0,65_180_60_1000_0,valid,,1.360548,True,True,8611.21146983217,0.001365,0.35760369644485984,8611.21146983217,0.001365,0.35760369644485984,100.02985265915297,0.012130999999999892,0.08529288956640951,0.300292,0.5,90.0,0.0,29.923935053544206,30.159998893737793,59.84787010708841,1.0020045758673024,0.008395637106133077,0.054785726407601126,0.027392863203800563,0.9900000095367432,1.0190000534057617,4275,1.0020045758673024,0.9974645017848068,-0.00026775791980071517,0.00026775791980071517
65,180,60,1000,1,1.0,65_180_60_1000_1,valid,,1.360284,True,True,8643.775408432786,0.0013190000000000701,0.35618260569416926,8643.775408432786,0.0013190000000000701,0.35618260569416926,99.99874347128623,0.012439000000000033,0.09452259276938829,0.309563,0.5,90.0,0.0,29.741579474510495,29.9360457785512,59.48315894902099,1.0019805799376726,0.008119864977150289,0.05247857687831491,0.026239288439157456,0.9900000095367432,1.0190000534057617,4368,1.0019805799376726,0.9913859824836831,-0.00026775791980071517,0.00026775791980071517
65,225,60,500,0,0.5,65_225_60_500_0,valid,,1.3710879999999999,True,True,8680.88078695453,0.0010909999999999531,0.3325682701838878,8680.88078695453,0.0010909999999999531,0.3325682701838878,100.02734080648712,0.012351,0.0914130790716478,0.290072223,0.5,45.00519490487369,0.06581132311309545,29.90988282854914,29.990811222889086,59.81976565709828,0.48705594790809437,0.007178081459951519,0.04489459740135327,0.022447298700676636,0.47999998927116394,0.5,4350,0.9741118958161887,0.9969960942849714,0.004927146953946249,0.004927146953946249
65,225,60,500,1,0.5,65_225_60_500_1,valid,,1.34966,True,True,8587.14674744748,0.0015140000000000153,0.39054260015210635,8587.14674744748,0.0015140000000000153,0.39054260015210635,99.92759173457557,0.012307999999999986,0.08961224109704391,0.300703,0.5,45.00472690621172,0.08959223419930425,29.884185284813174,30.308303829771734,59.76837056962635,0.48722686878568766,0.007560426085708477,0.047972837491049816,0.023986418745524908,0.47999998927116394,0.5,4291,0.9744537375713753,0.9961395094937725,0.00445914829197136,0.00445914829197136
65,225,60,1000,0,1.0,65_225_60_1000_0,valid,,1.370034,True,True,8620.090299235799,0.0011820000000000164,0.35574017759660836,8620.090299235799,0.0011820000000000164,0.35574017759660836,99.99005334547873,0.012402000000000024,0.09752503313894653,0.309087,0.5,44.99914122877378,0.09799723901360835,29.921156283741738,29.824365821429094,59.842312567483475,0.9874119411049198,0.008864448552496832,0.05718438654537271,0.028592193272686355,0.9700000286102295,1.0,4274,0.9874119411049198,0.9973718761247246,-0.001126529145949462,0.001126529145949462
65,225,60,1000,1,1.0,65_225_60_1000_1,valid,,1.369611,True,True,8651.670646700093,0.0010769999999999946,0.3275576036661969,8651.670646700093,0.0010769999999999946,0.3275576036661969,100.0190088482785,0.012361000000000066,0.09436640780313119,0.320131095,0.5,45.00464559016064,0.10442105419780887,29.47441727923315,29.650783384786898,58.9488345584663,0.9851965398176933,0.009437372927509173,0.06112755418797018,0.03056377709398509,0.9700000286102295,1.0,4257,0.9851965398176933,0.9824805759744384,0.004377832240834323,0.004377832240834323
65,270,60,500,0,0.5,65_270_60_500_0,valid,,1.390503,True,True,8630.996077773349,0.0012130000000001306,0.3380268016434399,8630.996077773349,0.0012130000000001306,0.3380268016434399,100.03864650870389,0.012206999999999857,0.09133852072437579,0.290482725,0.5,0.0,0.0,29.685395858890768,29.87007463449303,59.370791717781536,0.5000396854621529,0.0006287124200723467,-0.0004743369928044795,-0.00023716849640223974,0.5,0.5099999904632568,4319,1.0000793709243059,0.989513195296359,-0.00026775791980071517,0.00026775791980071517
65,270,60,500,1,0.5,65_270_60_500_1,valid,,1.271588,True,True,8614.630416223661,0.0008779999999999344,0.3349505904042837,8614.630416223661,0.0008779999999999344,0.3349505904042837,99.98989575790235,0.012045000000000028,0.0889697915757769,0.389464,0.5,0.0,0.0,29.760485783615774,29.809780241706047,59.52097156723155,0.5006506756794668,0.002466449218915915,0.007300053232462159,0.0036500266162310794,0.5,0.5099999904632568,4316,1.0013013513589335,0.9920161927871924,-0.00026775791980071517,0.00026775791980071517
65,270,60,1000,0,1.0,65_270_60_1000_0,valid,,1.2597429999999998,True,True,8536.149448850707,0.0013499999999999988,0.3709815161269627,8536.149448850707,0.0013499999999999988,0.3709815161269627,100.03209821173388,0.012159000000000031,0.09113637912125387,0.40067687,0.5,0.0,0.0,30.17712176726878,29.91004827230124,60.35424353453756,1.0026733612864018,0.004112571043585787,0.012790836488671976,0.006395418244335988,1.0,1.0089999437332153,4281,1.0026733612864018,1.0059040589089594,-0.00026775791980071517,0.00026775791980071517
65,270,60,1000,1,1.0,65_270_60_1000_1,valid,,1.381147,True,True,8597.927877413362,0.0013789999999999636,0.35719700492603274,8597.927877413362,0.0013789999999999636,0.35719700492603274,99.9825684841334,0.012053000000000091,0.08846355183367856,0.299135343,0.5,0.0,0.0,29.681419944240908,29.878947221027328,59.362839888481815,1.0013248305432865,0.0031887653374306477,-0.01320434451911495,-0.006602172259557475,1.0,1.0089999437332153,4266,1.0013248305432865,0.9893806648080302,-0.00026775791980071517,0.00026775791980071517
65,315,60,500,0,0.5,65_315_60_500_0,valid,,1.3612790000000001,True,True,8716.222344671676,0.0010980000000000434,0.31685395746474726,8716.222344671676,0.0010980000000000434,0.31685395746474726,99.99731586152161,0.012637999999999927,0.0931590662898271,0.310064424,0.5,-44.99859028920793,0.07229503344588295,29.56161318533541,29.31664991115537,59.12322637067082,0.5008065961907692,0.006912634100129137,0.04313081774976197,0.021565408874880985,0.49000000953674316,0.5099999904632568,4326,1.0016131923815383,0.985387106177847,0.0011419528723308758,0.0011419528723308758
65,315,60,500,1,0.5,65_315_60_500_1,valid,,1.350406,True,True,8605.148629384501,0.0012570000000000636,0.3608073636756748,8605.148629384501,0.0012570000000000636,0.3608073636756748,99.99615804234891,0.01272899999999988,0.09618584729738545,0.308696988,0.5,-44.997626780820774,0.10815771438923605,29.438308337827603,29.336377015221696,58.87661667565521,0.5018166651904621,0.007661940327109565,0.047888649638679004,0.023944324819339502,0.49000000953674316,0.5189999938011169,4351,1.0036333303809242,0.9812769445942534,0.0021054612594753053,0.0021054612594753053
65,315,60,1000,0,1.0,65_315_60_1000_0,valid,,1.3696920000000001,True,True,8704.011204199898,0.0011070000000000003,0.327431810225332,8704.011204199898,0.0011070000000000003,0.327431810225332,100.01695024104086,0.012266999999999917,0.09448368179158581,0.310169,0.5,-44.99678001209221,0.12488476879517234,29.912739434061127,30.100198823458516,59.825478868122254,1.004043042343292,0.008222007716274748,0.05262993200685484,0.02631496600342742,0.9900000095367432,1.0190000534057617,4342,1.004043042343292,0.9970913144687042,0.0029522299880682112,0.0029522299880682112
65,315,60,1000,1,1.0,65_315_60_1000_1,valid,,1.169639,True,True,8621.560231882662,0.0011759999999999965,0.3569981314909562,8621.560231882662,0.0011759999999999965,0.3569981314909562,100.11494873433213,0.01246400000000003,0.09090181832290709,0.500762387,0.5,-45.01341812220782,0.08143119962039265,29.73194056707771,29.714930362639002,59.46388113415542,1.0165193729178883,0.01033545467572145,0.0685305652239687,0.03426528261198435,1.0,1.0290000438690186,4352,1.0165193729178883,0.991064685569257,-0.013685880127582095,0.013685880127582095
74,0,20,500,0,0.5,74_0_20_500_0,valid,,4.410057999999999,True,True,8656.926079303903,0.0013000000000000234,0.34824695167993885,8656.926079303903,0.0013000000000000234,0.34824695167993885,100.01784749614002,0.012436999999999365,0.09374244771382213,0.280724,0.5,-90.0,0.0,9.767720664873437,9.853610114136757,19.535441329746874,0.525661053848629,0.00471601696283425,0.02457233756672312,0.01228616878336156,0.5189999938011169,0.5289999842643738,4295,1.051322107697258,0.9767720664873437,-0.00026775791974387175,0.00026775791974387175
74,0,20,500,1,0.5,74_0_20_500_1,valid,,4.299068,True,True,8654.711047442213,0.0013060000000000294,0.3338584781458664,8654.711047442213,0.0013060000000000294,0.3338584781458664,100.01036767355315,0.012356000000000478,0.0906495105163827,0.4002,0.5,-90.0,0.0,9.951913975344167,9.892018611584465,19.903827950688335,0.5249545703023849,0.004908026784356455,0.01585507270986659,0.007927536354933295,0.5189999938011169,0.5289999842643738,4364,1.0499091406047698,0.9951913975344168,-0.00026775791974387175,0.00026775791974387175
74,0,20,1000,0,1.0,74_0_20_1000_0,valid,,3.1390219999999998,True,True,8638.749799656518,0.00131099999999984,0.35129648528780316,8638.749799656518,0.00131099999999984,0.35129648528780316,100.02224527328684,0.012341999999999853,0.09130355234610589,0.300525111,0.5,-90.0,0.0,9.937780023386603,9.944780255021257,19.875560046773206,1.0266686183124412,0.004228319785175193,0.016717463768118366,0.008358731884059183,1.0190000534057617,1.0290000438690186,4311,1.0266686183124412,0.9937780023386603,-0.00026775791974387175,0.00026775791974387175
74,0,20,1000,1,1.0,74_0_20_1000_1,valid,,3.1485239999999997,True,True,8714.11120073316,0.0013379999999998393,0.3244672789955619,8714.11120073316,0.0013379999999998393,0.3244672789955619,99.984503420142,0.01214599999999999,0.09411151377089311,1.55092,0.5,-90.0,0.0,9.886451270334403,10.043273200738787,19.772902540668806,1.0290000438690186,0.0,0.0,0.0,1.0290000438690186,1.0290000438690186,4338,1.0290000438690186,0.9886451270334403,-0.00026775791974387175,0.00026775791974387175
74,45,20,500,0,0.5,74_45_20_500_0,valid,,3.5087509999999993,True,True,8633.799632318836,0.001346999999999987,0.35029757697728897,8633.799632318836,0.001346999999999987,0.35029757697728897,100.01853404671722,0.012348000000000248,0.08775076021789484,1.160550468,0.5,-135.01398976731483,0.2953342394177482,10.004940127382767,10.180871964683933,20.009880254765534,0.5389999747276306,0.0,0.0,0.0,0.5389999747276306,0.5389999747276306,4339,1.0779999494552612,1.0004940127382767,-0.014257525234569357,0.014257525234569357
74,45,20,500,1,0.5,74_45_20_500_1,valid,,3.110034,True,True,8683.065069828896,0.0013400000000001189,0.3443952063630919,8683.065069828896,0.0013400000000001189,0.3443952063630919,99.98271727315708,0.012344999999999828,0.09309091140943217,0.299839,0.5,-134.96035269480225,0.1484417514810772,9.943829933368715,9.812019482418545,19.88765986673743,0.5311199800425863,0.004087243015118039,0.01622104341350446,0.00811052170675223,0.5289999842643738,0.5389999747276306,4320,1.0622399600851726,0.9943829933368715,0.03937954727800275,0.03937954727800275
74,45,20,1000,0,1.0,74_45_20_1000_0,valid,,3.300733,True,True,8634.792786134847,0.0016350000000002751,0.36124080805671077,8634.792786134847,0.0016350000000002751,0.36124080805671077,100.00833063283685,0.01258400000000004,0.092918082267528,1.369899,0.5,-134.9665814555341,0.2050579838987403,9.98663433097604,10.185231706074273,19.97326866195208,1.0390000343322754,0.0,0.0,0.0,1.0390000343322754,1.0390000343322754,4242,1.0390000343322754,0.998663433097604,0.03315078654614467,0.03315078654614467
74,45,20,1000,1,1.0,74_45_20_1000_1,valid,,4.36891,True,True,8679.928404555036,0.001358999999999999,0.3582915551372063,8679.928404555036,0.001358999999999999,0.3582915551372063,100.01389989098485,0.012560000000000127,0.08773141592831915,0.300566336,0.5,-135.01902754197684,0.1942264010283068,9.985966000718435,9.986098898904181,19.97193200143687,1.0323219574209919,0.004709988767790526,0.02319039724232376,0.01159519862116188,1.0290000438690186,1.0390000343322754,4360,1.0323219574209919,0.9985966000718435,-0.01929529989658363,0.01929529989658363
74,90,20,500,0,0.5,74_90_20_500_0,valid,,4.409985,True,True,8664.407338181118,0.0014660000000000784,0.3550458916861877,8664.407338181118,0.0014660000000000784,0.3550458916861877,100.02249509899737,0.012414000000000591,0.08781023255749129,0.270729,0.5,180.0,0.0,9.947545588294554,9.95369692997771,19.89509117658911,0.5273727158162593,0.0036911605708874373,0.0063422224529462255,0.0031711112264731127,0.5189999938011169,0.5289999842643738,4322,1.0547454316325187,0.9947545588294554,-0.00026775791980071517,0.00026775791980071517
74,90,20,500,1,0.5,74_90_20_500_1,valid,,2.919121,True,True,8653.093769133146,0.0013259999999997163,0.32070643694444817,8653.093769133146,0.0013259999999997163,0.32070643694444817,100.016927508505,0.012388999999999983,0.0881535131508029,0.300345724,0.5,180.0,0.0,9.893513606246481,9.981272661875302,19.787027212492962,0.5287680144855976,0.0015052858855579621,0.0018732206646248253,0.0009366103323124127,0.5189999938011169,0.5289999842643738,4292,1.0575360289711953,0.9893513606246481,-0.00026775791980071517,0.00026775791980071517
74,90,20,1000,0,1.0,74_90_20_1000_0,valid,,2.47203,True,True,8661.858322599339,0.0011510000000001241,0.34535994207674553,8661.858322599339,0.0011510000000001241,0.34535994207674553,100.00285433248195,0.012706000000000106,0.09960891707399185,0.279087831,0.5,180.0,0.0,9.912208108694593,9.936040749315993,19.824416217389185,1.0190000534057617,0.0,0.0,0.0,1.0190000534057617,1.0190000534057617,4375,1.0190000534057617,0.9912208108694592,-0.00026775791980071517,0.00026775791980071517
74,90,20,1000,1,1.0,74_90_20_1000_1,valid,,3.2503059999999997,True,True,8657.631147191898,0.0013479999999999603,0.341190391667528,8657.631147191898,0.0013479999999999603,0.341190391667528,100.01288198378494,0.012606999999999813,0.09650978584352496,0.280378858,0.5,180.0,0.0,9.885546086212111,9.90733652052684,19.771092172424222,1.0190000534057617,0.0,0.0,0.0,1.0190000534057617,1.0190000534057617,4322,1.0190000534057617,0.9885546086212111,-0.00026775791980071517,0.00026775791980071517
74,135,20,500,0,0.5,74_135_20_500_0,valid,,4.389111,True,True,8659.959309532614,0.001391000000000031,0.33716769587937484,8659.959309532614,0.001391000000000031,0.33716769587937484,99.98857564339389,0.012561999999999962,0.09177742396515419,0.299852,0.5,135.0103138100936,0.23950497294084983,9.821233742470957,9.794729837789985,19.642467484941914,0.5289999842643738,0.0,0.0,0.0,0.5289999842643738,0.5289999842643738,4333,1.0579999685287476,0.9821233742470957,0.010046052173834141,0.010046052173834141
74,135,20,500,1,0.5,74_135_20_500_1,valid,,2.6911380000000005,True,True,8650.369222346631,0.0013009999999997746,0.340614140056993,8650.369222346631,0.0013009999999997746,0.340614140056993,99.98527163064603,0.0123120000000001,0.09107946944937655,1.989409305,0.5,134.97480889782707,0.27634587743987993,9.96006736004925,10.130542464884307,19.9201347200985,0.5251267818581506,0.004871374574483198,-0.028476372044647733,-0.014238186022323867,0.5189999938011169,0.5289999842643738,4343,1.0502535637163013,0.996006736004925,-0.025458860092612667,0.025458860092612667
74,135,20,1000,0,1.0,74_135_20_1000_0,valid,,4.390409,True,True,8645.704458888675,0.0012499999999997513,0.3427658452770978,8645.704458888675,0.0012499999999997513,0.3427658452770978,100.01389194996128,0.012512000000000079,0.09073634487055467,0.300028597,0.5,135.0308999662006,0.17626038244479503,9.95092509733388,9.974288848306404,19.90185019466776,1.0254872172191143,0.0047737073565353215,0.019078770560391905,0.009539385280195952,1.0190000534057617,1.0290000438690186,4345,1.0254872172191143,0.9950925097333879,0.030632208280849227,0.030632208280849227
74,135,20,1000,1,1.0,74_135_20_1000_1,valid,,3.9810289999999995,True,True,8653.122725171977,0.001432000000000322,0.34058713527966816,8653.122725171977,0.001432000000000322,0.34058713527966816,100.02263241234421,0.012245999999999757,0.0893505961003326,0.709599615,0.5,134.99912992964744,0.21214754421988857,9.943411877287996,9.987166905641294,19.886823754575992,1.0287641340940001,0.0015177094841986787,0.0026470701112491168,0.0013235350556245584,1.0190000534057617,1.0290000438690186,4332,1.0287641340940001,0.9943411877287996,-0.001137828272248953,0.001137828272248953
74,180,20,500,0,0.5,74_180_20_500_0,valid,,4.121795,True,True,8575.21170606793,0.001174999999999926,0.35543945896968737,8575.21170606793,0.001174999999999926,0.35543945896968737,99.99902241281552,0.01212000000000013,0.08815064470577542,0.579049,0.5,90.0,0.0,9.878730501717111,9.98667854507482,19.757461003434223,0.5189999938011169,0.0,0.0,0.0,0.5189999938011169,0.5189999938011169,4328,1.0379999876022339,0.9878730501717111,-0.00026775791980071517,0.00026775791980071517
74,180,20,500,1,0.5,74_180_20_500_1,valid,,4.407853,True,True,8683.029839619136,0.0013619999999994192,0.33420946809799884,8683.029839619136,0.0013619999999994192,0.33420946809799884,100.01628123663373,0.012455000000000105,0.0960077243106649,0.301095384,0.5,90.0,0.0,9.856259704421259,9.74805133620682,19.712519408842518,0.5185768946442008,0.0019049621854272916,-0.0005803396628301145,-0.00029016983141505725,0.5099999904632568,0.5189999938011169,4369,1.0371537892884015,0.9856259704421259,-0.00026775791980071517,0.00026775791980071517
74,180,20,1000,0,1.0,74_180_20_1000_0,valid,,3.7297839999999995,True,True,8622.95418053201,0.0013049999999998896,0.3472656155744463,8622.95418053201,0.0013049999999998896,0.3472656155744463,100.00616364518793,0.012572000000000028,0.0912240954795949,0.300073835,0.5,90.0,0.0,9.987542103069835,10.045272781258262,19.97508420613967,1.0089999437332153,0.0,0.0,0.0,1.0089999437332153,1.0089999437332153,4310,1.0089999437332153,0.9987542103069835,-0.00026775791980071517,0.00026775791980071517
74,180,20,1000,1,1.0,74_180_20_1000_1,valid,,2.4892000000000003,True,True,8660.632374537752,0.0012050000000001226,0.3501252934094898,8660.632374537752,0.0012050000000001226,0.3501252934094898,99.97554598145292,0.012454999999999883,0.09093900274300663,2.220675,0.5,90.0,0.0,10.081415261163547,10.137116958726782,20.162830522327095,1.0089999437332153,0.0,0.0,0.0,1.0089999437332153,1.0089999437332153,4335,1.0089999437332153,1.0081415261163547,-0.00026775791980071517,0.00026775791980071517
74,225,20,500,0,0.5,74_225_20_500_0,valid,,2.5290019999999998,True,True,8676.856120453867,0.0013159999999999838,0.3343198224432977,8676.856120453867,0.0013159999999999838,0.3343198224432977,99.99952191463626,0.012537999999999938,0.09759808863649287,1.290499,0.5,45.03580057934259,0.3362693489625883,10.015674644519164,10.269871846538686,20.031349289038328,0.5,0.0,0.0,0.0,0.5,0.5,4310,1.0,1.0015674644519164,0.03553282142286207,0.03553282142286207
74,225,20,500,1,0.5,74_225_20_500_1,valid,,4.389190999999999,True,True,8653.082377798708,0.0013019999999999143,0.3470212076646198,8653.082377798708,0.0013019999999999143,0.3470212076646198,100.01942493023097,0.012196999999999902,0.09262339261447002,0.28967028,0.5,45.042678114681884,0.21733691560725105,9.979562836304028,10.006859232750006,19.959125672608057,0.49140930259273524,0.0034794841862246947,-0.0105740565932887,-0.00528702829664435,0.49000000953674316,0.5,4230,0.9828186051854705,0.9979562836304028,0.04241035676216143,0.04241035676216143
74,225,20,1000,0,1.0,74_225_20_1000_0,valid,,4.389303,True,True,8659.102791614849,0.0013369999999999216,0.33709220959381503,8659.102791614849,0.0013369999999999216,0.33709220959381503,99.98469296217525,0.01242399999999999,0.09268638279528753,0.300654,0.5,45.014565786664924,0.24607953568420268,9.963673042533452,10.00031816824926,19.927346085066905,0.9832365778268605,0.004678701112859093,-0.007722629803262028,-0.003861314901631014,0.9800000190734863,0.9900000095367432,4280,0.9832365778268605,0.9963673042533452,0.014298028745201918,0.014298028745201918
74,225,20,1000,1,1.0,74_225_20_1000_1,valid,,4.081064,True,True,8643.358252647326,0.0013659999999999783,0.35419331915544017,8643.358252647326,0.0013659999999999783,0.35419331915544017,99.9747673246613,0.012521000000000004,0.08963594837184309,0.579308,0.5,45.058837921488674,0.2256449373645637,9.962582212938475,10.005803600804912,19.92516442587695,0.9830408857934874,0.004600192147208034,0.01774735097619867,0.008873675488099335,0.9800000190734863,0.9900000095367432,4366,0.9830408857934874,0.9962582212938476,0.05857016356890199,0.05857016356890199
74,270,20,500,0,0.5,74_270_20_500_0,valid,,4.400259,True,True,8629.061191947378,0.001322999999999297,0.34614480427033356,8629.061191947378,0.001322999999999297,0.34614480427033356,100.00033932250867,0.012751000000000012,0.08935964712496765,0.299213,0.5,0.0,0.0,10.0288657076519,10.10409845617486,20.0577314153038,0.5099999904632568,0.0,0.0,0.0,0.5099999904632568,0.5099999904632568,4326,1.0199999809265137,1.00288657076519,-0.00026775791980071517,0.00026775791980071517
74,270,20,500,1,0.5,74_270_20_500_1,valid,,3.469476,True,True,8656.65294437505,0.0012819999999999915,0.3490558087604526,8656.65294437505,0.0012819999999999915,0.3490558087604526,99.97894654917977,0.012429000000000023,0.08905533241404195,1.229467,0.5,0.0,0.0,9.932843240368108,10.070030227234538,19.865686480736215,0.5,0.0,0.0,0.0,0.5,0.5,4331,1.0,0.9932843240368108,-0.00026775791980071517,0.00026775791980071517
74,270,20,1000,0,1.0,74_270_20_1000_0,valid,,4.4106689999999995,True,True,8648.415047517934,0.0012330000000000396,0.35669074720546473,8648.415047517934,0.0012330000000000396,0.35669074720546473,99.99950199451199,0.012788999999999717,0.09236587929370596,0.290438627,0.5,0.0,0.0,9.877140665471815,9.922607623890556,19.75428133094363,1.002234062746854,0.003887853220130353,-0.01814821265591634,-0.00907410632795817,1.0,1.0089999437332153,4275,1.002234062746854,0.9877140665471815,-0.00026775791980071517,0.00026775791980071517
74,270,20,1000,1,1.0,74_270_20_1000_1,valid,,3.090368,True,True,8565.95074339761,0.0012569999999998416,0.351718425671559,8565.95074339761,0.0012569999999998416,0.351718425671559,100.02887513453189,0.012386999999999926,0.09233750673980519,0.279554,0.5,0.0,0.0,9.87708244198596,9.931125235458744,19.75416488397192,1.0016614553307408,0.003491786172701619,-0.013774998635439809,-0.006887499317719904,1.0,1.0089999437332153,4129,1.0016614553307408,0.987708244198596,-0.00026775791980071517,0.00026775791980071517
74,315,20,500,0,0.5,74_315_20_500_0,valid,,1.728227,True,True,8631.444067050385,0.0009019999999999584,0.32532871273563746,8631.444067050385,0.0009019999999999584,0.32532871273563746,99.99700632662974,0.012406000000000028,0.0890912530926751,0.280913414,0.5,-44.998579899755214,0.23017107371641568,9.89487045909972,10.045546252339724,19.78974091819944,0.49210668580765826,0.004077825119825926,0.019954406344534232,0.009977203172267116,0.49000000953674316,0.5,4207,0.9842133716153165,0.9894870459099719,0.0011523423249855114,0.0011523423249855114
74,315,20,500,1,0.5,74_315_20_500_1,valid,,4.379282,True,True,8696.858538662262,0.0012980000000002434,0.3308669233174882,8696.858538662262,0.0012980000000002434,0.3308669233174882,100.00688670177885,0.012094000000000271,0.09123569952989924,0.290046,0.5,-44.93750136274445,0.2033149530164337,9.924429388669308,9.895655395855258,19.848858777338616,0.49483966492128373,0.004997423681232437,0.003451948197564448,0.001725974098782224,0.49000000953674316,0.5,4300,0.9896793298425675,0.9924429388669308,0.062230879335857026,0.062230879335857026
74,315,20,1000,0,1.0,74_315_20_1000_0,valid,,4.379848,True,True,8664.697668865785,0.0012119999999999909,0.337377889390173,8664.697668865785,0.0012119999999999909,0.337377889390173,100.0214391068023,0.012243000000000004,0.09286906534086327,0.288997541,0.5,-44.99564545168321,0.1108922407978099,9.977848336406883,9.932629836934579,19.955696672813765,0.9900000095367433,1.1102230246251565e-16,1.8488923224502909e-31,9.244461612251454e-32,0.9900000095367432,0.9900000095367432,4230,0.9900000095367433,0.9977848336406883,0.004086790396968354,0.004086790396968354
74,315,20,1000,1,1.0,74_315_20_1000_1,valid,,4.379949,True,True,8597.759034135172,0.0012100000000003774,0.35497534918253876,8597.759034135172,0.0012100000000003774,0.35497534918253876,100.01456423898797,0.0124439999999999,0.08652072323518091,0.290729,0.5,-44.99676091919104,0.1871890055204616,9.964686008618507,10.28505728781904,19.929372017237014,0.9900000095367432,0.0,0.0,0.0,0.9900000095367432,0.9900000095367432,4343,0.9900000095367432,0.9964686008618507,0.0029713228891523613,0.0029713228891523613
74,0,40,500,0,0.5,74_0_40_500_0,valid,,2.1203499999999997,True,True,8616.032750495693,0.0013120000000000354,0.3433148368626881,8616.032750495693,0.0013120000000000354,0.3433148368626881,100.05800297260443,0.012411999999999868,0.0942681956104872,0.28945298,0.5,-90.0,0.0,19.348944345011898,19.33634379156705,38.697888690023795,0.518546771273029,0.0019681447115544285,0.0051647896730159315,0.0025823948365079658,0.5099999904632568,0.5189999938011169,4264,1.037093542546058,0.9674472172505949,-0.00026775791974387175,0.00026775791974387175
74,0,40,500,1,0.5,74_0_40_500_1,valid,,2.130479,True,True,8506.741403684831,0.0011019999999999919,0.3568971482407415,8506.741403684831,0.0011019999999999919,0.3568971482407415,100.01343691976939,0.012261999999999995,0.09756673938827977,0.289773281,0.5,-90.0,0.0,19.770243027556706,19.786508309615577,39.54048605511341,0.5186692307364458,0.0016933589345235133,0.0037045711003901695,0.0018522855501950848,0.5099999904632568,0.5189999938011169,4199,1.0373384614728915,0.9885121513778353,-0.00026775791974387175,0.00026775791974387175
74,0,40,1000,0,1.0,74_0_40_1000_0,valid,,1.468826,True,True,8610.700880004813,0.0012729999999998576,0.3521693513200128,8610.700880004813,0.0012729999999998576,0.3521693513200128,100.06950982105263,0.011990999999999974,0.08690277327391921,0.950311231,0.5,-90.0,0.0,19.78794317589892,19.5325409825181,39.57588635179784,1.029480058031241,0.002137691149001196,0.005351706470439247,0.0026758532352196235,1.0290000438690186,1.0390000343322754,4309,1.029480058031241,0.989397158794946,-0.00026775791974387175,0.00026775791974387175
74,0,40,1000,1,1.0,74_0_40_1000_1,valid,,1.899104,True,True,8601.680194609327,0.0013250000000000206,0.3381100841195293,8601.680194609327,0.0013250000000000206,0.3381100841195293,99.9769784812003,0.012421000000000015,0.0999694039016245,0.510329731,0.5,-90.0,0.0,19.66809657695041,19.54575751202347,39.33619315390082,1.0237512234946888,0.004993799992457291,0.029925670694602495,0.014962835347301248,1.0190000534057617,1.0290000438690186,4289,1.0237512234946888,0.9834048288475206,-0.00026775791974387175,0.00026775791974387175
74,45,40,500,0,0.5,74_45_40_500_0,valid,,2.121111,True,True,8585.989873131932,0.0012199999999999989,0.35690858525353425,8585.989873131932,0.0012199999999999989,0.35690858525353425,99.99142381249608,0.012245000000000006,0.08588300849441301,0.309418,0.5,-135.01191302728532,0.11494169346738659,19.908399757049686,19.97408816376145,39.81679951409937,0.5359620635648112,0.004598932313399786,0.019457432174507298,0.009728716087253649,0.5289999842643738,0.5389999747276306,4280,1.0719241271296225,0.9954199878524843,-0.012180785205060829,0.012180785205060829
74,45,40,500,1,0.5,74_45_40_500_1,valid,,2.120161,True,True,8611.202278611721,0.001427000000000067,0.3708813850530378,8611.202278611721,0.001427000000000067,0.3708813850530378,99.98146497457007,0.012468999999999841,0.09286631663669752,0.310663786,0.5,-135.0047571197241,0.08343918746992074,19.941777618669676,19.980533350500085,39.88355523733935,0.5370811222775926,0.003937830808422311,0.016900028969944157,0.008450014484972079,0.5289999842643738,0.5389999747276306,4272,1.0741622445551853,0.9970888809334838,-0.005024877643847958,0.005024877643847958
74,45,40,1000,0,1.0,74_45_40_1000_0,valid,,2.189934,True,True,8612.247571365355,0.0011980000000000324,0.3772066095565121,8612.247571365355,0.0011980000000000324,0.3772066095565121,99.95945644446611,0.012045999999999779,0.09038006623083673,0.31108,0.5,-135.02162564517025,0.08676791566934268,19.94758063088234,20.06442974335765,39.89516126176468,1.0371494555771266,0.0038834428248638057,0.017310497282495074,0.008655248641247537,1.0290000438690186,1.0390000343322754,4346,1.0371494555771266,0.9973790315441169,-0.021893403089990215,0.021893403089990215
74,45,40,1000,1,1.0,74_45_40_1000_1,valid,,2.089421,True,True,8636.695517169388,0.0016140000000000043,0.36810414090118915,8636.695517169388,0.0016140000000000043,0.36810414090118915,100.02104288863848,0.012487999999999833,0.09050632205360665,0.321453,0.5,-135.00090728400966,0.051170353532003776,20.008930122925076,19.81641693954557,40.01786024585015,1.0370167048837275,0.003987440265320318,0.01711268600686722,0.00855634300343361,1.0290000438690186,1.0390000343322754,4290,1.0370167048837275,1.0004465061462537,-0.0011750419294003223,0.0011750419294003223
74,90,40,500,0,0.5,74_90_40_500_0,valid,,2.1095219999999997,True,True,8591.593099216529,0.001330999999999971,0.34351354540601614,8591.593099216529,0.001330999999999971,0.34351354540601614,100.0486059894232,0.012127999999999972,0.09440776644423295,0.310637616,0.5,180.0,0.0,19.756713833749124,19.98803098433587,39.51342766749825,0.5278321653780936,0.003211600344759512,0.010140563339483455,0.005070281669741728,0.5189999938011169,0.5289999842643738,4221,1.0556643307561873,0.9878356916874562,-0.00026775791980071517,0.00026775791980071517
74,90,40,500,1,0.5,74_90_40_500_1,valid,,2.121347,True,True,8673.12974879678,0.0010790000000000521,0.3381592186812991,8673.12974879678,0.0010790000000000521,0.3381592186812991,100.02962563241911,0.012410000000000032,0.09600880906729126,0.289594233,0.5,180.0,0.0,19.45111182604024,19.076622291338413,38.90222365208048,0.5284604594389053,0.0022592379405628896,0.004010004809362485,0.0020050024046812426,0.5189999938011169,0.5289999842643738,4333,1.0569209188778106,0.972555591302012,-0.00026775791980071517,0.00026775791980071517
74,90,40,1000,0,1.0,74_90_40_1000_0,valid,,2.1295740000000003,True,True,8686.522666019404,0.001403000000000043,0.33286125549011786,8686.522666019404,0.001403000000000043,0.33286125549011786,100.01336056343403,0.012186999999999948,0.08647333711046813,0.30886765,0.5,180.0,0.0,19.800793884457537,19.803412784288128,39.601587768915074,1.024817880857444,0.0049326567665051455,0.029197348748859882,0.014598674374429941,1.0190000534057617,1.0290000438690186,4361,1.024817880857444,0.9900396942228769,-0.00026775791980071517,0.00026775791980071517
74,90,40,1000,1,1.0,74_90_40_1000_1,valid,,1.867991,True,True,8622.703043770909,0.0023100000000000342,0.3676614168809836,8622.703043770909,0.0023100000000000342,0.3676614168809836,100.06444763849821,0.012153999999999998,0.08923007731161041,0.311084298,0.5,180.0,0.0,19.788822794957255,19.840153933662567,39.57764558991451,1.0250303936147755,0.004892682448706777,0.02833232561203443,0.014166162806017214,1.0190000534057617,1.0290000438690186,4279,1.0250303936147755,0.9894411397478627,-0.00026775791980071517,0.00026775791980071517
74,135,40,500,0,0.5,74_135_40_500_0,valid,,2.1187519999999997,True,True,8659.72394596106,0.001306999999999947,0.34175091539889063,8659.72394596106,0.001306999999999947,0.34175091539889063,99.98540442946837,0.012481999999999882,0.10024056966755475,0.300978,0.5,134.99271423720486,0.11673184219928316,19.78520472716608,19.615988124666565,39.57040945433216,0.5289999842643738,0.0,0.0,0.0,0.5289999842643738,0.5289999842643738,4284,1.0579999685287476,0.989260236358304,-0.007553520714850492,0.007553520714850492
74,135,40,500,1,0.5,74_135_40_500_1,valid,,2.118985,True,True,8665.830516912885,0.0013799999999999368,0.34969807977983697,8665.830516912885,0.0013799999999999368,0.34969807977983697,99.9870131810466,0.012197000000000013,0.09337039793588457,0.290287412,0.5,134.999201389692,0.10133577788755159,19.856098438636362,19.87254462535678,39.712196877272724,0.5289999842643738,0.0,0.0,0.0,0.5289999842643738,0.5289999842643738,4299,1.0579999685287476,0.9928049219318181,-0.0010663682277254338,0.0010663682277254338
74,135,40,1000,0,1.0,74_135_40_1000_0,valid,,2.1186119999999997,True,True,8677.962570637696,0.0012890000000000956,0.35045574409941205,8677.962570637696,0.0012890000000000956,0.35045574409941205,100.03000900270081,0.012344999999999828,0.09017499433628377,0.300941889,0.5,134.99219221237863,0.08232687153507919,19.62729276389804,19.642637790678396,39.25458552779608,1.0270883534721502,0.0039322163678902206,0.0152607254000965,0.00763036270004825,1.0190000534057617,1.0290000438690186,4325,1.0270883534721502,0.981364638194902,-0.008075545541146312,0.008075545541146312
74,135,40,1000,1,1.0,74_135_40_1000_1,valid,,1.119515,True,True,8594.763776017242,0.0033299999999999996,0.4545113806433255,8594.763776017242,0.0033299999999999996,0.4545113806433255,99.99126513086212,0.012351000000000223,0.0923444612845545,0.300098,0.5,134.9964829151946,0.11590421697276554,20.20582076800006,20.359101749726808,40.41164153600012,1.0265289603856296,0.004313300092263819,0.017582941820606882,0.008791470910303441,1.0190000534057617,1.0290000438690186,4171,1.0265289603856296,1.010291038400003,-0.0037848427251674366,0.0037848427251674366
74,180,40,500,0,0.5,74_180_40_500_0,valid,,2.128588,True,True,8693.988581912923,0.0013860000000001094,0.3225109310571195,8693.988581912923,0.0013860000000001094,0.3225109310571195,100.05025601321279,0.01260899999999987,0.09780583641302229,0.310324024,0.5,90.0,0.0,19.68136235845751,19.673032900637555,39.36272471691502,0.5187897717231513,0.001359340311077135,-0.002157361672400991,-0.0010786808362004954,0.5099999904632568,0.5189999938011169,4383,1.0375795434463027,0.9840681179228754,-0.00026775791980071517,0.00026775791980071517
74,180,40,500,1,0.5,74_180_40_500_1,valid,,1.389967,True,True,8582.656496389245,0.0012010000000000076,0.35835181901069213,8582.656496389245,0.0012010000000000076,0.35835181901069213,100.04667562212677,0.012418000000000262,0.09518471543656808,1.050151,0.5,90.0,0.0,19.85339201163525,20.333360700838185,39.7067840232705,0.5183131937004013,0.0023894578507563727,-0.006548717514668057,-0.0032743587573340286,0.5099999904632568,0.5189999938011169,4331,1.0366263874008026,0.9926696005817626,-0.00026775791980071517,0.00026775791980071517
74,180,40,1000,0,1.0,74_180_40_1000_0,valid,,2.109182,True,True,8630.509286521354,0.0011770000000002057,0.352577375675192,8630.509286521354,0.0011770000000002057,0.352577375675192,99.98467667790376,0.012198999999999849,0.09057303400262925,0.320533415,0.5,90.0,0.0,19.758467928464004,19.855940138576234,39.51693585692801,1.0089999437332153,0.0,0.0,0.0,1.0089999437332153,1.0089999437332153,4252,1.0089999437332153,0.9879233964232002,-0.00026775791980071517,0.00026775791980071517
74,180,40,1000,1,1.0,74_180_40_1000_1,valid,,1.88163,True,True,8643.502449351354,0.0012860000000000094,0.3459266319730659,8643.502449351354,0.0012860000000000094,0.3459266319730659,99.97089650348894,0.012279999999999958,0.08942813053525886,0.30894091,0.5,90.0,0.0,19.897340953271456,19.965777650885624,39.79468190654291,1.0089999437332153,0.0,0.0,0.0,1.0089999437332153,1.0089999437332153,4269,1.0089999437332153,0.9948670476635728,-0.00026775791980071517,0.00026775791980071517
74,225,40,500,0,0.5,74_225_40_500_0,valid,,2.109332,True,True,8642.78809389282,0.0009779999999999234,0.3347723093833834,8642.78809389282,0.0009779999999999234,0.3347723093833834,100.02563875568104,0.012097000000000024,0.08561792315439799,0.30973041,0.5,44.99304114136057,0.1268010322912687,19.949172748084735,20.008237697141002,39.89834549616947,0.4941453555834293,0.004926411177214552,0.015476615710326056,0.007738307855163028,0.49000000953674316,0.5,4280,0.9882907111668586,0.9974586374042367,-0.0072266165591372555,0.0072266165591372555
74,225,40,500,1,0.5,74_225_40_500_1,valid,,1.269875,True,True,8616.80728923737,0.0011759999999998438,0.3607475170228667,8616.80728923737,0.0011759999999998438,0.3607475170228667,99.99616872916747,0.012032000000000043,0.08426243739775123,0.3599709,0.5,44.99806028978453,0.10194220686349809,19.885301408301252,20.088382932707447,39.770602816602505,0.49000000953674316,0.0,0.0,0.0,0.49000000953674316,0.49000000953674316,4274,0.9800000190734863,0.9942650704150626,-0.002207468135225099,0.002207468135225099
74,225,40,1000,0,1.0,74_225_40_1000_0,valid,,2.120445,True,True,8585.13012523747,0.0014230000000003962,0.3637904889623329,8585.13012523747,0.0014230000000003962,0.3637904889623329,100.01612806197899,0.012361999999999984,0.08766142677259968,0.319093,0.5,45.01973541124807,0.10926375553671183,19.99828288687037,20.04848310585086,39.99656577374074,0.9822717569069863,0.004190055355942685,0.01389503026846577,0.006947515134232885,0.9800000190734863,0.9900000095367432,4297,0.9822717569069863,0.9999141443435186,0.01946765332832001,0.01946765332832001
74,225,40,1000,1,1.0,74_225_40_1000_1,valid,,2.1205570000000002,True,True,8607.879858967934,0.0010799999999999699,0.33443203983224207,8607.879858967934,0.0010799999999999699,0.33443203983224207,100.0036016622821,0.012288999999999994,0.0928982062271236,0.309653197,0.5,44.99592256872589,0.12423116806480716,20.049729320822372,19.87706353596333,40.099458641644745,0.9827423864581586,0.004461285556984063,0.010964390988648886,0.005482195494324443,0.9800000190734863,0.9900000095367432,4266,0.9827423864581586,1.0024864660411186,-0.004345189193827537,0.004345189193827537
74,270,40,500,0,0.5,74_270_40_500_0,valid,,2.139226,True,True,8660.620666960118,0.0013929999999999776,0.35415904342514387,8660.620666960118,0.0013929999999999776,0.35415904342514387,100.00743350272013,0.012410000000000032,0.09350264290068445,0.299792,0.5,0.0,0.0,19.816219705230026,20.093350954663393,39.63243941046005,0.5046192473347383,0.004985477244489301,-0.029562006651231678,-0.014781003325615839,0.5,0.5099999904632568,4301,1.0092384946694766,0.9908109852615012,-0.00026775791980071517,0.00026775791980071517
74,270,40,500,1,0.5,74_270_40_500_1,valid,,2.118552,True,True,8657.337193804862,0.001044000000000045,0.3226810323640597,8657.337193804862,0.001044000000000045,0.3226810323640597,100.0220738369847,0.012334999999999985,0.09288733650368386,0.2905,0.5,0.0,0.0,19.743613243642375,19.718442810167776,39.48722648728475,0.5046834827334785,0.004989967149673618,-0.029485831110557355,-0.014742915555278678,0.5,0.5099999904632568,4332,1.009366965466957,0.9871806621821188,-0.00026775791980071517,0.00026775791980071517
74,270,40,1000,0,1.0,74_270_40_1000_0,valid,,2.130644,True,True,8651.506019939181,0.0013370000000001436,0.3596299022885677,8651.506019939181,0.0013370000000001436,0.3596299022885677,99.95240727684279,0.01252299999999984,0.09497636592893102,0.28972489,0.5,0.0,0.0,19.453832713861964,19.7760407610406,38.90766542772393,0.9981905508104872,0.005431934665958107,-0.028826842504618606,-0.014413421252309303,0.9900000095367432,1.0089999437332153,4253,0.9981905508104872,0.9726916356930981,-0.00026775791980071517,0.00026775791980071517
74,270,40,1000,1,1.0,74_270_40_1000_1,valid,,2.119875,True,True,8607.188560916975,0.0011739999999997863,0.34821349174260513,8607.188560916975,0.0011739999999997863,0.34821349174260513,99.97265115979766,0.012375000000000025,0.09020443592207138,0.290037,0.5,0.0,0.0,19.732193474294395,20.19421313620555,39.46438694858879,0.9972416956019899,0.005313368213163737,-0.030333050772664752,-0.015166525386332376,0.9900000095367432,1.0089999437332153,4251,0.9972416956019899,0.9866096737147197,-0.00026775791980071517,0.00026775791980071517
74,315,40,500,0,0.5,74_315_40_500_0,valid,,2.120617,True,True,8637.974825273728,0.0012349999999999861,0.3302453709559246,8637.974825273728,0.0012349999999999861,0.3302453709559246,99.97716388765814,0.012380000000000058,0.09158576896879893,0.29952,0.5,-44.9945397576491,0.15222903995400827,20.254391784418644,20.35000870634803,40.50878356883729,0.49347934265858934,0.004763143821488031,0.016961461325347916,0.008480730662673958,0.49000000953674316,0.5,4346,0.9869586853171787,1.0127195892209322,0.005192484431177036,0.005192484431177036
74,315,40,500,1,0.5,74_315_40_500_1,valid,,2.1098879999999998,True,True,8604.81623025238,0.0014019999999996813,0.3918720764883991,8604.81623025238,0.0014019999999996813,0.3918720764883991,100.00509604512415,0.012305999999999928,0.09613695554008779,0.30989,0.5,-44.99671267833549,0.12408345985910922,19.91758365262998,20.09228351302665,39.83516730525996,0.49525221594784397,0.004993630126196376,0.02292816021600304,0.01146408010800152,0.49000000953674316,0.5,4232,0.9905044318956879,0.995879182631499,0.0030195637448287016,0.0030195637448287016
74,315,40,1000,0,1.0,74_315_40_1000_0,valid,,2.1202949999999996,True,True,8678.929714708926,0.0013780000000001014,0.35458223144210776,8678.929714708926,0.0013780000000001014,0.35458223144210776,99.99206959448044,0.012172000000000072,0.08729872095554099,0.289528,0.5,-45.00059044741072,0.160196416332613,19.868557605419884,19.66865857510103,39.73711521083977,0.9900000095367432,0.0,0.0,0.0,0.9900000095367432,0.9900000095367432,4305,0.9900000095367432,0.9934278802709942,-0.0008582053304735382,0.0008582053304735382
74,315,40,1000,1,1.0,74_315_40_1000_1,valid,,1.570894,True,True,8637.078708410703,0.0013299999999999979,0.346625574011876,8637.078708410703,0.0013299999999999979,0.346625574011876,100.03909276724741,0.012174000000000351,0.09051711421980758,0.280249505,0.5,-44.99187248065197,0.1368707967203747,19.664683767450597,19.75092994415894,39.329367534901195,0.9900000095367432,0.0,0.0,0.0,0.9900000095367432,0.9900000095367432,4256,0.9900000095367432,0.9832341883725298,0.007859761428335332,0.007859761428335332
74,0,60,500,0,0.5,74_0_60_500_0,valid,,1.0991590000000002,True,True,8619.564231297725,0.0012900000000000134,0.3562278820801124,8619.564231297725,0.0012900000000000134,0.3562278820801124,100.02878606176667,0.011838999999999933,0.09273460922435586,0.320418,0.5,-90.0,0.0,30.21045006763566,30.66407695565772,60.42090013527132,0.5203994933064489,0.0034693490515121275,0.013127627903762637,0.0065638139518813185,0.5189999938011169,0.5289999842643738,4270,1.0407989866128977,1.007015002254522,-0.00026775791974387175,0.00026775791974387175
74,0,60,500,1,0.5,74_0_60_500_1,valid,,1.3602349999999999,True,True,8616.733517780633,0.0015370000000000106,0.3694290705895019,8616.733517780633,0.0015370000000000106,0.3694290705895019,100.09506265895621,0.012284999999999997,0.09424399243765019,0.300194355,0.5,-90.0,0.0,29.94374816415267,29.905588823854192,59.88749632830534,0.5190225735006332,0.0020558908325889447,0.004597191149763212,0.002298595574881606,0.5099999904632568,0.5289999842643738,4295,1.0380451470012664,0.998124938805089,-0.00026775791974387175,0.00026775791974387175
74,0,60,1000,0,1.0,74_0_60_1000_0,valid,,1.381049,True,True,8631.870389758786,0.0009810000000001207,0.3414255742340336,8631.870389758786,0.0009810000000001207,0.3414255742340336,100.01728076350969,0.012063999999999853,0.08610766001804045,0.309024622,0.5,-90.0,0.0,29.666482963131802,29.62892903069644,59.332965926263604,1.0242111313064828,0.005322311666993081,0.02523062677177472,0.01261531338588736,1.0089999437332153,1.0290000438690186,4317,1.0242111313064828,0.9888827654377267,-0.00026775791974387175,0.00026775791974387175
74,0,60,1000,1,1.0,74_0_60_1000_1,valid,,1.3696279999999998,True,True,8673.541132194134,0.0011090000000000266,0.35511790196190607,8673.541132194134,0.0011090000000000266,0.35511790196190607,99.96734400095968,0.012431000000000081,0.08753028575705818,0.311055,0.5,-90.0,0.0,29.408685222459205,29.58620892344983,58.81737044491841,1.0229252911966296,0.005327699210126726,0.030611237721064905,0.015305618860532453,1.0089999437332153,1.0290000438690186,4331,1.0229252911966296,0.9802895074153068,-0.00026775791974387175,0.00026775791974387175
74,45,60,500,0,0.5,74_45_60_500_0,valid,,1.361308,True,True,8609.483619374163,0.0009340000000000008,0.340298055160621,8609.483619374163,0.0009340000000000008,0.340298055160621,99.96849160631048,0.012494000000000005,0.09391942484166395,0.319204368,0.5,-134.98937017180432,0.08845890745217844,29.869098031994895,29.823066618487516,59.73819606398979,0.5366177243595238,0.004259972317493779,0.019932658895216927,0.009966329447608464,0.5289999842643738,0.5389999747276306,4315,1.0732354487190476,0.9956366010664965,0.010362070275931501,0.010362070275931501
74,45,60,500,1,0.5,74_45_60_500_1,valid,,1.370165,True,True,8657.91532259179,0.0012340000000000129,0.35539334346618906,8657.91532259179,0.0012340000000000129,0.35539334346618906,100.01355739333555,0.012286999999999937,0.09381236297336769,0.298676177,0.5,-135.00161205007572,0.04971376431421959,29.387413649946552,29.18714176080202,58.774827299893104,0.537664259541469,0.0034019118249449106,0.013887616657457325,0.0069438083287286624,0.5289999842643738,0.5389999747276306,4310,1.075328519082938,0.9795804549982184,-0.0018798079954649438,0.0018798079954649438
74,45,60,1000,0,1.0,74_45_60_1000_0,valid,,1.3584100000000001,True,True,8647.378566878191,0.0014079999999999648,0.3563651419299485,8647.378566878191,0.0014079999999999648,0.3563651419299485,100.02392837623586,0.012569000000000052,0.09294493108012494,0.310631038,0.5,-135.00018657826124,0.08595180196606123,29.63085076353861,29.78726511134212,59.26170152707722,1.0374717065498038,0.003598260335046966,0.015273747073308558,0.007636873536654279,1.0290000438690186,1.0390000343322754,4307,1.0374717065498038,0.9876950254512871,-0.0004543361809794533,0.0004543361809794533
74,45,60,1000,1,1.0,74_45_60_1000_1,valid,,1.360452,True,True,8562.314809719852,0.0012600000000000389,0.3724847458786763,8562.314809719852,0.0012600000000000389,0.3724847458786763,100.01827149428973,0.012135999999999925,0.0913136281074702,0.319601,0.5,-134.99854986486497,0.07894974820497964,29.5288617311277,29.604625563368266,59.0577234622554,1.038007079219232,0.0029905821848523655,0.010464702931213547,0.005232351465606773,1.0290000438690186,1.0390000343322754,4233,1.038007079219232,0.98429539103759,0.0011823772152865786,0.0011823772152865786
74,90,60,500,0,0.5,74_90_60_500_0,valid,,1.358959,True,True,8622.01485012566,0.003089,0.4221757452664794,8622.01485012566,0.003089,0.4221757452664794,99.98335355684239,0.012179999999999969,0.09598764073148211,0.321002,0.5,180.0,0.0,29.63417120144922,29.51925970612133,59.26834240289844,0.5318792687184715,0.005956537378917893,0.034871093601900376,0.017435546800950188,0.5189999938011169,0.5389999747276306,4331,1.063758537436943,0.987805706714974,-0.00026775791980071517,0.00026775791980071517
74,90,60,500,1,0.5,74_90_60_500_1,valid,,1.3697890000000001,True,True,8637.44309012425,0.0031209999999999294,0.3907923029878596,8637.44309012425,0.0031209999999999294,0.3907923029878596,100.06425178272364,0.012095999999999996,0.08955090289630911,0.31075868,0.5,180.0,0.0,29.385825200796187,29.159814267186384,58.771650401592375,0.5315967053879451,0.006161768425383235,0.035976917249473134,0.017988458624736567,0.5189999938011169,0.5389999747276306,4298,1.0631934107758902,0.9795275066932062,-0.00026775791980071517,0.00026775791980071517
74,90,60,1000,0,1.0,74_90_60_1000_0,valid,,1.3706150000000001,True,True,8651.914241538117,0.0013900000000000023,0.34961012362825594,8651.914241538117,0.0013900000000000023,0.34961012362825594,99.96222422023943,0.012665000000000037,0.09723201082846619,0.319241154,0.5,180.0,0.0,29.83246942766419,29.75911907373654,59.66493885532838,1.0300900289895265,0.007209398798485161,0.04507097128633073,0.022535485643165366,1.0190000534057617,1.0390000343322754,4291,1.0300900289895265,0.9944156475888063,-0.00026775791980071517,0.00026775791980071517
74,90,60,1000,1,1.0,74_90_60_1000_1,valid,,1.369884,True,True,8661.39084649816,0.0011309999999999931,0.32871929027258,8661.39084649816,0.0011309999999999931,0.32871929027258,100.03461593888183,0.012326999999999977,0.09005775208097995,0.30958,0.5,180.0,0.0,29.70207710347111,29.773563310147956,59.40415420694222,1.0268462360030517,0.006346300119670653,0.03631025693980445,0.018155128469902224,1.0190000534057617,1.0390000343322754,4333,1.0268462360030517,0.9900692367823704,-0.00026775791980071517,0.00026775791980071517
74,135,60,500,0,0.5,74_135_60_500_0,valid,,1.0896119999999998,True,True,8600.971379228877,0.0012710000000000221,0.374730268157675,8600.971379228877,0.0012710000000000221,0.374730268157675,100.01057703484872,0.012232999999999938,0.09415214254402318,0.320445572,0.5,134.99308391917498,0.08736135848610188,30.179387108661473,29.364668336344774,60.358774217322946,0.5289999842643738,0.0,0.0,0.0,0.5289999842643738,0.5289999842643738,4249,1.0579999685287476,1.0059795702887158,-0.007183838744822424,0.007183838744822424
74,135,60,500,1,0.5,74_135_60_500_1,valid,,0.7297229999999999,True,False,8696.710951850468,0.001126999999999878,0.3331558265847903,8696.710951850468,0.001126999999999878,0.3331558265847903,100.06955110236838,0.012448000000000015,0.09393921501535425,0.920207,0.5,134.9844279515296,0.05132135383883991,29.970697516157305,30.19897597032827,59.94139503231461,0.5085447108351517,0.01178222451080549,-0.07920860899830727,-0.039604304499153635,0.49000000953674316,0.5289999842643738,4349,1.0170894216703035,0.9990232505385769,-0.015839806390204103,0.015839806390204103
74,135,60,1000,0,1.0,74_135_60_1000_0,valid,,1.348497,True,True,8608.611024859203,0.0015079999999999998,0.37019910828840197,8608.611024859203,0.0015079999999999998,0.37019910828840197,100.02621566201691,0.01267299999999999,0.09261366864434975,0.310727,0.5,134.98858801888858,0.05985443833212825,29.641319887868463,29.575923657733505,59.282639775736925,1.027617009707984,0.003452179736067579,0.011416946317292575,0.0057084731586462874,1.0190000534057617,1.0290000438690186,4297,1.027617009707984,0.9880439962622821,-0.011679739031137615,0.011679739031137615
74,135,60,1000,1,1.0,74_135_60_1000_1,valid,,1.3599549999999998,True,True,8658.041881372656,0.0010470000000000201,0.3421924823894312,8658.041881372656,0.0010470000000000201,0.3421924823894312,100.06878354297378,0.011781000000000041,0.08778043759203284,0.299447911,0.5,135.0005405972637,0.11915513059057332,29.845775013602992,30.23564446960261,59.691550027205984,1.0273932036214224,0.0036723904436544693,0.014342136994412029,0.007171068497206014,1.0190000534057617,1.0290000438690186,4309,1.0273932036214224,0.9948591671200997,0.00027283934400657017,0.00027283934400657017
74,180,60,500,0,0.5,74_180_60_500_0,valid,,1.35968,True,True,8687.161803183839,0.0011929999999999996,0.32237927034043856,8687.161803183839,0.0011929999999999996,0.32237927034043856,100.00105264265937,0.011987999999999888,0.08322240976916591,0.330502875,0.5,90.0,0.0,30.052441339354434,30.53830047607422,60.10488267870887,0.5189999938011169,0.0,0.0,0.0,0.5189999938011169,0.5189999938011169,4335,1.0379999876022339,1.0017480446451479,-0.00026775791980071517,0.00026775791980071517
74,180,60,500,1,0.5,74_180_60_500_1,valid,,1.090841,True,True,8556.864868191631,0.0012039999999999829,0.34737788618030374,8556.864868191631,0.0012039999999999829,0.34737788618030374,100.04237396886951,0.012431999999999999,0.09547161226451273,0.590001,0.5,90.0,0.0,29.947504587300788,29.928061883355028,59.895009174601576,0.5189999938011169,0.0,0.0,0.0,0.5189999938011169,0.5189999938011169,4307,1.0379999876022339,0.9982501529100263,-0.00026775791980071517,0.00026775791980071517
74,180,60,1000,0,1.0,74_180_60_1000_0,valid,,1.361372,True,True,8676.401994159634,0.001040000000000152,0.32960923737485515,8676.401994159634,0.001040000000000152,0.32960923737485515,100.04757470609722,0.012180999999999997,0.08901656809997076,0.298711,0.5,90.0,0.0,29.786056979403277,29.712736726292057,59.572113958806554,1.0092334462940693,0.0015101416395274514,-0.0023769429109791558,-0.0011884714554895779,1.0089999437332153,1.0190000534057617,4344,1.0092334462940693,0.9928685659801092,-0.00026775791980071517,0.00026775791980071517
74,180,60,1000,1,1.0,74_180_60_1000_1,valid,,1.360231,True,True,8636.421087157032,0.0011839999999999629,0.34803242176479127,8636.421087157032,0.0011839999999999629,0.34803242176479127,100.01502843621005,0.012179999999999858,0.08594878148827528,0.310016,0.5,90.0,0.0,29.802801498254322,29.896084394074876,59.605602996508644,1.0089999437332153,0.0,0.0,0.0,1.0089999437332153,1.0089999437332153,4292,1.0089999437332153,0.9934267166084774,-0.00026775791980071517,0.00026775791980071517
74,225,60,500,0,0.5,74_225_60_500_0,valid,,1.369396,True,True,8582.558183013925,0.0019790000000000007,0.39249044534485206,8582.558183013925,0.0019790000000000007,0.39249044534485206,99.97575173756198,0.012207999999999997,0.09209853719500376,0.33002423,0.5,44.998662870493895,0.048384818584807476,29.715769740022974,29.852263559138905,59.43153948004595,0.4969374075207186,0.0046093842204252425,0.020222905510370825,0.010111452755185412,0.49000000953674316,0.5,4284,0.9938748150414372,0.9905256580007659,-0.0016048874258558499,0.0016048874258558499
74,225,60,500,1,0.5,74_225_60_500_1,valid,,1.370123,True,True,8539.8237651362,0.0025489999999999957,0.4223909476105184,8539.8237651362,0.0025489999999999957,0.4223909476105184,99.95753099719289,0.012383000000000033,0.08703324157860011,0.309488824,0.5,44.99860051972117,0.08703181208444732,29.86324690802266,29.912278923474428,59.72649381604532,0.4934398162562847,0.004750343579474971,0.02026113360519604,0.01013056680259802,0.49000000953674316,0.5,4246,0.9868796325125694,0.9954415636007553,-0.0016672381985927132,0.0016672381985927132
74,225,60,1000,0,1.0,74_225_60_1000_0,valid,,1.3687550000000002,True,True,8680.916504136678,0.0013150000000000106,0.33961774406598255,8680.916504136678,0.0013150000000000106,0.33961774406598255,100.01469829267727,0.012702999999999964,0.08999207095965293,0.320396902,0.5,44.99268141224791,0.06340422020656289,29.759086513546947,29.8867356648162,59.518173027093894,0.9853191240007876,0.0049898017313751465,0.02642265375764925,0.013211326878824625,0.9800000190734863,0.9900000095367432,4333,0.9853191240007876,0.9919695504515649,-0.007586345671825256,0.007586345671825256
74,225,60,1000,1,1.0,74_225_60_1000_1,valid,,1.3598050000000002,True,True,8642.308470252645,0.0013529999999999376,0.3530343093823953,8642.308470252645,0.0013529999999999376,0.3530343093823953,100.0071880166387,0.01233799999999996,0.09501773689112453,0.32056,0.5,45.00758727589515,0.09391167592097815,30.142185543536684,29.872309343602744,60.28437108707337,0.9848480444500445,0.004997685212121396,0.02756943078340629,0.013784715391703145,0.9800000190734863,0.9900000095367432,4331,0.9848480444500445,1.0047395181178895,0.00731951797547481,0.00731951797547481
74,270,60,500,0,0.5,74_270_60_500_0,valid,,1.3609250000000002,True,True,8649.846387331132,0.0011750000000000371,0.3466605839931455,8649.846387331132,0.0011750000000000371,0.3466605839931455,99.94406445453457,0.012267,0.0902510832952954,0.309305,0.5,0.0,0.0,29.752738970909093,29.924886008596843,59.505477941818185,0.5029246080708737,0.0045489251971516905,-0.024565711331619236,-0.012282855665809618,0.5,0.5099999904632568,4265,1.0058492161417474,0.9917579656969697,-0.00026775791980071517,0.00026775791980071517
74,270,60,500,1,0.5,74_270_60_500_1,valid,,1.3708649999999998,True,True,8703.107944443582,0.0013199999999999878,0.32258703787138976,8703.107944443582,0.0013199999999999878,0.32258703787138976,100.07360969957902,0.011861000000000121,0.09134326658687206,0.320514045,0.5,0.0,0.0,29.861379409378255,29.891734872341445,59.72275881875651,0.5023444968641114,0.004236541128848095,-0.0210112206027685,-0.01050561030138425,0.5,0.5099999904632568,4342,1.0046889937282228,0.9953793136459418,-0.00026775791980071517,0.00026775791980071517
74,270,60,1000,0,1.0,74_270_60_1000_0,valid,,1.3707529999999999,True,True,8653.30592082225,0.0012949999999999906,0.34479240364130304,8653.30592082225,0.0012949999999999906,0.34479240364130304,100.04564582590807,0.012075999999999976,0.08967540054813215,0.309865,0.5,0.0,0.0,29.62951851035844,29.818069776307937,59.25903702071688,0.994472516571653,0.005956438760445392,-0.03443393356769797,-0.017216966783848986,0.9900000095367432,1.0089999437332153,4356,0.994472516571653,0.987650617011948,-0.00026775791980071517,0.00026775791980071517
74,270,60,1000,1,1.0,74_270_60_1000_1,valid,,1.370427,True,True,8570.18955464064,0.0016329999999999956,0.390659206399429,8570.18955464064,0.0016329999999999956,0.390659206399429,100.00225135958559,0.012040999999999968,0.08276756916593687,0.309582,0.5,0.0,0.0,29.825603937296755,29.82032220761456,59.65120787459351,0.9939251208693171,0.005279759725099666,-0.02963019931090693,-0.014815099655453466,0.9900000095367432,1.0089999437332153,4213,0.9939251208693171,0.9941867979098918,-0.00026775791980071517,0.00026775791980071517
74,315,60,500,0,0.5,74_315_60_500_0,valid,,1.3802269999999999,True,True,8690.11671514806,0.0014279999999999848,0.3488724246065584,8690.11671514806,0.0014279999999999848,0.3488724246065584,100.03556820202738,0.012291000000000052,0.09615296969004514,0.309822,0.5,-45.004295146470376,0.06587183173931663,29.92137064800285,30.13801781649003,59.8427412960057,0.4962961893722325,0.006087231718313532,0.03407189378491771,0.017035946892458857,0.49000000953674316,0.5099999904632568,4327,0.992592378744465,0.997379021600095,-0.004562904390127187,0.004562904390127187
74,315,60,500,1,0.5,74_315_60_500_1,valid,,1.360557,True,True,8707.1223505875,0.0012129999999999919,0.3071582378725656,8707.1223505875,0.0012129999999999919,0.3071582378725656,100.0195827814709,0.012279999999999985,0.09263388897085391,0.309651719,0.5,-45.00042711528059,0.09596217247124628,29.55727526221551,29.505588962876278,59.11455052443102,0.49637783221437165,0.005945284525579686,0.034617980786990764,0.017308990393495382,0.49000000953674316,0.5099999904632568,4359,0.9927556644287433,0.985242508740517,-0.000694873200359325,0.000694873200359325
74,315,60,1000,0,1.0,74_315_60_1000_0,valid,,1.361612,True,True,8697.481498227535,0.0013119999999999798,0.3299869835242855,8697.481498227535,0.0013119999999999798,0.3299869835242855,99.97267762423044,0.011975999999999987,0.08980024220343524,0.308906,0.5,-44.999617825243654,0.0811013595930774,29.882940273075075,29.890117015579875,59.76588054615015,0.9921007537333154,0.004073609671045198,0.019913172494399847,0.009956586247199924,0.9900000095367432,1.0,4368,0.9921007537333154,0.9960980091025025,0.00011441683659541013,0.00011441683659541013
74,315,60,1000,1,1.0,74_315_60_1000_1,valid,,1.360597,True,True,8651.019019974814,0.0018299999999999983,0.3655080722607908,8651.019019974814,0.0018299999999999983,0.3655080722607908,99.98877903701917,0.012471999999999983,0.0890610585651922,0.309461859,0.5,-45.01278998207308,0.08075491239349895,29.821025574318867,30.542976585831802,59.642051148637734,0.9921027247114358,0.004075011728570738,0.019926881275940722,0.009963440637970361,0.9900000095367432,1.0,4313,0.9921027247114358,0.9940341858106289,-0.013057739992746065,0.013057739992746065
79,0,20,500,0,0.5,79_0_20_500_0,valid,,4.419192,True,True,8648.978776403363,0.0024969999999999992,0.3584014891762106,8648.978776403363,0.0024969999999999992,0.3584014891762106,100.03473711339682,0.01247899999999999,0.08950365542115642,0.290570109,0.5,-90.0,0.0,9.730190331328526,9.65108279516027,19.46038066265705,0.5287679644856453,0.0015054442523224157,0.0026322578796669806,0.0013161289398334903,0.5189999938011169,0.5289999842643738,4282,1.0575359289712907,0.9730190331328525,-0.00026775791974387175,0.00026775791974387175
79,0,20,500,1,0.5,79_0_20_500_1,valid,,4.160797,True,True,8669.906795960938,0.0013600000000000279,0.3417462729105565,8669.906795960938,0.0013600000000000279,0.3417462729105565,99.98752650617438,0.012723999999999958,0.08859760498266288,0.539562,0.5,-90.0,0.0,9.990330989189241,9.862223662716708,19.980661978378482,0.528999984264374,2.220446049250313e-16,5.916455529434606e-31,2.958227764717303e-31,0.5289999842643738,0.5289999842643738,4307,1.057999968528748,0.9990330989189241,-0.00026775791974387175,0.00026775791974387175
79,0,20,1000,0,1.0,79_0_20_1000_0,valid,,3.5596560000000004,True,True,8681.601599775928,0.0013540000000000219,0.3311623848381317,8681.601599775928,0.0013540000000000219,0.3311623848381317,100.00592703152061,0.012294999999999945,0.08963484640587534,1.140644,0.5,-90.0,0.0,9.956821304601933,10.193126889564148,19.913642609203865,1.030143022698988,0.003181725442843912,0.008736543827514341,0.004368271913757171,1.0290000438690186,1.0390000343322754,4322,1.030143022698988,0.9956821304601933,-0.00026775791974387175,0.00026775791974387175
79,0,20,1000,1,1.0,79_0_20_1000_1,valid,,4.399315,True,True,8684.791259529951,0.0013529999999999376,0.34194041861893326,8684.791259529951,0.0013529999999999376,0.34194041861893326,99.99953157042238,0.012427999999999884,0.09403734190505572,0.29975,0.5,-90.0,0.0,9.879689697917549,9.797821279161063,19.759379395835097,1.0215728809521198,0.0043713624127823675,-0.0001569919519154163,-7.849597595770815e-05,1.0190000534057617,1.0290000438690186,4323,1.0215728809521198,0.9879689697917549,-0.00026775791974387175,0.00026775791974387175
79,45,20,500,0,0.5,79_45_20_500_0,valid,,4.359715,True,True,8665.685156745127,0.0013090000000000046,0.34341266077345695,8665.685156745127,0.0013090000000000046,0.34341266077345695,100.00539743998404,0.012609000000000314,0.08629048947414307,0.330427,0.5,-135.00401829288344,0.23899223117355461,9.851885383341232,9.606378550993282,19.703770766682464,0.5388178727812967,0.0013371075528246655,0.0021454305465514385,0.0010727152732757192,0.5289999842643738,0.5389999747276306,4285,1.0776357455625933,0.9851885383341232,-0.004286050803187891,0.004286050803187891
79,45,20,500,1,0.5,79_45_20_500_1,valid,,2.400409,True,True,8654.995122723996,0.0013180000000003744,0.351750759145096,8654.995122723996,0.0013180000000003744,0.351750759145096,100.01353476578268,0.012527000000000399,0.09129396049031326,0.729501357,0.5,-134.98749183946305,0.2026039778505037,10.011588382316209,10.06211872655289,20.023176764632417,0.5389999747276306,0.0,0.0,0.0,0.5389999747276306,0.5389999747276306,4355,1.0779999494552612,1.0011588382316208,0.012240402617209156,0.012240402617209156
79,45,20,1000,0,1.0,79_45_20_1000_0,valid,,4.360685,True,True,8627.689403979855,0.001675000000000093,0.335651665999798,8627.689403979855,0.001675000000000093,0.335651665999798,100.02505617674687,0.012388999999999983,0.09514528397781759,0.309338298,0.5,-135.06573733487136,0.3582777082958444,9.85548565123719,9.85974566666422,19.71097130247438,1.0390000343322754,0.0,0.0,0.0,1.0390000343322754,1.0390000343322754,4368,1.0390000343322754,0.985548565123719,-0.06600509279110156,0.06600509279110156
79,45,20,1000,1,1.0,79_45_20_1000_1,valid,,4.369749,True,True,8656.483054572058,0.0013449999999997075,0.34552615139545756,8656.483054572058,0.0013449999999997075,0.34552615139545756,99.9765908470212,0.012353000000000058,0.08913352404593045,0.290297951,0.5,-134.9750401240976,0.1869718858844578,9.935607977473998,10.011630622011293,19.871215954947996,1.0390000343322754,0.0,0.0,0.0,1.0390000343322754,1.0390000343322754,4269,1.0390000343322754,0.9935607977473998,0.024692117982652917,0.024692117982652917
79,90,20,500,0,0.5,79_90_20_500_0,valid,,4.411685,True,True,8693.52753390078,0.001132000000000133,0.32263094068694764,8693.52753390078,0.001132000000000133,0.32263094068694764,99.99211444300731,0.012467000000000006,0.0936456055095337,0.278934893,0.5,180.0,0.0,9.791281821915353,9.772946679477364,19.582563643830706,0.5200947406170839,0.0031223368057084334,-0.0056424902936215,-0.00282124514681075,0.5189999938011169,0.5289999842643738,4361,1.0401894812341679,0.9791281821915353,-0.00026775791980071517,0.00026775791980071517
79,90,20,500,1,0.5,79_90_20_500_1,valid,,2.931083,True,True,8668.28413478107,0.0011550000000000171,0.32032428623541015,8668.28413478107,0.0011550000000000171,0.32032428623541015,99.98717644139542,0.012274000000000007,0.08982374217568678,1.769305,0.5,180.0,0.0,9.991523602375363,10.065228462175305,19.983047204750726,0.528999984264374,2.2204460492503136e-16,1.1832911483176922e-30,5.916455741588461e-31,0.5289999842643738,0.5289999842643738,4334,1.057999968528748,0.9991523602375363,-0.00026775791980071517,0.00026775791980071517
79,90,20,1000,0,1.0,79_90_20_1000_0,valid,,4.420308,True,True,8632.773832536455,0.0014799999999999258,0.3391126709364795,8632.773832536455,0.0014799999999999258,0.3391126709364795,100.02531128303809,0.01215300000000008,0.0904404812414706,0.289232477,0.5,180.0,0.0,9.777363187637638,9.944991978580184,19.554726375275276,1.0190000534057617,0.0,0.0,0.0,1.0190000534057617,1.0190000534057617,4361,1.0190000534057617,0.9777363187637638,-0.00026775791980071517,0.00026775791980071517
79,90,20,1000,1,1.0,79_90_20_1000_1,valid,,2.968839,True,True,8649.620152222467,0.0012919999999998488,0.33552593172653294,8649.620152222467,0.0012919999999998488,0.33552593172653294,99.98649979850897,0.012097999999999942,0.09234873257518308,1.720733,0.5,180.0,0.0,9.939517019982036,9.746312033234243,19.879034039964072,1.0192324231841563,0.0015065523070855818,-0.0026073446813350254,-0.0013036723406675127,1.0190000534057617,1.0290000438690186,4303,1.0192324231841563,0.9939517019982036,-0.00026775791980071517,0.00026775791980071517
79,135,20,500,0,0.5,79_135_20_500_0,valid,,3.7495910000000006,True,True,8646.284178704462,0.001388000000000389,0.3404211054361785,8646.284178704462,0.001388000000000389,0.3404211054361785,99.99597625752907,0.012292000000000414,0.09061750680198953,0.899825,0.5,134.99612582872777,0.25218719564753656,9.931620716276036,10.057524965013574,19.863241432552073,0.5189999938011168,1.1102230246251564e-16,2.5884492684942676e-31,1.2942246342471338e-31,0.5189999938011169,0.5189999938011169,4251,1.0379999876022337,0.9931620716276036,-0.004141929191973759,0.004141929191973759
79,135,20,500,1,0.5,79_135_20_500_1,valid,,2.840471,True,True,8662.050232873604,0.0009870000000002932,0.33123705846180035,8662.050232873604,0.0009870000000002932,0.33123705846180035,99.99618675798973,0.012223000000000095,0.08937991138473986,0.280000027,0.5,135.0202012695986,0.18414453094551958,9.951598535325633,9.964618208030119,19.903197070651267,0.5123030648034055,0.003927279635119751,0.020564690572681982,0.010282345286340991,0.5099999904632568,0.5189999938011169,4314,1.024606129606811,0.9951598535325633,0.01993351167880064,0.01993351167880064
79,135,20,1000,0,1.0,79_135_20_1000_0,valid,,2.268624,True,True,8654.010506630972,0.0013570000000000526,0.3455588673154204,8654.010506630972,0.0013570000000000526,0.3455588673154204,99.9725430378756,0.01251699999999989,0.09517865517205593,0.280568691,0.5,134.98527242958065,0.26071886836388086,9.994364821938113,10.108662700262272,19.988729643876226,1.0038132255980794,0.004447260545877995,0.022115878404295304,0.011057939202147652,1.0,1.0089999437332153,4343,1.0038132255980794,0.9994364821938113,-0.014995328339068692,0.014995328339068692
79,135,20,1000,1,1.0,79_135_20_1000_1,valid,,4.379881,True,True,8636.54763499838,0.0013960000000001749,0.33647537132652255,8636.54763499838,0.0013960000000001749,0.33647537132652255,100.00365124892998,0.01254299999999997,0.09516398529011967,0.280557,0.5,134.98587404076696,0.2767994282431999,10.047678333859421,10.096506152560845,20.095356667718843,1.0021115162010032,0.0038137942175349407,0.019156007504548885,0.009578003752274442,1.0,1.0089999437332153,4357,1.0021115162010032,1.0047678333859422,-0.014393717152756835,0.014393717152756835
79,180,20,500,0,0.5,79_180_20_500_0,valid,,2.928775,True,True,8674.820283414287,0.0013129999999996755,0.33028139312714494,8674.820283414287,0.0013129999999996755,0.33028139312714494,100.01384807127141,0.012338999999999989,0.09467312104837905,1.760639,0.5,90.0,0.0,10.142251861891557,10.23144772728663,20.284503723783114,0.4951583714973414,0.004997486597827192,0.029969870927532057,0.014984935463766029,0.49000000953674316,0.5,4326,0.9903167429946828,1.0142251861891558,-0.00026775791980071517,0.00026775791980071517
79,180,20,500,1,0.5,79_180_20_500_1,valid,,4.398908,True,True,8618.103842621023,0.001598999999999684,0.3539607253799201,8618.103842621023,0.001598999999999684,0.3539607253799201,100.01408735010845,0.012292999999999665,0.08879654795449961,0.29002,0.5,90.0,0.0,9.998204745844356,10.088368937764102,19.996409491688713,0.47999998927116394,0.0,0.0,0.0,0.47999998927116394,0.47999998927116394,4314,0.9599999785423279,0.9998204745844357,-0.00026775791980071517,0.00026775791980071517
79,180,20,1000,0,1.0,79_180_20_1000_0,valid,,4.401054,True,True,8650.413167866967,0.0013410000000000366,0.3592570556483635,8650.413167866967,0.0013410000000000366,0.3592570556483635,99.99855399239642,0.01252999999999993,0.09275066644987306,0.279071842,0.5,90.0,0.0,9.873937970015819,9.907648869712354,19.747875940031637,0.9697644174305796,0.0015167765046570556,0.0027498989682890975,0.0013749494841445488,0.9599999785423279,0.9700000286102295,4331,0.9697644174305796,0.9873937970015818,-0.00026775791980071517,0.00026775791980071517
79,180,20,1000,1,1.0,79_180_20_1000_1,valid,,4.460244,True,True,8667.165045132942,0.001464000000000354,0.35054765946551936,8667.165045132942,0.001464000000000354,0.35054765946551936,100.01210563195252,0.012202000000000005,0.08632667825612836,0.299406146,0.5,90.0,0.0,9.845992423242194,9.773749967617263,19.691984846484388,0.9599999785423278,1.1102230246251564e-16,1.4791139219169921e-31,7.395569609584961e-32,0.9599999785423279,0.9599999785423279,4324,0.9599999785423278,0.9845992423242194,-0.00026775791980071517,0.00026775791980071517
79,225,20,500,0,0.5,79_225_20_500_0,valid,,4.379303,True,True,8603.296095635744,0.0013630000000004472,0.35228465137064724,8603.296095635744,0.0013630000000004472,0.35228465137064724,99.99822940760808,0.012357000000000617,0.09622982721085703,0.320614,0.5,45.02886379823593,0.2024424350586429,9.996206156974987,9.973375762801776,19.992412313949973,0.460999995470047,0.0,0.0,0.0,0.460999995470047,0.460999995470047,4231,0.921999990940094,0.9996206156974987,0.02859604031618801,0.02859604031618801
79,225,20,500,1,0.5,79_225_20_500_1,valid,,3.798577,True,True,8640.655602787385,0.001394999999999591,0.34428935718295667,8640.655602787385,0.001394999999999591,0.34428935718295667,100.02063433818154,0.012357999999999869,0.09095191846329011,0.28106131,0.5,45.04724508168862,0.1933653773062687,9.967857252420057,10.029756726856704,19.935714504840114,0.460999995470047,0.0,0.0,0.0,0.460999995470047,0.460999995470047,4367,0.921999990940094,0.9967857252420057,0.04697732376894237,0.04697732376894237
79,225,20,1000,0,1.0,79_225_20_1000_0,valid,,4.3906,True,True,8664.840133141499,0.0013110000000000066,0.33089577180661855,8664.840133141499,0.0013110000000000066,0.33089577180661855,99.9813607602894,0.012389999999999984,0.09217873394979341,0.269112,0.5,44.984155953231586,0.3147580111206878,9.772754783765683,9.744257487997883,19.545509567531365,0.9440017911184626,0.004583360515882564,0.024947406407524766,0.012473703203762383,0.9409999847412109,0.9509999752044678,4280,0.9440017911184626,0.9772754783765683,-0.016111804688080156,0.016111804688080156
79,225,20,1000,1,1.0,79_225_20_1000_1,valid,,4.3893510000000004,True,True,8653.89048165495,0.0014669999999999996,0.3596899853150176,8653.89048165495,0.0014669999999999996,0.3596899853150176,100.01143581906454,0.012720999999999982,0.0952408296991046,0.280695321,0.5,44.988175591336095,0.20343526482083973,9.920221556996266,10.204350213672695,19.84044311399253,0.9433968452953845,0.004660376283119063,0.023670161190155723,0.011835080595077862,0.9309999942779541,0.9509999752044678,4298,0.9433968452953845,0.9920221556996266,-0.012092166583670405,0.012092166583670405
79,270,20,500,0,0.5,79_270_20_500_0,valid,,4.400524,True,True,8708.29513223473,0.0014119999999999688,0.3208555070259181,8708.29513223473,0.0014119999999999688,0.3208555070259181,99.99919087791612,0.012586999999999904,0.0912642916750804,0.288900095,0.5,0.0,0.0,9.924425457764432,9.928002616870977,19.848850915528864,0.4797645394957065,0.0015162647896679678,-0.002018272670234846,-0.001009136335117423,0.4699999988079071,0.47999998927116394,4339,0.959529078991413,0.9924425457764432,-0.00026775791980071517,0.00026775791980071517
79,270,20,500,1,0.5,79_270_20_500_1,valid,,4.419569,True,True,8659.611940268787,0.0012729999999998576,0.33192374476651226,8659.611940268787,0.0012729999999998576,0.33192374476651226,100.00808830355602,0.01252399999999998,0.08877085174477456,0.279925593,0.5,0.0,0.0,9.992348155690296,10.124402598257198,19.984696311380592,0.47999998927116394,0.0,0.0,0.0,0.47999998927116394,0.47999998927116394,4326,0.9599999785423279,0.9992348155690296,-0.00026775791980071517,0.00026775791980071517
79,270,20,1000,0,1.0,79_270_20_1000_0,valid,,3.290966,True,True,8636.86839099327,0.0012010000000000076,0.34143309831530283,8636.86839099327,0.0012010000000000076,0.34143309831530283,99.98912643098255,0.012342999999999993,0.0855568969054693,1.399419,0.5,0.0,0.0,9.886817865752747,9.970618282361864,19.773635731505493,0.9661782175353193,0.00485922444499704,0.007963419132669456,0.003981709566334728,0.9599999785423279,0.9700000286102295,4340,0.9661782175353193,0.9886817865752746,-0.00026775791980071517,0.00026775791980071517
79,270,20,1000,1,1.0,79_270_20_1000_1,valid,,2.220449,True,True,8598.882781015383,0.0013359999999999995,0.3614962203894451,8598.882781015383,0.0013359999999999995,0.3614962203894451,100.02463827571043,0.012183000000000277,0.08345683823925448,0.280102106,0.5,0.0,0.0,9.880176735866607,9.936444307628435,19.760353471733215,0.9605174190130307,0.0022151040547717426,-0.0058879936969150415,-0.0029439968484575208,0.9599999785423279,0.9700000286102295,4269,0.9605174190130307,0.9880176735866607,-0.00026775791980071517,0.00026775791980071517
79,315,20,500,0,0.5,79_315_20_500_0,valid,,4.370824,True,True,8609.732354177133,0.0012659999999999894,0.3489512722602961,8609.732354177133,0.0012659999999999894,0.3489512722602961,99.99956088017177,0.012233999999999856,0.08967632800627154,0.289509851,0.5,-44.99431730878762,0.2564676828178847,9.982209921098669,9.995891305393414,19.964419842197337,0.4944988622662988,0.0049748174347329695,0.028384409519679066,0.014192204759839533,0.49000000953674316,0.5,4209,0.9889977245325976,0.9982209921098668,0.005414933292627211,0.005414933292627211
79,315,20,500,1,0.5,79_315_20_500_1,valid,,4.379451,True,True,8628.845562033413,0.0013670000000001181,0.34790164808455587,8628.845562033413,0.0013670000000001181,0.34790164808455587,99.99195490924117,0.01243599999999967,0.09090417460814457,0.289794,0.5,-45.004124675288516,0.22886297224761165,9.95644775947686,9.925971427780174,19.91289551895372,0.49201376517627426,0.004010277473554365,0.019298806991880264,0.009649403495940132,0.49000000953674316,0.5,4308,0.9840275303525485,0.9956447759476861,-0.004392433208295188,0.004392433208295188
79,315,20,1000,0,1.0,79_315_20_1000_0,valid,,2.588335,True,True,8615.410446590378,0.0011609999999999676,0.3414078662284669,8615.410446590378,0.0011609999999999676,0.3414078662284669,100.03292143755418,0.01266899999999982,0.08929062957480596,2.061313576,0.5,-44.99505426085409,0.2116844139969273,9.89598621082979,9.846005801293598,19.79197242165958,1.0150596417107371,0.004886481840643996,0.02655028919404798,0.01327514459702399,1.0089999437332153,1.0190000534057617,4344,1.0150596417107371,0.989598621082979,0.0046779812262229825,0.0046779812262229825
79,315,20,1000,1,1.0,79_315_20_1000_1,valid,,4.39032,True,True,8626.695486729175,0.001342999999999983,0.35034724272371637,8626.695486729175,0.001342999999999983,0.35034724272371637,100.01646840810379,0.012341999999999853,0.09860594729117736,0.279561095,0.5,-44.967000660412424,0.16056461343846706,9.958334613158089,10.004688806939596,19.916669226316177,0.988597370874405,0.003472603926406213,0.01175465312291587,0.005877326561457935,0.9800000190734863,0.9900000095367432,4247,0.988597370874405,0.9958334613158089,0.032731581667803766,0.032731581667803766
79,0,40,500,0,0.5,79_0_40_500_0,valid,,1.4712839999999998,True,True,8572.58092961129,0.0011970000000000036,0.355644385305231,8572.58092961129,0.0011970000000000036,0.355644385305231,100.02673791648152,0.012235999999999914,0.09571758941361246,0.309427,0.5,-90.0,0.0,20.02258660505359,20.241133005201895,40.04517321010718,0.5284653371142536,0.0022495819227754976,-0.004473470944792565,-0.0022367354723962824,0.5189999938011169,0.5289999842643738,4242,1.0569306742285072,1.0011293302526796,-0.00026775791974387175,0.00026775791974387175
79,0,40,500,1,0.5,79_0_40_500_1,valid,,2.111075,True,True,8606.368206847019,0.0012449999999999406,0.3353053541803828,8606.368206847019,0.0012449999999999406,0.3353053541803828,100.00762510245035,0.012380000000000058,0.08971899918303529,0.299001822,0.5,-90.0,0.0,19.90885140788677,19.88026101132223,39.81770281577354,0.5269592362105846,0.004030236774279792,-0.010094139936642576,-0.005047069968321288,0.5189999938011169,0.5289999842643738,4320,1.0539184724211692,0.9954425703943386,-0.00026775791974387175,0.00026775791974387175
79,0,40,1000,0,1.0,79_0_40_1000_0,valid,,2.130788,True,True,8643.461704306375,0.0011479999999999269,0.34642839261093333,8643.461704306375,0.0011479999999999269,0.34642839261093333,99.99934866324625,0.012307000000000068,0.08839977656112884,0.288596,0.5,-90.0,0.0,19.75475270310039,19.737025388229863,39.50950540620078,1.02918311315443,0.0013405882085740558,-0.0021566152771937473,-0.0010783076385968737,1.0290000438690186,1.0390000343322754,4288,1.02918311315443,0.9877376351550196,-0.00026775791974387175,0.00026775791974387175
79,0,40,1000,1,1.0,79_0_40_1000_1,valid,,2.1315779999999998,True,True,8594.764940596417,0.002034,0.3680770049092772,8594.764940596417,0.002034,0.3680770049092772,100.01954227979928,0.012285000000000101,0.09427447885066123,0.299071,0.5,-90.0,0.0,19.78222084556065,19.791795836076663,39.5644416911213,1.0211652415008754,0.004118715918228939,-0.011281383461414175,-0.0056406917307070875,1.0190000534057617,1.0290000438690186,4286,1.0211652415008754,0.9891110422780326,-0.00026775791974387175,0.00026775791974387175
79,45,40,500,0,0.5,79_45_40_500_0,valid,,2.1195340000000003,True,True,8646.658654926954,0.0013130000000001196,0.34324057530276697,8646.658654926954,0.0013130000000001196,0.34324057530276697,99.9990839778567,0.012550000000000061,0.08998490863453816,0.280442145,0.5,-135.0071002659332,0.08804577337971864,19.83543233407625,19.992598148190456,39.6708646681525,0.537009619525783,0.003992745823045533,0.01583852941416624,0.00791926470708312,0.5289999842643738,0.5389999747276306,4316,1.074019239051566,0.9917716167038124,-0.007368023852933447,0.007368023852933447
79,45,40,500,1,0.5,79_45_40_500_1,valid,,2.128373,True,True,8672.312049005033,0.0019019999999999996,0.3568103153023029,8672.312049005033,0.0019019999999999996,0.3568103153023029,99.9871772169676,0.012477000000000071,0.09629380453093288,0.270391,0.5,-135.01610930135746,0.12782761040190138,19.836156105014183,19.989918242934937,39.672312210028366,0.5374519979838978,0.0036171149657613397,0.011890347348959912,0.005945173674479956,0.5289999842643738,0.5389999747276306,4336,1.0749039959677955,0.9918078052507091,-0.016377059277203898,0.016377059277203898
79,45,40,1000,0,1.0,79_45_40_1000_0,valid,,2.1201820000000002,True,True,8612.63973913452,0.0014459999999999473,0.35260806929137206,8612.63973913452,0.0014459999999999473,0.35260806929137206,99.97108116234575,0.012073999999999696,0.08747869476806151,0.269907,0.5,-134.99658487669313,0.1144743515276488,19.72203712133005,19.810973320156304,39.4440742426601,1.03856384326826,0.0024897901054104664,0.005087437981217649,0.0025437189906088245,1.0190000534057617,1.0390000343322754,4263,1.03856384326826,0.9861018560665025,0.003147365387121681,0.003147365387121681
79,45,40,1000,1,1.0,79_45_40_1000_1,valid,,2.121294,True,True,8648.97289387366,0.0009699999999999154,0.3300791174002634,8648.97289387366,0.0009699999999999154,0.3300791174002634,100.02115389921548,0.01268799999999981,0.10111830892716572,0.279265,0.5,-135.01550545327848,0.10321039561171119,19.710427290852966,19.347572534898966,39.42085458170593,1.035793317050442,0.00466734469597919,0.021281452914622228,0.010640726457311114,1.0290000438690186,1.0390000343322754,4308,1.035793317050442,0.9855213645426483,-0.015773211198222725,0.015773211198222725
79,90,40,500,0,0.5,79_90_40_500_0,valid,,2.130206,True,True,8696.275670405017,0.0009979999999999989,0.3068389983448708,8696.275670405017,0.0009979999999999989,0.3068389983448708,99.96862523146581,0.012222999999999873,0.08917680187664986,0.309358,0.5,180.0,0.0,19.790629305557797,19.758440427310244,39.581258611115594,0.5273783781308594,0.00529294419933027,0.02556473321465271,0.012782366607326356,0.5189999938011169,0.5389999747276306,4331,1.0547567562617188,0.9895314652778898,-0.00026775791980071517,0.00026775791980071517
79,90,40,500,1,0.5,79_90_40_500_1,valid,,2.121147,True,True,8626.343194767314,0.0016510000000000136,0.3535480957987754,8626.343194767314,0.0016510000000000136,0.3535480957987754,99.98800143982722,0.012105000000000032,0.09243741076439177,0.309571,0.5,180.0,0.0,19.76833800935059,19.806973477373656,39.53667601870118,0.5258155564412837,0.0061344942513947825,0.03685409191301884,0.01842704595650942,0.5189999938011169,0.5389999747276306,4256,1.0516311128825675,0.9884169004675295,-0.00026775791980071517,0.00026775791980071517
79,90,40,1000,0,1.0,79_90_40_1000_0,valid,,2.120326,True,True,8609.954364823448,0.001403000000000043,0.36046885557219804,8609.954364823448,0.001403000000000043,0.36046885557219804,100.00092308544387,0.012127999999999917,0.08588741614629057,0.309969,0.5,180.0,0.0,19.694727531031877,19.5407412420843,39.38945506206375,1.0155988721043867,0.006077841470359492,0.036233222891455155,0.018116611445727578,1.0089999437332153,1.0290000438690186,4309,1.0155988721043867,0.9847363765515939,-0.00026775791980071517,0.00026775791980071517
79,90,40,1000,1,1.0,79_90_40_1000_1,valid,,2.1302659999999998,True,True,8663.344030855493,0.0013889999999999736,0.3308529862411924,8663.344030855493,0.0013889999999999736,0.3308529862411924,99.97093152913999,0.012099000000000082,0.09263248175510877,0.299503,0.5,180.0,0.0,19.716775131607836,19.801683420118838,39.43355026321567,1.0128668237018075,0.004869955141990021,0.027667048064349643,0.013833524032174822,1.0089999437332153,1.0190000534057617,4322,1.0128668237018075,0.9858387565803918,-0.00026775791980071517,0.00026775791980071517
79,135,40,500,0,0.5,79_135_40_500_0,valid,,2.100391,True,True,8636.393945455759,0.0011309999999999931,0.3462193074956208,8636.393945455759,0.0011309999999999931,0.3462193074956208,100.05101838189245,0.012503999999999849,0.09999251103345318,0.299456949,0.5,134.98931757441358,0.13797796989291555,19.81737675169984,19.869959206730222,39.63475350339968,0.5128433727848392,0.00589842730002534,0.03486624324180858,0.01743312162090429,0.5,0.5189999938011169,4336,1.0256867455696783,0.990868837584992,-0.010950183506110989,0.010950183506110989
79,135,40,500,1,0.5,79_135_40_500_1,valid,,2.101591,True,True,8568.185783952073,0.0018739999999999313,0.3888219271167715,8568.185783952073,0.0018739999999999313,0.3888219271167715,100.0389040182293,0.01214000000000004,0.08539407581320767,0.308974014,0.5,135.00780241518066,0.11702319743118039,19.94080925252379,20.36449825748876,39.88161850504758,0.5129200337304389,0.005579061691147172,0.03283642331085978,0.01641821165542989,0.5,0.5189999938011169,4124,1.0258400674608779,0.9970404626261894,0.007534657260976019,0.007534657260976019
79,135,40,1000,0,1.0,79_135_40_1000_0,valid,,2.100076,True,True,8648.084960256709,0.0012100000000000001,0.32875032839361057,8648.084960256709,0.0012100000000000001,0.32875032839361057,100.04745545971613,0.012364000000000042,0.09191877076241638,0.329504,0.5,134.99169481213985,0.12237569365233014,20.051116867404335,20.21370811068273,40.10223373480867,1.0071554873445798,0.0036329030191448075,0.0171244552054944,0.0085622276027472,1.0,1.0089999437332153,4349,1.0071554873445798,1.0025558433702169,-0.008572945779860675,0.008572945779860675
79,135,40,1000,1,1.0,79_135_40_1000_1,valid,,2.059724,True,True,8637.088756318175,0.0012460000000000804,0.34139592772521266,8637.088756318175,0.0012460000000000804,0.34139592772521266,99.98268499095177,0.012283000000000044,0.0915544674664974,0.36003998,0.5,134.98649498660964,0.0943523826299213,19.926864739467625,20.14933818380375,39.85372947893525,1.007131087057128,0.003650613599721816,0.017416555897174064,0.008708277948587032,1.0,1.0089999437332153,4277,1.007131087057128,0.9963432369733812,-0.01377277131007304,0.01377277131007304
79,180,40,500,0,0.5,79_180_40_500_0,valid,,2.118938,True,True,8615.518839631386,0.002013000000000001,0.3867493779987459,8615.518839631386,0.002013000000000001,0.3867493779987459,100.02947433365861,0.012227999999999906,0.0943406389684221,0.280500346,0.5,90.0,0.0,19.581686585207407,19.40793502730948,39.163373170414815,0.48110263150572774,0.0031321916917516263,0.009053049548948863,0.004526524774474431,0.47999998927116394,0.49000000953674316,4245,0.9622052630114555,0.9790843292603704,-0.00026775791980071517,0.00026775791980071517
79,180,40,500,1,0.5,79_180_40_500_1,valid,,2.1217370000000004,True,True,8567.250169451565,0.001774999999999971,0.3771971682845402,8567.250169451565,0.001774999999999971,0.3771971682845402,100.00210336527373,0.012115000000000098,0.08407928782133044,0.299237,0.5,90.0,0.0,19.687741195105268,19.70294951694281,39.375482390210536,0.4818344625488228,0.0038703330278940396,0.017975332394868884,0.008987666197434442,0.47999998927116394,0.49000000953674316,4226,0.9636689250976456,0.9843870597552634,-0.00026775791980071517,0.00026775791980071517
79,180,40,1000,0,1.0,79_180_40_1000_0,valid,,2.110343,True,True,8587.157572379861,0.001206999999999958,0.3473117695277106,8587.157572379861,0.001206999999999958,0.3473117695277106,100.06958685116419,0.012275000000000036,0.08848942211023131,0.32042595,0.5,90.0,0.0,19.692349935150762,19.17099083879086,39.384699870301525,0.9694999088112413,0.004745345327641797,0.021963469422095403,0.010981734711047702,0.9599999785423279,0.9800000190734863,4241,0.9694999088112413,0.9846174967575381,-0.00026775791980071517,0.00026775791980071517
79,180,40,1000,1,1.0,79_180_40_1000_1,valid,,2.130491,True,True,8563.341548322589,0.0010809999999999986,0.3584617732927484,8563.341548322589,0.0010809999999999986,0.3584617732927484,100.00348671160565,0.012317000000000022,0.09646270717967283,0.290084,0.5,90.0,0.0,19.464352809314164,19.560745759874063,38.92870561862833,0.9626472306164972,0.004411882788544549,0.023357530301380616,0.011678765150690308,0.9599999785423279,0.9700000286102295,4188,0.9626472306164972,0.9732176404657082,-0.00026775791980071517,0.00026775791980071517
79,225,40,500,0,0.5,79_225_40_500_0,valid,,2.12074,True,True,8620.60443842887,0.0012119999999999909,0.3542340998338689,8620.60443842887,0.0012119999999999909,0.3542340998338689,100.04218508869329,0.012421000000000015,0.09289478722977121,0.279704675,0.5,45.02373019778829,0.1345402953729149,19.898581875025027,19.919025972158398,39.79716375005005,0.46302370152896644,0.004305989945452517,0.021782709256517662,0.010891354628258831,0.45100000500679016,0.4699999988079071,4265,0.9260474030579329,0.9949290937512514,0.023462439868580987,0.023462439868580987
79,225,40,500,1,0.5,79_225_40_500_1,valid,,1.921391,True,True,8572.754487601325,0.004032999999999953,0.44181726173791885,8572.754487601325,0.004032999999999953,0.44181726173791885,99.99645050767283,0.012278000000000011,0.09414973828346519,0.489075,0.5,44.99525298759962,0.133617132637724,19.970105236254163,19.939872011176945,39.940210472508326,0.46789635922511047,0.004004594218532018,0.0208070740882248,0.0104035370441124,0.460999995470047,0.47999998927116394,4191,0.9357927184502209,0.9985052618127082,-0.005014770320144635,0.005014770320144635
79,225,40,1000,0,1.0,79_225_40_1000_0,valid,,2.1114949999999997,True,True,8586.030171271173,0.001382999999999912,0.3634681617272909,8586.030171271173,0.001382999999999912,0.3634681617272909,100.05946281817094,0.012090000000000156,0.08960672989336647,0.299105518,0.5,44.98973541258627,0.1029382699475434,20.02973989244468,20.04666221649505,40.05947978488936,0.9479248784971113,0.004614620026346971,0.025553681123896357,0.012776840561948178,0.9409999847412109,0.9509999752044678,4241,0.9479248784971113,1.001486994622234,-0.010532345333444937,0.010532345333444937
79,225,40,1000,1,1.0,79_225_40_1000_1,valid,,2.040282,True,True,8540.059105004246,0.0014089999999999936,0.38184473994248835,8540.059105004246,0.0014089999999999936,0.38184473994248835,99.98862724774052,0.012541999999999998,0.09645533995041103,0.379635526,0.5,44.99141047121751,0.11756555673586888,19.969496718307024,20.080319564480256,39.93899343661405,0.9479443244959642,0.005177373932112195,0.03002533495001044,0.01501266747500522,0.9409999847412109,0.9599999785423279,4262,0.9479443244959642,0.9984748359153512,-0.008857286702209421,0.008857286702209421
79,270,40,500,0,0.5,79_270_40_500_0,valid,,2.111388,True,True,8579.389619758418,0.001415000000000055,0.3733423712758808,8579.389619758418,0.001415000000000055,0.3733423712758808,99.99977011547098,0.012424999999999908,0.09306558485779588,0.309058037,0.5,0.0,0.0,19.890739173999805,19.905066919501742,39.78147834799961,0.4764863526220322,0.00477395962284407,0.011416990654798835,0.0057084953273994175,0.4699999988079071,0.47999998927116394,4218,0.9529727052440644,0.9945369586999903,-0.00026775791980071517,0.00026775791980071517
79,270,40,500,1,0.5,79_270_40_500_1,valid,,0.8709550000000001,True,False,8661.627192995855,0.0013530000000000486,0.342363905776558,8661.627192995855,0.0013530000000000486,0.342363905776558,99.97762952657337,0.012130999999999892,0.08911416460760033,1.198717,0.5,0.0,0.0,19.81866111581133,19.942901964734162,39.63732223162266,0.5069145676957709,0.009819933798792781,0.06506331314038244,0.03253165657019122,0.49000000953674316,0.5189999938011169,4385,1.0138291353915418,0.9909330557905666,-0.00026775791980071517,0.00026775791980071517
79,270,40,1000,0,1.0,79_270_40_1000_0,valid,,2.1179569999999996,True,True,8637.361138045244,0.0013800000000000062,0.3478926801953753,8637.361138045244,0.0013800000000000062,0.3478926801953753,100.0384763370527,0.012220999999999815,0.09481772539754629,0.290491606,0.5,0.0,0.0,19.784484271075822,19.7833094218023,39.568968542151644,0.9602817478330805,0.0016547849050291578,-0.002892189441960326,-0.001446094720980163,0.9599999785423279,0.9700000286102295,4221,0.9602817478330805,0.9892242135537911,-0.00026775791980071517,0.00026775791980071517
79,270,40,1000,1,1.0,79_270_40_1000_1,valid,,2.1194789999999997,True,True,8625.864944126046,0.0016720000000000068,0.34898352162060986,8625.864944126046,0.0016720000000000068,0.34898352162060986,100.00442327256782,0.012355000000000005,0.0859609363670704,0.300822,0.5,0.0,0.0,19.623959351957478,19.69963034896814,39.247918703914955,0.9599999785423277,2.2204460492503128e-16,3.697784777413563e-31,1.8488923887067816e-31,0.9599999785423279,0.9599999785423279,4205,0.9599999785423277,0.9811979675978739,-0.00026775791980071517,0.00026775791980071517
79,315,40,500,0,0.5,79_315_40_500_0,valid,,2.129887,True,True,8643.939161632577,0.003217999999999943,0.3662902643268357,8643.939161632577,0.003217999999999943,0.3662902643268357,99.98404100883897,0.012445999999999735,0.08918188718160164,0.290293,0.5,-44.98867195999088,0.14518090889437474,19.848156252037686,19.683308077826126,39.69631250407537,0.49000000953674316,0.0,0.0,0.0,0.49000000953674316,0.49000000953674316,4244,0.9800000190734863,0.9924078126018843,0.011060282089374596,0.011060282089374596
79,315,40,500,1,0.5,79_315_40_500_1,valid,,1.429592,True,True,8617.8644270364,0.0012659999999999894,0.36569929067559004,8617.8644270364,0.0012659999999999894,0.36569929067559004,100.02400576138274,0.012053000000000313,0.09191125543804578,0.299934,0.5,-45.0022387328008,0.11469794767962606,19.92599941124075,20.047912561705292,39.8519988224815,0.49000000953674316,0.0,0.0,0.0,0.49000000953674316,0.49000000953674316,4298,0.9800000190734863,0.9962999705620375,-0.00250649072052056,0.00250649072052056
79,315,40,1000,0,1.0,79_315_40_1000_0,valid,,2.118873,True,True,8617.03814398956,0.0026209999999999845,0.4085639543295308,8617.03814398956,0.0026209999999999845,0.4085639543295308,100.00229890342307,0.012000999999999928,0.08827782807624465,0.299752,0.5,-45.01779483242913,0.13490686213436184,19.923426034294344,19.988606438100316,39.84685206858869,0.9895330299820899,0.002109910232356707,0.00530277421691148,0.00265138710845574,0.9800000190734863,0.9900000095367432,4168,0.9895330299820899,0.9961713017147172,-0.01806259034890445,0.01806259034890445
79,315,40,1000,1,1.0,79_315_40_1000_1,valid,,2.120012,True,True,8654.378702632303,0.0011680000000000579,0.34586782373387515,8654.378702632303,0.0011680000000000579,0.34586782373387515,100.07987925417962,0.012109999999999843,0.08943547608538037,0.280633744,0.5,-45.00878452588399,0.09781147130738217,19.860736169000173,19.9546605907212,39.721472338000346,0.9894935948996982,0.002192643554317347,0.005241390409648566,0.002620695204824283,0.9800000190734863,0.9900000095367432,4327,0.9894935948996982,0.9930368084500086,-0.009052283803725913,0.009052283803725913
79,0,60,500,0,0.5,79_0_60_500_0,valid,,1.36847,True,True,8616.382376784739,0.0011489999999999556,0.33905804036395754,8616.382376784739,0.0011489999999999556,0.33905804036395754,100.08681563566186,0.012494000000000005,0.09781208154569677,0.310608257,0.5,-90.0,0.0,29.6692257595906,29.849613197816783,59.3384515191812,0.5287992995957618,0.0014023446209922802,0.002359887737548934,0.001179943868774467,0.5189999938011169,0.5289999842643738,4306,1.0575985991915235,0.9889741919863533,-0.00026775791974387175,0.00026775791974387175
79,0,60,500,1,0.5,79_0_60_500_1,valid,,1.369792,True,True,8655.353976350823,0.0012639999999999318,0.36858067893016944,8655.353976350823,0.0012639999999999318,0.36858067893016944,100.01319545824894,0.012274000000000118,0.09467375965863861,0.309706625,0.5,-90.0,0.0,29.781954735904907,29.7637972991158,59.563909471809815,0.5283927973434328,0.00238813472439504,0.0018167535213129628,0.0009083767606564814,0.5189999938011169,0.5289999842643738,4345,1.0567855946868656,0.9927318245301636,-0.00026775791974387175,0.00026775791974387175
79,0,60,1000,0,1.0,79_0_60_1000_0,valid,,1.359906,True,True,8665.069468690017,0.0013250000000000206,0.355113436532224,8665.069468690017,0.0013250000000000206,0.355113436532224,99.98335355684237,0.012002000000000013,0.09191165983263024,0.309544,0.5,-90.0,0.0,30.02526871549761,29.940818711759288,60.05053743099522,1.0290000438690188,2.220446049250313e-16,3.697784713082372e-31,1.848892356541186e-31,1.0290000438690186,1.0290000438690186,4317,1.0290000438690188,1.000842290516587,-0.00026775791974387175,0.00026775791974387175
79,0,60,1000,1,1.0,79_0_60_1000_1,valid,,1.3788209999999999,True,True,8594.916555968315,0.0011569999999998526,0.36076095394699187,8594.916555968315,0.0011569999999998526,0.36076095394699187,99.94656702762755,0.012509000000000048,0.08604501881893364,0.351023,0.5,-90.0,0.0,29.682553484735422,29.96672726490116,59.365106969470844,1.0208881472651334,0.003913568980566644,-0.012338405298069306,-0.006169202649034653,1.0190000534057617,1.0290000438690186,4301,1.0208881472651334,0.9894184494911807,-0.00026775791974387175,0.00026775791974387175
79,45,60,500,0,0.5,79_45_60_500_0,valid,,1.3717100000000002,True,True,8622.81215291266,0.0011079999999998869,0.3467548305122313,8622.81215291266,0.0011079999999998869,0.3467548305122313,99.99697811329878,0.01249100000000003,0.09345818608956066,0.299332866,0.5,-134.99573773455603,0.062499488672804644,29.706658950607927,29.520250613019027,59.413317901215855,0.5368439094638167,0.004112421993725091,-0.011859548235147727,-0.0059297741175738635,0.5289999842643738,0.5389999747276306,4346,1.0736878189276333,0.9902219650202643,0.00399450752422581,0.00399450752422581
79,45,60,500,1,0.5,79_45_60_500_1,valid,,1.359219,True,True,8629.392052773761,0.0011939999999999729,0.35798292052207886,8629.392052773761,0.0011939999999999729,0.35798292052207886,99.99318727735034,0.012542000000000053,0.09114338394906676,0.310146,0.5,-134.99588038302193,0.09467227491006722,29.34392669880529,29.392857753875994,58.68785339761058,0.5356417081103263,0.004722783022034403,-0.01213645097389482,-0.00606822548694741,0.5289999842643738,0.5389999747276306,4311,1.0712834162206526,0.9781308899601764,0.00385185905832941,0.00385185905832941
79,45,60,1000,0,1.0,79_45_60_1000_0,valid,,1.358042,True,True,8647.365170784224,0.0011140000000000039,0.347998930091062,8647.365170784224,0.0011140000000000039,0.347998930091062,100.01806956284368,0.012013000000000051,0.09001404002658767,0.341046642,0.5,-135.0079976378969,0.08543011246856196,30.178276577696224,30.01413585856348,60.35655315539245,1.036325164043233,0.0044264823864635025,-0.023512515254844105,-0.011756257627422053,1.0290000438690186,1.0390000343322754,4310,1.036325164043233,1.0059425525898742,-0.0082653958166361,0.0082653958166361
79,45,60,1000,1,1.0,79_45_60_1000_1,valid,,1.3498940000000001,True,True,8601.268428773388,0.0014020000000001254,0.3510040231199169,8601.268428773388,0.0014020000000001254,0.3510040231199169,100.02723254498606,0.012189999999999979,0.08441296329460787,0.319604332,0.5,-135.00918188731222,0.05029347772160975,30.021682167548274,30.188571276359838,60.04336433509655,1.0341481789593696,0.004997800205947066,-0.007637724482882485,-0.0038188622414412426,1.0290000438690186,1.0390000343322754,4288,1.0341481789593696,1.0007227389182758,-0.009449645231967452,0.009449645231967452
79,90,60,500,0,0.5,79_90_60_500_0,valid,,1.370196,True,True,8611.895639768916,0.0013569999999998306,0.3659470384173737,8611.895639768916,0.0013569999999998306,0.3659470384173737,100.03179958260417,0.012586,0.09288489674036553,0.320057982,0.5,180.0,0.0,29.59941823829482,29.340246212973774,59.19883647658964,0.5321177909309989,0.006697736474777357,0.039952136364282465,0.019976068182141232,0.5189999938011169,0.5389999747276306,4290,1.0642355818619977,0.9866472746098274,-0.00026775791980071517,0.00026775791980071517
79,90,60,500,1,0.5,79_90_60_500_1,valid,,1.34913,True,True,8615.721243778948,0.001274999999999915,0.3508880726459467,8615.721243778948,0.001274999999999915,0.3508880726459467,99.98133681712747,0.012261999999999995,0.08555436115964357,0.310359,0.5,180.0,0.0,29.49353817746584,29.19053321295904,58.98707635493168,0.5304867745264588,0.007616550390519391,0.04760577281188632,0.02380288640594316,0.5189999938011169,0.5389999747276306,4280,1.0609735490529175,0.9831179392488614,-0.00026775791980071517,0.00026775791980071517
79,90,60,1000,0,1.0,79_90_60_1000_0,valid,,1.3603,True,True,8647.704978055224,0.0010930000000000106,0.33286995333025515,8647.704978055224,0.0010930000000000106,0.33286995333025515,100.0036980534176,0.011986000000000052,0.08825143706019269,0.309898,0.5,180.0,0.0,29.836568438962644,29.84515395455535,59.67313687792529,1.0191148593869104,0.008340809472764965,0.054043793986436654,0.027021896993218327,1.0089999437332153,1.0290000438690186,4319,1.0191148593869104,0.9945522812987548,-0.00026775791980071517,0.00026775791980071517
79,90,60,1000,1,1.0,79_90_60_1000_1,valid,,1.379342,True,True,8524.64330776366,0.001336999999999977,0.3719224680518026,8524.64330776366,0.001336999999999977,0.3719224680518026,100.08785489485214,0.0121,0.09216336414076397,0.310568386,0.5,180.0,0.0,29.33374801494393,29.427983576857194,58.66749602988786,1.017125322672935,0.007875867398855292,0.04560721057077779,0.022803605285388894,1.0089999437332153,1.0290000438690186,4307,1.017125322672935,0.977791600498131,-0.00026775791980071517,0.00026775791980071517
79,135,60,500,0,0.5,79_135_60_500_0,valid,,1.360745,True,True,8642.777989498412,0.0015859999999999763,0.3675897515432426,8642.777989498412,0.0015859999999999763,0.3675897515432426,100.00582451505417,0.011670999999999987,0.0896259710615953,0.308972189,0.5,134.99698166558852,0.07164268510656768,29.97861422038113,29.985865271321657,59.95722844076226,0.515520505061324,0.004949420147179711,0.02799765061220387,0.013998825306101935,0.5,0.5189999938011169,4289,1.031041010122648,0.999287140679371,-0.0032860923312227897,0.0032860923312227897
79,135,60,500,1,0.5,79_135_60_500_1,valid,,1.259972,True,True,8600.97612479599,0.0012289999999999246,0.36319129822672536,8600.97612479599,0.0012289999999999246,0.36319129822672536,100.04178828864974,0.011853999999999976,0.08559534203484111,0.299051,0.5,135.00925540669485,0.07482403262990545,29.78838220540471,29.775066075924567,59.57676441080942,0.5147211303066528,0.00596530829362171,0.03424976604169477,0.017124883020847383,0.5,0.5189999938011169,4271,1.0294422606133056,0.9929460735134903,0.008987648775132584,0.008987648775132584
79,135,60,1000,0,1.0,79_135_60_1000_0,valid,,1.369372,True,True,8617.79794016418,0.001764,0.3778946590343126,8617.79794016418,0.001764,0.3778946590343126,100.11159035385516,0.012303000000000008,0.08687964163124447,0.290094232,0.5,135.01555361053045,0.09278562790049705,29.79512094166924,29.903485933503184,59.59024188333848,1.0079867553376682,0.004630022860952047,0.01821400797725537,0.009107003988627686,1.0,1.0190000534057617,4324,1.0079867553376682,0.9931706980556413,0.01528585261075932,0.01528585261075932
79,135,60,1000,1,1.0,79_135_60_1000_1,valid,,1.3599269999999999,True,True,8631.857860258579,0.0010729999999999906,0.33225520615558424,8631.857860258579,0.0010729999999999906,0.33225520615558424,100.03927857990558,0.012455000000000105,0.08879633554808387,0.31027829,0.5,135.00019244833396,0.08697446227484416,29.91428135858393,30.200174176806488,59.82856271716786,1.007416696851523,0.0034267276172219433,0.014470111028916256,0.007235055514458128,1.0,1.0089999437332153,4344,1.007416696851523,0.9971427119527977,-7.530958578172431e-05,7.530958578172431e-05
79,180,60,500,0,0.5,79_180_60_500_0,valid,,1.3801519999999998,True,True,8561.929419026406,0.0012440000000000229,0.35787494527537317,8561.929419026406,0.0012440000000000229,0.35787494527537317,100.0225571704452,0.012255999999999989,0.08939698909752895,0.289775,0.5,90.0,0.0,29.594133388412903,29.780001640319824,59.188266776825806,0.4848492990985513,0.004997738563185398,0.02960202760976859,0.014801013804884295,0.47999998927116394,0.49000000953674316,4307,0.9696985981971026,0.9864711129470968,-0.00026775791980071517,0.00026775791980071517
79,180,60,500,1,0.5,79_180_60_500_1,valid,,1.369802,True,True,8616.088069930101,0.0010660000000000114,0.33798342476166,8616.088069930101,0.0010660000000000114,0.33798342476166,99.95962956397166,0.011975999999999987,0.08995583601273738,0.320269,0.5,90.0,0.0,29.79028179916467,29.88697313783821,59.58056359832934,0.48576846422128883,0.004940603521080861,0.029291412781949924,0.014645706390974962,0.47999998927116394,0.49000000953674316,4287,0.9715369284425777,0.993009393305489,-0.00026775791980071517,0.00026775791980071517
79,180,60,1000,0,1.0,79_180_60_1000_0,valid,,1.379119,True,True,8545.520180485277,0.00121899999999997,0.3585705585686405,8545.520180485277,0.00121899999999997,0.3585705585686405,99.95113500066634,0.012261000000000077,0.09405271679059893,0.289889,0.5,90.0,0.0,29.493935294002185,29.875896244837577,58.98787058800437,0.9724872594545652,0.005720495274409592,0.03279932798145854,0.01639966399072927,0.9599999785423279,0.9800000190734863,4277,0.9724872594545652,0.9831311764667395,-0.00026775791980071517,0.00026775791980071517
79,180,60,1000,1,1.0,79_180_60_1000_1,valid,,1.369466,True,True,8669.575868852733,0.0009029999999999871,0.33001310416927704,8669.575868852733,0.0009029999999999871,0.33001310416927704,100.04981537928046,0.012099000000000026,0.09420831221071914,0.310898,0.5,90.0,0.0,29.938610744434534,30.199075216073624,59.87722148886907,0.9660982074712914,0.005560513590443638,0.03108162979816238,0.01554081489908119,0.9599999785423279,0.9800000190734863,4312,0.9660982074712914,0.9979536914811511,-0.00026775791980071517,0.00026775791980071517
79,225,60,500,0,0.5,79_225_60_500_0,valid,,1.2895240000000001,True,True,8602.66774245269,0.0013530000000000486,0.3532664386014316,8602.66774245269,0.0013530000000000486,0.3532664386014316,99.96591835529648,0.011884999999999923,0.08685476054842609,0.390488,0.5,45.00290893671434,0.05960498167645766,29.861496553554126,30.55043413691215,59.72299310710825,0.4710255488986066,0.008649462960535679,0.05455860145377171,0.027279300726885856,0.460999995470047,0.49000000953674316,4272,0.9420510977972132,0.9953832184518042,0.002641178794647203,0.002641178794647203
79,225,60,500,1,0.5,79_225_60_500_1,valid,,1.359327,True,True,8650.191000444476,0.0010169999999999346,0.33958117864376614,8650.191000444476,0.0010169999999999346,0.33958117864376614,100.01145208855522,0.012431999999999999,0.0849627747338329,0.290229055,0.5,45.00740812170309,0.07079121057903705,30.125794828667082,30.360298118547025,60.251589657334165,0.46658866882171446,0.0055406240620726735,0.03324067662651446,0.01662033831325723,0.460999995470047,0.47999998927116394,4342,0.9331773376434289,1.0041931609555694,0.007140363783264547,0.007140363783264547
79,225,60,1000,0,1.0,79_225_60_1000_0,valid,,1.372356,True,True,8557.956737142531,0.001403000000000043,0.38373413427505815,8557.956737142531,0.001403000000000043,0.38373413427505815,100.01000100010002,0.01255699999999993,0.08945334030468502,0.318762,0.5,45.00195760947965,0.06158072836313977,30.0296707223181,30.687634600388787,60.0593414446362,0.9515408033970356,0.007527967266135504,0.04808064370409567,0.024040321852047835,0.9409999847412109,0.9700000286102295,4255,0.9515408033970356,1.00098902407727,0.001689851559831368,0.001689851559831368
79,225,60,1000,1,1.0,79_225_60_1000_1,valid,,0.739442,True,False,8643.645879173555,0.0013809999999998546,0.37124169520651973,8643.645879173555,0.0013809999999998546,0.37124169520651973,99.96863621358355,0.012505999999999906,0.08764567905812791,0.940576,0.5,44.993849951410205,0.10106385603916124,29.812734131351643,29.67125186038631,59.625468262703286,1.0018898441230117,0.008568280042729175,0.05391689418898463,0.026958447094492317,0.9800000190734863,1.0190000534057617,4318,1.0018898441230117,0.9937578043783881,-0.00641780650948931,0.00641780650948931
79,270,60,500,0,0.5,79_270_60_500_0,valid,,1.350218,True,True,8660.224647872934,0.0010930000000000106,0.3339071305999848,8660.224647872934,0.0010930000000000106,0.3339071305999848,100.00397805879571,0.01227200000000006,0.08656908804917907,0.309409159,0.5,0.0,0.0,29.69344937780441,29.715073364294206,59.38689875560882,0.4781267810575962,0.003901686207269119,0.01126216384189527,0.005631081920947635,0.4699999988079071,0.47999998927116394,4286,0.9562535621151924,0.9897816459268136,-0.00026775791980071517,0.00026775791980071517
79,270,60,500,1,0.5,79_270_60_500_1,valid,,0.8509980000000001,True,False,8593.317013095148,0.001032000000000144,0.35509671057033065,8593.317013095148,0.001032000000000144,0.35509671057033065,100.0523190251569,0.01255699999999993,0.0952728293549611,0.829912778,0.5,0.0,0.0,29.727910945864185,29.947843382160684,59.45582189172837,0.5055253964810327,0.013713381161444368,0.09002814175378528,0.04501407087689264,0.47999998927116394,0.5289999842643738,4353,1.0110507929620653,0.9909303648621395,-0.00026775791980071517,0.00026775791980071517
79,270,60,1000,0,1.0,79_270_60_1000_0,valid,,1.369399,True,True,8656.998763364863,0.0013350000000000861,0.3547886989999917,8656.998763364863,0.0013350000000000861,0.3547886989999917,99.94264402706668,0.012051999999999952,0.08653635494283249,0.309649,0.5,0.0,0.0,30.072473724125736,30.086370766934394,60.14494744825147,0.960671389303924,0.0025026683402522066,0.007515981095944591,0.0037579905479722957,0.9599999785423279,0.9700000286102295,4328,0.960671389303924,1.0024157908041913,-0.00026775791980071517,0.00026775791980071517
79,270,60,1000,1,1.0,79_270_60_1000_1,valid,,1.361032,True,True,8580.344844163797,0.0014379999999999948,0.35570073899248966,8580.344844163797,0.0014379999999999948,0.35570073899248966,100.07717994034142,0.01248399999999994,0.0899166657871367,0.309576946,0.5,0.0,0.0,29.75627410602061,29.955106190338032,59.51254821204122,0.9599999785423278,1.1102230246251564e-16,1.4791138417573007e-31,7.395569208786503e-32,0.9599999785423279,0.9599999785423279,4191,0.9599999785423278,0.9918758035340203,-0.00026775791980071517,0.00026775791980071517
79,315,60,500,0,0.5,79_315_60_500_0,valid,,1.3588719999999999,True,True,8596.548795853938,0.0011880000000000224,0.3441462548699997,8596.548795853938,0.0011880000000000224,0.3441462548699997,99.98437744102483,0.012362999999999999,0.09471560247786544,0.309895,0.5,-44.995975391695985,0.1039568803635433,29.81841767986043,29.94181204764942,59.63683535972086,0.49264786813154604,0.004986913519872472,0.024902243195049772,0.012451121597524886,0.49000000953674316,0.5099999904632568,4344,0.9852957362630921,0.9939472559953477,0.0037568503842067003,0.0037568503842067003
79,315,60,500,1,0.5,79_315_60_500_1,valid,,1.3603360000000002,True,True,8494.83934257855,0.0014020000000000143,0.38066582777535796,8494.83934257855,0.0014020000000000143,0.38066582777535796,100.00917666621058,0.012098999999999971,0.08928155438033242,0.310009906,0.5,-45.00189119826051,0.07043202876462828,29.97340642420521,30.07673914630756,59.94681284841042,0.49186036588256743,0.0038913519479807047,0.01817115844953139,0.009085579224765696,0.49000000953674316,0.5,4275,0.9837207317651349,0.999113547473507,-0.0021589561802102253,0.0021589561802102253
79,315,60,1000,0,1.0,79_315_60_1000_0,valid,,1.3690200000000001,True,True,8619.63295194407,0.0014009999999999856,0.38052080259239934,8619.63295194407,0.0014009999999999856,0.38052080259239934,100.04101128750018,0.011996000000000007,0.08556507951321593,0.290465,0.5,-44.98906470521796,0.09562143992015562,29.502353702428188,29.625202225883637,59.004707404856376,0.9912012320311671,0.0039032126649819307,0.017139776505617318,0.008569888252808659,0.9800000190734863,1.0,4280,0.9912012320311671,0.9834117900809396,0.010667536862229099,0.010667536862229099
79,315,60,1000,1,1.0,79_315_60_1000_1,valid,,1.3498830000000002,True,True,8592.80812844218,0.0010999999999998789,0.3586821593095719,8592.80812844218,0.0010999999999998789,0.3586821593095719,100.00979153456386,0.012164999999999981,0.09499484805628113,0.310515,0.5,-45.01302074913084,0.07443788939437468,29.7524043422711,29.759156348230462,59.5048086845422,0.9905080168322692,0.003768100159733131,0.015797955295564797,0.007898977647782399,0.9800000190734863,1.0,4323,0.9905080168322692,0.9917468114090366,-0.013288507050560838,0.013288507050560838
82,0,20,500,0,0.5,82_0_20_500_0,valid,,4.389697,True,True,8666.273299295677,0.0014799999999999813,0.34998381925346983,8666.273299295677,0.0014799999999999813,0.34998381925346983,100.02443686445346,0.012620000000000076,0.10071704725897555,0.300265,0.5,-90.0,0.0,9.915973993844913,9.90985237254177,19.831947987689826,0.5341643606515417,0.006828375851105283,0.039535414690621884,0.019767707345310942,0.5099999904632568,0.5389999747276306,4344,1.0683287213030834,0.9915973993844913,-0.00026775791974387175,0.00026775791974387175
82,0,20,500,1,0.5,82_0_20_500_1,valid,,4.4117,True,True,8672.28545473868,0.001196000000000197,0.3340221047742389,8672.28545473868,0.001196000000000197,0.3340221047742389,99.98195844904566,0.012508999999999992,0.09726774655503778,0.289403,0.5,-90.0,0.0,9.776391709855837,9.777069848230312,19.552783419711673,0.5335340228297608,0.007927670612439767,0.04556394586276645,0.022781972931383225,0.5099999904632568,0.5389999747276306,4289,1.0670680456595216,0.9776391709855836,-0.00026775791974387175,0.00026775791974387175
82,0,20,1000,0,1.0,82_0_20_1000_0,valid,,2.270969,True,True,8679.668092809608,0.0011070000000001912,0.325906156704626,8679.668092809608,0.0011070000000001912,0.325906156704626,100.01325524979757,0.012324000000000002,0.08576366324877986,2.429848,0.5,-90.0,0.0,9.926479840286685,10.039461304591251,19.85295968057337,1.0424313436199208,0.0047475442836751765,-0.02638828502403067,-0.013194142512015335,1.0390000343322754,1.0490000247955322,4368,1.0424313436199208,0.9926479840286685,-0.00026775791974387175,0.00026775791974387175
82,0,20,1000,1,1.0,82_0_20_1000_1,valid,,4.229485,True,True,8669.130591260477,0.0012379999999998503,0.33155995159579865,8669.130591260477,0.0012379999999998503,0.33155995159579865,99.99517334906643,0.0121,0.08907810209878209,0.280659,0.5,-90.0,0.0,9.799808145124084,9.801003545266681,19.599616290248168,1.046433904040183,0.014392886510789188,0.08930948236984847,0.04465474118492423,1.0089999437332153,1.0579999685287476,4347,1.046433904040183,0.9799808145124084,-0.00026775791974387175,0.00026775791974387175
82,45,20,500,0,0.5,82_45_20_500_0,valid,,2.3103670000000003,True,True,8669.374874758274,0.0013590000000003322,0.352441218462988,8669.374874758274,0.0013590000000003322,0.352441218462988,100.00307545099656,0.012299000000000004,0.0906476994086616,0.299905,0.5,-134.98790376681902,0.18506894390610426,9.86496032521108,9.81471440041541,19.72992065042216,0.534942541657104,0.004910349161593907,0.027227817460127993,0.013613908730063996,0.5289999842643738,0.5389999747276306,4327,1.069885083314208,0.986496032521108,0.011828475261239646,0.011828475261239646
82,45,20,500,1,0.5,82_45_20_500_1,valid,,2.849852,True,True,8690.041822491099,0.0013920000000000599,0.3203637645367372,8690.041822491099,0.0013920000000000599,0.3203637645367372,100.00006109983366,0.012356000000000478,0.09601885466562537,0.299074,0.5,-134.99829897430013,0.21702592880431837,9.996713702145893,10.012967473141417,19.993427404291786,0.5372990003698077,0.003757181602012652,0.015758075822501855,0.007879037911250927,0.5289999842643738,0.5389999747276306,4364,1.0745980007396154,0.9996713702145893,0.0014332677801291993,0.0014332677801291993
82,45,20,1000,0,1.0,82_45_20_1000_0,valid,,3.4497799999999996,True,True,8681.179912831165,0.0013810000000000766,0.33525749024402396,8681.179912831165,0.0013810000000000766,0.33525749024402396,100.00832404613318,0.012152,0.0917155187784008,0.290333765,0.5,-135.03384319212765,0.20239847624364832,9.847690082803513,9.871263967463836,19.695380165607027,1.0530243724056971,0.004474765733191373,0.02421677447187175,0.012108387235935875,1.0490000247955322,1.0579999685287476,4353,1.0530243724056971,0.9847690082803513,-0.03411095004739195,0.03411095004739195
82,45,20,1000,1,1.0,82_45_20_1000_1,valid,,3.460084,True,True,8620.153690552188,0.0012060000000007065,0.3373490897339605,8620.153690552188,0.0012060000000007065,0.3373490897339605,99.9926428177439,0.012252000000000152,0.0938390790357258,1.199839,0.5,-134.95719525203975,0.46457831160075913,10.005564818248539,10.168196268734079,20.011129636497078,1.0579999685287476,0.0,0.0,0.0,1.0579999685287476,1.0579999685287476,4347,1.0579999685287476,1.0005564818248538,0.04253699004050304,0.04253699004050304
82,90,20,500,0,0.5,82_90_20_500_0,valid,,3.718795,True,True,8633.796547039326,0.0013049999999998896,0.34910702924404585,8633.796547039326,0.0013049999999998896,0.34910702924404585,100.01513202995582,0.012198999999999849,0.09211906228810951,0.270984205,0.5,180.0,0.0,9.747790708252976,9.91917302276881,19.495581416505953,0.5237224633974147,0.004992287235129928,0.026094230413511995,0.013047115206755997,0.5189999938011169,0.5289999842643738,4328,1.0474449267948294,0.9747790708252977,-0.00026775791980071517,0.00026775791980071517
82,90,20,500,1,0.5,82_90_20_500_1,valid,,2.479037,True,True,8603.00155401451,0.0013530000000003817,0.34360578633125216,8603.00155401451,0.0013530000000003817,0.34360578633125216,100.00828989286893,0.012391999999999737,0.08804782672188875,0.290602049,0.5,180.0,0.0,9.958270325816168,10.017114019348206,19.916540651632335,0.5248403292113337,0.00492887215299372,0.02888980205053235,0.014444901025266174,0.5189999938011169,0.5289999842643738,4383,1.0496806584226674,0.9958270325816168,-0.00026775791980071517,0.00026775791980071517
82,90,20,1000,0,1.0,82_90_20_1000_0,valid,,4.3912249999999995,True,True,8678.959727141013,0.0012750000000001371,0.3367518563501095,8678.959727141013,0.0012750000000001371,0.3367518563501095,100.01353841800534,0.01250799999999952,0.09302249892750718,0.26963847,0.5,180.0,0.0,9.769512985395522,9.710002899169922,19.539025970791045,1.0368650857683233,0.00409773838944676,0.018969024241244557,0.009484512120622278,1.0290000438690186,1.0390000343322754,4257,1.0368650857683233,0.9769512985395522,-0.00026775791980071517,0.00026775791980071517
82,90,20,1000,1,1.0,82_90_20_1000_1,valid,,4.409345,True,True,8699.687093567925,0.0015249999999999986,0.33929622842295,8699.687093567925,0.0015249999999999986,0.33929622842295,100.00348896553795,0.012507999999999964,0.10014864750494339,0.271209,0.5,180.0,0.0,9.779615144863614,9.783252709841456,19.55923028972723,1.033972823566602,0.0049999211624798204,0.02946998683103601,0.014734993415518005,1.0290000438690186,1.0390000343322754,4361,1.033972823566602,0.9779615144863614,-0.00026775791980071517,0.00026775791980071517
82,135,20,500,0,0.5,82_135_20_500_0,valid,,2.6202810000000003,True,True,8677.851480158572,0.0012750000000005812,0.33451650797761495,8677.851480158572,0.0012750000000005812,0.33451650797761495,100.0190056481201,0.012634999999999952,0.08989493925741374,2.060224,0.5,135.00163018622032,0.24045205272693693,9.956795059545158,9.881778926400106,19.913590119090316,0.5115048992553872,0.003358486813985873,-0.013145615048845382,-0.006572807524422691,0.5099999904632568,0.5189999938011169,4367,1.0230097985107744,0.9956795059545158,0.0013624283005810867,0.0013624283005810867
82,135,20,500,1,0.5,82_135_20_500_1,valid,,4.360751,True,True,8723.46529730217,0.0013369999999999216,0.31985201579263106,8723.46529730217,0.0013369999999999216,0.31985201579263106,100.01016363451569,0.01245200000000013,0.08912865290306124,0.300398,0.5,135.0063810278547,0.2151165274945029,10.02298266735261,10.019257138337261,20.04596533470522,0.5287645744888783,0.0015161390924034203,0.0024719802923638618,0.0012359901461819309,0.5189999938011169,0.5289999842643738,4385,1.0575291489777565,1.002298266735261,0.00611326993498551,0.00611326993498551
82,135,20,1000,0,1.0,82_135_20_1000_0,valid,,2.98941,True,True,8661.574798119369,0.0012150000000001882,0.33661865535068064,8661.574798119369,0.0012150000000001882,0.33661865535068064,100.01808881117398,0.012556000000000012,0.08984898585010088,0.300680653,0.5,135.04531273650662,0.33094037721183295,9.949576306059958,9.97278110272753,19.899152612119916,1.0390000343322754,0.0,0.0,0.0,1.0390000343322754,1.0390000343322754,4282,1.0390000343322754,0.9949576306059958,0.045044978586929574,0.045044978586929574
82,135,20,1000,1,1.0,82_135_20_1000_1,valid,,4.381121,True,True,8671.72909802329,0.001469999999999999,0.3595052529656997,8671.72909802329,0.001469999999999999,0.3595052529656997,100.05022481345426,0.012322999999999418,0.09075765656754269,0.289351898,0.5,135.03235796980994,0.15406210921750585,9.930054835205322,9.948921071008721,19.860109670410644,1.0390000343322754,0.0,0.0,0.0,1.0390000343322754,1.0390000343322754,4331,1.0390000343322754,0.9930054835205322,0.032090211890135834,0.032090211890135834
82,180,20,500,0,0.5,82_180_20_500_0,valid,,4.309624,True,True,8673.77775529593,0.0013929999999997555,0.34510840475397875,8673.77775529593,0.0013929999999997555,0.34510840475397875,100.04634677148631,0.01247100000000001,0.0902500914627576,0.310661776,0.5,90.0,0.0,9.865943618200268,9.8791551199418,19.731887236400535,0.5048369398671303,0.00499733581665424,-0.029968063068510287,-0.014984031534255144,0.5,0.5099999904632568,4377,1.0096738797342606,0.9865943618200268,-0.00026775791980071517,0.00026775791980071517
82,180,20,500,1,0.5,82_180_20_500_1,valid,,1.670128,True,True,8666.974074068165,0.0013940000000003394,0.33923876243844037,8666.974074068165,0.0013940000000003394,0.33923876243844037,99.98682808252806,0.012265000000000192,0.09066087644987561,1.360287102,0.5,90.0,0.0,10.02093191448924,9.846840568754534,20.04186382897848,0.49420416552734375,0.004936252851986734,0.0038311160968064733,0.0019155580484032366,0.49000000953674316,0.5,4368,0.9884083310546875,1.0020931914489242,-0.00026775791980071517,0.00026775791980071517
82,180,20,1000,0,1.0,82_180_20_1000_0,valid,,4.399607,True,True,8599.080411226336,0.001414999999999722,0.3626965112541943,8599.080411226336,0.001414999999999722,0.3626965112541943,100.00395934043104,0.012436000000000114,0.09307052357429296,0.299706136,0.5,90.0,0.0,9.862312709440278,9.847996961608125,19.724625418880557,1.0190000534057617,0.0,0.0,0.0,1.0190000534057617,1.0190000534057617,4338,1.0190000534057617,0.9862312709440278,-0.00026775791980071517,0.00026775791980071517
82,180,20,1000,1,1.0,82_180_20_1000_1,valid,,4.411023,True,True,8624.752286235302,0.0012689999999999646,0.3387471335754139,8624.752286235302,0.0012689999999999646,0.3387471335754139,99.99396036479396,0.012658000000000058,0.09395133461405669,0.299510898,0.5,90.0,0.0,9.882115710634746,9.876201300768884,19.764231421269493,1.0149471909974752,0.004909518802296592,-0.02787166215252464,-0.01393583107626232,1.0089999437332153,1.0190000534057617,4273,1.0149471909974752,0.9882115710634747,-0.00026775791980071517,0.00026775791980071517
82,225,20,500,0,0.5,82_225_20_500_0,valid,,4.368752,True,True,8646.59116369198,0.0011899999999993582,0.33487682797467655,8646.59116369198,0.0011899999999993582,0.33487682797467655,100.00064315766345,0.012350999999999779,0.0925158245608733,0.290763115,0.5,44.972927708741516,0.16385782154581377,10.004402457243025,10.066880175957172,20.00880491448605,0.5100026343942374,0.00015423487698670299,-3.171915261315656e-05,-1.585957630657828e-05,0.5099999904632568,0.5189999938011169,4293,1.0200052687884749,1.0004402457243025,-0.027340049178292247,0.027340049178292247
82,225,20,500,1,0.5,82_225_20_500_1,valid,,4.3899930000000005,True,True,8633.872019417462,0.0012010000000000076,0.33309140231178364,8633.872019417462,0.0012010000000000076,0.33309140231178364,100.01122532632813,0.012452999999999936,0.0917339586819915,0.288957558,0.5,44.947341585458034,0.23292233923930325,9.941275281786877,9.948012841355885,19.882550563573755,0.5100385184335459,0.0005875946363840565,-0.0004603576461304649,-0.00023017882306523244,0.5099999904632568,0.5189999938011169,4273,1.0200770368670917,0.9941275281786878,-0.052926172461639,0.052926172461639
82,225,20,1000,0,1.0,82_225_20_1000_0,valid,,3.500399,True,True,8628.157205957068,0.0013870000000002491,0.34479124284358337,8628.157205957068,0.0013870000000002491,0.34479124284358337,99.98292822615558,0.012423999999999769,0.0907734934234482,1.150971,0.5,45.0374059957425,0.1911631448607422,9.998119483512868,9.935818929257971,19.996238967025736,1.0,0.0,0.0,0.0,1.0,1.0,4356,1.0,0.9998119483512868,0.03713823782277359,0.03713823782277359
82,225,20,1000,1,1.0,82_225_20_1000_1,valid,,1.9588,True,True,8656.94063173434,0.0013499999999999623,0.34835463853603865,8656.94063173434,0.0013499999999999623,0.34835463853603865,100.00617924359554,0.012437999999999949,0.09182146982310825,0.300604,0.5,45.018856668271695,0.2334839019774705,9.893496932701893,9.83472099345723,19.786993865403787,1.0162251851934092,0.004477621338887808,-0.02274303248737054,-0.01137151624368527,1.0089999437332153,1.0190000534057617,4297,1.0162251851934092,0.9893496932701893,0.018588910351923005,0.018588910351923005
82,270,20,500,0,0.5,82_270_20_500_0,valid,,4.410837000000001,True,True,8681.959823639336,0.001274999999999693,0.34573360361841793,8681.959823639336,0.001274999999999693,0.34573360361841793,100.01329518055694,0.012384999999999646,0.0895940907012942,0.27980909,0.5,0.0,0.0,9.86423545075409,9.859810024401433,19.72847090150818,0.5492036092475594,0.006436917689384114,-0.039424286696509034,-0.019712143348254517,0.5389999747276306,0.5590000152587891,4328,1.0984072184951188,0.9864235450754091,-0.00026775791980071517,0.00026775791980071517
82,270,20,500,1,0.5,82_270_20_500_1,valid,,2.1910709999999995,True,True,8612.303170755848,0.0013980000000000103,0.36487390128937797,8612.303170755848,0.0013980000000000103,0.36487390128937797,100.00131475832153,0.012696999999999958,0.09217177510101464,2.528685593,0.5,0.0,0.0,9.947506567874543,10.088684798863474,19.895013135749085,0.5099999904632568,0.0,0.0,0.0,0.5099999904632568,0.5099999904632568,4307,1.0199999809265137,0.9947506567874542,-0.00026775791980071517,0.00026775791980071517
82,270,20,1000,0,1.0,82_270_20_1000_0,valid,,4.410002,True,True,8604.057223608906,0.002066,0.36303663689146676,8604.057223608906,0.002066,0.36303663689146676,100.01335582080839,0.012375999999999943,0.09066558462693693,0.278922389,0.5,0.0,0.0,9.805736058599695,9.72501983904403,19.61147211719939,1.0591784150090249,0.006902270687509178,-0.04371599808676393,-0.021857999043381964,1.0490000247955322,1.0679999589920044,4273,1.0591784150090249,0.9805736058599696,-0.00026775791980071517,0.00026775791980071517
82,270,20,1000,1,1.0,82_270_20_1000_1,valid,,2.88002,True,True,8554.255600776269,0.0014159999999998618,0.35345630226758656,8554.255600776269,0.0014159999999998618,0.35345630226758656,100.00503067902807,0.012503000000000153,0.09440089099882736,1.819781846,0.5,0.0,0.0,9.99357850836705,10.23134955524338,19.9871570167341,1.0089999437332149,4.440892098500625e-16,2.2186709039238235e-30,1.1093354519619118e-30,1.0089999437332153,1.0089999437332153,4300,1.0089999437332149,0.9993578508367049,-0.00026775791980071517,0.00026775791980071517
82,315,20,500,0,0.5,82_315_20_500_0,valid,,4.3808229999999995,True,True,8664.479126557668,0.001100000000000101,0.3486358144941415,8664.479126557668,0.001100000000000101,0.3486358144941415,100.00877415856444,0.012302000000000035,0.08899738230376365,0.290039,0.5,-45.028631169984784,0.15421699825348867,9.96484855859607,10.075774648894097,19.92969711719214,0.5189999938011168,1.1102230246251564e-16,1.109335460981743e-31,5.546677304908715e-32,0.5189999938011169,0.5189999938011169,4319,1.0379999876022337,0.9964848558596071,-0.028898927904492666,0.028898927904492666
82,315,20,500,1,0.5,82_315_20_500_1,valid,,3.6100190000000003,True,True,8655.775924849644,0.0013689999999999536,0.3252090014026356,8655.775924849644,0.0013689999999999536,0.3252090014026356,100.02414304159487,0.012182000000000137,0.08993197334249017,1.060363,0.5,-45.01085126257667,0.3328700810428045,10.044839605783924,10.015453228350967,20.089679211567848,0.5189999938011169,0.0,0.0,0.0,0.5189999938011169,0.5189999938011169,4363,1.0379999876022339,1.0044839605783924,-0.011119020496380472,0.011119020496380472
82,315,20,1000,0,1.0,82_315_20_1000_0,valid,,4.370656,True,True,8635.773899810423,0.0015770000000000506,0.35883398351026435,8635.773899810423,0.0015770000000000506,0.35883398351026435,100.00509007943519,0.012348999999999943,0.09060302255485732,0.288938,0.5,-45.01779875091392,0.26992158148000556,9.879773406498487,9.843380079115791,19.759546812996973,1.0390000343322752,2.2204460492503128e-16,4.4373414994316715e-31,2.2186707497158357e-31,1.0390000343322754,1.0390000343322754,4291,1.0390000343322752,0.9879773406498487,-0.018066508833726402,0.018066508833726402
82,315,20,1000,1,1.0,82_315_20_1000_1,valid,,4.368650000000001,True,True,8637.898926094744,0.001250999999999891,0.33679165097308394,8637.898926094744,0.001250999999999891,0.33679165097308394,100.0038524438167,0.012390000000000123,0.08986982465004952,0.300838,0.5,-44.97726388977055,0.15455249716308683,10.068418913501379,10.043108181256173,20.136837827002758,1.0294713234195707,0.0021191240162583246,0.0003640007702691494,0.0001820003851345747,1.0290000438690186,1.0390000343322754,4280,1.0294713234195707,1.0068418913501378,0.022468352309715556,0.022468352309715556
82,0,40,500,0,0.5,82_0_40_500_0,valid,,2.120027,True,True,8615.775339651569,0.001290999999999931,0.3778289015525189,8615.775339651569,0.001290999999999931,0.3778289015525189,100.03069644272519,0.012065000000000214,0.08449412428243679,0.279592881,0.5,-90.0,0.0,19.629356371572854,19.434204060202763,39.25871274314571,0.5330303647696804,0.008798864631384715,0.01943309306992277,0.009716546534961385,0.5,0.5389999747276306,4332,1.0660607295393607,0.9814678185786427,-0.00026775791974387175,0.00026775791974387175
82,0,40,500,1,0.5,82_0_40_500_1,valid,,2.130709,True,True,8592.446843870937,0.0012799999999999478,0.36185953283136335,8592.446843870937,0.0012799999999999478,0.36185953283136335,100.01924034241702,0.012234999999999996,0.09204908880565595,0.280106,0.5,-90.0,0.0,19.70378437262213,19.80437122466302,39.40756874524426,0.5339058248292436,0.007891042217613817,0.016659306623372155,0.008329653311686077,0.5,0.5389999747276306,4185,1.0678116496584873,0.9851892186311065,-0.00026775791974387175,0.00026775791974387175
82,0,40,1000,0,1.0,82_0_40_1000_0,valid,,2.128404,True,True,8677.736515502507,0.001242999999999883,0.3549363518969079,8677.736515502507,0.001242999999999883,0.3549363518969079,99.95701848205272,0.012504000000000015,0.08759703192750445,0.290467,0.5,-90.0,0.0,19.586452340786167,19.57012540847628,39.172904681572334,1.053110038676153,0.009728090462050342,0.019632302088917288,0.009816151044458644,1.0190000534057617,1.0679999589920044,4294,1.053110038676153,0.9793226170393083,-0.00026775791974387175,0.00026775791974387175
82,0,40,1000,1,1.0,82_0_40_1000_1,valid,,2.119655,True,True,8584.850601326074,0.0013209999999999056,0.3627161265642353,8584.850601326074,0.0013209999999999056,0.3627161265642353,100.00375493026175,0.012599999999999945,0.09613055007868404,0.300522,0.5,-90.0,0.0,19.81280149459457,19.547868438729044,39.62560298918914,1.0506925540139131,0.009148559439013442,0.017747487640709596,0.008873743820354798,1.0190000534057617,1.0579999685287476,4297,1.0506925540139131,0.9906400747297285,-0.00026775791974387175,0.00026775791974387175
82,45,40,500,0,0.5,82_45_40_500_0,valid,,2.111149,True,True,8645.898486872304,0.0011820000000000164,0.35504602692679565,8645.898486872304,0.0011820000000000164,0.35504602692679565,100.00980939126596,0.01247200000000001,0.08841915172532906,0.299616,0.5,-134.9807297831249,0.1314841677308607,19.769040099986793,19.589771916591456,39.538080199973585,0.5377435163058839,0.003314496110929647,0.013183073042708372,0.006591536521354186,0.5289999842643738,0.5389999747276306,4334,1.0754870326117678,0.9884520049993396,0.019002458955355905,0.019002458955355905
82,45,40,500,1,0.5,82_45_40_500_1,valid,,2.119883,True,True,8674.882338417341,0.0011349999999999971,0.3346769311892776,8674.882338417341,0.0011349999999999971,0.3346769311892776,99.99992366418039,0.012221000000000037,0.0913583453051614,0.279634142,0.5,-135.0173074728482,0.10913621912698515,19.74520950568493,20.366920819412012,39.49041901136986,0.5371539093281774,0.003879778206292454,0.017667528242244306,0.008833764121122153,0.5289999842643738,0.5389999747276306,4297,1.0743078186563548,0.9872604752842464,-0.01757523076793177,0.01757523076793177
82,45,40,1000,0,1.0,82_45_40_1000_0,valid,,1.9313690000000001,True,True,8634.007169456296,0.001074999999999715,0.3395785519239267,8634.007169456296,0.001074999999999715,0.3395785519239267,100.03119746924905,0.012172000000000072,0.09003507948866059,0.289171,0.5,-135.02046636862937,0.1433497230466685,19.868694921192173,19.90216714520516,39.737389842384346,1.0562657577968668,0.0035496918381593932,0.01632853914151823,0.008164269570759115,1.0490000247955322,1.0579999685287476,4275,1.0562657577968668,0.9934347460596087,-0.020734126549115217,0.020734126549115217
82,45,40,1000,1,1.0,82_45_40_1000_1,valid,,2.118634,True,True,8650.765600970493,0.00135099999999988,0.3364689723999061,8650.765600970493,0.00135099999999988,0.3364689723999061,100.02816885214803,0.012197999999999931,0.0924674514236377,0.290830303,0.5,-134.99355746983315,0.0903604026744034,19.998646295896133,19.900523834838395,39.99729259179227,1.0552282973109701,0.004154843398675054,0.0210084815958677,0.01050424079793385,1.0490000247955322,1.0579999685287476,4291,1.0552282973109701,0.9999323147948067,0.00617477224710683,0.00617477224710683
82,90,40,500,0,0.5,82_90_40_500_0,valid,,2.1198740000000003,True,True,8581.123294021572,0.0014330000000000176,0.3688334024205719,8581.123294021572,0.0014330000000000176,0.3688334024205719,99.99980769267752,0.012336000000000125,0.0867958004904051,0.309996,0.5,180.0,0.0,19.50783277575258,19.580964896401042,39.01566555150516,0.5192554361940476,0.005394889381312923,0.02931673688955702,0.01465836844477851,0.5099999904632568,0.5289999842643738,4223,1.0385108723880951,0.9753916387876289,-0.00026775791980071517,0.00026775791980071517
82,90,40,500,1,0.5,82_90_40_500_1,valid,,1.740343,True,True,8611.275097039392,0.0011169999999999791,0.3360894087019284,8611.275097039392,0.0011169999999999791,0.3360894087019284,99.9702396286644,0.012054999999999927,0.08942127023365394,0.679413,0.5,180.0,0.0,19.658716078848833,19.52000093460083,39.31743215769767,0.5264928666553497,0.004334225821876995,-0.005157861791370524,-0.002578930895685262,0.5189999938011169,0.5289999842643738,4307,1.0529857333106993,0.9829358039424416,-0.00026775791980071517,0.00026775791980071517
82,90,40,1000,0,1.0,82_90_40_1000_0,valid,,1.0792920000000001,True,True,8647.050881160683,0.0011820000000000025,0.3543883207877748,8647.050881160683,0.0011820000000000025,0.3543883207877748,100.06038259241826,0.01245500000000005,0.09056491932778914,0.310273321,0.5,180.0,0.0,20.176687447325488,20.25251582911059,40.353374894650976,1.0258302297319917,0.005393839419248192,0.031223329196414774,0.015611664598207387,1.0190000534057617,1.0390000343322754,4288,1.0258302297319917,1.0088343723662745,-0.00026775791980071517,0.00026775791980071517
82,90,40,1000,1,1.0,82_90_40_1000_1,valid,,2.129079,True,True,8596.652144003669,0.0012529999999999486,0.34997823789114635,8596.652144003669,0.0012529999999999486,0.34997823789114635,100.02280213305333,0.012326999999999977,0.09034788238321377,0.290506391,0.5,180.0,0.0,19.765761994922517,19.799048908201552,39.531523989845034,1.0232883246394975,0.006465456005103939,0.0385383482666551,0.01926917413332755,1.0089999437332153,1.0290000438690186,4226,1.0232883246394975,0.9882880997461259,-0.00026775791980071517,0.00026775791980071517
82,135,40,500,0,0.5,82_135_40_500_0,valid,,2.130659,True,True,8679.65033692609,0.0011430000000000051,0.3453792477361886,8679.65033692609,0.0011430000000000051,0.3453792477361886,99.99789276471185,0.012353000000000058,0.08760441024759767,0.290342891,0.5,135.01202015927495,0.10340377116469313,19.717567125093417,19.784454836002634,39.435134250186834,0.5289999842643738,0.0,0.0,0.0,0.5289999842643738,0.5289999842643738,4282,1.0579999685287476,0.9858783562546709,0.011752401355238362,0.011752401355238362
82,135,40,500,1,0.5,82_135_40_500_1,valid,,2.120432,True,True,8619.837835342556,0.001371000000000011,0.3700428540328901,8619.837835342556,0.001371000000000011,0.3700428540328901,99.98691011062292,0.012002000000000068,0.08486613464582425,0.3089,0.5,134.98395434614775,0.10777719570776867,19.828287906271466,19.85115035265588,39.65657581254293,0.5289999842643738,0.0,0.0,0.0,0.5289999842643738,0.5289999842643738,4298,1.0579999685287476,0.9914143953135733,-0.016313411771989195,0.016313411771989195
82,135,40,1000,0,1.0,82_135_40_1000_0,valid,,2.11933,True,True,8644.235250541627,0.0011470000000000091,0.34941039238231314,8644.235250541627,0.0011470000000000091,0.34941039238231314,100.0395942148751,0.012417,0.09483884944853536,0.310724992,0.5,134.99949114973688,0.08996200157955626,19.79077619229889,19.819479525993476,39.58155238459778,1.0429773705391883,0.004894294722988698,0.0029168829082886643,0.0014584414541443322,1.0390000343322754,1.0490000247955322,4235,1.0429773705391883,0.9895388096149444,-0.0007766081828322058,0.0007766081828322058
82,135,40,1000,1,1.0,82_135_40_1000_1,valid,,1.1213410000000001,True,True,8638.0184976135,0.0013699999999999823,0.3370588562382249,8638.0184976135,0.0013699999999999823,0.3370588562382249,100.00370242715093,0.012316999999999911,0.08964780751017397,0.289362,0.5,134.997948559003,0.12867039178361495,20.01445447306356,20.05100849183205,40.02890894612712,1.0390000343322754,0.0,0.0,0.0,1.0390000343322754,1.0390000343322754,4292,1.0390000343322754,1.000722723653178,-0.0023191989167798965,0.0023191989167798965
82,180,40,500,0,0.5,82_180_40_500_0,valid,,2.13029,True,True,8614.918833391654,0.0016349999999999976,0.35546517600745203,8614.918833391654,0.0016349999999999976,0.35546517600745203,100.0573229166786,0.012210000000000054,0.09383916641624641,0.279685311,0.5,90.0,0.0,19.627866968720454,19.7099560999804,39.25573393744091,0.5033532287675584,0.005912892396246514,-0.035621264523797866,-0.017810632261898933,0.49000000953674316,0.5189999938011169,4264,1.0067064575351168,0.9813933484360227,-0.00026775791980071517,0.00026775791980071517
82,180,40,500,1,0.5,82_180_40_500_1,valid,,1.3487539999999998,True,True,8613.430196070973,0.0012550000000000061,0.36079077882733107,8613.430196070973,0.0012550000000000061,0.36079077882733107,99.98660484797648,0.01233799999999996,0.08991675371971376,1.121002,0.5,90.0,0.0,19.952858671221207,20.36989514918621,39.905717342442415,0.5026212866801438,0.004397919729076581,0.022816066390113028,0.011408033195056514,0.5,0.5099999904632568,4367,1.0052425733602877,0.9976429335610604,-0.00026775791980071517,0.00026775791980071517
82,180,40,1000,0,1.0,82_180_40_1000_0,valid,,2.129682,True,True,8640.953459312974,0.0013579999999999703,0.34962166792147353,8640.953459312974,0.0013579999999999703,0.34962166792147353,100.02176045933656,0.01233200000000001,0.09266493088038118,0.290504892,0.5,90.0,0.0,19.791467910932088,19.870289606846114,39.582935821864176,1.0140687527109344,0.00515368516456386,-0.030931824106342456,-0.015465912053171228,1.0089999437332153,1.0290000438690186,4207,1.0140687527109344,0.9895733955466044,-0.00026775791980071517,0.00026775791980071517
82,180,40,1000,1,1.0,82_180_40_1000_1,valid,,2.131273,True,True,8613.556910034617,0.0014040000000000719,0.3596168357751649,8613.556910034617,0.0014040000000000719,0.3596168357751649,100.0103827572939,0.01251100000000005,0.09568368694760492,0.299715,0.5,90.0,0.0,19.740050147830104,19.81807016180179,39.48010029566021,1.0089012353542308,0.005744514601865944,-0.03353590686762542,-0.01676795343381271,1.0,1.0190000534057617,4232,1.0089012353542308,0.9870025073915052,-0.00026775791980071517,0.00026775791980071517
82,225,40,500,0,0.5,82_225_40_500_0,valid,,1.550044,True,True,8553.167750802198,0.0012210000000000276,0.3565095791978755,8553.167750802198,0.0012210000000000276,0.3565095791978755,100.02951998992185,0.012531999999999988,0.08955508229710142,0.319026,0.5,44.97379136287538,0.11838218669487333,19.605946475786055,19.93575099682199,39.21189295157211,0.501262558795929,0.007183247443106323,-0.04511390465423314,-0.02255695232711657,0.49000000953674316,0.5099999904632568,4270,1.002525117591858,0.9802973237893028,-0.026476395044369383,0.026476395044369383
82,225,40,500,1,0.5,82_225_40_500_1,valid,,2.132088,True,True,8629.242421933339,0.002099,0.3574290012202758,8629.242421933339,0.002099,0.3574290012202758,99.99255780581215,0.012128000000000139,0.08566107262240938,0.289235,0.5,44.9923421954461,0.09916029485327726,19.75190463762642,20.34915749219534,39.50380927525284,0.5053550635580266,0.0061507107654452196,-0.03733351942900472,-0.01866675971450236,0.49000000953674316,0.5189999938011169,4277,1.0107101271160532,0.987595231881321,-0.007925562473701575,0.007925562473701575
82,225,40,1000,0,1.0,82_225_40_1000_0,valid,,2.11109,True,True,8599.277556923196,0.0013440000000000119,0.372406481628537,8599.277556923196,0.0013440000000000119,0.372406481628537,100.02802311792695,0.012121000000000048,0.08476216956608743,0.29982064,0.5,44.992147465983145,0.059335853135578986,19.813662585754596,19.927506029138787,39.62732517150919,1.0102775132042743,0.007192195304582122,-0.045739377490213534,-0.022869688745106767,1.0,1.0190000534057617,4211,1.0102775132042743,0.9906831292877298,-0.00812029193662056,0.00812029193662056
82,225,40,1000,1,1.0,82_225_40_1000_1,valid,,2.1179569999999996,True,True,8531.815890112613,0.0011029999999999651,0.34954327085787557,8531.815890112613,0.0011029999999999651,0.34954327085787557,100.03221569836367,0.012461999999999973,0.09188634579618861,0.300451,0.5,45.00899656895725,0.07520661178250804,19.592820491093708,19.557174191054603,39.185640982187415,1.0095993939692927,0.006779949464544051,-0.04273966840573463,-0.021369834202867314,1.0,1.0190000534057617,4262,1.0095993939692927,0.9796410245546854,0.008728811037485684,0.008728811037485684
82,270,40,500,0,0.5,82_270_40_500_0,valid,,2.099608,True,True,8609.948490500397,0.0024889999999999635,0.4107161995890589,8609.948490500397,0.0024889999999999635,0.4107161995890589,100.04189493914502,0.012113999999999958,0.09046585396065263,0.309104356,0.5,0.0,0.0,19.723471765379145,19.813531250911222,39.44694353075829,0.5363850069730062,0.011847493959001589,-0.07922348678659445,-0.039611743393297226,0.5189999938011169,0.5590000152587891,4223,1.0727700139460123,0.9861735882689573,-0.00026775791980071517,0.00026775791980071517
82,270,40,500,1,0.5,82_270_40_500_1,valid,,2.130487,True,True,8580.237661428107,0.00134,0.3708643808455087,8580.237661428107,0.00134,0.3708643808455087,100.05764859907747,0.012646999999999992,0.09345676241310708,0.298328,0.5,0.0,0.0,19.728663688971558,19.674088968362682,39.457327377943116,0.5387068627737479,0.01153130487304834,-0.0764846197670125,-0.03824230988350625,0.5189999938011169,0.5590000152587891,4242,1.0774137255474958,0.9864331844485779,-0.00026775791980071517,0.00026775791980071517
82,270,40,1000,0,1.0,82_270_40_1000_0,valid,,2.130622,True,True,8657.038369511285,0.0010829999999999451,0.3370834626401008,8657.038369511285,0.0010829999999999451,0.3370834626401008,100.05792625539152,0.012122000000000188,0.08585839911491788,0.289452799,0.5,0.0,0.0,19.579316099816356,19.863635151805735,39.15863219963271,1.0451712269344697,0.01248328513028745,-0.08328162427085153,-0.04164081213542577,1.0290000438690186,1.0679999589920044,4258,1.0451712269344697,0.9789658049908179,-0.00026775791980071517,0.00026775791980071517
82,270,40,1000,1,1.0,82_270_40_1000_1,valid,,2.129214,True,True,8616.330360189111,0.0013319999999999999,0.38977177583452216,8616.330360189111,0.0013319999999999999,0.38977177583452216,99.97939356010593,0.012760000000000105,0.09695279685603621,0.28946864,0.5,0.0,0.0,19.543954535419555,19.4868891261408,39.08790907083911,1.0444624860190865,0.012796702576828285,-0.08492409705998451,-0.042462048529992254,1.0290000438690186,1.0679999589920044,4252,1.0444624860190865,0.9771977267709777,-0.00026775791980071517,0.00026775791980071517
82,315,40,500,0,0.5,82_315_40_500_0,valid,,1.878336,True,True,8590.127074493303,0.001439000000000079,0.33964384135367726,8590.127074493303,0.001439000000000079,0.33964384135367726,99.98126787739768,0.012676000000000132,0.09796626590552218,0.550628,0.5,-44.974234388357715,0.12213538682049288,20.063409809082906,20.04404807667063,40.12681961816581,0.518999993801117,1.1102230246251565e-16,2.9582277556037054e-31,1.4791138778018527e-31,0.5189999938011169,0.5189999938011169,4263,1.037999987602234,1.0031704904541452,0.025497853722526997,0.025497853722526997
82,315,40,500,1,0.5,82_315_40_500_1,valid,,2.120862,True,True,8620.217695336023,0.0014480000000000048,0.3681294875907358,8620.217695336023,0.0014480000000000048,0.3681294875907358,100.01498308750467,0.012487000000000137,0.08784193167188857,0.3004,0.5,-45.00553199265597,0.08163948412769173,20.24445228740676,20.34851103241547,40.48890457481352,0.5189999938011169,0.0,0.0,0.0,0.5189999938011169,0.5189999938011169,4253,1.0379999876022339,1.012222614370338,-0.005799750575761209,0.005799750575761209
82,315,40,1000,0,1.0,82_315_40_1000_0,valid,,2.1184670000000003,True,True,8580.71716537518,0.0025479999999999947,0.4161793979923097,8580.71716537518,0.0025479999999999947,0.4161793979923097,100.00708862505579,0.012421999999999933,0.09226022313308907,0.281115564,0.5,-44.98965804489066,0.12033578616093905,19.81186353441495,19.743255724677535,39.6237270688299,1.033912809183836,0.004999234267157328,-0.012188442658495223,-0.006094221329247611,1.0290000438690186,1.0390000343322754,4172,1.033912809183836,0.9905931767207475,0.010074197189624101,0.010074197189624101
82,315,40,1000,1,1.0,82_315_40_1000_1,valid,,2.121168,True,True,8571.06228437925,0.0014020000000000143,0.3638643622450611,8571.06228437925,0.0014020000000000143,0.3638643622450611,100.01199377549875,0.01220199999999999,0.08630691666515437,0.289234,0.5,-44.979759282035076,0.07875630290524782,19.893853123000174,20.015250354168135,39.78770624600035,1.0292341436457635,0.001512016147211065,-0.0010194169293948735,-0.0005097084646974368,1.0290000438690186,1.0390000343322754,4264,1.0292341436457635,0.9946926561500087,0.019972960045151922,0.019972960045151922
82,0,60,500,0,0.5,82_0_60_500_0,valid,,1.368299,True,True,8630.362555374213,0.0011070000000000003,0.351316630182629,8630.362555374213,0.0011070000000000003,0.351316630182629,100.02083767451552,0.011830000000000007,0.0871317943120395,0.350548,0.5,-90.0,0.0,30.2469743709655,30.316076786940485,60.493948741931,0.5329346705319611,0.005765938885785327,-0.03417271397493716,-0.01708635698746858,0.5189999938011169,0.5389999747276306,4349,1.0658693410639222,1.0082324790321833,-0.00026775791974387175,0.00026775791974387175
82,0,60,500,1,0.5,82_0_60_500_1,valid,,1.3591550000000001,True,True,8619.18632636614,0.001392,0.36130608934379005,8619.18632636614,0.001392,0.36130608934379005,100.09124339867837,0.01221899999999998,0.0951321315714949,0.310306805,0.5,-90.0,0.0,29.938646718093437,29.552033682370087,59.877293436186875,0.5331970863617015,0.0054187067996857765,-0.019024346330585577,-0.009512173165292789,0.5189999938011169,0.5389999747276306,4299,1.066394172723403,0.9979548906031146,-0.00026775791974387175,0.00026775791974387175
82,0,60,1000,0,1.0,82_0_60_1000_0,valid,,1.3807340000000001,True,True,8607.304663550733,0.0014840000000000408,0.35225927119670525,8607.304663550733,0.0014840000000000408,0.35225927119670525,99.9950002499875,0.011841999999999908,0.09094392722734569,0.30944,0.5,-90.0,0.0,29.69522620689446,29.71205593764314,59.39045241378892,1.0516825718415999,0.007789634809086478,-0.02436814008795919,-0.012184070043979594,1.0290000438690186,1.0679999589920044,4305,1.0516825718415999,0.9898408735631486,-0.00026775791974387175,0.00026775791974387175
82,0,60,1000,1,1.0,82_0_60_1000_1,valid,,1.399154,True,True,8691.702215297944,0.001302999999999832,0.31749650373210614,8691.702215297944,0.001302999999999832,0.31749650373210614,100.00292826254028,0.012703999999999827,0.09094254944818288,0.350368,0.5,-90.0,0.0,29.676016755133883,29.783763950394878,59.352033510267766,1.0476881778095177,0.007444748894503748,-0.044212205634870876,-0.022106102817435438,1.0390000343322754,1.0579999685287476,4297,1.0476881778095177,0.9892005585044628,-0.00026775791974387175,0.00026775791974387175
82,45,60,500,0,0.5,82_45_60_500_0,valid,,1.3596570000000001,True,True,8669.107782275176,0.0012550000000000061,0.3372221111110411,8669.107782275176,0.0012550000000000061,0.3372221111110411,99.97854627027951,0.012309000000000014,0.10132454188632774,0.310115,0.5,-134.9961679931356,0.0689779180857073,29.928185576861456,29.993879108762272,59.85637115372291,0.5364908271205424,0.00433539276509392,0.00024256470694242308,0.00012128235347121154,0.5289999842643738,0.5389999747276306,4363,1.0729816542410848,0.9976061858953819,0.003564248944655901,0.003564248944655901
82,45,60,500,1,0.5,82_45_60_500_1,valid,,1.359072,True,True,8598.230536172834,0.0011720000000000064,0.3455539065229993,8598.230536172834,0.0011720000000000064,0.3455539065229993,100.12152872851743,0.012376000000000054,0.09232496305903737,0.300365383,0.5,-134.99395819456282,0.04878786473582862,29.959850875675663,29.96859826423502,59.919701751351326,0.5376613773918748,0.004031172349717791,0.013923304416038266,0.006961652208019133,0.5289999842643738,0.5490000247955322,4297,1.0753227547837496,0.9986616958558554,0.0057740475174341555,0.0057740475174341555
82,45,60,1000,0,1.0,82_45_60_1000_0,valid,,1.369892,True,True,8664.269715410699,0.0009369999999999934,0.3299429001492626,8664.269715410699,0.0009369999999999934,0.3299429001492626,99.97890497450014,0.012160000000000004,0.09455183134822152,0.299256,0.5,-135.00633144201612,0.061871378662218035,30.063553818722298,30.23120231101778,60.127107637444595,1.0561625850158929,0.003627722434078838,0.015023492622594316,0.007511746311297158,1.0490000247955322,1.0579999685287476,4333,1.0561625850158929,1.0021184606240765,-0.006599199935862998,0.006599199935862998
82,45,60,1000,1,1.0,82_45_60_1000_1,valid,,1.3699249999999998,True,True,8591.742182990556,0.0010809999999999986,0.3389923846772353,8591.742182990556,0.0010809999999999986,0.3389923846772353,99.98275022880668,0.012287000000000048,0.09300438980838105,0.31055,0.5,-134.99071138857704,0.06735635285716197,29.78653123986972,30.01505219616556,59.57306247973944,1.0553289652276039,0.004111522927919163,0.008257331708610267,0.004128665854305134,1.0490000247955322,1.0579999685287476,4282,1.0553289652276039,0.992884374662324,0.00902085350321613,0.00902085350321613
82,90,60,500,0,0.5,82_90_60_500_0,valid,,1.360658,True,True,8646.145476354603,0.0014970000000000816,0.3510525648989673,8646.145476354603,0.0014970000000000816,0.3510525648989673,100.0751383825889,0.012286000000000019,0.09346406691942498,0.310407424,0.5,180.0,0.0,30.18580072801286,30.387500845017975,60.37160145602572,0.5209611869356284,0.006781712281675908,0.04061336756978999,0.020306683784894995,0.5099999904632568,0.5289999842643738,4309,1.0419223738712569,1.0061933576004287,-0.00026775791980071517,0.00026775791980071517
82,90,60,500,1,0.5,82_90_60_500_1,valid,,1.378731,True,True,8632.057975186708,0.0012230000000000851,0.3412887240901992,8632.057975186708,0.0012230000000000851,0.3412887240901992,100.02717404894996,0.012324000000000002,0.09869875123784223,0.320036,0.5,180.0,0.0,29.585715082048374,29.854771164063955,59.17143016409675,0.5227110614241213,0.006466226272738189,0.03706237514660396,0.01853118757330198,0.5099999904632568,0.5289999842643738,4312,1.0454221228482425,0.9861905027349458,-0.00026775791980071517,0.00026775791980071517
82,90,60,1000,0,1.0,82_90_60_1000_0,valid,,1.361801,True,True,8586.51704661629,0.0012610000000001786,0.35634892734213286,8586.51704661629,0.0012610000000001786,0.35634892734213286,100.00602246212617,0.012240000000000029,0.0918178208615101,0.318703,0.5,180.0,0.0,30.319391397165546,30.385600087451763,60.63878279433109,1.0295413393727983,0.007429759964520676,0.0404038150236761,0.02020190751183805,1.0190000534057617,1.0390000343322754,4215,1.0295413393727983,1.0106463799055183,-0.00026775791980071517,0.00026775791980071517
82,90,60,1000,1,1.0,82_90_60_1000_1,valid,,1.3614629999999999,True,True,8631.622997790155,0.0010930000000000106,0.3509930333271582,8631.622997790155,0.0010930000000000106,0.3509930333271582,100.00980294108035,0.01207999999999998,0.08492524237756302,0.319197755,0.5,180.0,0.0,29.748015774207357,29.97576271105244,59.49603154841471,1.02615048516765,0.005272599686294577,0.027585972358774774,0.013792986179387387,1.0089999437332153,1.0390000343322754,4292,1.02615048516765,0.9916005258069119,-0.00026775791980071517,0.00026775791980071517
82,135,60,500,0,0.5,82_135_60_500_0,valid,,1.371113,True,True,8666.330292177086,0.0013360000000000039,0.34343296177624166,8666.330292177086,0.0013360000000000039,0.34343296177624166,99.94842440420247,0.01224900000000001,0.09058879303570548,0.319262,0.5,135.00356122328455,0.08492123602839285,29.684052187650988,29.52877953026483,59.368104375301975,0.5265727446991719,0.004287292921783679,-0.022057075428544074,-0.011028537714272037,0.5189999938011169,0.5289999842643738,4337,1.0531454893983438,0.989468406255033,0.0032934653647771484,0.0032934653647771484
82,135,60,500,1,0.5,82_135_60_500_1,valid,,1.4118110000000001,True,True,8626.116006886212,0.001214999999999966,0.3435137507212809,8626.116006886212,0.001214999999999966,0.3435137507212809,99.96972983599379,0.012075999999999976,0.08929084985000829,0.339152,0.5,135.00374545059768,0.042908934845883095,29.742243572106407,29.700934829543367,59.484487144212814,0.5260114274344864,0.004577561345553811,-0.02514490255153867,-0.012572451275769335,0.5189999938011169,0.5289999842643738,4262,1.0520228548689727,0.9914081190702135,0.003477692677961386,0.003477692677961386
82,135,60,1000,0,1.0,82_135_60_1000_0,valid,,1.370523,True,True,8602.2617095964,0.0012410000000000476,0.3633109253596348,8602.2617095964,0.0012410000000000476,0.3633109253596348,99.97337725533863,0.012614,0.0946805539461126,0.299457,0.5,134.99223497938513,0.06286174438360632,29.671977921410857,29.889535209674275,59.343955842821714,1.0411728118001513,0.005007912323088149,-0.014592827209916339,-0.007296413604958169,1.0290000438690186,1.0490000247955322,4287,1.0411728118001513,0.9890659307136952,-0.008032778534584395,0.008032778534584395
82,135,60,1000,1,1.0,82_135_60_1000_1,valid,,1.220351,True,True,8641.911283586438,0.0011849999999999916,0.3310109570664876,8641.911283586438,0.0011849999999999916,0.3310109570664876,100.02182796798198,0.011956000000000078,0.09173055011787946,0.459764,0.5,135.0112753166618,0.07454025687030708,30.25324195833243,30.67536713543278,60.50648391666486,1.0346759543760433,0.005405171777486666,-0.03233984714516733,-0.016169923572583664,1.0290000438690186,1.0490000247955322,4334,1.0346759543760433,1.008441398611081,0.011007558741994217,0.011007558741994217
82,180,60,500,0,0.5,82_180_60_500_0,valid,,1.37997,True,True,8544.637580050989,0.000915000000000013,0.35358723962578326,8544.637580050989,0.000915000000000013,0.35358723962578326,100.07378497202859,0.012103000000000003,0.09273838475025684,0.330778,0.5,90.0,0.0,29.51104861978845,29.46536347959035,59.0220972395769,0.4995529386663513,0.006777938341278222,-0.038922583849622786,-0.019461291924811393,0.49000000953674316,0.5099999904632568,4317,0.9991058773327026,0.983701620659615,-0.00026775791980071517,0.00026775791980071517
82,180,60,500,1,0.5,82_180_60_500_1,valid,,0.7893789999999998,True,False,8621.381211723796,0.0010499999999999954,0.36587480200562117,8621.381211723796,0.0010499999999999954,0.36587480200562117,99.99098526868562,0.012378,0.09319154021606084,0.300315088,0.5,90.0,0.0,29.63404733591882,29.724624940707265,59.26809467183764,0.5026148757462578,0.005356149687156918,-0.030283919837014346,-0.015141959918507173,0.49000000953674316,0.5099999904632568,4317,1.0052297514925157,0.9878015778639606,-0.00026775791980071517,0.00026775791980071517
82,180,60,1000,0,1.0,82_180_60_1000_0,valid,,1.369012,True,True,8548.954338468153,0.0016430000000000004,0.39050132532724613,8548.954338468153,0.0016430000000000004,0.39050132532724613,99.9530440370046,0.01237099999999991,0.08974189832380829,0.290767,0.5,90.0,0.0,29.05957933764824,28.81223410544013,58.11915867529648,1.0117968978683787,0.004887102632611057,-0.027478047327976887,-0.013739023663988444,1.0,1.0190000534057617,4347,1.0117968978683787,0.9686526445882747,-0.00026775791980071517,0.00026775791980071517
82,180,60,1000,1,1.0,82_180_60_1000_1,valid,,1.370159,True,True,8571.189298029065,0.0012920000000000709,0.36919332766570123,8571.189298029065,0.0012920000000000709,0.36919332766570123,100.03694072446542,0.01231099999999996,0.09342404440378707,0.309609,0.5,90.0,0.0,29.8066638560728,29.758785502320595,59.6133277121456,1.0057240660902607,0.005633575252863367,-0.03425112983754104,-0.01712556491877052,1.0,1.0190000534057617,4345,1.0057240660902607,0.9935554618690933,-0.00026775791980071517,0.00026775791980071517
82,225,60,500,0,0.5,82_225_60_500_0,valid,,1.360671,True,True,8560.937754643326,0.0013460000000000694,0.34765715485950877,8560.937754643326,0.0013460000000000694,0.34765715485950877,99.97313908515788,0.012328000000000117,0.09162940820138203,0.319353,0.5,44.9999867583942,0.06461617018739219,29.977264265746463,30.206829805999966,59.954528531492926,0.5008347866438846,0.007377364063231918,-0.04517287154096086,-0.02258643577048043,0.49000000953674316,0.5099999904632568,4260,1.0016695732877692,0.9992421421915487,-0.0002809995255574904,0.0002809995255574904
82,225,60,500,1,0.5,82_225_60_500_1,valid,,1.351328,True,True,8588.185572512823,0.001497000000000026,0.3644873305731962,8588.185572512823,0.001497000000000026,0.3644873305731962,100.00640666042668,0.012386000000000008,0.09564161290466634,0.319171,0.5,44.99470943366753,0.08007054580725992,30.13503851045494,30.20070745275925,60.27007702090988,0.5002059100034792,0.008456317971465687,-0.05396364596642655,-0.026981822983213274,0.49000000953674316,0.5189999938011169,4273,1.0004118200069585,1.0045012836818314,-0.005558324252206148,0.005558324252206148
82,225,60,1000,0,1.0,82_225_60_1000_0,valid,,1.35884,True,True,8580.889942380909,0.0018019999999999998,0.3755599044101908,8580.889942380909,0.0018019999999999998,0.3755599044101908,99.98505717826787,0.01190800000000003,0.08040360165157776,0.32083,0.5,45.00591503751971,0.06119313800714393,30.194640078398955,30.03074323412965,60.38928015679791,1.0064592247292088,0.007603532821200657,-0.047267436004306156,-0.023633718002153078,1.0,1.0190000534057617,4326,1.0064592247292088,1.0064880026132985,0.005647279599998001,0.005647279599998001
82,225,60,1000,1,1.0,82_225_60_1000_1,valid,,1.360752,True,True,8579.428653176908,0.0010790000000000521,0.33960360379298726,8579.428653176908,0.0010790000000000521,0.33960360379298726,99.9679790067244,0.012373999999999996,0.09076013396341828,0.299974946,0.5,45.002698328430945,0.07857059658145715,29.424391067328816,29.499337978536715,58.84878213465763,1.0079521242500735,0.007978690952756412,-0.051306880919823966,-0.025653440459911983,1.0,1.0290000438690186,4274,1.0079521242500735,0.9808130355776272,0.0024305705112510623,0.0024305705112510623
82,270,60,500,0,0.5,82_270_60_500_0,valid,,1.369411,True,True,8645.522575671237,0.0013090000000000046,0.35979865697325714,8645.522575671237,0.0013090000000000046,0.35979865697325714,100.03058830094885,0.0121,0.09070600288068724,0.309799117,0.5,0.0,0.0,29.711781752334762,29.84291142435623,59.423563504669524,0.5278566925420161,0.013622274632159639,-0.09110961658482476,-0.04555480829241238,0.5099999904632568,0.5490000247955322,4346,1.0557133850840321,0.9903927250778254,-0.00026775791980071517,0.00026775791980071517
82,270,60,500,1,0.5,82_270_60_500_1,valid,,0.962553,True,False,8602.848764139088,0.0011020000000000058,0.33960446802264005,8602.848764139088,0.0011020000000000058,0.33960446802264005,100.08781388723686,0.01211300000000004,0.0886115354994784,0.70870747,0.5,0.0,0.0,29.783117341662905,29.91264851951271,59.56623468332581,0.5109922858312725,0.002818867064424904,-0.001115589590343555,-0.0005577947951717775,0.5099999904632568,0.5189999938011169,4323,1.021984571662545,0.9927705780554301,-0.00026775791980071517,0.00026775791980071517
82,270,60,1000,0,1.0,82_270_60_1000_0,valid,,1.369076,True,True,8617.70426805244,0.0014540000000000664,0.33950903960061724,8617.70426805244,0.0014540000000000664,0.33950903960061724,99.96423154839908,0.01233699999999982,0.09732186144252859,0.310031,0.5,0.0,0.0,29.74097163559294,29.699997901916504,59.48194327118588,1.0354835489019916,0.01745340040150686,-0.11792882247948638,-0.05896441123974319,1.0089999437332153,1.0679999589920044,4308,1.0354835489019916,0.9913657211864313,-0.00026775791980071517,0.00026775791980071517
82,270,60,1000,1,1.0,82_270_60_1000_1,valid,,1.359359,True,True,8612.204186179788,0.0010930000000000106,0.3493683115241309,8612.204186179788,0.0010930000000000106,0.3493683115241309,100.00692355624619,0.012380000000000058,0.0898831197961497,0.311063437,0.5,0.0,0.0,29.81946670546137,30.001536523722436,59.63893341092274,1.0340966225209152,0.016892631214867,-0.11437299128923994,-0.05718649564461997,1.0089999437332153,1.0679999589920044,4310,1.0340966225209152,0.993982223515379,-0.00026775791980071517,0.00026775791980071517
82,315,60,500,0,0.5,82_315_60_500_0,valid,,1.3699759999999999,True,True,8636.383389451936,0.0013419999999999543,0.34924834407307964,8636.383389451936,0.0013419999999999543,0.34924834407307964,100.02890308831343,0.012761999999999996,0.08981813402791798,0.300145,0.5,-45.00480422750322,0.06250404477037247,29.550029464055097,29.713887922305222,59.100058928110194,0.5189999938011169,0.0,0.0,0.0,0.5189999938011169,0.5189999938011169,4290,1.0379999876022339,0.9850009821351698,-0.005071985423001024,0.005071985423001024
82,315,60,500,1,0.5,82_315_60_500_1,valid,,1.369966,True,True,8627.101696306157,0.0013229999999999995,0.3463607330141979,8627.101696306157,0.0013229999999999995,0.3463607330141979,100.03708180833523,0.012350000000000028,0.09372321971754186,0.299388,0.5,-44.99029399376392,0.07544699190465565,29.426386878862914,29.460251219273047,58.85277375772583,0.5189999938011169,0.0,0.0,0.0,0.5189999938011169,0.5189999938011169,4301,1.0379999876022339,0.9808795626287637,0.009438248316314457,0.009438248316314457
82,315,60,1000,0,1.0,82_315_60_1000_0,valid,,0.9500339999999999,True,False,8598.939373393654,0.0013119999999999998,0.35273133371767396,8598.939373393654,0.0013119999999999998,0.35273133371767396,99.93057179645345,0.012290000000000134,0.09456868014796828,0.720376,0.5,-44.99895445977052,0.07226273103710097,29.862089115753058,30.140262554738907,59.724178231506116,1.0322744593862894,0.00469279521881205,0.024195851507388982,0.012097925753694491,1.0290000438690186,1.0390000343322754,4376,1.0322744593862894,0.995402970525102,0.0007777823097967485,0.0007777823097967485
82,315,60,1000,1,1.0,82_315_60_1000_1,valid,,1.3590810000000002,True,True,8594.630738240767,0.001363000000000003,0.3300220710100063,8594.630738240767,0.001363000000000003,0.3300220710100063,100.03680301331912,0.01205299999999998,0.08934906732429432,0.309942598,0.5,-44.99652160624546,0.055383320248594714,29.651085179282287,29.331607267937525,59.302170358564574,1.0290000438690186,0.0,0.0,0.0,1.0290000438690186,1.0290000438690186,4313,1.0290000438690186,0.9883695059760762,0.003210635834875575,0.003210635834875575
87,0,20,500,0,0.5,87_0_20_500_0,valid,,4.4099960000000005,True,True,8651.9982140315,0.0013030000000000541,0.32886122160721254,8651.9982140315,0.0013030000000000541,0.32886122160721254,99.99829962405498,0.01229799999999992,0.08355206571181785,0.320458637,0.5,-90.0,0.0,9.896326289131986,9.924198970275967,19.792652578263972,0.558802558187099,0.0013912510695927697,0.002322698715791323,0.0011613493578956616,0.5490000247955322,0.5590000152587891,4315,1.117605116374198,0.9896326289131986,-0.00026775791974387175,0.00026775791974387175
87,0,20,500,1,0.5,87_0_20_500_1,valid,,4.410259,True,True,8664.442233608379,0.0012320000000001219,0.3295915169081766,8664.442233608379,0.0012320000000001219,0.3295915169081766,99.99061718264213,0.012488999999999972,0.09381245088836641,0.279657,0.5,-90.0,0.0,9.822611605570621,9.927886614483981,19.645223211141243,0.5553221301084694,0.005298731506875758,0.0034067470412329453,0.0017033735206164727,0.5389999747276306,0.5590000152587891,4341,1.1106442602169389,0.9822611605570621,-0.00026775791974387175,0.00026775791974387175
87,0,20,1000,0,1.0,87_0_20_1000_0,valid,,4.388228,True,True,8666.73720044931,0.0013499999999999623,0.3372630032959075,8666.73720044931,0.0013499999999999623,0.3372630032959075,100.00862143288215,0.012134999999999785,0.08881088968129863,0.320449,0.5,-90.0,0.0,9.873077391863385,9.883973653433735,19.74615478372677,1.0546587081879866,0.0043482334804067786,-0.023791953094085074,-0.011895976547042537,1.0490000247955322,1.0579999685287476,4386,1.0546587081879866,0.9873077391863385,-0.00026775791974387175,0.00026775791974387175
87,0,20,1000,1,1.0,87_0_20_1000_1,valid,,4.168804000000001,True,True,8703.718099458107,0.001985999999999599,0.35354312138410243,8703.718099458107,0.001985999999999599,0.35354312138410243,100.01044733881938,0.01260400000000006,0.0888850624693058,0.32074,0.5,-90.0,0.0,9.834656236441866,9.950250858800452,19.669312472883732,1.0655006913754939,0.00432970134204347,0.018281579282209755,0.009140789641104877,1.0579999685287476,1.0679999589920044,4379,1.0655006913754939,0.9834656236441865,-0.00026775791974387175,0.00026775791974387175
87,45,20,500,0,0.5,87_45_20_500_0,valid,,4.379833,True,True,8671.604745643017,0.001363000000000003,0.35105907984134255,8671.604745643017,0.001363000000000003,0.35105907984134255,100.02921585023921,0.012336000000000125,0.0919595779951772,0.289108307,0.5,-135.02481175234377,0.1742124208117275,9.970935079557687,10.002158547659391,19.941870159115375,0.5636783395198541,0.004496467065764799,0.024113135177153223,0.012056567588576612,0.5590000152587891,0.5680000185966492,4314,1.1273566790397083,0.9970935079557688,-0.02507951026350952,0.02507951026350952
87,45,20,500,1,0.5,87_45_20_500_1,valid,,4.38061,True,True,8638.420070071661,0.0014810000000000656,0.3515017917959497,8638.420070071661,0.0014810000000000656,0.3515017917959497,100.00546588578727,0.012502000000000013,0.09177893253594006,0.309115,0.5,-134.97888608045662,0.2035563407600165,9.880089724965114,9.88493122804082,19.760179449930227,0.5612427661760713,0.0039030517756583906,0.02028129551298886,0.01014064775649443,0.5490000247955322,0.5680000185966492,4331,1.1224855323521425,0.9880089724965113,0.020846161623637727,0.020846161623637727
87,45,20,1000,0,1.0,87_45_20_1000_0,valid,,3.0009630000000005,True,True,8611.02361683273,0.0013519999999997978,0.3472561896714884,8611.02361683273,0.0013519999999997978,0.3472561896714884,99.9926920454882,0.012293999999999805,0.08956770285724597,1.660068,0.5,-135.014003187619,0.29336578613815334,9.97093294520445,10.018091881432476,19.9418658904089,1.0814253424343074,0.006614253309151935,-0.04106871583934099,-0.020534357919670496,1.0679999589920044,1.0880000591278076,4205,1.0814253424343074,0.9970932945204449,-0.014270945538754631,0.014270945538754631
87,45,20,1000,1,1.0,87_45_20_1000_1,valid,,4.3798070000000004,True,True,8656.092452828658,0.0014759999999993667,0.35891104795807205,8656.092452828658,0.0014759999999993667,0.35891104795807205,100.00642317677314,0.012621999999999911,0.09257144970376842,0.280326,0.5,-134.97506658338028,0.20753793964619965,9.89406652641569,9.8232957151857,19.78813305283138,1.069437121258359,0.007563860239800627,0.04426904436512141,0.022134522182560706,1.0390000343322754,1.0779999494552612,4358,1.069437121258359,0.989406652641569,0.024665658699973392,0.024665658699973392
87,90,20,500,0,0.5,87_90_20_500_0,valid,,4.4094109999999995,True,True,8671.53201124383,0.001375000000000015,0.34952647310396734,8671.53201124383,0.001375000000000015,0.34952647310396734,100.02266773872535,0.012334999999999985,0.08628781955250907,0.279798428,0.5,180.0,0.0,9.785153438780279,9.970578938636592,19.570306877560558,0.5464908107924872,0.004335448160046793,0.022025387723826582,0.011012693861913291,0.5389999747276306,0.5490000247955322,4358,1.0929816215849744,0.9785153438780279,-0.00026775791980071517,0.00026775791980071517
87,90,20,500,1,0.5,87_90_20_500_1,valid,,4.4103330000000005,True,True,8657.16067691031,0.0013380000000000614,0.35587703041617147,8657.16067691031,0.0013380000000000614,0.35587703041617147,100.01533840118454,0.012207999999999775,0.08719893149894906,0.298640557,0.5,180.0,0.0,9.877026097188786,9.825278781571654,19.75405219437757,0.5468176450088693,0.00413051154223915,0.020473246087625224,0.010236623043812612,0.5389999747276306,0.5490000247955322,4273,1.0936352900177386,0.9877026097188786,-0.00026775791980071517,0.00026775791980071517
87,90,20,1000,0,1.0,87_90_20_1000_0,valid,,3.129485,True,True,8683.285086113243,0.0013119999999995358,0.34135155960776126,8683.285086113243,0.0013119999999995358,0.34135155960776126,100.02990772747236,0.012351999999999919,0.09239876130885243,0.270433379,0.5,180.0,0.0,9.900096220050184,9.960050827302396,19.800192440100368,1.0462688425601931,0.0061468084486026595,0.02777054775826066,0.01388527387913033,1.0290000438690186,1.0490000247955322,4326,1.0462688425601931,0.9900096220050184,-0.00026775791980071517,0.00026775791980071517
87,90,20,1000,1,1.0,87_90_20_1000_1,valid,,3.82848,True,True,8655.820948622993,0.0011209999999999276,0.32503823051769676,8655.820948622993,0.0011209999999999276,0.32503823051769676,100.00969729655972,0.012480999999999742,0.09190431888304611,0.9014,0.5,180.0,0.0,9.993942520903406,9.935243676598795,19.987885041806813,1.057760790776064,0.0014475428556733165,0.002793858524683516,0.001396929262341758,1.0490000247955322,1.0579999685287476,4348,1.057760790776064,0.9993942520903406,-0.00026775791980071517,0.00026775791980071517
87,135,20,500,0,0.5,87_135_20_500_0,valid,,4.391547,True,True,8629.170691365385,0.0016329999999999956,0.3420620264372409,8629.170691365385,0.0016329999999999956,0.3420620264372409,99.98752188243175,0.012415000000000287,0.08765615858992615,0.28904,0.5,135.00289668090883,0.1738167313356911,9.951671770070357,9.97027921181495,19.903343540140714,0.5389999747276306,0.0,0.0,0.0,0.5389999747276306,0.5389999747276306,4332,1.0779999494552612,0.9951671770070357,0.0026289229890608112,0.0026289229890608112
87,135,20,500,1,0.5,87_135_20_500_1,valid,,2.470058,True,True,8704.464748832941,0.0012760000000000549,0.305170684603557,8704.464748832941,0.0012760000000000549,0.305170684603557,100.01948483377201,0.012715000000000032,0.09418179370379165,0.309463523,0.5,134.95697514995086,0.20636511987164852,9.90156263200479,9.984122986107966,19.80312526400958,0.5389999747276306,0.0,0.0,0.0,0.5389999747276306,0.5389999747276306,4338,1.0779999494552612,0.990156263200479,-0.04329260796885137,0.04329260796885137
87,135,20,1000,0,1.0,87_135_20_1000_0,valid,,4.37054,True,True,8650.240375166279,0.0010970000000001257,0.34060572799681965,8650.240375166279,0.0010970000000001257,0.34060572799681965,100.00326623571172,0.012322000000000166,0.09082267691352662,0.299251,0.5,134.99707512599431,0.2060422239371178,9.92053413842725,9.983542336523136,19.8410682768545,1.0290000438690186,0.0,0.0,0.0,1.0290000438690186,1.0290000438690186,4323,1.0290000438690186,0.992053413842725,-0.003192631925458045,0.003192631925458045
87,135,20,1000,1,1.0,87_135_20_1000_1,valid,,4.390762,True,True,8670.992192388348,0.0013770000000000726,0.3271614450029818,8670.992192388348,0.0013770000000000726,0.3271614450029818,99.9927738015694,0.012109000000000147,0.08467820206619887,0.31996,0.5,135.01225399300736,0.30609917384920493,9.940335270930708,9.920119725368702,19.880670541861416,1.0289856618427344,0.00037896343227868557,0.00017233747663927398,8.616873831963699e-05,1.0190000534057617,1.0290000438690186,4361,1.0289856618427344,0.9940335270930708,0.011986235087647401,0.011986235087647401
87,180,20,500,0,0.5,87_180_20_500_0,valid,,4.420569,True,True,8623.17386059434,0.0012970000000001036,0.344351553694115,8623.17386059434,0.0012970000000001036,0.344351553694115,100.00996123073094,0.012539000000000078,0.0893905304166851,0.31053,0.5,90.0,0.0,9.83211635033888,9.77334977901868,19.66423270067776,0.5104846783890146,0.0020315684985412192,-0.00550302548764461,-0.002751512743822305,0.5099999904632568,0.5189999938011169,4311,1.0209693567780291,0.9832116350338881,-0.00026775791980071517,0.00026775791980071517
87,180,20,500,1,0.5,87_180_20_500_1,valid,,4.419021,True,True,8670.381938333501,0.0016319999999999668,0.3424231756941056,8670.381938333501,0.0016319999999999668,0.3424231756941056,100.0313060939442,0.01253800000000016,0.08800378530884662,0.300056964,0.5,90.0,0.0,9.740126388770465,9.725255717957758,19.48025277754093,0.5076576326971054,0.004235199572440471,-0.0035992767161395095,-0.0017996383580697547,0.5,0.5099999904632568,4348,1.0153152653942108,0.9740126388770465,-0.00026775791980071517,0.00026775791980071517
87,180,20,1000,0,1.0,87_180_20_1000_0,valid,,4.409644,True,True,8657.652372290411,0.0011479999999999269,0.3448854949631128,8657.652372290411,0.0011479999999999269,0.3448854949631128,100.03208614020505,0.012550999999999979,0.09367627736590574,0.280512695,0.5,90.0,0.0,9.910604308438973,9.900323324512748,19.821208616877946,1.000655556698947,0.002387278339951002,-0.007314366101497936,-0.003657183050748968,1.0,1.0190000534057617,4322,1.000655556698947,0.9910604308438973,-0.00026775791980071517,0.00026775791980071517
87,180,20,1000,1,1.0,87_180_20_1000_1,valid,,2.4979020000000003,True,True,8622.507621855417,0.0011680000000000579,0.34674400280441536,8622.507621855417,0.0011680000000000579,0.34674400280441536,100.00642755881715,0.012521000000000004,0.08941237064665858,1.701298923,0.5,90.0,0.0,9.906592353101624,9.84170275553518,19.81318470620325,1.0002117326762676,0.001364093635602883,0.00129610909850765,0.000648054549253825,1.0,1.0089999437332153,4334,1.0002117326762676,0.9906592353101624,-0.00026775791980071517,0.00026775791980071517
87,225,20,500,0,0.5,87_225_20_500_0,valid,,4.388602,True,True,8545.28387218806,0.0012559999999999794,0.3481164653448979,8545.28387218806,0.0012559999999999794,0.3481164653448979,100.03075634458563,0.012025999999999981,0.08627897160387081,0.280189766,0.5,45.023918611038354,0.2048608691528102,9.956740634930938,9.991099240445532,19.913481269861876,0.4905656936772642,0.0023101596186387414,-0.006404211546359103,-0.0032021057731795514,0.49000000953674316,0.5,4200,0.9811313873545284,0.9956740634930938,0.023650853118624582,0.023650853118624582
87,225,20,500,1,0.5,87_225_20_500_1,valid,,4.388803,True,True,8671.844266988897,0.0012330000000000396,0.34140681258166833,8671.844266988897,0.0012330000000000396,0.34140681258166833,100.00482351747527,0.012328000000000117,0.0911715152733723,0.289935,0.5,44.96204522292741,0.24865565709136206,9.834825536126052,9.875562785214907,19.669651072252105,0.4909187987805167,0.0028885480783611282,-0.009748366002689031,-0.0048741830013445155,0.49000000953674316,0.5,4324,0.9818375975610334,0.9834825536126053,-0.03822253499231465,0.03822253499231465
87,225,20,1000,0,1.0,87_225_20_1000_0,valid,,4.381733,True,True,8654.189530875849,0.0011609999999997456,0.3270974722191538,8654.189530875849,0.0011609999999997456,0.3270974722191538,100.00247511116044,0.012223000000000095,0.0874540082858379,0.298727,0.5,45.04574619403601,0.23514134945645537,9.923773052061069,10.139623448050852,19.847546104122138,0.9800427155727677,0.0006520288295601851,-0.0005101716235727958,-0.0002550858117863979,0.9800000190734863,0.9900000095367432,4261,0.9800427155727677,0.9923773052061069,0.04547843611624103,0.04547843611624103
87,225,20,1000,1,1.0,87_225_20_1000_1,valid,,1.7,True,True,8658.463547399138,0.0013719999999999288,0.35580564084280164,8658.463547399138,0.0013719999999999288,0.35580564084280164,100.02143910680232,0.012283999999999962,0.09424693693116849,1.650501123,0.5,44.997092933149005,0.28650373475455804,10.07235081159664,10.118674870687144,20.14470162319328,0.99023480931282,0.001514220785322135,0.002698371370437245,0.0013491856852186224,0.9900000095367432,1.0,4313,0.99023480931282,1.007235081159664,-0.0031748247706673283,0.0031748247706673283
87,270,20,500,0,0.5,87_270_20_500_0,valid,,3.439514,True,True,8651.92795455864,0.0012150000000001882,0.3336218569051002,8651.92795455864,0.0012150000000001882,0.3336218569051002,100.01652967795874,0.012310000000000043,0.08749598370638065,0.289741,0.5,0.0,0.0,9.869495155341928,9.901196039330188,19.738990310683857,0.5194690333538056,0.0021143303790538324,0.003291612576405902,0.001645806288202951,0.5189999938011169,0.5289999842643738,4319,1.0389380667076111,0.9869495155341929,-0.00026775791980071517,0.00026775791980071517
87,270,20,500,1,0.5,87_270_20_500_1,valid,,2.870343,True,True,8684.821575172387,0.0011240000000000139,0.3297170145220937,8684.821575172387,0.0011240000000000139,0.3297170145220937,100.02485404588361,0.012545000000000028,0.08896924251805845,0.699505,0.5,0.0,0.0,10.045157312420082,10.14816356113377,20.090314624840165,0.5189999938011169,0.0,0.0,0.0,0.5189999938011169,0.5189999938011169,4338,1.0379999876022339,1.0045157312420083,-0.00026775791980071517,0.00026775791980071517
87,270,20,1000,0,1.0,87_270_20_1000_0,valid,,4.140491000000001,True,True,8676.255849973557,0.0013050000000003337,0.3451275159823994,8676.255849973557,0.0013050000000003337,0.3451275159823994,99.99310186752524,0.01237099999999991,0.09035433255104336,0.290054,0.5,0.0,0.0,9.876519506771192,10.005803118924497,19.753039013542384,1.0171241028319598,0.0039039109778462207,0.018075820693185495,0.009037910346592747,1.0089999437332153,1.0190000534057617,4297,1.0171241028319598,0.9876519506771192,-0.00026775791980071517,0.00026775791980071517
87,270,20,1000,1,1.0,87_270_20_1000_1,valid,,2.219932,True,True,8655.844005278594,0.0013680000000000359,0.3306708577737007,8655.844005278594,0.0013680000000000359,0.3306708577737007,100.01584089277979,0.012488999999999972,0.08981990178469398,0.320049027,0.5,0.0,0.0,9.882034443900109,9.916177318523147,19.764068887800217,1.019000053405762,2.220446049250313e-16,2.2186709133447007e-31,1.1093354566723504e-31,1.0190000534057617,1.0190000534057617,4347,1.019000053405762,0.9882034443900108,-0.00026775791980071517,0.00026775791980071517
87,315,20,500,0,0.5,87_315_20_500_0,valid,,2.9105480000000004,True,True,8633.906788493809,0.0013430000000003162,0.3441265037118983,8633.906788493809,0.0013430000000003162,0.3441265037118983,100.01196830593805,0.012126000000000081,0.08868800068278014,1.749795,0.5,-45.03882449508783,0.264631415776175,9.98585397218925,10.065979949857331,19.9717079443785,0.5387665349502562,0.0015099342428817654,0.0011464831722327571,0.0005732415861163786,0.5289999842643738,0.5389999747276306,4300,1.0775330699005123,0.998585397218925,-0.0390922530075386,0.0390922530075386
87,315,20,500,1,0.5,87_315_20_500_1,valid,,2.9106579999999997,True,True,8650.209285666739,0.00159100000000012,0.36410932911027455,8650.209285666739,0.00159100000000012,0.36410932911027455,100.01284459196948,0.01244999999999985,0.09026384190028502,1.759334,0.5,-45.03731428149199,0.17744798042954812,10.009116133058807,10.119480113127736,20.018232266117614,0.5358125306074171,0.004659893859822935,0.02605755454108729,0.013028777270543645,0.5289999842643738,0.5389999747276306,4353,1.0716250612148341,1.0009116133058806,-0.03758203941174543,0.03758203941174543
87,315,20,1000,0,1.0,87_315_20_1000_0,valid,,3.3583800000000004,True,True,8639.45677054906,0.00155100000000008,0.35375281109455825,8639.45677054906,0.00155100000000008,0.35375281109455825,100.01257954482838,0.012507999999999742,0.09252302064297595,0.301074,0.5,-44.98423800429786,0.2604969238928035,9.956482449868513,10.002422324351977,19.912964899737027,1.0270840077859356,0.005465435785009274,0.0205779162190158,0.0102889581095079,1.0,1.0290000438690186,4204,1.0270840077859356,0.9956482449868513,0.01549423778237724,0.01549423778237724
87,315,20,1000,1,1.0,87_315_20_1000_1,valid,,4.380517,True,True,8586.901698765652,0.0012449999999999406,0.34918927553274065,8586.901698765652,0.0012449999999999406,0.34918927553274065,100.0090090760242,0.01267599999999991,0.09230107063858231,0.319109,0.5,-44.99124004898305,0.18373805288405265,9.891948432868503,10.048138327007154,19.783896865737006,1.0259155088226248,0.007311196827907904,0.03175166290582722,0.01587583145291361,1.0,1.0290000438690186,4251,1.0259155088226248,0.9891948432868503,0.00849219309725413,0.00849219309725413
87,0,40,500,0,0.5,87_0_40_500_0,valid,,2.13069,True,True,8627.519118472144,0.0013110000000002842,0.3524874162088967,8627.519118472144,0.0013110000000002842,0.3524874162088967,100.0276321543231,0.012229999999999963,0.0882277219307381,0.278766,0.5,-90.0,0.0,19.75054618685558,19.777535051539328,39.50109237371116,0.5578907249894876,0.0037300263943388506,0.012275613607325053,0.006137806803662526,0.5389999747276306,0.5590000152587891,4309,1.115781449978975,0.987527309342779,-0.00026775791974387175,0.00026775791974387175
87,0,40,500,1,0.5,87_0_40_500_1,valid,,2.131287,True,True,8668.454148036422,0.0007190000000001362,0.31172158012333834,8668.454148036422,0.0007190000000001362,0.31172158012333834,99.99634628734718,0.012070999999999943,0.08281961022503029,0.289704,0.5,-90.0,0.0,19.83968389157213,19.948350585011866,39.67936778314426,0.5552373125671853,0.004844487536025457,0.0016404794655538507,0.0008202397327769254,0.5490000247955322,0.5590000152587891,4342,1.1104746251343707,0.9919841945786064,-0.00026775791974387175,0.00026775791974387175
87,0,40,1000,0,1.0,87_0_40_1000_0,valid,,2.140621,True,True,8667.8981793838,0.0013339999999999463,0.3361107848265358,8667.8981793838,0.0013339999999999463,0.3361107848265358,99.97981957147394,0.012194000000000038,0.09617758181427964,0.269758877,0.5,-90.0,0.0,19.722758673859282,19.769860190822563,39.445517347718564,1.065386500664224,0.008713944093932174,0.02895176026473394,0.01447588013236697,1.0190000534057617,1.0679999589920044,4354,1.065386500664224,0.9861379336929641,-0.00026775791974387175,0.00026775791974387175
87,0,40,1000,1,1.0,87_0_40_1000_1,valid,,2.1308469999999997,True,True,8680.103585766548,0.0020289999999999996,0.3437786810882614,8680.103585766548,0.0020289999999999996,0.3437786810882614,100.0463191546315,0.012191000000000063,0.09350384333227285,0.32962907,0.5,-90.0,0.0,19.832688781731086,19.871202793832953,39.66537756346217,1.0663323813104175,0.003760200430346987,0.016724963039899263,0.008362481519949632,1.0490000247955322,1.0679999589920044,4349,1.0663323813104175,0.9916344390865544,-0.00026775791974387175,0.00026775791974387175
87,45,40,500,0,0.5,87_45_40_500_0,valid,,2.129972,True,True,8699.009401113544,0.0012889999999998736,0.3262409722833589,8699.009401113544,0.0012889999999998736,0.3262409722833589,100.04456183345788,0.012418999999999958,0.09367290230309604,0.299236189,0.5,-134.99614220254713,0.12054631941886385,19.952540616769845,19.972810314243816,39.90508123353969,0.5693564263881887,0.007461350683068358,0.04778232907771954,0.02389116453885977,0.5490000247955322,0.578000009059906,4360,1.1387128527763775,0.9976270308384922,0.0035900395331225354,0.0035900395331225354
87,45,40,500,1,0.5,87_45_40_500_1,valid,,2.1286240000000003,True,True,8628.079353784033,0.0011959999999999749,0.3502289209836234,8628.079353784033,0.0011959999999999749,0.3502289209836234,100.0515532812709,0.012210000000000054,0.0906858575403468,0.300350757,0.5,-135.00185853392222,0.08273266009913548,19.946405619305306,20.092214293816777,39.89281123861061,0.5686685178402804,0.005768462545129589,0.03398904522851163,0.016994522614255814,0.5590000152587891,0.578000009059906,4335,1.1373370356805608,0.9973202809652653,-0.0021262918419608923,0.0021262918419608923
87,45,40,1000,0,1.0,87_45_40_1000_0,valid,,2.1196379999999997,True,True,8642.850624952514,0.0011889999999996625,0.35736631675941183,8642.850624952514,0.0011889999999996625,0.35736631675941183,100.01256862931433,0.01233300000000015,0.0898113736363993,0.300749,0.5,-135.01026149777573,0.138010142549021,19.990909778378057,19.767483437152503,39.981819556756115,1.0786576597721327,0.009729198089142828,0.06162646804561189,0.030813234022805946,1.0579999685287476,1.0880000591278076,4314,1.0786576597721327,0.9995454889189028,-0.010529255695473694,0.010529255695473694
87,45,40,1000,1,1.0,87_45_40_1000_1,valid,,1.7092329999999998,True,True,8656.160709857822,0.0009930000000000216,0.3422309520487942,8656.160709857822,0.0009930000000000216,0.3422309520487942,100.01691125636891,0.012084999999999901,0.09130270313226144,0.700479,0.5,-135.00915717321294,0.13058827178731747,19.773488853448274,19.686345632738213,39.54697770689655,1.0849001970413341,0.006909496992096764,-0.03764822653977188,-0.01882411326988594,1.0679999589920044,1.0980000495910645,4326,1.0849001970413341,0.9886744426724137,-0.009424931132684833,0.009424931132684833
87,90,40,500,0,0.5,87_90_40_500_0,valid,,1.3402809999999998,True,True,8670.489283368293,0.0013090000000000046,0.3435096195845449,8670.489283368293,0.0013090000000000046,0.3435096195845449,100.00496320928521,0.012420999999999995,0.09212771800621122,1.089557801,0.5,180.0,0.0,19.882612201735807,19.956607509549833,39.76522440347161,0.5534274310074395,0.007065733658964029,-0.0424019434776852,-0.0212009717388426,0.5389999747276306,0.5590000152587891,4353,1.106854862014879,0.9941306100867904,-0.00026775791980071517,0.00026775791980071517
87,90,40,500,1,0.5,87_90_40_500_1,valid,,2.1399649999999997,True,True,8649.341932873936,0.0013909999999999756,0.34532383048040904,8649.341932873936,0.0013909999999999756,0.34532383048040904,99.97935292290212,0.012361999999999984,0.09446215625178445,0.280174,0.5,180.0,0.0,19.683864307647386,19.708261240383738,39.36772861529477,0.5511986239075422,0.005646838029430285,0.03241786169120638,0.01620893084560319,0.5389999747276306,0.5590000152587891,4313,1.1023972478150843,0.9841932153823694,-0.00026775791980071517,0.00026775791980071517
87,90,40,1000,0,1.0,87_90_40_1000_0,valid,,2.129281,True,True,8604.11558863746,0.0014289999999999026,0.37133916291303126,8604.11558863746,0.0014289999999999026,0.37133916291303126,100.06889358442928,0.012513999999999914,0.09603621325033954,0.300463528,0.5,180.0,0.0,19.98792254498822,19.98099788416668,39.97584508997644,1.052966754906543,0.007046836089875262,0.04399772602282109,0.021998863011410547,1.0390000343322754,1.0679999589920044,4270,1.052966754906543,0.999396127249411,-0.00026775791980071517,0.00026775791980071517
87,90,40,1000,1,1.0,87_90_40_1000_1,valid,,2.120158,True,True,8616.100799839465,0.003815999999999986,0.4600047430303939,8616.100799839465,0.003815999999999986,0.4600047430303939,99.99750964056453,0.012487999999999999,0.08893722007791079,0.299364,0.5,180.0,0.0,19.740243330326685,19.806254639929357,39.48048666065337,1.0556835810167304,0.007649956604904779,0.04472074214542416,0.02236037107271208,1.0390000343322754,1.0679999589920044,4294,1.0556835810167304,0.9870121665163343,-0.00026775791980071517,0.00026775791980071517
87,135,40,500,0,0.5,87_135_40_500_0,valid,,2.1201209999999997,True,True,8600.7150932752,0.0013380000000000614,0.3421974517011673,8600.7150932752,0.0013380000000000614,0.3421974517011673,99.97923802796508,0.012242000000000086,0.09138811715594726,0.300148,0.5,134.99786362449805,0.14365621655526717,19.80987891943125,20.017165005338068,39.6197578388625,0.5389999747276306,0.0,0.0,0.0,0.5389999747276306,0.5389999747276306,4225,1.0779999494552612,0.9904939459715625,-0.0024041334216917676,0.0024041334216917676
87,135,40,500,1,0.5,87_135_40_500_1,valid,,2.120578,True,True,8672.39243158909,0.001222999999999974,0.34480476294296036,8672.39243158909,0.001222999999999974,0.34480476294296036,100.00386988155479,0.012328999999999812,0.1004366681221013,0.299664,0.5,135.00100442810503,0.08073209656411962,19.854408201809523,19.86362916071711,39.708816403619046,0.5389999747276306,0.0,0.0,0.0,0.5389999747276306,0.5389999747276306,4345,1.0779999494552612,0.9927204100904762,0.000736670185233379,0.000736670185233379
87,135,40,1000,0,1.0,87_135_40_1000_0,valid,,2.110263,True,True,8598.871522495494,0.0014199999999999768,0.33764689932435743,8598.871522495494,0.0014199999999999768,0.33764689932435743,100.00984771297404,0.012586999999999904,0.09381938717314704,0.300052073,0.5,134.98582949406196,0.14450043064604756,19.861560343596093,19.947646662978244,39.723120687192186,1.0325626719314285,0.00478893808032215,0.027520736824015294,0.013760368412007647,1.0290000438690186,1.0390000343322754,4264,1.0325626719314285,0.9930780171798046,-0.014438263857755373,0.014438263857755373
87,135,40,1000,1,1.0,87_135_40_1000_1,valid,,2.0995489999999997,True,True,8659.806588474472,0.0013030000000000541,0.32641297171339445,8659.806588474472,0.0013030000000000541,0.32641297171339445,99.97238310796138,0.012351,0.08218146264117801,0.300285,0.5,134.9978440439694,0.1316720326063603,20.101167002995133,19.928771346160545,40.20233400599027,1.0326651648136833,0.004825745374681772,0.02778257407182168,0.01389128703591084,1.0190000534057617,1.0390000343322754,4231,1.0326651648136833,1.0050583501497568,-0.0024237139502929494,0.0024237139502929494
87,180,40,500,0,0.5,87_180_40_500_0,valid,,1.6599810000000002,True,True,8618.827278716657,0.0015380000000000393,0.34695019907689817,8618.827278716657,0.0015380000000000393,0.34695019907689817,99.99578561823066,0.012634000000000034,0.09438950413153126,0.299465993,0.5,90.0,0.0,19.799172189463924,19.815474285461526,39.59834437892785,0.5101607486488778,0.001192049081595363,-0.0018946417353939557,-0.0009473208676969778,0.5099999904632568,0.5189999938011169,4321,1.0203214972977557,0.9899586094731962,-0.00026775791980071517,0.00026775791980071517
87,180,40,500,1,0.5,87_180_40_500_1,valid,,1.7091000000000003,True,True,8620.927865171767,0.0014929999999999666,0.3952177437951633,8620.927865171767,0.0014929999999999666,0.3952177437951633,100.0284213595745,0.01216000000000017,0.08873189072920518,0.300296,0.5,90.0,0.0,19.738128289345937,19.830819267497734,39.476256578691874,0.5099999904632568,0.0,0.0,0.0,0.5099999904632568,0.5099999904632568,4286,1.0199999809265137,0.9869064144672969,-0.00026775791980071517,0.00026775791980071517
87,180,40,1000,0,1.0,87_180_40_1000_0,valid,,2.12027,True,True,8629.124194059177,0.0013859999999999983,0.3593637727916623,8629.124194059177,0.0013859999999999983,0.3593637727916623,99.98440856157679,0.012387999999999955,0.0904428946252874,0.289726403,0.5,90.0,0.0,19.735015306965447,19.8067891195826,39.470030613930895,0.9999999999999999,1.1102230246251564e-16,1.4791137911402802e-31,7.395568955701401e-32,1.0,1.0,4266,0.9999999999999999,0.9867507653482723,-0.00026775791980071517,0.00026775791980071517
87,180,40,1000,1,1.0,87_180_40_1000_1,valid,,2.118148,True,True,8628.42242204029,0.001241000000000006,0.3577354413166573,8628.42242204029,0.001241000000000006,0.3577354413166573,99.98402554074693,0.01238399999999995,0.08686938970889437,0.290548,0.5,90.0,0.0,19.82014969752024,19.522103198915257,39.64029939504048,1.0,0.0,0.0,0.0,1.0,1.0,4308,1.0,0.991007484876012,-0.00026775791980071517,0.00026775791980071517
87,225,40,500,0,0.5,87_225_40_500_0,valid,,1.328955,True,True,8674.507547913538,0.0013850000000000806,0.35208388348399833,8674.507547913538,0.0013850000000000806,0.35208388348399833,99.98645221735224,0.012029000000000067,0.0830346336148797,1.081285325,0.5,44.990763636288925,0.08626926668697336,19.9505346089037,19.957292251818465,39.9010692178074,0.5042896724090458,0.00494928215037545,0.028206712477683683,0.014103356238841841,0.5,0.5099999904632568,4376,1.0085793448180915,0.9975267304451849,-0.009504121630811824,0.009504121630811824
87,225,40,500,1,0.5,87_225_40_500_1,valid,,2.129492,True,True,8576.55913045398,0.0012700000000001044,0.3521240471817805,8576.55913045398,0.0012700000000001044,0.3521240471817805,99.98294184160181,0.01195400000000002,0.09261765907353647,0.280754038,0.5,44.9917176958632,0.16501081105111687,19.80456370156099,19.938789687404245,39.60912740312198,0.4931297657919721,0.004971693590138578,0.012254583275513877,0.006127291637756938,0.49000000953674316,0.5099999904632568,4219,0.9862595315839442,0.9902281850780495,-0.008550062056542629,0.008550062056542629
87,225,40,1000,0,1.0,87_225_40_1000_0,valid,,0.939357,True,False,8589.12896485767,0.0015340000000000353,0.3741562182671763,8589.12896485767,0.0015340000000000353,0.3741562182671763,100.0242425167932,0.012242000000000086,0.08951567849815784,1.479783,0.5,44.993061525171775,0.12237935690946244,19.998389534375935,19.902051647754696,39.99677906875187,1.0159334672630096,0.009552332528596497,0.06338658610604672,0.03169329305302336,1.0,1.0290000438690186,4307,1.0159334672630096,0.9999194767187968,-0.007206232747989816,0.007206232747989816
87,225,40,1000,1,1.0,87_225_40_1000_1,valid,,2.129473,True,True,8670.143266737907,0.0011049999999999116,0.34070212922969656,8670.143266737907,0.0011049999999999116,0.34070212922969656,100.01782760514948,0.012146999999999908,0.08559947590363105,0.290602,0.5,45.003817859019584,0.13718319347290872,19.567276022467663,19.516006005202033,39.134552044935326,0.9841411651241778,0.00492568070429977,0.025243381764885876,0.012621690882442938,0.9800000190734863,0.9900000095367432,4328,0.9841411651241778,0.9783638011233832,0.0035501010997904814,0.0035501010997904814
87,270,40,500,0,0.5,87_270_40_500_0,valid,,2.1298310000000003,True,True,8631.886899382724,0.002432999999999963,0.3791017877272889,8631.886899382724,0.002432999999999963,0.3791017877272889,100.0377537116498,0.012243000000000004,0.09222623605764611,0.300728,0.5,0.0,0.0,19.738441033644932,19.83250697694435,39.476882067289864,0.5211028817956448,0.00407513459569696,-0.009887158003681376,-0.004943579001840688,0.5189999938011169,0.5289999842643738,4192,1.0422057635912896,0.9869220516822466,-0.00026775791980071517,0.00026775791980071517
87,270,40,500,1,0.5,87_270_40_500_1,valid,,2.150827,True,True,8625.514617550249,0.0012679999999999914,0.3382894214937911,8625.514617550249,0.0012679999999999914,0.3382894214937911,100.0337278469369,0.012302000000000035,0.0907391152507956,0.289700902,0.5,0.0,0.0,19.64315180403816,19.927203503700618,39.28630360807632,0.5192338835780621,0.0015113540654475952,-0.00046183390322379256,-0.00023091695161189628,0.5189999938011169,0.5289999842643738,4301,1.0384677671561242,0.982157590201908,-0.00026775791980071517,0.00026775791980071517
87,270,40,1000,0,1.0,87_270_40_1000_0,valid,,2.109788,True,True,8595.939153175706,0.0011620000000001074,0.3611544685705299,8595.939153175706,0.0011620000000001074,0.3611544685705299,100.04377394246832,0.012138000000000038,0.09233202668155616,0.31017104,0.5,0.0,0.0,19.85698395178644,19.69782479454089,39.71396790357288,1.0188222222554635,0.0013216304658110422,0.002096026851998566,0.001048013425999283,1.0089999437332153,1.0190000534057617,4256,1.0188222222554635,0.992849197589322,-0.00026775791980071517,0.00026775791980071517
87,270,40,1000,1,1.0,87_270_40_1000_1,valid,,2.1309910000000003,True,True,8606.53163401156,0.0011099999999999444,0.3217706197258005,8606.53163401156,0.0011099999999999444,0.3217706197258005,100.04734040820082,0.012225000000000041,0.0972414348512234,0.28977,0.5,0.0,0.0,19.726568279781084,19.741509523857623,39.45313655956217,1.019104067210254,0.0036012065338008365,0.006492445497440881,0.0032462227487204407,1.0089999437332153,1.0290000438690186,4244,1.019104067210254,0.9863284139890542,-0.00026775791980071517,0.00026775791980071517
87,315,40,500,0,0.5,87_315_40_500_0,valid,,2.129666,True,True,8562.197092084007,0.0012239999999996698,0.35716224092816984,8562.197092084007,0.0012239999999996698,0.35716224092816984,100.00432968936971,0.012536000000000103,0.09389637007972616,0.279685687,0.5,-44.99416923788013,0.1437056933895633,19.78175941439401,19.917838825894524,39.56351882878802,0.5283479488780414,0.0027807913656123003,0.007298434197328966,0.003649217098664483,0.5099999904632568,0.5289999842643738,4228,1.0566958977560827,0.9890879707197004,0.005563004200098476,0.005563004200098476
87,315,40,500,1,0.5,87_315_40_500_1,valid,,2.1093349999999997,True,True,8581.634681339741,0.0011470000000000091,0.34498654443305793,8581.634681339741,0.0011470000000000091,0.34498654443305793,99.99636028573674,0.012375000000000025,0.10109901033529134,0.291399,0.5,-44.99832356609017,0.06979366895754138,19.638245749825735,19.264035918929057,39.27649149965147,0.5284217444558268,0.002334101817564341,0.00653764431552681,0.003268822157763405,0.5189999938011169,0.5289999842643738,4291,1.0568434889116536,0.9819122874912868,0.0014086759900919787,0.0014086759900919787
87,315,40,1000,0,1.0,87_315_40_1000_0,valid,,2.129794,True,True,8678.944209962392,0.0011019999999999919,0.3231773166858535,8678.944209962392,0.0011019999999999919,0.3231773166858535,100.00692355624619,0.012378,0.09191493776912167,0.280348562,0.5,-44.99454381186072,0.10313749278084852,19.73784362741242,19.753283996940684,39.47568725482484,1.0343981762657575,0.008287155806383686,0.037551894269945464,0.018775947134972732,1.0,1.0390000343322754,4312,1.0343981762657575,0.9868921813706211,0.00518843021950488,0.00518843021950488
87,315,40,1000,1,1.0,87_315_40_1000_1,valid,,2.109524,True,True,8627.586447244308,0.0019769999999996735,0.38548319740638315,8627.586447244308,0.0019769999999996735,0.38548319740638315,100.05877015120375,0.012055999999999956,0.09161384174434738,0.300643585,0.5,-44.99755709823162,0.0718698979662804,19.685435956636066,19.626932331496803,39.37087191327213,1.0366896089817321,0.005986531750346544,0.024227436654884606,0.012113718327442303,1.0089999437332153,1.0390000343322754,4269,1.0366896089817321,0.9842717978318033,0.002175143848717198,0.002175143848717198
87,0,60,500,0,0.5,87_0_60_500_0,valid,,1.38047,True,True,8641.186392865984,0.0014039999999999608,0.3435685503294524,8641.186392865984,0.0014039999999999608,0.3435685503294524,99.97498008351837,0.01202700000000001,0.0854117888430953,0.289246017,0.5,-90.0,0.0,29.606147713931925,29.60441835510506,59.21229542786385,0.5589030756912379,0.0009797946066735597,0.001151999367588463,0.0005759996837942315,0.5490000247955322,0.5590000152587891,4312,1.1178061513824757,0.9868715904643975,-0.00026775791974387175,0.00026775791974387175
87,0,60,500,1,0.5,87_0_60_500_1,valid,,1.36895,True,True,8565.592673123805,0.0013319999999999999,0.3851726297783576,8565.592673123805,0.0013319999999999999,0.3851726297783576,100.00492170818879,0.012302000000000035,0.09013836200372327,0.300363786,0.5,-90.0,0.0,29.81942825372742,29.91001743320577,59.63885650745484,0.5584413015116205,0.002296730522307914,0.006329971178499125,0.0031649855892495627,0.5490000247955322,0.5590000152587891,4330,1.116882603023241,0.993980941790914,-0.00026775791974387175,0.00026775791974387175
87,0,60,1000,0,1.0,87_0_60_1000_0,valid,,1.360933,True,True,8645.277617608654,0.0011619999999998853,0.35033669049977373,8645.277617608654,0.0011619999999998853,0.35033669049977373,100.00165748603568,0.012712000000000001,0.09894787605677195,0.349385456,0.5,-90.0,0.0,29.710630646492767,29.782876739406625,59.421261292985534,1.0679999589920044,0.0,0.0,0.0,1.0679999589920044,1.0679999589920044,4288,1.0679999589920044,0.9903543548830922,-0.00026775791974387175,0.00026775791974387175
87,0,60,1000,1,1.0,87_0_60_1000_1,valid,,1.368752,True,True,8584.805207635818,0.0013579999999999703,0.3690535710359896,8584.805207635818,0.0013579999999999703,0.3690535710359896,100.06806827941205,0.012294000000000027,0.0937452433894764,0.350698553,0.5,-90.0,0.0,29.850230206343674,29.93815478959455,59.70046041268735,1.0687022783222198,0.0025553735857445953,0.002256097859344332,0.001128048929672166,1.0679999589920044,1.0779999494552612,4233,1.0687022783222198,0.9950076735447891,-0.00026775791974387175,0.00026775791974387175
87,45,60,500,0,0.5,87_45_60_500_0,valid,,1.369786,True,True,8577.602415410742,0.0009609999999999896,0.35331703457401475,8577.602415410742,0.0009609999999999896,0.35331703457401475,100.00258248427296,0.011927000000000021,0.08659108489840171,0.290375073,0.5,-134.99836152941825,0.10391231892518675,29.995451811964745,29.903354823013423,59.99090362392949,0.5714393694196248,0.008835990243984593,0.04581583924356253,0.022907919621781264,0.5389999747276306,0.578000009059906,4290,1.1428787388392496,0.9998483937321582,0.0013707126620090548,0.0013707126620090548
87,45,60,500,1,0.5,87_45_60_500_1,valid,,1.369888,True,True,8616.708492955268,0.001422,0.35550567010226886,8616.708492955268,0.001422,0.35550567010226886,99.99280271584848,0.012292999999999998,0.09439148904502115,0.300271,0.5,-135.00705004530764,0.06817188642050098,29.322502458674805,29.39613680359409,58.64500491734961,0.5711114177932098,0.007237325113018147,0.02871058705998136,0.01435529352999068,0.5490000247955322,0.578000009059906,4298,1.1422228355864197,0.9774167486224935,-0.007317803227380182,0.007317803227380182
87,45,60,1000,0,1.0,87_45_60_1000_0,valid,,1.369641,True,True,8658.296704898083,0.0013190000000000701,0.336559375880102,8658.296704898083,0.0013190000000000701,0.336559375880102,99.99138195824005,0.011880999999999975,0.0861017919912248,0.320660799,0.5,-135.00901462410494,0.0902702646997596,29.981203747229557,30.070647504847166,59.962407494459114,1.0868075864609277,0.008839107471204654,0.04067952436913785,0.020339762184568923,1.0679999589920044,1.0980000495910645,4330,1.0868075864609277,0.9993734582409852,-0.009282382024679237,0.009282382024679237
87,45,60,1000,1,1.0,87_45_60_1000_1,valid,,1.3795140000000001,True,True,8534.128260063404,0.001216,0.3581851308931437,8534.128260063404,0.001216,0.3581851308931437,100.03642210064326,0.012163999999999953,0.08696508439993098,0.300738,0.5,-135.01540176279102,0.07324642559526777,29.701418285324877,29.808693840798092,59.402836570649754,1.0862612923309058,0.010569742802469114,0.05225412092102722,0.02612706046051361,1.0390000343322754,1.0980000495910645,4192,1.0862612923309058,0.9900472761774959,-0.01566952071075889,0.01566952071075889
87,90,60,500,0,0.5,87_90_60_500_0,valid,,1.3596219999999999,True,True,8630.576690412558,0.0010419999999999874,0.3562805629155284,8630.576690412558,0.0010419999999999874,0.3562805629155284,99.94939404364737,0.012075000000000002,0.09693047636727474,0.290637,0.5,180.0,0.0,29.43996000175295,29.48984463024525,58.8799200035059,0.5571483966852153,0.007627303085044457,0.04878935560074158,0.02439467780037079,0.5389999747276306,0.5680000185966492,4298,1.1142967933704306,0.9813320000584317,-0.00026775791980071517,0.00026775791980071517
87,90,60,500,1,0.5,87_90_60_500_1,valid,,1.370618,True,True,8643.868629130237,0.0012579999999999814,0.3644849131957929,8643.868629130237,0.0012579999999999814,0.3644849131957929,100.0978178119618,0.01210700000000009,0.09045308832656312,0.31015476,0.5,180.0,0.0,29.807511474990175,30.058492749203673,59.61502294998035,0.5578231668542862,0.007274013850423417,0.045424942140728154,0.022712471070364077,0.5389999747276306,0.5680000185966492,4323,1.1156463337085725,0.9935837158330059,-0.00026775791980071517,0.00026775791980071517
87,90,60,1000,0,1.0,87_90_60_1000_0,valid,,1.368588,True,True,8700.766271029892,0.0008949999999998681,0.30554834128860026,8700.766271029892,0.0008949999999998681,0.30554834128860026,100.00450020250912,0.01233200000000001,0.10267165067547628,0.310208,0.5,180.0,0.0,29.823949037637703,29.814362446065413,59.64789807527541,1.0645396841011727,0.009812111223295783,0.06122999730659411,0.030614998653297056,1.0390000343322754,1.0779999494552612,4363,1.0645396841011727,0.9941316345879234,-0.00026775791980071517,0.00026775791980071517
87,90,60,1000,1,1.0,87_90_60_1000_1,valid,,1.3696009999999998,True,True,8632.404071584051,0.0011259999999999881,0.3477767750920543,8632.404071584051,0.0011259999999999881,0.3477767750920543,100.01673964379302,0.011974000000000012,0.08130317892605675,0.300591,0.5,180.0,0.0,29.496782180517698,29.490859322483768,58.993564361035396,1.0619065173080888,0.008291840233639654,0.05048437670964183,0.025242188354820914,1.0390000343322754,1.0779999494552612,4291,1.0619065173080888,0.9832260726839233,-0.00026775791980071517,0.00026775791980071517
87,135,60,500,0,0.5,87_135_60_500_0,valid,,1.35033,True,True,8629.007330212842,0.0013769999999999616,0.3609859079369528,8629.007330212842,0.0013769999999999616,0.3609859079369528,100.00469635314366,0.012583999999999984,0.0863717216714913,0.309324,0.5,135.0033021403903,0.06711124659472034,29.96931635541059,30.071219123970984,59.93863271082118,0.5397032382487057,0.0025569690732596103,0.0027817871230547972,0.0013908935615273986,0.5389999747276306,0.5490000247955322,4305,1.0794064764974114,0.9989772118470197,0.003034382470559649,0.003034382470559649
87,135,60,500,1,0.5,87_135_60_500_1,valid,,1.381158,True,True,8611.070242462214,0.001186999999999938,0.35779253295447877,8611.070242462214,0.001186999999999938,0.35779253295447877,100.05588757035007,0.012588999999999989,0.09260550672851617,0.288738107,0.5,135.00125008641297,0.07794613371798675,29.43457272678941,29.474459472693027,58.86914545357882,0.5389999747276306,0.0,0.0,0.0,0.5389999747276306,0.5389999747276306,4309,1.0779999494552612,0.9811524242263137,0.0009823284932508614,0.0009823284932508614
87,135,60,1000,0,1.0,87_135_60_1000_0,valid,,1.360541,True,True,8698.64487938591,0.0013009999999999966,0.33433881007698474,8698.64487938591,0.0013009999999999966,0.33433881007698474,100.04757818162415,0.012079000000000173,0.0929119483798497,0.309454458,0.5,134.9979733435624,0.10009098514180437,29.63861619207085,30.00830560078773,59.2772323841417,1.0361619761988612,0.005450391032506272,0.030065297749777658,0.015032648874888829,1.0290000438690186,1.0490000247955322,4353,1.0361619761988612,0.9879538730690283,-0.0022944143573795373,0.0022944143573795373
87,135,60,1000,1,1.0,87_135_60_1000_1,valid,,1.379174,True,True,8626.259605500634,0.0008079999999999199,0.32847024827654836,8626.259605500634,0.0008079999999999199,0.32847024827654836,100.0256419325175,0.01234399999999991,0.0952465219445783,0.289582,0.5,134.998572065861,0.07153601695689815,29.92313124129137,29.83944338180633,59.84626248258274,1.035942000908646,0.005530996184567608,0.029560113820385873,0.014780056910192936,1.0190000534057617,1.0490000247955322,4319,1.035942000908646,0.9974377080430457,-0.0016956920587745117,0.0016956920587745117
87,180,60,500,0,0.5,87_180_60_500_0,valid,,1.369186,True,True,8592.78691710238,0.0010559999999999459,0.33124329394493957,8592.78691710238,0.0010559999999999459,0.33124329394493957,100.03813608502689,0.012321000000000026,0.08782997574300282,0.299759,0.5,90.0,0.0,29.610989744572567,29.861697083191913,59.221979489145134,0.5106593756538051,0.0023451396731017557,0.007332904095712424,0.003666452047856212,0.5099999904632568,0.5189999938011169,4334,1.0213187513076103,0.9870329914857522,-0.00026775791980071517,0.00026775791980071517
87,180,60,500,1,0.5,87_180_60_500_1,valid,,1.36884,True,True,8639.609208887496,0.0013860000000001094,0.35053222163163933,8639.609208887496,0.0013860000000001094,0.35053222163163933,100.01591413440372,0.01217299999999999,0.07674239464648802,0.310489,0.5,90.0,0.0,29.874310344315322,29.869674925379186,59.748620688630645,0.5099999904632568,0.0,0.0,0.0,0.5099999904632568,0.5099999904632568,4334,1.0199999809265137,0.9958103448105108,-0.00026775791980071517,0.00026775791980071517
87,180,60,1000,0,1.0,87_180_60_1000_0,valid,,1.3699249999999998,True,True,8550.219673186493,0.0012399999999999078,0.35302018267832175,8550.219673186493,0.0012399999999999078,0.35302018267832175,99.98178342375317,0.011546999999999974,0.08224927748390905,0.349339,0.5,90.0,0.0,29.631676743730885,30.190034271660423,59.26335348746177,1.0077918437995326,0.0037240189792777313,0.016938511540876007,0.008469255770438004,1.0,1.0190000534057617,4232,1.0077918437995326,0.9877225581243628,-0.00026775791980071517,0.00026775791980071517
87,180,60,1000,1,1.0,87_180_60_1000_1,valid,,1.368366,True,True,8614.689889465293,0.0010919999999999819,0.3488358724368805,8614.689889465293,0.0010919999999999819,0.3488358724368805,100.02037064093159,0.012342999999999993,0.09206919064262657,0.290515,0.5,90.0,0.0,30.008979780174645,30.13211837351272,60.01795956034929,1.0027292626729118,0.0041369476370412125,0.022819253875283812,0.011409626937641906,1.0,1.0089999437332153,4279,1.0027292626729118,1.0002993260058215,-0.00026775791980071517,0.00026775791980071517
87,225,60,500,0,0.5,87_225_60_500_0,valid,,1.361936,True,True,8581.641833210495,0.001218999999999859,0.3557456939692609,8581.641833210495,0.001218999999999859,0.3557456939692609,100.08221413297103,0.012550999999999979,0.09650234372243682,0.318727796,0.5,44.99406916883041,0.06718956580479585,29.83449269018404,29.883814267842023,59.66898538036808,0.49616170958048245,0.004863167100339581,0.028380497559109288,0.014190248779554644,0.49000000953674316,0.5,4333,0.9923234191609649,0.9944830896728013,-0.006198589089308371,0.006198589089308371
87,225,60,500,1,0.5,87_225_60_500_1,valid,,1.360621,True,True,8569.988497874045,0.0014169999999999999,0.364514804285229,8569.988497874045,0.0014169999999999999,0.364514804285229,99.98953477408064,0.012202999999999964,0.09253788558934199,0.308678498,0.5,44.99004359444288,0.08330556288829882,30.219381351696107,30.4744527768856,60.438762703392214,0.4950791146929264,0.004999369353842927,0.027264317402795217,0.013632158701397609,0.49000000953674316,0.5,4287,0.9901582293858529,1.0073127117232035,-0.01022416347689159,0.01022416347689159
87,225,60,1000,0,1.0,87_225_60_1000_0,valid,,0.819857,True,False,8615.207903784514,0.0011890000000001066,0.3482045798840464,8615.207903784514,0.0011890000000001066,0.3482045798840464,100.04670574190334,0.012064999999999992,0.08910468308670196,0.839600268,0.5,44.988525779525034,0.07430122662550787,29.705268543489428,29.888998722116423,59.410537086978856,1.0084134105537794,0.007258219471298068,0.046352509164130064,0.023176254582065032,1.0,1.0290000438690186,4316,1.0084134105537794,0.9901756181163143,-0.011741978394638863,0.011741978394638863
87,225,60,1000,1,1.0,87_225_60_1000_1,valid,,1.361462,True,True,8596.610297108808,0.00119899999999995,0.3679443448343538,8596.610297108808,0.00119899999999995,0.3679443448343538,99.98916347809426,0.012073999999999918,0.08678439084257598,0.299316,0.5,45.00769432775849,0.07326713924118167,29.75365722993813,29.580041767148245,59.50731445987626,0.9905335824478879,0.006528288620834386,0.03935326470447756,0.01967663235223878,0.9800000190734863,1.0,4297,0.9905335824478879,0.991788574331271,0.007426569838798969,0.007426569838798969
87,270,60,500,0,0.5,87_270_60_500_0,valid,,1.369968,True,True,8642.072196148567,0.0010299999999998644,0.329715786000212,8642.072196148567,0.0010299999999998644,0.329715786000212,99.97328491664172,0.01238399999999995,0.08995405827201342,0.310632,0.5,0.0,0.0,29.785479668547115,29.907166170400053,59.57095933709423,0.5228073035901799,0.004855662030186964,-0.022785673581237398,-0.011392836790618699,0.5189999938011169,0.5289999842643738,4334,1.0456146071803598,0.9928493222849039,-0.00026775791980071517,0.00026775791980071517
87,270,60,500,1,0.5,87_270_60_500_1,valid,,1.378505,True,True,8645.775891025032,0.0013330000000000286,0.3691141133146291,8645.775891025032,0.0013330000000000286,0.3691141133146291,100.05862073120325,0.012751999999999986,0.09301043868246844,0.280908,0.5,0.0,0.0,29.222356825543656,29.11473426607666,58.44471365108731,0.5204042224619388,0.003474250291009178,-0.007778199186979761,-0.0038890995934898805,0.5189999938011169,0.5289999842643738,4321,1.0408084449238777,0.9740785608514552,-0.00026775791980071517,0.00026775791980071517
87,270,60,1000,0,1.0,87_270_60_1000_0,valid,,1.381126,True,True,8615.42806486283,0.0013330000000000286,0.3495841149011334,8615.42806486283,0.0013330000000000286,0.3495841149011334,99.99570699058992,0.012069999999999997,0.08119019617301589,0.308756,0.5,0.0,0.0,29.269283295463318,29.179745645444832,58.538566590926635,1.021633927589787,0.004795696421459397,-0.008538012253189186,-0.004269006126594593,1.0089999437332153,1.0290000438690186,4261,1.021633927589787,0.975642776515444,-0.00026775791980071517,0.00026775791980071517
87,270,60,1000,1,1.0,87_270_60_1000_1,valid,,1.378591,True,True,8644.608809231222,0.0010620000000000074,0.3375439289283798,8644.608809231222,0.0010620000000000074,0.3375439289283798,99.98226833804613,0.012393000000000098,0.1007222632815691,0.320178,0.5,0.0,0.0,29.720886453536853,29.809422077016627,59.441772907073705,1.0242542054745243,0.005265095091211023,-0.0027600813067331746,-0.0013800406533665873,1.0089999437332153,1.0290000438690186,4293,1.0242542054745243,0.9906962151178951,-0.00026775791980071517,0.00026775791980071517
87,315,60,500,0,0.5,87_315_60_500_0,valid,,1.209728,True,True,8647.252962014227,0.0009600000000000719,0.3404841249862303,8647.252962014227,0.0009600000000000719,0.3404841249862303,100.03032498273161,0.01219199999999998,0.08313291304583968,0.451408,0.5,-44.99329742597581,0.06909525147214735,29.88978869806583,29.803139556608702,59.77957739613166,0.5380984405054665,0.0049161045107480005,0.024557094447455876,0.012278547223727938,0.5289999842643738,0.5490000247955322,4333,1.076196881010933,0.9963262899355276,0.006434816104501806,0.006434816104501806
87,315,60,500,1,0.5,87_315_60_500_1,valid,,1.359395,True,True,8709.545907240876,0.0009550000000000392,0.29675125968367655,8709.545907240876,0.0009550000000000392,0.29675125968367655,100.02576579935774,0.012352999999999836,0.08827223417441342,0.300529,0.5,-44.99867136562,0.07785862480302795,29.91223972127894,30.067792363725804,59.82447944255788,0.5329329502136015,0.004884813284743498,0.025745407285883662,0.012872703642941831,0.5289999842643738,0.5389999747276306,4330,1.065865900427203,0.9970746573759647,0.0010608764603148302,0.0010608764603148302
87,315,60,1000,0,1.0,87_315_60_1000_0,valid,,1.361008,True,True,8702.515061440616,0.0013239999999999919,0.32694302243290807,8702.515061440616,0.0013239999999999919,0.32694302243290807,99.99000099990002,0.012559000000000098,0.09209694759413467,0.300454,0.5,-45.00987436599183,0.052924945078572705,29.54140546542906,29.40857878765157,59.08281093085812,1.0416549121003842,0.0066718155467988425,0.0389574499850132,0.0194787249925066,1.0190000534057617,1.0490000247955322,4354,1.0416549121003842,0.9847135155143021,-0.010142123911577983,0.010142123911577983
87,315,60,1000,1,1.0,87_315_60_1000_1,valid,,1.359615,True,True,8614.746104230262,0.0010300000000000864,0.32985448163984227,8614.746104230262,0.0010300000000000864,0.32985448163984227,100.0147665781021,0.012260000000000021,0.0914718188423424,0.329364,0.5,-45.001640221688334,0.07557253941848785,29.97522769898975,30.381299893555138,59.9504553979795,1.0429844992123898,0.005497585987627418,0.03304278754948395,0.016521393774741974,1.0290000438690186,1.0490000247955322,4287,1.0429844992123898,0.9991742566329918,-0.001907979608063215,0.001907979608063215
102,0,20,500,0,0.5,102_0_20_500_0,valid,,4.279038,True,True,8673.648267556897,0.001411000000000051,0.3598105561307656,8673.648267556897,0.001411000000000051,0.3598105561307656,100.00481730522387,0.012106999999999868,0.08906545970346212,0.42999,0.5,-90.0,0.0,9.909006047936954,9.893392989533034,19.818012095873907,0.535822200981956,0.0027469562044186466,-0.00760417802595632,-0.00380208901297816,0.5350000262260437,0.5450000166893005,4345,1.071644401963912,0.9909006047936953,-0.00026775791974387175,0.00026775791974387175
102,0,20,500,1,0.5,102_0_20_500_1,valid,,2.4786740000000003,True,True,8656.048945772802,0.0012479999999999158,0.3384859973818215,8656.048945772802,0.0012479999999999158,0.3384859973818215,100.00753044751178,0.012322000000000166,0.09157587738571385,0.320766,0.5,-90.0,0.0,9.92810861867282,9.954056308670843,19.85621723734564,0.5389853024253846,0.004895947058723188,-0.013518429337532174,-0.006759214668766087,0.5350000262260437,0.5450000166893005,4300,1.0779706048507691,0.992810861867282,-0.00026775791974387175,0.00026775791974387175
102,0,20,1000,0,1.0,102_0_20_1000_0,valid,,3.9112550000000006,True,True,8628.730637791965,0.002454999999999874,0.370513148598789,8628.730637791965,0.002454999999999874,0.370513148598789,99.99278839889728,0.0123000000000002,0.0857650716866497,0.81924,0.5,-90.0,0.0,9.96534348008325,10.144069443899031,19.9306869601665,1.0027176036282888,0.004448667315647628,-0.02295421910831323,-0.011477109554156616,1.0,1.0099999904632568,4299,1.0027176036282888,0.9965343480083251,-0.00026775791974387175,0.00026775791974387175
102,0,20,1000,1,1.0,102_0_20_1000_1,valid,,4.400494,True,True,8665.635419221513,0.001298999999999939,0.35455451015839856,8665.635419221513,0.001298999999999939,0.35455451015839856,100.00036437379732,0.012259000000000242,0.08880501755006899,0.33001,0.5,-90.0,0.0,9.856001812488827,9.767755584331702,19.712003624977655,1.033449419625759,0.004969584541003518,-0.017120994752257698,-0.008560497376128849,1.0290000438690186,1.0390000343322754,4368,1.033449419625759,0.9856001812488827,-0.00026775791974387175,0.00026775791974387175
102,45,20,500,0,0.5,102_45_20_500_0,valid,,4.368679,True,True,8602.05106201755,0.0012289999999999246,0.3530392303913795,8602.05106201755,0.0012289999999999246,0.3530392303913795,99.9846131463601,0.012553999999999732,0.09154101124909508,0.310581544,0.5,-134.96368334906538,0.21976453741679758,9.918387511084159,9.795477399257884,19.836775022168318,0.5433626991307696,0.0037003177138129313,0.016430835107222763,0.008215417553611382,0.5350000262260437,0.5450000166893005,4323,1.0867253982615392,0.9918387511084159,0.03604889301487901,0.03604889301487901
102,45,20,500,1,0.5,102_45_20_500_1,valid,,4.390763,True,True,8687.801167045316,0.0014119999999999688,0.335389407499499,8687.801167045316,0.0014119999999999688,0.335389407499499,100.02994672471448,0.012665000000000148,0.10060156569119934,0.310387827,0.5,-135.0153292125348,0.1932660763084243,9.873562985714077,9.92778867314008,19.747125971428154,0.5510030375043683,0.004898356050275752,0.028792694508207192,0.014396347254103596,0.5450000166893005,0.5550000071525574,4350,1.1020060750087366,0.9873562985714077,-0.01559697045453845,0.01559697045453845
102,45,20,1000,0,1.0,102_45_20_1000_0,valid,,4.398624,True,True,8701.736301099123,0.0013980000000000103,0.3156299053880506,8701.736301099123,0.0013980000000000103,0.3156299053880506,99.98538675116713,0.012233999999999856,0.09073004233458229,0.310608437,0.5,-134.99227336673826,0.23583349689268968,9.899854492048199,9.969364489646168,19.799708984096398,1.011383307594776,0.005325867823832524,0.027386538542657095,0.013693269271328547,1.0,1.0190000534057617,4302,1.011383307594776,0.9899854492048199,0.007458875341995963,0.007458875341995963
102,45,20,1000,1,1.0,102_45_20_1000_1,valid,,4.37049,True,True,8623.650581838918,0.0014699999999999713,0.33630023267958326,8623.650581838918,0.0014699999999999713,0.33630023267958326,99.99991683998601,0.012386999999999926,0.09156682655707121,0.310525009,0.5,-134.9932865967567,0.41484442816199446,9.739936639406038,9.658259230280118,19.479873278812075,1.0110309125456811,0.0035626593445096943,0.012018996849443752,0.006009498424721876,1.0,1.0190000534057617,4291,1.0110309125456811,0.9739936639406037,0.006445645323566396,0.006445645323566396
102,90,20,500,0,0.5,102_90_20_500_0,valid,,4.400335,True,True,8677.023427784583,0.0013300000000002754,0.3276925421351986,8677.023427784583,0.0013300000000002754,0.3276925421351986,99.9811367596849,0.012216000000000005,0.08746053768060305,0.299484,0.5,180.0,0.0,9.830687999835197,9.95089034896651,19.661375999670394,0.5708944850204727,0.005877402968987505,-0.032938441144834664,-0.016469220572417332,0.5649999976158142,0.593999981880188,4318,1.1417889700409454,0.9830687999835197,-0.00026775791980071517,0.00026775791980071517
102,90,20,500,1,0.5,102_90_20_500_1,valid,,2.8398689999999998,True,True,8679.031872961237,0.0013409999999998146,0.3361528336491907,8679.031872961237,0.0013409999999998146,0.3361528336491907,100.01298127675346,0.012143000000000015,0.09210379688673596,0.500601118,0.5,180.0,0.0,9.9047608602143,9.96371401757412,19.8095217204286,0.5704340715071667,0.004401990924987491,-0.019541618712517462,-0.009770809356258731,0.5649999976158142,0.5740000009536743,4317,1.1408681430143335,0.9904760860214299,-0.00026775791980071517,0.00026775791980071517
102,90,20,1000,0,1.0,102_90_20_1000_0,valid,,4.400348,True,True,8667.816891859151,0.001474999999999671,0.3586246105768738,8667.816891859151,0.001474999999999671,0.3586246105768738,100.03039620186011,0.012192000000000203,0.09462342868710448,0.289346027,0.5,180.0,0.0,9.905916027814664,9.904636312514583,19.811832055629328,1.0503263029906935,0.003391718657595068,-0.013407084277326562,-0.006703542138663281,1.0490000247955322,1.059000015258789,4332,1.0503263029906935,0.9905916027814664,-0.00026775791980071517,0.00026775791980071517
102,90,20,1000,1,1.0,102_90_20_1000_1,valid,,4.410467,True,True,8679.693167473675,0.0015800000000001369,0.3476104447144043,8679.693167473675,0.0015800000000001369,0.3476104447144043,100.00973725636574,0.012379999999999836,0.09435721496891926,0.29925884,0.5,180.0,0.0,9.918987793709489,9.756404244275117,19.837975587418978,1.0239677750681686,0.00569796108175751,-0.032406943565333364,-0.016203471782666682,1.0190000534057617,1.0390000343322754,4287,1.0239677750681686,0.9918987793709488,-0.00026775791980071517,0.00026775791980071517
102,135,20,500,0,0.5,102_135_20_500_0,valid,,2.818651,True,True,8642.79748780993,0.0013079999999998648,0.3436127097219884,8642.79748780993,0.0013079999999998648,0.3436127097219884,99.9833429389735,0.012671000000000099,0.09551569888282017,0.320939,0.5,135.02134941390563,0.30458535162637757,9.913010721867836,9.997650857533902,19.826021443735673,0.539369816478683,0.004960120361519893,0.029261317926829997,0.014630658963414998,0.5350000262260437,0.5450000166893005,4315,1.078739632957366,0.9913010721867836,0.021081655985881298,0.021081655985881298
102,135,20,500,1,0.5,102_135_20_500_1,valid,,4.379386,True,True,8616.207459280999,0.0014319999999998778,0.3573667526135911,8616.207459280999,0.0014319999999998778,0.3573667526135911,99.97824243986247,0.012550000000000006,0.09413683980657357,0.329722982,0.5,135.01881399230345,0.25666106829329033,9.899392127900654,9.975527590153693,19.79878425580131,0.5399882611088878,0.004999981401015746,0.029605983827368607,0.014802991913684303,0.5350000262260437,0.5450000166893005,4281,1.0799765222177755,0.9899392127900655,0.018546234383734372,0.018546234383734372
102,135,20,1000,0,1.0,102_135_20_1000_0,valid,,4.397868,True,True,8597.53358430307,0.0018579999999999985,0.34793664620058334,8597.53358430307,0.0018579999999999985,0.34793664620058334,100.02585838824065,0.012465000000000614,0.08917648347143947,0.30116437,0.5,134.98389804315315,0.1956026152496846,9.793633022299712,9.840111430205514,19.587266044599424,1.0017406757399607,0.0037916736103654294,0.01712081384154286,0.00856040692077143,1.0,1.0099999904632568,4298,1.0017406757399607,0.9793633022299713,-0.0163697147665971,0.0163697147665971
102,135,20,1000,1,1.0,102_135_20_1000_1,valid,,4.380165,True,True,8631.738338058209,0.0013090000000000046,0.3439691644589731,8631.738338058209,0.0013090000000000046,0.3439691644589731,100.02813418601036,0.012108000000000008,0.09013293560851389,0.319333751,0.5,134.97378867684978,0.2534145762719646,9.861025481378903,9.999309353690514,19.722050962757805,1.0000026750174489,0.00016353285070504352,3.209301567326454e-05,1.604650783663227e-05,1.0,1.0099999904632568,4289,1.0000026750174489,0.9861025481378902,-0.026479081069965105,0.026479081069965105
102,180,20,500,0,0.5,102_180_20_500_0,valid,,3.3604210000000005,True,True,8643.602560477724,0.0013929999999997555,0.35545629004783735,8643.602560477724,0.0013929999999997555,0.35545629004783735,100.00985723438862,0.012391000000000041,0.08573341968604577,1.37036437,0.5,90.0,0.0,9.838149071957424,9.793008478458923,19.67629814391485,0.5267369848207164,0.009266506975807432,0.06052318219253486,0.03026159109626743,0.5059999823570251,0.5450000166893005,4317,1.0534739696414328,0.9838149071957425,-0.00026775791980071517,0.00026775791980071517
102,180,20,500,1,0.5,102_180_20_500_1,valid,,4.401203,True,True,8636.232042602753,0.0013459999999998473,0.3416102617190387,8636.232042602753,0.0013459999999998473,0.3416102617190387,100.01018248833802,0.012219999999999676,0.09104637930467437,0.329395097,0.5,90.0,0.0,9.982784148153486,10.037418838850677,19.965568296306973,0.5059999823570251,0.0,0.0,0.0,0.5059999823570251,0.5059999823570251,4370,1.0119999647140503,0.9982784148153486,-0.00026775791980071517,0.00026775791980071517
102,180,20,1000,0,1.0,102_180_20_1000_0,valid,,4.3998729999999995,True,True,8662.524350144668,0.0012159999999999949,0.342288848877769,8662.524350144668,0.0012159999999999949,0.342288848877769,99.98486116315856,0.012246000000000201,0.09091155968339028,0.318965,0.5,90.0,0.0,9.855532963755417,9.83561649799347,19.711065927510834,0.9610000252723693,1.1102230246251564e-16,1.4791139119767004e-31,7.395569559883502e-32,0.9610000252723694,0.9610000252723694,4338,0.9610000252723693,0.9855532963755417,-0.00026775791980071517,0.00026775791980071517
102,180,20,1000,1,1.0,102_180_20_1000_1,valid,,4.410667999999999,True,True,8638.734577594194,0.0013440000000000119,0.35267507902993483,8638.734577594194,0.0013440000000000119,0.35267507902993483,100.00869553517404,0.012619000000000158,0.09320977570210698,0.309427,0.5,90.0,0.0,9.858477801357656,9.93701630536421,19.716955602715313,0.9611843147227174,0.0012746148699724976,-0.0021661914165386955,-0.0010830957082693477,0.9610000252723694,0.9700000286102295,4354,0.9611843147227174,0.9858477801357657,-0.00026775791980071517,0.00026775791980071517
102,225,20,500,0,0.5,102_225_20_500_0,valid,,4.378622,True,True,8650.407574705432,0.0014140000000004704,0.34607331024546784,8650.407574705432,0.0014140000000004704,0.34607331024546784,100.02205770988114,0.012058000000000013,0.08947076849383502,0.29103,0.5,45.02124618308687,0.2617142103836855,9.915797445604507,9.93010192080172,19.831594891209015,0.5517002241895843,0.011445875725237895,-0.043723144094776414,-0.021861572047388207,0.5249999761581421,0.5740000009536743,4324,1.1034004483791686,0.9915797445604507,0.020978425167186288,0.020978425167186288
102,225,20,500,1,0.5,102_225_20_500_1,valid,,4.38082,True,True,8603.994662528286,0.001354999999999995,0.3546705700258647,8603.994662528286,0.001354999999999995,0.3546705700258647,100.01581550903782,0.012490000000000001,0.09037993698602724,0.298783677,0.5,45.02710120417445,0.1698361767601155,10.091482793605072,10.099870846298879,20.182965587210145,0.5581478866659404,0.011617830909218883,-0.0673237452729942,-0.0336618726364971,0.5450000166893005,0.5839999914169312,4272,1.1162957733318808,1.0091482793605073,0.026833446254727278,0.026833446254727278
102,225,20,1000,0,1.0,102_225_20_1000_0,valid,,2.719759,True,True,8636.092731033097,0.0012180000000001634,0.3356503199894892,8636.092731033097,0.0012180000000001634,0.3356503199894892,99.98758284286241,0.01253100000000007,0.09379587636963889,1.919704,0.5,45.027423402936066,0.2023929649081282,10.036244910106934,10.105902703573696,20.072489820213868,1.0296112661661114,0.006357523157601951,0.01991789483323136,0.00995894741661568,1.0190000534057617,1.0390000343322754,4287,1.0296112661661114,1.0036244910106933,0.02715564501636436,0.02715564501636436
102,225,20,1000,1,1.0,102_225_20_1000_1,valid,,2.360818,True,True,8631.835082601776,0.0013810000000000072,0.3615836317260117,8631.835082601776,0.0013810000000000072,0.3615836317260117,99.99453123721378,0.01244400000000001,0.08949058671165326,0.300024,0.5,45.000984859608046,0.11624346253796602,9.967132637670028,10.018644895231857,19.934265275340056,0.9983271731353336,0.007632233463299813,-0.038421271484270755,-0.019210635742135378,0.9800000190734863,1.0099999904632568,4328,0.9983271731353336,0.9967132637670029,0.0007171016882239201,0.0007171016882239201
102,270,20,500,0,0.5,102_270_20_500_0,valid,,4.410849,True,True,8619.2145170804,0.0017679999999993257,0.35499358538054354,8619.2145170804,0.0017679999999993257,0.35499358538054354,100.01913672595825,0.01262300000000005,0.09114677181160244,0.310314853,0.5,0.0,0.0,9.85882515236085,9.886313368332424,19.7176503047217,0.6674207263915182,0.013826696061870595,-0.09347029736946787,-0.04673514868473393,0.6430000066757202,0.6919999718666077,4337,1.3348414527830363,0.985882515236085,-0.00026775791980071517,0.00026775791980071517
102,270,20,500,1,0.5,102_270_20_500_1,valid,,2.769698,True,True,8598.427833068548,0.0012049999999999006,0.34481443109310106,8598.427833068548,0.0012049999999999006,0.34481443109310106,99.99980079720959,0.012270000000000003,0.09082057681923937,0.280880239,0.5,0.0,0.0,9.859562647510622,9.800264451358231,19.719125295021243,0.6666540360904848,0.03376232983017254,0.02008339711920621,0.010041698559603105,0.5350000262260437,0.7020000219345093,4329,1.3333080721809696,0.9859562647510621,-0.00026775791980071517,0.00026775791980071517
102,270,20,1000,0,1.0,102_270_20_1000_0,valid,,4.402000999999999,True,True,8646.260687953012,0.0013459999999998473,0.36196178406467755,8646.260687953012,0.0013459999999998473,0.36196178406467755,99.98364996826172,0.012247000000000119,0.09084424611639151,0.308854,0.5,0.0,0.0,9.960322545464685,10.099607861392343,19.92064509092937,1.1256034940125055,0.016680949174896337,-0.10853530266570352,-0.05426765133285176,1.1080000400543213,1.1660000085830688,4280,1.1256034940125055,0.9960322545464685,-0.00026775791980071517,0.00026775791980071517
102,270,20,1000,1,1.0,102_270_20_1000_1,valid,,4.420203,True,True,8653.950906009875,0.0010099999999999554,0.3174926729136434,8653.950906009875,0.0010099999999999554,0.3174926729136434,100.00878804857206,0.012269000000000307,0.09073899093243384,0.308843681,0.5,0.0,0.0,9.770600025660682,9.760864334165177,19.541200051321365,1.1261497005966747,0.026823553143514756,-0.04700814882996831,-0.023504074414984154,0.9900000095367432,1.1660000085830688,4338,1.1261497005966747,0.9770600025660683,-0.00026775791980071517,0.00026775791980071517
102,315,20,500,0,0.5,102_315_20_500_0,valid,,2.3886789999999998,True,True,8614.564353077087,0.002600999999999992,0.3487821073736158,8614.564353077087,0.002600999999999992,0.3487821073736158,100.00275456689226,0.012342000000000075,0.08915584779006783,0.28101,0.5,-45.00415953701934,0.1260709167216205,10.076756715507866,10.06141650606388,20.153513431015732,0.5904165593604309,0.013167081563199812,0.04028832212921387,0.020144161064606935,0.515999972820282,0.593999981880188,4310,1.1808331187208618,1.0076756715507866,-0.004427294939091553,0.004427294939091553
102,315,20,500,1,0.5,102_315_20_500_1,valid,,3.5302539999999993,True,True,8625.312946658341,0.001475000000000115,0.3439756884759573,8625.312946658341,0.001475000000000115,0.3439756884759573,99.98867072234019,0.012426999999999744,0.09398568707742783,1.129679,0.5,-44.9849479613862,0.24768258791858955,9.932089751853365,10.045891477765213,19.86417950370673,0.593999981880188,0.0,0.0,0.0,0.593999981880188,0.593999981880188,4325,1.187999963760376,0.9932089751853365,0.014784280694129848,0.014784280694129848
102,315,20,1000,0,1.0,102_315_20_1000_0,valid,,4.381641,True,True,8625.658273133884,0.0015480000000001048,0.361325484428545,8625.658273133884,0.0015480000000001048,0.361325484428545,99.97912611458764,0.012202000000000268,0.09462616039679146,0.289134,0.5,-45.02827407067863,0.1378410976133324,10.03436975287104,10.062953044217583,20.06873950574208,1.0363536045275297,0.009992631702481273,0.029856456380791353,0.014928228190395677,0.9900000095367432,1.0390000343322754,4287,1.0363536045275297,1.003436975287104,-0.02854182859834964,0.02854182859834964
102,315,20,1000,1,1.0,102_315_20_1000_1,valid,,4.370353000000001,True,True,8644.556260028352,0.0010879999999999779,0.32895835689993097,8644.556260028352,0.0010879999999999779,0.32895835689993097,100.0376232974106,0.012449000000000154,0.08790794194470793,0.280042072,0.5,-44.9643465902409,0.19889659019685269,9.958979905594,9.940463401935638,19.917959811188,1.0302480303115404,0.013746430007621307,0.02490159183489326,0.01245079591744663,0.9700000286102295,1.0390000343322754,4296,1.0302480303115404,0.9958979905593999,0.035385651839305865,0.035385651839305865
102,0,40,500,0,0.5,102_0_40_500_0,valid,,2.1406,True,True,8658.35542221316,0.0012999999999998568,0.3578644423924683,8658.35542221316,0.0012999999999998568,0.3578644423924683,100.02042724879581,0.01256500000000002,0.09721616392187031,0.289977788,0.5,-90.0,0.0,19.451568791905792,19.48987426581716,38.903137583811585,0.5249999761581421,0.0,0.0,0.0,0.5249999761581421,0.5249999761581421,4325,1.0499999523162842,0.9725784395952897,-0.00026775791974387175,0.00026775791974387175
102,0,40,500,1,0.5,102_0_40_500_1,valid,,2.119719,True,True,8676.910086769101,0.0014190000000000001,0.3260733637863053,8676.910086769101,0.0014190000000000001,0.3260733637863053,99.98034869008505,0.012179999999999996,0.09383424406839012,0.310345,0.5,-90.0,0.0,20.147035855594357,20.419718400021704,40.294071711188714,0.5264045531905294,0.0034746228584103095,-0.012785631191337786,-0.006392815595668893,0.5249999761581421,0.5350000262260437,4329,1.0528091063810587,1.0073517927797178,-0.00026775791974387175,0.00026775791974387175
102,0,40,1000,0,1.0,102_0_40_1000_0,valid,,2.118774,True,True,8634.212385980505,0.0013219999999999343,0.3560087526568354,8634.212385980505,0.0013219999999999343,0.3560087526568354,99.98257995818422,0.012285000000000323,0.09155580307302946,0.290094,0.5,-90.0,0.0,19.594922216596313,19.61042822206422,39.189844433192626,0.9982046917121412,0.004410048175329783,-0.009056996342127501,-0.0045284981710637506,0.9900000095367432,1.0099999904632568,4316,0.9982046917121412,0.9797461108298157,-0.00026775791974387175,0.00026775791974387175
102,0,40,1000,1,1.0,102_0_40_1000_1,valid,,2.1304779999999996,True,True,8683.194678606636,0.0013569999999999416,0.3402091673717941,8683.194678606636,0.0013569999999999416,0.3402091673717941,100.02173549252049,0.012053000000000091,0.09623848116715207,0.319594094,0.5,-90.0,0.0,19.957324989283226,20.020000457763672,39.91464997856645,0.9914757043694095,0.008348364371183062,-0.053946564524592754,-0.026973282262296377,0.9800000190734863,1.0,4353,0.9914757043694095,0.9978662494641612,-0.00026775791974387175,0.00026775791974387175
102,45,40,500,0,0.5,102_45_40_500_0,valid,,2.12921,True,True,8636.78913206613,0.0012130000000003527,0.3302297716168414,8636.78913206613,0.0012130000000003527,0.3302297716168414,100.03474074717421,0.012129999999999974,0.09061741561427178,0.280834722,0.5,-135.01550715456997,0.14068725958490233,19.869201937474987,19.940226693371063,39.738403874949974,0.5364601303935785,0.0035311646195918538,0.0040052803186914334,0.0020026401593457167,0.5350000262260437,0.5450000166893005,4216,1.072920260787157,0.9934600968737494,-0.015774912489717963,0.015774912489717963
102,45,40,500,1,0.5,102_45_40_500_1,valid,,2.1205950000000002,True,True,8653.048232030396,0.0010710000000000441,0.34080357429562036,8653.048232030396,0.0010710000000000441,0.34080357429562036,99.99869733497724,0.012534999999999963,0.08761561109347053,0.290355,0.5,-135.01097791386317,0.10038316846229654,19.836440252015745,19.944402285334736,39.67288050403149,0.5560978961055278,0.0031262627698844187,0.0018653958608494258,0.0009326979304247129,0.5550000071525574,0.5649999976158142,4308,1.1121957922110557,0.9918220126007873,-0.011245671782916133,0.011245671782916133
102,45,40,1000,0,1.0,102_45_40_1000_0,valid,,2.120288,True,True,8679.723038493732,0.0013649999999998386,0.33122540807241935,8679.723038493732,0.0013649999999998386,0.33122540807241935,100.0492849785147,0.012544,0.09855046185465556,0.339793559,0.5,-135.01994166942143,0.10636109574377883,19.841815441793326,20.03610563051744,39.68363088358665,1.0099999904632568,0.0,0.0,0.0,1.0099999904632568,1.0099999904632568,4364,1.0099999904632568,0.9920907720896663,-0.020209427341171704,0.020209427341171704
102,45,40,1000,1,1.0,102_45_40_1000_1,valid,,1.171068,True,True,8643.28027923742,0.0012689999999999646,0.35464818711215157,8643.28027923742,0.0012689999999999646,0.35464818711215157,100.01433665586283,0.011807999999999819,0.08789963535617237,1.239534,0.5,-134.99935951137385,0.15401800862271386,19.932465446511223,19.98035529399016,39.864930893022446,1.0290000438690186,0.0,0.0,0.0,1.0290000438690186,1.0290000438690186,4347,1.0290000438690186,0.9966232723255611,0.00037273070640253536,0.00037273070640253536
102,90,40,500,0,0.5,102_90_40_500_0,valid,,2.109351,True,True,8646.442949851811,0.001068000000000069,0.3321128092114082,8646.442949851811,0.001068000000000069,0.3321128092114082,99.97742207294884,0.01241800000000004,0.08904925180274917,0.310763771,0.5,180.0,0.0,19.903773285433328,19.73945825612197,39.807546570866656,0.5656361271695947,0.005633440637145108,-0.015196348388974825,-0.007598174194487412,0.5550000071525574,0.6230000257492065,4290,1.1312722543391893,0.9951886642716664,-0.00026775791980071517,0.00026775791980071517
102,90,40,500,1,0.5,102_90_40_500_1,valid,,2.128609,True,True,8610.8976067539,0.0016659999999999453,0.3726197936847334,8610.8976067539,0.0016659999999999453,0.3726197936847334,99.98228995871662,0.012386000000000008,0.09362019192818358,0.330233,0.5,180.0,0.0,19.634106750747904,19.910145021632964,39.26821350149581,0.5643957359303661,0.0031095503027596515,-0.011414582445916845,-0.005707291222958422,0.5550000071525574,0.5740000009536743,4265,1.1287914718607321,0.9817053375373952,-0.00026775791980071517,0.00026775791980071517
102,90,40,1000,0,1.0,102_90_40_1000_0,valid,,2.140025,True,True,8604.378790099148,0.0013140000000000374,0.3594675346954977,8604.378790099148,0.0013140000000000374,0.3594675346954977,100.0058624126242,0.012393000000000098,0.09307993680498264,0.309737,0.5,180.0,0.0,19.71871453773803,19.797148045815025,39.43742907547606,1.0158117841779908,0.012258287847495405,-0.032547484478943234,-0.016273742239471617,1.0099999904632568,1.1080000400543213,4289,1.0158117841779908,0.9859357268869016,-0.00026775791980071517,0.00026775791980071517
102,90,40,1000,1,1.0,102_90_40_1000_1,valid,,2.1407,True,True,8578.904680982543,0.0009069999999999911,0.33719113238839066,8578.904680982543,0.0009069999999999911,0.33719113238839066,99.97605412252067,0.01226399999999983,0.08663802235813993,0.339894,0.5,180.0,0.0,19.878635410595894,19.97105878164403,39.75727082119179,1.0107455015510354,0.00248069746892716,-0.00772993005122301,-0.003864965025611505,1.0099999904632568,1.0190000534057617,4368,1.0107455015510354,0.9939317705297948,-0.00026775791980071517,0.00026775791980071517
102,135,40,500,0,0.5,102_135_40_500_0,valid,,2.110153,True,True,8603.124292506225,0.0012860000000001204,0.3781949786574381,8603.124292506225,0.0012860000000001204,0.3781949786574381,99.96966569304351,0.012406000000000028,0.09070192228656601,0.299599368,0.5,135.0071725148447,0.11153609671856657,19.884234494927384,19.858503586087963,39.76846898985477,0.5405795014973941,0.0082451062819148,0.00603303987079966,0.00301651993539983,0.5350000262260437,0.5839999914169312,4257,1.0811590029947882,0.9942117247463692,0.006904756924996036,0.006904756924996036
102,135,40,500,1,0.5,102_135_40_500_1,valid,,2.120218,True,True,8650.444739413142,0.0011459999999999977,0.3524655783855518,8650.444739413142,0.0011459999999999977,0.3524655783855518,100.00406860659349,0.012135000000000229,0.09214169983121888,0.289357315,0.5,135.0002290805345,0.13407206906767752,19.816831728169145,19.680166530957173,39.63366345633829,0.5423276546338456,0.011105388344099678,-0.008827737728591115,-0.0044138688642955575,0.5350000262260437,0.5839999914169312,4319,1.0846553092676912,0.9908415864084572,-3.867738519147679e-05,3.867738519147679e-05
102,135,40,1000,0,1.0,102_135_40_1000_0,valid,,2.1004359999999997,True,True,8619.545521095375,0.0014039999999999608,0.3579464314001609,8619.545521095375,0.0014039999999999608,0.3579464314001609,100.01882033527683,0.01205299999999987,0.0874025081176924,0.300622,0.5,134.99465683656086,0.15330319724757827,20.24076312881003,20.129205638758656,40.48152625762006,1.0049115897846401,0.007909110662684196,0.02197670773573443,0.010988353867867215,0.9900000095367432,1.0290000438690186,4348,1.0049115897846401,1.0120381564405014,-0.00561092135887975,0.00561092135887975
102,135,40,1000,1,1.0,102_135_40_1000_1,valid,,2.120425,True,True,8579.011940769895,0.0011609999999997456,0.3511850218714041,8579.011940769895,0.0011609999999997456,0.3511850218714041,99.97168102571705,0.012300999999999895,0.09921614163403446,0.2901,0.5,134.99223477986342,0.09041964495595632,19.626420568345008,19.615705567841246,39.252841136690016,0.9954118853480411,0.008918335476063645,0.0011360315355115039,0.0005680157677557519,0.9800000190734863,1.0290000438690186,4276,0.9954118853480411,0.9813210284172504,-0.008032978056348838,0.008032978056348838
102,180,40,500,0,0.5,102_180_40_500_0,valid,,2.0683049999999996,True,True,8602.601147599595,0.0012870000000000381,0.38011194901367024,8602.601147599595,0.0012870000000000381,0.38011194901367024,100.00501856686581,0.012278000000000011,0.09020107838109125,0.340943,0.5,90.0,0.0,19.779885415664943,19.91088246596451,39.559770831329885,0.5059999823570251,0.0,0.0,0.0,0.5059999823570251,0.5059999823570251,4237,1.0119999647140503,0.9889942707832471,-0.00026775791980071517,0.00026775791980071517
102,180,40,500,1,0.5,102_180_40_500_1,valid,,1.699666,True,True,8551.472936818878,0.001379000000000019,0.34764305143773017,8551.472936818878,0.001379000000000019,0.34764305143773017,100.03074204856362,0.012580000000000036,0.0927790888988022,0.319778901,0.5,90.0,0.0,19.789876195423687,19.83911215610603,39.579752390847375,0.506193044152907,0.0013759881033670435,-0.0022720147637044588,-0.0011360073818522294,0.5059999823570251,0.515999972820282,4311,1.012386088305814,0.9894938097711844,-0.00026775791980071517,0.00026775791980071517
102,180,40,1000,0,1.0,102_180_40_1000_0,valid,,2.120186,True,True,8560.759137529732,0.0013840000000000519,0.3650289786015858,8560.759137529732,0.0013840000000000519,0.3650289786015858,100.04159238364667,0.012211000000000027,0.09745167440087285,0.339217,0.5,90.0,0.0,19.776586704369915,19.75486953091085,39.55317340873983,0.9610914265882677,0.0009023624258697623,0.0010856779679608369,0.0005428389839804184,0.9610000252723694,0.9700000286102295,4312,0.9610914265882677,0.9888293352184958,-0.00026775791980071517,0.00026775791980071517
102,180,40,1000,1,1.0,102_180_40_1000_1,valid,,2.2106939999999997,True,True,8590.537632392035,0.001298999999999939,0.35915563180256926,8590.537632392035,0.001298999999999939,0.35915563180256926,99.95676379981522,0.012309999999999821,0.09029595912130825,0.340409,0.5,90.0,0.0,19.997626859949623,19.950242945898562,39.995253719899246,0.9364166339322388,0.006025979939677554,0.020166710383265313,0.010083355191632656,0.9309999942779541,0.9509999752044678,4336,0.9364166339322388,0.9998813429974811,-0.00026775791980071517,0.00026775791980071517
102,225,40,500,0,0.5,102_225_40_500_0,valid,,2.1211010000000003,True,True,8584.829868107292,0.001738,0.3804869500264023,8584.829868107292,0.001738,0.3804869500264023,99.9903672283586,0.012336000000000014,0.08830402201096726,0.288778,0.5,44.992802758878575,0.0824859730814893,19.973556084203622,19.583588911469032,39.947112168407244,0.5417736190900049,0.012760587239699184,-0.05881511664874321,-0.029407558324371606,0.515999972820282,0.5740000009536743,4298,1.0835472381800098,0.9986778042101812,-0.0074649990411899125,0.0074649990411899125
102,225,40,500,1,0.5,102_225_40_500_1,valid,,1.439431,True,True,8582.266728764114,0.0013510000000000015,0.36503839863360665,8582.266728764114,0.0013510000000000015,0.36503839863360665,100.06586083844539,0.012530000000000041,0.09660813494167192,0.31020329,0.5,45.007598460926744,0.17969455059669456,19.62901469671411,19.611948674173593,39.25802939342822,0.5665498061071121,0.01348736545497108,-0.08096420783212151,-0.040482103916060753,0.5550000071525574,0.6039999723434448,4293,1.1330996122142243,0.9814507348357054,0.007330703007028205,0.007330703007028205
102,225,40,1000,0,1.0,102_225_40_1000_0,valid,,2.10981,True,True,8679.521649686298,0.0010690000000002087,0.3200599613857992,8679.521649686298,0.0010690000000002087,0.3200599613857992,99.98004229807002,0.012176,0.08833621349331765,0.301393,0.5,44.98969953527362,0.12410471664177293,20.013510825288538,20.136817042720683,40.027021650577076,0.9925784070777893,0.005340224625065475,-0.02461213735401283,-0.012306068677006414,0.9900000095367432,1.0099999904632568,4333,0.9925784070777893,1.0006755412644268,-0.010568222646043068,0.010568222646043068
102,225,40,1000,1,1.0,102_225_40_1000_1,valid,,2.129984,True,True,8624.153188967817,0.001503000000000032,0.3555058219381179,8624.153188967817,0.001503000000000032,0.3555058219381179,100.03993960947768,0.012272999999999978,0.08560926568802449,0.280465,0.5,44.97516537791238,0.19434304785275458,19.603279980079474,19.6910711393032,39.20655996015895,1.0030912813112933,0.00846254440757502,-0.012965937899788395,-0.0064829689498941976,0.9800000190734863,1.0190000534057617,4348,1.0030912813112933,0.9801639990039737,-0.02510238000741083,0.02510238000741083
102,270,40,500,0,0.5,102_270_40_500_0,valid,,2.130499,True,True,8655.698017720459,0.001334999999999642,0.35425734595042874,8655.698017720459,0.001334999999999642,0.35425734595042874,99.9882523308098,0.012210000000000054,0.09423785204857985,0.290201213,0.5,0.0,0.0,19.748089596229743,19.556455776288914,39.496179192459486,0.6427185243840379,0.021670167795759216,-0.07864051144196606,-0.03932025572098303,0.5350000262260437,0.6819999814033508,4269,1.2854370487680757,0.9874044798114872,-0.00026775791980071517,0.00026775791980071517
102,270,40,500,1,0.5,102_270_40_500_1,valid,,2.120814,True,True,8643.845759526115,0.001060000000000061,0.3366356964368548,8643.845759526115,0.001060000000000061,0.3366356964368548,99.96879301176325,0.012183000000000055,0.08813043662053856,0.290044,0.5,0.0,0.0,20.074140273776106,20.101892737667544,40.14828054755221,0.6437113511790729,0.02276025843504552,-0.05369627400444031,-0.026848137002220156,0.5350000262260437,0.6819999814033508,4349,1.2874227023581457,1.0037070136888053,-0.00026775791980071517,0.00026775791980071517
102,270,40,1000,0,1.0,102_270_40_1000_0,valid,,2.119756,True,True,8536.663275974659,0.0019849999999999035,0.38345441887972875,8536.663275974659,0.0019849999999999035,0.38345441887972875,100.02080892691468,0.012070999999999943,0.08450474812043215,0.290524,0.5,0.0,0.0,19.815024786188676,19.83528508115448,39.63004957237735,1.107583913278122,0.017053360537842042,-0.09554607605589041,-0.047773038027945205,1.0099999904632568,1.1469999551773071,4229,1.107583913278122,0.9907512393094338,-0.00026775791980071517,0.00026775791980071517
102,270,40,1000,1,1.0,102_270_40_1000_1,valid,,2.120311,True,True,8650.17602337611,0.0012820000000000054,0.3470450537196632,8650.17602337611,0.0012820000000000054,0.3470450537196632,100.01819519196664,0.012267000000000028,0.09019918154897749,0.290035805,0.5,0.0,0.0,19.541735670450535,19.477947771462382,39.08347134090107,1.108368671364913,0.01992075932337876,-0.09212489376421307,-0.046062446882106534,1.0290000438690186,1.1469999551773071,4346,1.108368671364913,0.9770867835225268,-0.00026775791980071517,0.00026775791980071517
102,315,40,500,0,0.5,102_315_40_500_0,valid,,1.321075,True,True,8611.521682554163,0.002229,0.36597996301584806,8611.521682554163,0.002229,0.36597996301584806,100.02027128398923,0.012026000000000092,0.09137499999601109,0.300324106,0.5,-45.00457988030454,0.09058887175666967,19.963752472080344,19.976924229589706,39.92750494416069,0.5919882328805286,0.005808392804095449,0.0027322240015963373,0.0013661120007981687,0.5550000071525574,0.593999981880188,4202,1.1839764657610572,0.9981876236040172,-0.0048476382243052285,0.0048476382243052285
102,315,40,500,1,0.5,102_315_40_500_1,valid,,2.121357,True,True,8599.868928190064,0.002047,0.38023096716589216,8599.868928190064,0.002047,0.38023096716589216,99.96621831243235,0.012633999999999812,0.09299342350786076,0.299622,0.5,-44.99523876798936,0.06989876203455905,20.021847601187808,20.1169435266681,40.043695202375616,0.5959356005742364,0.004367897816532272,-0.017047753400317715,-0.008523876700158858,0.5839999914169312,0.6039999723434448,4291,1.191871201148473,1.0010923800593905,0.0044934740908502135,0.0044934740908502135
102,315,40,1000,0,1.0,102_315_40_1000_0,valid,,2.128946,True,True,8667.905577242449,0.001202999999999843,0.3382791603252643,8667.905577242449,0.001202999999999843,0.3382791603252643,100.05784953829628,0.012318000000000051,0.09441710327168733,0.280950868,0.5,-45.0099560967312,0.09289024515205282,19.937960243156034,20.057812948801182,39.87592048631207,1.0392737497805367,0.006758865443498184,0.0191495744485629,0.00957478722428145,0.9900000095367432,1.0490000247955322,4317,1.0392737497805367,0.9968980121578017,-0.01022385465091702,0.01022385465091702
102,315,40,1000,1,1.0,102_315_40_1000_1,valid,,2.1103739999999998,True,True,8632.303299832367,0.0009050000000000447,0.32331530418020615,8632.303299832367,0.0009050000000000447,0.32331530418020615,100.01490643624662,0.01229199999999997,0.09158598056885653,0.289819,0.5,-44.9898329599864,0.09489882251956629,20.02771438032424,19.757840361888324,40.05542876064848,1.0285065916431924,0.004857606376258315,0.005977212586759137,0.0029886062933795685,0.9900000095367432,1.0390000343322754,4280,1.0285065916431924,1.001385719016212,0.009899282093783768,0.009899282093783768
102,0,60,500,0,0.5,102_0_60_500_0,valid,,1.3413460000000001,True,True,8627.589244519679,0.0013290000000000246,0.3453875392430833,8627.589244519679,0.0013290000000000246,0.3453875392430833,100.00518351474763,0.012051999999999952,0.09548816840685297,0.30872358,0.5,-90.0,0.0,30.214854219037512,30.659078161071164,60.429708438075025,0.5249999761581421,0.0,0.0,0.0,0.5249999761581421,0.5249999761581421,4273,1.0499999523162842,1.0071618073012505,-0.00026775791974387175,0.00026775791974387175
102,0,60,500,1,0.5,102_0_60_500_1,valid,,1.37993,True,True,8604.872008552493,0.0011679999999999469,0.3525770319575609,8604.872008552493,0.0011679999999999469,0.3525770319575609,100.03374822769155,0.011870999999999965,0.0856180099423862,0.300122,0.5,-90.0,0.0,29.96456455137972,30.422277849947314,59.92912910275944,0.5249999761581421,0.0,0.0,0.0,0.5249999761581421,0.5249999761581421,4299,1.0499999523162842,0.998818818379324,-0.00026775791974387175,0.00026775791974387175
102,0,60,1000,0,1.0,102_0_60_1000_0,valid,,1.371043,True,True,8601.808939020146,0.0012550000000000061,0.36064125203862685,8601.808939020146,0.0012550000000000061,0.36064125203862685,100.03365773345837,0.012449999999999989,0.0928115707246361,0.289223933,0.5,-90.0,0.0,29.68668987143092,29.724554245949115,59.37337974286184,0.9975585309883684,0.004295799797231608,-0.000668246131602041,-0.0003341230658010205,0.9900000095367432,1.0,4242,0.9975585309883684,0.9895563290476974,-0.00026775791974387175,0.00026775791974387175
102,0,60,1000,1,1.0,102_0_60_1000_1,valid,,1.3491170000000001,True,True,8639.633490337586,0.0012389999999999901,0.35690717712337844,8639.633490337586,0.0012389999999999901,0.35690717712337844,99.96131227049423,0.01214599999999999,0.09227342719996334,0.329431948,0.5,-90.0,0.0,29.952716234670838,30.041925627285,59.905432469341676,0.9939072158105373,0.0048791151462065805,0.006181795307357945,0.0030908976536789725,0.9900000095367432,1.0,4338,0.9939072158105373,0.9984238744890279,-0.00026775791974387175,0.00026775791974387175
102,45,60,500,0,0.5,102_45_60_500_0,valid,,1.179774,True,True,8597.430327708722,0.0010019999999999474,0.34296858179045303,8597.430327708722,0.0010019999999999474,0.34296858179045303,99.98883722505055,0.012298000000000031,0.09422156468030034,0.519874,0.5,-135.004478338916,0.103451598827705,29.804186998396823,30.1174537773238,59.608373996793645,0.5405443059386015,0.004970282358189157,0.015405952354313933,0.0077029761771569664,0.5350000262260437,0.5450000166893005,4242,1.081088611877203,0.9934728999465607,-0.0047460968357313504,0.0047460968357313504
102,45,60,500,1,0.5,102_45_60_500_1,valid,,1.3680240000000001,True,True,8620.223219938407,0.0012499999999999734,0.3608533942018868,8620.223219938407,0.0012499999999999734,0.3608533942018868,100.02788486846333,0.012189000000000005,0.0949637814591986,0.351219722,0.5,-134.99192943810203,0.09271422100199941,30.059029194248204,30.2636432986654,60.11805838849641,0.5550000071525573,1.1102230246251564e-16,1.4791138774315719e-31,7.395569387157859e-32,0.5550000071525574,0.5550000071525574,4338,1.1100000143051145,1.0019676398082735,0.007802803978222528,0.007802803978222528
102,45,60,1000,0,1.0,102_45_60_1000_0,valid,,1.360529,True,True,8609.303550222729,0.0013529999999999376,0.36238194513639704,8609.303550222729,0.0013529999999999376,0.36238194513639704,99.97575856606812,0.012368999999999963,0.09593000199066873,0.340707,0.5,-134.9998649675314,0.08933937828311826,30.08582519037989,30.318203940591,60.17165038075978,1.0097674606850147,0.0015070585479917548,0.00270721509439637,0.001353607547198185,1.0,1.0099999904632568,4298,1.0097674606850147,1.0028608396793297,-0.0001327254511522824,0.0001327254511522824
102,45,60,1000,1,1.0,102_45_60_1000_1,valid,,1.350628,True,True,8693.978478564284,0.0011909999999999976,0.3387338910424535,8693.978478564284,0.0011909999999999976,0.3387338910424535,100.0480757332339,0.012052000000000174,0.09613308601879025,0.350127,0.5,-135.00686510374578,0.05671560271142084,29.97878139494029,30.409247812190113,59.95756278988058,1.0143000577080472,0.004495586452332746,0.026946870485070575,0.013473435242535288,1.0099999904632568,1.0190000534057617,4340,1.0143000577080472,0.9992927131646764,-0.00713286166552507,0.00713286166552507
102,90,60,500,0,0.5,102_90_60_500_0,valid,,1.4107960000000002,True,True,8701.374182471658,0.0010059999999999514,0.3209501958209954,8701.374182471658,0.0010059999999999514,0.3209501958209954,100.04264387557379,0.012414000000000008,0.09708983728505505,0.339041969,0.5,180.0,0.0,29.49203383770437,29.448807099723812,58.98406767540874,0.5597387132533707,0.0049931633566732865,-0.028991653389875725,-0.014495826694937862,0.5550000071525574,0.5649999976158142,4331,1.1194774265067413,0.9830677945901456,-0.00026775791980071517,0.00026775791980071517
102,90,60,500,1,0.5,102_90_60_500_1,valid,,1.399596,True,True,8602.667639531477,0.0013050000000000006,0.3652551783160437,8602.667639531477,0.0013050000000000006,0.3652551783160437,100.05197144072059,0.012149000000000187,0.09259923082755343,0.330344,0.5,180.0,0.0,29.364567875670428,29.308278237091997,58.729135751340856,0.5625681799349784,0.004290036874423267,-0.02208531718564567,-0.011042658592822835,0.5550000071525574,0.5649999976158142,4321,1.1251363598699569,0.9788189291890143,-0.00026775791980071517,0.00026775791980071517
102,90,60,1000,0,1.0,102_90_60_1000_0,valid,,1.190225,True,True,8668.603516039491,0.0009749999999999481,0.3275441887943292,8668.603516039491,0.0009749999999999481,0.3275441887943292,100.02963644015807,0.01213299999999995,0.09642589111838439,0.330123,0.5,180.0,0.0,29.87561409984347,29.929298607493106,59.75122819968694,1.0088287115802763,0.00321572440328799,-0.011367167373140228,-0.005683583686570114,1.0,1.0099999904632568,4360,1.0088287115802763,0.9958538033281157,-0.00026775791980071517,0.00026775791980071517
102,90,60,1000,1,1.0,102_90_60_1000_1,valid,,1.360115,True,True,8615.160373016424,0.0013119999999999798,0.365787526689219,8615.160373016424,0.0013119999999999798,0.365787526689219,99.94577410128548,0.011878,0.08893017737800726,0.349442,0.5,180.0,0.0,29.913803933641713,30.312413158664185,59.827607867283426,1.009999990463257,2.220446049250313e-16,2.958227841590705e-31,1.4791139207953525e-31,1.0099999904632568,1.0099999904632568,4307,1.009999990463257,0.9971267977880571,-0.00026775791980071517,0.00026775791980071517
102,135,60,500,0,0.5,102_135_60_500_0,valid,,1.358651,True,True,8693.533703471001,0.0011260000000001824,0.32068711821421864,8693.533703471001,0.0011260000000001824,0.32068711821421864,100.02346919388907,0.012279999999999847,0.0941606193569334,0.340503,0.5,135.0034661050555,0.06663840219768247,29.936642944485122,29.97267326196011,59.873285888970244,0.5503055772295189,0.011657837297079799,0.07780691394703793,0.03890345697351896,0.5350000262260437,0.5649999976158142,4333,1.1006111544590378,0.9978880981495041,0.0031983471358216775,0.0031983471358216775
102,135,60,500,1,0.5,102_135_60_500_1,valid,,1.3499880000000002,True,True,8664.389908135441,0.0011470000000000091,0.3445479469572,8664.389908135441,0.0011470000000000091,0.3445479469572,100.03032834423202,0.012012000000000134,0.08919523591497182,0.350265505,0.5,135.00609063152962,0.08648263264116451,29.769883342831918,29.854047478989557,59.539766685663835,0.5530276793335175,0.011467247348080665,0.07548955477162743,0.037744777385813714,0.5350000262260437,0.5649999976158142,4323,1.106055358667035,0.9923294447610639,0.0058228736098726586,0.0058228736098726586
102,135,60,1000,0,1.0,102_135_60_1000_0,valid,,1.359714,True,True,8652.63441322978,0.001414999999999944,0.3444136818768437,8652.63441322978,0.001414999999999944,0.3444136818768437,100.0978857778048,0.012083000000000066,0.090186817774209,0.319915424,0.5,135.01351705670916,0.08714700408809506,29.672426933928985,29.3997017268034,59.34485386785797,1.0297453498649576,0.013935094933147742,0.09337458338603312,0.04668729169301656,1.0099999904632568,1.0490000247955322,4334,1.0297453498649576,0.9890808977976329,0.013249298789446584,0.013249298789446584
102,135,60,1000,1,1.0,102_135_60_1000_1,valid,,0.7208490000000001,True,False,8615.768408814316,0.0015650000000000386,0.37531339220910953,8615.768408814316,0.0015650000000000386,0.37531339220910953,100.0099486336337,0.011984999999999912,0.0832301783025629,0.299159,0.5,135.00008159803622,0.05308102572431039,29.981108894908942,30.16213135362969,59.962217789817885,1.0016931402509832,0.011904038150826897,0.07623013085154993,0.03811506542577497,0.9800000190734863,1.0190000534057617,4337,1.0016931402509832,0.9993702964969647,-0.0001861598834693723,0.0001861598834693723
102,180,60,500,0,0.5,102_180_60_500_0,valid,,1.379333,True,True,8664.37514286084,0.0017110000000000042,0.3359293910552522,8664.37514286084,0.0017110000000000042,0.3359293910552522,100.06723436341282,0.012178000000000022,0.09707569117309708,0.339986,0.5,90.0,0.0,29.646650160443187,29.79224581880518,59.293300320886374,0.5197640266528665,0.01610766044517458,0.10183809452107818,0.05091904726053909,0.5059999823570251,0.5450000166893005,4301,1.039528053305733,0.9882216720147728,-0.00026775791980071517,0.00026775791980071517
102,180,60,500,1,0.5,102_180_60_500_1,valid,,1.210537,True,True,8618.762220037097,0.001499000000000028,0.3717235545462649,8618.762220037097,0.001499000000000028,0.3717235545462649,100.01886069944618,0.012286999999999937,0.09142698420343773,0.340393,0.5,90.0,0.0,29.617516431055947,29.780001640319824,59.23503286211189,0.5396800385663185,0.018803753983234618,0.11596206528232694,0.05798103264116347,0.5249999761581421,0.5740000009536743,4304,1.079360077132637,0.9872505477018649,-0.00026775791980071517,0.00026775791980071517
102,180,60,1000,0,1.0,102_180_60_1000_0,valid,,1.359319,True,True,8687.732999626545,0.0011820000000000164,0.34634456166197564,8687.732999626545,0.0011820000000000164,0.34634456166197564,99.96001599360255,0.012401000000000106,0.09183529377018315,0.349917,0.5,90.0,0.0,29.960818481869108,29.974579167757554,59.921636963738216,0.9697923211479633,0.012572554980069092,0.07417587601644318,0.03708793800822159,0.9610000252723694,1.0,4360,0.9697923211479633,0.9986939493956369,-0.00026775791980071517,0.00026775791980071517
102,180,60,1000,1,1.0,102_180_60_1000_1,valid,,1.420077,True,True,8575.25000724741,0.0011650000000000826,0.3521243764176748,8575.25000724741,0.0011650000000000826,0.3521243764176748,100.06037929173263,0.011917000000000011,0.08623198471379848,0.329833795,0.5,90.0,0.0,30.400364608976506,30.462913091919596,60.80072921795301,0.9572621750588465,0.015679491604425975,0.10339000895934058,0.05169500447967029,0.9409999847412109,0.9800000190734863,4339,0.9572621750588465,1.0133454869658836,-0.00026775791980071517,0.00026775791980071517
102,225,60,500,0,0.5,102_225_60_500_0,valid,,1.370346,True,True,8595.346166164174,0.0014950000000000102,0.3762802864089934,8595.346166164174,0.0014950000000000102,0.3762802864089934,99.97172070662886,0.012102999999999975,0.09250151154046998,0.319729,0.5,45.000331490902674,0.05046959334273993,29.79141871019145,29.924126262361618,59.5828374203829,0.5434958919684696,0.011334776948304705,0.02057233545217684,0.01028616772608842,0.5350000262260437,0.5740000009536743,4219,1.0869917839369392,0.9930472903397151,6.373298288053775e-05,6.373298288053775e-05
102,225,60,500,1,0.5,102_225_60_500_1,valid,,1.3691929999999999,True,True,8562.06538577754,0.0012840000000000629,0.3667563775035935,8562.06538577754,0.0012840000000000629,0.3667563775035935,99.9942190842092,0.011847999999999997,0.08532248229916395,0.309995,0.5,44.99617260989028,0.07403259006966323,30.211289499874034,29.94555651963744,60.42257899974807,0.5563998870483744,0.010727474368752096,-0.013304266857365622,-0.006652133428682811,0.5450000166893005,0.5740000009536743,4257,1.1127997740967488,1.0070429833291346,-0.0040951480294779685,0.0040951480294779685
102,225,60,1000,0,1.0,102_225_60_1000_0,valid,,1.371046,True,True,8599.713582298678,0.0013369999999999216,0.3477375666727841,8599.713582298678,0.0013369999999999216,0.3477375666727841,100.12337424671067,0.012001999999999957,0.09208770420603779,0.329886516,0.5,44.99676580408794,0.06482165869505536,30.03830277441074,29.88335749130023,60.07660554882148,0.9956358674071177,0.009313343315300949,0.046074576502510144,0.023037288251255072,0.9900000095367432,1.0190000534057617,4318,0.9956358674071177,1.0012767591470246,-0.0035019538318010746,0.0035019538318010746
102,225,60,1000,1,1.0,102_225_60_1000_1,valid,,0.8513700000000001,True,False,8643.731783505418,0.0013219999999999994,0.36499931638533284,8643.731783505418,0.0013219999999999994,0.36499931638533284,99.94871483976254,0.011979000000000017,0.08996759506952498,0.809244,0.5,45.00023039915559,0.08775539502303786,29.596297771163538,29.982601770269827,59.192595542327076,1.062267435537412,0.008929121463725499,0.035740751329198885,0.017870375664599442,1.0390000343322754,1.0679999589920044,4353,1.062267435537412,0.9865432590387846,-3.735876407517935e-05,3.735876407517935e-05
102,270,60,500,0,0.5,102_270_60_500_0,valid,,1.379737,True,True,8664.181486083666,0.0007600000000000939,0.32073247690539036,8664.181486083666,0.0007600000000000939,0.32073247690539036,99.98832597031864,0.012510000000000021,0.09097018020866521,0.289752,0.5,0.0,0.0,29.30166916004197,29.240034905367686,58.60333832008394,0.6344925191295481,0.014119731707174222,-0.08195249310119185,-0.040976246550595924,0.593999981880188,0.671999990940094,4326,1.2689850382590961,0.9767223053347324,-0.00026775791980071517,0.00026775791980071517
102,270,60,500,1,0.5,102_270_60_500_1,valid,,1.3612929999999999,True,True,8639.315647948673,0.0013789999999999636,0.3568734102811853,8639.315647948673,0.0013789999999999636,0.3568734102811853,99.95228593508259,0.012573,0.08880207043966425,0.309452,0.5,0.0,0.0,29.667102971877842,29.759817338050784,59.334205943755684,0.636342695544633,0.014595214711197011,-0.09388888603504791,-0.04694444301752396,0.6230000257492065,0.6629999876022339,4307,1.272685391089266,0.988903432395928,-0.00026775791980071517,0.00026775791980071517
102,270,60,1000,0,1.0,102_270_60_1000_0,valid,,1.37917,True,True,8617.036850842616,0.0012579999999999814,0.372207060045902,8617.036850842616,0.0012579999999999814,0.372207060045902,99.95206718546024,0.011990000000000167,0.07921161891439993,0.300187,0.5,0.0,0.0,29.59210555703453,29.688895678652845,59.18421111406906,1.1021295030661369,0.016343727313549675,-0.10356339513377262,-0.05178169756688631,1.0880000591278076,1.1369999647140503,4319,1.1021295030661369,0.9864035185678176,-0.00026775791980071517,0.00026775791980071517
102,270,60,1000,1,1.0,102_270_60_1000_1,valid,,1.0294530000000002,True,True,8653.951544957037,0.001366999999999896,0.36885504306498257,8653.951544957037,0.001366999999999896,0.36885504306498257,100.02094883206094,0.012381999999999893,0.09001061770959623,0.65057,0.5,0.0,0.0,29.819588553084415,29.919638673090613,59.63917710616883,1.10513381374107,0.022700021607257436,0.14772993725308387,0.07386496862654193,1.0779999494552612,1.1369999647140503,4343,1.10513381374107,0.9939862851028138,-0.00026775791980071517,0.00026775791980071517
102,315,60,500,0,0.5,102_315_60_500_0,valid,,1.3587609999999999,True,True,8617.500466985066,0.0012089999999999879,0.3554811296362624,8617.500466985066,0.0012089999999999879,0.3554811296362624,99.98656430542145,0.0126170000000001,0.0849490363463722,0.310657854,0.5,-45.007780587314215,0.07578731690535391,29.544786013986073,29.643728663419452,59.089572027972146,0.5925927232222558,0.005959828147198122,-0.0033322776067423385,-0.0016661388033711692,0.5839999914169312,0.6039999723434448,4280,1.1851854464445115,0.9848262004662024,-0.008048345233987675,0.008048345233987675
102,315,60,500,1,0.5,102_315_60_500_1,valid,,0.9513809999999999,True,False,8575.526220500093,0.0013800000000001589,0.3902018489474657,8575.526220500093,0.0013800000000001589,0.3902018489474657,99.97648904543327,0.012008000000000019,0.08575068412701153,0.309184,0.5,-44.9976920552127,0.06507554106300972,30.127760211143805,30.15583612952463,60.25552042228761,0.5935314737320543,0.0061095977529589725,-0.010054629900879504,-0.005027314950439752,0.5839999914169312,0.6140000224113464,4359,1.1870629474641086,1.0042586737047936,0.002040186867589,0.002040186867589
102,315,60,1000,0,1.0,102_315_60_1000_0,valid,,1.368509,True,True,8519.86633409041,0.0030040000000000067,0.42326220430693323,8519.86633409041,0.0030040000000000067,0.42326220430693323,100.01558137478258,0.012182999999999833,0.08695739306919902,0.310824,0.5,-45.0077721667569,0.0682796578993134,30.19641406764938,30.667379634006384,60.39282813529876,1.0541751418393623,0.006645126350665208,0.039262791159879615,0.019631395579939807,1.0490000247955322,1.0679999589920044,4296,1.0541751418393623,1.0065471355883127,-0.008039924676722876,0.008039924676722876
102,315,60,1000,1,1.0,102_315_60_1000_1,valid,,1.3687619999999998,True,True,8538.56701050837,0.0010939999999999839,0.35133925894111384,8538.56701050837,0.0010939999999999839,0.35133925894111384,99.9806667219046,0.011783000000000099,0.08117201177712427,0.311052,0.5,-44.99721918294427,0.06853659469181536,30.030634912850527,30.195127572615544,60.06126982570105,1.032907300142765,0.004879126344565596,0.016862721505038463,0.008431360752519232,1.0290000438690186,1.0390000343322754,4295,1.032907300142765,1.0010211637616842,0.0025130591359356913,0.0025130591359356913
103,0,20,500,0,0.5,103_0_20_500_0,valid,,3.920391,True,True,8638.275166262212,0.0014350000000007412,0.3549934413887392,8638.275166262212,0.0014350000000007412,0.3549934413887392,99.98701600098966,0.012270000000000003,0.0898841777280922,0.809136,0.5,-90.0,0.0,9.942944164525214,9.94646864674231,19.885888329050427,0.5350000262260438,1.1102230246251565e-16,3.328006396103931e-31,1.6640031980519656e-31,0.5350000262260437,0.5350000262260437,4364,1.0700000524520876,0.9942944164525214,-0.00026775791974387175,0.00026775791974387175
103,0,20,500,1,0.5,103_0_20_500_1,valid,,3.5112110000000003,True,True,8677.47428291631,0.0010979999999999879,0.31045123517126766,8677.47428291631,0.0010979999999999879,0.31045123517126766,100.01564399482443,0.012434999999999974,0.08988709812155891,1.179573401,0.5,-90.0,0.0,9.94220571356446,9.926127195859237,19.88441142712892,0.5457096520525389,0.008586784966227558,0.05571527443078626,0.02785763721539313,0.5350000262260437,0.5550000071525574,4385,1.0914193041050777,0.994220571356446,-0.00026775791974387175,0.00026775791974387175
103,0,20,1000,0,1.0,103_0_20_1000_0,valid,,3.12937,True,True,8664.703643937251,0.0011419999999997543,0.34684952943701247,8664.703643937251,0.0011419999999997543,0.34684952943701247,99.99374784509399,0.012519999999999998,0.09048546298774811,0.300179,0.5,-90.0,0.0,9.923302018889718,9.923322226211525,19.846604037779436,1.0189235019110185,0.004957708404723334,0.02479161552621737,0.012395807763108686,1.0119999647140503,1.031000018119812,4365,1.0189235019110185,0.9923302018889718,-0.00026775791974387175,0.00026775791974387175
103,0,20,1000,1,1.0,103_0_20_1000_1,valid,,2.600703,True,True,8695.443764823369,0.0012319999999998998,0.3034062852080063,8695.443764823369,0.0012319999999998998,0.3034062852080063,100.01108122780005,0.012582000000000093,0.09759394803505389,1.559538,0.5,-90.0,0.0,9.89436511588927,9.982698775765746,19.78873023177854,1.0410000085830684,4.440892098500625e-16,2.218670954593868e-30,1.109335477296934e-30,1.0410000085830688,1.0410000085830688,4339,1.0410000085830684,0.989436511588927,-0.00026775791974387175,0.00026775791974387175
103,45,20,500,0,0.5,103_45_20_500_0,valid,,4.3810709999999995,True,True,8599.526469144646,0.001194999999999835,0.3446347308147344,8599.526469144646,0.001194999999999835,0.3446347308147344,100.01139422952969,0.012426000000000048,0.08654062599739465,0.299939,0.5,-135.01850230215476,0.246390085170745,9.954844219013067,9.93023098917795,19.909688438026134,0.5447663457921467,0.007601400370883011,0.04930036859870465,0.024650184299352326,0.5350000262260437,0.5550000071525574,4297,1.0895326915842933,0.9954844219013067,-0.01877006007450177,0.01877006007450177
103,45,20,500,1,0.5,103_45_20_500_1,valid,,4.379963,True,True,8668.213849853237,0.0014239999999996478,0.3445349131780843,8668.213849853237,0.0014239999999996478,0.3445349131780843,100.03004976036591,0.012278999999999984,0.08791889138699983,0.300165,0.5,-134.99662580490346,0.1945460724438149,9.95375011460398,10.009421056721193,19.90750022920796,0.5498647377899366,0.006853627600188846,0.04206658521611464,0.02103329260805732,0.5350000262260437,0.5649999976158142,4340,1.0997294755798732,0.9953750114603981,0.003106437176796817,0.003106437176796817
103,45,20,1000,0,1.0,103_45_20_1000_0,valid,,4.381798999999999,True,True,8670.050505029933,0.0014449999999999186,0.34368570335292725,8670.050505029933,0.0014449999999999186,0.34368570335292725,99.99519371370337,0.012272999999999978,0.08702239331085036,0.288655109,0.5,-134.98662885723527,0.2799630336138108,9.928474973898881,9.916401822286028,19.856949947797762,1.0363655928666602,0.010304907808026868,0.06817903421697702,0.03408951710848851,1.0119999647140503,1.0509999990463257,4355,1.0363655928666602,0.9928474973898881,0.013103384844981747,0.013103384844981747
103,45,20,1000,1,1.0,103_45_20_1000_1,valid,,2.3083320000000005,True,True,8653.735647408159,0.0013540000000000774,0.3556859781263579,8653.735647408159,0.0013540000000000774,0.3556859781263579,100.002346993858,0.012508999999999992,0.09104058335670066,2.380723372,0.5,-134.99810231614774,0.18730713178082098,9.910944610678012,9.97868850231223,19.821889221356024,1.0700000524520872,2.220446049250313e-16,-7.395569398681274e-32,-3.697784699340637e-32,1.0700000524520874,1.0700000524520874,4320,1.0700000524520872,0.9910944610678012,0.001629925932519427,0.001629925932519427
103,90,20,500,0,0.5,103_90_20_500_0,valid,,4.409911,True,True,8678.25243022146,0.0018090000000006157,0.334538512506708,8678.25243022146,0.0018090000000006157,0.334538512506708,100.01626280696048,0.012635000000000063,0.09796062624215171,0.280878163,0.5,180.0,0.0,9.906484743126661,9.789598878073463,19.812969486253323,0.5474532408697215,0.0046196578808746815,0.02459704122961479,0.012298520614807395,0.5350000262260437,0.5550000071525574,4352,1.094906481739443,0.9906484743126661,-0.00026775791980071517,0.00026775791980071517
103,90,20,500,1,0.5,103_90_20_500_1,valid,,4.410881,True,True,8709.811484937627,0.0012379999999999891,0.3295298877889891,8709.811484937627,0.0012379999999999891,0.3295298877889891,99.99565059568548,0.012313999999999936,0.09513111367073278,0.279401194,0.5,180.0,0.0,9.745011975482218,9.782647278834958,19.490023950964435,0.5445786509711467,0.002009005747788568,0.004843330299996628,0.002421665149998314,0.5350000262260437,0.5450000166893005,4381,1.0891573019422933,0.9745011975482217,-0.00026775791980071517,0.00026775791980071517
103,90,20,1000,0,1.0,103_90_20_1000_0,valid,,2.870849,True,True,8657.612493954612,0.0015569999999998085,0.355432123027653,8657.612493954612,0.0015569999999998085,0.355432123027653,100.012611151964,0.01211400000000007,0.09132882565331768,0.279841045,0.5,180.0,0.0,10.004977877429129,9.944736608964618,20.009955754858257,1.026663484055457,0.007445544352413821,0.04473570396600977,0.022367851983004883,1.0210000276565552,1.0410000085830688,4335,1.026663484055457,1.0004977877429129,-0.00026775791980071517,0.00026775791980071517
103,90,20,1000,1,1.0,103_90_20_1000_1,valid,,4.150399,True,True,8581.722988801079,0.0013260000000001604,0.3628345815201204,8581.722988801079,0.0013260000000001604,0.3628345815201204,100.02491455611042,0.012516000000000638,0.09653518422803901,0.299250423,0.5,180.0,0.0,9.87493620482509,9.866503219630836,19.74987240965018,1.0334293542630142,0.005268571561894067,0.02838947159657166,0.01419473579828583,1.0210000276565552,1.0410000085830688,4306,1.0334293542630142,0.987493620482509,-0.00026775791980071517,0.00026775791980071517
103,135,20,500,0,0.5,103_135_20_500_0,valid,,4.3679440000000005,True,True,8657.221437767095,0.001338999999999757,0.34756132200920975,8657.221437767095,0.001338999999999757,0.34756132200920975,99.98772044899577,0.012379000000000029,0.09247927471661613,0.31104006,0.5,134.98754345877208,0.21076242566771697,10.000338945512516,10.044191113327457,20.00067789102503,0.5314881386428476,0.0047734366307510805,0.017777757854361267,0.008888878927180634,0.5249999761581421,0.5350000262260437,4381,1.0629762772856952,1.0000338945512515,-0.012724299147635065,0.012724299147635065
103,135,20,500,1,0.5,103_135_20_500_1,valid,,4.3804229999999995,True,True,8706.961905234966,0.001379000000000019,0.3454388079480605,8706.961905234966,0.001379000000000019,0.3454388079480605,99.9896344757743,0.012286000000000019,0.09539672816767095,0.299146,0.5,134.9872448952016,0.2591117098535278,9.819498370098817,9.771127837297916,19.638996740197634,0.5403543052798004,0.00498742772275299,0.029849347157558763,0.014924673578779381,0.5350000262260437,0.5450000166893005,4374,1.0807086105596009,0.9819498370098817,-0.013022862718116812,0.013022862718116812
103,135,20,1000,0,1.0,103_135_20_1000_0,valid,,4.381643,True,True,8692.524990551161,0.0011209999999999276,0.3181913310194732,8692.524990551161,0.0011209999999999276,0.3181913310194732,100.03555235007146,0.012407000000000001,0.09231877879468585,0.298890673,0.5,134.98421742357567,0.17524771956455254,9.947374771284412,9.999766987937068,19.894749542568825,1.0213798507543275,0.001911533878811641,0.004384759296304275,0.0021923796481521374,1.0210000276565552,1.031000018119812,4374,1.0213798507543275,0.9947374771284412,-0.016050334344072326,0.016050334344072326
103,135,20,1000,1,1.0,103_135_20_1000_1,valid,,4.391414999999999,True,True,8624.63516013864,0.0013859999999998873,0.3495693335124135,8624.63516013864,0.0013859999999998873,0.3495693335124135,100.02287692276664,0.012462000000000195,0.09166450076542931,0.299673,0.5,134.96721608521693,0.19565423858119857,9.938708100963355,9.941869870190974,19.87741620192671,1.0189518427244455,0.0037734244116924918,0.01662344597832725,0.008311722989163625,1.0119999647140503,1.0210000276565552,4373,1.0189518427244455,0.9938708100963355,-0.03305167270286802,0.03305167270286802
103,180,20,500,0,0.5,103_180_20_500_0,valid,,4.408969,True,True,8659.596436771526,0.001434999999999853,0.32641031315980407,8659.596436771526,0.001434999999999853,0.32641031315980407,100.01968194143637,0.012162000000000006,0.08917487695631557,0.31987,0.5,90.0,0.0,9.99947759287425,10.081442709566936,19.9989551857485,0.5359528312573771,0.002936018358073271,0.009553976429091978,0.004776988214545989,0.5350000262260437,0.5450000166893005,4381,1.0719056625147543,0.999947759287425,-0.00026775791980071517,0.00026775791980071517
103,180,20,500,1,0.5,103_180_20_500_1,valid,,3.4419439999999994,True,True,8617.491281630104,0.0014529999999999994,0.3670497797898415,8617.491281630104,0.0014529999999999994,0.3670497797898415,100.01522057027329,0.012755000000000294,0.0924624887716452,1.288985,0.5,90.0,0.0,9.791437708238591,9.73148984607244,19.582875416477183,0.5335973492031694,0.0034726557023896073,-0.009938668874679502,-0.004969334437339751,0.5249999761581421,0.5350000262260437,4340,1.0671946984063387,0.9791437708238592,-0.00026775791980071517,0.00026775791980071517
103,180,20,1000,0,1.0,103_180_20_1000_0,valid,,4.080401,True,True,8645.477601156505,0.0013739999999999863,0.3460617540491382,8645.477601156505,0.0013739999999999863,0.3460617540491382,99.99247044650252,0.012655999999999779,0.0935608379612585,0.650272016,0.5,90.0,0.0,9.825924768126558,9.747059682759161,19.651849536253117,1.0119999647140503,0.0,0.0,0.0,1.0119999647140503,1.0119999647140503,4303,1.0119999647140503,0.9825924768126558,-0.00026775791980071517,0.00026775791980071517
103,180,20,1000,1,1.0,103_180_20_1000_1,valid,,3.6890160000000005,True,True,8673.792836805984,0.0011820000000000164,0.33586945923175154,8673.792836805984,0.0011820000000000164,0.33586945923175154,100.02462461892682,0.01247200000000026,0.09244269080880349,0.320652964,0.5,90.0,0.0,9.856778483316099,9.873667619468371,19.713556966632197,1.0142126835408383,0.0038753688996965518,0.02002450254819503,0.010012251274097515,1.0119999647140503,1.0210000276565552,4330,1.0142126835408383,0.9856778483316099,-0.00026775791980071517,0.00026775791980071517
103,225,20,500,0,0.5,103_225_20_500_0,valid,,2.340649,True,True,8642.983733720444,0.0013609999999997235,0.34418863716547893,8642.983733720444,0.0013609999999997235,0.34418863716547893,99.9873322822049,0.012333999999999623,0.09312714340923767,2.329174,0.5,44.9591537747839,0.2605617035232939,10.075469080721575,10.026784346290247,20.15093816144315,0.4976271399419976,0.0036910505542112272,0.016348638302725975,0.008174319151362987,0.4959999918937683,0.5059999823570251,4351,0.9952542798839952,1.0075469080721575,-0.04111398313580139,0.04111398313580139
103,225,20,500,1,0.5,103_225_20_500_1,valid,,4.39006,True,True,8642.96727849248,0.001499,0.3561548784079101,8642.96727849248,0.001499,0.3561548784079101,100.01300999113371,0.012324000000000002,0.09060186488289054,0.269953,0.5,45.013531841603545,0.20962680899980338,9.775851183438963,9.802136361629724,19.551702366877926,0.5041908589553816,0.007782747307478479,-0.048429546391258134,-0.024214773195629067,0.4959999918937683,0.5249999761581421,4313,1.0083817179107633,0.9775851183438963,0.013264083683793615,0.013264083683793615
103,225,20,1000,0,1.0,103_225_20_1000_0,valid,,4.3898,True,True,8637.971728726192,0.00138299999999969,0.36415363190179223,8637.971728726192,0.00138299999999969,0.36415363190179223,100.01066641826873,0.012151000000000023,0.09284953412475243,0.300803,0.5,45.01708206860872,0.14428147752582698,9.890022446218625,9.771521017470016,19.78004489243725,0.9990296849832967,0.007329210539777101,-0.04628507267548629,-0.023142536337743144,0.9919999837875366,1.0186317253793993,4300,0.9990296849832967,0.9890022446218625,0.016814310688914702,0.016814310688914702
103,225,20,1000,1,1.0,103_225_20_1000_1,valid,,2.280011,True,True,8644.792721447247,0.0015370000000000106,0.3545217305427009,8644.792721447247,0.0015370000000000106,0.3545217305427009,99.997948249269,0.012273000000000422,0.09277566059684222,0.289138,0.5,45.04120313332585,0.29134561803523695,10.036089041003388,10.116051713092952,20.072178082006776,0.9952845870150918,0.005815386810493242,-0.030274670594744812,-0.015137335297372406,0.9919999837875366,1.0119999647140503,4327,0.9952845870150918,1.0036089041003389,0.040935375406093044,0.040935375406093044
103,270,20,500,0,0.5,103_270_20_500_0,valid,,4.029133,True,True,8632.621423518609,0.0012059999999999849,0.345240591418038,8632.621423518609,0.0012059999999999849,0.345240591418038,100.00461868720843,0.01237499999999958,0.0885278609720395,0.300219,0.5,0.0,0.0,9.702920162006299,9.748172798598908,19.405840324012598,0.5081244631666573,0.00435814792407557,-0.020648797709898106,-0.010324398854949053,0.5059999823570251,0.5249999761581421,4302,1.0162489263333145,0.9702920162006299,-0.00026775791980071517,0.00026775791980071517
103,270,20,500,1,0.5,103_270_20_500_1,valid,,1.7402330000000001,True,True,8648.300449119035,0.0013130000000001196,0.3334105516277748,8648.300449119035,0.0013130000000001196,0.3334105516277748,99.9970400876134,0.012662999999999869,0.09080726620599823,1.360838075,0.5,0.0,0.0,9.895701789926196,9.986109649379804,19.791403579852393,0.5094797675384403,0.004763288120567271,-0.02722671874177084,-0.01361335937088542,0.5059999823570251,0.515999972820282,4374,1.0189595350768805,0.9895701789926197,-0.00026775791980071517,0.00026775791980071517
103,270,20,1000,0,1.0,103_270_20_1000_0,valid,,1.6603340000000002,True,True,8687.037993590326,0.0013410000000000366,0.32884643833426513,8687.037993590326,0.0013410000000000366,0.32884643833426513,99.99845998264914,0.012442999999999982,0.094245091391329,0.719889722,0.5,0.0,0.0,9.984647144624143,10.196294569786463,19.969294289248285,1.0022336540279388,0.0015106916643256882,-0.0022842187567772257,-0.0011421093783886129,1.0019999742507935,1.0119999647140503,4364,1.0022336540279388,0.9984647144624142,-0.00026775791980071517,0.00026775791980071517
103,270,20,1000,1,1.0,103_270_20_1000_1,valid,,3.049795,True,True,8638.885713386318,0.0013359999999997818,0.3661718550154796,8638.885713386318,0.0013359999999997818,0.3661718550154796,100.01373632644152,0.012374000000000107,0.0876124035769249,0.280544,0.5,0.0,0.0,9.870011249394926,9.890335209079893,19.740022498789852,1.0160002323819781,0.007532492153446669,-0.03826948637048247,-0.019134743185241235,1.0119999647140503,1.0410000085830688,4330,1.0160002323819781,0.9870011249394925,-0.00026775791980071517,0.00026775791980071517
103,315,20,500,0,0.5,103_315_20_500_0,valid,,2.9102960000000007,True,True,8669.729369159153,0.0013329999999998066,0.3597429735767594,8669.729369159153,0.0013329999999998066,0.3597429735767594,99.98016361624062,0.012313000000000018,0.08684162823994955,1.768743,0.5,-45.040891773413215,0.22910152950319684,10.021399876267042,10.066571149877644,20.042799752534084,0.5238637181767343,0.002989187753391615,0.010724864491926157,0.005362432245963078,0.515999972820282,0.5249999761581421,4354,1.0477274363534685,1.002139987626704,-0.04115953133293715,0.04115953133293715
103,315,20,500,1,0.5,103_315_20_500_1,valid,,4.38969,True,True,8662.949075217724,0.0012010000000000076,0.3374315878663099,8662.949075217724,0.0012010000000000076,0.3374315878663099,100.0317665749742,0.012863999999999987,0.09223459083426892,0.290746361,0.5,-44.98914576008318,0.18104404894451845,9.851324033623765,9.848394819770455,19.70264806724753,0.5062553648934732,0.0015775305667529052,-0.002986326963765748,-0.001493163481882874,0.5059999823570251,0.515999972820282,4310,1.0125107297869465,0.9851324033623765,0.010586481997052033,0.010586481997052033
103,315,20,1000,0,1.0,103_315_20_1000_0,valid,,4.379163999999999,True,True,8647.341955568945,0.0013210000000000166,0.3406897704137535,8647.341955568945,0.0013210000000000166,0.3406897704137535,99.98784578880532,0.012618000000000018,0.0944104122664181,0.300615171,0.5,-44.99691828978831,0.310492987123402,10.044764227451388,10.06763915465023,20.089528454902776,1.0128009852380375,0.002562733160958238,-0.008756739837718014,-0.004378369918859007,1.0119999647140503,1.0210000276565552,4334,1.0128009852380375,1.0044764227451388,0.002813952291944588,0.002813952291944588
103,315,20,1000,1,1.0,103_315_20_1000_1,valid,,3.5099180000000003,True,True,8672.967321541668,0.0011879999999999669,0.32126050636075104,8672.967321541668,0.0011879999999999669,0.32126050636075104,100.00630121003559,0.012739999999999974,0.09480542986300902,1.159766077,0.5,-45.00048353654176,0.2755904706732508,9.90073582495561,10.062462731441697,19.80147164991122,0.9824619644237094,0.0020991163121390297,0.00528755283895038,0.00264377641947519,0.9819999933242798,0.9919999837875366,4332,0.9824619644237094,0.9900735824955611,-0.0007512944614518346,0.0007512944614518346
103,0,40,500,0,0.5,103_0_40_500_0,valid,,2.130629,True,True,8620.502438829852,0.002045,0.3821575619481597,8620.502438829852,0.002045,0.3821575619481597,100.01699893657816,0.012423000000000073,0.09305360519217368,0.339914629,0.5,-90.0,0.0,19.770868371561487,19.83885926218526,39.541736743122975,0.5393411646660076,0.004956395872444447,0.0294790563077459,0.01473952815387295,0.5350000262260437,0.5450000166893005,4331,1.0786823293320151,0.9885434185780744,-0.00026775791974387175,0.00026775791974387175
103,0,40,500,1,0.5,103_0_40_500_1,valid,,1.448874,True,True,8520.796953407063,0.001259999999999999,0.3635333139420552,8520.796953407063,0.001259999999999999,0.3635333139420552,100.01332238531012,0.012255000000000127,0.09555207218137864,1.010264678,0.5,-90.0,0.0,19.79205601488136,19.91974734754649,39.58411202976272,0.5620612561923197,0.010226346827704597,0.0635870659894106,0.0317935329947053,0.5450000166893005,0.5740000009536743,4186,1.1241225123846394,0.989602800744068,-0.00026775791974387175,0.00026775791974387175
103,0,40,1000,0,1.0,103_0_40_1000_0,valid,,2.16915,True,True,8625.260204472625,0.0010510000000001352,0.351631197239147,8625.260204472625,0.0010510000000001352,0.351631197239147,100.02867488680089,0.01258400000000015,0.09260217597496753,0.329569,0.5,-90.0,0.0,19.532812022968166,19.521077737107138,39.06562404593633,1.0228463661757479,0.003880000213455668,0.01806529693112044,0.00903264846556022,1.0210000276565552,1.031000018119812,4358,1.0228463661757479,0.9766406011484083,-0.00026775791974387175,0.00026775791974387175
103,0,40,1000,1,1.0,103_0_40_1000_1,valid,,2.149231,True,True,8638.82749050546,0.0012639999999999318,0.3426761957636934,8638.82749050546,0.0012639999999999318,0.3426761957636934,99.98125841508924,0.012359000000000009,0.08945874575626997,0.330439389,0.5,-90.0,0.0,19.829448395087585,19.87915502275739,39.65889679017517,1.0509999990463255,2.2204460492503128e-16,3.6977848188110473e-31,1.8488924094055236e-31,1.0509999990463257,1.0509999990463257,4364,1.0509999990463255,0.9914724197543793,-0.00026775791974387175,0.00026775791974387175
103,45,40,500,0,0.5,103_45_40_500_0,valid,,2.1286430000000003,True,True,8621.415966585377,0.0013449999999997075,0.3451023867767012,8621.415966585377,0.0013449999999997075,0.3451023867767012,100.03445201976895,0.01230399999999987,0.09172855669486095,0.290888354,0.5,-134.98355956776257,0.07146989177710736,19.736780862859828,19.938964799185133,39.473561725719655,0.5546078587665395,0.009557496153366884,0.062373695372291336,0.031186847686145668,0.5350000262260437,0.5649999976158142,4282,1.109215717533079,0.9868390431429914,0.016172674317687097,0.016172674317687097
103,45,40,500,1,0.5,103_45_40_500_1,valid,,2.131657,True,True,8648.897065851825,0.0012880000000000669,0.33673736476792304,8648.897065851825,0.0012880000000000669,0.33673736476792304,99.97874015295598,0.012401999999999802,0.09685193590579687,0.288992,0.5,-135.00473406436726,0.11392789607117493,19.736788290043386,19.87235886954299,39.47357658008677,0.5518403635137747,0.011637960483772407,0.07696507369293783,0.038482536846468914,0.5249999761581421,0.5649999976158142,4265,1.1036807270275495,0.9868394145021693,-0.005001822286999413,0.005001822286999413
103,45,40,1000,0,1.0,103_45_40_1000_0,valid,,2.119252,True,True,8651.17188604026,0.00148,0.3666362739082748,8651.17188604026,0.00148,0.3666362739082748,99.99563237467787,0.01214399999999971,0.08846411068897664,0.31067372,0.5,-135.00342328718583,0.1277363210371334,19.87639141158433,19.894904645721457,39.75278282316866,1.049178217092333,0.015364947744123562,0.104113944019687,0.0520569720098435,1.0210000276565552,1.0700000524520874,4338,1.049178217092333,0.9938195705792164,-0.0036910451055689464,0.0036910451055689464
103,45,40,1000,1,1.0,103_45_40_1000_1,valid,,1.2898129999999999,True,True,8647.660802056298,0.001592999999999999,0.3745676271938275,8647.660802056298,0.001592999999999999,0.3745676271938275,99.98669378599806,0.012554000000000176,0.08671700572284162,1.120596562,0.5,-135.00975672382833,0.13361593777376868,19.922920286367287,19.529063108625465,39.84584057273457,1.090000033378601,0.0,0.0,0.0,1.090000033378601,1.090000033378601,4342,1.090000033378601,0.9961460143183644,-0.010024481748075686,0.010024481748075686
103,90,40,500,0,0.5,103_90_40_500_0,valid,,1.861144,True,True,8638.420873345074,0.0013570000000000526,0.3595875652895379,8638.420873345074,0.0013570000000000526,0.3595875652895379,99.99725198391495,0.012212,0.09276590378348389,0.309218,0.5,180.0,0.0,19.83584725145655,19.835950155852736,39.6716945029131,0.5740939971753704,0.006449260076243347,0.03754543171119057,0.018772715855595284,0.5649999976158142,0.5839999914169312,4290,1.1481879943507407,0.9917923625728274,-0.00026775791980071517,0.00026775791980071517
103,90,40,500,1,0.5,103_90_40_500_1,valid,,2.130165,True,True,8679.319595584691,0.0010879999999999987,0.33081589865226774,8679.319595584691,0.0010879999999999987,0.33081589865226774,100.03065825136483,0.01251100000000005,0.09593792937504575,0.30033397,0.5,180.0,0.0,19.7349753269844,19.808973986993298,39.4699506539688,0.5624311061584152,0.00789314641892685,0.05087908415304754,0.02543954207652377,0.5450000166893005,0.5740000009536743,4336,1.1248622123168304,0.98674876634922,-0.00026775791980071517,0.00026775791980071517
103,90,40,1000,0,1.0,103_90_40_1000_0,valid,,1.9990720000000002,True,True,8612.6157249668,0.0010099999999999554,0.3376750598657624,8612.6157249668,0.0010099999999999554,0.3376750598657624,99.97984533276626,0.012409000000000114,0.10114589330611432,0.310554,0.5,180.0,0.0,20.055614296580746,20.356304595385627,40.11122859316149,1.0584640160799923,0.007380999997598926,0.04736313819645909,0.023681569098229546,1.0509999990463257,1.0700000524520874,4283,1.0584640160799923,1.0027807148290373,-0.00026775791980071517,0.00026775791980071517
103,90,40,1000,1,1.0,103_90_40_1000_1,valid,,2.1307810000000003,True,True,8592.881774009384,0.0011649999999999716,0.34080698585699487,8592.881774009384,0.0011649999999999716,0.34080698585699487,100.0482293563653,0.012083999999999984,0.0870689176847657,0.310273321,0.5,180.0,0.0,20.02788518016032,19.939998626708984,40.05577036032064,1.0791601954296781,0.015574163212901925,0.10451835408894372,0.05225917704447186,1.0509999990463257,1.100000023841858,4248,1.0791601954296781,1.001394259008016,-0.00026775791980071517,0.00026775791980071517
103,135,40,500,0,0.5,103_135_40_500_0,valid,,2.120195,True,True,8667.018791435785,0.0013410000000000366,0.32703234096768347,8667.018791435785,0.0013410000000000366,0.32703234096768347,100.0144848564275,0.012180999999999997,0.08697026552773691,0.319896876,0.5,135.0004439375048,0.12284192138852745,19.771517111037273,19.77961948393605,39.543034222074546,0.573578413797319,0.0019017229251375083,0.004648516039990398,0.002324258019995199,0.5649999976158142,0.5740000009536743,4302,1.147156827594638,0.9885758555518637,0.0001761795850825365,0.0001761795850825365
103,135,40,500,1,0.5,103_135_40_500_1,valid,,2.130213,True,True,8677.746276600432,0.0013199999999999878,0.3450092986949866,8677.746276600432,0.0013199999999999878,0.3450092986949866,100.00415401870539,0.01266300000000009,0.0906687041520096,0.31879,0.5,134.99704622971277,0.1527018739107291,19.86707973225489,19.873833445580843,39.73415946450978,0.5649999976158142,0.0,0.0,0.0,0.5649999976158142,0.5649999976158142,4310,1.1299999952316284,0.9933539866127445,-0.0032215282069500972,0.0032215282069500972
103,135,40,1000,0,1.0,103_135_40_1000_0,valid,,2.110503,True,True,8608.282086314079,0.0023289999999999977,0.3815016257919937,8608.282086314079,0.0023289999999999977,0.3815016257919937,99.9818735152978,0.012143000000000015,0.08570220081261827,0.289946,0.5,134.9919897938974,0.09526961516366012,19.92429612004678,20.055797494370147,39.84859224009356,1.0514219006439687,0.004227950402667175,0.019205668935940907,0.009602834467970453,1.0410000085830688,1.0609999895095825,4321,1.0514219006439687,0.996214806002339,-0.008277964022340711,0.008277964022340711
103,135,40,1000,1,1.0,103_135_40_1000_1,valid,,2.1094670000000004,True,True,8620.778847535566,0.0013320000000001109,0.35595785783818973,8620.778847535566,0.0013320000000001109,0.35595785783818973,100.02288985363958,0.01221300000000003,0.08518303769148891,0.309820864,0.5,134.98767097624935,0.12981345285707846,19.968852442863874,19.931891298642093,39.93770488572775,1.0593480581235353,0.007570876240708262,0.04915229814453862,0.02457614907226931,1.0509999990463257,1.0700000524520874,4277,1.0593480581235353,0.9984426221431937,-0.012596781670367818,0.012596781670367818
103,180,40,500,0,0.5,103_180_40_500_0,valid,,2.128835,True,True,8605.499092613603,0.001607000000000025,0.4137414126634589,8605.499092613603,0.001607000000000025,0.4137414126634589,100.01932448835399,0.012714000000000003,0.08933974212500577,0.330851234,0.5,90.0,0.0,19.743731634612445,19.772986006863338,39.48746326922489,0.5649999976158143,1.1102230246251565e-16,1.479113408091304e-31,7.39556704045652e-32,0.5649999976158142,0.5649999976158142,4196,1.1299999952316286,0.9871865817306222,-0.00026775791980071517,0.00026775791980071517
103,180,40,500,1,0.5,103_180_40_500_1,valid,,1.590057,True,True,8645.451930246165,0.0013130000000001196,0.3499316911151207,8645.451930246165,0.0013130000000001196,0.3499316911151207,99.99984313750097,0.012275999999999954,0.09764849187482703,0.589555,0.5,90.0,0.0,20.14278690462819,20.404793405466073,40.28557380925638,0.5173296326782619,0.003832303756004225,-0.016794057265868204,-0.008397028632934102,0.5059999823570251,0.5249999761581421,4355,1.0346592653565239,1.0071393452314095,-0.00026775791980071517,0.00026775791980071517
103,180,40,1000,0,1.0,103_180_40_1000_0,valid,,2.087972,True,True,8611.442419454088,0.0011680000000000579,0.3406599259960505,8611.442419454088,0.0011680000000000579,0.3406599259960505,99.9696289986426,0.012396000000000018,0.09526358164781272,0.340855,0.5,90.0,0.0,19.769928976819294,19.828945953367466,39.53985795363859,1.0609999895095825,0.0,0.0,0.0,1.0609999895095825,1.0609999895095825,4332,1.0609999895095825,0.9884964488409647,-0.00026775791980071517,0.00026775791980071517
103,180,40,1000,1,1.0,103_180_40_1000_1,valid,,2.139756,True,True,8630.484548554005,0.0009439999999999449,0.3464057391834987,8630.484548554005,0.0009439999999999449,0.3464057391834987,99.99325535689358,0.012548000000000004,0.09220505683477467,0.320795,0.5,90.0,0.0,19.638796907805695,19.693531215337593,39.27759381561139,1.0509999990463257,0.0,0.0,0.0,1.0509999990463257,1.0509999990463257,4262,1.0509999990463257,0.9819398453902848,-0.00026775791980071517,0.00026775791980071517
103,225,40,500,0,0.5,103_225_40_500_0,valid,,2.111808,True,True,8598.4102263922,0.0010939999999999284,0.33290175684907763,8598.4102263922,0.0010939999999999284,0.33290175684907763,100.00601568753369,0.012604000000000004,0.10001349182704876,0.31915,0.5,44.99384568937883,0.15245621181916238,19.829237817623667,20.006433444735006,39.658475635247335,0.5124859961714745,0.0047740654674834435,0.021639956964949907,0.010819978482474953,0.5059999823570251,0.515999972820282,4345,1.024971992342949,0.9914618908811834,-0.006422068540928194,0.006422068540928194
103,225,40,500,1,0.5,103_225_40_500_1,valid,,1.338648,True,True,8577.935290250729,0.0022119999999999918,0.40336661315127964,8577.935290250729,0.0022119999999999918,0.40336661315127964,100.0208822223571,0.012033999999999878,0.08584550617065399,1.07047647,0.5,45.02161793191285,0.07253206801134127,20.095768705124833,20.241359663100916,40.191537410249666,0.5249999761581421,0.0,0.0,0.0,0.5249999761581421,0.5249999761581421,4341,1.0499999523162842,1.0047884352562417,0.021350173993141652,0.021350173993141652
103,225,40,1000,0,1.0,103_225_40_1000_0,valid,,2.1294969999999998,True,True,8643.797476846697,0.0011199999999997878,0.3544557485203064,8643.797476846697,0.0011199999999997878,0.3544557485203064,100.03401920271361,0.012248999999999954,0.08899212980469103,0.300426346,0.5,45.00111777478304,0.06602981799976249,19.925821944689865,19.93631223668418,39.85164388937973,1.0432575125901433,0.005540354735068865,-0.023506793082603325,-0.011753396541301663,1.0410000085830688,1.0609999895095825,4305,1.0432575125901433,0.9962910972344933,0.0008500168632963323,0.0008500168632963323
103,225,40,1000,1,1.0,103_225_40_1000_1,valid,,2.1210269999999998,True,True,8661.45501262706,0.001326999999999967,0.33154426868990644,8661.45501262706,0.001326999999999967,0.33154426868990644,99.96556741566795,0.012356000000000034,0.0989552221807042,0.309696,0.5,45.02358235366734,0.10804654711486986,20.14960986696342,20.083215276662877,40.29921973392684,1.021000027656555,2.2204460492503128e-16,2.9582279105227648e-31,1.4791139552613824e-31,1.0210000276565552,1.0210000276565552,4357,1.021000027656555,1.007480493348171,0.023314595747592648,0.023314595747592648
103,270,40,500,0,0.5,103_270_40_500_0,valid,,1.8311070000000003,True,True,8579.86802754432,0.0013140000000000374,0.37489850516078665,8579.86802754432,0.0013140000000000374,0.37489850516078665,99.98491002649416,0.012118999999999991,0.0947649347721007,0.279759,0.5,0.0,0.0,19.47580004671526,19.483107165414232,38.95160009343052,0.5194865185162711,0.0071104310705807205,-0.0340649663236999,-0.01703248316184995,0.515999972820282,0.5450000166893005,4245,1.0389730370325423,0.9737900023357631,-0.00026775791980071517,0.00026775791980071517
103,270,40,500,1,0.5,103_270_40_500_1,valid,,2.131108,True,True,8643.005704834497,0.0010489999999999996,0.32978584359319374,8643.005704834497,0.0010489999999999996,0.32978584359319374,99.96794131537128,0.012589999999999879,0.09222741659237761,0.299087,0.5,0.0,0.0,19.46025683148842,19.572246723509988,38.92051366297684,0.5380506976931358,0.008678310865145235,-0.054224617783232926,-0.027112308891616463,0.5249999761581421,0.5649999976158142,4293,1.0761013953862717,0.9730128415744209,-0.00026775791980071517,0.00026775791980071517
103,270,40,1000,0,1.0,103_270_40_1000_0,valid,,2.1209800000000003,True,True,8645.478720843863,0.0014040000000000025,0.33333050448110857,8645.478720843863,0.0014040000000000025,0.33333050448110857,100.02326467044927,0.012240999999999946,0.09057575817714228,0.330175071,0.5,0.0,0.0,19.96690390637896,19.984952012621587,39.93380781275792,1.0222424550516829,0.003298580947983964,-0.01305677560573632,-0.00652838780286816,1.0210000276565552,1.031000018119812,4309,1.0222424550516829,0.9983451953189479,-0.00026775791980071517,0.00026775791980071517
103,270,40,1000,1,1.0,103_270_40_1000_1,valid,,2.098977,True,True,8606.493779327104,0.0015140000000000153,0.37857936466387665,8606.493779327104,0.0015140000000000153,0.37857936466387665,100.01492589161207,0.012346000000000003,0.09131584988826287,0.330915,0.5,0.0,0.0,19.9534457070908,19.672691262987296,39.9068914141816,1.0340409041797944,0.005729957321831155,-0.02883569010227007,-0.014417845051135036,1.031000018119812,1.0509999990463257,4312,1.0340409041797944,0.99767228535454,-0.00026775791980071517,0.00026775791980071517
103,315,40,500,0,0.5,103_315_40_500_0,valid,,2.129057,True,True,8584.425710919893,0.0012020000000001474,0.35210237318797055,8584.425710919893,0.0012020000000001474,0.35210237318797055,100.00061303057797,0.012089000000000016,0.09261417925053561,0.280674,0.5,-44.98108709183506,0.09919787891612941,19.793231346083488,19.723241840399037,39.586462692166975,0.5289074657220244,0.004879202453964895,-0.010484923391938687,-0.005242461695969343,0.5249999761581421,0.5350000262260437,4248,1.0578149314440488,0.9896615673041744,0.018645150245220066,0.018645150245220066
103,315,40,500,1,0.5,103_315_40_500_1,valid,,2.110088,True,True,8616.652402587828,0.0011379999999998613,0.32890359321182605,8616.652402587828,0.0011379999999998613,0.32890359321182605,100.03932580393672,0.012348999999999943,0.09072209964703826,0.310095,0.5,-45.00667435843055,0.10467233916905627,20.082519608202393,20.315098162432612,40.165039216404786,0.5363403635277972,0.003406883642364484,-0.009206139430536964,-0.004603069715268482,0.5350000262260437,0.5450000166893005,4299,1.0726807270555945,1.0041259804101197,-0.006942116350273864,0.006942116350273864
103,315,40,1000,0,1.0,103_315_40_1000_0,valid,,2.131567,True,True,8569.39673649124,0.0009510000000000352,0.3252718488723153,8569.39673649124,0.0009510000000000352,0.3252718488723153,99.9856294418521,0.012262999999999913,0.09581649343162442,0.269475722,0.5,-45.005152685161214,0.13341565611941064,19.729723266674416,19.754748435413678,39.45944653334883,1.022032752231671,0.0030431424308243775,-0.01111286837691687,-0.005556434188458435,1.0210000276565552,1.031000018119812,4225,1.022032752231671,0.9864861633337207,-0.005420443080993209,0.005420443080993209
103,315,40,1000,1,1.0,103_315_40_1000_1,valid,,1.9504340000000002,True,True,8667.136946864694,0.0011020000000001584,0.34119592417611333,8667.136946864694,0.0011020000000001584,0.34119592417611333,100.06125887757239,0.012402000000000024,0.09315742584250754,0.298553855,0.5,-44.99255889602256,0.11022934456478595,19.952543058769045,20.00133840167071,39.90508611753809,1.0359562162932086,0.004999803409534934,-0.029734270376066116,-0.014867135188033058,1.031000018119812,1.0410000085830688,4313,1.0359562162932086,0.9976271529384523,0.007173346057697927,0.007173346057697927
103,0,60,500,0,0.5,103_0_60_500_0,valid,,1.379656,True,True,8606.580491349341,0.0012250000000000316,0.3598515579660783,8606.580491349341,0.0012250000000000316,0.3598515579660783,100.02632560987205,0.012009999999999965,0.08844199847352122,0.360669068,0.5,-90.0,0.0,29.79601999462204,29.818915128055487,59.59203998924408,0.5231134531402258,0.006827011766019571,0.04329803608693024,0.02164901804346512,0.515999972820282,0.5350000262260437,4293,1.0462269062804517,0.9932006664874014,-0.00026775791974387175,0.00026775791974387175
103,0,60,500,1,0.5,103_0_60_500_1,valid,,1.4098950000000001,True,True,8625.394671740229,0.0010529999999999706,0.34620506391639916,8625.394671740229,0.0010529999999999706,0.34620506391639916,99.97103112166361,0.012285000000000101,0.09621318815157102,0.350615,0.5,-90.0,0.0,30.24122408120025,30.392764843528507,60.4824481624005,0.5497643102857117,0.00499443661041592,0.02993330045201849,0.014966650226009246,0.5450000166893005,0.5550000071525574,4287,1.0995286205714234,1.008040802706675,-0.00026775791974387175,0.00026775791974387175
103,0,60,1000,0,1.0,103_0_60_1000_0,valid,,0.7997750000000001,True,False,8636.390913057088,0.0013600000000000279,0.35175268535263937,8636.390913057088,0.0013600000000000279,0.35175268535263937,100.06368183229654,0.01242500000000013,0.08667351679479224,0.349745,0.5,-90.0,0.0,29.87490430990373,29.889879426622947,59.74980861980746,1.0487756843475995,0.004158791879329195,0.02062258684356676,0.01031129342178338,1.0410000085830688,1.0509999990463257,4335,1.0487756843475995,0.9958301436634577,-0.00026775791974387175,0.00026775791974387175
103,0,60,1000,1,1.0,103_0_60_1000_1,valid,,1.3488449999999998,True,True,8625.166970439319,0.0010479999999999379,0.33042548132181004,8625.166970439319,0.0010479999999999379,0.33042548132181004,100.05671786521273,0.011929999999999996,0.08201699768882333,0.400232858,0.5,-90.0,0.0,29.650225778021447,30.074781538030244,59.300451556042894,1.04400478287749,0.0045846532832960075,0.025222876444077415,0.012611438222038708,1.0410000085830688,1.0509999990463257,4362,1.04400478287749,0.9883408592673816,-0.00026775791974387175,0.00026775791974387175
103,45,60,500,0,0.5,103_45_60_500_0,valid,,1.059685,True,True,8607.730077017975,0.0014049999999998786,0.3869576738370404,8607.730077017975,0.0014049999999998786,0.3869576738370404,100.11056166425558,0.012679000000000107,0.09347612985405586,0.620097032,0.5,-134.99635372926198,0.08356008746595904,29.56020335349724,29.502724436697825,59.12040670699448,0.5715330820387601,0.004014547239191027,0.0035116800671026053,0.0017558400335513026,0.5649999976158142,0.5740000009536743,4344,1.1430661640775202,0.9853401117832413,0.0033785128182728386,0.0033785128182728386
103,45,60,500,1,0.5,103_45_60_500_1,valid,,1.429688,True,True,8652.289808642894,0.0013960000000000083,0.36364474234433974,8652.289808642894,0.0013960000000000083,0.36364474234433974,99.97758929318653,0.012442999999999982,0.08993596827074661,0.350711,0.5,-135.0070222858764,0.1056378400712532,30.158952402458965,31.01674925582431,60.31790480491793,0.5791633656727828,0.007330072249158425,0.041733494704451896,0.020866747352225948,0.5649999976158142,0.5839999914169312,4338,1.1583267313455656,1.005298413415299,-0.007290043796132295,0.007290043796132295
103,45,60,1000,0,1.0,103_45_60_1000_0,valid,,1.3698480000000002,True,True,8669.045280743698,0.0013319999999998888,0.34052695912827635,8669.045280743698,0.0013319999999998888,0.34052695912827635,100.00132598443292,0.012387999999999955,0.08953153166023717,0.308982827,0.5,-134.99612097751634,0.07114701070827323,29.65257676645823,29.511956165286115,59.30515353291646,1.0550380972792468,0.015066299264964127,0.09765448680638755,0.048827243403193776,1.0210000276565552,1.0700000524520874,4333,1.0550380972792468,0.9884192255486076,0.0036112645639150287,0.0036112645639150287
103,45,60,1000,1,1.0,103_45_60_1000_1,valid,,1.370074,True,True,8637.148879191673,0.001363000000000003,0.3599968198271456,8637.148879191673,0.001363000000000003,0.3599968198271456,99.98445267934777,0.011981999999999937,0.09359905022578206,0.301093,0.5,-134.9965650660913,0.05863186251995382,29.960917521682298,29.99806671318378,59.921835043364595,1.0675592830516378,0.012269355028998891,0.078239620441096,0.039119810220548,1.0410000085830688,1.0800000429153442,4371,1.0675592830516378,0.9986972507227433,0.0031671759889491113,0.0031671759889491113
103,90,60,500,0,0.5,103_90_60_500_0,valid,,1.368662,True,True,8646.755091358573,0.001403000000000043,0.36294097932931463,8646.755091358573,0.001403000000000043,0.36294097932931463,99.9672085585113,0.012268999999999974,0.09386826551066094,0.300879,0.5,180.0,0.0,29.64997096461725,29.767404972628484,59.2999419292345,0.5691090069424242,0.010860833063286147,0.07257895572443741,0.03628947786221871,0.5450000166893005,0.5839999914169312,4336,1.1382180138848483,0.9883323654872417,-0.00026775791980071517,0.00026775791980071517
103,90,60,500,1,0.5,103_90_60_500_1,valid,,1.369906,True,True,8640.82931005974,0.0010649999999999826,0.342449768587816,8640.82931005974,0.0010649999999999826,0.342449768587816,100.08444283045367,0.012150000000000001,0.08809606499985533,0.299265661,0.5,180.0,0.0,29.60375469338857,29.72447216368213,59.20750938677714,0.5619562836051611,0.01202414885975668,0.07864989318497577,0.039324946592487885,0.5249999761581421,0.5740000009536743,4351,1.1239125672103223,0.9867918231129523,-0.00026775791980071517,0.00026775791980071517
103,90,60,1000,0,1.0,103_90_60_1000_0,valid,,1.350419,True,True,8694.63852722613,0.0011159999999999781,0.3296071494125594,8694.63852722613,0.0011159999999999781,0.3296071494125594,100.0037017944863,0.011962999999999946,0.09270287106821451,0.320271389,0.5,180.0,0.0,29.594051930074574,29.7400518202841,59.18810386014915,1.0758522860056599,0.012303675189984067,0.08102301228772678,0.04051150614386339,1.0509999990463257,1.090000033378601,4335,1.0758522860056599,0.9864683976691525,-0.00026775791980071517,0.00026775791980071517
103,90,60,1000,1,1.0,103_90_60_1000_1,valid,,1.1891459999999998,True,True,8664.635559379438,0.0011599999999999389,0.33912819185680404,8664.635559379438,0.0011599999999999389,0.33912819185680404,100.04613526444837,0.012628999999999998,0.0982435738723276,0.35020705,0.5,180.0,0.0,29.88120644962371,29.937537611467683,59.76241289924742,1.0466178293242694,0.01744677643507317,0.11855730136593422,0.05927865068296711,1.0210000276565552,1.0700000524520874,4351,1.0466178293242694,0.9960402149874571,-0.00026775791980071517,0.00026775791980071517
103,135,60,500,0,0.5,103_135_60_500_0,valid,,0.810805,True,False,8625.945427840063,0.0013279999999999959,0.36284217868824037,8625.945427840063,0.0013279999999999959,0.36284217868824037,100.01471719154527,0.012190000000000145,0.08346960500915226,0.849738004,0.5,134.99743739033323,0.1017977187364636,29.982952136018454,30.02408916176463,59.96590427203691,0.5649999976158142,0.0,0.0,0.0,0.5649999976158142,0.5649999976158142,4358,1.1299999952316284,0.9994317378672818,-0.002830367586511784,0.002830367586511784
103,135,60,500,1,0.5,103_135_60_500_1,valid,,1.3503159999999998,True,True,8662.366944575533,0.0015580000000000593,0.36018675564319275,8662.366944575533,0.0015580000000000593,0.36018675564319275,99.97619351414112,0.012246999999999897,0.09621478315416042,0.329732,0.5,134.99713321677453,0.06774606769680247,29.867920748186847,30.043950368227314,59.735841496373695,0.5646667072506242,0.008057105925980555,0.05248871197279429,0.026244355986397145,0.5550000071525574,0.5740000009536743,4312,1.1293334145012484,0.9955973582728949,-0.003134541145186631,0.003134541145186631
103,135,60,1000,0,1.0,103_135_60_1000_0,valid,,1.3400079999999999,True,True,8644.81642614601,0.0013400000000001189,0.3632681000479047,8644.81642614601,0.0013400000000001189,0.3632681000479047,99.95118406259041,0.012382999999999977,0.09217259284277937,0.350222,0.5,134.98317063454633,0.056663491935935895,29.79837978389133,29.444193999939074,59.59675956778266,1.0398387799105042,0.009406352876465733,0.0611547209472771,0.03057736047363855,1.0210000276565552,1.0509999990463257,4332,1.0398387799105042,0.993279326129711,-0.017097123373446266,0.017097123373446266
103,135,60,1000,1,1.0,103_135_60_1000_1,valid,,1.3498890000000001,True,True,8696.290162826162,0.0013319999999999999,0.3474307842123681,8696.290162826162,0.0013319999999999999,0.3474307842123681,99.98131927981876,0.012409000000000003,0.09487012654988225,0.339576,0.5,135.0019226992972,0.13136194471616136,29.89274966791106,29.461245337185897,59.78549933582212,1.0622004711164004,0.015558570786739988,0.09303129108723056,0.04651564554361528,1.0509999990463257,1.100000023841858,4347,1.0622004711164004,0.9964249889303686,0.0016549413774100685,0.0016549413774100685
103,180,60,500,0,0.5,103_180_60_500_0,valid,,1.370599,True,True,8616.825197198086,0.0013260000000000494,0.3398165769937228,8616.825197198086,0.0013260000000000494,0.3398165769937228,99.97969324365206,0.011911999999999923,0.0905509833655241,0.349611,0.5,90.0,0.0,29.690424044133167,29.685590303583478,59.38084808826633,0.5426084812700487,0.004265664042505419,0.021835086057250437,0.010917543028625219,0.5350000262260437,0.5450000166893005,4257,1.0852169625400974,0.9896808014711056,-0.00026775791980071517,0.00026775791980071517
103,180,60,500,1,0.5,103_180_60_500_1,valid,,1.3597920000000001,True,True,8641.70868922027,0.0014129999999999976,0.3589850192895399,8641.70868922027,0.0014129999999999976,0.3589850192895399,100.01313686067954,0.011958000000000135,0.08538181436629277,0.349765,0.5,90.0,0.0,29.457647171516534,29.550026355416392,58.91529434303307,0.5450000166893006,1.1102230246251565e-16,0.0,0.0,0.5450000166893005,0.5450000166893005,4282,1.0900000333786013,0.9819215723838844,-0.00026775791980071517,0.00026775791980071517
103,180,60,1000,0,1.0,103_180_60_1000_0,valid,,1.408642,True,True,8662.97212773024,0.0014689999999999426,0.3626105818371957,8662.97212773024,0.0014689999999999426,0.3626105818371957,100.08182826754376,0.012097000000000024,0.09278191573623872,0.350434237,0.5,90.0,0.0,29.732506645722783,29.80675022502856,59.465013291445565,1.0448754196271852,0.004871884924903817,0.02690965801865414,0.01345482900932707,1.0410000085830688,1.0509999990463257,4367,1.0448754196271852,0.991083554857426,-0.00026775791980071517,0.00026775791980071517
103,180,60,1000,1,1.0,103_180_60_1000_1,valid,,1.368925,True,True,8678.371716120339,0.0012530000000000041,0.33525855856584796,8678.371716120339,0.0012530000000000041,0.33525855856584796,100.01670549297152,0.012142000000000097,0.09262672927873934,0.341249,0.5,90.0,0.0,29.414738276759554,29.8267749806326,58.82947655351911,1.043255152552394,0.004179203735658099,0.02004202897726989,0.010021014488634945,1.0410000085830688,1.0509999990463257,4358,1.043255152552394,0.9804912758919851,-0.00026775791980071517,0.00026775791980071517
103,225,60,500,0,0.5,103_225_60_500_0,valid,,1.371862,True,True,8621.055582776755,0.0013090000000000046,0.35415520694517805,8621.055582776755,0.0013090000000000046,0.35415520694517805,99.9875278715234,0.012528000000000095,0.09704920148648513,0.32921,0.5,45.00015059362392,0.06293238945620772,29.76558537316901,29.854158239946834,59.53117074633802,0.5169815128963089,0.002805430989997578,0.010493920435975216,0.005246960217987608,0.515999972820282,0.5249999761581421,4319,1.0339630257926178,0.9921861791056337,-0.00011716429582975252,0.00011716429582975252
103,225,60,500,1,0.5,103_225_60_500_1,valid,,1.369841,True,True,8689.78521335697,0.0013480000000000159,0.3423717546921248,8689.78521335697,0.0013480000000000159,0.3423717546921248,100.01094856700102,0.011964000000000086,0.08604765022416343,0.328887,0.5,44.99952757610628,0.07692192133181663,29.786676475758888,29.893060089814302,59.573352951517776,0.5363572194117221,0.003424900811750592,0.014075945425572941,0.0070379727127864705,0.5350000262260437,0.5450000166893005,4338,1.0727144388234442,0.9928892158586297,-0.0007401818133985216,0.0007401818133985216
103,225,60,1000,0,1.0,103_225_60_1000_0,valid,,1.371903,True,True,8654.945605277337,0.0012160000000001059,0.3407639904145279,8654.945605277337,0.0012160000000001059,0.3407639904145279,99.95012905019266,0.012207000000000023,0.09209032437981673,0.298778,0.5,45.0040294942194,0.08192452756975399,30.009545539383122,30.064469835365795,60.019091078766245,1.014584361194594,0.0061706409395439615,-0.02671908165165648,-0.01335954082582824,1.0119999647140503,1.0410000085830688,4320,1.014584361194594,1.000318184646104,0.0037617362996797965,0.0037617362996797965
103,225,60,1000,1,1.0,103_225_60_1000_1,valid,,1.361197,True,True,8702.381011856487,0.0012699999999999934,0.33828437661555333,8702.381011856487,0.0012699999999999934,0.33828437661555333,100.07628036481141,0.012110999999999983,0.08912760989241841,0.328959127,0.5,45.00114942943956,0.06195421140120061,29.770830206989736,29.853691685022895,59.54166041397947,1.0172448706806294,0.004437955072831909,0.026260406946663217,0.013130203473331608,1.0119999647140503,1.0210000276565552,4377,1.0172448706806294,0.9923610068996579,0.0008816715198918246,0.0008816715198918246
103,270,60,500,0,0.5,103_270_60_500_0,valid,,1.3603109999999998,True,True,8674.71659557821,0.0013170000000000126,0.3525203684152316,8674.71659557821,0.0013170000000000126,0.3525203684152316,100.0312597686777,0.011952999999999991,0.09226136643969775,0.3297,0.5,0.0,0.0,29.893661724550643,30.306613723469972,59.78732344910129,0.5270777465610503,0.004057176137596879,-0.019752713426344493,-0.009876356713172246,0.5249999761581421,0.5350000262260437,4362,1.0541554931221007,0.9964553908183548,-0.00026775791980071517,0.00026775791980071517
103,270,60,500,1,0.5,103_270_60_500_1,valid,,1.379604,True,True,8648.48676093937,0.0010730000000001017,0.3428147114068555,8648.48676093937,0.0010730000000001017,0.3428147114068555,99.98937936644036,0.012395999999999852,0.09453158388904014,0.350862,0.5,0.0,0.0,29.655111599309503,29.729784276973525,59.310223198619006,0.5342571854557108,0.0032770594486100234,-0.006882093745430659,-0.0034410468727153294,0.5249999761581421,0.5450000166893005,4315,1.0685143709114215,0.9885037199769834,-0.00026775791980071517,0.00026775791980071517
103,270,60,1000,0,1.0,103_270_60_1000_0,valid,,1.1385459999999998,True,True,8678.956765170704,0.0011179999999999524,0.34720659324308956,8678.956765170704,0.0011179999999999524,0.34720659324308956,100.04364598441391,0.012148000000000048,0.08850470991435316,0.330896711,0.5,0.0,0.0,29.284809541645778,29.438543427889716,58.569619083291556,1.0134664932296222,0.003894444829358011,-0.015223315852734258,-0.007611657926367129,1.0119999647140503,1.031000018119812,4367,1.0134664932296222,0.9761603180548593,-0.00026775791980071517,0.00026775791980071517
103,270,60,1000,1,1.0,103_270_60_1000_1,valid,,1.270173,True,True,8689.221667591053,0.00119899999999995,0.32956391509091193,8689.221667591053,0.00119899999999995,0.32956391509091193,99.98172747739207,0.01233799999999996,0.08721754766641993,0.379718255,0.5,0.0,0.0,30.13928594745444,30.413911107335732,60.27857189490888,0.9890832412691617,0.007384107248443707,-0.04200277129437201,-0.021001385647186004,0.9819999933242798,1.0119999647140503,4373,0.9890832412691617,1.004642864915148,-0.00026775791980071517,0.00026775791980071517
103,315,60,500,0,0.5,103_315_60_500_0,valid,,0.6988189999999999,True,False,8644.504849721252,0.0012759999999999994,0.35759088736419853,8644.504849721252,0.0012759999999999994,0.35759088736419853,99.97550600102976,0.012313000000000018,0.09229056788382384,1.010069,0.5,-45.00438966729809,0.05967219472086213,29.678789559579588,29.399228150692338,59.357579119159176,0.5615914285664821,0.004739969938998433,0.026960800537875022,0.013480400268937511,0.5550000071525574,0.5649999976158142,4291,1.1231828571329643,0.9892929853193196,-0.004657425217828859,0.004657425217828859
103,315,60,500,1,0.5,103_315_60_500_1,valid,,1.36903,True,True,8650.637798617063,0.0010970000000000146,0.34630071707545024,8650.637798617063,0.0010970000000000146,0.34630071707545024,100.01917034098203,0.012278999999999984,0.0900847463467037,0.309732915,0.5,-45.01981126075514,0.09311014423671793,29.706236038596693,29.664392763528333,59.412472077193385,0.5450000166893005,0.0,0.0,0.0,0.5450000166893005,0.5450000166893005,4383,1.090000033378601,0.9902078679532231,-0.020079018674891813,0.020079018674891813
103,315,60,1000,0,1.0,103_315_60_1000_0,valid,,1.369503,True,True,8650.062110504505,0.0011679999999998358,0.35187285156489057,8650.062110504505,0.0011679999999998358,0.35187285156489057,99.99450291999656,0.012361999999999984,0.0832551452420176,0.310031039,0.5,-45.00205571862365,0.08269050999437866,29.431487476875688,29.348860114374954,58.862974953751376,0.9952083907277585,0.004667993542240776,0.0030128557914110357,0.0015064278957055179,0.9919999837875366,1.0019999742507935,4363,0.9952083907277585,0.981049582562523,-0.002323476543324432,0.002323476543324432
103,315,60,1000,1,1.0,103_315_60_1000_1,valid,,1.370663,True,True,8649.429667875156,0.0010580000000000034,0.3400646578688574,8649.429667875156,0.0010580000000000034,0.3400646578688574,99.95548943398686,0.012290000000000023,0.09697586004237431,0.329984,0.5,-45.00065513343027,0.08659673887876806,29.79137878527025,30.040151655130867,59.5827575705405,1.0319893272763325,0.006972695016528547,-0.021602370841799813,-0.010801185420899907,1.0210000276565552,1.0509999990463257,4304,1.0319893272763325,0.9930459595090083,-0.0009228913500010094,0.0009228913500010094
