surface_id,direction_deg,speed_mm_s,force_mN,repeat_id,nominal_force_N,recording_id,variant,valid,duration_s,half_second_available,one_second_available,exclusion_reason,start_s,end_s
0,0,20,500,0,0.5,0_0_20_500_0,current,True,2.971372,True,True,,1.70952643,4.68089843
0,0,20,500,0,0.5,0_0_20_500_0,smoother_11,True,1.059599,True,True,,2.53111343,3.59071243
0,0,20,500,0,0.5,0_0_20_500_0,smoother_31,True,4.338226,True,True,,0.30086643,4.63909243
0,0,20,500,0,0.5,0_0_20_500_0,accel_gap_half,True,2.971372,True,True,,1.70952643,4.68089843
0,0,20,500,0,0.5,0_0_20_500_0,accel_gap_double,True,2.971372,True,True,,1.70952643,4.68089843
0,0,20,500,0,0.5,0_0_20_500_0,aux_gap_half,True,2.971372,True,True,,1.70952643,4.68089843
0,0,20,500,0,0.5,0_0_20_500_0,aux_gap_double,True,2.971372,True,True,,1.70952643,4.68089843
0,0,20,500,1,0.5,0_0_20_500_1,current,True,4.409429,True,True,,0.290468,4.699897
0,0,20,500,1,0.5,0_0_20_500_1,smoother_11,True,0.6890480000000001,True,False,,2.580534,3.269582
0,0,20,500,1,0.5,0_0_20_500_1,smoother_31,True,4.331557,True,True,,0.328774,4.660331
0,0,20,500,1,0.5,0_0_20_500_1,accel_gap_half,True,4.409429,True,True,,0.290468,4.699897
0,0,20,500,1,0.5,0_0_20_500_1,accel_gap_double,True,4.409429,True,True,,0.290468,4.699897
0,0,20,500,1,0.5,0_0_20_500_1,aux_gap_half,True,4.409429,True,True,,0.290468,4.699897
0,0,20,500,1,0.5,0_0_20_500_1,aux_gap_double,True,4.409429,True,True,,0.290468,4.699897
0,0,20,1000,0,1.0,0_0_20_1000_0,current,True,4.390454,True,True,,0.2899198,4.6803738
0,0,20,1000,0,1.0,0_0_20_1000_0,smoother_11,True,1.062065,True,True,,2.3389808,3.4010458
0,0,20,1000,0,1.0,0_0_20_1000_0,smoother_31,True,4.340749,True,True,,0.3087818,4.6495308
0,0,20,1000,0,1.0,0_0_20_1000_0,accel_gap_half,True,4.390454,True,True,,0.2899198,4.6803738
0,0,20,1000,0,1.0,0_0_20_1000_0,accel_gap_double,True,4.390454,True,True,,0.2899198,4.6803738
0,0,20,1000,0,1.0,0_0_20_1000_0,aux_gap_half,True,4.390454,True,True,,0.2899198,4.6803738
0,0,20,1000,0,1.0,0_0_20_1000_0,aux_gap_double,True,4.390454,True,True,,0.2899198,4.6803738
0,0,20,1000,1,1.0,0_0_20_1000_1,current,True,4.400621,True,True,,0.279584746,4.680205746
0,0,20,1000,1,1.0,0_0_20_1000_1,smoother_11,True,0.9112019999999994,True,False,,3.798678746,4.709880746
0,0,20,1000,1,1.0,0_0_20_1000_1,smoother_31,True,4.340392,True,True,,0.310807746,4.651199746
0,0,20,1000,1,1.0,0_0_20_1000_1,accel_gap_half,True,4.400621,True,True,,0.279584746,4.680205746
0,0,20,1000,1,1.0,0_0_20_1000_1,accel_gap_double,True,4.400621,True,True,,0.279584746,4.680205746
0,0,20,1000,1,1.0,0_0_20_1000_1,aux_gap_half,True,4.400621,True,True,,0.279584746,4.680205746
0,0,20,1000,1,1.0,0_0_20_1000_1,aux_gap_double,True,4.400621,True,True,,0.279584746,4.680205746
0,45,20,500,0,0.5,0_45_20_500_0,current,True,4.380173,True,True,,0.278811352,4.658984352
0,45,20,500,0,0.5,0_45_20_500_0,smoother_11,True,0.6400969999999999,True,False,,1.660766352,2.300863352
0,45,20,500,0,0.5,0_45_20_500_0,smoother_31,True,4.321583,True,True,,0.309005352,4.630588352
0,45,20,500,0,0.5,0_45_20_500_0,accel_gap_half,True,4.380173,True,True,,0.278811352,4.658984352
0,45,20,500,0,0.5,0_45_20_500_0,accel_gap_double,True,4.380173,True,True,,0.278811352,4.658984352
0,45,20,500,0,0.5,0_45_20_500_0,aux_gap_half,True,4.380173,True,True,,0.278811352,4.658984352
0,45,20,500,0,0.5,0_45_20_500_0,aux_gap_double,True,4.380173,True,True,,0.278811352,4.658984352
0,45,20,500,1,0.5,0_45_20_500_1,current,True,4.389989,True,True,,0.259194314,4.649183314
0,45,20,500,1,0.5,0_45_20_500_1,smoother_11,True,1.2002669999999998,True,True,,3.489169314,4.689436314
0,45,20,500,1,0.5,0_45_20_500_1,smoother_31,True,4.3209670000000004,True,True,,0.300030314,4.620997314
0,45,20,500,1,0.5,0_45_20_500_1,accel_gap_half,True,4.389989,True,True,,0.259194314,4.649183314
0,45,20,500,1,0.5,0_45_20_500_1,accel_gap_double,True,4.389989,True,True,,0.259194314,4.649183314
0,45,20,500,1,0.5,0_45_20_500_1,aux_gap_half,True,4.389989,True,True,,0.259194314,4.649183314
0,45,20,500,1,0.5,0_45_20_500_1,aux_gap_double,True,4.389989,True,True,,0.259194314,4.649183314
0,45,20,1000,0,1.0,0_45_20_1000_0,current,True,2.4900850000000005,True,True,,2.168941564,4.659026564
0,45,20,1000,0,1.0,0_45_20_1000_0,smoother_11,True,0.709972,True,False,,0.850657564,1.560629564
0,45,20,1000,0,1.0,0_45_20_1000_0,smoother_31,True,4.319439,True,True,,0.309902564,4.629341564
0,45,20,1000,0,1.0,0_45_20_1000_0,accel_gap_half,True,2.4900850000000005,True,True,,2.168941564,4.659026564
0,45,20,1000,0,1.0,0_45_20_1000_0,accel_gap_double,True,2.4900850000000005,True,True,,2.168941564,4.659026564
0,45,20,1000,0,1.0,0_45_20_1000_0,aux_gap_half,True,2.4900850000000005,True,True,,2.168941564,4.659026564
0,45,20,1000,0,1.0,0_45_20_1000_0,aux_gap_double,True,2.4900850000000005,True,True,,2.168941564,4.659026564
0,45,20,1000,1,1.0,0_45_20_1000_1,current,True,4.390675,True,True,,0.27978046,4.67045546
0,45,20,1000,1,1.0,0_45_20_1000_1,smoother_11,True,0.72904,True,False,,0.92041546,1.64945546
0,45,20,1000,1,1.0,0_45_20_1000_1,smoother_31,True,4.33044,True,True,,0.30868746,4.63912746
0,45,20,1000,1,1.0,0_45_20_1000_1,accel_gap_half,True,4.390675,True,True,,0.27978046,4.67045546
0,45,20,1000,1,1.0,0_45_20_1000_1,accel_gap_double,True,4.390675,True,True,,0.27978046,4.67045546
0,45,20,1000,1,1.0,0_45_20_1000_1,aux_gap_half,True,4.390675,True,True,,0.27978046,4.67045546
0,45,20,1000,1,1.0,0_45_20_1000_1,aux_gap_double,True,4.390675,True,True,,0.27978046,4.67045546
0,90,20,500,0,0.5,0_90_20_500_0,current,True,4.409406,True,True,,0.270817,4.680223
0,90,20,500,0,0.5,0_90_20_500_0,smoother_11,True,1.0410869999999997,True,True,,3.669661,4.710748
0,90,20,500,0,0.5,0_90_20_500_0,smoother_31,True,4.350407000000001,True,True,,0.299459,4.649866
0,90,20,500,0,0.5,0_90_20_500_0,accel_gap_half,True,4.409406,True,True,,0.270817,4.680223
0,90,20,500,0,0.5,0_90_20_500_0,accel_gap_double,True,4.409406,True,True,,0.270817,4.680223
0,90,20,500,0,0.5,0_90_20_500_0,aux_gap_half,True,4.409406,True,True,,0.270817,4.680223
0,90,20,500,0,0.5,0_90_20_500_0,aux_gap_double,True,4.409406,True,True,,0.270817,4.680223
0,90,20,500,1,0.5,0_90_20_500_1,current,True,4.398845,True,True,,0.310168,4.709013
0,90,20,500,1,0.5,0_90_20_500_1,smoother_11,True,1.1408049999999998,True,True,,3.299687,4.440492
0,90,20,500,1,0.5,0_90_20_500_1,smoother_31,True,4.341197,True,True,,0.339264,4.680461
0,90,20,500,1,0.5,0_90_20_500_1,accel_gap_half,True,4.398845,True,True,,0.310168,4.709013
0,90,20,500,1,0.5,0_90_20_500_1,accel_gap_double,True,4.398845,True,True,,0.310168,4.709013
0,90,20,500,1,0.5,0_90_20_500_1,aux_gap_half,True,4.398845,True,True,,0.310168,4.709013
0,90,20,500,1,0.5,0_90_20_500_1,aux_gap_double,True,4.398845,True,True,,0.310168,4.709013
0,90,20,1000,0,1.0,0_90_20_1000_0,current,True,2.451528,True,True,,1.529001,3.980529
0,90,20,1000,0,1.0,0_90_20_1000_0,smoother_11,True,0.5701640000000001,True,False,,2.540736,3.1109
0,90,20,1000,0,1.0,0_90_20_1000_0,smoother_31,True,4.3599820000000005,True,True,,0.289904,4.649886
0,90,20,1000,0,1.0,0_90_20_1000_0,accel_gap_half,True,2.451528,True,True,,1.529001,3.980529
0,90,20,1000,0,1.0,0_90_20_1000_0,accel_gap_double,True,2.451528,True,True,,1.529001,3.980529
0,90,20,1000,0,1.0,0_90_20_1000_0,aux_gap_half,True,2.451528,True,True,,1.529001,3.980529
0,90,20,1000,0,1.0,0_90_20_1000_0,aux_gap_double,True,2.451528,True,True,,1.529001,3.980529
0,90,20,1000,1,1.0,0_90_20_1000_1,current,True,4.400073,True,True,,0.300213,4.700286
0,90,20,1000,1,1.0,0_90_20_1000_1,smoother_11,True,1.2790310000000003,True,True,,3.089921,4.368952
0,90,20,1000,1,1.0,0_90_20_1000_1,smoother_31,True,4.339849,True,True,,0.330044,4.669893
0,90,20,1000,1,1.0,0_90_20_1000_1,accel_gap_half,True,4.400073,True,True,,0.300213,4.700286
0,90,20,1000,1,1.0,0_90_20_1000_1,accel_gap_double,True,4.400073,True,True,,0.300213,4.700286
0,90,20,1000,1,1.0,0_90_20_1000_1,aux_gap_half,True,4.400073,True,True,,0.300213,4.700286
0,90,20,1000,1,1.0,0_90_20_1000_1,aux_gap_double,True,4.400073,True,True,,0.300213,4.700286
0,135,20,500,0,0.5,0_135_20_500_0,current,True,4.349689000000001,True,True,,0.330011,4.6797
0,135,20,500,0,0.5,0_135_20_500_0,smoother_11,True,0.6810099999999999,True,False,,0.510108,1.191118
0,135,20,500,0,0.5,0_135_20_500_0,smoother_31,True,4.309908,True,True,,0.340111,4.650019
0,135,20,500,0,0.5,0_135_20_500_0,accel_gap_half,True,4.349689000000001,True,True,,0.330011,4.6797
0,135,20,500,0,0.5,0_135_20_500_0,accel_gap_double,True,4.349689000000001,True,True,,0.330011,4.6797
0,135,20,500,0,0.5,0_135_20_500_0,aux_gap_half,True,4.349689000000001,True,True,,0.330011,4.6797
0,135,20,500,0,0.5,0_135_20_500_0,aux_gap_double,True,4.349689000000001,True,True,,0.330011,4.6797
0,135,20,500,1,0.5,0_135_20_500_1,current,True,4.3896560000000004,True,True,,0.260246,4.649902
0,135,20,500,1,0.5,0_135_20_500_1,smoother_11,True,0.5587739999999999,True,False,,1.090243,1.649017
0,135,20,500,1,0.5,0_135_20_500_1,smoother_31,True,4.339659999999999,True,True,,0.289137,4.628797
0,135,20,500,1,0.5,0_135_20_500_1,accel_gap_half,True,4.3896560000000004,True,True,,0.260246,4.649902
0,135,20,500,1,0.5,0_135_20_500_1,accel_gap_double,True,4.3896560000000004,True,True,,0.260246,4.649902
0,135,20,500,1,0.5,0_135_20_500_1,aux_gap_half,True,4.3896560000000004,True,True,,0.260246,4.649902
0,135,20,500,1,0.5,0_135_20_500_1,aux_gap_double,True,4.3896560000000004,True,True,,0.260246,4.649902
0,135,20,1000,0,1.0,0_135_20_1000_0,current,True,3.91965,True,True,,0.299864372,4.219514372
0,135,20,1000,0,1.0,0_135_20_1000_0,smoother_11,True,0.500038,True,False,,3.319634372,3.819672372
0,135,20,1000,0,1.0,0_135_20_1000_0,smoother_31,True,4.319793,True,True,,0.330117372,4.649910372
0,135,20,1000,0,1.0,0_135_20_1000_0,accel_gap_half,True,3.91965,True,True,,0.299864372,4.219514372
0,135,20,1000,0,1.0,0_135_20_1000_0,accel_gap_double,True,3.91965,True,True,,0.299864372,4.219514372
0,135,20,1000,0,1.0,0_135_20_1000_0,aux_gap_half,True,3.91965,True,True,,0.299864372,4.219514372
0,135,20,1000,0,1.0,0_135_20_1000_0,aux_gap_double,True,3.91965,True,True,,0.299864372,4.219514372
0,135,20,1000,1,1.0,0_135_20_1000_1,current,True,4.070546,True,True,,0.60923,4.679776
0,135,20,1000,1,1.0,0_135_20_1000_1,smoother_11,True,1.14107,True,True,,2.269408,3.410478
0,135,20,1000,1,1.0,0_135_20_1000_1,smoother_31,True,4.318318,True,True,,0.321383,4.639701
0,135,20,1000,1,1.0,0_135_20_1000_1,accel_gap_half,True,4.070546,True,True,,0.60923,4.679776
0,135,20,1000,1,1.0,0_135_20_1000_1,accel_gap_double,True,4.070546,True,True,,0.60923,4.679776
0,135,20,1000,1,1.0,0_135_20_1000_1,aux_gap_half,True,4.070546,True,True,,0.60923,4.679776
0,135,20,1000,1,1.0,0_135_20_1000_1,aux_gap_double,True,4.070546,True,True,,0.60923,4.679776
0,180,20,500,0,0.5,0_180_20_500_0,current,True,3.301232,True,True,,0.709622,4.010854
0,180,20,500,0,0.5,0_180_20_500_0,smoother_11,True,0.8207430000000002,True,False,,2.250457,3.0712
0,180,20,500,0,0.5,0_180_20_500_0,smoother_31,True,4.361374,True,True,,0.319257,4.680631
0,180,20,500,0,0.5,0_180_20_500_0,accel_gap_half,True,3.301232,True,True,,0.709622,4.010854
0,180,20,500,0,0.5,0_180_20_500_0,accel_gap_double,True,3.301232,True,True,,0.709622,4.010854
0,180,20,500,0,0.5,0_180_20_500_0,aux_gap_half,True,3.301232,True,True,,0.709622,4.010854
0,180,20,500,0,0.5,0_180_20_500_0,aux_gap_double,True,3.301232,True,True,,0.709622,4.010854
0,180,20,500,1,0.5,0_180_20_500_1,current,True,2.819026,True,True,,0.2902,3.109226
0,180,20,500,1,0.5,0_180_20_500_1,smoother_11,True,0.8997769999999998,True,False,,2.030476,2.930253
0,180,20,500,1,0.5,0_180_20_500_1,smoother_31,True,4.349531000000001,True,True,,0.320193,4.669724
0,180,20,500,1,0.5,0_180_20_500_1,accel_gap_half,True,2.819026,True,True,,0.2902,3.109226
0,180,20,500,1,0.5,0_180_20_500_1,accel_gap_double,True,2.819026,True,True,,0.2902,3.109226
0,180,20,500,1,0.5,0_180_20_500_1,aux_gap_half,True,2.819026,True,True,,0.2902,3.109226
0,180,20,500,1,0.5,0_180_20_500_1,aux_gap_double,True,2.819026,True,True,,0.2902,3.109226
0,180,20,1000,0,1.0,0_180_20_1000_0,current,True,2.100413,True,True,,2.248823008,4.349236008
0,180,20,1000,0,1.0,0_180_20_1000_0,smoother_11,True,1.2600889999999998,True,True,,2.399942008,3.660031008
0,180,20,1000,0,1.0,0_180_20_1000_0,smoother_31,True,4.350179,True,True,,0.309911008,4.660090008
0,180,20,1000,0,1.0,0_180_20_1000_0,accel_gap_half,True,2.100413,True,True,,2.248823008,4.349236008
0,180,20,1000,0,1.0,0_180_20_1000_0,accel_gap_double,True,2.100413,True,True,,2.248823008,4.349236008
0,180,20,1000,0,1.0,0_180_20_1000_0,aux_gap_half,True,2.100413,True,True,,2.248823008,4.349236008
0,180,20,1000,0,1.0,0_180_20_1000_0,aux_gap_double,True,2.100413,True,True,,2.248823008,4.349236008
0,180,20,1000,1,1.0,0_180_20_1000_1,current,True,4.078047,True,True,,0.610688885,4.688735885
0,180,20,1000,1,1.0,0_180_20_1000_1,smoother_11,True,0.671163,True,False,,3.119473885,3.790636885
0,180,20,1000,1,1.0,0_180_20_1000_1,smoother_31,True,4.351072,True,True,,0.309256885,4.660328885
0,180,20,1000,1,1.0,0_180_20_1000_1,accel_gap_half,True,4.078047,True,True,,0.610688885,4.688735885
0,180,20,1000,1,1.0,0_180_20_1000_1,accel_gap_double,True,4.078047,True,True,,0.610688885,4.688735885
0,180,20,1000,1,1.0,0_180_20_1000_1,aux_gap_half,True,4.078047,True,True,,0.610688885,4.688735885
0,180,20,1000,1,1.0,0_180_20_1000_1,aux_gap_double,True,4.078047,True,True,,0.610688885,4.688735885
0,225,20,500,0,0.5,0_225_20_500_0,current,True,4.379718,True,True,,0.299022,4.67874
0,225,20,500,0,0.5,0_225_20_500_0,smoother_11,True,0.8613259999999996,True,False,,3.289552,4.150878
0,225,20,500,0,0.5,0_225_20_500_0,smoother_31,True,4.309233,True,True,,0.330703,4.639936
0,225,20,500,0,0.5,0_225_20_500_0,accel_gap_half,True,4.379718,True,True,,0.299022,4.67874
0,225,20,500,0,0.5,0_225_20_500_0,accel_gap_double,True,4.379718,True,True,,0.299022,4.67874
0,225,20,500,0,0.5,0_225_20_500_0,aux_gap_half,True,4.379718,True,True,,0.299022,4.67874
0,225,20,500,0,0.5,0_225_20_500_0,aux_gap_double,True,4.379718,True,True,,0.299022,4.67874
0,225,20,500,1,0.5,0_225_20_500_1,current,True,2.929791,True,True,,0.28071,3.210501
0,225,20,500,1,0.5,0_225_20_500_1,smoother_11,True,0.9587130000000004,True,False,,3.230791,4.189504
0,225,20,500,1,0.5,0_225_20_500_1,smoother_31,True,4.319232,True,True,,0.320391,4.639623
0,225,20,500,1,0.5,0_225_20_500_1,accel_gap_half,True,2.929791,True,True,,0.28071,3.210501
0,225,20,500,1,0.5,0_225_20_500_1,accel_gap_double,True,2.929791,True,True,,0.28071,3.210501
0,225,20,500,1,0.5,0_225_20_500_1,aux_gap_half,True,2.929791,True,True,,0.28071,3.210501
0,225,20,500,1,0.5,0_225_20_500_1,aux_gap_double,True,2.929791,True,True,,0.28071,3.210501
0,225,20,1000,0,1.0,0_225_20_1000_0,current,True,3.1511060000000004,True,True,,1.499349907,4.650455907
0,225,20,1000,0,1.0,0_225_20_1000_0,smoother_11,True,1.099768,True,True,,2.429292907,3.529060907
0,225,20,1000,0,1.0,0_225_20_1000_0,smoother_31,True,4.309455,True,True,,0.320275907,4.629730907
0,225,20,1000,0,1.0,0_225_20_1000_0,accel_gap_half,True,3.1511060000000004,True,True,,1.499349907,4.650455907
0,225,20,1000,0,1.0,0_225_20_1000_0,accel_gap_double,True,3.1511060000000004,True,True,,1.499349907,4.650455907
0,225,20,1000,0,1.0,0_225_20_1000_0,aux_gap_half,True,3.1511060000000004,True,True,,1.499349907,4.650455907
0,225,20,1000,0,1.0,0_225_20_1000_0,aux_gap_double,True,3.1511060000000004,True,True,,1.499349907,4.650455907
0,225,20,1000,1,1.0,0_225_20_1000_1,current,True,4.389375,True,True,,0.300993,4.690368
0,225,20,1000,1,1.0,0_225_20_1000_1,smoother_11,True,0.950728,True,False,,0.269253,1.219981
0,225,20,1000,1,1.0,0_225_20_1000_1,smoother_31,True,4.309339,True,True,,0.340379,4.649718
0,225,20,1000,1,1.0,0_225_20_1000_1,accel_gap_half,True,4.389375,True,True,,0.300993,4.690368
0,225,20,1000,1,1.0,0_225_20_1000_1,accel_gap_double,True,4.389375,True,True,,0.300993,4.690368
0,225,20,1000,1,1.0,0_225_20_1000_1,aux_gap_half,True,4.389375,True,True,,0.300993,4.690368
0,225,20,1000,1,1.0,0_225_20_1000_1,aux_gap_double,True,4.389375,True,True,,0.300993,4.690368
0,270,20,500,0,0.5,0_270_20_500_0,current,True,4.409859,True,True,,0.289738,4.699597
0,270,20,500,0,0.5,0_270_20_500_0,smoother_11,True,1.089903,True,True,,2.870615,3.960518
0,270,20,500,0,0.5,0_270_20_500_0,smoother_31,True,4.34874,True,True,,0.320189,4.668929
0,270,20,500,0,0.5,0_270_20_500_0,accel_gap_half,True,4.409859,True,True,,0.289738,4.699597
0,270,20,500,0,0.5,0_270_20_500_0,accel_gap_double,True,4.409859,True,True,,0.289738,4.699597
0,270,20,500,0,0.5,0_270_20_500_0,aux_gap_half,True,4.409859,True,True,,0.289738,4.699597
0,270,20,500,0,0.5,0_270_20_500_0,aux_gap_double,True,4.409859,True,True,,0.289738,4.699597
0,270,20,500,1,0.5,0_270_20_500_1,current,True,4.400712,True,True,,0.279947611,4.680659611
0,270,20,500,1,0.5,0_270_20_500_1,smoother_11,True,1.0298209999999997,True,True,,3.520591611,4.550412611
0,270,20,500,1,0.5,0_270_20_500_1,smoother_31,True,4.319243,True,True,,0.310728611,4.629971611
0,270,20,500,1,0.5,0_270_20_500_1,accel_gap_half,True,4.400712,True,True,,0.279947611,4.680659611
0,270,20,500,1,0.5,0_270_20_500_1,accel_gap_double,True,4.400712,True,True,,0.279947611,4.680659611
0,270,20,500,1,0.5,0_270_20_500_1,aux_gap_half,True,4.400712,True,True,,0.279947611,4.680659611
0,270,20,500,1,0.5,0_270_20_500_1,aux_gap_double,True,4.400712,True,True,,0.279947611,4.680659611
0,270,20,1000,0,1.0,0_270_20_1000_0,current,True,2.9315200000000003,True,True,,1.748849103,4.680369103
0,270,20,1000,0,1.0,0_270_20_1000_0,smoother_11,True,1.021127,True,True,,0.648944103,1.670071103
0,270,20,1000,0,1.0,0_270_20_1000_0,smoother_31,True,4.348476,True,True,,0.300253103,4.648729103
0,270,20,1000,0,1.0,0_270_20_1000_0,accel_gap_half,True,2.9315200000000003,True,True,,1.748849103,4.680369103
0,270,20,1000,0,1.0,0_270_20_1000_0,accel_gap_double,True,2.9315200000000003,True,True,,1.748849103,4.680369103
0,270,20,1000,0,1.0,0_270_20_1000_0,aux_gap_half,True,2.9315200000000003,True,True,,1.748849103,4.680369103
0,270,20,1000,0,1.0,0_270_20_1000_0,aux_gap_double,True,2.9315200000000003,True,True,,1.748849103,4.680369103
0,270,20,1000,1,1.0,0_270_20_1000_1,current,True,4.411164,True,True,,0.279437,4.690601
0,270,20,1000,1,1.0,0_270_20_1000_1,smoother_11,True,1.919553,True,True,,0.249575,2.169128
0,270,20,1000,1,1.0,0_270_20_1000_1,smoother_31,True,4.351140999999999,True,True,,0.299794,4.650935
0,270,20,1000,1,1.0,0_270_20_1000_1,accel_gap_half,True,4.411164,True,True,,0.279437,4.690601
0,270,20,1000,1,1.0,0_270_20_1000_1,accel_gap_double,True,4.411164,True,True,,0.279437,4.690601
0,270,20,1000,1,1.0,0_270_20_1000_1,aux_gap_half,True,4.411164,True,True,,0.279437,4.690601
0,270,20,1000,1,1.0,0_270_20_1000_1,aux_gap_double,True,4.411164,True,True,,0.279437,4.690601
0,315,20,500,0,0.5,0_315_20_500_0,current,True,4.369604,True,True,,0.279971885,4.649575885
0,315,20,500,0,0.5,0_315_20_500_0,smoother_11,True,0.5417629999999996,True,False,,4.128785885,4.670548885
0,315,20,500,0,0.5,0_315_20_500_0,smoother_31,True,4.310185,True,True,,0.309735885,4.619920885
0,315,20,500,0,0.5,0_315_20_500_0,accel_gap_half,True,4.369604,True,True,,0.279971885,4.649575885
0,315,20,500,0,0.5,0_315_20_500_0,accel_gap_double,True,4.369604,True,True,,0.279971885,4.649575885
0,315,20,500,0,0.5,0_315_20_500_0,aux_gap_half,True,4.369604,True,True,,0.279971885,4.649575885
0,315,20,500,0,0.5,0_315_20_500_0,aux_gap_double,True,4.369604,True,True,,0.279971885,4.649575885
0,315,20,500,1,0.5,0_315_20_500_1,current,True,2.4616270000000005,True,True,,2.218868995,4.680495995
0,315,20,500,1,0.5,0_315_20_500_1,smoother_11,True,1.0398139999999998,True,True,,3.389668995,4.429482995
0,315,20,500,1,0.5,0_315_20_500_1,smoother_31,True,4.320328,True,True,,0.330272995,4.650600995
0,315,20,500,1,0.5,0_315_20_500_1,accel_gap_half,True,2.4616270000000005,True,True,,2.218868995,4.680495995
0,315,20,500,1,0.5,0_315_20_500_1,accel_gap_double,True,2.4616270000000005,True,True,,2.218868995,4.680495995
0,315,20,500,1,0.5,0_315_20_500_1,aux_gap_half,True,2.4616270000000005,True,True,,2.218868995,4.680495995
0,315,20,500,1,0.5,0_315_20_500_1,aux_gap_double,True,2.4616270000000005,True,True,,2.218868995,4.680495995
0,315,20,1000,0,1.0,0_315_20_1000_0,current,True,4.401549999999999,True,True,,0.269221295,4.670771295
0,315,20,1000,0,1.0,0_315_20_1000_0,smoother_11,True,1.199996,True,True,,2.600819295,3.800815295
0,315,20,1000,0,1.0,0_315_20_1000_0,smoother_31,True,4.340459,True,True,,0.300242295,4.640701295
0,315,20,1000,0,1.0,0_315_20_1000_0,accel_gap_half,True,4.401549999999999,True,True,,0.269221295,4.670771295
0,315,20,1000,0,1.0,0_315_20_1000_0,accel_gap_double,True,4.401549999999999,True,True,,0.269221295,4.670771295
0,315,20,1000,0,1.0,0_315_20_1000_0,aux_gap_half,True,4.401549999999999,True,True,,0.269221295,4.670771295
0,315,20,1000,0,1.0,0_315_20_1000_0,aux_gap_double,True,4.401549999999999,True,True,,0.269221295,4.670771295
0,315,20,1000,1,1.0,0_315_20_1000_1,current,True,4.389963,True,True,,0.279962438,4.669925438
0,315,20,1000,1,1.0,0_315_20_1000_1,smoother_11,True,0.9496449999999999,True,False,,1.399789438,2.349434438
0,315,20,1000,1,1.0,0_315_20_1000_1,smoother_31,True,4.341558,True,True,,0.299058438,4.640616438
0,315,20,1000,1,1.0,0_315_20_1000_1,accel_gap_half,True,4.389963,True,True,,0.279962438,4.669925438
0,315,20,1000,1,1.0,0_315_20_1000_1,accel_gap_double,True,4.389963,True,True,,0.279962438,4.669925438
0,315,20,1000,1,1.0,0_315_20_1000_1,aux_gap_half,True,4.389963,True,True,,0.279962438,4.669925438
0,315,20,1000,1,1.0,0_315_20_1000_1,aux_gap_double,True,4.389963,True,True,,0.279962438,4.669925438
0,0,40,500,0,0.5,0_0_40_500_0,current,True,2.129905,True,True,,0.289832,2.419737
0,0,40,500,0,0.5,0_0_40_500_0,smoother_11,True,1.449546,True,True,,0.509933,1.959479
0,0,40,500,0,0.5,0_0_40_500_0,smoother_31,True,2.0614000000000003,True,True,,0.319444,2.380844
0,0,40,500,0,0.5,0_0_40_500_0,accel_gap_half,True,2.129905,True,True,,0.289832,2.419737
0,0,40,500,0,0.5,0_0_40_500_0,accel_gap_double,True,2.129905,True,True,,0.289832,2.419737
0,0,40,500,0,0.5,0_0_40_500_0,aux_gap_half,True,2.129905,True,True,,0.289832,2.419737
0,0,40,500,0,0.5,0_0_40_500_0,aux_gap_double,True,2.129905,True,True,,0.289832,2.419737
0,0,40,500,1,0.5,0_0_40_500_1,current,True,2.128816,True,True,,0.330520839,2.459336839
0,0,40,500,1,0.5,0_0_40_500_1,smoother_11,True,0.6102909999999999,True,False,,0.898756839,1.509047839
0,0,40,500,1,0.5,0_0_40_500_1,smoother_31,True,2.059609,True,True,,0.370357839,2.429966839
0,0,40,500,1,0.5,0_0_40_500_1,accel_gap_half,True,2.128816,True,True,,0.330520839,2.459336839
0,0,40,500,1,0.5,0_0_40_500_1,accel_gap_double,True,2.128816,True,True,,0.330520839,2.459336839
0,0,40,500,1,0.5,0_0_40_500_1,aux_gap_half,True,2.128816,True,True,,0.330520839,2.459336839
0,0,40,500,1,0.5,0_0_40_500_1,aux_gap_double,True,2.128816,True,True,,0.330520839,2.459336839
0,0,40,1000,0,1.0,0_0_40_1000_0,current,True,1.45065,True,True,,0.969026,2.419676
0,0,40,1000,0,1.0,0_0_40_1000_0,smoother_11,True,1.250471,True,True,,0.979073,2.229544
0,0,40,1000,0,1.0,0_0_40_1000_0,smoother_31,True,2.0899799999999997,True,True,,0.299398,2.389378
0,0,40,1000,0,1.0,0_0_40_1000_0,accel_gap_half,True,1.45065,True,True,,0.969026,2.419676
0,0,40,1000,0,1.0,0_0_40_1000_0,accel_gap_double,True,1.45065,True,True,,0.969026,2.419676
0,0,40,1000,0,1.0,0_0_40_1000_0,aux_gap_half,True,1.45065,True,True,,0.969026,2.419676
0,0,40,1000,0,1.0,0_0_40_1000_0,aux_gap_double,True,1.45065,True,True,,0.969026,2.419676
0,0,40,1000,1,1.0,0_0_40_1000_1,current,True,2.1287949999999998,True,True,,0.340008,2.468803
0,0,40,1000,1,1.0,0_0_40_1000_1,smoother_11,True,1.220317,True,True,,0.410842,1.631159
0,0,40,1000,1,1.0,0_0_40_1000_1,smoother_31,True,2.0701280000000004,True,True,,0.37083,2.440958
0,0,40,1000,1,1.0,0_0_40_1000_1,accel_gap_half,True,2.1287949999999998,True,True,,0.340008,2.468803
0,0,40,1000,1,1.0,0_0_40_1000_1,accel_gap_double,True,2.1287949999999998,True,True,,0.340008,2.468803
0,0,40,1000,1,1.0,0_0_40_1000_1,aux_gap_half,True,2.1287949999999998,True,True,,0.340008,2.468803
0,0,40,1000,1,1.0,0_0_40_1000_1,aux_gap_double,True,2.1287949999999998,True,True,,0.340008,2.468803
0,45,40,500,0,0.5,0_45_40_500_0,current,True,2.1398979999999996,True,True,,0.28058904,2.42048704
0,45,40,500,0,0.5,0_45_40_500_0,smoother_11,True,0.5903829999999999,True,False,,1.58969304,2.18007604
0,45,40,500,0,0.5,0_45_40_500_0,smoother_31,True,2.0700060000000002,True,True,,0.31964004,2.38964604
0,45,40,500,0,0.5,0_45_40_500_0,accel_gap_half,True,2.1398979999999996,True,True,,0.28058904,2.42048704
0,45,40,500,0,0.5,0_45_40_500_0,accel_gap_double,True,2.1398979999999996,True,True,,0.28058904,2.42048704
0,45,40,500,0,0.5,0_45_40_500_0,aux_gap_half,True,2.1398979999999996,True,True,,0.28058904,2.42048704
0,45,40,500,0,0.5,0_45_40_500_0,aux_gap_double,True,2.1398979999999996,True,True,,0.28058904,2.42048704
0,45,40,500,1,0.5,0_45_40_500_1,current,True,2.1287760000000002,True,True,,0.290997,2.419773
0,45,40,500,1,0.5,0_45_40_500_1,smoother_11,True,1.0913370000000002,True,True,,0.998837,2.090174
0,45,40,500,1,0.5,0_45_40_500_1,smoother_31,True,2.071113,True,True,,0.319692,2.390805
0,45,40,500,1,0.5,0_45_40_500_1,accel_gap_half,True,2.1287760000000002,True,True,,0.290997,2.419773
0,45,40,500,1,0.5,0_45_40_500_1,accel_gap_double,True,2.1287760000000002,True,True,,0.290997,2.419773
0,45,40,500,1,0.5,0_45_40_500_1,aux_gap_half,True,2.1287760000000002,True,True,,0.290997,2.419773
0,45,40,500,1,0.5,0_45_40_500_1,aux_gap_double,True,2.1287760000000002,True,True,,0.290997,2.419773
0,45,40,1000,0,1.0,0_45_40_1000_0,current,True,2.110538,True,True,,0.30042638,2.41096438
0,45,40,1000,0,1.0,0_45_40_1000_0,smoother_11,True,0.8697050000000001,True,False,,0.86964338,1.73934838
0,45,40,1000,0,1.0,0_45_40_1000_0,smoother_31,True,2.048006,True,True,,0.33122438,2.37923038
0,45,40,1000,0,1.0,0_45_40_1000_0,accel_gap_half,True,2.110538,True,True,,0.30042638,2.41096438
0,45,40,1000,0,1.0,0_45_40_1000_0,accel_gap_double,True,2.110538,True,True,,0.30042638,2.41096438
0,45,40,1000,0,1.0,0_45_40_1000_0,aux_gap_half,True,2.110538,True,True,,0.30042638,2.41096438
0,45,40,1000,0,1.0,0_45_40_1000_0,aux_gap_double,True,2.110538,True,True,,0.30042638,2.41096438
0,45,40,1000,1,1.0,0_45_40_1000_1,current,True,1.381705,True,True,,1.01942,2.401125
0,45,40,1000,1,1.0,0_45_40_1000_1,smoother_11,True,0.44940100000000005,False,False,,0.500826,0.950227
0,45,40,1000,1,1.0,0_45_40_1000_1,smoother_31,True,2.069761,True,True,,0.309837,2.379598
0,45,40,1000,1,1.0,0_45_40_1000_1,accel_gap_half,True,1.381705,True,True,,1.01942,2.401125
0,45,40,1000,1,1.0,0_45_40_1000_1,accel_gap_double,True,1.381705,True,True,,1.01942,2.401125
0,45,40,1000,1,1.0,0_45_40_1000_1,aux_gap_half,True,1.381705,True,True,,1.01942,2.401125
0,45,40,1000,1,1.0,0_45_40_1000_1,aux_gap_double,True,1.381705,True,True,,1.01942,2.401125
0,90,40,500,0,0.5,0_90_40_500_0,current,True,1.7302849999999999,True,True,,0.298912901,2.029197901
0,90,40,500,0,0.5,0_90_40_500_0,smoother_11,True,0.4802700000000002,False,False,,1.100142901,1.580412901
0,90,40,500,0,0.5,0_90_40_500_0,smoother_31,True,2.0710569999999997,True,True,,0.329312901,2.400369901
0,90,40,500,0,0.5,0_90_40_500_0,accel_gap_half,True,1.7302849999999999,True,True,,0.298912901,2.029197901
0,90,40,500,0,0.5,0_90_40_500_0,accel_gap_double,True,1.7302849999999999,True,True,,0.298912901,2.029197901
0,90,40,500,0,0.5,0_90_40_500_0,aux_gap_half,True,1.7302849999999999,True,True,,0.298912901,2.029197901
0,90,40,500,0,0.5,0_90_40_500_0,aux_gap_double,True,1.7302849999999999,True,True,,0.298912901,2.029197901
0,90,40,500,1,0.5,0_90_40_500_1,current,True,2.1306670000000003,True,True,,0.299622,2.430289
0,90,40,500,1,0.5,0_90_40_500_1,smoother_11,True,0.8405750000000001,True,False,,1.619289,2.459864
0,90,40,500,1,0.5,0_90_40_500_1,smoother_31,True,2.070774,True,True,,0.329868,2.400642
0,90,40,500,1,0.5,0_90_40_500_1,accel_gap_half,True,2.1306670000000003,True,True,,0.299622,2.430289
0,90,40,500,1,0.5,0_90_40_500_1,accel_gap_double,True,2.1306670000000003,True,True,,0.299622,2.430289
0,90,40,500,1,0.5,0_90_40_500_1,aux_gap_half,True,2.1306670000000003,True,True,,0.299622,2.430289
0,90,40,500,1,0.5,0_90_40_500_1,aux_gap_double,True,2.1306670000000003,True,True,,0.299622,2.430289
0,90,40,1000,0,1.0,0_90_40_1000_0,current,True,2.1298470000000003,True,True,,0.299279017,2.429126017
0,90,40,1000,0,1.0,0_90_40_1000_0,smoother_11,True,0.46979200000000004,False,False,,0.379423017,0.849215017
0,90,40,1000,0,1.0,0_90_40_1000_0,smoother_31,True,2.060487,True,True,,0.339164017,2.399651017
0,90,40,1000,0,1.0,0_90_40_1000_0,accel_gap_half,True,2.1298470000000003,True,True,,0.299279017,2.429126017
0,90,40,1000,0,1.0,0_90_40_1000_0,accel_gap_double,True,2.1298470000000003,True,True,,0.299279017,2.429126017
0,90,40,1000,0,1.0,0_90_40_1000_0,aux_gap_half,True,2.1298470000000003,True,True,,0.299279017,2.429126017
0,90,40,1000,0,1.0,0_90_40_1000_0,aux_gap_double,True,2.1298470000000003,True,True,,0.299279017,2.429126017
0,90,40,1000,1,1.0,0_90_40_1000_1,current,True,2.130262,True,True,,0.290912553,2.421174553
0,90,40,1000,1,1.0,0_90_40_1000_1,smoother_11,True,0.839915,True,False,,0.850682553,1.690597553
0,90,40,1000,1,1.0,0_90_40_1000_1,smoother_31,True,2.0704550000000004,True,True,,0.319574553,2.390029553
0,90,40,1000,1,1.0,0_90_40_1000_1,accel_gap_half,True,2.130262,True,True,,0.290912553,2.421174553
0,90,40,1000,1,1.0,0_90_40_1000_1,accel_gap_double,True,2.130262,True,True,,0.290912553,2.421174553
0,90,40,1000,1,1.0,0_90_40_1000_1,aux_gap_half,True,2.130262,True,True,,0.290912553,2.421174553
0,90,40,1000,1,1.0,0_90_40_1000_1,aux_gap_double,True,2.130262,True,True,,0.290912553,2.421174553
0,135,40,500,0,0.5,0_135_40_500_0,current,True,2.120223,True,True,,0.300245,2.420468
0,135,40,500,0,0.5,0_135_40_500_0,smoother_11,True,0.8796989999999999,True,False,,0.830509,1.710208
0,135,40,500,0,0.5,0_135_40_500_0,smoother_31,True,2.07126,True,True,,0.32912,2.40038
0,135,40,500,0,0.5,0_135_40_500_0,accel_gap_half,True,2.120223,True,True,,0.300245,2.420468
0,135,40,500,0,0.5,0_135_40_500_0,accel_gap_double,True,2.120223,True,True,,0.300245,2.420468
0,135,40,500,0,0.5,0_135_40_500_0,aux_gap_half,True,2.120223,True,True,,0.300245,2.420468
0,135,40,500,0,0.5,0_135_40_500_0,aux_gap_double,True,2.120223,True,True,,0.300245,2.420468
0,135,40,500,1,0.5,0_135_40_500_1,current,True,2.131831,True,True,,0.299455,2.431286
0,135,40,500,1,0.5,0_135_40_500_1,smoother_11,True,0.46109999999999984,False,False,,1.999281,2.460381
0,135,40,500,1,0.5,0_135_40_500_1,smoother_31,True,2.058827,True,True,,0.330837,2.389664
0,135,40,500,1,0.5,0_135_40_500_1,accel_gap_half,True,2.131831,True,True,,0.299455,2.431286
0,135,40,500,1,0.5,0_135_40_500_1,accel_gap_double,True,2.131831,True,True,,0.299455,2.431286
0,135,40,500,1,0.5,0_135_40_500_1,aux_gap_half,True,2.131831,True,True,,0.299455,2.431286
0,135,40,500,1,0.5,0_135_40_500_1,aux_gap_double,True,2.131831,True,True,,0.299455,2.431286
0,135,40,1000,0,1.0,0_135_40_1000_0,current,True,1.111285,True,True,,0.28947,1.400755
0,135,40,1000,0,1.0,0_135_40_1000_0,smoother_11,True,0.782059,True,False,,0.618696,1.400755
0,135,40,1000,0,1.0,0_135_40_1000_0,smoother_31,True,2.060113,True,True,,0.309917,2.37003
0,135,40,1000,0,1.0,0_135_40_1000_0,accel_gap_half,True,1.111285,True,True,,0.28947,1.400755
0,135,40,1000,0,1.0,0_135_40_1000_0,accel_gap_double,True,1.111285,True,True,,0.28947,1.400755
0,135,40,1000,0,1.0,0_135_40_1000_0,aux_gap_half,True,1.111285,True,True,,0.28947,1.400755
0,135,40,1000,0,1.0,0_135_40_1000_0,aux_gap_double,True,1.111285,True,True,,0.28947,1.400755
0,135,40,1000,1,1.0,0_135_40_1000_1,current,True,2.0801030000000003,True,True,,0.339912369,2.420015369
0,135,40,1000,1,1.0,0_135_40_1000_1,smoother_11,True,0.49958100000000005,False,False,,0.800817369,1.300398369
0,135,40,1000,1,1.0,0_135_40_1000_1,smoother_31,True,2.039197,True,True,,0.339912369,2.379109369
0,135,40,1000,1,1.0,0_135_40_1000_1,accel_gap_half,True,2.0801030000000003,True,True,,0.339912369,2.420015369
0,135,40,1000,1,1.0,0_135_40_1000_1,accel_gap_double,True,2.0801030000000003,True,True,,0.339912369,2.420015369
0,135,40,1000,1,1.0,0_135_40_1000_1,aux_gap_half,True,2.0801030000000003,True,True,,0.339912369,2.420015369
0,135,40,1000,1,1.0,0_135_40_1000_1,aux_gap_double,True,2.0801030000000003,True,True,,0.339912369,2.420015369
0,180,40,500,0,0.5,0_180_40_500_0,current,True,2.120716,True,True,,0.299342255,2.420058255
0,180,40,500,0,0.5,0_180_40_500_0,smoother_11,True,0.9891679999999999,True,False,,0.669865255,1.659033255
0,180,40,500,0,0.5,0_180_40_500_0,smoother_31,True,2.059338,True,True,,0.329891255,2.389229255
0,180,40,500,0,0.5,0_180_40_500_0,accel_gap_half,True,2.120716,True,True,,0.299342255,2.420058255
0,180,40,500,0,0.5,0_180_40_500_0,accel_gap_double,True,2.120716,True,True,,0.299342255,2.420058255
0,180,40,500,0,0.5,0_180_40_500_0,aux_gap_half,True,2.120716,True,True,,0.299342255,2.420058255
0,180,40,500,0,0.5,0_180_40_500_0,aux_gap_double,True,2.120716,True,True,,0.299342255,2.420058255
0,180,40,500,1,0.5,0_180_40_500_1,current,True,2.1301889999999997,True,True,,0.290923299,2.421112299
0,180,40,500,1,0.5,0_180_40_500_1,smoother_11,True,0.35972800000000005,False,False,,0.970997299,1.330725299
0,180,40,500,1,0.5,0_180_40_500_1,smoother_31,True,2.049475,True,True,,0.330521299,2.379996299
0,180,40,500,1,0.5,0_180_40_500_1,accel_gap_half,True,2.1301889999999997,True,True,,0.290923299,2.421112299
0,180,40,500,1,0.5,0_180_40_500_1,accel_gap_double,True,2.1301889999999997,True,True,,0.290923299,2.421112299
0,180,40,500,1,0.5,0_180_40_500_1,aux_gap_half,True,2.1301889999999997,True,True,,0.290923299,2.421112299
0,180,40,500,1,0.5,0_180_40_500_1,aux_gap_double,True,2.1301889999999997,True,True,,0.290923299,2.421112299
0,180,40,1000,0,1.0,0_180_40_1000_0,current,True,2.1187020000000003,True,True,,0.290056,2.408758
0,180,40,1000,0,1.0,0_180_40_1000_0,smoother_11,True,1.4816880000000001,True,True,,0.658686,2.140374
0,180,40,1000,0,1.0,0_180_40_1000_0,smoother_31,True,2.0588469999999996,True,True,,0.320501,2.379348
0,180,40,1000,0,1.0,0_180_40_1000_0,accel_gap_half,True,2.1187020000000003,True,True,,0.290056,2.408758
0,180,40,1000,0,1.0,0_180_40_1000_0,accel_gap_double,True,2.1187020000000003,True,True,,0.290056,2.408758
0,180,40,1000,0,1.0,0_180_40_1000_0,aux_gap_half,True,2.1187020000000003,True,True,,0.290056,2.408758
0,180,40,1000,0,1.0,0_180_40_1000_0,aux_gap_double,True,2.1187020000000003,True,True,,0.290056,2.408758
0,180,40,1000,1,1.0,0_180_40_1000_1,current,True,2.11864,True,True,,0.290979,2.409619
0,180,40,1000,1,1.0,0_180_40_1000_1,smoother_11,True,0.6899649999999999,True,False,,0.259303,0.949268
0,180,40,1000,1,1.0,0_180_40_1000_1,smoother_31,True,2.050984,True,True,,0.329637,2.380621
0,180,40,1000,1,1.0,0_180_40_1000_1,accel_gap_half,True,2.11864,True,True,,0.290979,2.409619
0,180,40,1000,1,1.0,0_180_40_1000_1,accel_gap_double,True,2.11864,True,True,,0.290979,2.409619
0,180,40,1000,1,1.0,0_180_40_1000_1,aux_gap_half,True,2.11864,True,True,,0.290979,2.409619
0,180,40,1000,1,1.0,0_180_40_1000_1,aux_gap_double,True,2.11864,True,True,,0.290979,2.409619
0,225,40,500,0,0.5,0_225_40_500_0,current,True,2.1296079999999997,True,True,,0.280177595,2.409785595
0,225,40,500,0,0.5,0_225_40_500_0,smoother_11,True,1.181174,True,True,,0.979298595,2.160472595
0,225,40,500,0,0.5,0_225_40_500_0,smoother_31,True,2.0692999999999997,True,True,,0.310004595,2.379304595
0,225,40,500,0,0.5,0_225_40_500_0,accel_gap_half,True,2.1296079999999997,True,True,,0.280177595,2.409785595
0,225,40,500,0,0.5,0_225_40_500_0,accel_gap_double,True,2.1296079999999997,True,True,,0.280177595,2.409785595
0,225,40,500,0,0.5,0_225_40_500_0,aux_gap_half,True,2.1296079999999997,True,True,,0.280177595,2.409785595
0,225,40,500,0,0.5,0_225_40_500_0,aux_gap_double,True,2.1296079999999997,True,True,,0.280177595,2.409785595
0,225,40,500,1,0.5,0_225_40_500_1,current,True,2.129091,True,True,,0.290619854,2.419710854
0,225,40,500,1,0.5,0_225_40_500_1,smoother_11,True,0.44107700000000005,False,False,,0.559536854,1.000613854
0,225,40,500,1,0.5,0_225_40_500_1,smoother_31,True,2.059525,True,True,,0.320047854,2.379572854
0,225,40,500,1,0.5,0_225_40_500_1,accel_gap_half,True,2.129091,True,True,,0.290619854,2.419710854
0,225,40,500,1,0.5,0_225_40_500_1,accel_gap_double,True,2.129091,True,True,,0.290619854,2.419710854
0,225,40,500,1,0.5,0_225_40_500_1,aux_gap_half,True,2.129091,True,True,,0.290619854,2.419710854
0,225,40,500,1,0.5,0_225_40_500_1,aux_gap_double,True,2.129091,True,True,,0.290619854,2.419710854
0,225,40,1000,0,1.0,0_225_40_1000_0,current,True,1.038094,True,True,,0.481161,1.519255
0,225,40,1000,0,1.0,0_225_40_1000_0,smoother_11,True,0.7811330000000001,True,False,,1.599383,2.380516
0,225,40,1000,0,1.0,0_225_40_1000_0,smoother_31,True,2.06036,True,True,,0.320156,2.380516
0,225,40,1000,0,1.0,0_225_40_1000_0,accel_gap_half,True,1.038094,True,True,,0.481161,1.519255
0,225,40,1000,0,1.0,0_225_40_1000_0,accel_gap_double,True,1.038094,True,True,,0.481161,1.519255
0,225,40,1000,0,1.0,0_225_40_1000_0,aux_gap_half,True,1.038094,True,True,,0.481161,1.519255
0,225,40,1000,0,1.0,0_225_40_1000_0,aux_gap_double,True,1.038094,True,True,,0.481161,1.519255
0,225,40,1000,1,1.0,0_225_40_1000_1,current,True,2.1305880000000004,True,True,,0.290224,2.420812
0,225,40,1000,1,1.0,0_225_40_1000_1,smoother_11,True,0.630791,True,False,,0.889172,1.519963
0,225,40,1000,1,1.0,0_225_40_1000_1,smoother_31,True,2.059495,True,True,,0.329614,2.389109
0,225,40,1000,1,1.0,0_225_40_1000_1,accel_gap_half,True,2.1305880000000004,True,True,,0.290224,2.420812
0,225,40,1000,1,1.0,0_225_40_1000_1,accel_gap_double,True,2.1305880000000004,True,True,,0.290224,2.420812
0,225,40,1000,1,1.0,0_225_40_1000_1,aux_gap_half,True,2.1305880000000004,True,True,,0.290224,2.420812
0,225,40,1000,1,1.0,0_225_40_1000_1,aux_gap_double,True,2.1305880000000004,True,True,,0.290224,2.420812
0,270,40,500,0,0.5,0_270_40_500_0,current,True,2.119296,True,True,,0.290314129,2.409610129
0,270,40,500,0,0.5,0_270_40_500_0,smoother_11,True,0.5803149999999999,True,False,,0.560657129,1.140972129
0,270,40,500,0,0.5,0_270_40_500_0,smoother_31,True,2.0596740000000002,True,True,,0.320010129,2.379684129
0,270,40,500,0,0.5,0_270_40_500_0,accel_gap_half,True,2.119296,True,True,,0.290314129,2.409610129
0,270,40,500,0,0.5,0_270_40_500_0,accel_gap_double,True,2.119296,True,True,,0.290314129,2.409610129
0,270,40,500,0,0.5,0_270_40_500_0,aux_gap_half,True,2.119296,True,True,,0.290314129,2.409610129
0,270,40,500,0,0.5,0_270_40_500_0,aux_gap_double,True,2.119296,True,True,,0.290314129,2.409610129
0,270,40,500,1,0.5,0_270_40_500_1,current,True,2.129865,True,True,,0.280261,2.410126
0,270,40,500,1,0.5,0_270_40_500_1,smoother_11,True,0.9502190000000001,True,False,,0.250535,1.200754
0,270,40,500,1,0.5,0_270_40_500_1,smoother_31,True,2.07056,True,True,,0.31,2.38056
0,270,40,500,1,0.5,0_270_40_500_1,accel_gap_half,True,2.129865,True,True,,0.280261,2.410126
0,270,40,500,1,0.5,0_270_40_500_1,accel_gap_double,True,2.129865,True,True,,0.280261,2.410126
0,270,40,500,1,0.5,0_270_40_500_1,aux_gap_half,True,2.129865,True,True,,0.280261,2.410126
0,270,40,500,1,0.5,0_270_40_500_1,aux_gap_double,True,2.129865,True,True,,0.280261,2.410126
0,270,40,1000,0,1.0,0_270_40_1000_0,current,True,2.131082,True,True,,0.289357,2.420439
0,270,40,1000,0,1.0,0_270_40_1000_0,smoother_11,True,1.0883010000000002,True,True,,1.081052,2.169353
0,270,40,1000,0,1.0,0_270_40_1000_0,smoother_31,True,2.069605,True,True,,0.319954,2.389559
0,270,40,1000,0,1.0,0_270_40_1000_0,accel_gap_half,True,2.131082,True,True,,0.289357,2.420439
0,270,40,1000,0,1.0,0_270_40_1000_0,accel_gap_double,True,2.131082,True,True,,0.289357,2.420439
0,270,40,1000,0,1.0,0_270_40_1000_0,aux_gap_half,True,2.131082,True,True,,0.289357,2.420439
0,270,40,1000,0,1.0,0_270_40_1000_0,aux_gap_double,True,2.131082,True,True,,0.289357,2.420439
0,270,40,1000,1,1.0,0_270_40_1000_1,current,True,2.128974,True,True,,0.280396,2.40937
0,270,40,1000,1,1.0,0_270_40_1000_1,smoother_11,True,0.669492,True,False,,1.781212,2.450704
0,270,40,1000,1,1.0,0_270_40_1000_1,smoother_31,True,2.041325,True,True,,0.329403,2.370728
0,270,40,1000,1,1.0,0_270_40_1000_1,accel_gap_half,True,2.128974,True,True,,0.280396,2.40937
0,270,40,1000,1,1.0,0_270_40_1000_1,accel_gap_double,True,2.128974,True,True,,0.280396,2.40937
0,270,40,1000,1,1.0,0_270_40_1000_1,aux_gap_half,True,2.128974,True,True,,0.280396,2.40937
0,270,40,1000,1,1.0,0_270_40_1000_1,aux_gap_double,True,2.128974,True,True,,0.280396,2.40937
0,315,40,500,0,0.5,0_315_40_500_0,current,True,2.109642,True,True,,0.300668,2.41031
0,315,40,500,0,0.5,0_315_40_500_0,smoother_11,True,0.7189619999999999,True,False,,1.480988,2.19995
0,315,40,500,0,0.5,0_315_40_500_0,smoother_31,True,2.059955,True,True,,0.329017,2.388972
0,315,40,500,0,0.5,0_315_40_500_0,accel_gap_half,True,2.109642,True,True,,0.300668,2.41031
0,315,40,500,0,0.5,0_315_40_500_0,accel_gap_double,True,2.109642,True,True,,0.300668,2.41031
0,315,40,500,0,0.5,0_315_40_500_0,aux_gap_half,True,2.109642,True,True,,0.300668,2.41031
0,315,40,500,0,0.5,0_315_40_500_0,aux_gap_double,True,2.109642,True,True,,0.300668,2.41031
0,315,40,500,1,0.5,0_315_40_500_1,current,True,2.100459,True,True,,0.29989247,2.40035147
0,315,40,500,1,0.5,0_315_40_500_1,smoother_11,True,1.041126,True,True,,0.26983547,1.31096147
0,315,40,500,1,0.5,0_315_40_500_1,smoother_31,True,2.0501139999999998,True,True,,0.33042147,2.38053547
0,315,40,500,1,0.5,0_315_40_500_1,accel_gap_half,True,2.100459,True,True,,0.29989247,2.40035147
0,315,40,500,1,0.5,0_315_40_500_1,accel_gap_double,True,2.100459,True,True,,0.29989247,2.40035147
0,315,40,500,1,0.5,0_315_40_500_1,aux_gap_half,True,2.100459,True,True,,0.29989247,2.40035147
0,315,40,500,1,0.5,0_315_40_500_1,aux_gap_double,True,2.100459,True,True,,0.29989247,2.40035147
0,315,40,1000,0,1.0,0_315_40_1000_0,current,True,2.120963,True,True,,0.298690315,2.419653315
0,315,40,1000,0,1.0,0_315_40_1000_0,smoother_11,True,1.130868,True,True,,0.269242315,1.400110315
0,315,40,1000,0,1.0,0_315_40_1000_0,smoother_31,True,2.069117,True,True,,0.330105315,2.399222315
0,315,40,1000,0,1.0,0_315_40_1000_0,accel_gap_half,True,2.120963,True,True,,0.298690315,2.419653315
0,315,40,1000,0,1.0,0_315_40_1000_0,accel_gap_double,True,2.120963,True,True,,0.298690315,2.419653315
0,315,40,1000,0,1.0,0_315_40_1000_0,aux_gap_half,True,2.120963,True,True,,0.298690315,2.419653315
0,315,40,1000,0,1.0,0_315_40_1000_0,aux_gap_double,True,2.120963,True,True,,0.298690315,2.419653315
0,315,40,1000,1,1.0,0_315_40_1000_1,current,True,2.118705,True,True,,0.280716,2.399421
0,315,40,1000,1,1.0,0_315_40_1000_1,smoother_11,True,0.809947,True,False,,1.620217,2.430164
0,315,40,1000,1,1.0,0_315_40_1000_1,smoother_31,True,2.0697579999999998,True,True,,0.30966,2.379418
0,315,40,1000,1,1.0,0_315_40_1000_1,accel_gap_half,True,2.118705,True,True,,0.280716,2.399421
0,315,40,1000,1,1.0,0_315_40_1000_1,accel_gap_double,True,2.118705,True,True,,0.280716,2.399421
0,315,40,1000,1,1.0,0_315_40_1000_1,aux_gap_half,True,2.118705,True,True,,0.280716,2.399421
0,315,40,1000,1,1.0,0_315_40_1000_1,aux_gap_double,True,2.118705,True,True,,0.280716,2.399421
0,0,60,500,0,0.5,0_0_60_500_0,current,True,1.380055,True,True,,0.329964494,1.710019494
0,0,60,500,0,0.5,0_0_60_500_0,smoother_11,True,0.48903299999999994,False,False,,0.550158494,1.039191494
0,0,60,500,0,0.5,0_0_60_500_0,smoother_31,True,1.308863,True,True,,0.361125494,1.669988494
0,0,60,500,0,0.5,0_0_60_500_0,accel_gap_half,True,1.380055,True,True,,0.329964494,1.710019494
0,0,60,500,0,0.5,0_0_60_500_0,accel_gap_double,True,1.380055,True,True,,0.329964494,1.710019494
0,0,60,500,0,0.5,0_0_60_500_0,aux_gap_half,True,1.380055,True,True,,0.329964494,1.710019494
0,0,60,500,0,0.5,0_0_60_500_0,aux_gap_double,True,1.380055,True,True,,0.329964494,1.710019494
0,0,60,500,1,0.5,0_0_60_500_1,current,True,1.369863,True,True,,0.350655917,1.720518917
0,0,60,500,1,0.5,0_0_60_500_1,smoother_11,True,0.5196369999999999,True,False,,0.320748917,0.840385917
0,0,60,500,1,0.5,0_0_60_500_1,smoother_31,True,1.299543,True,True,,0.380404917,1.679947917
0,0,60,500,1,0.5,0_0_60_500_1,accel_gap_half,True,1.369863,True,True,,0.350655917,1.720518917
0,0,60,500,1,0.5,0_0_60_500_1,accel_gap_double,True,1.369863,True,True,,0.350655917,1.720518917
0,0,60,500,1,0.5,0_0_60_500_1,aux_gap_half,True,1.369863,True,True,,0.350655917,1.720518917
0,0,60,500,1,0.5,0_0_60_500_1,aux_gap_double,True,1.369863,True,True,,0.350655917,1.720518917
0,0,60,1000,0,1.0,0_0_60_1000_0,current,True,1.370279,True,True,,0.360238606,1.730517606
0,0,60,1000,0,1.0,0_0_60_1000_0,smoother_11,True,0.469788,False,False,,0.750397606,1.220185606
0,0,60,1000,0,1.0,0_0_60_1000_0,smoother_31,True,1.310036,True,True,,0.390052606,1.700088606
0,0,60,1000,0,1.0,0_0_60_1000_0,accel_gap_half,True,1.370279,True,True,,0.360238606,1.730517606
0,0,60,1000,0,1.0,0_0_60_1000_0,accel_gap_double,True,1.370279,True,True,,0.360238606,1.730517606
0,0,60,1000,0,1.0,0_0_60_1000_0,aux_gap_half,True,1.370279,True,True,,0.360238606,1.730517606
0,0,60,1000,0,1.0,0_0_60_1000_0,aux_gap_double,True,1.370279,True,True,,0.360238606,1.730517606
0,0,60,1000,1,1.0,0_0_60_1000_1,current,True,1.3898679999999999,True,True,,0.329873081,1.719741081
0,0,60,1000,1,1.0,0_0_60_1000_1,smoother_11,True,0.919831,True,False,,0.769943081,1.689774081
0,0,60,1000,1,1.0,0_0_60_1000_1,smoother_31,True,1.368452,True,True,,0.360741081,1.729193081
0,0,60,1000,1,1.0,0_0_60_1000_1,accel_gap_half,True,1.3898679999999999,True,True,,0.329873081,1.719741081
0,0,60,1000,1,1.0,0_0_60_1000_1,accel_gap_double,True,1.3898679999999999,True,True,,0.329873081,1.719741081
0,0,60,1000,1,1.0,0_0_60_1000_1,aux_gap_half,True,1.3898679999999999,True,True,,0.329873081,1.719741081
0,0,60,1000,1,1.0,0_0_60_1000_1,aux_gap_double,True,1.3898679999999999,True,True,,0.329873081,1.719741081
0,45,60,500,0,0.5,0_45_60_500_0,current,True,1.1680949999999999,True,True,,0.300913749,1.469008749
0,45,60,500,0,0.5,0_45_60_500_0,smoother_11,True,0.711395,True,False,,0.278790749,0.990185749
0,45,60,500,0,0.5,0_45_60_500_0,smoother_31,True,1.3212169999999999,True,True,,0.329409749,1.650626749
0,45,60,500,0,0.5,0_45_60_500_0,accel_gap_half,True,1.1680949999999999,True,True,,0.300913749,1.469008749
0,45,60,500,0,0.5,0_45_60_500_0,accel_gap_double,True,1.1680949999999999,True,True,,0.300913749,1.469008749
0,45,60,500,0,0.5,0_45_60_500_0,aux_gap_half,True,1.1680949999999999,True,True,,0.300913749,1.469008749
0,45,60,500,0,0.5,0_45_60_500_0,aux_gap_double,True,1.1680949999999999,True,True,,0.300913749,1.469008749
0,45,60,500,1,0.5,0_45_60_500_1,current,True,1.370864,True,True,,0.289815,1.660679
0,45,60,500,1,0.5,0_45_60_500_1,smoother_11,True,0.6105830000000001,True,False,,0.48979,1.100373
0,45,60,500,1,0.5,0_45_60_500_1,smoother_31,True,1.300808,True,True,,0.319904,1.620712
0,45,60,500,1,0.5,0_45_60_500_1,accel_gap_half,True,1.370864,True,True,,0.289815,1.660679
0,45,60,500,1,0.5,0_45_60_500_1,accel_gap_double,True,1.370864,True,True,,0.289815,1.660679
0,45,60,500,1,0.5,0_45_60_500_1,aux_gap_half,True,1.370864,True,True,,0.289815,1.660679
0,45,60,500,1,0.5,0_45_60_500_1,aux_gap_double,True,1.370864,True,True,,0.289815,1.660679
0,45,60,1000,0,1.0,0_45_60_1000_0,current,True,1.360496,True,True,,0.30008,1.660576
0,45,60,1000,0,1.0,0_45_60_1000_0,smoother_11,True,0.841033,True,False,,0.849533,1.690566
0,45,60,1000,0,1.0,0_45_60_1000_0,smoother_31,True,1.310911,True,True,,0.329717,1.640628
0,45,60,1000,0,1.0,0_45_60_1000_0,accel_gap_half,True,1.360496,True,True,,0.30008,1.660576
0,45,60,1000,0,1.0,0_45_60_1000_0,accel_gap_double,True,1.360496,True,True,,0.30008,1.660576
0,45,60,1000,0,1.0,0_45_60_1000_0,aux_gap_half,True,1.360496,True,True,,0.30008,1.660576
0,45,60,1000,0,1.0,0_45_60_1000_0,aux_gap_double,True,1.360496,True,True,,0.30008,1.660576
0,45,60,1000,1,1.0,0_45_60_1000_1,current,True,1.370189,True,True,,0.310152,1.680341
0,45,60,1000,1,1.0,0_45_60_1000_1,smoother_11,True,0.9606049999999999,True,False,,0.449826,1.410431
0,45,60,1000,1,1.0,0_45_60_1000_1,smoother_31,True,1.310664,True,True,,0.349532,1.660196
0,45,60,1000,1,1.0,0_45_60_1000_1,accel_gap_half,True,1.370189,True,True,,0.310152,1.680341
0,45,60,1000,1,1.0,0_45_60_1000_1,accel_gap_double,True,1.370189,True,True,,0.310152,1.680341
0,45,60,1000,1,1.0,0_45_60_1000_1,aux_gap_half,True,1.370189,True,True,,0.310152,1.680341
0,45,60,1000,1,1.0,0_45_60_1000_1,aux_gap_double,True,1.370189,True,True,,0.310152,1.680341
0,90,60,500,0,0.5,0_90_60_500_0,current,True,1.380589,True,True,,0.299177,1.679766
0,90,60,500,0,0.5,0_90_60_500_0,smoother_11,True,0.510008,True,False,,0.459991,0.969999
0,90,60,500,0,0.5,0_90_60_500_0,smoother_31,True,1.328464,True,True,,0.340817,1.669281
0,90,60,500,0,0.5,0_90_60_500_0,accel_gap_half,True,1.380589,True,True,,0.299177,1.679766
0,90,60,500,0,0.5,0_90_60_500_0,accel_gap_double,True,1.380589,True,True,,0.299177,1.679766
0,90,60,500,0,0.5,0_90_60_500_0,aux_gap_half,True,1.380589,True,True,,0.299177,1.679766
0,90,60,500,0,0.5,0_90_60_500_0,aux_gap_double,True,1.380589,True,True,,0.299177,1.679766
0,90,60,500,1,0.5,0_90_60_500_1,current,True,0.6597440000000001,True,False,,1.019907,1.679651
0,90,60,500,1,0.5,0_90_60_500_1,smoother_11,True,0.6611660000000001,True,False,,1.048676,1.709842
0,90,60,500,1,0.5,0_90_60_500_1,smoother_31,True,1.330164,True,True,,0.339361,1.669525
0,90,60,500,1,0.5,0_90_60_500_1,accel_gap_half,True,0.6597440000000001,True,False,,1.019907,1.679651
0,90,60,500,1,0.5,0_90_60_500_1,accel_gap_double,True,0.6597440000000001,True,False,,1.019907,1.679651
0,90,60,500,1,0.5,0_90_60_500_1,aux_gap_half,True,0.6597440000000001,True,False,,1.019907,1.679651
0,90,60,500,1,0.5,0_90_60_500_1,aux_gap_double,True,0.6597440000000001,True,False,,1.019907,1.679651
0,90,60,1000,0,1.0,0_90_60_1000_0,current,True,1.378606,True,True,,0.300383678,1.678989678
0,90,60,1000,0,1.0,0_90_60_1000_0,smoother_11,True,0.9299149999999999,True,False,,0.770797678,1.700712678
0,90,60,1000,0,1.0,0_90_60_1000_0,smoother_31,True,1.319261,True,True,,0.330230678,1.649491678
0,90,60,1000,0,1.0,0_90_60_1000_0,accel_gap_half,True,1.378606,True,True,,0.300383678,1.678989678
0,90,60,1000,0,1.0,0_90_60_1000_0,accel_gap_double,True,1.378606,True,True,,0.300383678,1.678989678
0,90,60,1000,0,1.0,0_90_60_1000_0,aux_gap_half,True,1.378606,True,True,,0.300383678,1.678989678
0,90,60,1000,0,1.0,0_90_60_1000_0,aux_gap_double,True,1.378606,True,True,,0.300383678,1.678989678
0,90,60,1000,1,1.0,0_90_60_1000_1,current,True,1.3803779999999999,True,True,,0.279333535,1.659711535
0,90,60,1000,1,1.0,0_90_60_1000_1,smoother_11,True,0.469924,False,False,,1.220357535,1.690281535
0,90,60,1000,1,1.0,0_90_60_1000_1,smoother_31,True,1.3216649999999999,True,True,,0.309121535,1.630786535
0,90,60,1000,1,1.0,0_90_60_1000_1,accel_gap_half,True,1.3803779999999999,True,True,,0.279333535,1.659711535
0,90,60,1000,1,1.0,0_90_60_1000_1,accel_gap_double,True,1.3803779999999999,True,True,,0.279333535,1.659711535
0,90,60,1000,1,1.0,0_90_60_1000_1,aux_gap_half,True,1.3803779999999999,True,True,,0.279333535,1.659711535
0,90,60,1000,1,1.0,0_90_60_1000_1,aux_gap_double,True,1.3803779999999999,True,True,,0.279333535,1.659711535
0,135,60,500,0,0.5,0_135_60_500_0,current,True,1.370099,True,True,,0.311162,1.681261
0,135,60,500,0,0.5,0_135_60_500_0,smoother_11,True,0.6096429999999999,True,False,,0.280745,0.890388
0,135,60,500,0,0.5,0_135_60_500_0,smoother_31,True,1.299704,True,True,,0.350827,1.650531
0,135,60,500,0,0.5,0_135_60_500_0,accel_gap_half,True,1.370099,True,True,,0.311162,1.681261
0,135,60,500,0,0.5,0_135_60_500_0,accel_gap_double,True,1.370099,True,True,,0.311162,1.681261
0,135,60,500,0,0.5,0_135_60_500_0,aux_gap_half,True,1.370099,True,True,,0.311162,1.681261
0,135,60,500,0,0.5,0_135_60_500_0,aux_gap_double,True,1.370099,True,True,,0.311162,1.681261
0,135,60,500,1,0.5,0_135_60_500_1,current,True,1.359494,True,True,,0.311126,1.67062
0,135,60,500,1,0.5,0_135_60_500_1,smoother_11,True,0.7015290000000001,True,False,,0.278989,0.980518
0,135,60,500,1,0.5,0_135_60_500_1,smoother_31,True,1.299522,True,True,,0.340525,1.640047
0,135,60,500,1,0.5,0_135_60_500_1,accel_gap_half,True,1.359494,True,True,,0.311126,1.67062
0,135,60,500,1,0.5,0_135_60_500_1,accel_gap_double,True,1.359494,True,True,,0.311126,1.67062
0,135,60,500,1,0.5,0_135_60_500_1,aux_gap_half,True,1.359494,True,True,,0.311126,1.67062
0,135,60,500,1,0.5,0_135_60_500_1,aux_gap_double,True,1.359494,True,True,,0.311126,1.67062
0,135,60,1000,0,1.0,0_135_60_1000_0,current,True,1.35103,True,True,,0.309059,1.660089
0,135,60,1000,0,1.0,0_135_60_1000_0,smoother_11,True,0.4920499999999999,False,False,,1.209054,1.701104
0,135,60,1000,0,1.0,0_135_60_1000_0,smoother_31,True,1.309065,True,True,,0.330218,1.639283
0,135,60,1000,0,1.0,0_135_60_1000_0,accel_gap_half,True,1.35103,True,True,,0.309059,1.660089
0,135,60,1000,0,1.0,0_135_60_1000_0,accel_gap_double,True,1.35103,True,True,,0.309059,1.660089
0,135,60,1000,0,1.0,0_135_60_1000_0,aux_gap_half,True,1.35103,True,True,,0.309059,1.660089
0,135,60,1000,0,1.0,0_135_60_1000_0,aux_gap_double,True,1.35103,True,True,,0.309059,1.660089
0,135,60,1000,1,1.0,0_135_60_1000_1,current,True,1.369631,True,True,,0.299849,1.66948
0,135,60,1000,1,1.0,0_135_60_1000_1,smoother_11,True,0.43945900000000004,False,False,,1.199951,1.63941
0,135,60,1000,1,1.0,0_135_60_1000_1,smoother_31,True,1.3095750000000002,True,True,,0.329835,1.63941
0,135,60,1000,1,1.0,0_135_60_1000_1,accel_gap_half,True,1.369631,True,True,,0.299849,1.66948
0,135,60,1000,1,1.0,0_135_60_1000_1,accel_gap_double,True,1.369631,True,True,,0.299849,1.66948
0,135,60,1000,1,1.0,0_135_60_1000_1,aux_gap_half,True,1.369631,True,True,,0.299849,1.66948
0,135,60,1000,1,1.0,0_135_60_1000_1,aux_gap_double,True,1.369631,True,True,,0.299849,1.66948
0,180,60,500,0,0.5,0_180_60_500_0,current,True,1.3600979999999998,True,True,,0.309543,1.669641
0,180,60,500,0,0.5,0_180_60_500_0,smoother_11,True,0.780151,True,False,,0.909381,1.689532
0,180,60,500,0,0.5,0_180_60_500_0,smoother_31,True,1.3004470000000001,True,True,,0.339643,1.64009
0,180,60,500,0,0.5,0_180_60_500_0,accel_gap_half,True,1.3600979999999998,True,True,,0.309543,1.669641
0,180,60,500,0,0.5,0_180_60_500_0,accel_gap_double,True,1.3600979999999998,True,True,,0.309543,1.669641
0,180,60,500,0,0.5,0_180_60_500_0,aux_gap_half,True,1.3600979999999998,True,True,,0.309543,1.669641
0,180,60,500,0,0.5,0_180_60_500_0,aux_gap_double,True,1.3600979999999998,True,True,,0.309543,1.669641
0,180,60,500,1,0.5,0_180_60_500_1,current,True,1.369731,True,True,,0.300521529,1.670252529
0,180,60,500,1,0.5,0_180_60_500_1,smoother_11,True,0.8390949999999999,True,False,,0.280184529,1.119279529
0,180,60,500,1,0.5,0_180_60_500_1,smoother_31,True,1.299213,True,True,,0.330721529,1.629934529
0,180,60,500,1,0.5,0_180_60_500_1,accel_gap_half,True,1.369731,True,True,,0.300521529,1.670252529
0,180,60,500,1,0.5,0_180_60_500_1,accel_gap_double,True,1.369731,True,True,,0.300521529,1.670252529
0,180,60,500,1,0.5,0_180_60_500_1,aux_gap_half,True,1.369731,True,True,,0.300521529,1.670252529
0,180,60,500,1,0.5,0_180_60_500_1,aux_gap_double,True,1.369731,True,True,,0.300521529,1.670252529
0,180,60,1000,0,1.0,0_180_60_1000_0,current,True,0.8092,True,False,,0.310593,1.119793
0,180,60,1000,0,1.0,0_180_60_1000_0,smoother_11,True,0.540149,True,False,,1.160252,1.700401
0,180,60,1000,0,1.0,0_180_60_1000_0,smoother_31,True,1.311076,True,True,,0.339303,1.650379
0,180,60,1000,0,1.0,0_180_60_1000_0,accel_gap_half,True,0.8092,True,False,,0.310593,1.119793
0,180,60,1000,0,1.0,0_180_60_1000_0,accel_gap_double,True,0.8092,True,False,,0.310593,1.119793
0,180,60,1000,0,1.0,0_180_60_1000_0,aux_gap_half,True,0.8092,True,False,,0.310593,1.119793
0,180,60,1000,0,1.0,0_180_60_1000_0,aux_gap_double,True,0.8092,True,False,,0.310593,1.119793
0,180,60,1000,1,1.0,0_180_60_1000_1,current,True,0.960258,True,False,,0.699043,1.659301
0,180,60,1000,1,1.0,0_180_60_1000_1,smoother_11,True,0.93985,True,False,,0.710244,1.650094
0,180,60,1000,1,1.0,0_180_60_1000_1,smoother_31,True,1.299497,True,True,,0.329442,1.628939
0,180,60,1000,1,1.0,0_180_60_1000_1,accel_gap_half,True,0.960258,True,False,,0.699043,1.659301
0,180,60,1000,1,1.0,0_180_60_1000_1,accel_gap_double,True,0.960258,True,False,,0.699043,1.659301
0,180,60,1000,1,1.0,0_180_60_1000_1,aux_gap_half,True,0.960258,True,False,,0.699043,1.659301
0,180,60,1000,1,1.0,0_180_60_1000_1,aux_gap_double,True,0.960258,True,False,,0.699043,1.659301
0,225,60,500,0,0.5,0_225_60_500_0,current,True,1.3792399999999998,True,True,,0.291117269,1.670357269
0,225,60,500,0,0.5,0_225_60_500_0,smoother_11,True,0.69042,True,False,,0.260128269,0.950548269
0,225,60,500,0,0.5,0_225_60_500_0,smoother_31,True,1.3189440000000001,True,True,,0.319644269,1.638588269
0,225,60,500,0,0.5,0_225_60_500_0,accel_gap_half,True,1.3792399999999998,True,True,,0.291117269,1.670357269
0,225,60,500,0,0.5,0_225_60_500_0,accel_gap_double,True,1.3792399999999998,True,True,,0.291117269,1.670357269
0,225,60,500,0,0.5,0_225_60_500_0,aux_gap_half,True,1.3792399999999998,True,True,,0.291117269,1.670357269
0,225,60,500,0,0.5,0_225_60_500_0,aux_gap_double,True,1.3792399999999998,True,True,,0.291117269,1.670357269
0,225,60,500,1,0.5,0_225_60_500_1,current,True,1.360951,True,True,,0.319408016,1.680359016
0,225,60,500,1,0.5,0_225_60_500_1,smoother_11,True,0.7204729999999999,True,False,,0.290775016,1.011248016
0,225,60,500,1,0.5,0_225_60_500_1,smoother_31,True,1.298325,True,True,,0.351288016,1.649613016
0,225,60,500,1,0.5,0_225_60_500_1,accel_gap_half,True,1.360951,True,True,,0.319408016,1.680359016
0,225,60,500,1,0.5,0_225_60_500_1,accel_gap_double,True,1.360951,True,True,,0.319408016,1.680359016
0,225,60,500,1,0.5,0_225_60_500_1,aux_gap_half,True,1.360951,True,True,,0.319408016,1.680359016
0,225,60,500,1,0.5,0_225_60_500_1,aux_gap_double,True,1.360951,True,True,,0.319408016,1.680359016
0,225,60,1000,0,1.0,0_225_60_1000_0,current,True,1.3587,True,True,,0.330745,1.689445
0,225,60,1000,0,1.0,0_225_60_1000_0,smoother_11,True,0.47002500000000014,False,False,,1.129854,1.599879
0,225,60,1000,0,1.0,0_225_60_1000_0,smoother_31,True,1.300657,True,True,,0.349544,1.650201
0,225,60,1000,0,1.0,0_225_60_1000_0,accel_gap_half,True,1.3587,True,True,,0.330745,1.689445
0,225,60,1000,0,1.0,0_225_60_1000_0,accel_gap_double,True,1.3587,True,True,,0.330745,1.689445
0,225,60,1000,0,1.0,0_225_60_1000_0,aux_gap_half,True,1.3587,True,True,,0.330745,1.689445
0,225,60,1000,0,1.0,0_225_60_1000_0,aux_gap_double,True,1.3587,True,True,,0.330745,1.689445
0,225,60,1000,1,1.0,0_225_60_1000_1,current,True,1.360135,True,True,,0.309326,1.669461
0,225,60,1000,1,1.0,0_225_60_1000_1,smoother_11,True,0.8598330000000001,True,False,,0.840668,1.700501
0,225,60,1000,1,1.0,0_225_60_1000_1,smoother_31,True,1.301622,True,True,,0.339508,1.64113
0,225,60,1000,1,1.0,0_225_60_1000_1,accel_gap_half,True,1.360135,True,True,,0.309326,1.669461
0,225,60,1000,1,1.0,0_225_60_1000_1,accel_gap_double,True,1.360135,True,True,,0.309326,1.669461
0,225,60,1000,1,1.0,0_225_60_1000_1,aux_gap_half,True,1.360135,True,True,,0.309326,1.669461
0,225,60,1000,1,1.0,0_225_60_1000_1,aux_gap_double,True,1.360135,True,True,,0.309326,1.669461
0,270,60,500,0,0.5,0_270_60_500_0,current,True,1.179042,True,True,,0.319948,1.49899
0,270,60,500,0,0.5,0_270_60_500_0,smoother_11,True,1.029861,True,True,,0.410165,1.440026
0,270,60,500,0,0.5,0_270_60_500_0,smoother_31,True,1.309976,True,True,,0.349637,1.659613
0,270,60,500,0,0.5,0_270_60_500_0,accel_gap_half,True,1.179042,True,True,,0.319948,1.49899
0,270,60,500,0,0.5,0_270_60_500_0,accel_gap_double,True,1.179042,True,True,,0.319948,1.49899
0,270,60,500,0,0.5,0_270_60_500_0,aux_gap_half,True,1.179042,True,True,,0.319948,1.49899
0,270,60,500,0,0.5,0_270_60_500_0,aux_gap_double,True,1.179042,True,True,,0.319948,1.49899
0,270,60,500,1,0.5,0_270_60_500_1,current,True,1.379273,True,True,,0.290714587,1.669987587
0,270,60,500,1,0.5,0_270_60_500_1,smoother_11,True,0.76021,True,False,,0.940179587,1.700389587
0,270,60,500,1,0.5,0_270_60_500_1,smoother_31,True,1.3109030000000002,True,True,,0.329021587,1.639924587
0,270,60,500,1,0.5,0_270_60_500_1,accel_gap_half,True,1.379273,True,True,,0.290714587,1.669987587
0,270,60,500,1,0.5,0_270_60_500_1,accel_gap_double,True,1.379273,True,True,,0.290714587,1.669987587
0,270,60,500,1,0.5,0_270_60_500_1,aux_gap_half,True,1.379273,True,True,,0.290714587,1.669987587
0,270,60,500,1,0.5,0_270_60_500_1,aux_gap_double,True,1.379273,True,True,,0.290714587,1.669987587
0,270,60,1000,0,1.0,0_270_60_1000_0,current,True,0.6711560000000001,True,False,,0.329472,1.000628
0,270,60,1000,0,1.0,0_270_60_1000_0,smoother_11,True,0.589745,True,False,,0.300382,0.890127
0,270,60,1000,0,1.0,0_270_60_1000_0,smoother_31,True,1.309059,True,True,,0.360305,1.669364
0,270,60,1000,0,1.0,0_270_60_1000_0,accel_gap_half,True,0.6711560000000001,True,False,,0.329472,1.000628
0,270,60,1000,0,1.0,0_270_60_1000_0,accel_gap_double,True,0.6711560000000001,True,False,,0.329472,1.000628
0,270,60,1000,0,1.0,0_270_60_1000_0,aux_gap_half,True,0.6711560000000001,True,False,,0.329472,1.000628
0,270,60,1000,0,1.0,0_270_60_1000_0,aux_gap_double,True,0.6711560000000001,True,False,,0.329472,1.000628
0,270,60,1000,1,1.0,0_270_60_1000_1,current,True,1.179035,True,True,,0.480875,1.65991
0,270,60,1000,1,1.0,0_270_60_1000_1,smoother_11,True,0.47954300000000005,False,False,,0.519994,0.999537
0,270,60,1000,1,1.0,0_270_60_1000_1,smoother_31,True,1.308259,True,True,,0.321019,1.629278
0,270,60,1000,1,1.0,0_270_60_1000_1,accel_gap_half,True,1.179035,True,True,,0.480875,1.65991
0,270,60,1000,1,1.0,0_270_60_1000_1,accel_gap_double,True,1.179035,True,True,,0.480875,1.65991
0,270,60,1000,1,1.0,0_270_60_1000_1,aux_gap_half,True,1.179035,True,True,,0.480875,1.65991
0,270,60,1000,1,1.0,0_270_60_1000_1,aux_gap_double,True,1.179035,True,True,,0.480875,1.65991
0,315,60,500,0,0.5,0_315_60_500_0,current,True,1.359762,True,True,,0.310205,1.669967
0,315,60,500,0,0.5,0_315_60_500_0,smoother_11,True,1.170863,True,True,,0.27856,1.449423
0,315,60,500,0,0.5,0_315_60_500_0,smoother_31,True,1.318314,True,True,,0.330204,1.648518
0,315,60,500,0,0.5,0_315_60_500_0,accel_gap_half,True,1.359762,True,True,,0.310205,1.669967
0,315,60,500,0,0.5,0_315_60_500_0,accel_gap_double,True,1.359762,True,True,,0.310205,1.669967
0,315,60,500,0,0.5,0_315_60_500_0,aux_gap_half,True,1.359762,True,True,,0.310205,1.669967
0,315,60,500,0,0.5,0_315_60_500_0,aux_gap_double,True,1.359762,True,True,,0.310205,1.669967
0,315,60,500,1,0.5,0_315_60_500_1,current,True,1.3700240000000001,True,True,,0.309941144,1.679965144
0,315,60,500,1,0.5,0_315_60_500_1,smoother_11,True,0.65852,True,False,,0.720806144,1.379326144
0,315,60,500,1,0.5,0_315_60_500_1,smoother_31,True,1.3095919999999999,True,True,,0.340720144,1.650312144
0,315,60,500,1,0.5,0_315_60_500_1,accel_gap_half,True,1.3700240000000001,True,True,,0.309941144,1.679965144
0,315,60,500,1,0.5,0_315_60_500_1,accel_gap_double,True,1.3700240000000001,True,True,,0.309941144,1.679965144
0,315,60,500,1,0.5,0_315_60_500_1,aux_gap_half,True,1.3700240000000001,True,True,,0.309941144,1.679965144
0,315,60,500,1,0.5,0_315_60_500_1,aux_gap_double,True,1.3700240000000001,True,True,,0.309941144,1.679965144
0,315,60,1000,0,1.0,0_315_60_1000_0,current,True,1.35015,True,True,,0.309143607,1.659293607
0,315,60,1000,0,1.0,0_315_60_1000_0,smoother_11,True,0.8806980000000001,True,False,,0.818783607,1.699481607
0,315,60,1000,0,1.0,0_315_60_1000_0,smoother_31,True,1.2905900000000001,True,True,,0.339905607,1.630495607
0,315,60,1000,0,1.0,0_315_60_1000_0,accel_gap_half,True,1.35015,True,True,,0.309143607,1.659293607
0,315,60,1000,0,1.0,0_315_60_1000_0,accel_gap_double,True,1.35015,True,True,,0.309143607,1.659293607
0,315,60,1000,0,1.0,0_315_60_1000_0,aux_gap_half,True,1.35015,True,True,,0.309143607,1.659293607
0,315,60,1000,0,1.0,0_315_60_1000_0,aux_gap_double,True,1.35015,True,True,,0.309143607,1.659293607
0,315,60,1000,1,1.0,0_315_60_1000_1,current,True,1.35959,True,True,,0.299266,1.658856
0,315,60,1000,1,1.0,0_315_60_1000_1,smoother_11,True,0.6109100000000001,True,False,,0.438974,1.049884
0,315,60,1000,1,1.0,0_315_60_1000_1,smoother_31,True,1.308239,True,True,,0.34077,1.649009
0,315,60,1000,1,1.0,0_315_60_1000_1,accel_gap_half,True,1.35959,True,True,,0.299266,1.658856
0,315,60,1000,1,1.0,0_315_60_1000_1,accel_gap_double,True,1.35959,True,True,,0.299266,1.658856
0,315,60,1000,1,1.0,0_315_60_1000_1,aux_gap_half,True,1.35959,True,True,,0.299266,1.658856
0,315,60,1000,1,1.0,0_315_60_1000_1,aux_gap_double,True,1.35959,True,True,,0.299266,1.658856
38,0,20,500,0,0.5,38_0_20_500_0,current,True,3.6785609999999997,True,True,,1.011003,4.689564
38,0,20,500,0,0.5,38_0_20_500_0,smoother_11,True,1.5195190000000003,True,True,,2.940254,4.459773
38,0,20,500,0,0.5,38_0_20_500_0,smoother_31,True,4.349793,True,True,,0.320471,4.670264
38,0,20,500,0,0.5,38_0_20_500_0,accel_gap_half,True,3.6785609999999997,True,True,,1.011003,4.689564
38,0,20,500,0,0.5,38_0_20_500_0,accel_gap_double,True,3.6785609999999997,True,True,,1.011003,4.689564
38,0,20,500,0,0.5,38_0_20_500_0,aux_gap_half,True,3.6785609999999997,True,True,,1.011003,4.689564
38,0,20,500,0,0.5,38_0_20_500_0,aux_gap_double,True,3.6785609999999997,True,True,,1.011003,4.689564
38,0,20,500,1,0.5,38_0_20_500_1,current,True,4.039789,True,True,,0.289964,4.329753
38,0,20,500,1,0.5,38_0_20_500_1,smoother_11,True,0.9502030000000001,True,False,,0.259674,1.209877
38,0,20,500,1,0.5,38_0_20_500_1,smoother_31,True,4.350813,True,True,,0.319306,4.670119
38,0,20,500,1,0.5,38_0_20_500_1,accel_gap_half,True,4.039789,True,True,,0.289964,4.329753
38,0,20,500,1,0.5,38_0_20_500_1,accel_gap_double,True,4.039789,True,True,,0.289964,4.329753
38,0,20,500,1,0.5,38_0_20_500_1,aux_gap_half,True,4.039789,True,True,,0.289964,4.329753
38,0,20,500,1,0.5,38_0_20_500_1,aux_gap_double,True,4.039789,True,True,,0.289964,4.329753
38,0,20,1000,0,1.0,38_0_20_1000_0,current,True,3.05199,True,True,,0.288613274,3.340603274
38,0,20,1000,0,1.0,38_0_20_1000_0,smoother_11,True,0.960607,True,False,,0.258946274,1.219553274
38,0,20,1000,0,1.0,38_0_20_1000_0,smoother_31,True,4.351126000000001,True,True,,0.329803274,4.680929274
38,0,20,1000,0,1.0,38_0_20_1000_0,accel_gap_half,True,3.05199,True,True,,0.288613274,3.340603274
38,0,20,1000,0,1.0,38_0_20_1000_0,accel_gap_double,True,3.05199,True,True,,0.288613274,3.340603274
38,0,20,1000,0,1.0,38_0_20_1000_0,aux_gap_half,True,3.05199,True,True,,0.288613274,3.340603274
38,0,20,1000,0,1.0,38_0_20_1000_0,aux_gap_double,True,3.05199,True,True,,0.288613274,3.340603274
38,0,20,1000,1,1.0,38_0_20_1000_1,current,True,3.3612969999999995,True,True,,1.329498,4.690795
38,0,20,1000,1,1.0,38_0_20_1000_1,smoother_11,True,0.550584,True,False,,1.7493,2.299884
38,0,20,1000,1,1.0,38_0_20_1000_1,smoother_31,True,4.3502220000000005,True,True,,0.309479,4.659701
38,0,20,1000,1,1.0,38_0_20_1000_1,accel_gap_half,True,3.3612969999999995,True,True,,1.329498,4.690795
38,0,20,1000,1,1.0,38_0_20_1000_1,accel_gap_double,True,3.3612969999999995,True,True,,1.329498,4.690795
38,0,20,1000,1,1.0,38_0_20_1000_1,aux_gap_half,True,3.3612969999999995,True,True,,1.329498,4.690795
38,0,20,1000,1,1.0,38_0_20_1000_1,aux_gap_double,True,3.3612969999999995,True,True,,1.329498,4.690795
38,45,20,500,0,0.5,38_45_20_500_0,current,True,4.370459,True,True,,0.299364,4.669823
38,45,20,500,0,0.5,38_45_20_500_0,smoother_11,True,1.5882069999999997,True,True,,2.271326,3.859533
38,45,20,500,0,0.5,38_45_20_500_0,smoother_31,True,4.308945,True,True,,0.340529,4.649474
38,45,20,500,0,0.5,38_45_20_500_0,accel_gap_half,True,4.370459,True,True,,0.299364,4.669823
38,45,20,500,0,0.5,38_45_20_500_0,accel_gap_double,True,4.370459,True,True,,0.299364,4.669823
38,45,20,500,0,0.5,38_45_20_500_0,aux_gap_half,True,4.370459,True,True,,0.299364,4.669823
38,45,20,500,0,0.5,38_45_20_500_0,aux_gap_double,True,4.370459,True,True,,0.299364,4.669823
38,45,20,500,1,0.5,38_45_20_500_1,current,True,2.301518,True,True,,0.289589,2.591107
38,45,20,500,1,0.5,38_45_20_500_1,smoother_11,True,1.0604719999999999,True,True,,3.640499,4.700971
38,45,20,500,1,0.5,38_45_20_500_1,smoother_31,True,4.2993879999999995,True,True,,0.340162,4.63955
38,45,20,500,1,0.5,38_45_20_500_1,accel_gap_half,True,2.301518,True,True,,0.289589,2.591107
38,45,20,500,1,0.5,38_45_20_500_1,accel_gap_double,True,2.301518,True,True,,0.289589,2.591107
38,45,20,500,1,0.5,38_45_20_500_1,aux_gap_half,True,2.301518,True,True,,0.289589,2.591107
38,45,20,500,1,0.5,38_45_20_500_1,aux_gap_double,True,2.301518,True,True,,0.289589,2.591107
38,45,20,1000,0,1.0,38_45_20_1000_0,current,True,4.380135,True,True,,0.280378,4.660513
38,45,20,1000,0,1.0,38_45_20_1000_0,smoother_11,True,0.7487650000000001,True,False,,2.490058,3.238823
38,45,20,1000,0,1.0,38_45_20_1000_0,smoother_31,True,4.328148,True,True,,0.311143,4.639291
38,45,20,1000,0,1.0,38_45_20_1000_0,accel_gap_half,True,4.380135,True,True,,0.280378,4.660513
38,45,20,1000,0,1.0,38_45_20_1000_0,accel_gap_double,True,4.380135,True,True,,0.280378,4.660513
38,45,20,1000,0,1.0,38_45_20_1000_0,aux_gap_half,True,4.380135,True,True,,0.280378,4.660513
38,45,20,1000,0,1.0,38_45_20_1000_0,aux_gap_double,True,4.380135,True,True,,0.280378,4.660513
38,45,20,1000,1,1.0,38_45_20_1000_1,current,True,4.389176,True,True,,0.291341,4.680517
38,45,20,1000,1,1.0,38_45_20_1000_1,smoother_11,True,0.639257,True,False,,0.820924,1.460181
38,45,20,1000,1,1.0,38_45_20_1000_1,smoother_31,True,4.321493,True,True,,0.319592,4.641085
38,45,20,1000,1,1.0,38_45_20_1000_1,accel_gap_half,True,4.389176,True,True,,0.291341,4.680517
38,45,20,1000,1,1.0,38_45_20_1000_1,accel_gap_double,True,4.389176,True,True,,0.291341,4.680517
38,45,20,1000,1,1.0,38_45_20_1000_1,aux_gap_half,True,4.389176,True,True,,0.291341,4.680517
38,45,20,1000,1,1.0,38_45_20_1000_1,aux_gap_double,True,4.389176,True,True,,0.291341,4.680517
38,90,20,500,0,0.5,38_90_20_500_0,current,True,3.5692429999999997,True,True,,1.130369254,4.699612254
38,90,20,500,0,0.5,38_90_20_500_0,smoother_11,True,1.119449,True,True,,1.150082254,2.269531254
38,90,20,500,0,0.5,38_90_20_500_0,smoother_31,True,4.360725,True,True,,0.309921254,4.670646254
38,90,20,500,0,0.5,38_90_20_500_0,accel_gap_half,True,3.5692429999999997,True,True,,1.130369254,4.699612254
38,90,20,500,0,0.5,38_90_20_500_0,accel_gap_double,True,3.5692429999999997,True,True,,1.130369254,4.699612254
38,90,20,500,0,0.5,38_90_20_500_0,aux_gap_half,True,3.5692429999999997,True,True,,1.130369254,4.699612254
38,90,20,500,0,0.5,38_90_20_500_0,aux_gap_double,True,3.5692429999999997,True,True,,1.130369254,4.699612254
38,90,20,500,1,0.5,38_90_20_500_1,current,True,2.438676,True,True,,1.191026,3.629702
38,90,20,500,1,0.5,38_90_20_500_1,smoother_11,True,0.6691769999999999,True,False,,1.800777,2.469954
38,90,20,500,1,0.5,38_90_20_500_1,smoother_31,True,4.339857,True,True,,0.330308,4.670165
38,90,20,500,1,0.5,38_90_20_500_1,accel_gap_half,True,2.438676,True,True,,1.191026,3.629702
38,90,20,500,1,0.5,38_90_20_500_1,accel_gap_double,True,2.438676,True,True,,1.191026,3.629702
38,90,20,500,1,0.5,38_90_20_500_1,aux_gap_half,True,2.438676,True,True,,1.191026,3.629702
38,90,20,500,1,0.5,38_90_20_500_1,aux_gap_double,True,2.438676,True,True,,1.191026,3.629702
38,90,20,1000,0,1.0,38_90_20_1000_0,current,True,4.39986,True,True,,0.309946,4.709806
38,90,20,1000,0,1.0,38_90_20_1000_0,smoother_11,True,0.4705219999999999,False,False,,4.280425,4.750947
38,90,20,1000,0,1.0,38_90_20_1000_0,smoother_31,True,4.340241,True,True,,0.339307,4.679548
38,90,20,1000,0,1.0,38_90_20_1000_0,accel_gap_half,True,4.39986,True,True,,0.309946,4.709806
38,90,20,1000,0,1.0,38_90_20_1000_0,accel_gap_double,True,4.39986,True,True,,0.309946,4.709806
38,90,20,1000,0,1.0,38_90_20_1000_0,aux_gap_half,True,4.39986,True,True,,0.309946,4.709806
38,90,20,1000,0,1.0,38_90_20_1000_0,aux_gap_double,True,4.39986,True,True,,0.309946,4.709806
38,90,20,1000,1,1.0,38_90_20_1000_1,current,True,2.4802869999999997,True,True,,2.219533,4.69982
38,90,20,1000,1,1.0,38_90_20_1000_1,smoother_11,True,1.1195950000000003,True,True,,3.200984,4.320579
38,90,20,1000,1,1.0,38_90_20_1000_1,smoother_31,True,4.340293000000001,True,True,,0.33074,4.671033
38,90,20,1000,1,1.0,38_90_20_1000_1,accel_gap_half,True,2.4802869999999997,True,True,,2.219533,4.69982
38,90,20,1000,1,1.0,38_90_20_1000_1,accel_gap_double,True,2.4802869999999997,True,True,,2.219533,4.69982
38,90,20,1000,1,1.0,38_90_20_1000_1,aux_gap_half,True,2.4802869999999997,True,True,,2.219533,4.69982
38,90,20,1000,1,1.0,38_90_20_1000_1,aux_gap_double,True,2.4802869999999997,True,True,,2.219533,4.69982
38,135,20,500,0,0.5,38_135_20_500_0,current,True,4.3709489999999995,True,True,,0.288814548,4.659763548
38,135,20,500,0,0.5,38_135_20_500_0,smoother_11,True,1.1814620000000002,True,True,,1.359555548,2.541017548
38,135,20,500,0,0.5,38_135_20_500_0,smoother_31,True,4.311123,True,True,,0.319438548,4.630561548
38,135,20,500,0,0.5,38_135_20_500_0,accel_gap_half,True,4.3709489999999995,True,True,,0.288814548,4.659763548
38,135,20,500,0,0.5,38_135_20_500_0,accel_gap_double,True,4.3709489999999995,True,True,,0.288814548,4.659763548
38,135,20,500,0,0.5,38_135_20_500_0,aux_gap_half,True,4.3709489999999995,True,True,,0.288814548,4.659763548
38,135,20,500,0,0.5,38_135_20_500_0,aux_gap_double,True,4.3709489999999995,True,True,,0.288814548,4.659763548
38,135,20,500,1,0.5,38_135_20_500_1,current,True,2.7393940000000003,True,True,,1.951019,4.690413
38,135,20,500,1,0.5,38_135_20_500_1,smoother_11,True,2.0905679999999998,True,True,,2.420112,4.51068
38,135,20,500,1,0.5,38_135_20_500_1,smoother_31,True,4.3289979999999995,True,True,,0.320077,4.649075
38,135,20,500,1,0.5,38_135_20_500_1,accel_gap_half,True,2.7393940000000003,True,True,,1.951019,4.690413
38,135,20,500,1,0.5,38_135_20_500_1,accel_gap_double,True,2.7393940000000003,True,True,,1.951019,4.690413
38,135,20,500,1,0.5,38_135_20_500_1,aux_gap_half,True,2.7393940000000003,True,True,,1.951019,4.690413
38,135,20,500,1,0.5,38_135_20_500_1,aux_gap_double,True,2.7393940000000003,True,True,,1.951019,4.690413
38,135,20,1000,0,1.0,38_135_20_1000_0,current,True,4.378895999999999,True,True,,0.280827,4.659723
38,135,20,1000,0,1.0,38_135_20_1000_0,smoother_11,True,1.730728,True,True,,1.33961,3.070338
38,135,20,1000,0,1.0,38_135_20_1000_0,smoother_31,True,4.299054,True,True,,0.319659,4.618713
38,135,20,1000,0,1.0,38_135_20_1000_0,accel_gap_half,True,4.378895999999999,True,True,,0.280827,4.659723
38,135,20,1000,0,1.0,38_135_20_1000_0,accel_gap_double,True,4.378895999999999,True,True,,0.280827,4.659723
38,135,20,1000,0,1.0,38_135_20_1000_0,aux_gap_half,True,4.378895999999999,True,True,,0.280827,4.659723
38,135,20,1000,0,1.0,38_135_20_1000_0,aux_gap_double,True,4.378895999999999,True,True,,0.280827,4.659723
38,135,20,1000,1,1.0,38_135_20_1000_1,current,True,4.3792670000000005,True,True,,0.28098,4.660247
38,135,20,1000,1,1.0,38_135_20_1000_1,smoother_11,True,1.2494580000000002,True,True,,2.2211,3.470558
38,135,20,1000,1,1.0,38_135_20_1000_1,smoother_31,True,4.320081,True,True,,0.309689,4.62977
38,135,20,1000,1,1.0,38_135_20_1000_1,accel_gap_half,True,4.3792670000000005,True,True,,0.28098,4.660247
38,135,20,1000,1,1.0,38_135_20_1000_1,accel_gap_double,True,4.3792670000000005,True,True,,0.28098,4.660247
38,135,20,1000,1,1.0,38_135_20_1000_1,aux_gap_half,True,4.3792670000000005,True,True,,0.28098,4.660247
38,135,20,1000,1,1.0,38_135_20_1000_1,aux_gap_double,True,4.3792670000000005,True,True,,0.28098,4.660247
38,180,20,500,0,0.5,38_180_20_500_0,current,True,4.420479,True,True,,0.279316,4.699795
38,180,20,500,0,0.5,38_180_20_500_0,smoother_11,True,0.7603279999999999,True,False,,0.23987,1.000198
38,180,20,500,0,0.5,38_180_20_500_0,smoother_31,True,4.351001,True,True,,0.309164,4.660165
38,180,20,500,0,0.5,38_180_20_500_0,accel_gap_half,True,4.420479,True,True,,0.279316,4.699795
38,180,20,500,0,0.5,38_180_20_500_0,accel_gap_double,True,4.420479,True,True,,0.279316,4.699795
38,180,20,500,0,0.5,38_180_20_500_0,aux_gap_half,True,4.420479,True,True,,0.279316,4.699795
38,180,20,500,0,0.5,38_180_20_500_0,aux_gap_double,True,4.420479,True,True,,0.279316,4.699795
38,180,20,500,1,0.5,38_180_20_500_1,current,True,4.409917,True,True,,0.28111,4.691027
38,180,20,500,1,0.5,38_180_20_500_1,smoother_11,True,0.940671,True,False,,2.759711,3.700382
38,180,20,500,1,0.5,38_180_20_500_1,smoother_31,True,4.349711999999999,True,True,,0.310374,4.660086
38,180,20,500,1,0.5,38_180_20_500_1,accel_gap_half,True,4.409917,True,True,,0.28111,4.691027
38,180,20,500,1,0.5,38_180_20_500_1,accel_gap_double,True,4.409917,True,True,,0.28111,4.691027
38,180,20,500,1,0.5,38_180_20_500_1,aux_gap_half,True,4.409917,True,True,,0.28111,4.691027
38,180,20,500,1,0.5,38_180_20_500_1,aux_gap_double,True,4.409917,True,True,,0.28111,4.691027
38,180,20,1000,0,1.0,38_180_20_1000_0,current,True,3.139502,True,True,,1.549769,4.689271
38,180,20,1000,0,1.0,38_180_20_1000_0,smoother_11,True,0.971044,True,False,,2.969105,3.940149
38,180,20,1000,0,1.0,38_180_20_1000_0,smoother_31,True,4.3593139999999995,True,True,,0.300886,4.6602
38,180,20,1000,0,1.0,38_180_20_1000_0,accel_gap_half,True,3.139502,True,True,,1.549769,4.689271
38,180,20,1000,0,1.0,38_180_20_1000_0,accel_gap_double,True,3.139502,True,True,,1.549769,4.689271
38,180,20,1000,0,1.0,38_180_20_1000_0,aux_gap_half,True,3.139502,True,True,,1.549769,4.689271
38,180,20,1000,0,1.0,38_180_20_1000_0,aux_gap_double,True,3.139502,True,True,,1.549769,4.689271
38,180,20,1000,1,1.0,38_180_20_1000_1,current,True,4.418463,True,True,,0.280967184,4.699430184
38,180,20,1000,1,1.0,38_180_20_1000_1,smoother_11,True,1.340357,True,True,,0.898986184,2.239343184
38,180,20,1000,1,1.0,38_180_20_1000_1,smoother_31,True,4.3391280000000005,True,True,,0.321057184,4.660185184
38,180,20,1000,1,1.0,38_180_20_1000_1,accel_gap_half,True,4.418463,True,True,,0.280967184,4.699430184
38,180,20,1000,1,1.0,38_180_20_1000_1,accel_gap_double,True,4.418463,True,True,,0.280967184,4.699430184
38,180,20,1000,1,1.0,38_180_20_1000_1,aux_gap_half,True,4.418463,True,True,,0.280967184,4.699430184
38,180,20,1000,1,1.0,38_180_20_1000_1,aux_gap_double,True,4.418463,True,True,,0.280967184,4.699430184
38,225,20,500,0,0.5,38_225_20_500_0,current,True,4.3899799999999995,True,True,,0.27923,4.66921
38,225,20,500,0,0.5,38_225_20_500_0,smoother_11,True,0.9109560000000001,True,False,,2.97967,3.890626
38,225,20,500,0,0.5,38_225_20_500_0,smoother_31,True,4.329787,True,True,,0.309113,4.6389
38,225,20,500,0,0.5,38_225_20_500_0,accel_gap_half,True,4.3899799999999995,True,True,,0.27923,4.66921
38,225,20,500,0,0.5,38_225_20_500_0,accel_gap_double,True,4.3899799999999995,True,True,,0.27923,4.66921
38,225,20,500,0,0.5,38_225_20_500_0,aux_gap_half,True,4.3899799999999995,True,True,,0.27923,4.66921
38,225,20,500,0,0.5,38_225_20_500_0,aux_gap_double,True,4.3899799999999995,True,True,,0.27923,4.66921
38,225,20,500,1,0.5,38_225_20_500_1,current,True,2.990415,True,True,,0.779578,3.769993
38,225,20,500,1,0.5,38_225_20_500_1,smoother_11,True,0.5400400000000003,True,False,,3.810542,4.350582
38,225,20,500,1,0.5,38_225_20_500_1,smoother_31,True,4.328659,True,True,,0.310342,4.639001
38,225,20,500,1,0.5,38_225_20_500_1,accel_gap_half,True,2.990415,True,True,,0.779578,3.769993
38,225,20,500,1,0.5,38_225_20_500_1,accel_gap_double,True,2.990415,True,True,,0.779578,3.769993
38,225,20,500,1,0.5,38_225_20_500_1,aux_gap_half,True,2.990415,True,True,,0.779578,3.769993
38,225,20,500,1,0.5,38_225_20_500_1,aux_gap_double,True,2.990415,True,True,,0.779578,3.769993
38,225,20,1000,0,1.0,38_225_20_1000_0,current,True,4.380344,True,True,,0.28977909,4.67012309
38,225,20,1000,0,1.0,38_225_20_1000_0,smoother_11,True,1.090136,True,True,,0.59106809,1.68120409
38,225,20,1000,0,1.0,38_225_20_1000_0,smoother_31,True,4.320065,True,True,,0.31975009,4.63981509
38,225,20,1000,0,1.0,38_225_20_1000_0,accel_gap_half,True,4.380344,True,True,,0.28977909,4.67012309
38,225,20,1000,0,1.0,38_225_20_1000_0,accel_gap_double,True,4.380344,True,True,,0.28977909,4.67012309
38,225,20,1000,0,1.0,38_225_20_1000_0,aux_gap_half,True,4.380344,True,True,,0.28977909,4.67012309
38,225,20,1000,0,1.0,38_225_20_1000_0,aux_gap_double,True,4.380344,True,True,,0.28977909,4.67012309
38,225,20,1000,1,1.0,38_225_20_1000_1,current,True,4.001073,True,True,,0.289487485,4.290560485
38,225,20,1000,1,1.0,38_225_20_1000_1,smoother_11,True,1.039469,True,True,,0.640805485,1.680274485
38,225,20,1000,1,1.0,38_225_20_1000_1,smoother_31,True,4.329917,True,True,,0.310130485,4.640047485
38,225,20,1000,1,1.0,38_225_20_1000_1,accel_gap_half,True,4.001073,True,True,,0.289487485,4.290560485
38,225,20,1000,1,1.0,38_225_20_1000_1,accel_gap_double,True,4.001073,True,True,,0.289487485,4.290560485
38,225,20,1000,1,1.0,38_225_20_1000_1,aux_gap_half,True,4.001073,True,True,,0.289487485,4.290560485
38,225,20,1000,1,1.0,38_225_20_1000_1,aux_gap_double,True,4.001073,True,True,,0.289487485,4.290560485
38,270,20,500,0,0.5,38_270_20_500_0,current,True,3.310262,True,True,,1.390262,4.700524
38,270,20,500,0,0.5,38_270_20_500_0,smoother_11,True,0.9812670000000003,True,False,,3.319581,4.300848
38,270,20,500,0,0.5,38_270_20_500_0,smoother_31,True,4.351121,True,True,,0.319375,4.670496
38,270,20,500,0,0.5,38_270_20_500_0,accel_gap_half,True,3.310262,True,True,,1.390262,4.700524
38,270,20,500,0,0.5,38_270_20_500_0,accel_gap_double,True,3.310262,True,True,,1.390262,4.700524
38,270,20,500,0,0.5,38_270_20_500_0,aux_gap_half,True,3.310262,True,True,,1.390262,4.700524
38,270,20,500,0,0.5,38_270_20_500_0,aux_gap_double,True,3.310262,True,True,,1.390262,4.700524
38,270,20,500,1,0.5,38_270_20_500_1,current,True,4.05013,True,True,,0.270614129,4.320744129
38,270,20,500,1,0.5,38_270_20_500_1,smoother_11,True,3.07071,True,True,,0.689715129,3.760425129
38,270,20,500,1,0.5,38_270_20_500_1,smoother_31,True,4.35057,True,True,,0.300592129,4.651162129
38,270,20,500,1,0.5,38_270_20_500_1,accel_gap_half,True,4.05013,True,True,,0.270614129,4.320744129
38,270,20,500,1,0.5,38_270_20_500_1,accel_gap_double,True,4.05013,True,True,,0.270614129,4.320744129
38,270,20,500,1,0.5,38_270_20_500_1,aux_gap_half,True,4.05013,True,True,,0.270614129,4.320744129
38,270,20,500,1,0.5,38_270_20_500_1,aux_gap_double,True,4.05013,True,True,,0.270614129,4.320744129
38,270,20,1000,0,1.0,38_270_20_1000_0,current,True,2.3799849999999996,True,True,,2.320451943,4.700436943
38,270,20,1000,0,1.0,38_270_20_1000_0,smoother_11,True,0.9506439999999999,True,False,,0.959082943,1.909726943
38,270,20,1000,0,1.0,38_270_20_1000_0,smoother_31,True,4.3497900000000005,True,True,,0.320665943,4.670455943
38,270,20,1000,0,1.0,38_270_20_1000_0,accel_gap_half,True,2.3799849999999996,True,True,,2.320451943,4.700436943
38,270,20,1000,0,1.0,38_270_20_1000_0,accel_gap_double,True,2.3799849999999996,True,True,,2.320451943,4.700436943
38,270,20,1000,0,1.0,38_270_20_1000_0,aux_gap_half,True,2.3799849999999996,True,True,,2.320451943,4.700436943
38,270,20,1000,0,1.0,38_270_20_1000_0,aux_gap_double,True,2.3799849999999996,True,True,,2.320451943,4.700436943
38,270,20,1000,1,1.0,38_270_20_1000_1,current,True,2.700306,True,True,,0.279286,2.979592
38,270,20,1000,1,1.0,38_270_20_1000_1,smoother_11,True,1.1293870000000004,True,True,,3.589766,4.719153
38,270,20,1000,1,1.0,38_270_20_1000_1,smoother_31,True,4.349028,True,True,,0.300576,4.649604
38,270,20,1000,1,1.0,38_270_20_1000_1,accel_gap_half,True,2.700306,True,True,,0.279286,2.979592
38,270,20,1000,1,1.0,38_270_20_1000_1,accel_gap_double,True,2.700306,True,True,,0.279286,2.979592
38,270,20,1000,1,1.0,38_270_20_1000_1,aux_gap_half,True,2.700306,True,True,,0.279286,2.979592
38,270,20,1000,1,1.0,38_270_20_1000_1,aux_gap_double,True,2.700306,True,True,,0.279286,2.979592
38,315,20,500,0,0.5,38_315_20_500_0,current,True,4.389625,True,True,,0.279769,4.669394
38,315,20,500,0,0.5,38_315_20_500_0,smoother_11,True,1.189807,True,True,,1.790791,2.980598
38,315,20,500,0,0.5,38_315_20_500_0,smoother_31,True,4.320545,True,True,,0.319317,4.639862
38,315,20,500,0,0.5,38_315_20_500_0,accel_gap_half,True,4.389625,True,True,,0.279769,4.669394
38,315,20,500,0,0.5,38_315_20_500_0,accel_gap_double,True,4.389625,True,True,,0.279769,4.669394
38,315,20,500,0,0.5,38_315_20_500_0,aux_gap_half,True,4.389625,True,True,,0.279769,4.669394
38,315,20,500,0,0.5,38_315_20_500_0,aux_gap_double,True,4.389625,True,True,,0.279769,4.669394
38,315,20,500,1,0.5,38_315_20_500_1,current,True,4.380955,True,True,,0.279735,4.66069
38,315,20,500,1,0.5,38_315_20_500_1,smoother_11,True,0.5199549999999995,True,False,,4.140735,4.66069
38,315,20,500,1,0.5,38_315_20_500_1,smoother_31,True,4.318897,True,True,,0.310367,4.629264
38,315,20,500,1,0.5,38_315_20_500_1,accel_gap_half,True,4.380955,True,True,,0.279735,4.66069
38,315,20,500,1,0.5,38_315_20_500_1,accel_gap_double,True,4.380955,True,True,,0.279735,4.66069
38,315,20,500,1,0.5,38_315_20_500_1,aux_gap_half,True,4.380955,True,True,,0.279735,4.66069
38,315,20,500,1,0.5,38_315_20_500_1,aux_gap_double,True,4.380955,True,True,,0.279735,4.66069
38,315,20,1000,0,1.0,38_315_20_1000_0,current,True,2.920844,True,True,,1.749708165,4.670552165
38,315,20,1000,0,1.0,38_315_20_1000_0,smoother_11,True,0.950089,True,False,,0.329394165,1.279483165
38,315,20,1000,0,1.0,38_315_20_1000_0,smoother_31,True,4.310156,True,True,,0.319022165,4.629178165
38,315,20,1000,0,1.0,38_315_20_1000_0,accel_gap_half,True,2.920844,True,True,,1.749708165,4.670552165
38,315,20,1000,0,1.0,38_315_20_1000_0,accel_gap_double,True,2.920844,True,True,,1.749708165,4.670552165
38,315,20,1000,0,1.0,38_315_20_1000_0,aux_gap_half,True,2.920844,True,True,,1.749708165,4.670552165
38,315,20,1000,0,1.0,38_315_20_1000_0,aux_gap_double,True,2.920844,True,True,,1.749708165,4.670552165
38,315,20,1000,1,1.0,38_315_20_1000_1,current,True,4.400348,True,True,,0.278649314,4.678997314
38,315,20,1000,1,1.0,38_315_20_1000_1,smoother_11,True,0.958778,True,False,,0.710414314,1.669192314
38,315,20,1000,1,1.0,38_315_20_1000_1,smoother_31,True,4.339933,True,True,,0.309147314,4.649080314
38,315,20,1000,1,1.0,38_315_20_1000_1,accel_gap_half,True,4.400348,True,True,,0.278649314,4.678997314
38,315,20,1000,1,1.0,38_315_20_1000_1,accel_gap_double,True,4.400348,True,True,,0.278649314,4.678997314
38,315,20,1000,1,1.0,38_315_20_1000_1,aux_gap_half,True,4.400348,True,True,,0.278649314,4.678997314
38,315,20,1000,1,1.0,38_315_20_1000_1,aux_gap_double,True,4.400348,True,True,,0.278649314,4.678997314
38,0,40,500,0,0.5,38_0_40_500_0,current,True,2.1382649999999996,True,True,,0.290579832,2.428844832
38,0,40,500,0,0.5,38_0_40_500_0,smoother_11,True,0.38123600000000013,False,False,,0.619748832,1.000984832
38,0,40,500,0,0.5,38_0_40_500_0,smoother_31,True,2.0793,True,True,,0.320399832,2.399699832
38,0,40,500,0,0.5,38_0_40_500_0,accel_gap_half,True,2.1382649999999996,True,True,,0.290579832,2.428844832
38,0,40,500,0,0.5,38_0_40_500_0,accel_gap_double,True,2.1382649999999996,True,True,,0.290579832,2.428844832
38,0,40,500,0,0.5,38_0_40_500_0,aux_gap_half,True,2.1382649999999996,True,True,,0.290579832,2.428844832
38,0,40,500,0,0.5,38_0_40_500_0,aux_gap_double,True,2.1382649999999996,True,True,,0.290579832,2.428844832
38,0,40,500,1,0.5,38_0_40_500_1,current,True,1.6388410000000002,True,True,,0.310534824,1.949375824
38,0,40,500,1,0.5,38_0_40_500_1,smoother_11,True,0.6113550000000001,True,False,,0.298911824,0.910266824
38,0,40,500,1,0.5,38_0_40_500_1,smoother_31,True,2.0398579999999997,True,True,,0.339390824,2.379248824
38,0,40,500,1,0.5,38_0_40_500_1,accel_gap_half,True,1.6388410000000002,True,True,,0.310534824,1.949375824
38,0,40,500,1,0.5,38_0_40_500_1,accel_gap_double,True,1.6388410000000002,True,True,,0.310534824,1.949375824
38,0,40,500,1,0.5,38_0_40_500_1,aux_gap_half,True,1.6388410000000002,True,True,,0.310534824,1.949375824
38,0,40,500,1,0.5,38_0_40_500_1,aux_gap_double,True,1.6388410000000002,True,True,,0.310534824,1.949375824
38,0,40,1000,0,1.0,38_0_40_1000_0,current,True,2.100457,True,True,,0.290033391,2.390490391
38,0,40,1000,0,1.0,38_0_40_1000_0,smoother_11,True,0.8402360000000002,True,False,,1.160687391,2.000923391
38,0,40,1000,0,1.0,38_0_40_1000_0,smoother_31,True,2.049503,True,True,,0.319960391,2.369463391
38,0,40,1000,0,1.0,38_0_40_1000_0,accel_gap_half,True,2.100457,True,True,,0.290033391,2.390490391
38,0,40,1000,0,1.0,38_0_40_1000_0,accel_gap_double,True,2.100457,True,True,,0.290033391,2.390490391
38,0,40,1000,0,1.0,38_0_40_1000_0,aux_gap_half,True,2.100457,True,True,,0.290033391,2.390490391
38,0,40,1000,0,1.0,38_0_40_1000_0,aux_gap_double,True,2.100457,True,True,,0.290033391,2.390490391
38,0,40,1000,1,1.0,38_0_40_1000_1,current,True,1.9598790000000001,True,True,,0.299939,2.259818
38,0,40,1000,1,1.0,38_0_40_1000_1,smoother_11,True,1.358974,True,True,,0.500861,1.859835
38,0,40,1000,1,1.0,38_0_40_1000_1,smoother_31,True,2.070405,True,True,,0.329477,2.399882
38,0,40,1000,1,1.0,38_0_40_1000_1,accel_gap_half,True,1.9598790000000001,True,True,,0.299939,2.259818
38,0,40,1000,1,1.0,38_0_40_1000_1,accel_gap_double,True,1.9598790000000001,True,True,,0.299939,2.259818
38,0,40,1000,1,1.0,38_0_40_1000_1,aux_gap_half,True,1.9598790000000001,True,True,,0.299939,2.259818
38,0,40,1000,1,1.0,38_0_40_1000_1,aux_gap_double,True,1.9598790000000001,True,True,,0.299939,2.259818
38,45,40,500,0,0.5,38_45_40_500_0,current,True,2.127685,True,True,,0.291148515,2.418833515
38,45,40,500,0,0.5,38_45_40_500_0,smoother_11,True,1.030913,True,True,,0.879787515,1.910700515
38,45,40,500,0,0.5,38_45_40_500_0,smoother_31,True,2.050111,True,True,,0.329988515,2.380099515
38,45,40,500,0,0.5,38_45_40_500_0,accel_gap_half,True,2.127685,True,True,,0.291148515,2.418833515
38,45,40,500,0,0.5,38_45_40_500_0,accel_gap_double,True,2.127685,True,True,,0.291148515,2.418833515
38,45,40,500,0,0.5,38_45_40_500_0,aux_gap_half,True,2.127685,True,True,,0.291148515,2.418833515
38,45,40,500,0,0.5,38_45_40_500_0,aux_gap_double,True,2.127685,True,True,,0.291148515,2.418833515
38,45,40,500,1,0.5,38_45_40_500_1,current,True,2.111422,True,True,,0.308981479,2.420403479
38,45,40,500,1,0.5,38_45_40_500_1,smoother_11,True,0.830347,True,False,,0.729429479,1.559776479
38,45,40,500,1,0.5,38_45_40_500_1,smoother_31,True,2.048317,True,True,,0.330767479,2.379084479
38,45,40,500,1,0.5,38_45_40_500_1,accel_gap_half,True,2.111422,True,True,,0.308981479,2.420403479
38,45,40,500,1,0.5,38_45_40_500_1,accel_gap_double,True,2.111422,True,True,,0.308981479,2.420403479
38,45,40,500,1,0.5,38_45_40_500_1,aux_gap_half,True,2.111422,True,True,,0.308981479,2.420403479
38,45,40,500,1,0.5,38_45_40_500_1,aux_gap_double,True,2.111422,True,True,,0.308981479,2.420403479
38,45,40,1000,0,1.0,38_45_40_1000_0,current,True,2.119525,True,True,,0.309329,2.428854
38,45,40,1000,0,1.0,38_45_40_1000_0,smoother_11,True,0.819444,True,False,,0.721251,1.540695
38,45,40,1000,0,1.0,38_45_40_1000_0,smoother_31,True,2.069574,True,True,,0.330175,2.399749
38,45,40,1000,0,1.0,38_45_40_1000_0,accel_gap_half,True,2.119525,True,True,,0.309329,2.428854
38,45,40,1000,0,1.0,38_45_40_1000_0,accel_gap_double,True,2.119525,True,True,,0.309329,2.428854
38,45,40,1000,0,1.0,38_45_40_1000_0,aux_gap_half,True,2.119525,True,True,,0.309329,2.428854
38,45,40,1000,0,1.0,38_45_40_1000_0,aux_gap_double,True,2.119525,True,True,,0.309329,2.428854
38,45,40,1000,1,1.0,38_45_40_1000_1,current,True,2.109635,True,True,,0.289337,2.398972
38,45,40,1000,1,1.0,38_45_40_1000_1,smoother_11,True,0.5891379999999999,True,False,,1.310236,1.899374
38,45,40,1000,1,1.0,38_45_40_1000_1,smoother_31,True,2.069379,True,True,,0.310764,2.380143
38,45,40,1000,1,1.0,38_45_40_1000_1,accel_gap_half,True,2.109635,True,True,,0.289337,2.398972
38,45,40,1000,1,1.0,38_45_40_1000_1,accel_gap_double,True,2.109635,True,True,,0.289337,2.398972
38,45,40,1000,1,1.0,38_45_40_1000_1,aux_gap_half,True,2.109635,True,True,,0.289337,2.398972
38,45,40,1000,1,1.0,38_45_40_1000_1,aux_gap_double,True,2.109635,True,True,,0.289337,2.398972
38,90,40,500,0,0.5,38_90_40_500_0,current,True,1.3097290000000001,True,True,,1.11965524,2.42938424
38,90,40,500,0,0.5,38_90_40_500_0,smoother_11,True,0.4491559999999999,False,False,,0.57954024,1.02869624
38,90,40,500,0,0.5,38_90_40_500_0,smoother_31,True,2.079355,True,True,,0.32067924,2.40003424
38,90,40,500,0,0.5,38_90_40_500_0,accel_gap_half,True,1.3097290000000001,True,True,,1.11965524,2.42938424
38,90,40,500,0,0.5,38_90_40_500_0,accel_gap_double,True,1.3097290000000001,True,True,,1.11965524,2.42938424
38,90,40,500,0,0.5,38_90_40_500_0,aux_gap_half,True,1.3097290000000001,True,True,,1.11965524,2.42938424
38,90,40,500,0,0.5,38_90_40_500_0,aux_gap_double,True,1.3097290000000001,True,True,,1.11965524,2.42938424
38,90,40,500,1,0.5,38_90_40_500_1,current,True,2.1298030000000003,True,True,,0.319587,2.44939
38,90,40,500,1,0.5,38_90_40_500_1,smoother_11,True,0.5604060000000002,True,False,,1.919525,2.479931
38,90,40,500,1,0.5,38_90_40_500_1,smoother_31,True,2.0598680000000003,True,True,,0.349582,2.40945
38,90,40,500,1,0.5,38_90_40_500_1,accel_gap_half,True,2.1298030000000003,True,True,,0.319587,2.44939
38,90,40,500,1,0.5,38_90_40_500_1,accel_gap_double,True,2.1298030000000003,True,True,,0.319587,2.44939
38,90,40,500,1,0.5,38_90_40_500_1,aux_gap_half,True,2.1298030000000003,True,True,,0.319587,2.44939
38,90,40,500,1,0.5,38_90_40_500_1,aux_gap_double,True,2.1298030000000003,True,True,,0.319587,2.44939
38,90,40,1000,0,1.0,38_90_40_1000_0,current,True,2.119529,True,True,,0.320526,2.440055
38,90,40,1000,0,1.0,38_90_40_1000_0,smoother_11,True,0.878227,True,False,,0.801122,1.679349
38,90,40,1000,0,1.0,38_90_40_1000_0,smoother_31,True,2.05873,True,True,,0.34069,2.39942
38,90,40,1000,0,1.0,38_90_40_1000_0,accel_gap_half,True,2.119529,True,True,,0.320526,2.440055
38,90,40,1000,0,1.0,38_90_40_1000_0,accel_gap_double,True,2.119529,True,True,,0.320526,2.440055
38,90,40,1000,0,1.0,38_90_40_1000_0,aux_gap_half,True,2.119529,True,True,,0.320526,2.440055
38,90,40,1000,0,1.0,38_90_40_1000_0,aux_gap_double,True,2.119529,True,True,,0.320526,2.440055
38,90,40,1000,1,1.0,38_90_40_1000_1,current,True,2.1292560000000003,True,True,,0.311197161,2.440453161
38,90,40,1000,1,1.0,38_90_40_1000_1,smoother_11,True,1.219758,True,True,,0.279465161,1.499223161
38,90,40,1000,1,1.0,38_90_40_1000_1,smoother_31,True,2.07016,True,True,,0.339501161,2.409661161
38,90,40,1000,1,1.0,38_90_40_1000_1,accel_gap_half,True,2.1292560000000003,True,True,,0.311197161,2.440453161
38,90,40,1000,1,1.0,38_90_40_1000_1,accel_gap_double,True,2.1292560000000003,True,True,,0.311197161,2.440453161
38,90,40,1000,1,1.0,38_90_40_1000_1,aux_gap_half,True,2.1292560000000003,True,True,,0.311197161,2.440453161
38,90,40,1000,1,1.0,38_90_40_1000_1,aux_gap_double,True,2.1292560000000003,True,True,,0.311197161,2.440453161
38,135,40,500,0,0.5,38_135_40_500_0,current,True,2.120049,True,True,,0.298861558,2.418910558
38,135,40,500,0,0.5,38_135_40_500_0,smoother_11,True,0.3305339999999999,False,False,,1.709456558,2.039990558
38,135,40,500,0,0.5,38_135_40_500_0,smoother_31,True,2.0696779999999997,True,True,,0.330484558,2.400162558
38,135,40,500,0,0.5,38_135_40_500_0,accel_gap_half,True,2.120049,True,True,,0.298861558,2.418910558
38,135,40,500,0,0.5,38_135_40_500_0,accel_gap_double,True,2.120049,True,True,,0.298861558,2.418910558
38,135,40,500,0,0.5,38_135_40_500_0,aux_gap_half,True,2.120049,True,True,,0.298861558,2.418910558
38,135,40,500,0,0.5,38_135_40_500_0,aux_gap_double,True,2.120049,True,True,,0.298861558,2.418910558
38,135,40,500,1,0.5,38_135_40_500_1,current,True,2.1296019999999998,True,True,,0.279458254,2.409060254
38,135,40,500,1,0.5,38_135_40_500_1,smoother_11,True,0.550654,True,False,,0.449348254,1.000002254
38,135,40,500,1,0.5,38_135_40_500_1,smoother_31,True,2.068257,True,True,,0.320622254,2.388879254
38,135,40,500,1,0.5,38_135_40_500_1,accel_gap_half,True,2.1296019999999998,True,True,,0.279458254,2.409060254
38,135,40,500,1,0.5,38_135_40_500_1,accel_gap_double,True,2.1296019999999998,True,True,,0.279458254,2.409060254
38,135,40,500,1,0.5,38_135_40_500_1,aux_gap_half,True,2.1296019999999998,True,True,,0.279458254,2.409060254
38,135,40,500,1,0.5,38_135_40_500_1,aux_gap_double,True,2.1296019999999998,True,True,,0.279458254,2.409060254
38,135,40,1000,0,1.0,38_135_40_1000_0,current,True,2.130027,True,True,,0.289697525,2.419724525
38,135,40,1000,0,1.0,38_135_40_1000_0,smoother_11,True,0.9784660000000001,True,False,,0.880402525,1.858868525
38,135,40,1000,0,1.0,38_135_40_1000_0,smoother_31,True,2.041804,True,True,,0.329366525,2.371170525
38,135,40,1000,0,1.0,38_135_40_1000_0,accel_gap_half,True,2.130027,True,True,,0.289697525,2.419724525
38,135,40,1000,0,1.0,38_135_40_1000_0,accel_gap_double,True,2.130027,True,True,,0.289697525,2.419724525
38,135,40,1000,0,1.0,38_135_40_1000_0,aux_gap_half,True,2.130027,True,True,,0.289697525,2.419724525
38,135,40,1000,0,1.0,38_135_40_1000_0,aux_gap_double,True,2.130027,True,True,,0.289697525,2.419724525
38,135,40,1000,1,1.0,38_135_40_1000_1,current,True,2.119593,True,True,,0.29057,2.410163
38,135,40,1000,1,1.0,38_135_40_1000_1,smoother_11,True,0.9505779999999999,True,False,,1.050226,2.000804
38,135,40,1000,1,1.0,38_135_40_1000_1,smoother_31,True,2.058886,True,True,,0.320633,2.379519
38,135,40,1000,1,1.0,38_135_40_1000_1,accel_gap_half,True,2.119593,True,True,,0.29057,2.410163
38,135,40,1000,1,1.0,38_135_40_1000_1,accel_gap_double,True,2.119593,True,True,,0.29057,2.410163
38,135,40,1000,1,1.0,38_135_40_1000_1,aux_gap_half,True,2.119593,True,True,,0.29057,2.410163
38,135,40,1000,1,1.0,38_135_40_1000_1,aux_gap_double,True,2.119593,True,True,,0.29057,2.410163
38,180,40,500,0,0.5,38_180_40_500_0,current,True,2.109392,True,True,,0.300888,2.41028
38,180,40,500,0,0.5,38_180_40_500_0,smoother_11,True,1.071148,True,True,,1.269437,2.340585
38,180,40,500,0,0.5,38_180_40_500_0,smoother_31,True,2.038704,True,True,,0.330186,2.36889
38,180,40,500,0,0.5,38_180_40_500_0,accel_gap_half,True,2.109392,True,True,,0.300888,2.41028
38,180,40,500,0,0.5,38_180_40_500_0,accel_gap_double,True,2.109392,True,True,,0.300888,2.41028
38,180,40,500,0,0.5,38_180_40_500_0,aux_gap_half,True,2.109392,True,True,,0.300888,2.41028
38,180,40,500,0,0.5,38_180_40_500_0,aux_gap_double,True,2.109392,True,True,,0.300888,2.41028
38,180,40,500,1,0.5,38_180_40_500_1,current,True,2.110168,True,True,,0.28972164,2.39988964
38,180,40,500,1,0.5,38_180_40_500_1,smoother_11,True,0.8009110000000002,True,False,,1.40985264,2.21076364
38,180,40,500,1,0.5,38_180_40_500_1,smoother_31,True,2.07032,True,True,,0.31906064,2.38938064
38,180,40,500,1,0.5,38_180_40_500_1,accel_gap_half,True,2.110168,True,True,,0.28972164,2.39988964
38,180,40,500,1,0.5,38_180_40_500_1,accel_gap_double,True,2.110168,True,True,,0.28972164,2.39988964
38,180,40,500,1,0.5,38_180_40_500_1,aux_gap_half,True,2.110168,True,True,,0.28972164,2.39988964
38,180,40,500,1,0.5,38_180_40_500_1,aux_gap_double,True,2.110168,True,True,,0.28972164,2.39988964
38,180,40,1000,0,1.0,38_180_40_1000_0,current,True,2.1293509999999998,True,True,,0.299771,2.429122
38,180,40,1000,0,1.0,38_180_40_1000_0,smoother_11,True,0.5386710000000001,True,False,,1.721052,2.259723
38,180,40,1000,0,1.0,38_180_40_1000_0,smoother_31,True,2.0706599999999997,True,True,,0.329057,2.399717
38,180,40,1000,0,1.0,38_180_40_1000_0,accel_gap_half,True,2.1293509999999998,True,True,,0.299771,2.429122
38,180,40,1000,0,1.0,38_180_40_1000_0,accel_gap_double,True,2.1293509999999998,True,True,,0.299771,2.429122
38,180,40,1000,0,1.0,38_180_40_1000_0,aux_gap_half,True,2.1293509999999998,True,True,,0.299771,2.429122
38,180,40,1000,0,1.0,38_180_40_1000_0,aux_gap_double,True,2.1293509999999998,True,True,,0.299771,2.429122
38,180,40,1000,1,1.0,38_180_40_1000_1,current,True,2.130659,True,True,,0.279788,2.410447
38,180,40,1000,1,1.0,38_180_40_1000_1,smoother_11,True,0.9794339999999999,True,False,,0.909818,1.889252
38,180,40,1000,1,1.0,38_180_40_1000_1,smoother_31,True,2.069081,True,True,,0.310771,2.379852
38,180,40,1000,1,1.0,38_180_40_1000_1,accel_gap_half,True,2.130659,True,True,,0.279788,2.410447
38,180,40,1000,1,1.0,38_180_40_1000_1,accel_gap_double,True,2.130659,True,True,,0.279788,2.410447
38,180,40,1000,1,1.0,38_180_40_1000_1,aux_gap_half,True,2.130659,True,True,,0.279788,2.410447
38,180,40,1000,1,1.0,38_180_40_1000_1,aux_gap_double,True,2.130659,True,True,,0.279788,2.410447
38,225,40,500,0,0.5,38_225_40_500_0,current,True,2.118815,True,True,,0.311251,2.430066
38,225,40,500,0,0.5,38_225_40_500_0,smoother_11,True,1.3889839999999998,True,True,,0.280042,1.669026
38,225,40,500,0,0.5,38_225_40_500_0,smoother_31,True,2.0517700000000003,True,True,,0.349032,2.400802
38,225,40,500,0,0.5,38_225_40_500_0,accel_gap_half,True,2.118815,True,True,,0.311251,2.430066
38,225,40,500,0,0.5,38_225_40_500_0,accel_gap_double,True,2.118815,True,True,,0.311251,2.430066
38,225,40,500,0,0.5,38_225_40_500_0,aux_gap_half,True,2.118815,True,True,,0.311251,2.430066
38,225,40,500,0,0.5,38_225_40_500_0,aux_gap_double,True,2.118815,True,True,,0.311251,2.430066
38,225,40,500,1,0.5,38_225_40_500_1,current,True,2.118298,True,True,,0.300334411,2.418632411
38,225,40,500,1,0.5,38_225_40_500_1,smoother_11,True,0.590626,True,False,,0.979329411,1.569955411
38,225,40,500,1,0.5,38_225_40_500_1,smoother_31,True,2.079573,True,True,,0.319624411,2.399197411
38,225,40,500,1,0.5,38_225_40_500_1,accel_gap_half,True,2.118298,True,True,,0.300334411,2.418632411
38,225,40,500,1,0.5,38_225_40_500_1,accel_gap_double,True,2.118298,True,True,,0.300334411,2.418632411
38,225,40,500,1,0.5,38_225_40_500_1,aux_gap_half,True,2.118298,True,True,,0.300334411,2.418632411
38,225,40,500,1,0.5,38_225_40_500_1,aux_gap_double,True,2.118298,True,True,,0.300334411,2.418632411
38,225,40,1000,0,1.0,38_225_40_1000_0,current,True,2.129802,True,True,,0.290331958,2.420133958
38,225,40,1000,0,1.0,38_225_40_1000_0,smoother_11,True,0.7902100000000001,True,False,,0.880204958,1.670414958
38,225,40,1000,0,1.0,38_225_40_1000_0,smoother_31,True,2.039731,True,True,,0.329747958,2.369478958
38,225,40,1000,0,1.0,38_225_40_1000_0,accel_gap_half,True,2.129802,True,True,,0.290331958,2.420133958
38,225,40,1000,0,1.0,38_225_40_1000_0,accel_gap_double,True,2.129802,True,True,,0.290331958,2.420133958
38,225,40,1000,0,1.0,38_225_40_1000_0,aux_gap_half,True,2.129802,True,True,,0.290331958,2.420133958
38,225,40,1000,0,1.0,38_225_40_1000_0,aux_gap_double,True,2.129802,True,True,,0.290331958,2.420133958
38,225,40,1000,1,1.0,38_225_40_1000_1,current,True,2.1100779999999997,True,True,,0.320287673,2.430365673
38,225,40,1000,1,1.0,38_225_40_1000_1,smoother_11,True,0.819372,True,False,,1.639350673,2.458722673
38,225,40,1000,1,1.0,38_225_40_1000_1,smoother_31,True,2.049373,True,True,,0.349896673,2.399269673
38,225,40,1000,1,1.0,38_225_40_1000_1,accel_gap_half,True,2.1100779999999997,True,True,,0.320287673,2.430365673
38,225,40,1000,1,1.0,38_225_40_1000_1,accel_gap_double,True,2.1100779999999997,True,True,,0.320287673,2.430365673
38,225,40,1000,1,1.0,38_225_40_1000_1,aux_gap_half,True,2.1100779999999997,True,True,,0.320287673,2.430365673
38,225,40,1000,1,1.0,38_225_40_1000_1,aux_gap_double,True,2.1100779999999997,True,True,,0.320287673,2.430365673
38,270,40,500,0,0.5,38_270_40_500_0,current,True,1.1107879999999999,True,True,,1.329723,2.440511
38,270,40,500,0,0.5,38_270_40_500_0,smoother_11,True,0.6698040000000001,True,False,,0.489625,1.159429
38,270,40,500,0,0.5,38_270_40_500_0,smoother_31,True,2.06928,True,True,,0.340386,2.409666
38,270,40,500,0,0.5,38_270_40_500_0,accel_gap_half,True,1.1107879999999999,True,True,,1.329723,2.440511
38,270,40,500,0,0.5,38_270_40_500_0,accel_gap_double,True,1.1107879999999999,True,True,,1.329723,2.440511
38,270,40,500,0,0.5,38_270_40_500_0,aux_gap_half,True,1.1107879999999999,True,True,,1.329723,2.440511
38,270,40,500,0,0.5,38_270_40_500_0,aux_gap_double,True,1.1107879999999999,True,True,,1.329723,2.440511
38,270,40,500,1,0.5,38_270_40_500_1,current,True,2.13914,True,True,,0.300573866,2.439713866
38,270,40,500,1,0.5,38_270_40_500_1,smoother_11,True,1.349725,True,True,,0.480325866,1.830050866
38,270,40,500,1,0.5,38_270_40_500_1,smoother_31,True,2.069849,True,True,,0.339711866,2.409560866
38,270,40,500,1,0.5,38_270_40_500_1,accel_gap_half,True,2.13914,True,True,,0.300573866,2.439713866
38,270,40,500,1,0.5,38_270_40_500_1,accel_gap_double,True,2.13914,True,True,,0.300573866,2.439713866
38,270,40,500,1,0.5,38_270_40_500_1,aux_gap_half,True,2.13914,True,True,,0.300573866,2.439713866
38,270,40,500,1,0.5,38_270_40_500_1,aux_gap_double,True,2.13914,True,True,,0.300573866,2.439713866
38,270,40,1000,0,1.0,38_270_40_1000_0,current,True,1.8698540000000001,True,True,,0.530328265,2.400182265
38,270,40,1000,0,1.0,38_270_40_1000_0,smoother_11,True,0.9114050000000002,True,False,,1.508510265,2.419915265
38,270,40,1000,0,1.0,38_270_40_1000_0,smoother_31,True,2.061307,True,True,,0.309322265,2.370629265
38,270,40,1000,0,1.0,38_270_40_1000_0,accel_gap_half,True,1.8698540000000001,True,True,,0.530328265,2.400182265
38,270,40,1000,0,1.0,38_270_40_1000_0,accel_gap_double,True,1.8698540000000001,True,True,,0.530328265,2.400182265
38,270,40,1000,0,1.0,38_270_40_1000_0,aux_gap_half,True,1.8698540000000001,True,True,,0.530328265,2.400182265
38,270,40,1000,0,1.0,38_270_40_1000_0,aux_gap_double,True,1.8698540000000001,True,True,,0.530328265,2.400182265
38,270,40,1000,1,1.0,38_270_40_1000_1,current,True,2.108911,True,True,,0.310483117,2.419394117
38,270,40,1000,1,1.0,38_270_40_1000_1,smoother_11,True,0.6303370000000001,True,False,,1.810494117,2.440831117
38,270,40,1000,1,1.0,38_270_40_1000_1,smoother_31,True,2.050603,True,True,,0.340293117,2.390896117
38,270,40,1000,1,1.0,38_270_40_1000_1,accel_gap_half,True,2.108911,True,True,,0.310483117,2.419394117
38,270,40,1000,1,1.0,38_270_40_1000_1,accel_gap_double,True,2.108911,True,True,,0.310483117,2.419394117
38,270,40,1000,1,1.0,38_270_40_1000_1,aux_gap_half,True,2.108911,True,True,,0.310483117,2.419394117
38,270,40,1000,1,1.0,38_270_40_1000_1,aux_gap_double,True,2.108911,True,True,,0.310483117,2.419394117
38,315,40,500,0,0.5,38_315_40_500_0,current,True,1.9502670000000002,True,True,,0.300712,2.250979
38,315,40,500,0,0.5,38_315_40_500_0,smoother_11,True,0.9011560000000001,True,False,,1.248927,2.150083
38,315,40,500,0,0.5,38_315_40_500_0,smoother_31,True,2.060873,True,True,,0.329444,2.390317
38,315,40,500,0,0.5,38_315_40_500_0,accel_gap_half,True,1.9502670000000002,True,True,,0.300712,2.250979
38,315,40,500,0,0.5,38_315_40_500_0,accel_gap_double,True,1.9502670000000002,True,True,,0.300712,2.250979
38,315,40,500,0,0.5,38_315_40_500_0,aux_gap_half,True,1.9502670000000002,True,True,,0.300712,2.250979
38,315,40,500,0,0.5,38_315_40_500_0,aux_gap_double,True,1.9502670000000002,True,True,,0.300712,2.250979
38,315,40,500,1,0.5,38_315_40_500_1,current,True,2.109066,True,True,,0.310211968,2.419277968
38,315,40,500,1,0.5,38_315_40_500_1,smoother_11,True,1.44037,True,True,,0.279122968,1.719492968
38,315,40,500,1,0.5,38_315_40_500_1,smoother_31,True,2.048565,True,True,,0.340567968,2.389132968
38,315,40,500,1,0.5,38_315_40_500_1,accel_gap_half,True,2.109066,True,True,,0.310211968,2.419277968
38,315,40,500,1,0.5,38_315_40_500_1,accel_gap_double,True,2.109066,True,True,,0.310211968,2.419277968
38,315,40,500,1,0.5,38_315_40_500_1,aux_gap_half,True,2.109066,True,True,,0.310211968,2.419277968
38,315,40,500,1,0.5,38_315_40_500_1,aux_gap_double,True,2.109066,True,True,,0.310211968,2.419277968
38,315,40,1000,0,1.0,38_315_40_1000_0,current,True,2.10966,True,True,,0.300593,2.410253
38,315,40,1000,0,1.0,38_315_40_1000_0,smoother_11,True,0.701273,True,False,,0.329631,1.030904
38,315,40,1000,0,1.0,38_315_40_1000_0,smoother_31,True,2.04989,True,True,,0.329631,2.379521
38,315,40,1000,0,1.0,38_315_40_1000_0,accel_gap_half,True,2.10966,True,True,,0.300593,2.410253
38,315,40,1000,0,1.0,38_315_40_1000_0,accel_gap_double,True,2.10966,True,True,,0.300593,2.410253
38,315,40,1000,0,1.0,38_315_40_1000_0,aux_gap_half,True,2.10966,True,True,,0.300593,2.410253
38,315,40,1000,0,1.0,38_315_40_1000_0,aux_gap_double,True,2.10966,True,True,,0.300593,2.410253
38,315,40,1000,1,1.0,38_315_40_1000_1,current,True,2.108906,True,True,,0.310076,2.418982
38,315,40,1000,1,1.0,38_315_40_1000_1,smoother_11,True,0.45907600000000004,False,False,,1.749749,2.208825
38,315,40,1000,1,1.0,38_315_40_1000_1,smoother_31,True,2.049188,True,True,,0.340037,2.389225
38,315,40,1000,1,1.0,38_315_40_1000_1,accel_gap_half,True,2.108906,True,True,,0.310076,2.418982
38,315,40,1000,1,1.0,38_315_40_1000_1,accel_gap_double,True,2.108906,True,True,,0.310076,2.418982
38,315,40,1000,1,1.0,38_315_40_1000_1,aux_gap_half,True,2.108906,True,True,,0.310076,2.418982
38,315,40,1000,1,1.0,38_315_40_1000_1,aux_gap_double,True,2.108906,True,True,,0.310076,2.418982
38,0,60,500,0,0.5,38_0_60_500_0,current,True,1.371538,True,True,,0.299299,1.670837
38,0,60,500,0,0.5,38_0_60_500_0,smoother_11,True,0.6012250000000001,True,False,,1.089718,1.690943
38,0,60,500,0,0.5,38_0_60_500_0,smoother_31,True,1.3082759999999998,True,True,,0.331087,1.639363
38,0,60,500,0,0.5,38_0_60_500_0,accel_gap_half,True,1.371538,True,True,,0.299299,1.670837
38,0,60,500,0,0.5,38_0_60_500_0,accel_gap_double,True,1.371538,True,True,,0.299299,1.670837
38,0,60,500,0,0.5,38_0_60_500_0,aux_gap_half,True,1.371538,True,True,,0.299299,1.670837
38,0,60,500,0,0.5,38_0_60_500_0,aux_gap_double,True,1.371538,True,True,,0.299299,1.670837
38,0,60,500,1,0.5,38_0_60_500_1,current,True,1.370659,True,True,,0.299691,1.67035
38,0,60,500,1,0.5,38_0_60_500_1,smoother_11,True,0.550278,True,False,,0.850387,1.400665
38,0,60,500,1,0.5,38_0_60_500_1,smoother_31,True,1.2995379999999999,True,True,,0.340289,1.639827
38,0,60,500,1,0.5,38_0_60_500_1,accel_gap_half,True,1.370659,True,True,,0.299691,1.67035
38,0,60,500,1,0.5,38_0_60_500_1,accel_gap_double,True,1.370659,True,True,,0.299691,1.67035
38,0,60,500,1,0.5,38_0_60_500_1,aux_gap_half,True,1.370659,True,True,,0.299691,1.67035
38,0,60,500,1,0.5,38_0_60_500_1,aux_gap_double,True,1.370659,True,True,,0.299691,1.67035
38,0,60,1000,0,1.0,38_0_60_1000_0,current,True,1.380219,True,True,,0.289288741,1.669507741
38,0,60,1000,0,1.0,38_0_60_1000_0,smoother_11,True,1.200917,True,True,,0.498816741,1.699733741
38,0,60,1000,0,1.0,38_0_60_1000_0,smoother_31,True,1.321831,True,True,,0.318847741,1.640678741
38,0,60,1000,0,1.0,38_0_60_1000_0,accel_gap_half,True,1.380219,True,True,,0.289288741,1.669507741
38,0,60,1000,0,1.0,38_0_60_1000_0,accel_gap_double,True,1.380219,True,True,,0.289288741,1.669507741
38,0,60,1000,0,1.0,38_0_60_1000_0,aux_gap_half,True,1.380219,True,True,,0.289288741,1.669507741
38,0,60,1000,0,1.0,38_0_60_1000_0,aux_gap_double,True,1.380219,True,True,,0.289288741,1.669507741
38,0,60,1000,1,1.0,38_0_60_1000_1,current,True,1.3682379999999998,True,True,,0.311220137,1.679458137
38,0,60,1000,1,1.0,38_0_60_1000_1,smoother_11,True,0.91963,True,False,,0.280413137,1.200043137
38,0,60,1000,1,1.0,38_0_60_1000_1,smoother_31,True,1.310931,True,True,,0.339883137,1.650814137
38,0,60,1000,1,1.0,38_0_60_1000_1,accel_gap_half,True,1.3682379999999998,True,True,,0.311220137,1.679458137
38,0,60,1000,1,1.0,38_0_60_1000_1,accel_gap_double,True,1.3682379999999998,True,True,,0.311220137,1.679458137
38,0,60,1000,1,1.0,38_0_60_1000_1,aux_gap_half,True,1.3682379999999998,True,True,,0.311220137,1.679458137
38,0,60,1000,1,1.0,38_0_60_1000_1,aux_gap_double,True,1.3682379999999998,True,True,,0.311220137,1.679458137
38,45,60,500,0,0.5,38_45_60_500_0,current,True,1.359419,True,True,,0.320607,1.680026
38,45,60,500,0,0.5,38_45_60_500_0,smoother_11,True,0.381174,False,False,,0.929137,1.310311
38,45,60,500,0,0.5,38_45_60_500_0,smoother_31,True,1.319949,True,True,,0.340177,1.660126
38,45,60,500,0,0.5,38_45_60_500_0,accel_gap_half,True,1.359419,True,True,,0.320607,1.680026
38,45,60,500,0,0.5,38_45_60_500_0,accel_gap_double,True,1.359419,True,True,,0.320607,1.680026
38,45,60,500,0,0.5,38_45_60_500_0,aux_gap_half,True,1.359419,True,True,,0.320607,1.680026
38,45,60,500,0,0.5,38_45_60_500_0,aux_gap_double,True,1.359419,True,True,,0.320607,1.680026
38,45,60,500,1,0.5,38_45_60_500_1,current,True,1.359731,True,True,,0.319472,1.679203
38,45,60,500,1,0.5,38_45_60_500_1,smoother_11,True,0.510248,True,False,,1.179711,1.689959
38,45,60,500,1,0.5,38_45_60_500_1,smoother_31,True,1.311191,True,True,,0.339972,1.651163
38,45,60,500,1,0.5,38_45_60_500_1,accel_gap_half,True,1.359731,True,True,,0.319472,1.679203
38,45,60,500,1,0.5,38_45_60_500_1,accel_gap_double,True,1.359731,True,True,,0.319472,1.679203
38,45,60,500,1,0.5,38_45_60_500_1,aux_gap_half,True,1.359731,True,True,,0.319472,1.679203
38,45,60,500,1,0.5,38_45_60_500_1,aux_gap_double,True,1.359731,True,True,,0.319472,1.679203
38,45,60,1000,0,1.0,38_45_60_1000_0,current,True,1.359298,True,True,,0.310670529,1.669968529
38,45,60,1000,0,1.0,38_45_60_1000_0,smoother_11,True,0.549302,True,False,,0.679303529,1.228605529
38,45,60,1000,0,1.0,38_45_60_1000_0,smoother_31,True,1.300011,True,True,,0.339954529,1.639965529
38,45,60,1000,0,1.0,38_45_60_1000_0,accel_gap_half,True,1.359298,True,True,,0.310670529,1.669968529
38,45,60,1000,0,1.0,38_45_60_1000_0,accel_gap_double,True,1.359298,True,True,,0.310670529,1.669968529
38,45,60,1000,0,1.0,38_45_60_1000_0,aux_gap_half,True,1.359298,True,True,,0.310670529,1.669968529
38,45,60,1000,0,1.0,38_45_60_1000_0,aux_gap_double,True,1.359298,True,True,,0.310670529,1.669968529
38,45,60,1000,1,1.0,38_45_60_1000_1,current,True,1.360812,True,True,,0.29913901,1.65995101
38,45,60,1000,1,1.0,38_45_60_1000_1,smoother_11,True,0.619624,True,False,,1.05068001,1.67030401
38,45,60,1000,1,1.0,38_45_60_1000_1,smoother_31,True,1.2891590000000002,True,True,,0.32967701,1.61883601
38,45,60,1000,1,1.0,38_45_60_1000_1,accel_gap_half,True,1.360812,True,True,,0.29913901,1.65995101
38,45,60,1000,1,1.0,38_45_60_1000_1,accel_gap_double,True,1.360812,True,True,,0.29913901,1.65995101
38,45,60,1000,1,1.0,38_45_60_1000_1,aux_gap_half,True,1.360812,True,True,,0.29913901,1.65995101
38,45,60,1000,1,1.0,38_45_60_1000_1,aux_gap_double,True,1.360812,True,True,,0.29913901,1.65995101
38,90,60,500,0,0.5,38_90_60_500_0,current,True,1.379041,True,True,,0.310846,1.689887
38,90,60,500,0,0.5,38_90_60_500_0,smoother_11,True,0.4403460000000001,False,False,,1.158577,1.598923
38,90,60,500,0,0.5,38_90_60_500_0,smoother_31,True,1.308875,True,True,,0.341159,1.650034
38,90,60,500,0,0.5,38_90_60_500_0,accel_gap_half,True,1.379041,True,True,,0.310846,1.689887
38,90,60,500,0,0.5,38_90_60_500_0,accel_gap_double,True,1.379041,True,True,,0.310846,1.689887
38,90,60,500,0,0.5,38_90_60_500_0,aux_gap_half,True,1.379041,True,True,,0.310846,1.689887
38,90,60,500,0,0.5,38_90_60_500_0,aux_gap_double,True,1.379041,True,True,,0.310846,1.689887
38,90,60,500,1,0.5,38_90_60_500_1,current,True,1.170388,True,True,,0.309952646,1.480340646
38,90,60,500,1,0.5,38_90_60_500_1,smoother_11,True,0.907994,True,False,,0.540974646,1.448968646
38,90,60,500,1,0.5,38_90_60_500_1,smoother_31,True,1.338107,True,True,,0.340540646,1.678647646
38,90,60,500,1,0.5,38_90_60_500_1,accel_gap_half,True,1.170388,True,True,,0.309952646,1.480340646
38,90,60,500,1,0.5,38_90_60_500_1,accel_gap_double,True,1.170388,True,True,,0.309952646,1.480340646
38,90,60,500,1,0.5,38_90_60_500_1,aux_gap_half,True,1.170388,True,True,,0.309952646,1.480340646
38,90,60,500,1,0.5,38_90_60_500_1,aux_gap_double,True,1.170388,True,True,,0.309952646,1.480340646
38,90,60,1000,0,1.0,38_90_60_1000_0,current,True,1.359477,True,True,,0.320137588,1.679614588
38,90,60,1000,0,1.0,38_90_60_1000_0,smoother_11,True,1.422247,True,True,,0.288854588,1.711101588
38,90,60,1000,0,1.0,38_90_60_1000_0,smoother_31,True,1.3112359999999998,True,True,,0.349461588,1.660697588
38,90,60,1000,0,1.0,38_90_60_1000_0,accel_gap_half,True,1.359477,True,True,,0.320137588,1.679614588
38,90,60,1000,0,1.0,38_90_60_1000_0,accel_gap_double,True,1.359477,True,True,,0.320137588,1.679614588
38,90,60,1000,0,1.0,38_90_60_1000_0,aux_gap_half,True,1.359477,True,True,,0.320137588,1.679614588
38,90,60,1000,0,1.0,38_90_60_1000_0,aux_gap_double,True,1.359477,True,True,,0.320137588,1.679614588
38,90,60,1000,1,1.0,38_90_60_1000_1,current,True,1.381927,True,True,,0.308915,1.690842
38,90,60,1000,1,1.0,38_90_60_1000_1,smoother_11,True,0.5120399999999999,True,False,,0.919266,1.431306
38,90,60,1000,1,1.0,38_90_60_1000_1,smoother_31,True,1.310163,True,True,,0.350748,1.660911
38,90,60,1000,1,1.0,38_90_60_1000_1,accel_gap_half,True,1.381927,True,True,,0.308915,1.690842
38,90,60,1000,1,1.0,38_90_60_1000_1,accel_gap_double,True,1.381927,True,True,,0.308915,1.690842
38,90,60,1000,1,1.0,38_90_60_1000_1,aux_gap_half,True,1.381927,True,True,,0.308915,1.690842
38,90,60,1000,1,1.0,38_90_60_1000_1,aux_gap_double,True,1.381927,True,True,,0.308915,1.690842
38,135,60,500,0,0.5,38_135_60_500_0,current,True,1.2002169999999999,True,True,,0.459339724,1.659556724
38,135,60,500,0,0.5,38_135_60_500_0,smoother_11,True,1.230077,True,True,,0.469255724,1.699332724
38,135,60,500,0,0.5,38_135_60_500_0,smoother_31,True,1.289617,True,True,,0.340271724,1.629888724
38,135,60,500,0,0.5,38_135_60_500_0,accel_gap_half,True,1.2002169999999999,True,True,,0.459339724,1.659556724
38,135,60,500,0,0.5,38_135_60_500_0,accel_gap_double,True,1.2002169999999999,True,True,,0.459339724,1.659556724
38,135,60,500,0,0.5,38_135_60_500_0,aux_gap_half,True,1.2002169999999999,True,True,,0.459339724,1.659556724
38,135,60,500,0,0.5,38_135_60_500_0,aux_gap_double,True,1.2002169999999999,True,True,,0.459339724,1.659556724
38,135,60,500,1,0.5,38_135_60_500_1,current,True,1.380065,True,True,,0.289416,1.669481
38,135,60,500,1,0.5,38_135_60_500_1,smoother_11,True,0.8407870000000001,True,False,,0.859392,1.700179
38,135,60,500,1,0.5,38_135_60_500_1,smoother_31,True,1.299732,True,True,,0.329634,1.629366
38,135,60,500,1,0.5,38_135_60_500_1,accel_gap_half,True,1.380065,True,True,,0.289416,1.669481
38,135,60,500,1,0.5,38_135_60_500_1,accel_gap_double,True,1.380065,True,True,,0.289416,1.669481
38,135,60,500,1,0.5,38_135_60_500_1,aux_gap_half,True,1.380065,True,True,,0.289416,1.669481
38,135,60,500,1,0.5,38_135_60_500_1,aux_gap_double,True,1.380065,True,True,,0.289416,1.669481
38,135,60,1000,0,1.0,38_135_60_1000_0,current,True,1.358656,True,True,,0.320403467,1.679059467
38,135,60,1000,0,1.0,38_135_60_1000_0,smoother_11,True,0.1799360000000001,False,False,,1.200348467,1.380284467
38,135,60,1000,0,1.0,38_135_60_1000_0,smoother_31,True,1.329007,True,True,,0.340474467,1.669481467
38,135,60,1000,0,1.0,38_135_60_1000_0,accel_gap_half,True,1.358656,True,True,,0.320403467,1.679059467
38,135,60,1000,0,1.0,38_135_60_1000_0,accel_gap_double,True,1.358656,True,True,,0.320403467,1.679059467
38,135,60,1000,0,1.0,38_135_60_1000_0,aux_gap_half,True,1.358656,True,True,,0.320403467,1.679059467
38,135,60,1000,0,1.0,38_135_60_1000_0,aux_gap_double,True,1.358656,True,True,,0.320403467,1.679059467
38,135,60,1000,1,1.0,38_135_60_1000_1,current,True,1.369335,True,True,,0.289751663,1.659086663
38,135,60,1000,1,1.0,38_135_60_1000_1,smoother_11,True,0.550295,True,False,,1.139837663,1.690132663
38,135,60,1000,1,1.0,38_135_60_1000_1,smoother_31,True,1.300406,True,True,,0.330011663,1.630417663
38,135,60,1000,1,1.0,38_135_60_1000_1,accel_gap_half,True,1.369335,True,True,,0.289751663,1.659086663
38,135,60,1000,1,1.0,38_135_60_1000_1,accel_gap_double,True,1.369335,True,True,,0.289751663,1.659086663
38,135,60,1000,1,1.0,38_135_60_1000_1,aux_gap_half,True,1.369335,True,True,,0.289751663,1.659086663
38,135,60,1000,1,1.0,38_135_60_1000_1,aux_gap_double,True,1.369335,True,True,,0.289751663,1.659086663
38,180,60,500,0,0.5,38_180_60_500_0,current,True,1.3808420000000001,True,True,,0.310055239,1.690897239
38,180,60,500,0,0.5,38_180_60_500_0,smoother_11,True,0.488494,False,False,,0.550832239,1.039326239
38,180,60,500,0,0.5,38_180_60_500_0,smoother_31,True,1.3185769999999999,True,True,,0.330111239,1.648688239
38,180,60,500,0,0.5,38_180_60_500_0,accel_gap_half,True,1.3808420000000001,True,True,,0.310055239,1.690897239
38,180,60,500,0,0.5,38_180_60_500_0,accel_gap_double,True,1.3808420000000001,True,True,,0.310055239,1.690897239
38,180,60,500,0,0.5,38_180_60_500_0,aux_gap_half,True,1.3808420000000001,True,True,,0.310055239,1.690897239
38,180,60,500,0,0.5,38_180_60_500_0,aux_gap_double,True,1.3808420000000001,True,True,,0.310055239,1.690897239
38,180,60,500,1,0.5,38_180_60_500_1,current,True,1.361708,True,True,,0.309066804,1.670774804
38,180,60,500,1,0.5,38_180_60_500_1,smoother_11,True,0.559306,True,False,,0.610315804,1.169621804
38,180,60,500,1,0.5,38_180_60_500_1,smoother_31,True,1.300754,True,True,,0.338644804,1.639398804
38,180,60,500,1,0.5,38_180_60_500_1,accel_gap_half,True,1.361708,True,True,,0.309066804,1.670774804
38,180,60,500,1,0.5,38_180_60_500_1,accel_gap_double,True,1.361708,True,True,,0.309066804,1.670774804
38,180,60,500,1,0.5,38_180_60_500_1,aux_gap_half,True,1.361708,True,True,,0.309066804,1.670774804
38,180,60,500,1,0.5,38_180_60_500_1,aux_gap_double,True,1.361708,True,True,,0.309066804,1.670774804
38,180,60,1000,0,1.0,38_180_60_1000_0,current,True,1.370384,True,True,,0.30897,1.679354
38,180,60,1000,0,1.0,38_180_60_1000_0,smoother_11,True,0.6805619999999999,True,False,,1.019457,1.700019
38,180,60,1000,0,1.0,38_180_60_1000_0,smoother_31,True,1.310148,True,True,,0.339651,1.649799
38,180,60,1000,0,1.0,38_180_60_1000_0,accel_gap_half,True,1.370384,True,True,,0.30897,1.679354
38,180,60,1000,0,1.0,38_180_60_1000_0,accel_gap_double,True,1.370384,True,True,,0.30897,1.679354
38,180,60,1000,0,1.0,38_180_60_1000_0,aux_gap_half,True,1.370384,True,True,,0.30897,1.679354
38,180,60,1000,0,1.0,38_180_60_1000_0,aux_gap_double,True,1.370384,True,True,,0.30897,1.679354
38,180,60,1000,1,1.0,38_180_60_1000_1,current,True,1.369465,True,True,,0.299598,1.669063
38,180,60,1000,1,1.0,38_180_60_1000_1,smoother_11,True,0.5012260000000001,True,False,,0.378957,0.880183
38,180,60,1000,1,1.0,38_180_60_1000_1,smoother_31,True,1.298978,True,True,,0.340351,1.639329
38,180,60,1000,1,1.0,38_180_60_1000_1,accel_gap_half,True,1.369465,True,True,,0.299598,1.669063
38,180,60,1000,1,1.0,38_180_60_1000_1,accel_gap_double,True,1.369465,True,True,,0.299598,1.669063
38,180,60,1000,1,1.0,38_180_60_1000_1,aux_gap_half,True,1.369465,True,True,,0.299598,1.669063
38,180,60,1000,1,1.0,38_180_60_1000_1,aux_gap_double,True,1.369465,True,True,,0.299598,1.669063
38,225,60,500,0,0.5,38_225_60_500_0,current,True,1.36942,True,True,,0.309926,1.679346
38,225,60,500,0,0.5,38_225_60_500_0,smoother_11,True,0.631032,True,False,,0.279998,0.91103
38,225,60,500,0,0.5,38_225_60_500_0,smoother_31,True,1.309391,True,True,,0.340349,1.64974
38,225,60,500,0,0.5,38_225_60_500_0,accel_gap_half,True,1.36942,True,True,,0.309926,1.679346
38,225,60,500,0,0.5,38_225_60_500_0,accel_gap_double,True,1.36942,True,True,,0.309926,1.679346
38,225,60,500,0,0.5,38_225_60_500_0,aux_gap_half,True,1.36942,True,True,,0.309926,1.679346
38,225,60,500,0,0.5,38_225_60_500_0,aux_gap_double,True,1.36942,True,True,,0.309926,1.679346
38,225,60,500,1,0.5,38_225_60_500_1,current,True,1.369991,True,True,,0.329941,1.699932
38,225,60,500,1,0.5,38_225_60_500_1,smoother_11,True,0.960285,True,False,,0.299334,1.259619
38,225,60,500,1,0.5,38_225_60_500_1,smoother_31,True,1.30117,True,True,,0.359374,1.660544
38,225,60,500,1,0.5,38_225_60_500_1,accel_gap_half,True,1.369991,True,True,,0.329941,1.699932
38,225,60,500,1,0.5,38_225_60_500_1,accel_gap_double,True,1.369991,True,True,,0.329941,1.699932
38,225,60,500,1,0.5,38_225_60_500_1,aux_gap_half,True,1.369991,True,True,,0.329941,1.699932
38,225,60,500,1,0.5,38_225_60_500_1,aux_gap_double,True,1.369991,True,True,,0.329941,1.699932
38,225,60,1000,0,1.0,38_225_60_1000_0,current,True,1.3705850000000002,True,True,,0.299623933,1.670208933
38,225,60,1000,0,1.0,38_225_60_1000_0,smoother_11,True,0.520843,True,False,,0.869741933,1.390584933
38,225,60,1000,0,1.0,38_225_60_1000_0,smoother_31,True,1.309295,True,True,,0.330443933,1.639738933
38,225,60,1000,0,1.0,38_225_60_1000_0,accel_gap_half,True,1.3705850000000002,True,True,,0.299623933,1.670208933
38,225,60,1000,0,1.0,38_225_60_1000_0,accel_gap_double,True,1.3705850000000002,True,True,,0.299623933,1.670208933
38,225,60,1000,0,1.0,38_225_60_1000_0,aux_gap_half,True,1.3705850000000002,True,True,,0.299623933,1.670208933
38,225,60,1000,0,1.0,38_225_60_1000_0,aux_gap_double,True,1.3705850000000002,True,True,,0.299623933,1.670208933
38,225,60,1000,1,1.0,38_225_60_1000_1,current,True,1.3687660000000001,True,True,,0.290649,1.659415
38,225,60,1000,1,1.0,38_225_60_1000_1,smoother_11,True,1.000274,True,True,,0.260119,1.260393
38,225,60,1000,1,1.0,38_225_60_1000_1,smoother_31,True,1.310654,True,True,,0.319294,1.629948
38,225,60,1000,1,1.0,38_225_60_1000_1,accel_gap_half,True,1.3687660000000001,True,True,,0.290649,1.659415
38,225,60,1000,1,1.0,38_225_60_1000_1,accel_gap_double,True,1.3687660000000001,True,True,,0.290649,1.659415
38,225,60,1000,1,1.0,38_225_60_1000_1,aux_gap_half,True,1.3687660000000001,True,True,,0.290649,1.659415
38,225,60,1000,1,1.0,38_225_60_1000_1,aux_gap_double,True,1.3687660000000001,True,True,,0.290649,1.659415
38,270,60,500,0,0.5,38_270_60_500_0,current,True,0.5787420000000001,True,False,,1.110958,1.6897
38,270,60,500,0,0.5,38_270_60_500_0,smoother_11,True,0.42188000000000003,False,False,,1.13906,1.56094
38,270,60,500,0,0.5,38_270_60_500_0,smoother_31,True,1.310452,True,True,,0.340015,1.650467
38,270,60,500,0,0.5,38_270_60_500_0,accel_gap_half,True,0.5787420000000001,True,False,,1.110958,1.6897
38,270,60,500,0,0.5,38_270_60_500_0,accel_gap_double,True,0.5787420000000001,True,False,,1.110958,1.6897
38,270,60,500,0,0.5,38_270_60_500_0,aux_gap_half,True,0.5787420000000001,True,False,,1.110958,1.6897
38,270,60,500,0,0.5,38_270_60_500_0,aux_gap_double,True,0.5787420000000001,True,False,,1.110958,1.6897
38,270,60,500,1,0.5,38_270_60_500_1,current,True,1.360622,True,True,,0.319594,1.680216
38,270,60,500,1,0.5,38_270_60_500_1,smoother_11,True,0.84202,True,False,,0.288881,1.130901
38,270,60,500,1,0.5,38_270_60_500_1,smoother_31,True,1.311416,True,True,,0.339429,1.650845
38,270,60,500,1,0.5,38_270_60_500_1,accel_gap_half,True,1.360622,True,True,,0.319594,1.680216
38,270,60,500,1,0.5,38_270_60_500_1,accel_gap_double,True,1.360622,True,True,,0.319594,1.680216
38,270,60,500,1,0.5,38_270_60_500_1,aux_gap_half,True,1.360622,True,True,,0.319594,1.680216
38,270,60,500,1,0.5,38_270_60_500_1,aux_gap_double,True,1.360622,True,True,,0.319594,1.680216
38,270,60,1000,0,1.0,38_270_60_1000_0,current,True,1.38002,True,True,,0.289564,1.669584
38,270,60,1000,0,1.0,38_270_60_1000_0,smoother_11,True,0.5092969999999999,True,False,,0.750901,1.260198
38,270,60,1000,0,1.0,38_270_60_1000_0,smoother_31,True,1.3195480000000002,True,True,,0.320447,1.639995
38,270,60,1000,0,1.0,38_270_60_1000_0,accel_gap_half,True,1.38002,True,True,,0.289564,1.669584
38,270,60,1000,0,1.0,38_270_60_1000_0,accel_gap_double,True,1.38002,True,True,,0.289564,1.669584
38,270,60,1000,0,1.0,38_270_60_1000_0,aux_gap_half,True,1.38002,True,True,,0.289564,1.669584
38,270,60,1000,0,1.0,38_270_60_1000_0,aux_gap_double,True,1.38002,True,True,,0.289564,1.669584
38,270,60,1000,1,1.0,38_270_60_1000_1,current,True,1.3591129999999998,True,True,,0.310299,1.669412
38,270,60,1000,1,1.0,38_270_60_1000_1,smoother_11,True,0.799847,True,False,,0.280316,1.080163
38,270,60,1000,1,1.0,38_270_60_1000_1,smoother_31,True,1.298721,True,True,,0.34024,1.638961
38,270,60,1000,1,1.0,38_270_60_1000_1,accel_gap_half,True,1.3591129999999998,True,True,,0.310299,1.669412
38,270,60,1000,1,1.0,38_270_60_1000_1,accel_gap_double,True,1.3591129999999998,True,True,,0.310299,1.669412
38,270,60,1000,1,1.0,38_270_60_1000_1,aux_gap_half,True,1.3591129999999998,True,True,,0.310299,1.669412
38,270,60,1000,1,1.0,38_270_60_1000_1,aux_gap_double,True,1.3591129999999998,True,True,,0.310299,1.669412
38,315,60,500,0,0.5,38_315_60_500_0,current,True,1.360377,True,True,,0.320721,1.681098
38,315,60,500,0,0.5,38_315_60_500_0,smoother_11,True,0.9205720000000001,True,False,,0.799869,1.720441
38,315,60,500,0,0.5,38_315_60_500_0,smoother_31,True,1.290639,True,True,,0.35029,1.640929
38,315,60,500,0,0.5,38_315_60_500_0,accel_gap_half,True,1.360377,True,True,,0.320721,1.681098
38,315,60,500,0,0.5,38_315_60_500_0,accel_gap_double,True,1.360377,True,True,,0.320721,1.681098
38,315,60,500,0,0.5,38_315_60_500_0,aux_gap_half,True,1.360377,True,True,,0.320721,1.681098
38,315,60,500,0,0.5,38_315_60_500_0,aux_gap_double,True,1.360377,True,True,,0.320721,1.681098
38,315,60,500,1,0.5,38_315_60_500_1,current,True,1.369138,True,True,,0.300668,1.669806
38,315,60,500,1,0.5,38_315_60_500_1,smoother_11,True,0.4006350000000001,False,False,,1.298776,1.699411
38,315,60,500,1,0.5,38_315_60_500_1,smoother_31,True,1.3107440000000001,True,True,,0.340561,1.651305
38,315,60,500,1,0.5,38_315_60_500_1,accel_gap_half,True,1.369138,True,True,,0.300668,1.669806
38,315,60,500,1,0.5,38_315_60_500_1,accel_gap_double,True,1.369138,True,True,,0.300668,1.669806
38,315,60,500,1,0.5,38_315_60_500_1,aux_gap_half,True,1.369138,True,True,,0.300668,1.669806
38,315,60,500,1,0.5,38_315_60_500_1,aux_gap_double,True,1.369138,True,True,,0.300668,1.669806
38,315,60,1000,0,1.0,38_315_60_1000_0,current,True,1.350119,True,True,,0.30981474,1.65993374
38,315,60,1000,0,1.0,38_315_60_1000_0,smoother_11,True,0.4892019999999999,False,False,,1.20964074,1.69884274
38,315,60,1000,0,1.0,38_315_60_1000_0,smoother_31,True,1.301038,True,True,,0.33934974,1.64038774
38,315,60,1000,0,1.0,38_315_60_1000_0,accel_gap_half,True,1.350119,True,True,,0.30981474,1.65993374
38,315,60,1000,0,1.0,38_315_60_1000_0,accel_gap_double,True,1.350119,True,True,,0.30981474,1.65993374
38,315,60,1000,0,1.0,38_315_60_1000_0,aux_gap_half,True,1.350119,True,True,,0.30981474,1.65993374
38,315,60,1000,0,1.0,38_315_60_1000_0,aux_gap_double,True,1.350119,True,True,,0.30981474,1.65993374
38,315,60,1000,1,1.0,38_315_60_1000_1,current,True,1.369583,True,True,,0.30915965,1.67874265
38,315,60,1000,1,1.0,38_315_60_1000_1,smoother_11,True,0.871219,True,False,,0.82956965,1.70078865
38,315,60,1000,1,1.0,38_315_60_1000_1,smoother_31,True,1.309157,True,True,,0.34076265,1.64991965
38,315,60,1000,1,1.0,38_315_60_1000_1,accel_gap_half,True,1.369583,True,True,,0.30915965,1.67874265
38,315,60,1000,1,1.0,38_315_60_1000_1,accel_gap_double,True,1.369583,True,True,,0.30915965,1.67874265
38,315,60,1000,1,1.0,38_315_60_1000_1,aux_gap_half,True,1.369583,True,True,,0.30915965,1.67874265
38,315,60,1000,1,1.0,38_315_60_1000_1,aux_gap_double,True,1.369583,True,True,,0.30915965,1.67874265
49,0,20,500,0,0.5,49_0_20_500_0,current,True,4.4187840000000005,True,True,,0.291098,4.709882
49,0,20,500,0,0.5,49_0_20_500_0,smoother_11,True,0.8713760000000006,True,False,,3.339231,4.210607
49,0,20,500,0,0.5,49_0_20_500_0,smoother_31,True,4.3394189999999995,True,True,,0.32943,4.668849
49,0,20,500,0,0.5,49_0_20_500_0,accel_gap_half,True,4.4187840000000005,True,True,,0.291098,4.709882
49,0,20,500,0,0.5,49_0_20_500_0,accel_gap_double,True,4.4187840000000005,True,True,,0.291098,4.709882
49,0,20,500,0,0.5,49_0_20_500_0,aux_gap_half,True,4.4187840000000005,True,True,,0.291098,4.709882
49,0,20,500,0,0.5,49_0_20_500_0,aux_gap_double,True,4.4187840000000005,True,True,,0.291098,4.709882
49,0,20,500,1,0.5,49_0_20_500_1,current,True,2.189258,True,True,,0.910803869,3.100061869
49,0,20,500,1,0.5,49_0_20_500_1,smoother_11,True,0.9287599999999998,True,False,,1.331155869,2.259915869
49,0,20,500,1,0.5,49_0_20_500_1,smoother_31,True,4.338455,True,True,,0.330425869,4.668880869
49,0,20,500,1,0.5,49_0_20_500_1,accel_gap_half,True,2.189258,True,True,,0.910803869,3.100061869
49,0,20,500,1,0.5,49_0_20_500_1,accel_gap_double,True,2.189258,True,True,,0.910803869,3.100061869
49,0,20,500,1,0.5,49_0_20_500_1,aux_gap_half,True,2.189258,True,True,,0.910803869,3.100061869
49,0,20,500,1,0.5,49_0_20_500_1,aux_gap_double,True,2.189258,True,True,,0.910803869,3.100061869
49,0,20,1000,0,1.0,49_0_20_1000_0,current,True,2.4195210000000005,True,True,,2.279757256,4.699278256
49,0,20,1000,0,1.0,49_0_20_1000_0,smoother_11,True,0.6195759999999999,True,False,,2.900980256,3.520556256
49,0,20,1000,0,1.0,49_0_20_1000_0,smoother_31,True,4.358984,True,True,,0.310999256,4.669983256
49,0,20,1000,0,1.0,49_0_20_1000_0,accel_gap_half,True,2.4195210000000005,True,True,,2.279757256,4.699278256
49,0,20,1000,0,1.0,49_0_20_1000_0,accel_gap_double,True,2.4195210000000005,True,True,,2.279757256,4.699278256
49,0,20,1000,0,1.0,49_0_20_1000_0,aux_gap_half,True,2.4195210000000005,True,True,,2.279757256,4.699278256
49,0,20,1000,0,1.0,49_0_20_1000_0,aux_gap_double,True,2.4195210000000005,True,True,,2.279757256,4.699278256
49,0,20,1000,1,1.0,49_0_20_1000_1,current,True,2.730406,True,True,,0.380198666,3.110604666
49,0,20,1000,1,1.0,49_0_20_1000_1,smoother_11,True,0.640425,True,False,,1.459460666,2.099885666
49,0,20,1000,1,1.0,49_0_20_1000_1,smoother_31,True,4.318765,True,True,,0.340948666,4.659713666
49,0,20,1000,1,1.0,49_0_20_1000_1,accel_gap_half,True,2.730406,True,True,,0.380198666,3.110604666
49,0,20,1000,1,1.0,49_0_20_1000_1,accel_gap_double,True,2.730406,True,True,,0.380198666,3.110604666
49,0,20,1000,1,1.0,49_0_20_1000_1,aux_gap_half,True,2.730406,True,True,,0.380198666,3.110604666
49,0,20,1000,1,1.0,49_0_20_1000_1,aux_gap_double,True,2.730406,True,True,,0.380198666,3.110604666
49,45,20,500,0,0.5,49_45_20_500_0,current,True,4.380207,True,True,,0.29007592,4.67028292
49,45,20,500,0,0.5,49_45_20_500_0,smoother_11,True,2.090188,True,True,,1.65014992,3.74033792
49,45,20,500,0,0.5,49_45_20_500_0,smoother_31,True,4.311221,True,True,,0.32005392,4.63127492
49,45,20,500,0,0.5,49_45_20_500_0,accel_gap_half,True,4.380207,True,True,,0.29007592,4.67028292
49,45,20,500,0,0.5,49_45_20_500_0,accel_gap_double,True,4.380207,True,True,,0.29007592,4.67028292
49,45,20,500,0,0.5,49_45_20_500_0,aux_gap_half,True,4.380207,True,True,,0.29007592,4.67028292
49,45,20,500,0,0.5,49_45_20_500_0,aux_gap_double,True,4.380207,True,True,,0.29007592,4.67028292
49,45,20,500,1,0.5,49_45_20_500_1,current,True,2.251723,True,True,,0.288617956,2.540340956
49,45,20,500,1,0.5,49_45_20_500_1,smoother_11,True,1.230715,True,True,,2.559943956,3.790658956
49,45,20,500,1,0.5,49_45_20_500_1,smoother_31,True,4.319088,True,True,,0.321206956,4.640294956
49,45,20,500,1,0.5,49_45_20_500_1,accel_gap_half,True,2.251723,True,True,,0.288617956,2.540340956
49,45,20,500,1,0.5,49_45_20_500_1,accel_gap_double,True,2.251723,True,True,,0.288617956,2.540340956
49,45,20,500,1,0.5,49_45_20_500_1,aux_gap_half,True,2.251723,True,True,,0.288617956,2.540340956
49,45,20,500,1,0.5,49_45_20_500_1,aux_gap_double,True,2.251723,True,True,,0.288617956,2.540340956
49,45,20,1000,0,1.0,49_45_20_1000_0,current,True,4.3706689999999995,True,True,,0.298885,4.669554
49,45,20,1000,0,1.0,49_45_20_1000_0,smoother_11,True,1.5914150000000002,True,True,,1.058949,2.650364
49,45,20,1000,0,1.0,49_45_20_1000_0,smoother_31,True,4.31939,True,True,,0.329958,4.649348
49,45,20,1000,0,1.0,49_45_20_1000_0,accel_gap_half,True,4.3706689999999995,True,True,,0.298885,4.669554
49,45,20,1000,0,1.0,49_45_20_1000_0,accel_gap_double,True,4.3706689999999995,True,True,,0.298885,4.669554
49,45,20,1000,0,1.0,49_45_20_1000_0,aux_gap_half,True,4.3706689999999995,True,True,,0.298885,4.669554
49,45,20,1000,0,1.0,49_45_20_1000_0,aux_gap_double,True,4.3706689999999995,True,True,,0.298885,4.669554
49,45,20,1000,1,1.0,49_45_20_1000_1,current,True,4.36885,True,True,,0.291097054,4.659947054
49,45,20,1000,1,1.0,49_45_20_1000_1,smoother_11,True,1.340418,True,True,,2.609637054,3.950055054
49,45,20,1000,1,1.0,49_45_20_1000_1,smoother_31,True,4.31015,True,True,,0.330085054,4.640235054
49,45,20,1000,1,1.0,49_45_20_1000_1,accel_gap_half,True,4.36885,True,True,,0.291097054,4.659947054
49,45,20,1000,1,1.0,49_45_20_1000_1,accel_gap_double,True,4.36885,True,True,,0.291097054,4.659947054
49,45,20,1000,1,1.0,49_45_20_1000_1,aux_gap_half,True,4.36885,True,True,,0.291097054,4.659947054
49,45,20,1000,1,1.0,49_45_20_1000_1,aux_gap_double,True,4.36885,True,True,,0.291097054,4.659947054
49,90,20,500,0,0.5,49_90_20_500_0,current,True,4.409783,True,True,,0.309846855,4.719629855
49,90,20,500,0,0.5,49_90_20_500_0,smoother_11,True,1.1007029999999998,True,True,,0.789242855,1.889945855
49,90,20,500,0,0.5,49_90_20_500_0,smoother_31,True,4.34223,True,True,,0.338796855,4.681026855
49,90,20,500,0,0.5,49_90_20_500_0,accel_gap_half,True,4.409783,True,True,,0.309846855,4.719629855
49,90,20,500,0,0.5,49_90_20_500_0,accel_gap_double,True,4.409783,True,True,,0.309846855,4.719629855
49,90,20,500,0,0.5,49_90_20_500_0,aux_gap_half,True,4.409783,True,True,,0.309846855,4.719629855
49,90,20,500,0,0.5,49_90_20_500_0,aux_gap_double,True,4.409783,True,True,,0.309846855,4.719629855
49,90,20,500,1,0.5,49_90_20_500_1,current,True,4.4104969999999994,True,True,,0.289717,4.700214
49,90,20,500,1,0.5,49_90_20_500_1,smoother_11,True,0.7016309999999999,True,False,,0.459165,1.160796
49,90,20,500,1,0.5,49_90_20_500_1,smoother_31,True,4.34028,True,True,,0.33007,4.67035
49,90,20,500,1,0.5,49_90_20_500_1,accel_gap_half,True,4.4104969999999994,True,True,,0.289717,4.700214
49,90,20,500,1,0.5,49_90_20_500_1,accel_gap_double,True,4.4104969999999994,True,True,,0.289717,4.700214
49,90,20,500,1,0.5,49_90_20_500_1,aux_gap_half,True,4.4104969999999994,True,True,,0.289717,4.700214
49,90,20,500,1,0.5,49_90_20_500_1,aux_gap_double,True,4.4104969999999994,True,True,,0.289717,4.700214
49,90,20,1000,0,1.0,49_90_20_1000_0,current,True,2.2289489999999996,True,True,,2.450187,4.679136
49,90,20,1000,0,1.0,49_90_20_1000_0,smoother_11,True,0.8306960000000001,True,False,,1.479991,2.310687
49,90,20,1000,0,1.0,49_90_20_1000_0,smoother_31,True,4.31996,True,True,,0.330003,4.649963
49,90,20,1000,0,1.0,49_90_20_1000_0,accel_gap_half,True,2.2289489999999996,True,True,,2.450187,4.679136
49,90,20,1000,0,1.0,49_90_20_1000_0,accel_gap_double,True,2.2289489999999996,True,True,,2.450187,4.679136
49,90,20,1000,0,1.0,49_90_20_1000_0,aux_gap_half,True,2.2289489999999996,True,True,,2.450187,4.679136
49,90,20,1000,0,1.0,49_90_20_1000_0,aux_gap_double,True,2.2289489999999996,True,True,,2.450187,4.679136
49,90,20,1000,1,1.0,49_90_20_1000_1,current,True,4.411436,True,True,,0.298923856,4.710359856
49,90,20,1000,1,1.0,49_90_20_1000_1,smoother_11,True,2.9083719999999995,True,True,,1.360340856,4.268712856
49,90,20,1000,1,1.0,49_90_20_1000_1,smoother_31,True,4.3413699999999995,True,True,,0.339262856,4.680632856
49,90,20,1000,1,1.0,49_90_20_1000_1,accel_gap_half,True,4.411436,True,True,,0.298923856,4.710359856
49,90,20,1000,1,1.0,49_90_20_1000_1,accel_gap_double,True,4.411436,True,True,,0.298923856,4.710359856
49,90,20,1000,1,1.0,49_90_20_1000_1,aux_gap_half,True,4.411436,True,True,,0.298923856,4.710359856
49,90,20,1000,1,1.0,49_90_20_1000_1,aux_gap_double,True,4.411436,True,True,,0.298923856,4.710359856
49,135,20,500,0,0.5,49_135_20_500_0,current,True,4.381085000000001,True,True,,0.300022561,4.681107561
49,135,20,500,0,0.5,49_135_20_500_0,smoother_11,True,1.2688110000000001,True,True,,0.900264561,2.169075561
49,135,20,500,0,0.5,49_135_20_500_0,smoother_31,True,4.320182,True,True,,0.329311561,4.649493561
49,135,20,500,0,0.5,49_135_20_500_0,accel_gap_half,True,4.381085000000001,True,True,,0.300022561,4.681107561
49,135,20,500,0,0.5,49_135_20_500_0,accel_gap_double,True,4.381085000000001,True,True,,0.300022561,4.681107561
49,135,20,500,0,0.5,49_135_20_500_0,aux_gap_half,True,4.381085000000001,True,True,,0.300022561,4.681107561
49,135,20,500,0,0.5,49_135_20_500_0,aux_gap_double,True,4.381085000000001,True,True,,0.300022561,4.681107561
49,135,20,500,1,0.5,49_135_20_500_1,current,True,4.380590000000001,True,True,,0.300116189,4.680706189
49,135,20,500,1,0.5,49_135_20_500_1,smoother_11,True,1.990383,True,True,,2.149204189,4.139587189
49,135,20,500,1,0.5,49_135_20_500_1,smoother_31,True,4.318916000000001,True,True,,0.330400189,4.649316189
49,135,20,500,1,0.5,49_135_20_500_1,accel_gap_half,True,4.380590000000001,True,True,,0.300116189,4.680706189
49,135,20,500,1,0.5,49_135_20_500_1,accel_gap_double,True,4.380590000000001,True,True,,0.300116189,4.680706189
49,135,20,500,1,0.5,49_135_20_500_1,aux_gap_half,True,4.380590000000001,True,True,,0.300116189,4.680706189
49,135,20,500,1,0.5,49_135_20_500_1,aux_gap_double,True,4.380590000000001,True,True,,0.300116189,4.680706189
49,135,20,1000,0,1.0,49_135_20_1000_0,current,True,4.38947,True,True,,0.299442,4.688912
49,135,20,1000,0,1.0,49_135_20_1000_0,smoother_11,True,0.9894890000000001,True,False,,0.86026,1.849749
49,135,20,1000,0,1.0,49_135_20_1000_0,smoother_31,True,4.320619000000001,True,True,,0.329438,4.650057
49,135,20,1000,0,1.0,49_135_20_1000_0,accel_gap_half,True,4.38947,True,True,,0.299442,4.688912
49,135,20,1000,0,1.0,49_135_20_1000_0,accel_gap_double,True,4.38947,True,True,,0.299442,4.688912
49,135,20,1000,0,1.0,49_135_20_1000_0,aux_gap_half,True,4.38947,True,True,,0.299442,4.688912
49,135,20,1000,0,1.0,49_135_20_1000_0,aux_gap_double,True,4.38947,True,True,,0.299442,4.688912
49,135,20,1000,1,1.0,49_135_20_1000_1,current,True,3.270539,True,True,,0.299498984,3.570037984
49,135,20,1000,1,1.0,49_135_20_1000_1,smoother_11,True,1.0601909999999999,True,True,,0.269437984,1.329628984
49,135,20,1000,1,1.0,49_135_20_1000_1,smoother_31,True,4.330384,True,True,,0.319759984,4.650143984
49,135,20,1000,1,1.0,49_135_20_1000_1,accel_gap_half,True,3.270539,True,True,,0.299498984,3.570037984
49,135,20,1000,1,1.0,49_135_20_1000_1,accel_gap_double,True,3.270539,True,True,,0.299498984,3.570037984
49,135,20,1000,1,1.0,49_135_20_1000_1,aux_gap_half,True,3.270539,True,True,,0.299498984,3.570037984
49,135,20,1000,1,1.0,49_135_20_1000_1,aux_gap_double,True,3.270539,True,True,,0.299498984,3.570037984
49,180,20,500,0,0.5,49_180_20_500_0,current,True,4.388983,True,True,,0.301001,4.689984
49,180,20,500,0,0.5,49_180_20_500_0,smoother_11,True,0.86912,True,False,,0.271308,1.140428
49,180,20,500,0,0.5,49_180_20_500_0,smoother_31,True,4.339767,True,True,,0.320808,4.660575
49,180,20,500,0,0.5,49_180_20_500_0,accel_gap_half,True,4.388983,True,True,,0.301001,4.689984
49,180,20,500,0,0.5,49_180_20_500_0,accel_gap_double,True,4.388983,True,True,,0.301001,4.689984
49,180,20,500,0,0.5,49_180_20_500_0,aux_gap_half,True,4.388983,True,True,,0.301001,4.689984
49,180,20,500,0,0.5,49_180_20_500_0,aux_gap_double,True,4.388983,True,True,,0.301001,4.689984
49,180,20,500,1,0.5,49_180_20_500_1,current,True,2.32923,True,True,,2.370203,4.699433
49,180,20,500,1,0.5,49_180_20_500_1,smoother_11,True,1.219135,True,True,,3.430991,4.650126
49,180,20,500,1,0.5,49_180_20_500_1,smoother_31,True,4.3398390000000004,True,True,,0.330825,4.670664
49,180,20,500,1,0.5,49_180_20_500_1,accel_gap_half,True,2.32923,True,True,,2.370203,4.699433
49,180,20,500,1,0.5,49_180_20_500_1,accel_gap_double,True,2.32923,True,True,,2.370203,4.699433
49,180,20,500,1,0.5,49_180_20_500_1,aux_gap_half,True,2.32923,True,True,,2.370203,4.699433
49,180,20,500,1,0.5,49_180_20_500_1,aux_gap_double,True,2.32923,True,True,,2.370203,4.699433
49,180,20,1000,0,1.0,49_180_20_1000_0,current,True,3.0194319999999997,True,True,,1.67998291,4.69941491
49,180,20,1000,0,1.0,49_180_20_1000_0,smoother_11,True,0.829113,True,False,,0.26047591,1.08958891
49,180,20,1000,0,1.0,49_180_20_1000_0,smoother_31,True,4.34067,True,True,,0.31962591,4.66029591
49,180,20,1000,0,1.0,49_180_20_1000_0,accel_gap_half,True,3.0194319999999997,True,True,,1.67998291,4.69941491
49,180,20,1000,0,1.0,49_180_20_1000_0,accel_gap_double,True,3.0194319999999997,True,True,,1.67998291,4.69941491
49,180,20,1000,0,1.0,49_180_20_1000_0,aux_gap_half,True,3.0194319999999997,True,True,,1.67998291,4.69941491
49,180,20,1000,0,1.0,49_180_20_1000_0,aux_gap_double,True,3.0194319999999997,True,True,,1.67998291,4.69941491
49,180,20,1000,1,1.0,49_180_20_1000_1,current,True,4.41122,True,True,,0.300004949,4.711224949
49,180,20,1000,1,1.0,49_180_20_1000_1,smoother_11,True,0.8690850000000001,True,False,,1.380701949,2.249786949
49,180,20,1000,1,1.0,49_180_20_1000_1,smoother_31,True,4.3482330000000005,True,True,,0.321048949,4.669281949
49,180,20,1000,1,1.0,49_180_20_1000_1,accel_gap_half,True,4.41122,True,True,,0.300004949,4.711224949
49,180,20,1000,1,1.0,49_180_20_1000_1,accel_gap_double,True,4.41122,True,True,,0.300004949,4.711224949
49,180,20,1000,1,1.0,49_180_20_1000_1,aux_gap_half,True,4.41122,True,True,,0.300004949,4.711224949
49,180,20,1000,1,1.0,49_180_20_1000_1,aux_gap_double,True,4.41122,True,True,,0.300004949,4.711224949
49,225,20,500,0,0.5,49_225_20_500_0,current,True,3.178347,True,True,,0.361040149,3.539387149
49,225,20,500,0,0.5,49_225_20_500_0,smoother_11,True,2.5203949999999997,True,True,,0.379796149,2.900191149
49,225,20,500,0,0.5,49_225_20_500_0,smoother_31,True,4.28978,True,True,,0.331014149,4.620794149
49,225,20,500,0,0.5,49_225_20_500_0,accel_gap_half,True,3.178347,True,True,,0.361040149,3.539387149
49,225,20,500,0,0.5,49_225_20_500_0,accel_gap_double,True,3.178347,True,True,,0.361040149,3.539387149
49,225,20,500,0,0.5,49_225_20_500_0,aux_gap_half,True,3.178347,True,True,,0.361040149,3.539387149
49,225,20,500,0,0.5,49_225_20_500_0,aux_gap_double,True,3.178347,True,True,,0.361040149,3.539387149
49,225,20,500,1,0.5,49_225_20_500_1,current,True,4.389614000000001,True,True,,0.28914089,4.67875489
49,225,20,500,1,0.5,49_225_20_500_1,smoother_11,True,1.1404820000000004,True,True,,2.88988189,4.03036389
49,225,20,500,1,0.5,49_225_20_500_1,smoother_31,True,4.319910999999999,True,True,,0.32053589,4.64044689
49,225,20,500,1,0.5,49_225_20_500_1,accel_gap_half,True,4.389614000000001,True,True,,0.28914089,4.67875489
49,225,20,500,1,0.5,49_225_20_500_1,accel_gap_double,True,4.389614000000001,True,True,,0.28914089,4.67875489
49,225,20,500,1,0.5,49_225_20_500_1,aux_gap_half,True,4.389614000000001,True,True,,0.28914089,4.67875489
49,225,20,500,1,0.5,49_225_20_500_1,aux_gap_double,True,4.389614000000001,True,True,,0.28914089,4.67875489
49,225,20,1000,0,1.0,49_225_20_1000_0,current,True,4.3791519999999995,True,True,,0.279917,4.659069
49,225,20,1000,0,1.0,49_225_20_1000_0,smoother_11,True,0.8493709999999997,True,False,,2.780514,3.629885
49,225,20,1000,0,1.0,49_225_20_1000_0,smoother_31,True,4.3083480000000005,True,True,,0.330924,4.639272
49,225,20,1000,0,1.0,49_225_20_1000_0,accel_gap_half,True,4.3791519999999995,True,True,,0.279917,4.659069
49,225,20,1000,0,1.0,49_225_20_1000_0,accel_gap_double,True,4.3791519999999995,True,True,,0.279917,4.659069
49,225,20,1000,0,1.0,49_225_20_1000_0,aux_gap_half,True,4.3791519999999995,True,True,,0.279917,4.659069
49,225,20,1000,0,1.0,49_225_20_1000_0,aux_gap_double,True,4.3791519999999995,True,True,,0.279917,4.659069
49,225,20,1000,1,1.0,49_225_20_1000_1,current,True,4.379802,True,True,,0.2996,4.679402
49,225,20,1000,1,1.0,49_225_20_1000_1,smoother_11,True,1.1797030000000004,True,True,,3.539798,4.719501
49,225,20,1000,1,1.0,49_225_20_1000_1,smoother_31,True,4.321229,True,True,,0.329067,4.650296
49,225,20,1000,1,1.0,49_225_20_1000_1,accel_gap_half,True,4.379802,True,True,,0.2996,4.679402
49,225,20,1000,1,1.0,49_225_20_1000_1,accel_gap_double,True,4.379802,True,True,,0.2996,4.679402
49,225,20,1000,1,1.0,49_225_20_1000_1,aux_gap_half,True,4.379802,True,True,,0.2996,4.679402
49,225,20,1000,1,1.0,49_225_20_1000_1,aux_gap_double,True,4.379802,True,True,,0.2996,4.679402
49,270,20,500,0,0.5,49_270_20_500_0,current,True,4.410261,True,True,,0.280310575,4.690571575
49,270,20,500,0,0.5,49_270_20_500_0,smoother_11,True,0.7116099999999999,True,False,,1.829097575,2.540707575
49,270,20,500,0,0.5,49_270_20_500_0,smoother_31,True,4.339130000000001,True,True,,0.320779575,4.659909575
49,270,20,500,0,0.5,49_270_20_500_0,accel_gap_half,True,4.410261,True,True,,0.280310575,4.690571575
49,270,20,500,0,0.5,49_270_20_500_0,accel_gap_double,True,4.410261,True,True,,0.280310575,4.690571575
49,270,20,500,0,0.5,49_270_20_500_0,aux_gap_half,True,4.410261,True,True,,0.280310575,4.690571575
49,270,20,500,0,0.5,49_270_20_500_0,aux_gap_double,True,4.410261,True,True,,0.280310575,4.690571575
49,270,20,500,1,0.5,49_270_20_500_1,current,True,4.419926,True,True,,0.280290804,4.700216804
49,270,20,500,1,0.5,49_270_20_500_1,smoother_11,True,1.179611,True,True,,2.050759804,3.230370804
49,270,20,500,1,0.5,49_270_20_500_1,smoother_31,True,4.348685000000001,True,True,,0.310071804,4.658756804
49,270,20,500,1,0.5,49_270_20_500_1,accel_gap_half,True,4.419926,True,True,,0.280290804,4.700216804
49,270,20,500,1,0.5,49_270_20_500_1,accel_gap_double,True,4.419926,True,True,,0.280290804,4.700216804
49,270,20,500,1,0.5,49_270_20_500_1,aux_gap_half,True,4.419926,True,True,,0.280290804,4.700216804
49,270,20,500,1,0.5,49_270_20_500_1,aux_gap_double,True,4.419926,True,True,,0.280290804,4.700216804
49,270,20,1000,0,1.0,49_270_20_1000_0,current,True,4.409965000000001,True,True,,0.28973,4.699695
49,270,20,1000,0,1.0,49_270_20_1000_0,smoother_11,True,1.011387,True,True,,2.669164,3.680551
49,270,20,1000,0,1.0,49_270_20_1000_0,smoother_31,True,4.338214,True,True,,0.320893,4.659107
49,270,20,1000,0,1.0,49_270_20_1000_0,accel_gap_half,True,4.409965000000001,True,True,,0.28973,4.699695
49,270,20,1000,0,1.0,49_270_20_1000_0,accel_gap_double,True,4.409965000000001,True,True,,0.28973,4.699695
49,270,20,1000,0,1.0,49_270_20_1000_0,aux_gap_half,True,4.409965000000001,True,True,,0.28973,4.699695
49,270,20,1000,0,1.0,49_270_20_1000_0,aux_gap_double,True,4.409965000000001,True,True,,0.28973,4.699695
49,270,20,1000,1,1.0,49_270_20_1000_1,current,True,3.5710170000000003,True,True,,1.119685164,4.690702164
49,270,20,1000,1,1.0,49_270_20_1000_1,smoother_11,True,0.8395169999999998,True,False,,1.170046164,2.009563164
49,270,20,1000,1,1.0,49_270_20_1000_1,smoother_31,True,4.3405689999999995,True,True,,0.319172164,4.659741164
49,270,20,1000,1,1.0,49_270_20_1000_1,accel_gap_half,True,3.5710170000000003,True,True,,1.119685164,4.690702164
49,270,20,1000,1,1.0,49_270_20_1000_1,accel_gap_double,True,3.5710170000000003,True,True,,1.119685164,4.690702164
49,270,20,1000,1,1.0,49_270_20_1000_1,aux_gap_half,True,3.5710170000000003,True,True,,1.119685164,4.690702164
49,270,20,1000,1,1.0,49_270_20_1000_1,aux_gap_double,True,3.5710170000000003,True,True,,1.119685164,4.690702164
49,315,20,500,0,0.5,49_315_20_500_0,current,True,4.391117,True,True,,0.279471,4.670588
49,315,20,500,0,0.5,49_315_20_500_0,smoother_11,True,1.290169,True,True,,1.370189,2.660358
49,315,20,500,0,0.5,49_315_20_500_0,smoother_31,True,4.319718,True,True,,0.319958,4.639676
49,315,20,500,0,0.5,49_315_20_500_0,accel_gap_half,True,4.391117,True,True,,0.279471,4.670588
49,315,20,500,0,0.5,49_315_20_500_0,accel_gap_double,True,4.391117,True,True,,0.279471,4.670588
49,315,20,500,0,0.5,49_315_20_500_0,aux_gap_half,True,4.391117,True,True,,0.279471,4.670588
49,315,20,500,0,0.5,49_315_20_500_0,aux_gap_double,True,4.391117,True,True,,0.279471,4.670588
49,315,20,500,1,0.5,49_315_20_500_1,current,True,3.371586,True,True,,0.289018,3.660604
49,315,20,500,1,0.5,49_315_20_500_1,smoother_11,True,2.3306299999999998,True,True,,0.260298,2.590928
49,315,20,500,1,0.5,49_315_20_500_1,smoother_31,True,4.321394,True,True,,0.319839,4.641233
49,315,20,500,1,0.5,49_315_20_500_1,accel_gap_half,True,3.371586,True,True,,0.289018,3.660604
49,315,20,500,1,0.5,49_315_20_500_1,accel_gap_double,True,3.371586,True,True,,0.289018,3.660604
49,315,20,500,1,0.5,49_315_20_500_1,aux_gap_half,True,3.371586,True,True,,0.289018,3.660604
49,315,20,500,1,0.5,49_315_20_500_1,aux_gap_double,True,3.371586,True,True,,0.289018,3.660604
49,315,20,1000,0,1.0,49_315_20_1000_0,current,True,2.988148,True,True,,0.281091108,3.269239108
49,315,20,1000,0,1.0,49_315_20_1000_0,smoother_11,True,1.268358,True,True,,1.561042108,2.829400108
49,315,20,1000,0,1.0,49_315_20_1000_0,smoother_31,True,4.320624,True,True,,0.299500108,4.620124108
49,315,20,1000,0,1.0,49_315_20_1000_0,accel_gap_half,True,2.988148,True,True,,0.281091108,3.269239108
49,315,20,1000,0,1.0,49_315_20_1000_0,accel_gap_double,True,2.988148,True,True,,0.281091108,3.269239108
49,315,20,1000,0,1.0,49_315_20_1000_0,aux_gap_half,True,2.988148,True,True,,0.281091108,3.269239108
49,315,20,1000,0,1.0,49_315_20_1000_0,aux_gap_double,True,2.988148,True,True,,0.281091108,3.269239108
49,315,20,1000,1,1.0,49_315_20_1000_1,current,True,4.380356,True,True,,0.29073,4.671086
49,315,20,1000,1,1.0,49_315_20_1000_1,smoother_11,True,1.129838,True,True,,1.41962,2.549458
49,315,20,1000,1,1.0,49_315_20_1000_1,smoother_31,True,4.320563,True,True,,0.319069,4.639632
49,315,20,1000,1,1.0,49_315_20_1000_1,accel_gap_half,True,4.380356,True,True,,0.29073,4.671086
49,315,20,1000,1,1.0,49_315_20_1000_1,accel_gap_double,True,4.380356,True,True,,0.29073,4.671086
49,315,20,1000,1,1.0,49_315_20_1000_1,aux_gap_half,True,4.380356,True,True,,0.29073,4.671086
49,315,20,1000,1,1.0,49_315_20_1000_1,aux_gap_double,True,4.380356,True,True,,0.29073,4.671086
49,0,40,500,0,0.5,49_0_40_500_0,current,True,1.8486499999999997,True,True,,0.571117,2.419767
49,0,40,500,0,0.5,49_0_40_500_0,smoother_11,True,0.6099559999999999,True,False,,1.32951,1.939466
49,0,40,500,0,0.5,49_0_40_500_0,smoother_31,True,2.068985,True,True,,0.320329,2.389314
49,0,40,500,0,0.5,49_0_40_500_0,accel_gap_half,True,1.8486499999999997,True,True,,0.571117,2.419767
49,0,40,500,0,0.5,49_0_40_500_0,accel_gap_double,True,1.8486499999999997,True,True,,0.571117,2.419767
49,0,40,500,0,0.5,49_0_40_500_0,aux_gap_half,True,1.8486499999999997,True,True,,0.571117,2.419767
49,0,40,500,0,0.5,49_0_40_500_0,aux_gap_double,True,1.8486499999999997,True,True,,0.571117,2.419767
49,0,40,500,1,0.5,49_0_40_500_1,current,True,2.131416,True,True,,0.279189911,2.410605911
49,0,40,500,1,0.5,49_0_40_500_1,smoother_11,True,1.058946,True,True,,1.380699911,2.439645911
49,0,40,500,1,0.5,49_0_40_500_1,smoother_31,True,2.0609430000000004,True,True,,0.318393911,2.379336911
49,0,40,500,1,0.5,49_0_40_500_1,accel_gap_half,True,2.131416,True,True,,0.279189911,2.410605911
49,0,40,500,1,0.5,49_0_40_500_1,accel_gap_double,True,2.131416,True,True,,0.279189911,2.410605911
49,0,40,500,1,0.5,49_0_40_500_1,aux_gap_half,True,2.131416,True,True,,0.279189911,2.410605911
49,0,40,500,1,0.5,49_0_40_500_1,aux_gap_double,True,2.131416,True,True,,0.279189911,2.410605911
49,0,40,1000,0,1.0,49_0_40_1000_0,current,True,1.020047,True,True,,0.9397213,1.9597683
49,0,40,1000,0,1.0,49_0_40_1000_0,smoother_11,True,1.00873,True,True,,0.9904193,1.9991493
49,0,40,1000,0,1.0,49_0_40_1000_0,smoother_31,True,2.0699300000000003,True,True,,0.3408273,2.4107573
49,0,40,1000,0,1.0,49_0_40_1000_0,accel_gap_half,True,1.020047,True,True,,0.9397213,1.9597683
49,0,40,1000,0,1.0,49_0_40_1000_0,accel_gap_double,True,1.020047,True,True,,0.9397213,1.9597683
49,0,40,1000,0,1.0,49_0_40_1000_0,aux_gap_half,True,1.020047,True,True,,0.9397213,1.9597683
49,0,40,1000,0,1.0,49_0_40_1000_0,aux_gap_double,True,1.020047,True,True,,0.9397213,1.9597683
49,0,40,1000,1,1.0,49_0_40_1000_1,current,True,2.131314,True,True,,0.289018,2.420332
49,0,40,1000,1,1.0,49_0_40_1000_1,smoother_11,True,1.1912190000000002,True,True,,0.660052,1.851271
49,0,40,1000,1,1.0,49_0_40_1000_1,smoother_31,True,2.069639,True,True,,0.309689,2.379328
49,0,40,1000,1,1.0,49_0_40_1000_1,accel_gap_half,True,2.131314,True,True,,0.289018,2.420332
49,0,40,1000,1,1.0,49_0_40_1000_1,accel_gap_double,True,2.131314,True,True,,0.289018,2.420332
49,0,40,1000,1,1.0,49_0_40_1000_1,aux_gap_half,True,2.131314,True,True,,0.289018,2.420332
49,0,40,1000,1,1.0,49_0_40_1000_1,aux_gap_double,True,2.131314,True,True,,0.289018,2.420332
49,45,40,500,0,0.5,49_45_40_500_0,current,True,2.1116960000000002,True,True,,0.298955,2.410651
49,45,40,500,0,0.5,49_45_40_500_0,smoother_11,True,1.8909259999999999,True,True,,0.499686,2.390612
49,45,40,500,0,0.5,49_45_40_500_0,smoother_31,True,2.060844,True,True,,0.320033,2.380877
49,45,40,500,0,0.5,49_45_40_500_0,accel_gap_half,True,2.1116960000000002,True,True,,0.298955,2.410651
49,45,40,500,0,0.5,49_45_40_500_0,accel_gap_double,True,2.1116960000000002,True,True,,0.298955,2.410651
49,45,40,500,0,0.5,49_45_40_500_0,aux_gap_half,True,2.1116960000000002,True,True,,0.298955,2.410651
49,45,40,500,0,0.5,49_45_40_500_0,aux_gap_double,True,2.1116960000000002,True,True,,0.298955,2.410651
49,45,40,500,1,0.5,49_45_40_500_1,current,True,2.120945,True,True,,0.290408,2.411353
49,45,40,500,1,0.5,49_45_40_500_1,smoother_11,True,1.0815400000000002,True,True,,1.369035,2.450575
49,45,40,500,1,0.5,49_45_40_500_1,smoother_31,True,2.042298,True,True,,0.328738,2.371036
49,45,40,500,1,0.5,49_45_40_500_1,accel_gap_half,True,2.120945,True,True,,0.290408,2.411353
49,45,40,500,1,0.5,49_45_40_500_1,accel_gap_double,True,2.120945,True,True,,0.290408,2.411353
49,45,40,500,1,0.5,49_45_40_500_1,aux_gap_half,True,2.120945,True,True,,0.290408,2.411353
49,45,40,500,1,0.5,49_45_40_500_1,aux_gap_double,True,2.120945,True,True,,0.290408,2.411353
49,45,40,1000,0,1.0,49_45_40_1000_0,current,True,2.120299,True,True,,0.299604516,2.419903516
49,45,40,1000,0,1.0,49_45_40_1000_0,smoother_11,True,1.2694280000000002,True,True,,0.871039516,2.140467516
49,45,40,1000,0,1.0,49_45_40_1000_0,smoother_31,True,2.059126,True,True,,0.330110516,2.389236516
49,45,40,1000,0,1.0,49_45_40_1000_0,accel_gap_half,True,2.120299,True,True,,0.299604516,2.419903516
49,45,40,1000,0,1.0,49_45_40_1000_0,accel_gap_double,True,2.120299,True,True,,0.299604516,2.419903516
49,45,40,1000,0,1.0,49_45_40_1000_0,aux_gap_half,True,2.120299,True,True,,0.299604516,2.419903516
49,45,40,1000,0,1.0,49_45_40_1000_0,aux_gap_double,True,2.120299,True,True,,0.299604516,2.419903516
49,45,40,1000,1,1.0,49_45_40_1000_1,current,True,2.120655,True,True,,0.288760439,2.409415439
49,45,40,1000,1,1.0,49_45_40_1000_1,smoother_11,True,0.5506139999999999,True,False,,0.259638439,0.810252439
49,45,40,1000,1,1.0,49_45_40_1000_1,smoother_31,True,2.058555,True,True,,0.321001439,2.379556439
49,45,40,1000,1,1.0,49_45_40_1000_1,accel_gap_half,True,2.120655,True,True,,0.288760439,2.409415439
49,45,40,1000,1,1.0,49_45_40_1000_1,accel_gap_double,True,2.120655,True,True,,0.288760439,2.409415439
49,45,40,1000,1,1.0,49_45_40_1000_1,aux_gap_half,True,2.120655,True,True,,0.288760439,2.409415439
49,45,40,1000,1,1.0,49_45_40_1000_1,aux_gap_double,True,2.120655,True,True,,0.288760439,2.409415439
49,90,40,500,0,0.5,49_90_40_500_0,current,True,1.6310130000000003,True,True,,0.799775343,2.430788343
49,90,40,500,0,0.5,49_90_40_500_0,smoother_11,True,0.48986799999999997,False,False,,1.740053343,2.229921343
49,90,40,500,0,0.5,49_90_40_500_0,smoother_31,True,2.080136,True,True,,0.320444343,2.400580343
49,90,40,500,0,0.5,49_90_40_500_0,accel_gap_half,True,1.6310130000000003,True,True,,0.799775343,2.430788343
49,90,40,500,0,0.5,49_90_40_500_0,accel_gap_double,True,1.6310130000000003,True,True,,0.799775343,2.430788343
49,90,40,500,0,0.5,49_90_40_500_0,aux_gap_half,True,1.6310130000000003,True,True,,0.799775343,2.430788343
49,90,40,500,0,0.5,49_90_40_500_0,aux_gap_double,True,1.6310130000000003,True,True,,0.799775343,2.430788343
49,90,40,500,1,0.5,49_90_40_500_1,current,True,1.320304,True,True,,1.119309036,2.439613036
49,90,40,500,1,0.5,49_90_40_500_1,smoother_11,True,0.4604760000000001,False,False,,1.139542036,1.600018036
49,90,40,500,1,0.5,49_90_40_500_1,smoother_31,True,2.0688690000000003,True,True,,0.340497036,2.409366036
49,90,40,500,1,0.5,49_90_40_500_1,accel_gap_half,True,1.320304,True,True,,1.119309036,2.439613036
49,90,40,500,1,0.5,49_90_40_500_1,accel_gap_double,True,1.320304,True,True,,1.119309036,2.439613036
49,90,40,500,1,0.5,49_90_40_500_1,aux_gap_half,True,1.320304,True,True,,1.119309036,2.439613036
49,90,40,500,1,0.5,49_90_40_500_1,aux_gap_double,True,1.320304,True,True,,1.119309036,2.439613036
49,90,40,1000,0,1.0,49_90_40_1000_0,current,True,2.0989389999999997,True,True,,0.3208,2.419739
49,90,40,1000,0,1.0,49_90_40_1000_0,smoother_11,True,0.7602660000000001,True,False,,1.030414,1.79068
49,90,40,1000,0,1.0,49_90_40_1000_0,smoother_31,True,2.049791,True,True,,0.350162,2.399953
49,90,40,1000,0,1.0,49_90_40_1000_0,accel_gap_half,True,2.0989389999999997,True,True,,0.3208,2.419739
49,90,40,1000,0,1.0,49_90_40_1000_0,accel_gap_double,True,2.0989389999999997,True,True,,0.3208,2.419739
49,90,40,1000,0,1.0,49_90_40_1000_0,aux_gap_half,True,2.0989389999999997,True,True,,0.3208,2.419739
49,90,40,1000,0,1.0,49_90_40_1000_0,aux_gap_double,True,2.0989389999999997,True,True,,0.3208,2.419739
49,90,40,1000,1,1.0,49_90_40_1000_1,current,True,2.12,True,True,,0.320242832,2.440242832
49,90,40,1000,1,1.0,49_90_40_1000_1,smoother_11,True,0.68048,True,False,,1.790306832,2.470786832
49,90,40,1000,1,1.0,49_90_40_1000_1,smoother_31,True,2.070754,True,True,,0.339722832,2.410476832
49,90,40,1000,1,1.0,49_90_40_1000_1,accel_gap_half,True,2.12,True,True,,0.320242832,2.440242832
49,90,40,1000,1,1.0,49_90_40_1000_1,accel_gap_double,True,2.12,True,True,,0.320242832,2.440242832
49,90,40,1000,1,1.0,49_90_40_1000_1,aux_gap_half,True,2.12,True,True,,0.320242832,2.440242832
49,90,40,1000,1,1.0,49_90_40_1000_1,aux_gap_double,True,2.12,True,True,,0.320242832,2.440242832
49,135,40,500,0,0.5,49_135_40_500_0,current,True,1.3798380000000001,True,True,,0.299591,1.679429
49,135,40,500,0,0.5,49_135_40_500_0,smoother_11,True,1.1297920000000001,True,True,,0.270028,1.39982
49,135,40,500,0,0.5,49_135_40_500_0,smoother_31,True,2.060237,True,True,,0.329953,2.39019
49,135,40,500,0,0.5,49_135_40_500_0,accel_gap_half,True,1.3798380000000001,True,True,,0.299591,1.679429
49,135,40,500,0,0.5,49_135_40_500_0,accel_gap_double,True,1.3798380000000001,True,True,,0.299591,1.679429
49,135,40,500,0,0.5,49_135_40_500_0,aux_gap_half,True,1.3798380000000001,True,True,,0.299591,1.679429
49,135,40,500,0,0.5,49_135_40_500_0,aux_gap_double,True,1.3798380000000001,True,True,,0.299591,1.679429
49,135,40,500,1,0.5,49_135_40_500_1,current,True,2.1398449999999998,True,True,,0.290111,2.429956
49,135,40,500,1,0.5,49_135_40_500_1,smoother_11,True,0.7906190000000001,True,False,,0.879649,1.670268
49,135,40,500,1,0.5,49_135_40_500_1,smoother_31,True,2.061315,True,True,,0.329203,2.390518
49,135,40,500,1,0.5,49_135_40_500_1,accel_gap_half,True,2.1398449999999998,True,True,,0.290111,2.429956
49,135,40,500,1,0.5,49_135_40_500_1,accel_gap_double,True,2.1398449999999998,True,True,,0.290111,2.429956
49,135,40,500,1,0.5,49_135_40_500_1,aux_gap_half,True,2.1398449999999998,True,True,,0.290111,2.429956
49,135,40,500,1,0.5,49_135_40_500_1,aux_gap_double,True,2.1398449999999998,True,True,,0.290111,2.429956
49,135,40,1000,0,1.0,49_135_40_1000_0,current,True,2.120629,True,True,,0.309492809,2.430121809
49,135,40,1000,0,1.0,49_135_40_1000_0,smoother_11,True,0.900271,True,False,,1.549366809,2.449637809
49,135,40,1000,0,1.0,49_135_40_1000_0,smoother_31,True,2.060143,True,True,,0.339753809,2.399896809
49,135,40,1000,0,1.0,49_135_40_1000_0,accel_gap_half,True,2.120629,True,True,,0.309492809,2.430121809
49,135,40,1000,0,1.0,49_135_40_1000_0,accel_gap_double,True,2.120629,True,True,,0.309492809,2.430121809
49,135,40,1000,0,1.0,49_135_40_1000_0,aux_gap_half,True,2.120629,True,True,,0.309492809,2.430121809
49,135,40,1000,0,1.0,49_135_40_1000_0,aux_gap_double,True,2.120629,True,True,,0.309492809,2.430121809
49,135,40,1000,1,1.0,49_135_40_1000_1,current,True,1.670827,True,True,,0.310165,1.980992
49,135,40,1000,1,1.0,49_135_40_1000_1,smoother_11,True,1.0506380000000002,True,True,,0.280112,1.33075
49,135,40,1000,1,1.0,49_135_40_1000_1,smoother_31,True,2.0505169999999997,True,True,,0.340418,2.390935
49,135,40,1000,1,1.0,49_135_40_1000_1,accel_gap_half,True,1.670827,True,True,,0.310165,1.980992
49,135,40,1000,1,1.0,49_135_40_1000_1,accel_gap_double,True,1.670827,True,True,,0.310165,1.980992
49,135,40,1000,1,1.0,49_135_40_1000_1,aux_gap_half,True,1.670827,True,True,,0.310165,1.980992
49,135,40,1000,1,1.0,49_135_40_1000_1,aux_gap_double,True,1.670827,True,True,,0.310165,1.980992
49,180,40,500,0,0.5,49_180_40_500_0,current,True,2.119671,True,True,,0.299751,2.419422
49,180,40,500,0,0.5,49_180_40_500_0,smoother_11,True,0.7615999999999998,True,False,,1.579369,2.340969
49,180,40,500,0,0.5,49_180_40_500_0,smoother_31,True,2.039318,True,True,,0.340356,2.379674
49,180,40,500,0,0.5,49_180_40_500_0,accel_gap_half,True,2.119671,True,True,,0.299751,2.419422
49,180,40,500,0,0.5,49_180_40_500_0,accel_gap_double,True,2.119671,True,True,,0.299751,2.419422
49,180,40,500,0,0.5,49_180_40_500_0,aux_gap_half,True,2.119671,True,True,,0.299751,2.419422
49,180,40,500,0,0.5,49_180_40_500_0,aux_gap_double,True,2.119671,True,True,,0.299751,2.419422
49,180,40,500,1,0.5,49_180_40_500_1,current,True,1.759483,True,True,,0.669791,2.429274
49,180,40,500,1,0.5,49_180_40_500_1,smoother_11,True,1.399524,True,True,,1.060848,2.460372
49,180,40,500,1,0.5,49_180_40_500_1,smoother_31,True,2.078019,True,True,,0.320694,2.398713
49,180,40,500,1,0.5,49_180_40_500_1,accel_gap_half,True,1.759483,True,True,,0.669791,2.429274
49,180,40,500,1,0.5,49_180_40_500_1,accel_gap_double,True,1.759483,True,True,,0.669791,2.429274
49,180,40,500,1,0.5,49_180_40_500_1,aux_gap_half,True,1.759483,True,True,,0.669791,2.429274
49,180,40,500,1,0.5,49_180_40_500_1,aux_gap_double,True,1.759483,True,True,,0.669791,2.429274
49,180,40,1000,0,1.0,49_180_40_1000_0,current,True,1.4904710000000003,True,True,,0.940092037,2.430563037
49,180,40,1000,0,1.0,49_180_40_1000_0,smoother_11,True,0.582201,True,False,,0.278526037,0.860727037
49,180,40,1000,0,1.0,49_180_40_1000_0,smoother_31,True,2.061081,True,True,,0.339260037,2.400341037
49,180,40,1000,0,1.0,49_180_40_1000_0,accel_gap_half,True,1.4904710000000003,True,True,,0.940092037,2.430563037
49,180,40,1000,0,1.0,49_180_40_1000_0,accel_gap_double,True,1.4904710000000003,True,True,,0.940092037,2.430563037
49,180,40,1000,0,1.0,49_180_40_1000_0,aux_gap_half,True,1.4904710000000003,True,True,,0.940092037,2.430563037
49,180,40,1000,0,1.0,49_180_40_1000_0,aux_gap_double,True,1.4904710000000003,True,True,,0.940092037,2.430563037
49,180,40,1000,1,1.0,49_180_40_1000_1,current,True,1.119408,True,True,,0.269917224,1.389325224
49,180,40,1000,1,1.0,49_180_40_1000_1,smoother_11,True,0.520148,True,False,,0.420160224,0.940308224
49,180,40,1000,1,1.0,49_180_40_1000_1,smoother_31,True,2.0497710000000002,True,True,,0.319407224,2.369178224
49,180,40,1000,1,1.0,49_180_40_1000_1,accel_gap_half,True,1.119408,True,True,,0.269917224,1.389325224
49,180,40,1000,1,1.0,49_180_40_1000_1,accel_gap_double,True,1.119408,True,True,,0.269917224,1.389325224
49,180,40,1000,1,1.0,49_180_40_1000_1,aux_gap_half,True,1.119408,True,True,,0.269917224,1.389325224
49,180,40,1000,1,1.0,49_180_40_1000_1,aux_gap_double,True,1.119408,True,True,,0.269917224,1.389325224
49,225,40,500,0,0.5,49_225_40_500_0,current,True,1.398472,True,True,,0.300270014,1.698742014
49,225,40,500,0,0.5,49_225_40_500_0,smoother_11,True,1.0690629999999999,True,True,,0.270364014,1.339427014
49,225,40,500,0,0.5,49_225_40_500_0,smoother_31,True,2.070302,True,True,,0.319714014,2.390016014
49,225,40,500,0,0.5,49_225_40_500_0,accel_gap_half,True,1.398472,True,True,,0.300270014,1.698742014
49,225,40,500,0,0.5,49_225_40_500_0,accel_gap_double,True,1.398472,True,True,,0.300270014,1.698742014
49,225,40,500,0,0.5,49_225_40_500_0,aux_gap_half,True,1.398472,True,True,,0.300270014,1.698742014
49,225,40,500,0,0.5,49_225_40_500_0,aux_gap_double,True,1.398472,True,True,,0.300270014,1.698742014
49,225,40,500,1,0.5,49_225_40_500_1,current,True,1.28872,True,True,,1.130872,2.419592
49,225,40,500,1,0.5,49_225_40_500_1,smoother_11,True,1.018319,True,True,,1.130872,2.149191
49,225,40,500,1,0.5,49_225_40_500_1,smoother_31,True,2.070232,True,True,,0.319843,2.390075
49,225,40,500,1,0.5,49_225_40_500_1,accel_gap_half,True,1.28872,True,True,,1.130872,2.419592
49,225,40,500,1,0.5,49_225_40_500_1,accel_gap_double,True,1.28872,True,True,,1.130872,2.419592
49,225,40,500,1,0.5,49_225_40_500_1,aux_gap_half,True,1.28872,True,True,,1.130872,2.419592
49,225,40,500,1,0.5,49_225_40_500_1,aux_gap_double,True,1.28872,True,True,,1.130872,2.419592
49,225,40,1000,0,1.0,49_225_40_1000_0,current,True,2.1299960000000002,True,True,,0.289261,2.419257
49,225,40,1000,0,1.0,49_225_40_1000_0,smoother_11,True,0.699759,True,False,,0.260353,0.960112
49,225,40,1000,0,1.0,49_225_40_1000_0,smoother_31,True,2.059442,True,True,,0.330907,2.390349
49,225,40,1000,0,1.0,49_225_40_1000_0,accel_gap_half,True,2.1299960000000002,True,True,,0.289261,2.419257
49,225,40,1000,0,1.0,49_225_40_1000_0,accel_gap_double,True,2.1299960000000002,True,True,,0.289261,2.419257
49,225,40,1000,0,1.0,49_225_40_1000_0,aux_gap_half,True,2.1299960000000002,True,True,,0.289261,2.419257
49,225,40,1000,0,1.0,49_225_40_1000_0,aux_gap_double,True,2.1299960000000002,True,True,,0.289261,2.419257
49,225,40,1000,1,1.0,49_225_40_1000_1,current,True,1.4907059999999999,True,True,,0.909500119,2.400206119
49,225,40,1000,1,1.0,49_225_40_1000_1,smoother_11,True,1.45967,True,True,,0.919555119,2.379225119
49,225,40,1000,1,1.0,49_225_40_1000_1,smoother_31,True,2.048157,True,True,,0.331068119,2.379225119
49,225,40,1000,1,1.0,49_225_40_1000_1,accel_gap_half,True,1.4907059999999999,True,True,,0.909500119,2.400206119
49,225,40,1000,1,1.0,49_225_40_1000_1,accel_gap_double,True,1.4907059999999999,True,True,,0.909500119,2.400206119
49,225,40,1000,1,1.0,49_225_40_1000_1,aux_gap_half,True,1.4907059999999999,True,True,,0.909500119,2.400206119
49,225,40,1000,1,1.0,49_225_40_1000_1,aux_gap_double,True,1.4907059999999999,True,True,,0.909500119,2.400206119
49,270,40,500,0,0.5,49_270_40_500_0,current,True,2.121845,True,True,,0.298892,2.420737
49,270,40,500,0,0.5,49_270_40_500_0,smoother_11,True,0.548781,True,False,,1.510447,2.059228
49,270,40,500,0,0.5,49_270_40_500_0,smoother_31,True,2.062046,True,True,,0.328611,2.390657
49,270,40,500,0,0.5,49_270_40_500_0,accel_gap_half,True,2.121845,True,True,,0.298892,2.420737
49,270,40,500,0,0.5,49_270_40_500_0,accel_gap_double,True,2.121845,True,True,,0.298892,2.420737
49,270,40,500,0,0.5,49_270_40_500_0,aux_gap_half,True,2.121845,True,True,,0.298892,2.420737
49,270,40,500,0,0.5,49_270_40_500_0,aux_gap_double,True,2.121845,True,True,,0.298892,2.420737
49,270,40,500,1,0.5,49_270_40_500_1,current,True,1.648131,True,True,,0.290836004,1.938967004
49,270,40,500,1,0.5,49_270_40_500_1,smoother_11,True,0.47962299999999997,False,False,,0.429117004,0.908740004
49,270,40,500,1,0.5,49_270_40_500_1,smoother_31,True,2.05958,True,True,,0.329957004,2.389537004
49,270,40,500,1,0.5,49_270_40_500_1,accel_gap_half,True,1.648131,True,True,,0.290836004,1.938967004
49,270,40,500,1,0.5,49_270_40_500_1,accel_gap_double,True,1.648131,True,True,,0.290836004,1.938967004
49,270,40,500,1,0.5,49_270_40_500_1,aux_gap_half,True,1.648131,True,True,,0.290836004,1.938967004
49,270,40,500,1,0.5,49_270_40_500_1,aux_gap_double,True,1.648131,True,True,,0.290836004,1.938967004
49,270,40,1000,0,1.0,49_270_40_1000_0,current,True,2.1200379999999996,True,True,,0.29990064,2.41993864
49,270,40,1000,0,1.0,49_270_40_1000_0,smoother_11,True,0.650684,True,False,,1.20052964,1.85121364
49,270,40,1000,0,1.0,49_270_40_1000_0,smoother_31,True,2.05897,True,True,,0.33030164,2.38927164
49,270,40,1000,0,1.0,49_270_40_1000_0,accel_gap_half,True,2.1200379999999996,True,True,,0.29990064,2.41993864
49,270,40,1000,0,1.0,49_270_40_1000_0,accel_gap_double,True,2.1200379999999996,True,True,,0.29990064,2.41993864
49,270,40,1000,0,1.0,49_270_40_1000_0,aux_gap_half,True,2.1200379999999996,True,True,,0.29990064,2.41993864
49,270,40,1000,0,1.0,49_270_40_1000_0,aux_gap_double,True,2.1200379999999996,True,True,,0.29990064,2.41993864
49,270,40,1000,1,1.0,49_270_40_1000_1,current,True,2.129465,True,True,,0.280234711,2.409699711
49,270,40,1000,1,1.0,49_270_40_1000_1,smoother_11,True,0.850241,True,False,,1.491176711,2.341417711
49,270,40,1000,1,1.0,49_270_40_1000_1,smoother_31,True,2.070445,True,True,,0.310294711,2.380739711
49,270,40,1000,1,1.0,49_270_40_1000_1,accel_gap_half,True,2.129465,True,True,,0.280234711,2.409699711
49,270,40,1000,1,1.0,49_270_40_1000_1,accel_gap_double,True,2.129465,True,True,,0.280234711,2.409699711
49,270,40,1000,1,1.0,49_270_40_1000_1,aux_gap_half,True,2.129465,True,True,,0.280234711,2.409699711
49,270,40,1000,1,1.0,49_270_40_1000_1,aux_gap_double,True,2.129465,True,True,,0.280234711,2.409699711
49,315,40,500,0,0.5,49_315_40_500_0,current,True,2.1289249999999997,True,True,,0.300615,2.42954
49,315,40,500,0,0.5,49_315_40_500_0,smoother_11,True,0.7010509999999999,True,False,,1.759921,2.460972
49,315,40,500,0,0.5,49_315_40_500_0,smoother_31,True,2.058675,True,True,,0.340045,2.39872
49,315,40,500,0,0.5,49_315_40_500_0,accel_gap_half,True,2.1289249999999997,True,True,,0.300615,2.42954
49,315,40,500,0,0.5,49_315_40_500_0,accel_gap_double,True,2.1289249999999997,True,True,,0.300615,2.42954
49,315,40,500,0,0.5,49_315_40_500_0,aux_gap_half,True,2.1289249999999997,True,True,,0.300615,2.42954
49,315,40,500,0,0.5,49_315_40_500_0,aux_gap_double,True,2.1289249999999997,True,True,,0.300615,2.42954
49,315,40,500,1,0.5,49_315_40_500_1,current,True,2.0904380000000002,True,True,,0.318968,2.409406
49,315,40,500,1,0.5,49_315_40_500_1,smoother_11,True,1.210044,True,True,,1.239388,2.449432
49,315,40,500,1,0.5,49_315_40_500_1,smoother_31,True,2.0410530000000002,True,True,,0.3402,2.381253
49,315,40,500,1,0.5,49_315_40_500_1,accel_gap_half,True,2.0904380000000002,True,True,,0.318968,2.409406
49,315,40,500,1,0.5,49_315_40_500_1,accel_gap_double,True,2.0904380000000002,True,True,,0.318968,2.409406
49,315,40,500,1,0.5,49_315_40_500_1,aux_gap_half,True,2.0904380000000002,True,True,,0.318968,2.409406
49,315,40,500,1,0.5,49_315_40_500_1,aux_gap_double,True,2.0904380000000002,True,True,,0.318968,2.409406
49,315,40,1000,0,1.0,49_315_40_1000_0,current,True,2.131446,True,True,,0.288989651,2.420435651
49,315,40,1000,0,1.0,49_315_40_1000_0,smoother_11,True,0.5798639999999999,True,False,,0.409313651,0.989177651
49,315,40,1000,0,1.0,49_315_40_1000_0,smoother_31,True,2.06214,True,True,,0.328532651,2.390672651
49,315,40,1000,0,1.0,49_315_40_1000_0,accel_gap_half,True,2.131446,True,True,,0.288989651,2.420435651
49,315,40,1000,0,1.0,49_315_40_1000_0,accel_gap_double,True,2.131446,True,True,,0.288989651,2.420435651
49,315,40,1000,0,1.0,49_315_40_1000_0,aux_gap_half,True,2.131446,True,True,,0.288989651,2.420435651
49,315,40,1000,0,1.0,49_315_40_1000_0,aux_gap_double,True,2.131446,True,True,,0.288989651,2.420435651
49,315,40,1000,1,1.0,49_315_40_1000_1,current,True,2.1091320000000002,True,True,,0.310783,2.419915
49,315,40,1000,1,1.0,49_315_40_1000_1,smoother_11,True,1.2992759999999999,True,True,,0.280553,1.579829
49,315,40,1000,1,1.0,49_315_40_1000_1,smoother_31,True,2.049145,True,True,,0.340595,2.38974
49,315,40,1000,1,1.0,49_315_40_1000_1,accel_gap_half,True,2.1091320000000002,True,True,,0.310783,2.419915
49,315,40,1000,1,1.0,49_315_40_1000_1,accel_gap_double,True,2.1091320000000002,True,True,,0.310783,2.419915
49,315,40,1000,1,1.0,49_315_40_1000_1,aux_gap_half,True,2.1091320000000002,True,True,,0.310783,2.419915
49,315,40,1000,1,1.0,49_315_40_1000_1,aux_gap_double,True,2.1091320000000002,True,True,,0.310783,2.419915
49,0,60,500,0,0.5,49_0_60_500_0,current,True,1.359629,True,True,,0.350205,1.709834
49,0,60,500,0,0.5,49_0_60_500_0,smoother_11,True,0.7591840000000001,True,False,,0.321205,1.080389
49,0,60,500,0,0.5,49_0_60_500_0,smoother_31,True,1.32081,True,True,,0.369775,1.690585
49,0,60,500,0,0.5,49_0_60_500_0,accel_gap_half,True,1.359629,True,True,,0.350205,1.709834
49,0,60,500,0,0.5,49_0_60_500_0,accel_gap_double,True,1.359629,True,True,,0.350205,1.709834
49,0,60,500,0,0.5,49_0_60_500_0,aux_gap_half,True,1.359629,True,True,,0.350205,1.709834
49,0,60,500,0,0.5,49_0_60_500_0,aux_gap_double,True,1.359629,True,True,,0.350205,1.709834
49,0,60,500,1,0.5,49_0_60_500_1,current,True,1.371512,True,True,,0.309125,1.680637
49,0,60,500,1,0.5,49_0_60_500_1,smoother_11,True,0.559987,True,False,,0.659511,1.219498
49,0,60,500,1,0.5,49_0_60_500_1,smoother_31,True,1.3111849999999998,True,True,,0.339301,1.650486
49,0,60,500,1,0.5,49_0_60_500_1,accel_gap_half,True,1.371512,True,True,,0.309125,1.680637
49,0,60,500,1,0.5,49_0_60_500_1,accel_gap_double,True,1.371512,True,True,,0.309125,1.680637
49,0,60,500,1,0.5,49_0_60_500_1,aux_gap_half,True,1.371512,True,True,,0.309125,1.680637
49,0,60,500,1,0.5,49_0_60_500_1,aux_gap_double,True,1.371512,True,True,,0.309125,1.680637
49,0,60,1000,0,1.0,49_0_60_1000_0,current,True,1.369479,True,True,,0.300715,1.670194
49,0,60,1000,0,1.0,49_0_60_1000_0,smoother_11,True,0.632072,True,False,,0.508848,1.14092
49,0,60,1000,0,1.0,49_0_60_1000_0,smoother_31,True,1.309929,True,True,,0.338886,1.648815
49,0,60,1000,0,1.0,49_0_60_1000_0,accel_gap_half,True,1.369479,True,True,,0.300715,1.670194
49,0,60,1000,0,1.0,49_0_60_1000_0,accel_gap_double,True,1.369479,True,True,,0.300715,1.670194
49,0,60,1000,0,1.0,49_0_60_1000_0,aux_gap_half,True,1.369479,True,True,,0.300715,1.670194
49,0,60,1000,0,1.0,49_0_60_1000_0,aux_gap_double,True,1.369479,True,True,,0.300715,1.670194
49,0,60,1000,1,1.0,49_0_60_1000_1,current,True,1.3609740000000001,True,True,,0.309062,1.670036
49,0,60,1000,1,1.0,49_0_60_1000_1,smoother_11,True,0.67065,True,False,,0.739511,1.410161
49,0,60,1000,1,1.0,49_0_60_1000_1,smoother_31,True,1.3077109999999998,True,True,,0.341317,1.649028
49,0,60,1000,1,1.0,49_0_60_1000_1,accel_gap_half,True,1.3609740000000001,True,True,,0.309062,1.670036
49,0,60,1000,1,1.0,49_0_60_1000_1,accel_gap_double,True,1.3609740000000001,True,True,,0.309062,1.670036
49,0,60,1000,1,1.0,49_0_60_1000_1,aux_gap_half,True,1.3609740000000001,True,True,,0.309062,1.670036
49,0,60,1000,1,1.0,49_0_60_1000_1,aux_gap_double,True,1.3609740000000001,True,True,,0.309062,1.670036
49,45,60,500,0,0.5,49_45_60_500_0,current,True,1.368566,True,True,,0.300506004,1.669072004
49,45,60,500,0,0.5,49_45_60_500_0,smoother_11,True,0.8007160000000001,True,False,,0.898928004,1.699644004
49,45,60,500,0,0.5,49_45_60_500_0,smoother_31,True,1.309563,True,True,,0.339228004,1.648791004
49,45,60,500,0,0.5,49_45_60_500_0,accel_gap_half,True,1.368566,True,True,,0.300506004,1.669072004
49,45,60,500,0,0.5,49_45_60_500_0,accel_gap_double,True,1.368566,True,True,,0.300506004,1.669072004
49,45,60,500,0,0.5,49_45_60_500_0,aux_gap_half,True,1.368566,True,True,,0.300506004,1.669072004
49,45,60,500,0,0.5,49_45_60_500_0,aux_gap_double,True,1.368566,True,True,,0.300506004,1.669072004
49,45,60,500,1,0.5,49_45_60_500_1,current,True,0.7196039999999999,True,False,,0.299672648,1.019276648
49,45,60,500,1,0.5,49_45_60_500_1,smoother_11,True,0.5411710000000001,True,False,,1.049516648,1.590687648
49,45,60,500,1,0.5,49_45_60_500_1,smoother_31,True,1.269075,True,True,,0.351181648,1.620256648
49,45,60,500,1,0.5,49_45_60_500_1,accel_gap_half,True,0.7196039999999999,True,False,,0.299672648,1.019276648
49,45,60,500,1,0.5,49_45_60_500_1,accel_gap_double,True,0.7196039999999999,True,False,,0.299672648,1.019276648
49,45,60,500,1,0.5,49_45_60_500_1,aux_gap_half,True,0.7196039999999999,True,False,,0.299672648,1.019276648
49,45,60,500,1,0.5,49_45_60_500_1,aux_gap_double,True,0.7196039999999999,True,False,,0.299672648,1.019276648
49,45,60,1000,0,1.0,49_45_60_1000_0,current,True,0.8194509999999999,True,False,,0.310702008,1.130153008
49,45,60,1000,0,1.0,49_45_60_1000_0,smoother_11,True,0.7798150000000001,True,False,,0.279372008,1.059187008
49,45,60,1000,0,1.0,49_45_60_1000_0,smoother_31,True,1.300994,True,True,,0.339605008,1.640599008
49,45,60,1000,0,1.0,49_45_60_1000_0,accel_gap_half,True,0.8194509999999999,True,False,,0.310702008,1.130153008
49,45,60,1000,0,1.0,49_45_60_1000_0,accel_gap_double,True,0.8194509999999999,True,False,,0.310702008,1.130153008
49,45,60,1000,0,1.0,49_45_60_1000_0,aux_gap_half,True,0.8194509999999999,True,False,,0.310702008,1.130153008
49,45,60,1000,0,1.0,49_45_60_1000_0,aux_gap_double,True,0.8194509999999999,True,False,,0.310702008,1.130153008
49,45,60,1000,1,1.0,49_45_60_1000_1,current,True,1.3601830000000001,True,True,,0.320443999,1.680626999
49,45,60,1000,1,1.0,49_45_60_1000_1,smoother_11,True,0.590338,True,False,,1.120439999,1.710777999
49,45,60,1000,1,1.0,49_45_60_1000_1,smoother_31,True,1.2895969999999999,True,True,,0.350325999,1.639922999
49,45,60,1000,1,1.0,49_45_60_1000_1,accel_gap_half,True,1.3601830000000001,True,True,,0.320443999,1.680626999
49,45,60,1000,1,1.0,49_45_60_1000_1,accel_gap_double,True,1.3601830000000001,True,True,,0.320443999,1.680626999
49,45,60,1000,1,1.0,49_45_60_1000_1,aux_gap_half,True,1.3601830000000001,True,True,,0.320443999,1.680626999
49,45,60,1000,1,1.0,49_45_60_1000_1,aux_gap_double,True,1.3601830000000001,True,True,,0.320443999,1.680626999
49,90,60,500,0,0.5,49_90_60_500_0,current,True,1.299443,True,True,,0.310173861,1.609616861
49,90,60,500,0,0.5,49_90_60_500_0,smoother_11,True,0.43967500000000004,False,False,,1.149136861,1.588811861
49,90,60,500,0,0.5,49_90_60_500_0,smoother_31,True,1.299153,True,True,,0.340747861,1.639900861
49,90,60,500,0,0.5,49_90_60_500_0,accel_gap_half,True,1.299443,True,True,,0.310173861,1.609616861
49,90,60,500,0,0.5,49_90_60_500_0,accel_gap_double,True,1.299443,True,True,,0.310173861,1.609616861
49,90,60,500,0,0.5,49_90_60_500_0,aux_gap_half,True,1.299443,True,True,,0.310173861,1.609616861
49,90,60,500,0,0.5,49_90_60_500_0,aux_gap_double,True,1.299443,True,True,,0.310173861,1.609616861
49,90,60,500,1,0.5,49_90_60_500_1,current,True,1.368805,True,True,,0.32099907,1.68980407
49,90,60,500,1,0.5,49_90_60_500_1,smoother_11,True,0.939967,True,False,,0.57903707,1.51900407
49,90,60,500,1,0.5,49_90_60_500_1,smoother_31,True,1.3001070000000001,True,True,,0.34922007,1.64932707
49,90,60,500,1,0.5,49_90_60_500_1,accel_gap_half,True,1.368805,True,True,,0.32099907,1.68980407
49,90,60,500,1,0.5,49_90_60_500_1,accel_gap_double,True,1.368805,True,True,,0.32099907,1.68980407
49,90,60,500,1,0.5,49_90_60_500_1,aux_gap_half,True,1.368805,True,True,,0.32099907,1.68980407
49,90,60,500,1,0.5,49_90_60_500_1,aux_gap_double,True,1.368805,True,True,,0.32099907,1.68980407
49,90,60,1000,0,1.0,49_90_60_1000_0,current,True,1.371807,True,True,,0.309367,1.681174
49,90,60,1000,0,1.0,49_90_60_1000_0,smoother_11,True,0.650707,True,False,,0.530355,1.181062
49,90,60,1000,0,1.0,49_90_60_1000_0,smoother_31,True,1.3099150000000002,True,True,,0.349778,1.659693
49,90,60,1000,0,1.0,49_90_60_1000_0,accel_gap_half,True,1.371807,True,True,,0.309367,1.681174
49,90,60,1000,0,1.0,49_90_60_1000_0,accel_gap_double,True,1.371807,True,True,,0.309367,1.681174
49,90,60,1000,0,1.0,49_90_60_1000_0,aux_gap_half,True,1.371807,True,True,,0.309367,1.681174
49,90,60,1000,0,1.0,49_90_60_1000_0,aux_gap_double,True,1.371807,True,True,,0.309367,1.681174
49,90,60,1000,1,1.0,49_90_60_1000_1,current,True,1.359284,True,True,,0.310699,1.669983
49,90,60,1000,1,1.0,49_90_60_1000_1,smoother_11,True,0.999266,True,False,,0.701257,1.700523
49,90,60,1000,1,1.0,49_90_60_1000_1,smoother_31,True,1.3013590000000002,True,True,,0.339222,1.640581
49,90,60,1000,1,1.0,49_90_60_1000_1,accel_gap_half,True,1.359284,True,True,,0.310699,1.669983
49,90,60,1000,1,1.0,49_90_60_1000_1,accel_gap_double,True,1.359284,True,True,,0.310699,1.669983
49,90,60,1000,1,1.0,49_90_60_1000_1,aux_gap_half,True,1.359284,True,True,,0.310699,1.669983
49,90,60,1000,1,1.0,49_90_60_1000_1,aux_gap_double,True,1.359284,True,True,,0.310699,1.669983
49,135,60,500,0,0.5,49_135_60_500_0,current,True,1.3483120000000002,True,True,,0.32088868,1.66920068
49,135,60,500,0,0.5,49_135_60_500_0,smoother_11,True,0.750475,True,False,,0.28967268,1.04014768
49,135,60,500,0,0.5,49_135_60_500_0,smoother_31,True,1.3002,True,True,,0.34992768,1.65012768
49,135,60,500,0,0.5,49_135_60_500_0,accel_gap_half,True,1.3483120000000002,True,True,,0.32088868,1.66920068
49,135,60,500,0,0.5,49_135_60_500_0,accel_gap_double,True,1.3483120000000002,True,True,,0.32088868,1.66920068
49,135,60,500,0,0.5,49_135_60_500_0,aux_gap_half,True,1.3483120000000002,True,True,,0.32088868,1.66920068
49,135,60,500,0,0.5,49_135_60_500_0,aux_gap_double,True,1.3483120000000002,True,True,,0.32088868,1.66920068
49,135,60,500,1,0.5,49_135_60_500_1,current,True,1.370693,True,True,,0.310066288,1.680759288
49,135,60,500,1,0.5,49_135_60_500_1,smoother_11,True,0.5193110000000001,True,False,,0.290631288,0.809942288
49,135,60,500,1,0.5,49_135_60_500_1,smoother_31,True,1.299663,True,True,,0.341023288,1.640686288
49,135,60,500,1,0.5,49_135_60_500_1,accel_gap_half,True,1.370693,True,True,,0.310066288,1.680759288
49,135,60,500,1,0.5,49_135_60_500_1,accel_gap_double,True,1.370693,True,True,,0.310066288,1.680759288
49,135,60,500,1,0.5,49_135_60_500_1,aux_gap_half,True,1.370693,True,True,,0.310066288,1.680759288
49,135,60,500,1,0.5,49_135_60_500_1,aux_gap_double,True,1.370693,True,True,,0.310066288,1.680759288
49,135,60,1000,0,1.0,49_135_60_1000_0,current,True,1.360165,True,True,,0.309652251,1.669817251
49,135,60,1000,0,1.0,49_135_60_1000_0,smoother_11,True,1.020979,True,True,,0.678997251,1.699976251
49,135,60,1000,0,1.0,49_135_60_1000_0,smoother_31,True,1.300098,True,True,,0.340102251,1.640200251
49,135,60,1000,0,1.0,49_135_60_1000_0,accel_gap_half,True,1.360165,True,True,,0.309652251,1.669817251
49,135,60,1000,0,1.0,49_135_60_1000_0,accel_gap_double,True,1.360165,True,True,,0.309652251,1.669817251
49,135,60,1000,0,1.0,49_135_60_1000_0,aux_gap_half,True,1.360165,True,True,,0.309652251,1.669817251
49,135,60,1000,0,1.0,49_135_60_1000_0,aux_gap_double,True,1.360165,True,True,,0.309652251,1.669817251
49,135,60,1000,1,1.0,49_135_60_1000_1,current,True,1.370416,True,True,,0.300230657,1.670646657
49,135,60,1000,1,1.0,49_135_60_1000_1,smoother_11,True,1.419583,True,True,,0.270896657,1.690479657
49,135,60,1000,1,1.0,49_135_60_1000_1,smoother_31,True,1.310294,True,True,,0.329954657,1.640248657
49,135,60,1000,1,1.0,49_135_60_1000_1,accel_gap_half,True,1.370416,True,True,,0.300230657,1.670646657
49,135,60,1000,1,1.0,49_135_60_1000_1,accel_gap_double,True,1.370416,True,True,,0.300230657,1.670646657
49,135,60,1000,1,1.0,49_135_60_1000_1,aux_gap_half,True,1.370416,True,True,,0.300230657,1.670646657
49,135,60,1000,1,1.0,49_135_60_1000_1,aux_gap_double,True,1.370416,True,True,,0.300230657,1.670646657
49,180,60,500,0,0.5,49_180_60_500_0,current,True,1.379493,True,True,,0.329315423,1.708808423
49,180,60,500,0,0.5,49_180_60_500_0,smoother_11,True,0.630959,True,False,,0.299099423,0.930058423
49,180,60,500,0,0.5,49_180_60_500_0,smoother_31,True,1.3102179999999999,True,True,,0.369986423,1.680204423
49,180,60,500,0,0.5,49_180_60_500_0,accel_gap_half,True,1.379493,True,True,,0.329315423,1.708808423
49,180,60,500,0,0.5,49_180_60_500_0,accel_gap_double,True,1.379493,True,True,,0.329315423,1.708808423
49,180,60,500,0,0.5,49_180_60_500_0,aux_gap_half,True,1.379493,True,True,,0.329315423,1.708808423
49,180,60,500,0,0.5,49_180_60_500_0,aux_gap_double,True,1.379493,True,True,,0.329315423,1.708808423
49,180,60,500,1,0.5,49_180_60_500_1,current,True,1.368603,True,True,,0.340835993,1.709438993
49,180,60,500,1,0.5,49_180_60_500_1,smoother_11,True,0.739266,True,False,,1.000388993,1.739654993
49,180,60,500,1,0.5,49_180_60_500_1,smoother_31,True,1.309138,True,True,,0.379963993,1.689101993
49,180,60,500,1,0.5,49_180_60_500_1,accel_gap_half,True,1.368603,True,True,,0.340835993,1.709438993
49,180,60,500,1,0.5,49_180_60_500_1,accel_gap_double,True,1.368603,True,True,,0.340835993,1.709438993
49,180,60,500,1,0.5,49_180_60_500_1,aux_gap_half,True,1.368603,True,True,,0.340835993,1.709438993
49,180,60,500,1,0.5,49_180_60_500_1,aux_gap_double,True,1.368603,True,True,,0.340835993,1.709438993
49,180,60,1000,0,1.0,49_180_60_1000_0,current,True,1.360643,True,True,,0.349603922,1.710246922
49,180,60,1000,0,1.0,49_180_60_1000_0,smoother_11,True,1.049897,True,True,,0.699916922,1.749813922
49,180,60,1000,0,1.0,49_180_60_1000_0,smoother_31,True,1.3009279999999999,True,True,,0.369495922,1.670423922
49,180,60,1000,0,1.0,49_180_60_1000_0,accel_gap_half,True,1.360643,True,True,,0.349603922,1.710246922
49,180,60,1000,0,1.0,49_180_60_1000_0,accel_gap_double,True,1.360643,True,True,,0.349603922,1.710246922
49,180,60,1000,0,1.0,49_180_60_1000_0,aux_gap_half,True,1.360643,True,True,,0.349603922,1.710246922
49,180,60,1000,0,1.0,49_180_60_1000_0,aux_gap_double,True,1.360643,True,True,,0.349603922,1.710246922
49,180,60,1000,1,1.0,49_180_60_1000_1,current,True,1.369894,True,True,,0.330635,1.700529
49,180,60,1000,1,1.0,49_180_60_1000_1,smoother_11,True,1.2111779999999999,True,True,,0.518727,1.729905
49,180,60,1000,1,1.0,49_180_60_1000_1,smoother_31,True,1.310048,True,True,,0.369787,1.679835
49,180,60,1000,1,1.0,49_180_60_1000_1,accel_gap_half,True,1.369894,True,True,,0.330635,1.700529
49,180,60,1000,1,1.0,49_180_60_1000_1,accel_gap_double,True,1.369894,True,True,,0.330635,1.700529
49,180,60,1000,1,1.0,49_180_60_1000_1,aux_gap_half,True,1.369894,True,True,,0.330635,1.700529
49,180,60,1000,1,1.0,49_180_60_1000_1,aux_gap_double,True,1.369894,True,True,,0.330635,1.700529
49,225,60,500,0,0.5,49_225_60_500_0,current,True,1.3612950000000001,True,True,,0.32894218,1.69023718
49,225,60,500,0,0.5,49_225_60_500_0,smoother_11,True,0.5597700000000001,True,False,,1.15028918,1.71005918
49,225,60,500,0,0.5,49_225_60_500_0,smoother_31,True,1.3001269999999998,True,True,,0.35957918,1.65970618
49,225,60,500,0,0.5,49_225_60_500_0,accel_gap_half,True,1.3612950000000001,True,True,,0.32894218,1.69023718
49,225,60,500,0,0.5,49_225_60_500_0,accel_gap_double,True,1.3612950000000001,True,True,,0.32894218,1.69023718
49,225,60,500,0,0.5,49_225_60_500_0,aux_gap_half,True,1.3612950000000001,True,True,,0.32894218,1.69023718
49,225,60,500,0,0.5,49_225_60_500_0,aux_gap_double,True,1.3612950000000001,True,True,,0.32894218,1.69023718
49,225,60,500,1,0.5,49_225_60_500_1,current,True,1.369821,True,True,,0.299379,1.6692
49,225,60,500,1,0.5,49_225_60_500_1,smoother_11,True,0.6409910000000001,True,False,,0.819861,1.460852
49,225,60,500,1,0.5,49_225_60_500_1,smoother_31,True,1.289624,True,True,,0.350261,1.639885
49,225,60,500,1,0.5,49_225_60_500_1,accel_gap_half,True,1.369821,True,True,,0.299379,1.6692
49,225,60,500,1,0.5,49_225_60_500_1,accel_gap_double,True,1.369821,True,True,,0.299379,1.6692
49,225,60,500,1,0.5,49_225_60_500_1,aux_gap_half,True,1.369821,True,True,,0.299379,1.6692
49,225,60,500,1,0.5,49_225_60_500_1,aux_gap_double,True,1.369821,True,True,,0.299379,1.6692
49,225,60,1000,0,1.0,49_225_60_1000_0,current,True,1.349243,True,True,,0.310626,1.659869
49,225,60,1000,0,1.0,49_225_60_1000_0,smoother_11,True,0.5489319999999999,True,False,,0.520163,1.069095
49,225,60,1000,0,1.0,49_225_60_1000_0,smoother_31,True,1.299063,True,True,,0.340563,1.639626
49,225,60,1000,0,1.0,49_225_60_1000_0,accel_gap_half,True,1.349243,True,True,,0.310626,1.659869
49,225,60,1000,0,1.0,49_225_60_1000_0,accel_gap_double,True,1.349243,True,True,,0.310626,1.659869
49,225,60,1000,0,1.0,49_225_60_1000_0,aux_gap_half,True,1.349243,True,True,,0.310626,1.659869
49,225,60,1000,0,1.0,49_225_60_1000_0,aux_gap_double,True,1.349243,True,True,,0.310626,1.659869
49,225,60,1000,1,1.0,49_225_60_1000_1,current,True,1.360772,True,True,,0.339586,1.700358
49,225,60,1000,1,1.0,49_225_60_1000_1,smoother_11,True,0.600703,True,False,,0.629216,1.229919
49,225,60,1000,1,1.0,49_225_60_1000_1,smoother_31,True,1.300938,True,True,,0.370258,1.671196
49,225,60,1000,1,1.0,49_225_60_1000_1,accel_gap_half,True,1.360772,True,True,,0.339586,1.700358
49,225,60,1000,1,1.0,49_225_60_1000_1,accel_gap_double,True,1.360772,True,True,,0.339586,1.700358
49,225,60,1000,1,1.0,49_225_60_1000_1,aux_gap_half,True,1.360772,True,True,,0.339586,1.700358
49,225,60,1000,1,1.0,49_225_60_1000_1,aux_gap_double,True,1.360772,True,True,,0.339586,1.700358
49,270,60,500,0,0.5,49_270_60_500_0,current,True,1.3707639999999999,True,True,,0.310574,1.681338
49,270,60,500,0,0.5,49_270_60_500_0,smoother_11,True,0.399926,False,False,,1.309699,1.709625
49,270,60,500,0,0.5,49_270_60_500_0,smoother_31,True,1.3100829999999999,True,True,,0.341215,1.651298
49,270,60,500,0,0.5,49_270_60_500_0,accel_gap_half,True,1.3707639999999999,True,True,,0.310574,1.681338
49,270,60,500,0,0.5,49_270_60_500_0,accel_gap_double,True,1.3707639999999999,True,True,,0.310574,1.681338
49,270,60,500,0,0.5,49_270_60_500_0,aux_gap_half,True,1.3707639999999999,True,True,,0.310574,1.681338
49,270,60,500,0,0.5,49_270_60_500_0,aux_gap_double,True,1.3707639999999999,True,True,,0.310574,1.681338
49,270,60,500,1,0.5,49_270_60_500_1,current,True,0.991287,True,False,,0.689454316,1.680741316
49,270,60,500,1,0.5,49_270_60_500_1,smoother_11,True,0.430052,False,False,,0.699951316,1.130003316
49,270,60,500,1,0.5,49_270_60_500_1,smoother_31,True,1.310719,True,True,,0.329274316,1.639993316
49,270,60,500,1,0.5,49_270_60_500_1,accel_gap_half,True,0.991287,True,False,,0.689454316,1.680741316
49,270,60,500,1,0.5,49_270_60_500_1,accel_gap_double,True,0.991287,True,False,,0.689454316,1.680741316
49,270,60,500,1,0.5,49_270_60_500_1,aux_gap_half,True,0.991287,True,False,,0.689454316,1.680741316
49,270,60,500,1,0.5,49_270_60_500_1,aux_gap_double,True,0.991287,True,False,,0.689454316,1.680741316
49,270,60,1000,0,1.0,49_270_60_1000_0,current,True,0.8302120000000001,True,False,,0.849111753,1.679323753
49,270,60,1000,0,1.0,49_270_60_1000_0,smoother_11,True,0.5021970000000001,True,False,,0.849111753,1.351308753
49,270,60,1000,0,1.0,49_270_60_1000_0,smoother_31,True,1.311404,True,True,,0.339260753,1.650664753
49,270,60,1000,0,1.0,49_270_60_1000_0,accel_gap_half,True,0.8302120000000001,True,False,,0.849111753,1.679323753
49,270,60,1000,0,1.0,49_270_60_1000_0,accel_gap_double,True,0.8302120000000001,True,False,,0.849111753,1.679323753
49,270,60,1000,0,1.0,49_270_60_1000_0,aux_gap_half,True,0.8302120000000001,True,False,,0.849111753,1.679323753
49,270,60,1000,0,1.0,49_270_60_1000_0,aux_gap_double,True,0.8302120000000001,True,False,,0.849111753,1.679323753
49,270,60,1000,1,1.0,49_270_60_1000_1,current,True,1.368834,True,True,,0.310496,1.67933
49,270,60,1000,1,1.0,49_270_60_1000_1,smoother_11,True,0.710999,True,False,,0.288786,0.999785
49,270,60,1000,1,1.0,49_270_60_1000_1,smoother_31,True,1.310463,True,True,,0.338848,1.649311
49,270,60,1000,1,1.0,49_270_60_1000_1,accel_gap_half,True,1.368834,True,True,,0.310496,1.67933
49,270,60,1000,1,1.0,49_270_60_1000_1,accel_gap_double,True,1.368834,True,True,,0.310496,1.67933
49,270,60,1000,1,1.0,49_270_60_1000_1,aux_gap_half,True,1.368834,True,True,,0.310496,1.67933
49,270,60,1000,1,1.0,49_270_60_1000_1,aux_gap_double,True,1.368834,True,True,,0.310496,1.67933
49,315,60,500,0,0.5,49_315_60_500_0,current,True,1.370476,True,True,,0.319492,1.689968
49,315,60,500,0,0.5,49_315_60_500_0,smoother_11,True,0.32010099999999997,False,False,,0.62041,0.940511
49,315,60,500,0,0.5,49_315_60_500_0,smoother_31,True,1.3081269999999998,True,True,,0.340634,1.648761
49,315,60,500,0,0.5,49_315_60_500_0,accel_gap_half,True,1.370476,True,True,,0.319492,1.689968
49,315,60,500,0,0.5,49_315_60_500_0,accel_gap_double,True,1.370476,True,True,,0.319492,1.689968
49,315,60,500,0,0.5,49_315_60_500_0,aux_gap_half,True,1.370476,True,True,,0.319492,1.689968
49,315,60,500,0,0.5,49_315_60_500_0,aux_gap_double,True,1.370476,True,True,,0.319492,1.689968
49,315,60,500,1,0.5,49_315_60_500_1,current,True,1.3401619999999999,True,True,,0.330399456,1.670561456
49,315,60,500,1,0.5,49_315_60_500_1,smoother_11,True,0.610283,True,False,,0.560269456,1.170552456
49,315,60,500,1,0.5,49_315_60_500_1,smoother_31,True,1.298661,True,True,,0.350422456,1.649083456
49,315,60,500,1,0.5,49_315_60_500_1,accel_gap_half,True,1.3401619999999999,True,True,,0.330399456,1.670561456
49,315,60,500,1,0.5,49_315_60_500_1,accel_gap_double,True,1.3401619999999999,True,True,,0.330399456,1.670561456
49,315,60,500,1,0.5,49_315_60_500_1,aux_gap_half,True,1.3401619999999999,True,True,,0.330399456,1.670561456
49,315,60,500,1,0.5,49_315_60_500_1,aux_gap_double,True,1.3401619999999999,True,True,,0.330399456,1.670561456
49,315,60,1000,0,1.0,49_315_60_1000_0,current,True,0.7903070000000001,True,False,,0.879238,1.669545
49,315,60,1000,0,1.0,49_315_60_1000_0,smoother_11,True,0.410454,False,False,,0.910356,1.32081
49,315,60,1000,0,1.0,49_315_60_1000_0,smoother_31,True,1.321994,True,True,,0.329099,1.651093
49,315,60,1000,0,1.0,49_315_60_1000_0,accel_gap_half,True,0.7903070000000001,True,False,,0.879238,1.669545
49,315,60,1000,0,1.0,49_315_60_1000_0,accel_gap_double,True,0.7903070000000001,True,False,,0.879238,1.669545
49,315,60,1000,0,1.0,49_315_60_1000_0,aux_gap_half,True,0.7903070000000001,True,False,,0.879238,1.669545
49,315,60,1000,0,1.0,49_315_60_1000_0,aux_gap_double,True,0.7903070000000001,True,False,,0.879238,1.669545
49,315,60,1000,1,1.0,49_315_60_1000_1,current,True,0.7299710000000001,True,False,,0.939533,1.669504
49,315,60,1000,1,1.0,49_315_60_1000_1,smoother_11,True,0.7701169999999999,True,False,,0.939533,1.70965
49,315,60,1000,1,1.0,49_315_60_1000_1,smoother_31,True,1.300417,True,True,,0.340168,1.640585
49,315,60,1000,1,1.0,49_315_60_1000_1,accel_gap_half,True,0.7299710000000001,True,False,,0.939533,1.669504
49,315,60,1000,1,1.0,49_315_60_1000_1,accel_gap_double,True,0.7299710000000001,True,False,,0.939533,1.669504
49,315,60,1000,1,1.0,49_315_60_1000_1,aux_gap_half,True,0.7299710000000001,True,False,,0.939533,1.669504
49,315,60,1000,1,1.0,49_315_60_1000_1,aux_gap_double,True,0.7299710000000001,True,False,,0.939533,1.669504
65,0,20,500,0,0.5,65_0_20_500_0,current,True,3.9595970000000005,True,True,,0.300051,4.259648
65,0,20,500,0,0.5,65_0_20_500_0,smoother_11,True,0.8196269999999997,True,False,,3.039648,3.859275
65,0,20,500,0,0.5,65_0_20_500_0,smoother_31,True,4.359812000000001,True,True,,0.320358,4.68017
65,0,20,500,0,0.5,65_0_20_500_0,accel_gap_half,True,3.9595970000000005,True,True,,0.300051,4.259648
65,0,20,500,0,0.5,65_0_20_500_0,accel_gap_double,True,3.9595970000000005,True,True,,0.300051,4.259648
65,0,20,500,0,0.5,65_0_20_500_0,aux_gap_half,True,3.9595970000000005,True,True,,0.300051,4.259648
65,0,20,500,0,0.5,65_0_20_500_0,aux_gap_double,True,3.9595970000000005,True,True,,0.300051,4.259648
65,0,20,500,1,0.5,65_0_20_500_1,current,True,4.3883280000000005,True,True,,0.301039541,4.689367541
65,0,20,500,1,0.5,65_0_20_500_1,smoother_11,True,1.1886180000000002,True,True,,1.161037541,2.349655541
65,0,20,500,1,0.5,65_0_20_500_1,smoother_31,True,4.33198,True,True,,0.328916541,4.660896541
65,0,20,500,1,0.5,65_0_20_500_1,accel_gap_half,True,4.3883280000000005,True,True,,0.301039541,4.689367541
65,0,20,500,1,0.5,65_0_20_500_1,accel_gap_double,True,4.3883280000000005,True,True,,0.301039541,4.689367541
65,0,20,500,1,0.5,65_0_20_500_1,aux_gap_half,True,4.3883280000000005,True,True,,0.301039541,4.689367541
65,0,20,500,1,0.5,65_0_20_500_1,aux_gap_double,True,4.3883280000000005,True,True,,0.301039541,4.689367541
65,0,20,1000,0,1.0,65_0_20_1000_0,current,True,4.400701,True,True,,0.2994,4.700101
65,0,20,1000,0,1.0,65_0_20_1000_0,smoother_11,True,1.331334,True,True,,2.349868,3.681202
65,0,20,1000,0,1.0,65_0_20_1000_0,smoother_31,True,4.3492440000000006,True,True,,0.321083,4.670327
65,0,20,1000,0,1.0,65_0_20_1000_0,accel_gap_half,True,4.400701,True,True,,0.2994,4.700101
65,0,20,1000,0,1.0,65_0_20_1000_0,accel_gap_double,True,4.400701,True,True,,0.2994,4.700101
65,0,20,1000,0,1.0,65_0_20_1000_0,aux_gap_half,True,4.400701,True,True,,0.2994,4.700101
65,0,20,1000,0,1.0,65_0_20_1000_0,aux_gap_double,True,4.400701,True,True,,0.2994,4.700101
65,0,20,1000,1,1.0,65_0_20_1000_1,current,True,4.020149999999999,True,True,,0.679903,4.700053
65,0,20,1000,1,1.0,65_0_20_1000_1,smoother_11,True,0.9485760000000001,True,False,,1.340932,2.289508
65,0,20,1000,1,1.0,65_0_20_1000_1,smoother_31,True,4.3384,True,True,,0.320809,4.659209
65,0,20,1000,1,1.0,65_0_20_1000_1,accel_gap_half,True,4.020149999999999,True,True,,0.679903,4.700053
65,0,20,1000,1,1.0,65_0_20_1000_1,accel_gap_double,True,4.020149999999999,True,True,,0.679903,4.700053
65,0,20,1000,1,1.0,65_0_20_1000_1,aux_gap_half,True,4.020149999999999,True,True,,0.679903,4.700053
65,0,20,1000,1,1.0,65_0_20_1000_1,aux_gap_double,True,4.020149999999999,True,True,,0.679903,4.700053
65,45,20,500,0,0.5,65_45_20_500_0,current,True,4.380955,True,True,,0.29016496,4.67111996
65,45,20,500,0,0.5,65_45_20_500_0,smoother_11,True,0.7004600000000001,True,False,,0.64942196,1.34988196
65,45,20,500,0,0.5,65_45_20_500_0,smoother_31,True,4.329886,True,True,,0.30952896,4.63941496
65,45,20,500,0,0.5,65_45_20_500_0,accel_gap_half,True,4.380955,True,True,,0.29016496,4.67111996
65,45,20,500,0,0.5,65_45_20_500_0,accel_gap_double,True,4.380955,True,True,,0.29016496,4.67111996
65,45,20,500,0,0.5,65_45_20_500_0,aux_gap_half,True,4.380955,True,True,,0.29016496,4.67111996
65,45,20,500,0,0.5,65_45_20_500_0,aux_gap_double,True,4.380955,True,True,,0.29016496,4.67111996
65,45,20,500,1,0.5,65_45_20_500_1,current,True,3.8196600000000003,True,True,,0.290505,4.110165
65,45,20,500,1,0.5,65_45_20_500_1,smoother_11,True,1.3494290000000002,True,True,,2.60106,3.950489
65,45,20,500,1,0.5,65_45_20_500_1,smoother_31,True,4.309537000000001,True,True,,0.329272,4.638809
65,45,20,500,1,0.5,65_45_20_500_1,accel_gap_half,True,3.8196600000000003,True,True,,0.290505,4.110165
65,45,20,500,1,0.5,65_45_20_500_1,accel_gap_double,True,3.8196600000000003,True,True,,0.290505,4.110165
65,45,20,500,1,0.5,65_45_20_500_1,aux_gap_half,True,3.8196600000000003,True,True,,0.290505,4.110165
65,45,20,500,1,0.5,65_45_20_500_1,aux_gap_double,True,3.8196600000000003,True,True,,0.290505,4.110165
65,45,20,1000,0,1.0,65_45_20_1000_0,current,True,4.370952,True,True,,0.299613513,4.670565513
65,45,20,1000,0,1.0,65_45_20_1000_0,smoother_11,True,1.028658,True,True,,2.830648513,3.859306513
65,45,20,1000,0,1.0,65_45_20_1000_0,smoother_31,True,4.299946,True,True,,0.340307513,4.640253513
65,45,20,1000,0,1.0,65_45_20_1000_0,accel_gap_half,True,4.370952,True,True,,0.299613513,4.670565513
65,45,20,1000,0,1.0,65_45_20_1000_0,accel_gap_double,True,4.370952,True,True,,0.299613513,4.670565513
65,45,20,1000,0,1.0,65_45_20_1000_0,aux_gap_half,True,4.370952,True,True,,0.299613513,4.670565513
65,45,20,1000,0,1.0,65_45_20_1000_0,aux_gap_double,True,4.370952,True,True,,0.299613513,4.670565513
65,45,20,1000,1,1.0,65_45_20_1000_1,current,True,4.188704,True,True,,0.290518998,4.479222998
65,45,20,1000,1,1.0,65_45_20_1000_1,smoother_11,True,1.3307989999999998,True,True,,2.549989998,3.880788998
65,45,20,1000,1,1.0,65_45_20_1000_1,smoother_31,True,4.319549,True,True,,0.330975998,4.650524998
65,45,20,1000,1,1.0,65_45_20_1000_1,accel_gap_half,True,4.188704,True,True,,0.290518998,4.479222998
65,45,20,1000,1,1.0,65_45_20_1000_1,accel_gap_double,True,4.188704,True,True,,0.290518998,4.479222998
65,45,20,1000,1,1.0,65_45_20_1000_1,aux_gap_half,True,4.188704,True,True,,0.290518998,4.479222998
65,45,20,1000,1,1.0,65_45_20_1000_1,aux_gap_double,True,4.188704,True,True,,0.290518998,4.479222998
65,90,20,500,0,0.5,65_90_20_500_0,current,True,3.252053,True,True,,1.469344748,4.721397748
65,90,20,500,0,0.5,65_90_20_500_0,smoother_11,True,0.6200060000000001,True,False,,4.129466748,4.749472748
65,90,20,500,0,0.5,65_90_20_500_0,smoother_31,True,4.350883,True,True,,0.340219748,4.691102748
65,90,20,500,0,0.5,65_90_20_500_0,accel_gap_half,True,3.252053,True,True,,1.469344748,4.721397748
65,90,20,500,0,0.5,65_90_20_500_0,accel_gap_double,True,3.252053,True,True,,1.469344748,4.721397748
65,90,20,500,0,0.5,65_90_20_500_0,aux_gap_half,True,3.252053,True,True,,1.469344748,4.721397748
65,90,20,500,0,0.5,65_90_20_500_0,aux_gap_double,True,3.252053,True,True,,1.469344748,4.721397748
65,90,20,500,1,0.5,65_90_20_500_1,current,True,3.7696180000000004,True,True,,0.319679388,4.089297388
65,90,20,500,1,0.5,65_90_20_500_1,smoother_11,True,1.2604199999999999,True,True,,2.219347388,3.479767388
65,90,20,500,1,0.5,65_90_20_500_1,smoother_31,True,4.350482,True,True,,0.340144388,4.690626388
65,90,20,500,1,0.5,65_90_20_500_1,accel_gap_half,True,3.7696180000000004,True,True,,0.319679388,4.089297388
65,90,20,500,1,0.5,65_90_20_500_1,accel_gap_double,True,3.7696180000000004,True,True,,0.319679388,4.089297388
65,90,20,500,1,0.5,65_90_20_500_1,aux_gap_half,True,3.7696180000000004,True,True,,0.319679388,4.089297388
65,90,20,500,1,0.5,65_90_20_500_1,aux_gap_double,True,3.7696180000000004,True,True,,0.319679388,4.089297388
65,90,20,1000,0,1.0,65_90_20_1000_0,current,True,4.400113,True,True,,0.290684,4.690797
65,90,20,1000,0,1.0,65_90_20_1000_0,smoother_11,True,1.5604249999999997,True,True,,1.389766,2.950191
65,90,20,1000,0,1.0,65_90_20_1000_0,smoother_31,True,4.350912,True,True,,0.309361,4.660273
65,90,20,1000,0,1.0,65_90_20_1000_0,accel_gap_half,True,4.400113,True,True,,0.290684,4.690797
65,90,20,1000,0,1.0,65_90_20_1000_0,accel_gap_double,True,4.400113,True,True,,0.290684,4.690797
65,90,20,1000,0,1.0,65_90_20_1000_0,aux_gap_half,True,4.400113,True,True,,0.290684,4.690797
65,90,20,1000,0,1.0,65_90_20_1000_0,aux_gap_double,True,4.400113,True,True,,0.290684,4.690797
65,90,20,1000,1,1.0,65_90_20_1000_1,current,True,2.329593,True,True,,0.890224924,3.219817924
65,90,20,1000,1,1.0,65_90_20_1000_1,smoother_11,True,0.831432,True,False,,3.599401924,4.430833924
65,90,20,1000,1,1.0,65_90_20_1000_1,smoother_31,True,4.351196,True,True,,0.329337924,4.680533924
65,90,20,1000,1,1.0,65_90_20_1000_1,accel_gap_half,True,2.329593,True,True,,0.890224924,3.219817924
65,90,20,1000,1,1.0,65_90_20_1000_1,accel_gap_double,True,2.329593,True,True,,0.890224924,3.219817924
65,90,20,1000,1,1.0,65_90_20_1000_1,aux_gap_half,True,2.329593,True,True,,0.890224924,3.219817924
65,90,20,1000,1,1.0,65_90_20_1000_1,aux_gap_double,True,2.329593,True,True,,0.890224924,3.219817924
65,135,20,500,0,0.5,65_135_20_500_0,current,True,2.96923,True,True,,0.460202321,3.429432321
65,135,20,500,0,0.5,65_135_20_500_0,smoother_11,True,0.828684,True,False,,2.030813321,2.859497321
65,135,20,500,0,0.5,65_135_20_500_0,smoother_31,True,4.319769,True,True,,0.329961321,4.649730321
65,135,20,500,0,0.5,65_135_20_500_0,accel_gap_half,True,2.96923,True,True,,0.460202321,3.429432321
65,135,20,500,0,0.5,65_135_20_500_0,accel_gap_double,True,2.96923,True,True,,0.460202321,3.429432321
65,135,20,500,0,0.5,65_135_20_500_0,aux_gap_half,True,2.96923,True,True,,0.460202321,3.429432321
65,135,20,500,0,0.5,65_135_20_500_0,aux_gap_double,True,2.96923,True,True,,0.460202321,3.429432321
65,135,20,500,1,0.5,65_135_20_500_1,current,True,4.389665000000001,True,True,,0.300157,4.689822
65,135,20,500,1,0.5,65_135_20_500_1,smoother_11,True,1.0791560000000002,True,True,,3.180422,4.259578
65,135,20,500,1,0.5,65_135_20_500_1,smoother_31,True,4.329708999999999,True,True,,0.330485,4.660194
65,135,20,500,1,0.5,65_135_20_500_1,accel_gap_half,True,4.389665000000001,True,True,,0.300157,4.689822
65,135,20,500,1,0.5,65_135_20_500_1,accel_gap_double,True,4.389665000000001,True,True,,0.300157,4.689822
65,135,20,500,1,0.5,65_135_20_500_1,aux_gap_half,True,4.389665000000001,True,True,,0.300157,4.689822
65,135,20,500,1,0.5,65_135_20_500_1,aux_gap_double,True,4.389665000000001,True,True,,0.300157,4.689822
65,135,20,1000,0,1.0,65_135_20_1000_0,current,True,3.91999,True,True,,0.760519,4.680509
65,135,20,1000,0,1.0,65_135_20_1000_0,smoother_11,True,1.2095500000000001,True,True,,2.309941,3.519491
65,135,20,1000,0,1.0,65_135_20_1000_0,smoother_31,True,4.328518000000001,True,True,,0.321114,4.649632
65,135,20,1000,0,1.0,65_135_20_1000_0,accel_gap_half,True,3.91999,True,True,,0.760519,4.680509
65,135,20,1000,0,1.0,65_135_20_1000_0,accel_gap_double,True,3.91999,True,True,,0.760519,4.680509
65,135,20,1000,0,1.0,65_135_20_1000_0,aux_gap_half,True,3.91999,True,True,,0.760519,4.680509
65,135,20,1000,0,1.0,65_135_20_1000_0,aux_gap_double,True,3.91999,True,True,,0.760519,4.680509
65,135,20,1000,1,1.0,65_135_20_1000_1,current,True,4.380926,True,True,,0.300420432,4.681346432
65,135,20,1000,1,1.0,65_135_20_1000_1,smoother_11,True,0.9599729999999997,True,False,,3.360065432,4.320038432
65,135,20,1000,1,1.0,65_135_20_1000_1,smoother_31,True,4.320207,True,True,,0.329269432,4.649476432
65,135,20,1000,1,1.0,65_135_20_1000_1,accel_gap_half,True,4.380926,True,True,,0.300420432,4.681346432
65,135,20,1000,1,1.0,65_135_20_1000_1,accel_gap_double,True,4.380926,True,True,,0.300420432,4.681346432
65,135,20,1000,1,1.0,65_135_20_1000_1,aux_gap_half,True,4.380926,True,True,,0.300420432,4.681346432
65,135,20,1000,1,1.0,65_135_20_1000_1,aux_gap_double,True,4.380926,True,True,,0.300420432,4.681346432
65,180,20,500,0,0.5,65_180_20_500_0,current,True,3.059186,True,True,,1.639906523,4.699092523
65,180,20,500,0,0.5,65_180_20_500_0,smoother_11,True,0.6909340000000004,True,False,,2.098748523,2.789682523
65,180,20,500,0,0.5,65_180_20_500_0,smoother_31,True,4.3378250000000005,True,True,,0.321422523,4.659247523
65,180,20,500,0,0.5,65_180_20_500_0,accel_gap_half,True,3.059186,True,True,,1.639906523,4.699092523
65,180,20,500,0,0.5,65_180_20_500_0,accel_gap_double,True,3.059186,True,True,,1.639906523,4.699092523
65,180,20,500,0,0.5,65_180_20_500_0,aux_gap_half,True,3.059186,True,True,,1.639906523,4.699092523
65,180,20,500,0,0.5,65_180_20_500_0,aux_gap_double,True,3.059186,True,True,,1.639906523,4.699092523
65,180,20,500,1,0.5,65_180_20_500_1,current,True,4.409141,True,True,,0.281187,4.690328
65,180,20,500,1,0.5,65_180_20_500_1,smoother_11,True,0.570039,True,False,,1.180097,1.750136
65,180,20,500,1,0.5,65_180_20_500_1,smoother_31,True,4.359021,True,True,,0.310656,4.669677
65,180,20,500,1,0.5,65_180_20_500_1,accel_gap_half,True,4.409141,True,True,,0.281187,4.690328
65,180,20,500,1,0.5,65_180_20_500_1,accel_gap_double,True,4.409141,True,True,,0.281187,4.690328
65,180,20,500,1,0.5,65_180_20_500_1,aux_gap_half,True,4.409141,True,True,,0.281187,4.690328
65,180,20,500,1,0.5,65_180_20_500_1,aux_gap_double,True,4.409141,True,True,,0.281187,4.690328
65,180,20,1000,0,1.0,65_180_20_1000_0,current,True,3.149782,True,True,,1.549754,4.699536
65,180,20,1000,0,1.0,65_180_20_1000_0,smoother_11,True,1.2279849999999999,True,True,,2.450777,3.678762
65,180,20,1000,0,1.0,65_180_20_1000_0,smoother_31,True,4.361136,True,True,,0.310195,4.671331
65,180,20,1000,0,1.0,65_180_20_1000_0,accel_gap_half,True,3.149782,True,True,,1.549754,4.699536
65,180,20,1000,0,1.0,65_180_20_1000_0,accel_gap_double,True,3.149782,True,True,,1.549754,4.699536
65,180,20,1000,0,1.0,65_180_20_1000_0,aux_gap_half,True,3.149782,True,True,,1.549754,4.699536
65,180,20,1000,0,1.0,65_180_20_1000_0,aux_gap_double,True,3.149782,True,True,,1.549754,4.699536
65,180,20,1000,1,1.0,65_180_20_1000_1,current,True,4.410686,True,True,,0.300002,4.710688
65,180,20,1000,1,1.0,65_180_20_1000_1,smoother_11,True,0.510671,True,False,,0.539586,1.050257
65,180,20,1000,1,1.0,65_180_20_1000_1,smoother_31,True,4.349137,True,True,,0.33011,4.679247
65,180,20,1000,1,1.0,65_180_20_1000_1,accel_gap_half,True,4.410686,True,True,,0.300002,4.710688
65,180,20,1000,1,1.0,65_180_20_1000_1,accel_gap_double,True,4.410686,True,True,,0.300002,4.710688
65,180,20,1000,1,1.0,65_180_20_1000_1,aux_gap_half,True,4.410686,True,True,,0.300002,4.710688
65,180,20,1000,1,1.0,65_180_20_1000_1,aux_gap_double,True,4.410686,True,True,,0.300002,4.710688
65,225,20,500,0,0.5,65_225_20_500_0,current,True,4.371805,True,True,,0.299141058,4.670946058
65,225,20,500,0,0.5,65_225_20_500_0,smoother_11,True,1.019756,True,True,,3.680133058,4.699889058
65,225,20,500,0,0.5,65_225_20_500_0,smoother_31,True,4.328856,True,True,,0.320581058,4.649437058
65,225,20,500,0,0.5,65_225_20_500_0,accel_gap_half,True,4.371805,True,True,,0.299141058,4.670946058
65,225,20,500,0,0.5,65_225_20_500_0,accel_gap_double,True,4.371805,True,True,,0.299141058,4.670946058
65,225,20,500,0,0.5,65_225_20_500_0,aux_gap_half,True,4.371805,True,True,,0.299141058,4.670946058
65,225,20,500,0,0.5,65_225_20_500_0,aux_gap_double,True,4.371805,True,True,,0.299141058,4.670946058
65,225,20,500,1,0.5,65_225_20_500_1,current,True,4.3907240000000005,True,True,,0.300458,4.691182
65,225,20,500,1,0.5,65_225_20_500_1,smoother_11,True,0.991257,True,False,,1.729088,2.720345
65,225,20,500,1,0.5,65_225_20_500_1,smoother_31,True,4.330011,True,True,,0.330364,4.660375
65,225,20,500,1,0.5,65_225_20_500_1,accel_gap_half,True,4.3907240000000005,True,True,,0.300458,4.691182
65,225,20,500,1,0.5,65_225_20_500_1,accel_gap_double,True,4.3907240000000005,True,True,,0.300458,4.691182
65,225,20,500,1,0.5,65_225_20_500_1,aux_gap_half,True,4.3907240000000005,True,True,,0.300458,4.691182
65,225,20,500,1,0.5,65_225_20_500_1,aux_gap_double,True,4.3907240000000005,True,True,,0.300458,4.691182
65,225,20,1000,0,1.0,65_225_20_1000_0,current,True,2.57041,True,True,,0.29056,2.86097
65,225,20,1000,0,1.0,65_225_20_1000_0,smoother_11,True,1.230986,True,True,,1.170081,2.401067
65,225,20,1000,0,1.0,65_225_20_1000_0,smoother_31,True,4.309582000000001,True,True,,0.320212,4.629794
65,225,20,1000,0,1.0,65_225_20_1000_0,accel_gap_half,True,2.57041,True,True,,0.29056,2.86097
65,225,20,1000,0,1.0,65_225_20_1000_0,accel_gap_double,True,2.57041,True,True,,0.29056,2.86097
65,225,20,1000,0,1.0,65_225_20_1000_0,aux_gap_half,True,2.57041,True,True,,0.29056,2.86097
65,225,20,1000,0,1.0,65_225_20_1000_0,aux_gap_double,True,2.57041,True,True,,0.29056,2.86097
65,225,20,1000,1,1.0,65_225_20_1000_1,current,True,4.371218,True,True,,0.288941982,4.660159982
65,225,20,1000,1,1.0,65_225_20_1000_1,smoother_11,True,1.178984,True,True,,1.640052982,2.819036982
65,225,20,1000,1,1.0,65_225_20_1000_1,smoother_31,True,4.311233,True,True,,0.318730982,4.629963982
65,225,20,1000,1,1.0,65_225_20_1000_1,accel_gap_half,True,4.371218,True,True,,0.288941982,4.660159982
65,225,20,1000,1,1.0,65_225_20_1000_1,accel_gap_double,True,4.371218,True,True,,0.288941982,4.660159982
65,225,20,1000,1,1.0,65_225_20_1000_1,aux_gap_half,True,4.371218,True,True,,0.288941982,4.660159982
65,225,20,1000,1,1.0,65_225_20_1000_1,aux_gap_double,True,4.371218,True,True,,0.288941982,4.660159982
65,270,20,500,0,0.5,65_270_20_500_0,current,True,4.4114189999999995,True,True,,0.289868,4.701287
65,270,20,500,0,0.5,65_270_20_500_0,smoother_11,True,1.040717,True,True,,0.920365,1.961082
65,270,20,500,0,0.5,65_270_20_500_0,smoother_31,True,4.350915,True,True,,0.31916,4.670075
65,270,20,500,0,0.5,65_270_20_500_0,accel_gap_half,True,4.4114189999999995,True,True,,0.289868,4.701287
65,270,20,500,0,0.5,65_270_20_500_0,accel_gap_double,True,4.4114189999999995,True,True,,0.289868,4.701287
65,270,20,500,0,0.5,65_270_20_500_0,aux_gap_half,True,4.4114189999999995,True,True,,0.289868,4.701287
65,270,20,500,0,0.5,65_270_20_500_0,aux_gap_double,True,4.4114189999999995,True,True,,0.289868,4.701287
65,270,20,500,1,0.5,65_270_20_500_1,current,True,4.4001589999999995,True,True,,0.289513,4.689672
65,270,20,500,1,0.5,65_270_20_500_1,smoother_11,True,1.800492,True,True,,1.139254,2.939746
65,270,20,500,1,0.5,65_270_20_500_1,smoother_31,True,4.359729,True,True,,0.319499,4.679228
65,270,20,500,1,0.5,65_270_20_500_1,accel_gap_half,True,4.4001589999999995,True,True,,0.289513,4.689672
65,270,20,500,1,0.5,65_270_20_500_1,accel_gap_double,True,4.4001589999999995,True,True,,0.289513,4.689672
65,270,20,500,1,0.5,65_270_20_500_1,aux_gap_half,True,4.4001589999999995,True,True,,0.289513,4.689672
65,270,20,500,1,0.5,65_270_20_500_1,aux_gap_double,True,4.4001589999999995,True,True,,0.289513,4.689672
65,270,20,1000,0,1.0,65_270_20_1000_0,current,True,4.399926,True,True,,0.289671,4.689597
65,270,20,1000,0,1.0,65_270_20_1000_0,smoother_11,True,0.7299540000000002,True,False,,2.42048,3.150434
65,270,20,1000,0,1.0,65_270_20_1000_0,smoother_31,True,4.3399980000000005,True,True,,0.319953,4.659951
65,270,20,1000,0,1.0,65_270_20_1000_0,accel_gap_half,True,4.399926,True,True,,0.289671,4.689597
65,270,20,1000,0,1.0,65_270_20_1000_0,accel_gap_double,True,4.399926,True,True,,0.289671,4.689597
65,270,20,1000,0,1.0,65_270_20_1000_0,aux_gap_half,True,4.399926,True,True,,0.289671,4.689597
65,270,20,1000,0,1.0,65_270_20_1000_0,aux_gap_double,True,4.399926,True,True,,0.289671,4.689597
65,270,20,1000,1,1.0,65_270_20_1000_1,current,True,4.14885,True,True,,0.290380033,4.439230033
65,270,20,1000,1,1.0,65_270_20_1000_1,smoother_11,True,0.808719,True,False,,3.590948033,4.399667033
65,270,20,1000,1,1.0,65_270_20_1000_1,smoother_31,True,4.350453999999999,True,True,,0.319543033,4.669997033
65,270,20,1000,1,1.0,65_270_20_1000_1,accel_gap_half,True,4.14885,True,True,,0.290380033,4.439230033
65,270,20,1000,1,1.0,65_270_20_1000_1,accel_gap_double,True,4.14885,True,True,,0.290380033,4.439230033
65,270,20,1000,1,1.0,65_270_20_1000_1,aux_gap_half,True,4.14885,True,True,,0.290380033,4.439230033
65,270,20,1000,1,1.0,65_270_20_1000_1,aux_gap_double,True,4.14885,True,True,,0.290380033,4.439230033
65,315,20,500,0,0.5,65_315_20_500_0,current,True,4.3705039999999995,True,True,,0.30068211,4.67118611
65,315,20,500,0,0.5,65_315_20_500_0,smoother_11,True,0.8802400000000001,True,False,,1.66948111,2.54972111
65,315,20,500,0,0.5,65_315_20_500_0,smoother_31,True,4.309342,True,True,,0.33011011,4.63945211
65,315,20,500,0,0.5,65_315_20_500_0,accel_gap_half,True,4.3705039999999995,True,True,,0.30068211,4.67118611
65,315,20,500,0,0.5,65_315_20_500_0,accel_gap_double,True,4.3705039999999995,True,True,,0.30068211,4.67118611
65,315,20,500,0,0.5,65_315_20_500_0,aux_gap_half,True,4.3705039999999995,True,True,,0.30068211,4.67118611
65,315,20,500,0,0.5,65_315_20_500_0,aux_gap_double,True,4.3705039999999995,True,True,,0.30068211,4.67118611
65,315,20,500,1,0.5,65_315_20_500_1,current,True,4.379493,True,True,,0.299784332,4.679277332
65,315,20,500,1,0.5,65_315_20_500_1,smoother_11,True,0.8285269999999999,True,False,,0.280414332,1.108941332
65,315,20,500,1,0.5,65_315_20_500_1,smoother_31,True,4.319631,True,True,,0.330217332,4.649848332
65,315,20,500,1,0.5,65_315_20_500_1,accel_gap_half,True,4.379493,True,True,,0.299784332,4.679277332
65,315,20,500,1,0.5,65_315_20_500_1,accel_gap_double,True,4.379493,True,True,,0.299784332,4.679277332
65,315,20,500,1,0.5,65_315_20_500_1,aux_gap_half,True,4.379493,True,True,,0.299784332,4.679277332
65,315,20,500,1,0.5,65_315_20_500_1,aux_gap_double,True,4.379493,True,True,,0.299784332,4.679277332
65,315,20,1000,0,1.0,65_315_20_1000_0,current,True,4.3712740000000005,True,True,,0.299300687,4.670574687
65,315,20,1000,0,1.0,65_315_20_1000_0,smoother_11,True,0.881434,True,False,,1.669283687,2.550717687
65,315,20,1000,0,1.0,65_315_20_1000_0,smoother_31,True,4.310608,True,True,,0.329190687,4.639798687
65,315,20,1000,0,1.0,65_315_20_1000_0,accel_gap_half,True,4.3712740000000005,True,True,,0.299300687,4.670574687
65,315,20,1000,0,1.0,65_315_20_1000_0,accel_gap_double,True,4.3712740000000005,True,True,,0.299300687,4.670574687
65,315,20,1000,0,1.0,65_315_20_1000_0,aux_gap_half,True,4.3712740000000005,True,True,,0.299300687,4.670574687
65,315,20,1000,0,1.0,65_315_20_1000_0,aux_gap_double,True,4.3712740000000005,True,True,,0.299300687,4.670574687
65,315,20,1000,1,1.0,65_315_20_1000_1,current,True,2.611001,True,True,,0.289034,2.900035
65,315,20,1000,1,1.0,65_315_20_1000_1,smoother_11,True,0.879255,True,False,,0.250568,1.129823
65,315,20,1000,1,1.0,65_315_20_1000_1,smoother_31,True,4.309715000000001,True,True,,0.32025,4.629965
65,315,20,1000,1,1.0,65_315_20_1000_1,accel_gap_half,True,2.611001,True,True,,0.289034,2.900035
65,315,20,1000,1,1.0,65_315_20_1000_1,accel_gap_double,True,2.611001,True,True,,0.289034,2.900035
65,315,20,1000,1,1.0,65_315_20_1000_1,aux_gap_half,True,2.611001,True,True,,0.289034,2.900035
65,315,20,1000,1,1.0,65_315_20_1000_1,aux_gap_double,True,2.611001,True,True,,0.289034,2.900035
65,0,40,500,0,0.5,65_0_40_500_0,current,True,1.288533,True,True,,0.311183,1.599716
65,0,40,500,0,0.5,65_0_40_500_0,smoother_11,True,0.8286669999999999,True,False,,0.27076,1.099427
65,0,40,500,0,0.5,65_0_40_500_0,smoother_31,True,2.060699,True,True,,0.339696,2.400395
65,0,40,500,0,0.5,65_0_40_500_0,accel_gap_half,True,1.288533,True,True,,0.311183,1.599716
65,0,40,500,0,0.5,65_0_40_500_0,accel_gap_double,True,1.288533,True,True,,0.311183,1.599716
65,0,40,500,0,0.5,65_0_40_500_0,aux_gap_half,True,1.288533,True,True,,0.311183,1.599716
65,0,40,500,0,0.5,65_0_40_500_0,aux_gap_double,True,1.288533,True,True,,0.311183,1.599716
65,0,40,500,1,0.5,65_0_40_500_1,current,True,2.110537,True,True,,0.318969719,2.429506719
65,0,40,500,1,0.5,65_0_40_500_1,smoother_11,True,0.8506580000000001,True,False,,1.160203719,2.010861719
65,0,40,500,1,0.5,65_0_40_500_1,smoother_31,True,2.050073,True,True,,0.339487719,2.389560719
65,0,40,500,1,0.5,65_0_40_500_1,accel_gap_half,True,2.110537,True,True,,0.318969719,2.429506719
65,0,40,500,1,0.5,65_0_40_500_1,accel_gap_double,True,2.110537,True,True,,0.318969719,2.429506719
65,0,40,500,1,0.5,65_0_40_500_1,aux_gap_half,True,2.110537,True,True,,0.318969719,2.429506719
65,0,40,500,1,0.5,65_0_40_500_1,aux_gap_double,True,2.110537,True,True,,0.318969719,2.429506719
65,0,40,1000,0,1.0,65_0_40_1000_0,current,True,1.599526,True,True,,0.859669296,2.459195296
65,0,40,1000,0,1.0,65_0_40_1000_0,smoother_11,True,0.36058900000000005,False,False,,0.419456296,0.780045296
65,0,40,1000,0,1.0,65_0_40_1000_0,smoother_31,True,2.069881,True,True,,0.359240296,2.429121296
65,0,40,1000,0,1.0,65_0_40_1000_0,accel_gap_half,True,1.599526,True,True,,0.859669296,2.459195296
65,0,40,1000,0,1.0,65_0_40_1000_0,accel_gap_double,True,1.599526,True,True,,0.859669296,2.459195296
65,0,40,1000,0,1.0,65_0_40_1000_0,aux_gap_half,True,1.599526,True,True,,0.859669296,2.459195296
65,0,40,1000,0,1.0,65_0_40_1000_0,aux_gap_double,True,1.599526,True,True,,0.859669296,2.459195296
65,0,40,1000,1,1.0,65_0_40_1000_1,current,True,1.9891510000000001,True,True,,0.330599,2.31975
65,0,40,1000,1,1.0,65_0_40_1000_1,smoother_11,True,0.749593,True,False,,1.52028,2.269873
65,0,40,1000,1,1.0,65_0_40_1000_1,smoother_31,True,2.058977,True,True,,0.360561,2.419538
65,0,40,1000,1,1.0,65_0_40_1000_1,accel_gap_half,True,1.9891510000000001,True,True,,0.330599,2.31975
65,0,40,1000,1,1.0,65_0_40_1000_1,accel_gap_double,True,1.9891510000000001,True,True,,0.330599,2.31975
65,0,40,1000,1,1.0,65_0_40_1000_1,aux_gap_half,True,1.9891510000000001,True,True,,0.330599,2.31975
65,0,40,1000,1,1.0,65_0_40_1000_1,aux_gap_double,True,1.9891510000000001,True,True,,0.330599,2.31975
65,45,40,500,0,0.5,65_45_40_500_0,current,True,2.1180730000000003,True,True,,0.290738833,2.408811833
65,45,40,500,0,0.5,65_45_40_500_0,smoother_11,True,0.6296169999999999,True,False,,1.799574833,2.429191833
65,45,40,500,0,0.5,65_45_40_500_0,smoother_31,True,2.0698540000000003,True,True,,0.309594833,2.379448833
65,45,40,500,0,0.5,65_45_40_500_0,accel_gap_half,True,2.1180730000000003,True,True,,0.290738833,2.408811833
65,45,40,500,0,0.5,65_45_40_500_0,accel_gap_double,True,2.1180730000000003,True,True,,0.290738833,2.408811833
65,45,40,500,0,0.5,65_45_40_500_0,aux_gap_half,True,2.1180730000000003,True,True,,0.290738833,2.408811833
65,45,40,500,0,0.5,65_45_40_500_0,aux_gap_double,True,2.1180730000000003,True,True,,0.290738833,2.408811833
65,45,40,500,1,0.5,65_45_40_500_1,current,True,2.120085,True,True,,0.290795,2.41088
65,45,40,500,1,0.5,65_45_40_500_1,smoother_11,True,1.399904,True,True,,1.039547,2.439451
65,45,40,500,1,0.5,65_45_40_500_1,smoother_31,True,2.059918,True,True,,0.319679,2.379597
65,45,40,500,1,0.5,65_45_40_500_1,accel_gap_half,True,2.120085,True,True,,0.290795,2.41088
65,45,40,500,1,0.5,65_45_40_500_1,accel_gap_double,True,2.120085,True,True,,0.290795,2.41088
65,45,40,500,1,0.5,65_45_40_500_1,aux_gap_half,True,2.120085,True,True,,0.290795,2.41088
65,45,40,500,1,0.5,65_45_40_500_1,aux_gap_double,True,2.120085,True,True,,0.290795,2.41088
65,45,40,1000,0,1.0,65_45_40_1000_0,current,True,2.1298500000000002,True,True,,0.280175,2.410025
65,45,40,1000,0,1.0,65_45_40_1000_0,smoother_11,True,0.5493690000000002,True,False,,1.770665,2.320034
65,45,40,1000,0,1.0,65_45_40_1000_0,smoother_31,True,2.0684549999999997,True,True,,0.311214,2.379669
65,45,40,1000,0,1.0,65_45_40_1000_0,accel_gap_half,True,2.1298500000000002,True,True,,0.280175,2.410025
65,45,40,1000,0,1.0,65_45_40_1000_0,accel_gap_double,True,2.1298500000000002,True,True,,0.280175,2.410025
65,45,40,1000,0,1.0,65_45_40_1000_0,aux_gap_half,True,2.1298500000000002,True,True,,0.280175,2.410025
65,45,40,1000,0,1.0,65_45_40_1000_0,aux_gap_double,True,2.1298500000000002,True,True,,0.280175,2.410025
65,45,40,1000,1,1.0,65_45_40_1000_1,current,True,1.078744,True,True,,0.290343,1.369087
65,45,40,1000,1,1.0,65_45_40_1000_1,smoother_11,True,0.6588,True,False,,0.26033,0.91913
65,45,40,1000,1,1.0,65_45_40_1000_1,smoother_31,True,2.048952,True,True,,0.320431,2.369383
65,45,40,1000,1,1.0,65_45_40_1000_1,accel_gap_half,True,1.078744,True,True,,0.290343,1.369087
65,45,40,1000,1,1.0,65_45_40_1000_1,accel_gap_double,True,1.078744,True,True,,0.290343,1.369087
65,45,40,1000,1,1.0,65_45_40_1000_1,aux_gap_half,True,1.078744,True,True,,0.290343,1.369087
65,45,40,1000,1,1.0,65_45_40_1000_1,aux_gap_double,True,1.078744,True,True,,0.290343,1.369087
65,90,40,500,0,0.5,65_90_40_500_0,current,True,1.300938,True,True,,0.289900332,1.590838332
65,90,40,500,0,0.5,65_90_40_500_0,smoother_11,True,0.47019199999999994,False,False,,1.980700332,2.450892332
65,90,40,500,0,0.5,65_90_40_500_0,smoother_31,True,2.061943,True,True,,0.328834332,2.390777332
65,90,40,500,0,0.5,65_90_40_500_0,accel_gap_half,True,1.300938,True,True,,0.289900332,1.590838332
65,90,40,500,0,0.5,65_90_40_500_0,accel_gap_double,True,1.300938,True,True,,0.289900332,1.590838332
65,90,40,500,0,0.5,65_90_40_500_0,aux_gap_half,True,1.300938,True,True,,0.289900332,1.590838332
65,90,40,500,0,0.5,65_90_40_500_0,aux_gap_double,True,1.300938,True,True,,0.289900332,1.590838332
65,90,40,500,1,0.5,65_90_40_500_1,current,True,2.130109,True,True,,0.289755048,2.419864048
65,90,40,500,1,0.5,65_90_40_500_1,smoother_11,True,1.220684,True,True,,1.230192048,2.450876048
65,90,40,500,1,0.5,65_90_40_500_1,smoother_31,True,2.059315,True,True,,0.329744048,2.389059048
65,90,40,500,1,0.5,65_90_40_500_1,accel_gap_half,True,2.130109,True,True,,0.289755048,2.419864048
65,90,40,500,1,0.5,65_90_40_500_1,accel_gap_double,True,2.130109,True,True,,0.289755048,2.419864048
65,90,40,500,1,0.5,65_90_40_500_1,aux_gap_half,True,2.130109,True,True,,0.289755048,2.419864048
65,90,40,500,1,0.5,65_90_40_500_1,aux_gap_double,True,2.130109,True,True,,0.289755048,2.419864048
65,90,40,1000,0,1.0,65_90_40_1000_0,current,True,2.13951,True,True,,0.299033809,2.438543809
65,90,40,1000,0,1.0,65_90_40_1000_0,smoother_11,True,0.7808870000000001,True,False,,1.689615809,2.470502809
65,90,40,1000,0,1.0,65_90_40_1000_0,smoother_31,True,2.069103,True,True,,0.329950809,2.399053809
65,90,40,1000,0,1.0,65_90_40_1000_0,accel_gap_half,True,2.13951,True,True,,0.299033809,2.438543809
65,90,40,1000,0,1.0,65_90_40_1000_0,accel_gap_double,True,2.13951,True,True,,0.299033809,2.438543809
65,90,40,1000,0,1.0,65_90_40_1000_0,aux_gap_half,True,2.13951,True,True,,0.299033809,2.438543809
65,90,40,1000,0,1.0,65_90_40_1000_0,aux_gap_double,True,2.13951,True,True,,0.299033809,2.438543809
65,90,40,1000,1,1.0,65_90_40_1000_1,current,True,2.130866,True,True,,0.309726,2.440592
65,90,40,1000,1,1.0,65_90_40_1000_1,smoother_11,True,0.5706749999999999,True,False,,0.600359,1.171034
65,90,40,1000,1,1.0,65_90_40_1000_1,smoother_31,True,2.059076,True,True,,0.341182,2.400258
65,90,40,1000,1,1.0,65_90_40_1000_1,accel_gap_half,True,2.130866,True,True,,0.309726,2.440592
65,90,40,1000,1,1.0,65_90_40_1000_1,accel_gap_double,True,2.130866,True,True,,0.309726,2.440592
65,90,40,1000,1,1.0,65_90_40_1000_1,aux_gap_half,True,2.130866,True,True,,0.309726,2.440592
65,90,40,1000,1,1.0,65_90_40_1000_1,aux_gap_double,True,2.130866,True,True,,0.309726,2.440592
65,135,40,500,0,0.5,65_135_40_500_0,current,True,2.1206069999999997,True,True,,0.31002021,2.43062721
65,135,40,500,0,0.5,65_135_40_500_0,smoother_11,True,0.5895349999999999,True,False,,1.65042121,2.23995621
65,135,40,500,0,0.5,65_135_40_500_0,smoother_31,True,2.060048,True,True,,0.32938121,2.38942921
65,135,40,500,0,0.5,65_135_40_500_0,accel_gap_half,True,2.1206069999999997,True,True,,0.31002021,2.43062721
65,135,40,500,0,0.5,65_135_40_500_0,accel_gap_double,True,2.1206069999999997,True,True,,0.31002021,2.43062721
65,135,40,500,0,0.5,65_135_40_500_0,aux_gap_half,True,2.1206069999999997,True,True,,0.31002021,2.43062721
65,135,40,500,0,0.5,65_135_40_500_0,aux_gap_double,True,2.1206069999999997,True,True,,0.31002021,2.43062721
65,135,40,500,1,0.5,65_135_40_500_1,current,True,2.1192789999999997,True,True,,0.310521468,2.429800468
65,135,40,500,1,0.5,65_135_40_500_1,smoother_11,True,1.281319,True,True,,0.278806468,1.560125468
65,135,40,500,1,0.5,65_135_40_500_1,smoother_31,True,2.0595849999999998,True,True,,0.340490468,2.400075468
65,135,40,500,1,0.5,65_135_40_500_1,accel_gap_half,True,2.1192789999999997,True,True,,0.310521468,2.429800468
65,135,40,500,1,0.5,65_135_40_500_1,accel_gap_double,True,2.1192789999999997,True,True,,0.310521468,2.429800468
65,135,40,500,1,0.5,65_135_40_500_1,aux_gap_half,True,2.1192789999999997,True,True,,0.310521468,2.429800468
65,135,40,500,1,0.5,65_135_40_500_1,aux_gap_double,True,2.1192789999999997,True,True,,0.310521468,2.429800468
65,135,40,1000,0,1.0,65_135_40_1000_0,current,True,1.400517,True,True,,0.299596,1.700113
65,135,40,1000,0,1.0,65_135_40_1000_0,smoother_11,True,0.46056400000000003,False,False,,0.420194,0.880758
65,135,40,1000,0,1.0,65_135_40_1000_0,smoother_31,True,2.0497889999999996,True,True,,0.339685,2.389474
65,135,40,1000,0,1.0,65_135_40_1000_0,accel_gap_half,True,1.400517,True,True,,0.299596,1.700113
65,135,40,1000,0,1.0,65_135_40_1000_0,accel_gap_double,True,1.400517,True,True,,0.299596,1.700113
65,135,40,1000,0,1.0,65_135_40_1000_0,aux_gap_half,True,1.400517,True,True,,0.299596,1.700113
65,135,40,1000,0,1.0,65_135_40_1000_0,aux_gap_double,True,1.400517,True,True,,0.299596,1.700113
65,135,40,1000,1,1.0,65_135_40_1000_1,current,True,2.110145,True,True,,0.309521287,2.419666287
65,135,40,1000,1,1.0,65_135_40_1000_1,smoother_11,True,0.649197,True,False,,1.800709287,2.449906287
65,135,40,1000,1,1.0,65_135_40_1000_1,smoother_31,True,2.0505139999999997,True,True,,0.340442287,2.390956287
65,135,40,1000,1,1.0,65_135_40_1000_1,accel_gap_half,True,2.110145,True,True,,0.309521287,2.419666287
65,135,40,1000,1,1.0,65_135_40_1000_1,accel_gap_double,True,2.110145,True,True,,0.309521287,2.419666287
65,135,40,1000,1,1.0,65_135_40_1000_1,aux_gap_half,True,2.110145,True,True,,0.309521287,2.419666287
65,135,40,1000,1,1.0,65_135_40_1000_1,aux_gap_double,True,2.110145,True,True,,0.309521287,2.419666287
65,180,40,500,0,0.5,65_180_40_500_0,current,True,1.4884119999999998,True,True,,0.930371,2.418783
65,180,40,500,0,0.5,65_180_40_500_0,smoother_11,True,0.491816,False,False,,0.398847,0.890663
65,180,40,500,0,0.5,65_180_40_500_0,smoother_31,True,2.0689919999999997,True,True,,0.320241,2.389233
65,180,40,500,0,0.5,65_180_40_500_0,accel_gap_half,True,1.4884119999999998,True,True,,0.930371,2.418783
65,180,40,500,0,0.5,65_180_40_500_0,accel_gap_double,True,1.4884119999999998,True,True,,0.930371,2.418783
65,180,40,500,0,0.5,65_180_40_500_0,aux_gap_half,True,1.4884119999999998,True,True,,0.930371,2.418783
65,180,40,500,0,0.5,65_180_40_500_0,aux_gap_double,True,1.4884119999999998,True,True,,0.930371,2.418783
65,180,40,500,1,0.5,65_180_40_500_1,current,True,2.130103,True,True,,0.289547152,2.419650152
65,180,40,500,1,0.5,65_180_40_500_1,smoother_11,True,0.488104,False,False,,0.881227152,1.369331152
65,180,40,500,1,0.5,65_180_40_500_1,smoother_31,True,2.0493370000000004,True,True,,0.330162152,2.379499152
65,180,40,500,1,0.5,65_180_40_500_1,accel_gap_half,True,2.130103,True,True,,0.289547152,2.419650152
65,180,40,500,1,0.5,65_180_40_500_1,accel_gap_double,True,2.130103,True,True,,0.289547152,2.419650152
65,180,40,500,1,0.5,65_180_40_500_1,aux_gap_half,True,2.130103,True,True,,0.289547152,2.419650152
65,180,40,500,1,0.5,65_180_40_500_1,aux_gap_double,True,2.130103,True,True,,0.289547152,2.419650152
65,180,40,1000,0,1.0,65_180_40_1000_0,current,True,1.779897,True,True,,0.640608,2.420505
65,180,40,1000,0,1.0,65_180_40_1000_0,smoother_11,True,0.5406159999999998,True,False,,1.529886,2.070502
65,180,40,1000,0,1.0,65_180_40_1000_0,smoother_31,True,2.080041,True,True,,0.309824,2.389865
65,180,40,1000,0,1.0,65_180_40_1000_0,accel_gap_half,True,1.779897,True,True,,0.640608,2.420505
65,180,40,1000,0,1.0,65_180_40_1000_0,accel_gap_double,True,1.779897,True,True,,0.640608,2.420505
65,180,40,1000,0,1.0,65_180_40_1000_0,aux_gap_half,True,1.779897,True,True,,0.640608,2.420505
65,180,40,1000,0,1.0,65_180_40_1000_0,aux_gap_double,True,1.779897,True,True,,0.640608,2.420505
65,180,40,1000,1,1.0,65_180_40_1000_1,current,True,1.461364,True,True,,0.959552527,2.420916527
65,180,40,1000,1,1.0,65_180_40_1000_1,smoother_11,True,0.6100689999999998,True,False,,1.839610527,2.449679527
65,180,40,1000,1,1.0,65_180_40_1000_1,smoother_31,True,2.061016,True,True,,0.319508527,2.380524527
65,180,40,1000,1,1.0,65_180_40_1000_1,accel_gap_half,True,1.461364,True,True,,0.959552527,2.420916527
65,180,40,1000,1,1.0,65_180_40_1000_1,accel_gap_double,True,1.461364,True,True,,0.959552527,2.420916527
65,180,40,1000,1,1.0,65_180_40_1000_1,aux_gap_half,True,1.461364,True,True,,0.959552527,2.420916527
65,180,40,1000,1,1.0,65_180_40_1000_1,aux_gap_double,True,1.461364,True,True,,0.959552527,2.420916527
65,225,40,500,0,0.5,65_225_40_500_0,current,True,1.560795,True,True,,0.830570413,2.391365413
65,225,40,500,0,0.5,65_225_40_500_0,smoother_11,True,0.541311,True,False,,0.258700413,0.800011413
65,225,40,500,0,0.5,65_225_40_500_0,smoother_31,True,2.050302,True,True,,0.310404413,2.360706413
65,225,40,500,0,0.5,65_225_40_500_0,accel_gap_half,True,1.560795,True,True,,0.830570413,2.391365413
65,225,40,500,0,0.5,65_225_40_500_0,accel_gap_double,True,1.560795,True,True,,0.830570413,2.391365413
65,225,40,500,0,0.5,65_225_40_500_0,aux_gap_half,True,1.560795,True,True,,0.830570413,2.391365413
65,225,40,500,0,0.5,65_225_40_500_0,aux_gap_double,True,1.560795,True,True,,0.830570413,2.391365413
65,225,40,500,1,0.5,65_225_40_500_1,current,True,2.1195449999999996,True,True,,0.300794,2.420339
65,225,40,500,1,0.5,65_225_40_500_1,smoother_11,True,0.871372,True,False,,0.269341,1.140713
65,225,40,500,1,0.5,65_225_40_500_1,smoother_31,True,2.068794,True,True,,0.320783,2.389577
65,225,40,500,1,0.5,65_225_40_500_1,accel_gap_half,True,2.1195449999999996,True,True,,0.300794,2.420339
65,225,40,500,1,0.5,65_225_40_500_1,accel_gap_double,True,2.1195449999999996,True,True,,0.300794,2.420339
65,225,40,500,1,0.5,65_225_40_500_1,aux_gap_half,True,2.1195449999999996,True,True,,0.300794,2.420339
65,225,40,500,1,0.5,65_225_40_500_1,aux_gap_double,True,2.1195449999999996,True,True,,0.300794,2.420339
65,225,40,1000,0,1.0,65_225_40_1000_0,current,True,2.1184269999999996,True,True,,0.291001152,2.409428152
65,225,40,1000,0,1.0,65_225_40_1000_0,smoother_11,True,0.999777,True,False,,0.250146152,1.249923152
65,225,40,1000,0,1.0,65_225_40_1000_0,smoother_31,True,2.0616179999999997,True,True,,0.318962152,2.380580152
65,225,40,1000,0,1.0,65_225_40_1000_0,accel_gap_half,True,2.1184269999999996,True,True,,0.291001152,2.409428152
65,225,40,1000,0,1.0,65_225_40_1000_0,accel_gap_double,True,2.1184269999999996,True,True,,0.291001152,2.409428152
65,225,40,1000,0,1.0,65_225_40_1000_0,aux_gap_half,True,2.1184269999999996,True,True,,0.291001152,2.409428152
65,225,40,1000,0,1.0,65_225_40_1000_0,aux_gap_double,True,2.1184269999999996,True,True,,0.291001152,2.409428152
65,225,40,1000,1,1.0,65_225_40_1000_1,current,True,2.118608,True,True,,0.300467141,2.419075141
65,225,40,1000,1,1.0,65_225_40_1000_1,smoother_11,True,1.161881,True,True,,0.758576141,1.920457141
65,225,40,1000,1,1.0,65_225_40_1000_1,smoother_31,True,2.049938,True,True,,0.329725141,2.379663141
65,225,40,1000,1,1.0,65_225_40_1000_1,accel_gap_half,True,2.118608,True,True,,0.300467141,2.419075141
65,225,40,1000,1,1.0,65_225_40_1000_1,accel_gap_double,True,2.118608,True,True,,0.300467141,2.419075141
65,225,40,1000,1,1.0,65_225_40_1000_1,aux_gap_half,True,2.118608,True,True,,0.300467141,2.419075141
65,225,40,1000,1,1.0,65_225_40_1000_1,aux_gap_double,True,2.118608,True,True,,0.300467141,2.419075141
65,270,40,500,0,0.5,65_270_40_500_0,current,True,1.0492869999999999,True,True,,1.390100014,2.439387014
65,270,40,500,0,0.5,65_270_40_500_0,smoother_11,True,0.968324,True,False,,0.280816014,1.249140014
65,270,40,500,0,0.5,65_270_40_500_0,smoother_31,True,2.070103,True,True,,0.339847014,2.409950014
65,270,40,500,0,0.5,65_270_40_500_0,accel_gap_half,True,1.0492869999999999,True,True,,1.390100014,2.439387014
65,270,40,500,0,0.5,65_270_40_500_0,accel_gap_double,True,1.0492869999999999,True,True,,1.390100014,2.439387014
65,270,40,500,0,0.5,65_270_40_500_0,aux_gap_half,True,1.0492869999999999,True,True,,1.390100014,2.439387014
65,270,40,500,0,0.5,65_270_40_500_0,aux_gap_double,True,1.0492869999999999,True,True,,1.390100014,2.439387014
65,270,40,500,1,0.5,65_270_40_500_1,current,True,1.1999620000000002,True,True,,0.279732,1.479694
65,270,40,500,1,0.5,65_270_40_500_1,smoother_11,True,0.9411699999999998,True,False,,0.499794,1.440964
65,270,40,500,1,0.5,65_270_40_500_1,smoother_31,True,2.0605219999999997,True,True,,0.319596,2.380118
65,270,40,500,1,0.5,65_270_40_500_1,accel_gap_half,True,1.1999620000000002,True,True,,0.279732,1.479694
65,270,40,500,1,0.5,65_270_40_500_1,accel_gap_double,True,1.1999620000000002,True,True,,0.279732,1.479694
65,270,40,500,1,0.5,65_270_40_500_1,aux_gap_half,True,1.1999620000000002,True,True,,0.279732,1.479694
65,270,40,500,1,0.5,65_270_40_500_1,aux_gap_double,True,1.1999620000000002,True,True,,0.279732,1.479694
65,270,40,1000,0,1.0,65_270_40_1000_0,current,True,1.318888,True,True,,1.100662473,2.419550473
65,270,40,1000,0,1.0,65_270_40_1000_0,smoother_11,True,0.8293870000000001,True,False,,1.120013473,1.949400473
65,270,40,1000,0,1.0,65_270_40_1000_0,smoother_31,True,2.069902,True,True,,0.328796473,2.398698473
65,270,40,1000,0,1.0,65_270_40_1000_0,accel_gap_half,True,1.318888,True,True,,1.100662473,2.419550473
65,270,40,1000,0,1.0,65_270_40_1000_0,accel_gap_double,True,1.318888,True,True,,1.100662473,2.419550473
65,270,40,1000,0,1.0,65_270_40_1000_0,aux_gap_half,True,1.318888,True,True,,1.100662473,2.419550473
65,270,40,1000,0,1.0,65_270_40_1000_0,aux_gap_double,True,1.318888,True,True,,1.100662473,2.419550473
65,270,40,1000,1,1.0,65_270_40_1000_1,current,True,1.8902880000000002,True,True,,0.289591231,2.179879231
65,270,40,1000,1,1.0,65_270_40_1000_1,smoother_11,True,0.769107,True,False,,1.391015231,2.160122231
65,270,40,1000,1,1.0,65_270_40_1000_1,smoother_31,True,2.05895,True,True,,0.330174231,2.389124231
65,270,40,1000,1,1.0,65_270_40_1000_1,accel_gap_half,True,1.8902880000000002,True,True,,0.289591231,2.179879231
65,270,40,1000,1,1.0,65_270_40_1000_1,accel_gap_double,True,1.8902880000000002,True,True,,0.289591231,2.179879231
65,270,40,1000,1,1.0,65_270_40_1000_1,aux_gap_half,True,1.8902880000000002,True,True,,0.289591231,2.179879231
65,270,40,1000,1,1.0,65_270_40_1000_1,aux_gap_double,True,1.8902880000000002,True,True,,0.289591231,2.179879231
65,315,40,500,0,0.5,65_315_40_500_0,current,True,2.1304209999999997,True,True,,0.290484,2.420905
65,315,40,500,0,0.5,65_315_40_500_0,smoother_11,True,0.8599860000000001,True,False,,1.539584,2.39957
65,315,40,500,0,0.5,65_315_40_500_0,smoother_31,True,2.049821,True,True,,0.34027,2.390091
65,315,40,500,0,0.5,65_315_40_500_0,accel_gap_half,True,2.1304209999999997,True,True,,0.290484,2.420905
65,315,40,500,0,0.5,65_315_40_500_0,accel_gap_double,True,2.1304209999999997,True,True,,0.290484,2.420905
65,315,40,500,0,0.5,65_315_40_500_0,aux_gap_half,True,2.1304209999999997,True,True,,0.290484,2.420905
65,315,40,500,0,0.5,65_315_40_500_0,aux_gap_double,True,2.1304209999999997,True,True,,0.290484,2.420905
65,315,40,500,1,0.5,65_315_40_500_1,current,True,2.1115139999999997,True,True,,0.308931685,2.420445685
65,315,40,500,1,0.5,65_315_40_500_1,smoother_11,True,0.6005610000000001,True,False,,0.279817685,0.880378685
65,315,40,500,1,0.5,65_315_40_500_1,smoother_31,True,2.0486709999999997,True,True,,0.340486685,2.389157685
65,315,40,500,1,0.5,65_315_40_500_1,accel_gap_half,True,2.1115139999999997,True,True,,0.308931685,2.420445685
65,315,40,500,1,0.5,65_315_40_500_1,accel_gap_double,True,2.1115139999999997,True,True,,0.308931685,2.420445685
65,315,40,500,1,0.5,65_315_40_500_1,aux_gap_half,True,2.1115139999999997,True,True,,0.308931685,2.420445685
65,315,40,500,1,0.5,65_315_40_500_1,aux_gap_double,True,2.1115139999999997,True,True,,0.308931685,2.420445685
65,315,40,1000,0,1.0,65_315_40_1000_0,current,True,2.1010280000000003,True,True,,0.310073469,2.411101469
65,315,40,1000,0,1.0,65_315_40_1000_0,smoother_11,True,1.0611160000000002,True,True,,1.369909469,2.431025469
65,315,40,1000,0,1.0,65_315_40_1000_0,smoother_31,True,2.048882,True,True,,0.341177469,2.390059469
65,315,40,1000,0,1.0,65_315_40_1000_0,accel_gap_half,True,2.1010280000000003,True,True,,0.310073469,2.411101469
65,315,40,1000,0,1.0,65_315_40_1000_0,accel_gap_double,True,2.1010280000000003,True,True,,0.310073469,2.411101469
65,315,40,1000,0,1.0,65_315_40_1000_0,aux_gap_half,True,2.1010280000000003,True,True,,0.310073469,2.411101469
65,315,40,1000,0,1.0,65_315_40_1000_0,aux_gap_double,True,2.1010280000000003,True,True,,0.310073469,2.411101469
65,315,40,1000,1,1.0,65_315_40_1000_1,current,True,2.130928,True,True,,0.280042,2.41097
65,315,40,1000,1,1.0,65_315_40_1000_1,smoother_11,True,0.4898830000000003,False,False,,1.950017,2.4399
65,315,40,1000,1,1.0,65_315_40_1000_1,smoother_31,True,2.059687,True,True,,0.320561,2.380248
65,315,40,1000,1,1.0,65_315_40_1000_1,accel_gap_half,True,2.130928,True,True,,0.280042,2.41097
65,315,40,1000,1,1.0,65_315_40_1000_1,accel_gap_double,True,2.130928,True,True,,0.280042,2.41097
65,315,40,1000,1,1.0,65_315_40_1000_1,aux_gap_half,True,2.130928,True,True,,0.280042,2.41097
65,315,40,1000,1,1.0,65_315_40_1000_1,aux_gap_double,True,2.130928,True,True,,0.280042,2.41097
65,0,60,500,0,0.5,65_0_60_500_0,current,True,1.369996,True,True,,0.319814766,1.689810766
65,0,60,500,0,0.5,65_0_60_500_0,smoother_11,True,0.670672,True,False,,0.509989766,1.180661766
65,0,60,500,0,0.5,65_0_60_500_0,smoother_31,True,1.309942,True,True,,0.349272766,1.659214766
65,0,60,500,0,0.5,65_0_60_500_0,accel_gap_half,True,1.369996,True,True,,0.319814766,1.689810766
65,0,60,500,0,0.5,65_0_60_500_0,accel_gap_double,True,1.369996,True,True,,0.319814766,1.689810766
65,0,60,500,0,0.5,65_0_60_500_0,aux_gap_half,True,1.369996,True,True,,0.319814766,1.689810766
65,0,60,500,0,0.5,65_0_60_500_0,aux_gap_double,True,1.369996,True,True,,0.319814766,1.689810766
65,0,60,500,1,0.5,65_0_60_500_1,current,True,1.350974,True,True,,0.319581042,1.670555042
65,0,60,500,1,0.5,65_0_60_500_1,smoother_11,True,0.40010699999999993,False,False,,0.389858042,0.789965042
65,0,60,500,1,0.5,65_0_60_500_1,smoother_31,True,1.299328,True,True,,0.350448042,1.649776042
65,0,60,500,1,0.5,65_0_60_500_1,accel_gap_half,True,1.350974,True,True,,0.319581042,1.670555042
65,0,60,500,1,0.5,65_0_60_500_1,accel_gap_double,True,1.350974,True,True,,0.319581042,1.670555042
65,0,60,500,1,0.5,65_0_60_500_1,aux_gap_half,True,1.350974,True,True,,0.319581042,1.670555042
65,0,60,500,1,0.5,65_0_60_500_1,aux_gap_double,True,1.350974,True,True,,0.319581042,1.670555042
65,0,60,1000,0,1.0,65_0_60_1000_0,current,True,1.239061,True,True,,0.300141652,1.539202652
65,0,60,1000,0,1.0,65_0_60_1000_0,smoother_11,True,0.9306929999999999,True,False,,0.268927652,1.199620652
65,0,60,1000,0,1.0,65_0_60_1000_0,smoother_31,True,1.3096999999999999,True,True,,0.330526652,1.640226652
65,0,60,1000,0,1.0,65_0_60_1000_0,accel_gap_half,True,1.239061,True,True,,0.300141652,1.539202652
65,0,60,1000,0,1.0,65_0_60_1000_0,accel_gap_double,True,1.239061,True,True,,0.300141652,1.539202652
65,0,60,1000,0,1.0,65_0_60_1000_0,aux_gap_half,True,1.239061,True,True,,0.300141652,1.539202652
65,0,60,1000,0,1.0,65_0_60_1000_0,aux_gap_double,True,1.239061,True,True,,0.300141652,1.539202652
65,0,60,1000,1,1.0,65_0_60_1000_1,current,True,1.3607019999999999,True,True,,0.299344,1.660046
65,0,60,1000,1,1.0,65_0_60_1000_1,smoother_11,True,0.990589,True,False,,0.699907,1.690496
65,0,60,1000,1,1.0,65_0_60_1000_1,smoother_31,True,1.301301,True,True,,0.328888,1.630189
65,0,60,1000,1,1.0,65_0_60_1000_1,accel_gap_half,True,1.3607019999999999,True,True,,0.299344,1.660046
65,0,60,1000,1,1.0,65_0_60_1000_1,accel_gap_double,True,1.3607019999999999,True,True,,0.299344,1.660046
65,0,60,1000,1,1.0,65_0_60_1000_1,aux_gap_half,True,1.3607019999999999,True,True,,0.299344,1.660046
65,0,60,1000,1,1.0,65_0_60_1000_1,aux_gap_double,True,1.3607019999999999,True,True,,0.299344,1.660046
65,45,60,500,0,0.5,65_45_60_500_0,current,True,1.371283,True,True,,0.28999,1.661273
65,45,60,500,0,0.5,65_45_60_500_0,smoother_11,True,0.7509459999999999,True,False,,0.339423,1.090369
65,45,60,500,0,0.5,65_45_60_500_0,smoother_31,True,1.309714,True,True,,0.320086,1.6298
65,45,60,500,0,0.5,65_45_60_500_0,accel_gap_half,True,1.371283,True,True,,0.28999,1.661273
65,45,60,500,0,0.5,65_45_60_500_0,accel_gap_double,True,1.371283,True,True,,0.28999,1.661273
65,45,60,500,0,0.5,65_45_60_500_0,aux_gap_half,True,1.371283,True,True,,0.28999,1.661273
65,45,60,500,0,0.5,65_45_60_500_0,aux_gap_double,True,1.371283,True,True,,0.28999,1.661273
65,45,60,500,1,0.5,65_45_60_500_1,current,True,1.37916,True,True,,0.290003846,1.669163846
65,45,60,500,1,0.5,65_45_60_500_1,smoother_11,True,0.4800500000000001,False,False,,0.969517846,1.449567846
65,45,60,500,1,0.5,65_45_60_500_1,smoother_31,True,1.3097020000000001,True,True,,0.330162846,1.639864846
65,45,60,500,1,0.5,65_45_60_500_1,accel_gap_half,True,1.37916,True,True,,0.290003846,1.669163846
65,45,60,500,1,0.5,65_45_60_500_1,accel_gap_double,True,1.37916,True,True,,0.290003846,1.669163846
65,45,60,500,1,0.5,65_45_60_500_1,aux_gap_half,True,1.37916,True,True,,0.290003846,1.669163846
65,45,60,500,1,0.5,65_45_60_500_1,aux_gap_double,True,1.37916,True,True,,0.290003846,1.669163846
65,45,60,1000,0,1.0,65_45_60_1000_0,current,True,1.359315,True,True,,0.310451799,1.669766799
65,45,60,1000,0,1.0,65_45_60_1000_0,smoother_11,True,0.47152800000000006,False,False,,0.279630799,0.751158799
65,45,60,1000,0,1.0,65_45_60_1000_0,smoother_31,True,1.29951,True,True,,0.340831799,1.640341799
65,45,60,1000,0,1.0,65_45_60_1000_0,accel_gap_half,True,1.359315,True,True,,0.310451799,1.669766799
65,45,60,1000,0,1.0,65_45_60_1000_0,accel_gap_double,True,1.359315,True,True,,0.310451799,1.669766799
65,45,60,1000,0,1.0,65_45_60_1000_0,aux_gap_half,True,1.359315,True,True,,0.310451799,1.669766799
65,45,60,1000,0,1.0,65_45_60_1000_0,aux_gap_double,True,1.359315,True,True,,0.310451799,1.669766799
65,45,60,1000,1,1.0,65_45_60_1000_1,current,True,1.341734,True,True,,0.308986,1.65072
65,45,60,1000,1,1.0,65_45_60_1000_1,smoother_11,True,0.49842699999999995,False,False,,1.061009,1.559436
65,45,60,1000,1,1.0,65_45_60_1000_1,smoother_31,True,1.2795919999999998,True,True,,0.33044,1.610032
65,45,60,1000,1,1.0,65_45_60_1000_1,accel_gap_half,True,1.341734,True,True,,0.308986,1.65072
65,45,60,1000,1,1.0,65_45_60_1000_1,accel_gap_double,True,1.341734,True,True,,0.308986,1.65072
65,45,60,1000,1,1.0,65_45_60_1000_1,aux_gap_half,True,1.341734,True,True,,0.308986,1.65072
65,45,60,1000,1,1.0,65_45_60_1000_1,aux_gap_double,True,1.341734,True,True,,0.308986,1.65072
65,90,60,500,0,0.5,65_90_60_500_0,current,True,0.899606,True,False,,0.709807,1.609413
65,90,60,500,0,0.5,65_90_60_500_0,smoother_11,True,0.4496959999999999,False,False,,1.159717,1.609413
65,90,60,500,0,0.5,65_90_60_500_0,smoother_31,True,1.2901989999999999,True,True,,0.329628,1.619827
65,90,60,500,0,0.5,65_90_60_500_0,accel_gap_half,True,0.899606,True,False,,0.709807,1.609413
65,90,60,500,0,0.5,65_90_60_500_0,accel_gap_double,True,0.899606,True,False,,0.709807,1.609413
65,90,60,500,0,0.5,65_90_60_500_0,aux_gap_half,True,0.899606,True,False,,0.709807,1.609413
65,90,60,500,0,0.5,65_90_60_500_0,aux_gap_double,True,0.899606,True,False,,0.709807,1.609413
65,90,60,500,1,0.5,65_90_60_500_1,current,True,1.321674,True,True,,0.368987,1.690661
65,90,60,500,1,0.5,65_90_60_500_1,smoother_11,True,0.6887460000000001,True,False,,0.490367,1.179113
65,90,60,500,1,0.5,65_90_60_500_1,smoother_31,True,1.3091840000000001,True,True,,0.349775,1.658959
65,90,60,500,1,0.5,65_90_60_500_1,accel_gap_half,True,1.321674,True,True,,0.368987,1.690661
65,90,60,500,1,0.5,65_90_60_500_1,accel_gap_double,True,1.321674,True,True,,0.368987,1.690661
65,90,60,500,1,0.5,65_90_60_500_1,aux_gap_half,True,1.321674,True,True,,0.368987,1.690661
65,90,60,500,1,0.5,65_90_60_500_1,aux_gap_double,True,1.321674,True,True,,0.368987,1.690661
65,90,60,1000,0,1.0,65_90_60_1000_0,current,True,1.371443,True,True,,0.318616607,1.690059607
65,90,60,1000,0,1.0,65_90_60_1000_0,smoother_11,True,0.8213729999999999,True,False,,0.289302607,1.110675607
65,90,60,1000,0,1.0,65_90_60_1000_0,smoother_31,True,1.310737,True,True,,0.348956607,1.659693607
65,90,60,1000,0,1.0,65_90_60_1000_0,accel_gap_half,True,1.371443,True,True,,0.318616607,1.690059607
65,90,60,1000,0,1.0,65_90_60_1000_0,accel_gap_double,True,1.371443,True,True,,0.318616607,1.690059607
65,90,60,1000,0,1.0,65_90_60_1000_0,aux_gap_half,True,1.371443,True,True,,0.318616607,1.690059607
65,90,60,1000,0,1.0,65_90_60_1000_0,aux_gap_double,True,1.371443,True,True,,0.318616607,1.690059607
65,90,60,1000,1,1.0,65_90_60_1000_1,current,True,1.3504289999999999,True,True,,0.320324,1.670753
65,90,60,1000,1,1.0,65_90_60_1000_1,smoother_11,True,0.25872799999999985,False,False,,1.441194,1.699922
65,90,60,1000,1,1.0,65_90_60_1000_1,smoother_31,True,1.299611,True,True,,0.351093,1.650704
65,90,60,1000,1,1.0,65_90_60_1000_1,accel_gap_half,True,1.3504289999999999,True,True,,0.320324,1.670753
65,90,60,1000,1,1.0,65_90_60_1000_1,accel_gap_double,True,1.3504289999999999,True,True,,0.320324,1.670753
65,90,60,1000,1,1.0,65_90_60_1000_1,aux_gap_half,True,1.3504289999999999,True,True,,0.320324,1.670753
65,90,60,1000,1,1.0,65_90_60_1000_1,aux_gap_double,True,1.3504289999999999,True,True,,0.320324,1.670753
65,135,60,500,0,0.5,65_135_60_500_0,current,True,1.349891,True,True,,0.319256,1.669147
65,135,60,500,0,0.5,65_135_60_500_0,smoother_11,True,0.4694229999999999,False,False,,1.199724,1.669147
65,135,60,500,0,0.5,65_135_60_500_0,smoother_31,True,1.2991000000000001,True,True,,0.340456,1.639556
65,135,60,500,0,0.5,65_135_60_500_0,accel_gap_half,True,1.349891,True,True,,0.319256,1.669147
65,135,60,500,0,0.5,65_135_60_500_0,accel_gap_double,True,1.349891,True,True,,0.319256,1.669147
65,135,60,500,0,0.5,65_135_60_500_0,aux_gap_half,True,1.349891,True,True,,0.319256,1.669147
65,135,60,500,0,0.5,65_135_60_500_0,aux_gap_double,True,1.349891,True,True,,0.319256,1.669147
65,135,60,500,1,0.5,65_135_60_500_1,current,True,1.381006,True,True,,0.309639046,1.690645046
65,135,60,500,1,0.5,65_135_60_500_1,smoother_11,True,0.340357,False,False,,0.280202046,0.620559046
65,135,60,500,1,0.5,65_135_60_500_1,smoother_31,True,1.310009,True,True,,0.339844046,1.649853046
65,135,60,500,1,0.5,65_135_60_500_1,accel_gap_half,True,1.381006,True,True,,0.309639046,1.690645046
65,135,60,500,1,0.5,65_135_60_500_1,accel_gap_double,True,1.381006,True,True,,0.309639046,1.690645046
65,135,60,500,1,0.5,65_135_60_500_1,aux_gap_half,True,1.381006,True,True,,0.309639046,1.690645046
65,135,60,500,1,0.5,65_135_60_500_1,aux_gap_double,True,1.381006,True,True,,0.309639046,1.690645046
65,135,60,1000,0,1.0,65_135_60_1000_0,current,True,1.351162,True,True,,0.329379715,1.680541715
65,135,60,1000,0,1.0,65_135_60_1000_0,smoother_11,True,0.6996370000000001,True,False,,0.710365715,1.410002715
65,135,60,1000,0,1.0,65_135_60_1000_0,smoother_31,True,1.299509,True,True,,0.350886715,1.650395715
65,135,60,1000,0,1.0,65_135_60_1000_0,accel_gap_half,True,1.351162,True,True,,0.329379715,1.680541715
65,135,60,1000,0,1.0,65_135_60_1000_0,accel_gap_double,True,1.351162,True,True,,0.329379715,1.680541715
65,135,60,1000,0,1.0,65_135_60_1000_0,aux_gap_half,True,1.351162,True,True,,0.329379715,1.680541715
65,135,60,1000,0,1.0,65_135_60_1000_0,aux_gap_double,True,1.351162,True,True,,0.329379715,1.680541715
65,135,60,1000,1,1.0,65_135_60_1000_1,current,True,1.360041,True,True,,0.320379,1.68042
65,135,60,1000,1,1.0,65_135_60_1000_1,smoother_11,True,0.499952,False,False,,0.280364,0.780316
65,135,60,1000,1,1.0,65_135_60_1000_1,smoother_31,True,1.3104010000000001,True,True,,0.349989,1.66039
65,135,60,1000,1,1.0,65_135_60_1000_1,accel_gap_half,True,1.360041,True,True,,0.320379,1.68042
65,135,60,1000,1,1.0,65_135_60_1000_1,accel_gap_double,True,1.360041,True,True,,0.320379,1.68042
65,135,60,1000,1,1.0,65_135_60_1000_1,aux_gap_half,True,1.360041,True,True,,0.320379,1.68042
65,135,60,1000,1,1.0,65_135_60_1000_1,aux_gap_double,True,1.360041,True,True,,0.320379,1.68042
65,180,60,500,0,0.5,65_180_60_500_0,current,True,0.9100840000000001,True,False,,0.299955,1.210039
65,180,60,500,0,0.5,65_180_60_500_0,smoother_11,True,0.53797,True,False,,0.640929,1.178899
65,180,60,500,0,0.5,65_180_60_500_0,smoother_31,True,1.311085,True,True,,0.319731,1.630816
65,180,60,500,0,0.5,65_180_60_500_0,accel_gap_half,True,0.9100840000000001,True,False,,0.299955,1.210039
65,180,60,500,0,0.5,65_180_60_500_0,accel_gap_double,True,0.9100840000000001,True,False,,0.299955,1.210039
65,180,60,500,0,0.5,65_180_60_500_0,aux_gap_half,True,0.9100840000000001,True,False,,0.299955,1.210039
65,180,60,500,0,0.5,65_180_60_500_0,aux_gap_double,True,0.9100840000000001,True,False,,0.299955,1.210039
65,180,60,500,1,0.5,65_180_60_500_1,current,True,1.360756,True,True,,0.309763,1.670519
65,180,60,500,1,0.5,65_180_60_500_1,smoother_11,True,0.980186,True,False,,0.509687,1.489873
65,180,60,500,1,0.5,65_180_60_500_1,smoother_31,True,1.30959,True,True,,0.330236,1.639826
65,180,60,500,1,0.5,65_180_60_500_1,accel_gap_half,True,1.360756,True,True,,0.309763,1.670519
65,180,60,500,1,0.5,65_180_60_500_1,accel_gap_double,True,1.360756,True,True,,0.309763,1.670519
65,180,60,500,1,0.5,65_180_60_500_1,aux_gap_half,True,1.360756,True,True,,0.309763,1.670519
65,180,60,500,1,0.5,65_180_60_500_1,aux_gap_double,True,1.360756,True,True,,0.309763,1.670519
65,180,60,1000,0,1.0,65_180_60_1000_0,current,True,1.360548,True,True,,0.300292,1.66084
65,180,60,1000,0,1.0,65_180_60_1000_0,smoother_11,True,0.629699,True,False,,0.949117,1.578816
65,180,60,1000,0,1.0,65_180_60_1000_0,smoother_31,True,1.29005,True,True,,0.32965,1.6197
65,180,60,1000,0,1.0,65_180_60_1000_0,accel_gap_half,True,1.360548,True,True,,0.300292,1.66084
65,180,60,1000,0,1.0,65_180_60_1000_0,accel_gap_double,True,1.360548,True,True,,0.300292,1.66084
65,180,60,1000,0,1.0,65_180_60_1000_0,aux_gap_half,True,1.360548,True,True,,0.300292,1.66084
65,180,60,1000,0,1.0,65_180_60_1000_0,aux_gap_double,True,1.360548,True,True,,0.300292,1.66084
65,180,60,1000,1,1.0,65_180_60_1000_1,current,True,1.360284,True,True,,0.309563,1.669847
65,180,60,1000,1,1.0,65_180_60_1000_1,smoother_11,True,0.5285519999999999,True,False,,1.130254,1.658806
65,180,60,1000,1,1.0,65_180_60_1000_1,smoother_31,True,1.29884,True,True,,0.340327,1.639167
65,180,60,1000,1,1.0,65_180_60_1000_1,accel_gap_half,True,1.360284,True,True,,0.309563,1.669847
65,180,60,1000,1,1.0,65_180_60_1000_1,accel_gap_double,True,1.360284,True,True,,0.309563,1.669847
65,180,60,1000,1,1.0,65_180_60_1000_1,aux_gap_half,True,1.360284,True,True,,0.309563,1.669847
65,180,60,1000,1,1.0,65_180_60_1000_1,aux_gap_double,True,1.360284,True,True,,0.309563,1.669847
65,225,60,500,0,0.5,65_225_60_500_0,current,True,1.3710879999999999,True,True,,0.290072223,1.661160223
65,225,60,500,0,0.5,65_225_60_500_0,smoother_11,True,1.1625040000000002,True,True,,0.528844223,1.691348223
65,225,60,500,0,0.5,65_225_60_500_0,smoother_31,True,1.28838,True,True,,0.341177223,1.629557223
65,225,60,500,0,0.5,65_225_60_500_0,accel_gap_half,True,1.3710879999999999,True,True,,0.290072223,1.661160223
65,225,60,500,0,0.5,65_225_60_500_0,accel_gap_double,True,1.3710879999999999,True,True,,0.290072223,1.661160223
65,225,60,500,0,0.5,65_225_60_500_0,aux_gap_half,True,1.3710879999999999,True,True,,0.290072223,1.661160223
65,225,60,500,0,0.5,65_225_60_500_0,aux_gap_double,True,1.3710879999999999,True,True,,0.290072223,1.661160223
65,225,60,500,1,0.5,65_225_60_500_1,current,True,1.34966,True,True,,0.300703,1.650363
65,225,60,500,1,0.5,65_225_60_500_1,smoother_11,True,0.790268,True,False,,0.280217,1.070485
65,225,60,500,1,0.5,65_225_60_500_1,smoother_31,True,1.2995130000000001,True,True,,0.33012,1.629633
65,225,60,500,1,0.5,65_225_60_500_1,accel_gap_half,True,1.34966,True,True,,0.300703,1.650363
65,225,60,500,1,0.5,65_225_60_500_1,accel_gap_double,True,1.34966,True,True,,0.300703,1.650363
65,225,60,500,1,0.5,65_225_60_500_1,aux_gap_half,True,1.34966,True,True,,0.300703,1.650363
65,225,60,500,1,0.5,65_225_60_500_1,aux_gap_double,True,1.34966,True,True,,0.300703,1.650363
65,225,60,1000,0,1.0,65_225_60_1000_0,current,True,1.370034,True,True,,0.309087,1.679121
65,225,60,1000,0,1.0,65_225_60_1000_0,smoother_11,True,1.150472,True,True,,0.269684,1.420156
65,225,60,1000,0,1.0,65_225_60_1000_0,smoother_31,True,1.279868,True,True,,0.35021,1.630078
65,225,60,1000,0,1.0,65_225_60_1000_0,accel_gap_half,True,1.370034,True,True,,0.309087,1.679121
65,225,60,1000,0,1.0,65_225_60_1000_0,accel_gap_double,True,1.370034,True,True,,0.309087,1.679121
65,225,60,1000,0,1.0,65_225_60_1000_0,aux_gap_half,True,1.370034,True,True,,0.309087,1.679121
65,225,60,1000,0,1.0,65_225_60_1000_0,aux_gap_double,True,1.370034,True,True,,0.309087,1.679121
65,225,60,1000,1,1.0,65_225_60_1000_1,current,True,1.369611,True,True,,0.320131095,1.689742095
65,225,60,1000,1,1.0,65_225_60_1000_1,smoother_11,True,1.130821,True,True,,0.580014095,1.710835095
65,225,60,1000,1,1.0,65_225_60_1000_1,smoother_31,True,1.309266,True,True,,0.350535095,1.659801095
65,225,60,1000,1,1.0,65_225_60_1000_1,accel_gap_half,True,1.369611,True,True,,0.320131095,1.689742095
65,225,60,1000,1,1.0,65_225_60_1000_1,accel_gap_double,True,1.369611,True,True,,0.320131095,1.689742095
65,225,60,1000,1,1.0,65_225_60_1000_1,aux_gap_half,True,1.369611,True,True,,0.320131095,1.689742095
65,225,60,1000,1,1.0,65_225_60_1000_1,aux_gap_double,True,1.369611,True,True,,0.320131095,1.689742095
65,270,60,500,0,0.5,65_270_60_500_0,current,True,1.390503,True,True,,0.290482725,1.680985725
65,270,60,500,0,0.5,65_270_60_500_0,smoother_11,True,0.5604179999999999,True,False,,0.909219725,1.469637725
65,270,60,500,0,0.5,65_270_60_500_0,smoother_31,True,1.309881,True,True,,0.340163725,1.650044725
65,270,60,500,0,0.5,65_270_60_500_0,accel_gap_half,True,1.390503,True,True,,0.290482725,1.680985725
65,270,60,500,0,0.5,65_270_60_500_0,accel_gap_double,True,1.390503,True,True,,0.290482725,1.680985725
65,270,60,500,0,0.5,65_270_60_500_0,aux_gap_half,True,1.390503,True,True,,0.290482725,1.680985725
65,270,60,500,0,0.5,65_270_60_500_0,aux_gap_double,True,1.390503,True,True,,0.290482725,1.680985725
65,270,60,500,1,0.5,65_270_60_500_1,current,True,1.271588,True,True,,0.389464,1.661052
65,270,60,500,1,0.5,65_270_60_500_1,smoother_11,True,0.18015199999999998,False,False,,0.569889,0.750041
65,270,60,500,1,0.5,65_270_60_500_1,smoother_31,True,1.270903,True,True,,0.36012,1.631023
65,270,60,500,1,0.5,65_270_60_500_1,accel_gap_half,True,1.271588,True,True,,0.389464,1.661052
65,270,60,500,1,0.5,65_270_60_500_1,accel_gap_double,True,1.271588,True,True,,0.389464,1.661052
65,270,60,500,1,0.5,65_270_60_500_1,aux_gap_half,True,1.271588,True,True,,0.389464,1.661052
65,270,60,500,1,0.5,65_270_60_500_1,aux_gap_double,True,1.271588,True,True,,0.389464,1.661052
65,270,60,1000,0,1.0,65_270_60_1000_0,current,True,1.2597429999999998,True,True,,0.40067687,1.66041987
65,270,60,1000,0,1.0,65_270_60_1000_0,smoother_11,True,0.25187399999999993,False,False,,0.79888187,1.05075587
65,270,60,1000,0,1.0,65_270_60_1000_0,smoother_31,True,1.280804,True,True,,0.35961087,1.64041487
65,270,60,1000,0,1.0,65_270_60_1000_0,accel_gap_half,True,1.2597429999999998,True,True,,0.40067687,1.66041987
65,270,60,1000,0,1.0,65_270_60_1000_0,accel_gap_double,True,1.2597429999999998,True,True,,0.40067687,1.66041987
65,270,60,1000,0,1.0,65_270_60_1000_0,aux_gap_half,True,1.2597429999999998,True,True,,0.40067687,1.66041987
65,270,60,1000,0,1.0,65_270_60_1000_0,aux_gap_double,True,1.2597429999999998,True,True,,0.40067687,1.66041987
65,270,60,1000,1,1.0,65_270_60_1000_1,current,True,1.381147,True,True,,0.299135343,1.680282343
65,270,60,1000,1,1.0,65_270_60_1000_1,smoother_11,True,0.348919,False,False,,0.980960343,1.329879343
65,270,60,1000,1,1.0,65_270_60_1000_1,smoother_31,True,1.310213,True,True,,0.340079343,1.650292343
65,270,60,1000,1,1.0,65_270_60_1000_1,accel_gap_half,True,1.381147,True,True,,0.299135343,1.680282343
65,270,60,1000,1,1.0,65_270_60_1000_1,accel_gap_double,True,1.381147,True,True,,0.299135343,1.680282343
65,270,60,1000,1,1.0,65_270_60_1000_1,aux_gap_half,True,1.381147,True,True,,0.299135343,1.680282343
65,270,60,1000,1,1.0,65_270_60_1000_1,aux_gap_double,True,1.381147,True,True,,0.299135343,1.680282343
65,315,60,500,0,0.5,65_315_60_500_0,current,True,1.3612790000000001,True,True,,0.310064424,1.671343424
65,315,60,500,0,0.5,65_315_60_500_0,smoother_11,True,0.869019,True,False,,0.821455424,1.690474424
65,315,60,500,0,0.5,65_315_60_500_0,smoother_31,True,1.30918,True,True,,0.330519424,1.639699424
65,315,60,500,0,0.5,65_315_60_500_0,accel_gap_half,True,1.3612790000000001,True,True,,0.310064424,1.671343424
65,315,60,500,0,0.5,65_315_60_500_0,accel_gap_double,True,1.3612790000000001,True,True,,0.310064424,1.671343424
65,315,60,500,0,0.5,65_315_60_500_0,aux_gap_half,True,1.3612790000000001,True,True,,0.310064424,1.671343424
65,315,60,500,0,0.5,65_315_60_500_0,aux_gap_double,True,1.3612790000000001,True,True,,0.310064424,1.671343424
65,315,60,500,1,0.5,65_315_60_500_1,current,True,1.350406,True,True,,0.308696988,1.659102988
65,315,60,500,1,0.5,65_315_60_500_1,smoother_11,True,0.9488150000000001,True,False,,0.630279988,1.579094988
65,315,60,500,1,0.5,65_315_60_500_1,smoother_31,True,1.300561,True,True,,0.339783988,1.640344988
65,315,60,500,1,0.5,65_315_60_500_1,accel_gap_half,True,1.350406,True,True,,0.308696988,1.659102988
65,315,60,500,1,0.5,65_315_60_500_1,accel_gap_double,True,1.350406,True,True,,0.308696988,1.659102988
65,315,60,500,1,0.5,65_315_60_500_1,aux_gap_half,True,1.350406,True,True,,0.308696988,1.659102988
65,315,60,500,1,0.5,65_315_60_500_1,aux_gap_double,True,1.350406,True,True,,0.308696988,1.659102988
65,315,60,1000,0,1.0,65_315_60_1000_0,current,True,1.3696920000000001,True,True,,0.310169,1.679861
65,315,60,1000,0,1.0,65_315_60_1000_0,smoother_11,True,1.419757,True,True,,0.280859,1.700616
65,315,60,1000,0,1.0,65_315_60_1000_0,smoother_31,True,1.308797,True,True,,0.340504,1.649301
65,315,60,1000,0,1.0,65_315_60_1000_0,accel_gap_half,True,1.3696920000000001,True,True,,0.310169,1.679861
65,315,60,1000,0,1.0,65_315_60_1000_0,accel_gap_double,True,1.3696920000000001,True,True,,0.310169,1.679861
65,315,60,1000,0,1.0,65_315_60_1000_0,aux_gap_half,True,1.3696920000000001,True,True,,0.310169,1.679861
65,315,60,1000,0,1.0,65_315_60_1000_0,aux_gap_double,True,1.3696920000000001,True,True,,0.310169,1.679861
65,315,60,1000,1,1.0,65_315_60_1000_1,current,True,1.169639,True,True,,0.500762387,1.670401387
65,315,60,1000,1,1.0,65_315_60_1000_1,smoother_11,True,0.610668,True,False,,1.079312387,1.689980387
65,315,60,1000,1,1.0,65_315_60_1000_1,smoother_31,True,1.319806,True,True,,0.320895387,1.640701387
65,315,60,1000,1,1.0,65_315_60_1000_1,accel_gap_half,True,1.169639,True,True,,0.500762387,1.670401387
65,315,60,1000,1,1.0,65_315_60_1000_1,accel_gap_double,True,1.169639,True,True,,0.500762387,1.670401387
65,315,60,1000,1,1.0,65_315_60_1000_1,aux_gap_half,True,1.169639,True,True,,0.500762387,1.670401387
65,315,60,1000,1,1.0,65_315_60_1000_1,aux_gap_double,True,1.169639,True,True,,0.500762387,1.670401387
74,0,20,500,0,0.5,74_0_20_500_0,current,True,4.410057999999999,True,True,,0.280724,4.690782
74,0,20,500,0,0.5,74_0_20_500_0,smoother_11,True,1.0598619999999999,True,True,,2.939716,3.999578
74,0,20,500,0,0.5,74_0_20_500_0,smoother_31,True,4.330394999999999,True,True,,0.329303,4.659698
74,0,20,500,0,0.5,74_0_20_500_0,accel_gap_half,True,4.410057999999999,True,True,,0.280724,4.690782
74,0,20,500,0,0.5,74_0_20_500_0,accel_gap_double,True,4.410057999999999,True,True,,0.280724,4.690782
74,0,20,500,0,0.5,74_0_20_500_0,aux_gap_half,True,4.410057999999999,True,True,,0.280724,4.690782
74,0,20,500,0,0.5,74_0_20_500_0,aux_gap_double,True,4.410057999999999,True,True,,0.280724,4.690782
74,0,20,500,1,0.5,74_0_20_500_1,current,True,4.299068,True,True,,0.4002,4.699268
74,0,20,500,1,0.5,74_0_20_500_1,smoother_11,True,0.5215049999999999,True,False,,3.959317,4.480822
74,0,20,500,1,0.5,74_0_20_500_1,smoother_31,True,4.340483,True,True,,0.32956,4.670043
74,0,20,500,1,0.5,74_0_20_500_1,accel_gap_half,True,4.299068,True,True,,0.4002,4.699268
74,0,20,500,1,0.5,74_0_20_500_1,accel_gap_double,True,4.299068,True,True,,0.4002,4.699268
74,0,20,500,1,0.5,74_0_20_500_1,aux_gap_half,True,4.299068,True,True,,0.4002,4.699268
74,0,20,500,1,0.5,74_0_20_500_1,aux_gap_double,True,4.299068,True,True,,0.4002,4.699268
74,0,20,1000,0,1.0,74_0_20_1000_0,current,True,3.1390219999999998,True,True,,0.300525111,3.439547111
74,0,20,1000,0,1.0,74_0_20_1000_0,smoother_11,True,0.5493260000000002,True,False,,2.430961111,2.980287111
74,0,20,1000,0,1.0,74_0_20_1000_0,smoother_31,True,4.348999,True,True,,0.320326111,4.669325111
74,0,20,1000,0,1.0,74_0_20_1000_0,accel_gap_half,True,3.1390219999999998,True,True,,0.300525111,3.439547111
74,0,20,1000,0,1.0,74_0_20_1000_0,accel_gap_double,True,3.1390219999999998,True,True,,0.300525111,3.439547111
74,0,20,1000,0,1.0,74_0_20_1000_0,aux_gap_half,True,3.1390219999999998,True,True,,0.300525111,3.439547111
74,0,20,1000,0,1.0,74_0_20_1000_0,aux_gap_double,True,3.1390219999999998,True,True,,0.300525111,3.439547111
74,0,20,1000,1,1.0,74_0_20_1000_1,current,True,3.1485239999999997,True,True,,1.55092,4.699444
74,0,20,1000,1,1.0,74_0_20_1000_1,smoother_11,True,1.3796510000000004,True,True,,3.33954,4.719191
74,0,20,1000,1,1.0,74_0_20_1000_1,smoother_31,True,4.348562,True,True,,0.320086,4.668648
74,0,20,1000,1,1.0,74_0_20_1000_1,accel_gap_half,True,3.1485239999999997,True,True,,1.55092,4.699444
74,0,20,1000,1,1.0,74_0_20_1000_1,accel_gap_double,True,3.1485239999999997,True,True,,1.55092,4.699444
74,0,20,1000,1,1.0,74_0_20_1000_1,aux_gap_half,True,3.1485239999999997,True,True,,1.55092,4.699444
74,0,20,1000,1,1.0,74_0_20_1000_1,aux_gap_double,True,3.1485239999999997,True,True,,1.55092,4.699444
74,45,20,500,0,0.5,74_45_20_500_0,current,True,3.5087509999999993,True,True,,1.160550468,4.669301468
74,45,20,500,0,0.5,74_45_20_500_0,smoother_11,True,1.1987109999999999,True,True,,1.380344468,2.579055468
74,45,20,500,0,0.5,74_45_20_500_0,smoother_31,True,4.298544,True,True,,0.340693468,4.639237468
74,45,20,500,0,0.5,74_45_20_500_0,accel_gap_half,True,3.5087509999999993,True,True,,1.160550468,4.669301468
74,45,20,500,0,0.5,74_45_20_500_0,accel_gap_double,True,3.5087509999999993,True,True,,1.160550468,4.669301468
74,45,20,500,0,0.5,74_45_20_500_0,aux_gap_half,True,3.5087509999999993,True,True,,1.160550468,4.669301468
74,45,20,500,0,0.5,74_45_20_500_0,aux_gap_double,True,3.5087509999999993,True,True,,1.160550468,4.669301468
74,45,20,500,1,0.5,74_45_20_500_1,current,True,3.110034,True,True,,0.299839,3.409873
74,45,20,500,1,0.5,74_45_20_500_1,smoother_11,True,0.8909630000000002,True,False,,3.478657,4.36962
74,45,20,500,1,0.5,74_45_20_500_1,smoother_31,True,4.309817000000001,True,True,,0.328962,4.638779
74,45,20,500,1,0.5,74_45_20_500_1,accel_gap_half,True,3.110034,True,True,,0.299839,3.409873
74,45,20,500,1,0.5,74_45_20_500_1,accel_gap_double,True,3.110034,True,True,,0.299839,3.409873
74,45,20,500,1,0.5,74_45_20_500_1,aux_gap_half,True,3.110034,True,True,,0.299839,3.409873
74,45,20,500,1,0.5,74_45_20_500_1,aux_gap_double,True,3.110034,True,True,,0.299839,3.409873
74,45,20,1000,0,1.0,74_45_20_1000_0,current,True,3.300733,True,True,,1.369899,4.670632
74,45,20,1000,0,1.0,74_45_20_1000_0,smoother_11,True,0.9913420000000004,True,False,,3.669402,4.660744
74,45,20,1000,0,1.0,74_45_20_1000_0,smoother_31,True,4.309168,True,True,,0.329815,4.638983
74,45,20,1000,0,1.0,74_45_20_1000_0,accel_gap_half,True,3.300733,True,True,,1.369899,4.670632
74,45,20,1000,0,1.0,74_45_20_1000_0,accel_gap_double,True,3.300733,True,True,,1.369899,4.670632
74,45,20,1000,0,1.0,74_45_20_1000_0,aux_gap_half,True,3.300733,True,True,,1.369899,4.670632
74,45,20,1000,0,1.0,74_45_20_1000_0,aux_gap_double,True,3.300733,True,True,,1.369899,4.670632
74,45,20,1000,1,1.0,74_45_20_1000_1,current,True,4.36891,True,True,,0.300566336,4.669476336
74,45,20,1000,1,1.0,74_45_20_1000_1,smoother_11,True,1.329786,True,True,,2.599651336,3.929437336
74,45,20,1000,1,1.0,74_45_20_1000_1,smoother_31,True,4.319278,True,True,,0.321139336,4.640417336
74,45,20,1000,1,1.0,74_45_20_1000_1,accel_gap_half,True,4.36891,True,True,,0.300566336,4.669476336
74,45,20,1000,1,1.0,74_45_20_1000_1,accel_gap_double,True,4.36891,True,True,,0.300566336,4.669476336
74,45,20,1000,1,1.0,74_45_20_1000_1,aux_gap_half,True,4.36891,True,True,,0.300566336,4.669476336
74,45,20,1000,1,1.0,74_45_20_1000_1,aux_gap_double,True,4.36891,True,True,,0.300566336,4.669476336
74,90,20,500,0,0.5,74_90_20_500_0,current,True,4.409985,True,True,,0.270729,4.680714
74,90,20,500,0,0.5,74_90_20_500_0,smoother_11,True,1.3791849999999997,True,True,,2.739904,4.119089
74,90,20,500,0,0.5,74_90_20_500_0,smoother_31,True,4.339368,True,True,,0.300396,4.639764
74,90,20,500,0,0.5,74_90_20_500_0,accel_gap_half,True,4.409985,True,True,,0.270729,4.680714
74,90,20,500,0,0.5,74_90_20_500_0,accel_gap_double,True,4.409985,True,True,,0.270729,4.680714
74,90,20,500,0,0.5,74_90_20_500_0,aux_gap_half,True,4.409985,True,True,,0.270729,4.680714
74,90,20,500,0,0.5,74_90_20_500_0,aux_gap_double,True,4.409985,True,True,,0.270729,4.680714
74,90,20,500,1,0.5,74_90_20_500_1,current,True,2.919121,True,True,,0.300345724,3.219466724
74,90,20,500,1,0.5,74_90_20_500_1,smoother_11,True,0.759649,True,False,,2.311116724,3.070765724
74,90,20,500,1,0.5,74_90_20_500_1,smoother_31,True,4.3502849999999995,True,True,,0.318822724,4.669107724
74,90,20,500,1,0.5,74_90_20_500_1,accel_gap_half,True,2.919121,True,True,,0.300345724,3.219466724
74,90,20,500,1,0.5,74_90_20_500_1,accel_gap_double,True,2.919121,True,True,,0.300345724,3.219466724
74,90,20,500,1,0.5,74_90_20_500_1,aux_gap_half,True,2.919121,True,True,,0.300345724,3.219466724
74,90,20,500,1,0.5,74_90_20_500_1,aux_gap_double,True,2.919121,True,True,,0.300345724,3.219466724
74,90,20,1000,0,1.0,74_90_20_1000_0,current,True,2.47203,True,True,,0.279087831,2.751117831
74,90,20,1000,0,1.0,74_90_20_1000_0,smoother_11,True,1.0805179999999999,True,True,,0.599927831,1.680445831
74,90,20,1000,0,1.0,74_90_20_1000_0,smoother_31,True,4.358754,True,True,,0.300565831,4.659319831
74,90,20,1000,0,1.0,74_90_20_1000_0,accel_gap_half,True,2.47203,True,True,,0.279087831,2.751117831
74,90,20,1000,0,1.0,74_90_20_1000_0,accel_gap_double,True,2.47203,True,True,,0.279087831,2.751117831
74,90,20,1000,0,1.0,74_90_20_1000_0,aux_gap_half,True,2.47203,True,True,,0.279087831,2.751117831
74,90,20,1000,0,1.0,74_90_20_1000_0,aux_gap_double,True,2.47203,True,True,,0.279087831,2.751117831
74,90,20,1000,1,1.0,74_90_20_1000_1,current,True,3.2503059999999997,True,True,,0.280378858,3.530684858
74,90,20,1000,1,1.0,74_90_20_1000_1,smoother_11,True,0.8602120000000002,True,False,,2.620495858,3.480707858
74,90,20,1000,1,1.0,74_90_20_1000_1,smoother_31,True,4.32974,True,True,,0.320720858,4.650460858
74,90,20,1000,1,1.0,74_90_20_1000_1,accel_gap_half,True,3.2503059999999997,True,True,,0.280378858,3.530684858
74,90,20,1000,1,1.0,74_90_20_1000_1,accel_gap_double,True,3.2503059999999997,True,True,,0.280378858,3.530684858
74,90,20,1000,1,1.0,74_90_20_1000_1,aux_gap_half,True,3.2503059999999997,True,True,,0.280378858,3.530684858
74,90,20,1000,1,1.0,74_90_20_1000_1,aux_gap_double,True,3.2503059999999997,True,True,,0.280378858,3.530684858
74,135,20,500,0,0.5,74_135_20_500_0,current,True,4.389111,True,True,,0.299852,4.688963
74,135,20,500,0,0.5,74_135_20_500_0,smoother_11,True,0.9389530000000001,True,False,,3.129744,4.068697
74,135,20,500,0,0.5,74_135_20_500_0,smoother_31,True,4.330501,True,True,,0.329622,4.660123
74,135,20,500,0,0.5,74_135_20_500_0,accel_gap_half,True,4.389111,True,True,,0.299852,4.688963
74,135,20,500,0,0.5,74_135_20_500_0,accel_gap_double,True,4.389111,True,True,,0.299852,4.688963
74,135,20,500,0,0.5,74_135_20_500_0,aux_gap_half,True,4.389111,True,True,,0.299852,4.688963
74,135,20,500,0,0.5,74_135_20_500_0,aux_gap_double,True,4.389111,True,True,,0.299852,4.688963
74,135,20,500,1,0.5,74_135_20_500_1,current,True,2.6911380000000005,True,True,,1.989409305,4.680547305
74,135,20,500,1,0.5,74_135_20_500_1,smoother_11,True,0.680706,True,False,,1.259792305,1.940498305
74,135,20,500,1,0.5,74_135_20_500_1,smoother_31,True,4.30889,True,True,,0.340387305,4.649277305
74,135,20,500,1,0.5,74_135_20_500_1,accel_gap_half,True,2.6911380000000005,True,True,,1.989409305,4.680547305
74,135,20,500,1,0.5,74_135_20_500_1,accel_gap_double,True,2.6911380000000005,True,True,,1.989409305,4.680547305
74,135,20,500,1,0.5,74_135_20_500_1,aux_gap_half,True,2.6911380000000005,True,True,,1.989409305,4.680547305
74,135,20,500,1,0.5,74_135_20_500_1,aux_gap_double,True,2.6911380000000005,True,True,,1.989409305,4.680547305
74,135,20,1000,0,1.0,74_135_20_1000_0,current,True,4.390409,True,True,,0.300028597,4.690437597
74,135,20,1000,0,1.0,74_135_20_1000_0,smoother_11,True,0.8303230000000001,True,False,,1.380758597,2.211081597
74,135,20,1000,0,1.0,74_135_20_1000_0,smoother_31,True,4.330278,True,True,,0.329266597,4.659544597
74,135,20,1000,0,1.0,74_135_20_1000_0,accel_gap_half,True,4.390409,True,True,,0.300028597,4.690437597
74,135,20,1000,0,1.0,74_135_20_1000_0,accel_gap_double,True,4.390409,True,True,,0.300028597,4.690437597
74,135,20,1000,0,1.0,74_135_20_1000_0,aux_gap_half,True,4.390409,True,True,,0.300028597,4.690437597
74,135,20,1000,0,1.0,74_135_20_1000_0,aux_gap_double,True,4.390409,True,True,,0.300028597,4.690437597
74,135,20,1000,1,1.0,74_135_20_1000_1,current,True,3.9810289999999995,True,True,,0.709599615,4.690628615
74,135,20,1000,1,1.0,74_135_20_1000_1,smoother_11,True,1.6495389999999999,True,True,,2.850453615,4.499992615
74,135,20,1000,1,1.0,74_135_20_1000_1,smoother_31,True,4.329448999999999,True,True,,0.319750615,4.649199615
74,135,20,1000,1,1.0,74_135_20_1000_1,accel_gap_half,True,3.9810289999999995,True,True,,0.709599615,4.690628615
74,135,20,1000,1,1.0,74_135_20_1000_1,accel_gap_double,True,3.9810289999999995,True,True,,0.709599615,4.690628615
74,135,20,1000,1,1.0,74_135_20_1000_1,aux_gap_half,True,3.9810289999999995,True,True,,0.709599615,4.690628615
74,135,20,1000,1,1.0,74_135_20_1000_1,aux_gap_double,True,3.9810289999999995,True,True,,0.709599615,4.690628615
74,180,20,500,0,0.5,74_180_20_500_0,current,True,4.121795,True,True,,0.579049,4.700844
74,180,20,500,0,0.5,74_180_20_500_0,smoother_11,True,0.8385549999999999,True,False,,2.181236,3.019791
74,180,20,500,0,0.5,74_180_20_500_0,smoother_31,True,4.3606929999999995,True,True,,0.309656,4.670349
74,180,20,500,0,0.5,74_180_20_500_0,accel_gap_half,True,4.121795,True,True,,0.579049,4.700844
74,180,20,500,0,0.5,74_180_20_500_0,accel_gap_double,True,4.121795,True,True,,0.579049,4.700844
74,180,20,500,0,0.5,74_180_20_500_0,aux_gap_half,True,4.121795,True,True,,0.579049,4.700844
74,180,20,500,0,0.5,74_180_20_500_0,aux_gap_double,True,4.121795,True,True,,0.579049,4.700844
74,180,20,500,1,0.5,74_180_20_500_1,current,True,4.407853,True,True,,0.301095384,4.708948384
74,180,20,500,1,0.5,74_180_20_500_1,smoother_11,True,0.9704969999999999,True,False,,1.309915384,2.280412384
74,180,20,500,1,0.5,74_180_20_500_1,smoother_31,True,4.400613,True,True,,0.329351384,4.729964384
74,180,20,500,1,0.5,74_180_20_500_1,accel_gap_half,True,4.407853,True,True,,0.301095384,4.708948384
74,180,20,500,1,0.5,74_180_20_500_1,accel_gap_double,True,4.407853,True,True,,0.301095384,4.708948384
74,180,20,500,1,0.5,74_180_20_500_1,aux_gap_half,True,4.407853,True,True,,0.301095384,4.708948384
74,180,20,500,1,0.5,74_180_20_500_1,aux_gap_double,True,4.407853,True,True,,0.301095384,4.708948384
74,180,20,1000,0,1.0,74_180_20_1000_0,current,True,3.7297839999999995,True,True,,0.300073835,4.029857835
74,180,20,1000,0,1.0,74_180_20_1000_0,smoother_11,True,0.5200009999999999,True,False,,0.819858835,1.339859835
74,180,20,1000,0,1.0,74_180_20_1000_0,smoother_31,True,4.350042,True,True,,0.330859835,4.680901835
74,180,20,1000,0,1.0,74_180_20_1000_0,accel_gap_half,True,3.7297839999999995,True,True,,0.300073835,4.029857835
74,180,20,1000,0,1.0,74_180_20_1000_0,accel_gap_double,True,3.7297839999999995,True,True,,0.300073835,4.029857835
74,180,20,1000,0,1.0,74_180_20_1000_0,aux_gap_half,True,3.7297839999999995,True,True,,0.300073835,4.029857835
74,180,20,1000,0,1.0,74_180_20_1000_0,aux_gap_double,True,3.7297839999999995,True,True,,0.300073835,4.029857835
74,180,20,1000,1,1.0,74_180_20_1000_1,current,True,2.4892000000000003,True,True,,2.220675,4.709875
74,180,20,1000,1,1.0,74_180_20_1000_1,smoother_11,True,0.7094270000000003,True,False,,2.20957,2.918997
74,180,20,1000,1,1.0,74_180_20_1000_1,smoother_31,True,4.340011,True,True,,0.32901,4.669021
74,180,20,1000,1,1.0,74_180_20_1000_1,accel_gap_half,True,2.4892000000000003,True,True,,2.220675,4.709875
74,180,20,1000,1,1.0,74_180_20_1000_1,accel_gap_double,True,2.4892000000000003,True,True,,2.220675,4.709875
74,180,20,1000,1,1.0,74_180_20_1000_1,aux_gap_half,True,2.4892000000000003,True,True,,2.220675,4.709875
74,180,20,1000,1,1.0,74_180_20_1000_1,aux_gap_double,True,2.4892000000000003,True,True,,2.220675,4.709875
74,225,20,500,0,0.5,74_225_20_500_0,current,True,2.5290019999999998,True,True,,1.290499,3.819501
74,225,20,500,0,0.5,74_225_20_500_0,smoother_11,True,0.8288200000000003,True,False,,3.871156,4.699976
74,225,20,500,0,0.5,74_225_20_500_0,smoother_31,True,4.310527,True,True,,0.330087,4.640614
74,225,20,500,0,0.5,74_225_20_500_0,accel_gap_half,True,2.5290019999999998,True,True,,1.290499,3.819501
74,225,20,500,0,0.5,74_225_20_500_0,accel_gap_double,True,2.5290019999999998,True,True,,1.290499,3.819501
74,225,20,500,0,0.5,74_225_20_500_0,aux_gap_half,True,2.5290019999999998,True,True,,1.290499,3.819501
74,225,20,500,0,0.5,74_225_20_500_0,aux_gap_double,True,2.5290019999999998,True,True,,1.290499,3.819501
74,225,20,500,1,0.5,74_225_20_500_1,current,True,4.389190999999999,True,True,,0.28967028,4.67886128
74,225,20,500,1,0.5,74_225_20_500_1,smoother_11,True,1.8487460000000002,True,True,,2.30080828,4.14955428
74,225,20,500,1,0.5,74_225_20_500_1,smoother_31,True,4.320201,True,True,,0.32026328,4.64046428
74,225,20,500,1,0.5,74_225_20_500_1,accel_gap_half,True,4.389190999999999,True,True,,0.28967028,4.67886128
74,225,20,500,1,0.5,74_225_20_500_1,accel_gap_double,True,4.389190999999999,True,True,,0.28967028,4.67886128
74,225,20,500,1,0.5,74_225_20_500_1,aux_gap_half,True,4.389190999999999,True,True,,0.28967028,4.67886128
74,225,20,500,1,0.5,74_225_20_500_1,aux_gap_double,True,4.389190999999999,True,True,,0.28967028,4.67886128
74,225,20,1000,0,1.0,74_225_20_1000_0,current,True,4.389303,True,True,,0.300654,4.689957
74,225,20,1000,0,1.0,74_225_20_1000_0,smoother_11,True,1.360608,True,True,,0.269335,1.629943
74,225,20,1000,0,1.0,74_225_20_1000_0,smoother_31,True,4.32036,True,True,,0.329134,4.649494
74,225,20,1000,0,1.0,74_225_20_1000_0,accel_gap_half,True,4.389303,True,True,,0.300654,4.689957
74,225,20,1000,0,1.0,74_225_20_1000_0,accel_gap_double,True,4.389303,True,True,,0.300654,4.689957
74,225,20,1000,0,1.0,74_225_20_1000_0,aux_gap_half,True,4.389303,True,True,,0.300654,4.689957
74,225,20,1000,0,1.0,74_225_20_1000_0,aux_gap_double,True,4.389303,True,True,,0.300654,4.689957
74,225,20,1000,1,1.0,74_225_20_1000_1,current,True,4.081064,True,True,,0.579308,4.660372
74,225,20,1000,1,1.0,74_225_20_1000_1,smoother_11,True,0.9596299999999998,True,False,,3.220396,4.180026
74,225,20,1000,1,1.0,74_225_20_1000_1,smoother_31,True,4.309441,True,True,,0.320061,4.629502
74,225,20,1000,1,1.0,74_225_20_1000_1,accel_gap_half,True,4.081064,True,True,,0.579308,4.660372
74,225,20,1000,1,1.0,74_225_20_1000_1,accel_gap_double,True,4.081064,True,True,,0.579308,4.660372
74,225,20,1000,1,1.0,74_225_20_1000_1,aux_gap_half,True,4.081064,True,True,,0.579308,4.660372
74,225,20,1000,1,1.0,74_225_20_1000_1,aux_gap_double,True,4.081064,True,True,,0.579308,4.660372
74,270,20,500,0,0.5,74_270_20_500_0,current,True,4.400259,True,True,,0.299213,4.699472
74,270,20,500,0,0.5,74_270_20_500_0,smoother_11,True,0.9386760000000001,True,False,,3.800497,4.739173
74,270,20,500,0,0.5,74_270_20_500_0,smoother_31,True,4.330584,True,True,,0.329918,4.660502
74,270,20,500,0,0.5,74_270_20_500_0,accel_gap_half,True,4.400259,True,True,,0.299213,4.699472
74,270,20,500,0,0.5,74_270_20_500_0,accel_gap_double,True,4.400259,True,True,,0.299213,4.699472
74,270,20,500,0,0.5,74_270_20_500_0,aux_gap_half,True,4.400259,True,True,,0.299213,4.699472
74,270,20,500,0,0.5,74_270_20_500_0,aux_gap_double,True,4.400259,True,True,,0.299213,4.699472
74,270,20,500,1,0.5,74_270_20_500_1,current,True,3.469476,True,True,,1.229467,4.698943
74,270,20,500,1,0.5,74_270_20_500_1,smoother_11,True,0.588619,True,False,,2.210396,2.799015
74,270,20,500,1,0.5,74_270_20_500_1,smoother_31,True,4.35165,True,True,,0.319699,4.671349
74,270,20,500,1,0.5,74_270_20_500_1,accel_gap_half,True,3.469476,True,True,,1.229467,4.698943
74,270,20,500,1,0.5,74_270_20_500_1,accel_gap_double,True,3.469476,True,True,,1.229467,4.698943
74,270,20,500,1,0.5,74_270_20_500_1,aux_gap_half,True,3.469476,True,True,,1.229467,4.698943
74,270,20,500,1,0.5,74_270_20_500_1,aux_gap_double,True,3.469476,True,True,,1.229467,4.698943
74,270,20,1000,0,1.0,74_270_20_1000_0,current,True,4.4106689999999995,True,True,,0.290438627,4.701107627
74,270,20,1000,0,1.0,74_270_20_1000_0,smoother_11,True,1.0797279999999998,True,True,,2.880427627,3.960155627
74,270,20,1000,0,1.0,74_270_20_1000_0,smoother_31,True,4.350494,True,True,,0.318868627,4.669362627
74,270,20,1000,0,1.0,74_270_20_1000_0,accel_gap_half,True,4.4106689999999995,True,True,,0.290438627,4.701107627
74,270,20,1000,0,1.0,74_270_20_1000_0,accel_gap_double,True,4.4106689999999995,True,True,,0.290438627,4.701107627
74,270,20,1000,0,1.0,74_270_20_1000_0,aux_gap_half,True,4.4106689999999995,True,True,,0.290438627,4.701107627
74,270,20,1000,0,1.0,74_270_20_1000_0,aux_gap_double,True,4.4106689999999995,True,True,,0.290438627,4.701107627
74,270,20,1000,1,1.0,74_270_20_1000_1,current,True,3.090368,True,True,,0.279554,3.369922
74,270,20,1000,1,1.0,74_270_20_1000_1,smoother_11,True,0.850015,True,False,,2.519907,3.369922
74,270,20,1000,1,1.0,74_270_20_1000_1,smoother_31,True,4.351901,True,True,,0.308777,4.660678
74,270,20,1000,1,1.0,74_270_20_1000_1,accel_gap_half,True,3.090368,True,True,,0.279554,3.369922
74,270,20,1000,1,1.0,74_270_20_1000_1,accel_gap_double,True,3.090368,True,True,,0.279554,3.369922
74,270,20,1000,1,1.0,74_270_20_1000_1,aux_gap_half,True,3.090368,True,True,,0.279554,3.369922
74,270,20,1000,1,1.0,74_270_20_1000_1,aux_gap_double,True,3.090368,True,True,,0.279554,3.369922
74,315,20,500,0,0.5,74_315_20_500_0,current,True,1.728227,True,True,,0.280913414,2.009140414
74,315,20,500,0,0.5,74_315_20_500_0,smoother_11,True,0.488982,False,False,,2.860069414,3.349051414
74,315,20,500,0,0.5,74_315_20_500_0,smoother_31,True,4.330172,True,True,,0.310328414,4.640500414
74,315,20,500,0,0.5,74_315_20_500_0,accel_gap_half,True,1.728227,True,True,,0.280913414,2.009140414
74,315,20,500,0,0.5,74_315_20_500_0,accel_gap_double,True,1.728227,True,True,,0.280913414,2.009140414
74,315,20,500,0,0.5,74_315_20_500_0,aux_gap_half,True,1.728227,True,True,,0.280913414,2.009140414
74,315,20,500,0,0.5,74_315_20_500_0,aux_gap_double,True,1.728227,True,True,,0.280913414,2.009140414
74,315,20,500,1,0.5,74_315_20_500_1,current,True,4.379282,True,True,,0.290046,4.669328
74,315,20,500,1,0.5,74_315_20_500_1,smoother_11,True,0.8407239999999998,True,False,,2.218766,3.05949
74,315,20,500,1,0.5,74_315_20_500_1,smoother_31,True,4.320906,True,True,,0.319932,4.640838
74,315,20,500,1,0.5,74_315_20_500_1,accel_gap_half,True,4.379282,True,True,,0.290046,4.669328
74,315,20,500,1,0.5,74_315_20_500_1,accel_gap_double,True,4.379282,True,True,,0.290046,4.669328
74,315,20,500,1,0.5,74_315_20_500_1,aux_gap_half,True,4.379282,True,True,,0.290046,4.669328
74,315,20,500,1,0.5,74_315_20_500_1,aux_gap_double,True,4.379282,True,True,,0.290046,4.669328
74,315,20,1000,0,1.0,74_315_20_1000_0,current,True,4.379848,True,True,,0.288997541,4.668845541
74,315,20,1000,0,1.0,74_315_20_1000_0,smoother_11,True,1.0800729999999998,True,True,,1.440384541,2.520457541
74,315,20,1000,0,1.0,74_315_20_1000_0,smoother_31,True,4.311587,True,True,,0.319118541,4.630705541
74,315,20,1000,0,1.0,74_315_20_1000_0,accel_gap_half,True,4.379848,True,True,,0.288997541,4.668845541
74,315,20,1000,0,1.0,74_315_20_1000_0,accel_gap_double,True,4.379848,True,True,,0.288997541,4.668845541
74,315,20,1000,0,1.0,74_315_20_1000_0,aux_gap_half,True,4.379848,True,True,,0.288997541,4.668845541
74,315,20,1000,0,1.0,74_315_20_1000_0,aux_gap_double,True,4.379848,True,True,,0.288997541,4.668845541
74,315,20,1000,1,1.0,74_315_20_1000_1,current,True,4.379949,True,True,,0.290729,4.670678
74,315,20,1000,1,1.0,74_315_20_1000_1,smoother_11,True,1.2406149999999998,True,True,,1.329693,2.570308
74,315,20,1000,1,1.0,74_315_20_1000_1,smoother_31,True,4.320735,True,True,,0.319707,4.640442
74,315,20,1000,1,1.0,74_315_20_1000_1,accel_gap_half,True,4.379949,True,True,,0.290729,4.670678
74,315,20,1000,1,1.0,74_315_20_1000_1,accel_gap_double,True,4.379949,True,True,,0.290729,4.670678
74,315,20,1000,1,1.0,74_315_20_1000_1,aux_gap_half,True,4.379949,True,True,,0.290729,4.670678
74,315,20,1000,1,1.0,74_315_20_1000_1,aux_gap_double,True,4.379949,True,True,,0.290729,4.670678
74,0,40,500,0,0.5,74_0_40_500_0,current,True,2.1203499999999997,True,True,,0.28945298,2.40980298
74,0,40,500,0,0.5,74_0_40_500_0,smoother_11,True,1.43953,True,True,,0.50991198,1.94944198
74,0,40,500,0,0.5,74_0_40_500_0,smoother_31,True,2.061254,True,True,,0.31874798,2.38000198
74,0,40,500,0,0.5,74_0_40_500_0,accel_gap_half,True,2.1203499999999997,True,True,,0.28945298,2.40980298
74,0,40,500,0,0.5,74_0_40_500_0,accel_gap_double,True,2.1203499999999997,True,True,,0.28945298,2.40980298
74,0,40,500,0,0.5,74_0_40_500_0,aux_gap_half,True,2.1203499999999997,True,True,,0.28945298,2.40980298
74,0,40,500,0,0.5,74_0_40_500_0,aux_gap_double,True,2.1203499999999997,True,True,,0.28945298,2.40980298
74,0,40,500,1,0.5,74_0_40_500_1,current,True,2.130479,True,True,,0.289773281,2.420252281
74,0,40,500,1,0.5,74_0_40_500_1,smoother_11,True,0.34144399999999986,False,False,,1.118669281,1.460113281
74,0,40,500,1,0.5,74_0_40_500_1,smoother_31,True,2.061595,True,True,,0.329117281,2.390712281
74,0,40,500,1,0.5,74_0_40_500_1,accel_gap_half,True,2.130479,True,True,,0.289773281,2.420252281
74,0,40,500,1,0.5,74_0_40_500_1,accel_gap_double,True,2.130479,True,True,,0.289773281,2.420252281
74,0,40,500,1,0.5,74_0_40_500_1,aux_gap_half,True,2.130479,True,True,,0.289773281,2.420252281
74,0,40,500,1,0.5,74_0_40_500_1,aux_gap_double,True,2.130479,True,True,,0.289773281,2.420252281
74,0,40,1000,0,1.0,74_0_40_1000_0,current,True,1.468826,True,True,,0.950311231,2.419137231
74,0,40,1000,0,1.0,74_0_40_1000_0,smoother_11,True,0.5898160000000001,True,False,,1.860549231,2.450365231
74,0,40,1000,0,1.0,74_0_40_1000_0,smoother_31,True,2.059467,True,True,,0.320064231,2.379531231
74,0,40,1000,0,1.0,74_0_40_1000_0,accel_gap_half,True,1.468826,True,True,,0.950311231,2.419137231
74,0,40,1000,0,1.0,74_0_40_1000_0,accel_gap_double,True,1.468826,True,True,,0.950311231,2.419137231
74,0,40,1000,0,1.0,74_0_40_1000_0,aux_gap_half,True,1.468826,True,True,,0.950311231,2.419137231
74,0,40,1000,0,1.0,74_0_40_1000_0,aux_gap_double,True,1.468826,True,True,,0.950311231,2.419137231
74,0,40,1000,1,1.0,74_0_40_1000_1,current,True,1.899104,True,True,,0.510329731,2.409433731
74,0,40,1000,1,1.0,74_0_40_1000_1,smoother_11,True,0.9716650000000001,True,False,,0.939176731,1.910841731
74,0,40,1000,1,1.0,74_0_40_1000_1,smoother_31,True,2.060313,True,True,,0.319588731,2.379901731
74,0,40,1000,1,1.0,74_0_40_1000_1,accel_gap_half,True,1.899104,True,True,,0.510329731,2.409433731
74,0,40,1000,1,1.0,74_0_40_1000_1,accel_gap_double,True,1.899104,True,True,,0.510329731,2.409433731
74,0,40,1000,1,1.0,74_0_40_1000_1,aux_gap_half,True,1.899104,True,True,,0.510329731,2.409433731
74,0,40,1000,1,1.0,74_0_40_1000_1,aux_gap_double,True,1.899104,True,True,,0.510329731,2.409433731
74,45,40,500,0,0.5,74_45_40_500_0,current,True,2.121111,True,True,,0.309418,2.430529
74,45,40,500,0,0.5,74_45_40_500_0,smoother_11,True,0.969293,True,False,,0.279647,1.24894
74,45,40,500,0,0.5,74_45_40_500_0,smoother_31,True,2.048971,True,True,,0.3408,2.389771
74,45,40,500,0,0.5,74_45_40_500_0,accel_gap_half,True,2.121111,True,True,,0.309418,2.430529
74,45,40,500,0,0.5,74_45_40_500_0,accel_gap_double,True,2.121111,True,True,,0.309418,2.430529
74,45,40,500,0,0.5,74_45_40_500_0,aux_gap_half,True,2.121111,True,True,,0.309418,2.430529
74,45,40,500,0,0.5,74_45_40_500_0,aux_gap_double,True,2.121111,True,True,,0.309418,2.430529
74,45,40,500,1,0.5,74_45_40_500_1,current,True,2.120161,True,True,,0.310663786,2.430824786
74,45,40,500,1,0.5,74_45_40_500_1,smoother_11,True,0.8203099999999999,True,False,,1.639456786,2.459766786
74,45,40,500,1,0.5,74_45_40_500_1,smoother_31,True,2.070229,True,True,,0.339123786,2.409352786
74,45,40,500,1,0.5,74_45_40_500_1,accel_gap_half,True,2.120161,True,True,,0.310663786,2.430824786
74,45,40,500,1,0.5,74_45_40_500_1,accel_gap_double,True,2.120161,True,True,,0.310663786,2.430824786
74,45,40,500,1,0.5,74_45_40_500_1,aux_gap_half,True,2.120161,True,True,,0.310663786,2.430824786
74,45,40,500,1,0.5,74_45_40_500_1,aux_gap_double,True,2.120161,True,True,,0.310663786,2.430824786
74,45,40,1000,0,1.0,74_45_40_1000_0,current,True,2.189934,True,True,,0.31108,2.501014
74,45,40,1000,0,1.0,74_45_40_1000_0,smoother_11,True,1.379692,True,True,,0.280211,1.659903
74,45,40,1000,0,1.0,74_45_40_1000_0,smoother_31,True,2.161571,True,True,,0.339443,2.501014
74,45,40,1000,0,1.0,74_45_40_1000_0,accel_gap_half,True,2.189934,True,True,,0.31108,2.501014
74,45,40,1000,0,1.0,74_45_40_1000_0,accel_gap_double,True,2.189934,True,True,,0.31108,2.501014
74,45,40,1000,0,1.0,74_45_40_1000_0,aux_gap_half,True,2.189934,True,True,,0.31108,2.501014
74,45,40,1000,0,1.0,74_45_40_1000_0,aux_gap_double,True,2.189934,True,True,,0.31108,2.501014
74,45,40,1000,1,1.0,74_45_40_1000_1,current,True,2.089421,True,True,,0.321453,2.410874
74,45,40,1000,1,1.0,74_45_40_1000_1,smoother_11,True,0.480874,False,False,,0.380138,0.861012
74,45,40,1000,1,1.0,74_45_40_1000_1,smoother_31,True,2.039873,True,True,,0.34982,2.389693
74,45,40,1000,1,1.0,74_45_40_1000_1,accel_gap_half,True,2.089421,True,True,,0.321453,2.410874
74,45,40,1000,1,1.0,74_45_40_1000_1,accel_gap_double,True,2.089421,True,True,,0.321453,2.410874
74,45,40,1000,1,1.0,74_45_40_1000_1,aux_gap_half,True,2.089421,True,True,,0.321453,2.410874
74,45,40,1000,1,1.0,74_45_40_1000_1,aux_gap_double,True,2.089421,True,True,,0.321453,2.410874
74,90,40,500,0,0.5,74_90_40_500_0,current,True,2.1095219999999997,True,True,,0.310637616,2.420159616
74,90,40,500,0,0.5,74_90_40_500_0,smoother_11,True,1.1307450000000001,True,True,,1.320170616,2.450915616
74,90,40,500,0,0.5,74_90_40_500_0,smoother_31,True,2.05028,True,True,,0.339701616,2.389981616
74,90,40,500,0,0.5,74_90_40_500_0,accel_gap_half,True,2.1095219999999997,True,True,,0.310637616,2.420159616
74,90,40,500,0,0.5,74_90_40_500_0,accel_gap_double,True,2.1095219999999997,True,True,,0.310637616,2.420159616
74,90,40,500,0,0.5,74_90_40_500_0,aux_gap_half,True,2.1095219999999997,True,True,,0.310637616,2.420159616
74,90,40,500,0,0.5,74_90_40_500_0,aux_gap_double,True,2.1095219999999997,True,True,,0.310637616,2.420159616
74,90,40,500,1,0.5,74_90_40_500_1,current,True,2.121347,True,True,,0.289594233,2.410941233
74,90,40,500,1,0.5,74_90_40_500_1,smoother_11,True,0.8302769999999999,True,False,,1.619761233,2.450038233
74,90,40,500,1,0.5,74_90_40_500_1,smoother_31,True,2.05082,True,True,,0.328861233,2.379681233
74,90,40,500,1,0.5,74_90_40_500_1,accel_gap_half,True,2.121347,True,True,,0.289594233,2.410941233
74,90,40,500,1,0.5,74_90_40_500_1,accel_gap_double,True,2.121347,True,True,,0.289594233,2.410941233
74,90,40,500,1,0.5,74_90_40_500_1,aux_gap_half,True,2.121347,True,True,,0.289594233,2.410941233
74,90,40,500,1,0.5,74_90_40_500_1,aux_gap_double,True,2.121347,True,True,,0.289594233,2.410941233
74,90,40,1000,0,1.0,74_90_40_1000_0,current,True,2.1295740000000003,True,True,,0.30886765,2.43844165
74,90,40,1000,0,1.0,74_90_40_1000_0,smoother_11,True,1.030484,True,True,,0.65884165,1.68932565
74,90,40,1000,0,1.0,74_90_40_1000_0,smoother_31,True,2.069175,True,True,,0.33967865,2.40885365
74,90,40,1000,0,1.0,74_90_40_1000_0,accel_gap_half,True,2.1295740000000003,True,True,,0.30886765,2.43844165
74,90,40,1000,0,1.0,74_90_40_1000_0,accel_gap_double,True,2.1295740000000003,True,True,,0.30886765,2.43844165
74,90,40,1000,0,1.0,74_90_40_1000_0,aux_gap_half,True,2.1295740000000003,True,True,,0.30886765,2.43844165
74,90,40,1000,0,1.0,74_90_40_1000_0,aux_gap_double,True,2.1295740000000003,True,True,,0.30886765,2.43844165
74,90,40,1000,1,1.0,74_90_40_1000_1,current,True,1.867991,True,True,,0.311084298,2.179075298
74,90,40,1000,1,1.0,74_90_40_1000_1,smoother_11,True,0.42886100000000016,False,False,,1.250209298,1.679070298
74,90,40,1000,1,1.0,74_90_40_1000_1,smoother_31,True,2.060997,True,True,,0.349121298,2.410118298
74,90,40,1000,1,1.0,74_90_40_1000_1,accel_gap_half,True,1.867991,True,True,,0.311084298,2.179075298
74,90,40,1000,1,1.0,74_90_40_1000_1,accel_gap_double,True,1.867991,True,True,,0.311084298,2.179075298
74,90,40,1000,1,1.0,74_90_40_1000_1,aux_gap_half,True,1.867991,True,True,,0.311084298,2.179075298
74,90,40,1000,1,1.0,74_90_40_1000_1,aux_gap_double,True,1.867991,True,True,,0.311084298,2.179075298
74,135,40,500,0,0.5,74_135_40_500_0,current,True,2.1187519999999997,True,True,,0.300978,2.41973
74,135,40,500,0,0.5,74_135_40_500_0,smoother_11,True,2.071866,True,True,,0.379137,2.451003
74,135,40,500,0,0.5,74_135_40_500_0,smoother_31,True,2.049092,True,True,,0.34038,2.389472
74,135,40,500,0,0.5,74_135_40_500_0,accel_gap_half,True,2.1187519999999997,True,True,,0.300978,2.41973
74,135,40,500,0,0.5,74_135_40_500_0,accel_gap_double,True,2.1187519999999997,True,True,,0.300978,2.41973
74,135,40,500,0,0.5,74_135_40_500_0,aux_gap_half,True,2.1187519999999997,True,True,,0.300978,2.41973
74,135,40,500,0,0.5,74_135_40_500_0,aux_gap_double,True,2.1187519999999997,True,True,,0.300978,2.41973
74,135,40,500,1,0.5,74_135_40_500_1,current,True,2.118985,True,True,,0.290287412,2.409272412
74,135,40,500,1,0.5,74_135_40_500_1,smoother_11,True,1.177975,True,True,,0.581303412,1.759278412
74,135,40,500,1,0.5,74_135_40_500_1,smoother_31,True,2.0707690000000003,True,True,,0.319908412,2.390677412
74,135,40,500,1,0.5,74_135_40_500_1,accel_gap_half,True,2.118985,True,True,,0.290287412,2.409272412
74,135,40,500,1,0.5,74_135_40_500_1,accel_gap_double,True,2.118985,True,True,,0.290287412,2.409272412
74,135,40,500,1,0.5,74_135_40_500_1,aux_gap_half,True,2.118985,True,True,,0.290287412,2.409272412
74,135,40,500,1,0.5,74_135_40_500_1,aux_gap_double,True,2.118985,True,True,,0.290287412,2.409272412
74,135,40,1000,0,1.0,74_135_40_1000_0,current,True,2.1186119999999997,True,True,,0.300941889,2.419553889
74,135,40,1000,0,1.0,74_135_40_1000_0,smoother_11,True,0.9907009999999999,True,False,,0.559274889,1.549975889
74,135,40,1000,0,1.0,74_135_40_1000_0,smoother_31,True,2.069535,True,True,,0.329361889,2.398896889
74,135,40,1000,0,1.0,74_135_40_1000_0,accel_gap_half,True,2.1186119999999997,True,True,,0.300941889,2.419553889
74,135,40,1000,0,1.0,74_135_40_1000_0,accel_gap_double,True,2.1186119999999997,True,True,,0.300941889,2.419553889
74,135,40,1000,0,1.0,74_135_40_1000_0,aux_gap_half,True,2.1186119999999997,True,True,,0.300941889,2.419553889
74,135,40,1000,0,1.0,74_135_40_1000_0,aux_gap_double,True,2.1186119999999997,True,True,,0.300941889,2.419553889
74,135,40,1000,1,1.0,74_135_40_1000_1,current,True,1.119515,True,True,,0.300098,1.419613
74,135,40,1000,1,1.0,74_135_40_1000_1,smoother_11,True,0.36009099999999994,False,False,,0.630093,0.990184
74,135,40,1000,1,1.0,74_135_40_1000_1,smoother_31,True,2.050585,True,True,,0.320047,2.370632
74,135,40,1000,1,1.0,74_135_40_1000_1,accel_gap_half,True,1.119515,True,True,,0.300098,1.419613
74,135,40,1000,1,1.0,74_135_40_1000_1,accel_gap_double,True,1.119515,True,True,,0.300098,1.419613
74,135,40,1000,1,1.0,74_135_40_1000_1,aux_gap_half,True,1.119515,True,True,,0.300098,1.419613
74,135,40,1000,1,1.0,74_135_40_1000_1,aux_gap_double,True,1.119515,True,True,,0.300098,1.419613
74,180,40,500,0,0.5,74_180_40_500_0,current,True,2.128588,True,True,,0.310324024,2.438912024
74,180,40,500,0,0.5,74_180_40_500_0,smoother_11,True,1.479578,True,True,,0.280508024,1.760086024
74,180,40,500,0,0.5,74_180_40_500_0,smoother_31,True,2.059398,True,True,,0.340984024,2.400382024
74,180,40,500,0,0.5,74_180_40_500_0,accel_gap_half,True,2.128588,True,True,,0.310324024,2.438912024
74,180,40,500,0,0.5,74_180_40_500_0,accel_gap_double,True,2.128588,True,True,,0.310324024,2.438912024
74,180,40,500,0,0.5,74_180_40_500_0,aux_gap_half,True,2.128588,True,True,,0.310324024,2.438912024
74,180,40,500,0,0.5,74_180_40_500_0,aux_gap_double,True,2.128588,True,True,,0.310324024,2.438912024
74,180,40,500,1,0.5,74_180_40_500_1,current,True,1.389967,True,True,,1.050151,2.440118
74,180,40,500,1,0.5,74_180_40_500_1,smoother_11,True,0.8800189999999999,True,False,,1.06065,1.940669
74,180,40,500,1,0.5,74_180_40_500_1,smoother_31,True,2.061951,True,True,,0.339142,2.401093
74,180,40,500,1,0.5,74_180_40_500_1,accel_gap_half,True,1.389967,True,True,,1.050151,2.440118
74,180,40,500,1,0.5,74_180_40_500_1,accel_gap_double,True,1.389967,True,True,,1.050151,2.440118
74,180,40,500,1,0.5,74_180_40_500_1,aux_gap_half,True,1.389967,True,True,,1.050151,2.440118
74,180,40,500,1,0.5,74_180_40_500_1,aux_gap_double,True,1.389967,True,True,,1.050151,2.440118
74,180,40,1000,0,1.0,74_180_40_1000_0,current,True,2.109182,True,True,,0.320533415,2.429715415
74,180,40,1000,0,1.0,74_180_40_1000_0,smoother_11,True,0.659,True,False,,1.810362415,2.469362415
74,180,40,1000,0,1.0,74_180_40_1000_0,smoother_31,True,2.059004,True,True,,0.340478415,2.399482415
74,180,40,1000,0,1.0,74_180_40_1000_0,accel_gap_half,True,2.109182,True,True,,0.320533415,2.429715415
74,180,40,1000,0,1.0,74_180_40_1000_0,accel_gap_double,True,2.109182,True,True,,0.320533415,2.429715415
74,180,40,1000,0,1.0,74_180_40_1000_0,aux_gap_half,True,2.109182,True,True,,0.320533415,2.429715415
74,180,40,1000,0,1.0,74_180_40_1000_0,aux_gap_double,True,2.109182,True,True,,0.320533415,2.429715415
74,180,40,1000,1,1.0,74_180_40_1000_1,current,True,1.88163,True,True,,0.30894091,2.19057091
74,180,40,1000,1,1.0,74_180_40_1000_1,smoother_11,True,0.699107,True,False,,0.57108891,1.27019591
74,180,40,1000,1,1.0,74_180_40_1000_1,smoother_31,True,2.068705,True,True,,0.34037191,2.40907691
74,180,40,1000,1,1.0,74_180_40_1000_1,accel_gap_half,True,1.88163,True,True,,0.30894091,2.19057091
74,180,40,1000,1,1.0,74_180_40_1000_1,accel_gap_double,True,1.88163,True,True,,0.30894091,2.19057091
74,180,40,1000,1,1.0,74_180_40_1000_1,aux_gap_half,True,1.88163,True,True,,0.30894091,2.19057091
74,180,40,1000,1,1.0,74_180_40_1000_1,aux_gap_double,True,1.88163,True,True,,0.30894091,2.19057091
74,225,40,500,0,0.5,74_225_40_500_0,current,True,2.109332,True,True,,0.30973041,2.41906241
74,225,40,500,0,0.5,74_225_40_500_0,smoother_11,True,2.179228,True,True,,0.27011841,2.44934641
74,225,40,500,0,0.5,74_225_40_500_0,smoother_31,True,2.049507,True,True,,0.33965641,2.38916341
74,225,40,500,0,0.5,74_225_40_500_0,accel_gap_half,True,2.109332,True,True,,0.30973041,2.41906241
74,225,40,500,0,0.5,74_225_40_500_0,accel_gap_double,True,2.109332,True,True,,0.30973041,2.41906241
74,225,40,500,0,0.5,74_225_40_500_0,aux_gap_half,True,2.109332,True,True,,0.30973041,2.41906241
74,225,40,500,0,0.5,74_225_40_500_0,aux_gap_double,True,2.109332,True,True,,0.30973041,2.41906241
74,225,40,500,1,0.5,74_225_40_500_1,current,True,1.269875,True,True,,0.3599709,1.6298459
74,225,40,500,1,0.5,74_225_40_500_1,smoother_11,True,0.428134,False,False,,0.7810499,1.2091839
74,225,40,500,1,0.5,74_225_40_500_1,smoother_31,True,2.048269,True,True,,0.3506589,2.3989279
74,225,40,500,1,0.5,74_225_40_500_1,accel_gap_half,True,1.269875,True,True,,0.3599709,1.6298459
74,225,40,500,1,0.5,74_225_40_500_1,accel_gap_double,True,1.269875,True,True,,0.3599709,1.6298459
74,225,40,500,1,0.5,74_225_40_500_1,aux_gap_half,True,1.269875,True,True,,0.3599709,1.6298459
74,225,40,500,1,0.5,74_225_40_500_1,aux_gap_double,True,1.269875,True,True,,0.3599709,1.6298459
74,225,40,1000,0,1.0,74_225_40_1000_0,current,True,2.120445,True,True,,0.319093,2.439538
74,225,40,1000,0,1.0,74_225_40_1000_0,smoother_11,True,0.8901490000000001,True,False,,0.929727,1.819876
74,225,40,1000,0,1.0,74_225_40_1000_0,smoother_31,True,2.059622,True,True,,0.340686,2.400308
74,225,40,1000,0,1.0,74_225_40_1000_0,accel_gap_half,True,2.120445,True,True,,0.319093,2.439538
74,225,40,1000,0,1.0,74_225_40_1000_0,accel_gap_double,True,2.120445,True,True,,0.319093,2.439538
74,225,40,1000,0,1.0,74_225_40_1000_0,aux_gap_half,True,2.120445,True,True,,0.319093,2.439538
74,225,40,1000,0,1.0,74_225_40_1000_0,aux_gap_double,True,2.120445,True,True,,0.319093,2.439538
74,225,40,1000,1,1.0,74_225_40_1000_1,current,True,2.1205570000000002,True,True,,0.309653197,2.430210197
74,225,40,1000,1,1.0,74_225_40_1000_1,smoother_11,True,1.2787579999999998,True,True,,0.911013197,2.189771197
74,225,40,1000,1,1.0,74_225_40_1000_1,smoother_31,True,2.060533,True,True,,0.339034197,2.399567197
74,225,40,1000,1,1.0,74_225_40_1000_1,accel_gap_half,True,2.1205570000000002,True,True,,0.309653197,2.430210197
74,225,40,1000,1,1.0,74_225_40_1000_1,accel_gap_double,True,2.1205570000000002,True,True,,0.309653197,2.430210197
74,225,40,1000,1,1.0,74_225_40_1000_1,aux_gap_half,True,2.1205570000000002,True,True,,0.309653197,2.430210197
74,225,40,1000,1,1.0,74_225_40_1000_1,aux_gap_double,True,2.1205570000000002,True,True,,0.309653197,2.430210197
74,270,40,500,0,0.5,74_270_40_500_0,current,True,2.139226,True,True,,0.299792,2.439018
74,270,40,500,0,0.5,74_270_40_500_0,smoother_11,True,1.62861,True,True,,0.320378,1.948988
74,270,40,500,0,0.5,74_270_40_500_0,smoother_31,True,2.079566,True,True,,0.330492,2.410058
74,270,40,500,0,0.5,74_270_40_500_0,accel_gap_half,True,2.139226,True,True,,0.299792,2.439018
74,270,40,500,0,0.5,74_270_40_500_0,accel_gap_double,True,2.139226,True,True,,0.299792,2.439018
74,270,40,500,0,0.5,74_270_40_500_0,aux_gap_half,True,2.139226,True,True,,0.299792,2.439018
74,270,40,500,0,0.5,74_270_40_500_0,aux_gap_double,True,2.139226,True,True,,0.299792,2.439018
74,270,40,500,1,0.5,74_270_40_500_1,current,True,2.118552,True,True,,0.2905,2.409052
74,270,40,500,1,0.5,74_270_40_500_1,smoother_11,True,0.5293880000000001,True,False,,0.890111,1.419499
74,270,40,500,1,0.5,74_270_40_500_1,smoother_31,True,2.061372,True,True,,0.319158,2.38053
74,270,40,500,1,0.5,74_270_40_500_1,accel_gap_half,True,2.118552,True,True,,0.2905,2.409052
74,270,40,500,1,0.5,74_270_40_500_1,accel_gap_double,True,2.118552,True,True,,0.2905,2.409052
74,270,40,500,1,0.5,74_270_40_500_1,aux_gap_half,True,2.118552,True,True,,0.2905,2.409052
74,270,40,500,1,0.5,74_270_40_500_1,aux_gap_double,True,2.118552,True,True,,0.2905,2.409052
74,270,40,1000,0,1.0,74_270_40_1000_0,current,True,2.130644,True,True,,0.28972489,2.42036889
74,270,40,1000,0,1.0,74_270_40_1000_0,smoother_11,True,0.6108499999999999,True,False,,1.84026189,2.45111189
74,270,40,1000,0,1.0,74_270_40_1000_0,smoother_31,True,2.0699,True,True,,0.32011389,2.39001389
74,270,40,1000,0,1.0,74_270_40_1000_0,accel_gap_half,True,2.130644,True,True,,0.28972489,2.42036889
74,270,40,1000,0,1.0,74_270_40_1000_0,accel_gap_double,True,2.130644,True,True,,0.28972489,2.42036889
74,270,40,1000,0,1.0,74_270_40_1000_0,aux_gap_half,True,2.130644,True,True,,0.28972489,2.42036889
74,270,40,1000,0,1.0,74_270_40_1000_0,aux_gap_double,True,2.130644,True,True,,0.28972489,2.42036889
74,270,40,1000,1,1.0,74_270_40_1000_1,current,True,2.119875,True,True,,0.290037,2.409912
74,270,40,1000,1,1.0,74_270_40_1000_1,smoother_11,True,0.5597939999999999,True,False,,1.550822,2.110616
74,270,40,1000,1,1.0,74_270_40_1000_1,smoother_31,True,2.0691919999999997,True,True,,0.320298,2.38949
74,270,40,1000,1,1.0,74_270_40_1000_1,accel_gap_half,True,2.119875,True,True,,0.290037,2.409912
74,270,40,1000,1,1.0,74_270_40_1000_1,accel_gap_double,True,2.119875,True,True,,0.290037,2.409912
74,270,40,1000,1,1.0,74_270_40_1000_1,aux_gap_half,True,2.119875,True,True,,0.290037,2.409912
74,270,40,1000,1,1.0,74_270_40_1000_1,aux_gap_double,True,2.119875,True,True,,0.290037,2.409912
74,315,40,500,0,0.5,74_315_40_500_0,current,True,2.120617,True,True,,0.29952,2.420137
74,315,40,500,0,0.5,74_315_40_500_0,smoother_11,True,0.630242,True,False,,1.32067,1.950912
74,315,40,500,0,0.5,74_315_40_500_0,smoother_31,True,2.061033,True,True,,0.329986,2.391019
74,315,40,500,0,0.5,74_315_40_500_0,accel_gap_half,True,2.120617,True,True,,0.29952,2.420137
74,315,40,500,0,0.5,74_315_40_500_0,accel_gap_double,True,2.120617,True,True,,0.29952,2.420137
74,315,40,500,0,0.5,74_315_40_500_0,aux_gap_half,True,2.120617,True,True,,0.29952,2.420137
74,315,40,500,0,0.5,74_315_40_500_0,aux_gap_double,True,2.120617,True,True,,0.29952,2.420137
74,315,40,500,1,0.5,74_315_40_500_1,current,True,2.1098879999999998,True,True,,0.30989,2.419778
74,315,40,500,1,0.5,74_315_40_500_1,smoother_11,True,0.8605680000000002,True,False,,1.340115,2.200683
74,315,40,500,1,0.5,74_315_40_500_1,smoother_31,True,2.058468,True,True,,0.340599,2.399067
74,315,40,500,1,0.5,74_315_40_500_1,accel_gap_half,True,2.1098879999999998,True,True,,0.30989,2.419778
74,315,40,500,1,0.5,74_315_40_500_1,accel_gap_double,True,2.1098879999999998,True,True,,0.30989,2.419778
74,315,40,500,1,0.5,74_315_40_500_1,aux_gap_half,True,2.1098879999999998,True,True,,0.30989,2.419778
74,315,40,500,1,0.5,74_315_40_500_1,aux_gap_double,True,2.1098879999999998,True,True,,0.30989,2.419778
74,315,40,1000,0,1.0,74_315_40_1000_0,current,True,2.1202949999999996,True,True,,0.289528,2.409823
74,315,40,1000,0,1.0,74_315_40_1000_0,smoother_11,True,1.11019,True,True,,1.329585,2.439775
74,315,40,1000,0,1.0,74_315_40_1000_0,smoother_31,True,2.069547,True,True,,0.320227,2.389774
74,315,40,1000,0,1.0,74_315_40_1000_0,accel_gap_half,True,2.1202949999999996,True,True,,0.289528,2.409823
74,315,40,1000,0,1.0,74_315_40_1000_0,accel_gap_double,True,2.1202949999999996,True,True,,0.289528,2.409823
74,315,40,1000,0,1.0,74_315_40_1000_0,aux_gap_half,True,2.1202949999999996,True,True,,0.289528,2.409823
74,315,40,1000,0,1.0,74_315_40_1000_0,aux_gap_double,True,2.1202949999999996,True,True,,0.289528,2.409823
74,315,40,1000,1,1.0,74_315_40_1000_1,current,True,1.570894,True,True,,0.280249505,1.851143505
74,315,40,1000,1,1.0,74_315_40_1000_1,smoother_11,True,0.641173,True,False,,1.209970505,1.851143505
74,315,40,1000,1,1.0,74_315_40_1000_1,smoother_31,True,2.0597879999999997,True,True,,0.320882505,2.380670505
74,315,40,1000,1,1.0,74_315_40_1000_1,accel_gap_half,True,1.570894,True,True,,0.280249505,1.851143505
74,315,40,1000,1,1.0,74_315_40_1000_1,accel_gap_double,True,1.570894,True,True,,0.280249505,1.851143505
74,315,40,1000,1,1.0,74_315_40_1000_1,aux_gap_half,True,1.570894,True,True,,0.280249505,1.851143505
74,315,40,1000,1,1.0,74_315_40_1000_1,aux_gap_double,True,1.570894,True,True,,0.280249505,1.851143505
74,0,60,500,0,0.5,74_0_60_500_0,current,True,1.0991590000000002,True,True,,0.320418,1.419577
74,0,60,500,0,0.5,74_0_60_500_0,smoother_11,True,0.71005,True,False,,0.299597,1.009647
74,0,60,500,0,0.5,74_0_60_500_0,smoother_31,True,1.311238,True,True,,0.348962,1.6602
74,0,60,500,0,0.5,74_0_60_500_0,accel_gap_half,True,1.0991590000000002,True,True,,0.320418,1.419577
74,0,60,500,0,0.5,74_0_60_500_0,accel_gap_double,True,1.0991590000000002,True,True,,0.320418,1.419577
74,0,60,500,0,0.5,74_0_60_500_0,aux_gap_half,True,1.0991590000000002,True,True,,0.320418,1.419577
74,0,60,500,0,0.5,74_0_60_500_0,aux_gap_double,True,1.0991590000000002,True,True,,0.320418,1.419577
74,0,60,500,1,0.5,74_0_60_500_1,current,True,1.3602349999999999,True,True,,0.300194355,1.660429355
74,0,60,500,1,0.5,74_0_60_500_1,smoother_11,True,1.3512170000000001,True,True,,0.278622355,1.629839355
74,0,60,500,1,0.5,74_0_60_500_1,smoother_31,True,1.298958,True,True,,0.330881355,1.629839355
74,0,60,500,1,0.5,74_0_60_500_1,accel_gap_half,True,1.3602349999999999,True,True,,0.300194355,1.660429355
74,0,60,500,1,0.5,74_0_60_500_1,accel_gap_double,True,1.3602349999999999,True,True,,0.300194355,1.660429355
74,0,60,500,1,0.5,74_0_60_500_1,aux_gap_half,True,1.3602349999999999,True,True,,0.300194355,1.660429355
74,0,60,500,1,0.5,74_0_60_500_1,aux_gap_double,True,1.3602349999999999,True,True,,0.300194355,1.660429355
74,0,60,1000,0,1.0,74_0_60_1000_0,current,True,1.381049,True,True,,0.309024622,1.690073622
74,0,60,1000,0,1.0,74_0_60_1000_0,smoother_11,True,0.7118090000000001,True,False,,0.998969622,1.710778622
74,0,60,1000,0,1.0,74_0_60_1000_0,smoother_31,True,1.310818,True,True,,0.349850622,1.660668622
74,0,60,1000,0,1.0,74_0_60_1000_0,accel_gap_half,True,1.381049,True,True,,0.309024622,1.690073622
74,0,60,1000,0,1.0,74_0_60_1000_0,accel_gap_double,True,1.381049,True,True,,0.309024622,1.690073622
74,0,60,1000,0,1.0,74_0_60_1000_0,aux_gap_half,True,1.381049,True,True,,0.309024622,1.690073622
74,0,60,1000,0,1.0,74_0_60_1000_0,aux_gap_double,True,1.381049,True,True,,0.309024622,1.690073622
74,0,60,1000,1,1.0,74_0_60_1000_1,current,True,1.3696279999999998,True,True,,0.311055,1.680683
74,0,60,1000,1,1.0,74_0_60_1000_1,smoother_11,True,0.4298290000000001,False,False,,0.710568,1.140397
74,0,60,1000,1,1.0,74_0_60_1000_1,smoother_31,True,1.319721,True,True,,0.330074,1.649795
74,0,60,1000,1,1.0,74_0_60_1000_1,accel_gap_half,True,1.3696279999999998,True,True,,0.311055,1.680683
74,0,60,1000,1,1.0,74_0_60_1000_1,accel_gap_double,True,1.3696279999999998,True,True,,0.311055,1.680683
74,0,60,1000,1,1.0,74_0_60_1000_1,aux_gap_half,True,1.3696279999999998,True,True,,0.311055,1.680683
74,0,60,1000,1,1.0,74_0_60_1000_1,aux_gap_double,True,1.3696279999999998,True,True,,0.311055,1.680683
74,45,60,500,0,0.5,74_45_60_500_0,current,True,1.361308,True,True,,0.319204368,1.680512368
74,45,60,500,0,0.5,74_45_60_500_0,smoother_11,True,0.9692369999999999,True,False,,0.290119368,1.259356368
74,45,60,500,0,0.5,74_45_60_500_0,smoother_31,True,1.3093,True,True,,0.340491368,1.649791368
74,45,60,500,0,0.5,74_45_60_500_0,accel_gap_half,True,1.361308,True,True,,0.319204368,1.680512368
74,45,60,500,0,0.5,74_45_60_500_0,accel_gap_double,True,1.361308,True,True,,0.319204368,1.680512368
74,45,60,500,0,0.5,74_45_60_500_0,aux_gap_half,True,1.361308,True,True,,0.319204368,1.680512368
74,45,60,500,0,0.5,74_45_60_500_0,aux_gap_double,True,1.361308,True,True,,0.319204368,1.680512368
74,45,60,500,1,0.5,74_45_60_500_1,current,True,1.370165,True,True,,0.298676177,1.668841177
74,45,60,500,1,0.5,74_45_60_500_1,smoother_11,True,1.350068,True,True,,0.349933177,1.700001177
74,45,60,500,1,0.5,74_45_60_500_1,smoother_31,True,1.308723,True,True,,0.330357177,1.639080177
74,45,60,500,1,0.5,74_45_60_500_1,accel_gap_half,True,1.370165,True,True,,0.298676177,1.668841177
74,45,60,500,1,0.5,74_45_60_500_1,accel_gap_double,True,1.370165,True,True,,0.298676177,1.668841177
74,45,60,500,1,0.5,74_45_60_500_1,aux_gap_half,True,1.370165,True,True,,0.298676177,1.668841177
74,45,60,500,1,0.5,74_45_60_500_1,aux_gap_double,True,1.370165,True,True,,0.298676177,1.668841177
74,45,60,1000,0,1.0,74_45_60_1000_0,current,True,1.3584100000000001,True,True,,0.310631038,1.669041038
74,45,60,1000,0,1.0,74_45_60_1000_0,smoother_11,True,0.911324,True,False,,0.349259038,1.260583038
74,45,60,1000,0,1.0,74_45_60_1000_0,smoother_31,True,1.30932,True,True,,0.340083038,1.649403038
74,45,60,1000,0,1.0,74_45_60_1000_0,accel_gap_half,True,1.3584100000000001,True,True,,0.310631038,1.669041038
74,45,60,1000,0,1.0,74_45_60_1000_0,accel_gap_double,True,1.3584100000000001,True,True,,0.310631038,1.669041038
74,45,60,1000,0,1.0,74_45_60_1000_0,aux_gap_half,True,1.3584100000000001,True,True,,0.310631038,1.669041038
74,45,60,1000,0,1.0,74_45_60_1000_0,aux_gap_double,True,1.3584100000000001,True,True,,0.310631038,1.669041038
74,45,60,1000,1,1.0,74_45_60_1000_1,current,True,1.360452,True,True,,0.319601,1.680053
74,45,60,1000,1,1.0,74_45_60_1000_1,smoother_11,True,0.48097100000000004,False,False,,1.089485,1.570456
74,45,60,1000,1,1.0,74_45_60_1000_1,smoother_31,True,1.328872,True,True,,0.340188,1.66906
74,45,60,1000,1,1.0,74_45_60_1000_1,accel_gap_half,True,1.360452,True,True,,0.319601,1.680053
74,45,60,1000,1,1.0,74_45_60_1000_1,accel_gap_double,True,1.360452,True,True,,0.319601,1.680053
74,45,60,1000,1,1.0,74_45_60_1000_1,aux_gap_half,True,1.360452,True,True,,0.319601,1.680053
74,45,60,1000,1,1.0,74_45_60_1000_1,aux_gap_double,True,1.360452,True,True,,0.319601,1.680053
74,90,60,500,0,0.5,74_90_60_500_0,current,True,1.358959,True,True,,0.321002,1.679961
74,90,60,500,0,0.5,74_90_60_500_0,smoother_11,True,0.530885,True,False,,1.159765,1.69065
74,90,60,500,0,0.5,74_90_60_500_0,smoother_31,True,1.3010130000000002,True,True,,0.350275,1.651288
74,90,60,500,0,0.5,74_90_60_500_0,accel_gap_half,True,1.358959,True,True,,0.321002,1.679961
74,90,60,500,0,0.5,74_90_60_500_0,accel_gap_double,True,1.358959,True,True,,0.321002,1.679961
74,90,60,500,0,0.5,74_90_60_500_0,aux_gap_half,True,1.358959,True,True,,0.321002,1.679961
74,90,60,500,0,0.5,74_90_60_500_0,aux_gap_double,True,1.358959,True,True,,0.321002,1.679961
74,90,60,500,1,0.5,74_90_60_500_1,current,True,1.3697890000000001,True,True,,0.31075868,1.68054768
74,90,60,500,1,0.5,74_90_60_500_1,smoother_11,True,0.5205979999999999,True,False,,0.67028968,1.19088768
74,90,60,500,1,0.5,74_90_60_500_1,smoother_31,True,1.31993,True,True,,0.33924768,1.65917768
74,90,60,500,1,0.5,74_90_60_500_1,accel_gap_half,True,1.3697890000000001,True,True,,0.31075868,1.68054768
74,90,60,500,1,0.5,74_90_60_500_1,accel_gap_double,True,1.3697890000000001,True,True,,0.31075868,1.68054768
74,90,60,500,1,0.5,74_90_60_500_1,aux_gap_half,True,1.3697890000000001,True,True,,0.31075868,1.68054768
74,90,60,500,1,0.5,74_90_60_500_1,aux_gap_double,True,1.3697890000000001,True,True,,0.31075868,1.68054768
74,90,60,1000,0,1.0,74_90_60_1000_0,current,True,1.3706150000000001,True,True,,0.319241154,1.689856154
74,90,60,1000,0,1.0,74_90_60_1000_0,smoother_11,True,0.29906900000000003,False,False,,0.290698154,0.589767154
74,90,60,1000,0,1.0,74_90_60_1000_0,smoother_31,True,1.300312,True,True,,0.358978154,1.659290154
74,90,60,1000,0,1.0,74_90_60_1000_0,accel_gap_half,True,1.3706150000000001,True,True,,0.319241154,1.689856154
74,90,60,1000,0,1.0,74_90_60_1000_0,accel_gap_double,True,1.3706150000000001,True,True,,0.319241154,1.689856154
74,90,60,1000,0,1.0,74_90_60_1000_0,aux_gap_half,True,1.3706150000000001,True,True,,0.319241154,1.689856154
74,90,60,1000,0,1.0,74_90_60_1000_0,aux_gap_double,True,1.3706150000000001,True,True,,0.319241154,1.689856154
74,90,60,1000,1,1.0,74_90_60_1000_1,current,True,1.369884,True,True,,0.30958,1.679464
74,90,60,1000,1,1.0,74_90_60_1000_1,smoother_11,True,0.798549,True,False,,0.91035,1.708899
74,90,60,1000,1,1.0,74_90_60_1000_1,smoother_31,True,1.2997420000000002,True,True,,0.340547,1.640289
74,90,60,1000,1,1.0,74_90_60_1000_1,accel_gap_half,True,1.369884,True,True,,0.30958,1.679464
74,90,60,1000,1,1.0,74_90_60_1000_1,accel_gap_double,True,1.369884,True,True,,0.30958,1.679464
74,90,60,1000,1,1.0,74_90_60_1000_1,aux_gap_half,True,1.369884,True,True,,0.30958,1.679464
74,90,60,1000,1,1.0,74_90_60_1000_1,aux_gap_double,True,1.369884,True,True,,0.30958,1.679464
74,135,60,500,0,0.5,74_135_60_500_0,current,True,1.0896119999999998,True,True,,0.320445572,1.410057572
74,135,60,500,0,0.5,74_135_60_500_0,smoother_11,True,0.32982500000000003,False,False,,0.609065572,0.938890572
74,135,60,500,0,0.5,74_135_60_500_0,smoother_31,True,1.3196210000000002,True,True,,0.339276572,1.658897572
74,135,60,500,0,0.5,74_135_60_500_0,accel_gap_half,True,1.0896119999999998,True,True,,0.320445572,1.410057572
74,135,60,500,0,0.5,74_135_60_500_0,accel_gap_double,True,1.0896119999999998,True,True,,0.320445572,1.410057572
74,135,60,500,0,0.5,74_135_60_500_0,aux_gap_half,True,1.0896119999999998,True,True,,0.320445572,1.410057572
74,135,60,500,0,0.5,74_135_60_500_0,aux_gap_double,True,1.0896119999999998,True,True,,0.320445572,1.410057572
74,135,60,500,1,0.5,74_135_60_500_1,current,True,0.7297229999999999,True,False,,0.920207,1.64993
74,135,60,500,1,0.5,74_135_60_500_1,smoother_11,True,0.6007649999999999,True,False,,0.949941,1.550706
74,135,60,500,1,0.5,74_135_60_500_1,smoother_31,True,1.31,True,True,,0.320284,1.630284
74,135,60,500,1,0.5,74_135_60_500_1,accel_gap_half,True,0.7297229999999999,True,False,,0.920207,1.64993
74,135,60,500,1,0.5,74_135_60_500_1,accel_gap_double,True,0.7297229999999999,True,False,,0.920207,1.64993
74,135,60,500,1,0.5,74_135_60_500_1,aux_gap_half,True,0.7297229999999999,True,False,,0.920207,1.64993
74,135,60,500,1,0.5,74_135_60_500_1,aux_gap_double,True,0.7297229999999999,True,False,,0.920207,1.64993
74,135,60,1000,0,1.0,74_135_60_1000_0,current,True,1.348497,True,True,,0.310727,1.659224
74,135,60,1000,0,1.0,74_135_60_1000_0,smoother_11,True,0.5500319999999999,True,False,,1.078974,1.629006
74,135,60,1000,0,1.0,74_135_60_1000_0,smoother_31,True,1.290369,True,True,,0.349997,1.640366
74,135,60,1000,0,1.0,74_135_60_1000_0,accel_gap_half,True,1.348497,True,True,,0.310727,1.659224
74,135,60,1000,0,1.0,74_135_60_1000_0,accel_gap_double,True,1.348497,True,True,,0.310727,1.659224
74,135,60,1000,0,1.0,74_135_60_1000_0,aux_gap_half,True,1.348497,True,True,,0.310727,1.659224
74,135,60,1000,0,1.0,74_135_60_1000_0,aux_gap_double,True,1.348497,True,True,,0.310727,1.659224
74,135,60,1000,1,1.0,74_135_60_1000_1,current,True,1.3599549999999998,True,True,,0.299447911,1.659402911
74,135,60,1000,1,1.0,74_135_60_1000_1,smoother_11,True,1.388709,True,True,,0.290414911,1.679123911
74,135,60,1000,1,1.0,74_135_60_1000_1,smoother_31,True,1.300739,True,True,,0.329577911,1.630316911
74,135,60,1000,1,1.0,74_135_60_1000_1,accel_gap_half,True,1.3599549999999998,True,True,,0.299447911,1.659402911
74,135,60,1000,1,1.0,74_135_60_1000_1,accel_gap_double,True,1.3599549999999998,True,True,,0.299447911,1.659402911
74,135,60,1000,1,1.0,74_135_60_1000_1,aux_gap_half,True,1.3599549999999998,True,True,,0.299447911,1.659402911
74,135,60,1000,1,1.0,74_135_60_1000_1,aux_gap_double,True,1.3599549999999998,True,True,,0.299447911,1.659402911
74,180,60,500,0,0.5,74_180_60_500_0,current,True,1.35968,True,True,,0.330502875,1.690182875
74,180,60,500,0,0.5,74_180_60_500_0,smoother_11,True,0.950513,True,False,,0.330502875,1.281015875
74,180,60,500,0,0.5,74_180_60_500_0,smoother_31,True,1.298946,True,True,,0.360374875,1.659320875
74,180,60,500,0,0.5,74_180_60_500_0,accel_gap_half,True,1.35968,True,True,,0.330502875,1.690182875
74,180,60,500,0,0.5,74_180_60_500_0,accel_gap_double,True,1.35968,True,True,,0.330502875,1.690182875
74,180,60,500,0,0.5,74_180_60_500_0,aux_gap_half,True,1.35968,True,True,,0.330502875,1.690182875
74,180,60,500,0,0.5,74_180_60_500_0,aux_gap_double,True,1.35968,True,True,,0.330502875,1.690182875
74,180,60,500,1,0.5,74_180_60_500_1,current,True,1.090841,True,True,,0.590001,1.680842
74,180,60,500,1,0.5,74_180_60_500_1,smoother_11,True,0.5585519999999999,True,False,,0.621246,1.179798
74,180,60,500,1,0.5,74_180_60_500_1,smoother_31,True,1.3189520000000001,True,True,,0.33073,1.649682
74,180,60,500,1,0.5,74_180_60_500_1,accel_gap_half,True,1.090841,True,True,,0.590001,1.680842
74,180,60,500,1,0.5,74_180_60_500_1,accel_gap_double,True,1.090841,True,True,,0.590001,1.680842
74,180,60,500,1,0.5,74_180_60_500_1,aux_gap_half,True,1.090841,True,True,,0.590001,1.680842
74,180,60,500,1,0.5,74_180_60_500_1,aux_gap_double,True,1.090841,True,True,,0.590001,1.680842
74,180,60,1000,0,1.0,74_180_60_1000_0,current,True,1.361372,True,True,,0.298711,1.660083
74,180,60,1000,0,1.0,74_180_60_1000_0,smoother_11,True,1.069603,True,True,,0.621151,1.690754
74,180,60,1000,0,1.0,74_180_60_1000_0,smoother_31,True,1.3106870000000002,True,True,,0.319446,1.630133
74,180,60,1000,0,1.0,74_180_60_1000_0,accel_gap_half,True,1.361372,True,True,,0.298711,1.660083
74,180,60,1000,0,1.0,74_180_60_1000_0,accel_gap_double,True,1.361372,True,True,,0.298711,1.660083
74,180,60,1000,0,1.0,74_180_60_1000_0,aux_gap_half,True,1.361372,True,True,,0.298711,1.660083
74,180,60,1000,0,1.0,74_180_60_1000_0,aux_gap_double,True,1.361372,True,True,,0.298711,1.660083
74,180,60,1000,1,1.0,74_180_60_1000_1,current,True,1.360231,True,True,,0.310016,1.670247
74,180,60,1000,1,1.0,74_180_60_1000_1,smoother_11,True,1.129557,True,True,,0.28102,1.410577
74,180,60,1000,1,1.0,74_180_60_1000_1,smoother_31,True,1.299007,True,True,,0.340163,1.63917
74,180,60,1000,1,1.0,74_180_60_1000_1,accel_gap_half,True,1.360231,True,True,,0.310016,1.670247
74,180,60,1000,1,1.0,74_180_60_1000_1,accel_gap_double,True,1.360231,True,True,,0.310016,1.670247
74,180,60,1000,1,1.0,74_180_60_1000_1,aux_gap_half,True,1.360231,True,True,,0.310016,1.670247
74,180,60,1000,1,1.0,74_180_60_1000_1,aux_gap_double,True,1.360231,True,True,,0.310016,1.670247
74,225,60,500,0,0.5,74_225_60_500_0,current,True,1.369396,True,True,,0.33002423,1.69942023
74,225,60,500,0,0.5,74_225_60_500_0,smoother_11,True,0.918832,True,False,,0.61034523,1.52917723
74,225,60,500,0,0.5,74_225_60_500_0,smoother_31,True,1.300696,True,True,,0.35957423,1.66027023
74,225,60,500,0,0.5,74_225_60_500_0,accel_gap_half,True,1.369396,True,True,,0.33002423,1.69942023
74,225,60,500,0,0.5,74_225_60_500_0,accel_gap_double,True,1.369396,True,True,,0.33002423,1.69942023
74,225,60,500,0,0.5,74_225_60_500_0,aux_gap_half,True,1.369396,True,True,,0.33002423,1.69942023
74,225,60,500,0,0.5,74_225_60_500_0,aux_gap_double,True,1.369396,True,True,,0.33002423,1.69942023
74,225,60,500,1,0.5,74_225_60_500_1,current,True,1.370123,True,True,,0.309488824,1.679611824
74,225,60,500,1,0.5,74_225_60_500_1,smoother_11,True,0.5308319999999999,True,False,,0.889792824,1.420624824
74,225,60,500,1,0.5,74_225_60_500_1,smoother_31,True,1.319426,True,True,,0.329970824,1.649396824
74,225,60,500,1,0.5,74_225_60_500_1,accel_gap_half,True,1.370123,True,True,,0.309488824,1.679611824
74,225,60,500,1,0.5,74_225_60_500_1,accel_gap_double,True,1.370123,True,True,,0.309488824,1.679611824
74,225,60,500,1,0.5,74_225_60_500_1,aux_gap_half,True,1.370123,True,True,,0.309488824,1.679611824
74,225,60,500,1,0.5,74_225_60_500_1,aux_gap_double,True,1.370123,True,True,,0.309488824,1.679611824
74,225,60,1000,0,1.0,74_225_60_1000_0,current,True,1.3687550000000002,True,True,,0.320396902,1.689151902
74,225,60,1000,0,1.0,74_225_60_1000_0,smoother_11,True,0.8117570000000001,True,False,,0.749077902,1.560834902
74,225,60,1000,0,1.0,74_225_60_1000_0,smoother_31,True,1.302679,True,True,,0.348564902,1.651243902
74,225,60,1000,0,1.0,74_225_60_1000_0,accel_gap_half,True,1.3687550000000002,True,True,,0.320396902,1.689151902
74,225,60,1000,0,1.0,74_225_60_1000_0,accel_gap_double,True,1.3687550000000002,True,True,,0.320396902,1.689151902
74,225,60,1000,0,1.0,74_225_60_1000_0,aux_gap_half,True,1.3687550000000002,True,True,,0.320396902,1.689151902
74,225,60,1000,0,1.0,74_225_60_1000_0,aux_gap_double,True,1.3687550000000002,True,True,,0.320396902,1.689151902
74,225,60,1000,1,1.0,74_225_60_1000_1,current,True,1.3598050000000002,True,True,,0.32056,1.680365
74,225,60,1000,1,1.0,74_225_60_1000_1,smoother_11,True,0.489774,False,False,,0.380735,0.870509
74,225,60,1000,1,1.0,74_225_60_1000_1,smoother_31,True,1.300829,True,True,,0.349068,1.649897
74,225,60,1000,1,1.0,74_225_60_1000_1,accel_gap_half,True,1.3598050000000002,True,True,,0.32056,1.680365
74,225,60,1000,1,1.0,74_225_60_1000_1,accel_gap_double,True,1.3598050000000002,True,True,,0.32056,1.680365
74,225,60,1000,1,1.0,74_225_60_1000_1,aux_gap_half,True,1.3598050000000002,True,True,,0.32056,1.680365
74,225,60,1000,1,1.0,74_225_60_1000_1,aux_gap_double,True,1.3598050000000002,True,True,,0.32056,1.680365
74,270,60,500,0,0.5,74_270_60_500_0,current,True,1.3609250000000002,True,True,,0.309305,1.67023
74,270,60,500,0,0.5,74_270_60_500_0,smoother_11,True,0.39815199999999984,False,False,,1.040831,1.438983
74,270,60,500,0,0.5,74_270_60_500_0,smoother_31,True,1.31106,True,True,,0.328802,1.639862
74,270,60,500,0,0.5,74_270_60_500_0,accel_gap_half,True,1.3609250000000002,True,True,,0.309305,1.67023
74,270,60,500,0,0.5,74_270_60_500_0,accel_gap_double,True,1.3609250000000002,True,True,,0.309305,1.67023
74,270,60,500,0,0.5,74_270_60_500_0,aux_gap_half,True,1.3609250000000002,True,True,,0.309305,1.67023
74,270,60,500,0,0.5,74_270_60_500_0,aux_gap_double,True,1.3609250000000002,True,True,,0.309305,1.67023
74,270,60,500,1,0.5,74_270_60_500_1,current,True,1.3708649999999998,True,True,,0.320514045,1.691379045
74,270,60,500,1,0.5,74_270_60_500_1,smoother_11,True,0.539919,True,False,,0.790218045,1.330137045
74,270,60,500,1,0.5,74_270_60_500_1,smoother_31,True,1.32035,True,True,,0.349952045,1.670302045
74,270,60,500,1,0.5,74_270_60_500_1,accel_gap_half,True,1.3708649999999998,True,True,,0.320514045,1.691379045
74,270,60,500,1,0.5,74_270_60_500_1,accel_gap_double,True,1.3708649999999998,True,True,,0.320514045,1.691379045
74,270,60,500,1,0.5,74_270_60_500_1,aux_gap_half,True,1.3708649999999998,True,True,,0.320514045,1.691379045
74,270,60,500,1,0.5,74_270_60_500_1,aux_gap_double,True,1.3708649999999998,True,True,,0.320514045,1.691379045
74,270,60,1000,0,1.0,74_270_60_1000_0,current,True,1.3707529999999999,True,True,,0.309865,1.680618
74,270,60,1000,0,1.0,74_270_60_1000_0,smoother_11,True,0.48021900000000006,False,False,,0.91993,1.400149
74,270,60,1000,0,1.0,74_270_60_1000_0,smoother_31,True,1.310054,True,True,,0.340625,1.650679
74,270,60,1000,0,1.0,74_270_60_1000_0,accel_gap_half,True,1.3707529999999999,True,True,,0.309865,1.680618
74,270,60,1000,0,1.0,74_270_60_1000_0,accel_gap_double,True,1.3707529999999999,True,True,,0.309865,1.680618
74,270,60,1000,0,1.0,74_270_60_1000_0,aux_gap_half,True,1.3707529999999999,True,True,,0.309865,1.680618
74,270,60,1000,0,1.0,74_270_60_1000_0,aux_gap_double,True,1.3707529999999999,True,True,,0.309865,1.680618
74,270,60,1000,1,1.0,74_270_60_1000_1,current,True,1.370427,True,True,,0.309582,1.680009
74,270,60,1000,1,1.0,74_270_60_1000_1,smoother_11,True,0.4804710000000001,False,False,,1.229557,1.710028
74,270,60,1000,1,1.0,74_270_60_1000_1,smoother_31,True,1.3088840000000002,True,True,,0.34062,1.649504
74,270,60,1000,1,1.0,74_270_60_1000_1,accel_gap_half,True,1.370427,True,True,,0.309582,1.680009
74,270,60,1000,1,1.0,74_270_60_1000_1,accel_gap_double,True,1.370427,True,True,,0.309582,1.680009
74,270,60,1000,1,1.0,74_270_60_1000_1,aux_gap_half,True,1.370427,True,True,,0.309582,1.680009
74,270,60,1000,1,1.0,74_270_60_1000_1,aux_gap_double,True,1.370427,True,True,,0.309582,1.680009
74,315,60,500,0,0.5,74_315_60_500_0,current,True,1.3802269999999999,True,True,,0.309822,1.690049
74,315,60,500,0,0.5,74_315_60_500_0,smoother_11,True,0.570206,True,False,,0.289887,0.860093
74,315,60,500,0,0.5,74_315_60_500_0,smoother_31,True,1.328576,True,True,,0.340743,1.669319
74,315,60,500,0,0.5,74_315_60_500_0,accel_gap_half,True,1.3802269999999999,True,True,,0.309822,1.690049
74,315,60,500,0,0.5,74_315_60_500_0,accel_gap_double,True,1.3802269999999999,True,True,,0.309822,1.690049
74,315,60,500,0,0.5,74_315_60_500_0,aux_gap_half,True,1.3802269999999999,True,True,,0.309822,1.690049
74,315,60,500,0,0.5,74_315_60_500_0,aux_gap_double,True,1.3802269999999999,True,True,,0.309822,1.690049
74,315,60,500,1,0.5,74_315_60_500_1,current,True,1.360557,True,True,,0.309651719,1.670208719
74,315,60,500,1,0.5,74_315_60_500_1,smoother_11,True,0.41042800000000007,False,False,,0.269700719,0.680128719
74,315,60,500,1,0.5,74_315_60_500_1,smoother_31,True,1.309963,True,True,,0.328970719,1.638933719
74,315,60,500,1,0.5,74_315_60_500_1,accel_gap_half,True,1.360557,True,True,,0.309651719,1.670208719
74,315,60,500,1,0.5,74_315_60_500_1,accel_gap_double,True,1.360557,True,True,,0.309651719,1.670208719
74,315,60,500,1,0.5,74_315_60_500_1,aux_gap_half,True,1.360557,True,True,,0.309651719,1.670208719
74,315,60,500,1,0.5,74_315_60_500_1,aux_gap_double,True,1.360557,True,True,,0.309651719,1.670208719
74,315,60,1000,0,1.0,74_315_60_1000_0,current,True,1.361612,True,True,,0.308906,1.670518
74,315,60,1000,0,1.0,74_315_60_1000_0,smoother_11,True,0.590635,True,False,,0.509423,1.100058
74,315,60,1000,0,1.0,74_315_60_1000_0,smoother_31,True,1.309672,True,True,,0.3306,1.640272
74,315,60,1000,0,1.0,74_315_60_1000_0,accel_gap_half,True,1.361612,True,True,,0.308906,1.670518
74,315,60,1000,0,1.0,74_315_60_1000_0,accel_gap_double,True,1.361612,True,True,,0.308906,1.670518
74,315,60,1000,0,1.0,74_315_60_1000_0,aux_gap_half,True,1.361612,True,True,,0.308906,1.670518
74,315,60,1000,0,1.0,74_315_60_1000_0,aux_gap_double,True,1.361612,True,True,,0.308906,1.670518
74,315,60,1000,1,1.0,74_315_60_1000_1,current,True,1.360597,True,True,,0.309461859,1.670058859
74,315,60,1000,1,1.0,74_315_60_1000_1,smoother_11,True,0.32162499999999994,False,False,,0.818550859,1.140175859
74,315,60,1000,1,1.0,74_315_60_1000_1,smoother_31,True,1.2904309999999999,True,True,,0.339641859,1.630072859
74,315,60,1000,1,1.0,74_315_60_1000_1,accel_gap_half,True,1.360597,True,True,,0.309461859,1.670058859
74,315,60,1000,1,1.0,74_315_60_1000_1,accel_gap_double,True,1.360597,True,True,,0.309461859,1.670058859
74,315,60,1000,1,1.0,74_315_60_1000_1,aux_gap_half,True,1.360597,True,True,,0.309461859,1.670058859
74,315,60,1000,1,1.0,74_315_60_1000_1,aux_gap_double,True,1.360597,True,True,,0.309461859,1.670058859
79,0,20,500,0,0.5,79_0_20_500_0,current,True,4.419192,True,True,,0.290570109,4.709762109
79,0,20,500,0,0.5,79_0_20_500_0,smoother_11,True,0.9008570000000002,True,False,,2.229897109,3.130754109
79,0,20,500,0,0.5,79_0_20_500_0,smoother_31,True,4.349302,True,True,,0.320820109,4.670122109
79,0,20,500,0,0.5,79_0_20_500_0,accel_gap_half,True,4.419192,True,True,,0.290570109,4.709762109
79,0,20,500,0,0.5,79_0_20_500_0,accel_gap_double,True,4.419192,True,True,,0.290570109,4.709762109
79,0,20,500,0,0.5,79_0_20_500_0,aux_gap_half,True,4.419192,True,True,,0.290570109,4.709762109
79,0,20,500,0,0.5,79_0_20_500_0,aux_gap_double,True,4.419192,True,True,,0.290570109,4.709762109
79,0,20,500,1,0.5,79_0_20_500_1,current,True,4.160797,True,True,,0.539562,4.700359
79,0,20,500,1,0.5,79_0_20_500_1,smoother_11,True,0.5512949999999996,True,False,,4.029833,4.581128
79,0,20,500,1,0.5,79_0_20_500_1,smoother_31,True,4.3500250000000005,True,True,,0.310598,4.660623
79,0,20,500,1,0.5,79_0_20_500_1,accel_gap_half,True,4.160797,True,True,,0.539562,4.700359
79,0,20,500,1,0.5,79_0_20_500_1,accel_gap_double,True,4.160797,True,True,,0.539562,4.700359
79,0,20,500,1,0.5,79_0_20_500_1,aux_gap_half,True,4.160797,True,True,,0.539562,4.700359
79,0,20,500,1,0.5,79_0_20_500_1,aux_gap_double,True,4.160797,True,True,,0.539562,4.700359
79,0,20,1000,0,1.0,79_0_20_1000_0,current,True,3.5596560000000004,True,True,,1.140644,4.7003
79,0,20,1000,0,1.0,79_0_20_1000_0,smoother_11,True,0.670272,True,False,,0.410083,1.080355
79,0,20,1000,0,1.0,79_0_20_1000_0,smoother_31,True,4.349017,True,True,,0.320782,4.669799
79,0,20,1000,0,1.0,79_0_20_1000_0,accel_gap_half,True,3.5596560000000004,True,True,,1.140644,4.7003
79,0,20,1000,0,1.0,79_0_20_1000_0,accel_gap_double,True,3.5596560000000004,True,True,,1.140644,4.7003
79,0,20,1000,0,1.0,79_0_20_1000_0,aux_gap_half,True,3.5596560000000004,True,True,,1.140644,4.7003
79,0,20,1000,0,1.0,79_0_20_1000_0,aux_gap_double,True,3.5596560000000004,True,True,,1.140644,4.7003
79,0,20,1000,1,1.0,79_0_20_1000_1,current,True,4.399315,True,True,,0.29975,4.699065
79,0,20,1000,1,1.0,79_0_20_1000_1,smoother_11,True,0.7310940000000001,True,False,,2.398745,3.129839
79,0,20,1000,1,1.0,79_0_20_1000_1,smoother_31,True,4.348291000000001,True,True,,0.330728,4.679019
79,0,20,1000,1,1.0,79_0_20_1000_1,accel_gap_half,True,4.399315,True,True,,0.29975,4.699065
79,0,20,1000,1,1.0,79_0_20_1000_1,accel_gap_double,True,4.399315,True,True,,0.29975,4.699065
79,0,20,1000,1,1.0,79_0_20_1000_1,aux_gap_half,True,4.399315,True,True,,0.29975,4.699065
79,0,20,1000,1,1.0,79_0_20_1000_1,aux_gap_double,True,4.399315,True,True,,0.29975,4.699065
79,45,20,500,0,0.5,79_45_20_500_0,current,True,4.359715,True,True,,0.330427,4.690142
79,45,20,500,0,0.5,79_45_20_500_0,smoother_11,True,0.7295720000000001,True,False,,0.74945,1.479022
79,45,20,500,0,0.5,79_45_20_500_0,smoother_31,True,4.289588,True,True,,0.359642,4.64923
79,45,20,500,0,0.5,79_45_20_500_0,accel_gap_half,True,4.359715,True,True,,0.330427,4.690142
79,45,20,500,0,0.5,79_45_20_500_0,accel_gap_double,True,4.359715,True,True,,0.330427,4.690142
79,45,20,500,0,0.5,79_45_20_500_0,aux_gap_half,True,4.359715,True,True,,0.330427,4.690142
79,45,20,500,0,0.5,79_45_20_500_0,aux_gap_double,True,4.359715,True,True,,0.330427,4.690142
79,45,20,500,1,0.5,79_45_20_500_1,current,True,2.400409,True,True,,0.729501357,3.129910357
79,45,20,500,1,0.5,79_45_20_500_1,smoother_11,True,1.15933,True,True,,0.750683357,1.910013357
79,45,20,500,1,0.5,79_45_20_500_1,smoother_31,True,4.329077,True,True,,0.321114357,4.650191357
79,45,20,500,1,0.5,79_45_20_500_1,accel_gap_half,True,2.400409,True,True,,0.729501357,3.129910357
79,45,20,500,1,0.5,79_45_20_500_1,accel_gap_double,True,2.400409,True,True,,0.729501357,3.129910357
79,45,20,500,1,0.5,79_45_20_500_1,aux_gap_half,True,2.400409,True,True,,0.729501357,3.129910357
79,45,20,500,1,0.5,79_45_20_500_1,aux_gap_double,True,2.400409,True,True,,0.729501357,3.129910357
79,45,20,1000,0,1.0,79_45_20_1000_0,current,True,4.360685,True,True,,0.309338298,4.670023298
79,45,20,1000,0,1.0,79_45_20_1000_0,smoother_11,True,1.879047,True,True,,1.670374298,3.549421298
79,45,20,1000,0,1.0,79_45_20_1000_0,smoother_31,True,4.289953000000001,True,True,,0.350274298,4.640227298
79,45,20,1000,0,1.0,79_45_20_1000_0,accel_gap_half,True,4.360685,True,True,,0.309338298,4.670023298
79,45,20,1000,0,1.0,79_45_20_1000_0,accel_gap_double,True,4.360685,True,True,,0.309338298,4.670023298
79,45,20,1000,0,1.0,79_45_20_1000_0,aux_gap_half,True,4.360685,True,True,,0.309338298,4.670023298
79,45,20,1000,0,1.0,79_45_20_1000_0,aux_gap_double,True,4.360685,True,True,,0.309338298,4.670023298
79,45,20,1000,1,1.0,79_45_20_1000_1,current,True,4.369749,True,True,,0.290297951,4.660046951
79,45,20,1000,1,1.0,79_45_20_1000_1,smoother_11,True,1.259267,True,True,,1.090766951,2.350033951
79,45,20,1000,1,1.0,79_45_20_1000_1,smoother_31,True,4.308431000000001,True,True,,0.320932951,4.629363951
79,45,20,1000,1,1.0,79_45_20_1000_1,accel_gap_half,True,4.369749,True,True,,0.290297951,4.660046951
79,45,20,1000,1,1.0,79_45_20_1000_1,accel_gap_double,True,4.369749,True,True,,0.290297951,4.660046951
79,45,20,1000,1,1.0,79_45_20_1000_1,aux_gap_half,True,4.369749,True,True,,0.290297951,4.660046951
79,45,20,1000,1,1.0,79_45_20_1000_1,aux_gap_double,True,4.369749,True,True,,0.290297951,4.660046951
79,90,20,500,0,0.5,79_90_20_500_0,current,True,4.411685,True,True,,0.278934893,4.690619893
79,90,20,500,0,0.5,79_90_20_500_0,smoother_11,True,1.0208030000000001,True,True,,1.010008893,2.030811893
79,90,20,500,0,0.5,79_90_20_500_0,smoother_31,True,4.341266,True,True,,0.308752893,4.650018893
79,90,20,500,0,0.5,79_90_20_500_0,accel_gap_half,True,4.411685,True,True,,0.278934893,4.690619893
79,90,20,500,0,0.5,79_90_20_500_0,accel_gap_double,True,4.411685,True,True,,0.278934893,4.690619893
79,90,20,500,0,0.5,79_90_20_500_0,aux_gap_half,True,4.411685,True,True,,0.278934893,4.690619893
79,90,20,500,0,0.5,79_90_20_500_0,aux_gap_double,True,4.411685,True,True,,0.278934893,4.690619893
79,90,20,500,1,0.5,79_90_20_500_1,current,True,2.931083,True,True,,1.769305,4.700388
79,90,20,500,1,0.5,79_90_20_500_1,smoother_11,True,1.1201640000000004,True,True,,3.200205,4.320369
79,90,20,500,1,0.5,79_90_20_500_1,smoother_31,True,4.349906,True,True,,0.330458,4.680364
79,90,20,500,1,0.5,79_90_20_500_1,accel_gap_half,True,2.931083,True,True,,1.769305,4.700388
79,90,20,500,1,0.5,79_90_20_500_1,accel_gap_double,True,2.931083,True,True,,1.769305,4.700388
79,90,20,500,1,0.5,79_90_20_500_1,aux_gap_half,True,2.931083,True,True,,1.769305,4.700388
79,90,20,500,1,0.5,79_90_20_500_1,aux_gap_double,True,2.931083,True,True,,1.769305,4.700388
79,90,20,1000,0,1.0,79_90_20_1000_0,current,True,4.420308,True,True,,0.289232477,4.709540477
79,90,20,1000,0,1.0,79_90_20_1000_0,smoother_11,True,1.079383,True,True,,2.691058477,3.770441477
79,90,20,1000,0,1.0,79_90_20_1000_0,smoother_31,True,4.349796,True,True,,0.329875477,4.679671477
79,90,20,1000,0,1.0,79_90_20_1000_0,accel_gap_half,True,4.420308,True,True,,0.289232477,4.709540477
79,90,20,1000,0,1.0,79_90_20_1000_0,accel_gap_double,True,4.420308,True,True,,0.289232477,4.709540477
79,90,20,1000,0,1.0,79_90_20_1000_0,aux_gap_half,True,4.420308,True,True,,0.289232477,4.709540477
79,90,20,1000,0,1.0,79_90_20_1000_0,aux_gap_double,True,4.420308,True,True,,0.289232477,4.709540477
79,90,20,1000,1,1.0,79_90_20_1000_1,current,True,2.968839,True,True,,1.720733,4.689572
79,90,20,1000,1,1.0,79_90_20_1000_1,smoother_11,True,0.7785960000000003,True,False,,3.940499,4.719095
79,90,20,1000,1,1.0,79_90_20_1000_1,smoother_31,True,4.340122,True,True,,0.320548,4.66067
79,90,20,1000,1,1.0,79_90_20_1000_1,accel_gap_half,True,2.968839,True,True,,1.720733,4.689572
79,90,20,1000,1,1.0,79_90_20_1000_1,accel_gap_double,True,2.968839,True,True,,1.720733,4.689572
79,90,20,1000,1,1.0,79_90_20_1000_1,aux_gap_half,True,2.968839,True,True,,1.720733,4.689572
79,90,20,1000,1,1.0,79_90_20_1000_1,aux_gap_double,True,2.968839,True,True,,1.720733,4.689572
79,135,20,500,0,0.5,79_135_20_500_0,current,True,3.7495910000000006,True,True,,0.899825,4.649416
79,135,20,500,0,0.5,79_135_20_500_0,smoother_11,True,1.4497719999999998,True,True,,3.230402,4.680174
79,135,20,500,0,0.5,79_135_20_500_0,smoother_31,True,4.300215,True,True,,0.320223,4.620438
79,135,20,500,0,0.5,79_135_20_500_0,accel_gap_half,True,3.7495910000000006,True,True,,0.899825,4.649416
79,135,20,500,0,0.5,79_135_20_500_0,accel_gap_double,True,3.7495910000000006,True,True,,0.899825,4.649416
79,135,20,500,0,0.5,79_135_20_500_0,aux_gap_half,True,3.7495910000000006,True,True,,0.899825,4.649416
79,135,20,500,0,0.5,79_135_20_500_0,aux_gap_double,True,3.7495910000000006,True,True,,0.899825,4.649416
79,135,20,500,1,0.5,79_135_20_500_1,current,True,2.840471,True,True,,0.280000027,3.120471027
79,135,20,500,1,0.5,79_135_20_500_1,smoother_11,True,0.5196390000000002,True,False,,3.700951027,4.220590027
79,135,20,500,1,0.5,79_135_20_500_1,smoother_31,True,4.319821999999999,True,True,,0.310504027,4.630326027
79,135,20,500,1,0.5,79_135_20_500_1,accel_gap_half,True,2.840471,True,True,,0.280000027,3.120471027
79,135,20,500,1,0.5,79_135_20_500_1,accel_gap_double,True,2.840471,True,True,,0.280000027,3.120471027
79,135,20,500,1,0.5,79_135_20_500_1,aux_gap_half,True,2.840471,True,True,,0.280000027,3.120471027
79,135,20,500,1,0.5,79_135_20_500_1,aux_gap_double,True,2.840471,True,True,,0.280000027,3.120471027
79,135,20,1000,0,1.0,79_135_20_1000_0,current,True,2.268624,True,True,,0.280568691,2.549192691
79,135,20,1000,0,1.0,79_135_20_1000_0,smoother_11,True,1.7912950000000003,True,True,,0.469141691,2.260436691
79,135,20,1000,0,1.0,79_135_20_1000_0,smoother_31,True,4.329459999999999,True,True,,0.310334691,4.639794691
79,135,20,1000,0,1.0,79_135_20_1000_0,accel_gap_half,True,2.268624,True,True,,0.280568691,2.549192691
79,135,20,1000,0,1.0,79_135_20_1000_0,accel_gap_double,True,2.268624,True,True,,0.280568691,2.549192691
79,135,20,1000,0,1.0,79_135_20_1000_0,aux_gap_half,True,2.268624,True,True,,0.280568691,2.549192691
79,135,20,1000,0,1.0,79_135_20_1000_0,aux_gap_double,True,2.268624,True,True,,0.280568691,2.549192691
79,135,20,1000,1,1.0,79_135_20_1000_1,current,True,4.379881,True,True,,0.280557,4.660438
79,135,20,1000,1,1.0,79_135_20_1000_1,smoother_11,True,1.180857,True,True,,3.5097,4.690557
79,135,20,1000,1,1.0,79_135_20_1000_1,smoother_31,True,4.3199380000000005,True,True,,0.31065,4.630588
79,135,20,1000,1,1.0,79_135_20_1000_1,accel_gap_half,True,4.379881,True,True,,0.280557,4.660438
79,135,20,1000,1,1.0,79_135_20_1000_1,accel_gap_double,True,4.379881,True,True,,0.280557,4.660438
79,135,20,1000,1,1.0,79_135_20_1000_1,aux_gap_half,True,4.379881,True,True,,0.280557,4.660438
79,135,20,1000,1,1.0,79_135_20_1000_1,aux_gap_double,True,4.379881,True,True,,0.280557,4.660438
79,180,20,500,0,0.5,79_180_20_500_0,current,True,2.928775,True,True,,1.760639,4.689414
79,180,20,500,0,0.5,79_180_20_500_0,smoother_11,True,0.7294650000000003,True,False,,3.629957,4.359422
79,180,20,500,0,0.5,79_180_20_500_0,smoother_31,True,4.350013000000001,True,True,,0.320167,4.67018
79,180,20,500,0,0.5,79_180_20_500_0,accel_gap_half,True,2.928775,True,True,,1.760639,4.689414
79,180,20,500,0,0.5,79_180_20_500_0,accel_gap_double,True,2.928775,True,True,,1.760639,4.689414
79,180,20,500,0,0.5,79_180_20_500_0,aux_gap_half,True,2.928775,True,True,,1.760639,4.689414
79,180,20,500,0,0.5,79_180_20_500_0,aux_gap_double,True,2.928775,True,True,,1.760639,4.689414
79,180,20,500,1,0.5,79_180_20_500_1,current,True,4.398908,True,True,,0.29002,4.688928
79,180,20,500,1,0.5,79_180_20_500_1,smoother_11,True,0.759776,True,False,,3.390201,4.149977
79,180,20,500,1,0.5,79_180_20_500_1,smoother_31,True,4.349796,True,True,,0.319991,4.669787
79,180,20,500,1,0.5,79_180_20_500_1,accel_gap_half,True,4.398908,True,True,,0.29002,4.688928
79,180,20,500,1,0.5,79_180_20_500_1,accel_gap_double,True,4.398908,True,True,,0.29002,4.688928
79,180,20,500,1,0.5,79_180_20_500_1,aux_gap_half,True,4.398908,True,True,,0.29002,4.688928
79,180,20,500,1,0.5,79_180_20_500_1,aux_gap_double,True,4.398908,True,True,,0.29002,4.688928
79,180,20,1000,0,1.0,79_180_20_1000_0,current,True,4.401054,True,True,,0.279071842,4.680125842
79,180,20,1000,0,1.0,79_180_20_1000_0,smoother_11,True,0.5807450000000003,True,False,,2.199525842,2.780270842
79,180,20,1000,0,1.0,79_180_20_1000_0,smoother_31,True,4.341397,True,True,,0.319153842,4.660550842
79,180,20,1000,0,1.0,79_180_20_1000_0,accel_gap_half,True,4.401054,True,True,,0.279071842,4.680125842
79,180,20,1000,0,1.0,79_180_20_1000_0,accel_gap_double,True,4.401054,True,True,,0.279071842,4.680125842
79,180,20,1000,0,1.0,79_180_20_1000_0,aux_gap_half,True,4.401054,True,True,,0.279071842,4.680125842
79,180,20,1000,0,1.0,79_180_20_1000_0,aux_gap_double,True,4.401054,True,True,,0.279071842,4.680125842
79,180,20,1000,1,1.0,79_180_20_1000_1,current,True,4.460244,True,True,,0.299406146,4.759650146
79,180,20,1000,1,1.0,79_180_20_1000_1,smoother_11,True,1.490364,True,True,,0.830468146,2.320832146
79,180,20,1000,1,1.0,79_180_20_1000_1,smoother_31,True,4.480442,True,True,,0.319626146,4.800068146
79,180,20,1000,1,1.0,79_180_20_1000_1,accel_gap_half,True,4.460244,True,True,,0.299406146,4.759650146
79,180,20,1000,1,1.0,79_180_20_1000_1,accel_gap_double,True,4.460244,True,True,,0.299406146,4.759650146
79,180,20,1000,1,1.0,79_180_20_1000_1,aux_gap_half,True,4.460244,True,True,,0.299406146,4.759650146
79,180,20,1000,1,1.0,79_180_20_1000_1,aux_gap_double,True,4.460244,True,True,,0.299406146,4.759650146
79,225,20,500,0,0.5,79_225_20_500_0,current,True,4.379303,True,True,,0.320614,4.699917
79,225,20,500,0,0.5,79_225_20_500_0,smoother_11,True,1.5494250000000003,True,True,,2.889347,4.438772
79,225,20,500,0,0.5,79_225_20_500_0,smoother_31,True,4.318961,True,True,,0.350193,4.669154
79,225,20,500,0,0.5,79_225_20_500_0,accel_gap_half,True,4.379303,True,True,,0.320614,4.699917
79,225,20,500,0,0.5,79_225_20_500_0,accel_gap_double,True,4.379303,True,True,,0.320614,4.699917
79,225,20,500,0,0.5,79_225_20_500_0,aux_gap_half,True,4.379303,True,True,,0.320614,4.699917
79,225,20,500,0,0.5,79_225_20_500_0,aux_gap_double,True,4.379303,True,True,,0.320614,4.699917
79,225,20,500,1,0.5,79_225_20_500_1,current,True,3.798577,True,True,,0.28106131,4.07963831
79,225,20,500,1,0.5,79_225_20_500_1,smoother_11,True,1.6102699999999999,True,True,,2.45989431,4.07016431
79,225,20,500,1,0.5,79_225_20_500_1,smoother_31,True,4.321727,True,True,,0.30885431,4.63058131
79,225,20,500,1,0.5,79_225_20_500_1,accel_gap_half,True,3.798577,True,True,,0.28106131,4.07963831
79,225,20,500,1,0.5,79_225_20_500_1,accel_gap_double,True,3.798577,True,True,,0.28106131,4.07963831
79,225,20,500,1,0.5,79_225_20_500_1,aux_gap_half,True,3.798577,True,True,,0.28106131,4.07963831
79,225,20,500,1,0.5,79_225_20_500_1,aux_gap_double,True,3.798577,True,True,,0.28106131,4.07963831
79,225,20,1000,0,1.0,79_225_20_1000_0,current,True,4.3906,True,True,,0.269112,4.659712
79,225,20,1000,0,1.0,79_225_20_1000_0,smoother_11,True,1.1383960000000002,True,True,,3.19064,4.329036
79,225,20,1000,0,1.0,79_225_20_1000_0,smoother_31,True,4.320045,True,True,,0.310212,4.630257
79,225,20,1000,0,1.0,79_225_20_1000_0,accel_gap_half,True,4.3906,True,True,,0.269112,4.659712
79,225,20,1000,0,1.0,79_225_20_1000_0,accel_gap_double,True,4.3906,True,True,,0.269112,4.659712
79,225,20,1000,0,1.0,79_225_20_1000_0,aux_gap_half,True,4.3906,True,True,,0.269112,4.659712
79,225,20,1000,0,1.0,79_225_20_1000_0,aux_gap_double,True,4.3906,True,True,,0.269112,4.659712
79,225,20,1000,1,1.0,79_225_20_1000_1,current,True,4.3893510000000004,True,True,,0.280695321,4.670046321
79,225,20,1000,1,1.0,79_225_20_1000_1,smoother_11,True,1.9209730000000003,True,True,,1.898881321,3.819854321
79,225,20,1000,1,1.0,79_225_20_1000_1,smoother_31,True,4.330395,True,True,,0.309655321,4.640050321
79,225,20,1000,1,1.0,79_225_20_1000_1,accel_gap_half,True,4.3893510000000004,True,True,,0.280695321,4.670046321
79,225,20,1000,1,1.0,79_225_20_1000_1,accel_gap_double,True,4.3893510000000004,True,True,,0.280695321,4.670046321
79,225,20,1000,1,1.0,79_225_20_1000_1,aux_gap_half,True,4.3893510000000004,True,True,,0.280695321,4.670046321
79,225,20,1000,1,1.0,79_225_20_1000_1,aux_gap_double,True,4.3893510000000004,True,True,,0.280695321,4.670046321
79,270,20,500,0,0.5,79_270_20_500_0,current,True,4.400524,True,True,,0.288900095,4.689424095
79,270,20,500,0,0.5,79_270_20_500_0,smoother_11,True,0.8706960000000001,True,False,,0.559341095,1.430037095
79,270,20,500,0,0.5,79_270_20_500_0,smoother_31,True,4.327915999999999,True,True,,0.321406095,4.649322095
79,270,20,500,0,0.5,79_270_20_500_0,accel_gap_half,True,4.400524,True,True,,0.288900095,4.689424095
79,270,20,500,0,0.5,79_270_20_500_0,accel_gap_double,True,4.400524,True,True,,0.288900095,4.689424095
79,270,20,500,0,0.5,79_270_20_500_0,aux_gap_half,True,4.400524,True,True,,0.288900095,4.689424095
79,270,20,500,0,0.5,79_270_20_500_0,aux_gap_double,True,4.400524,True,True,,0.288900095,4.689424095
79,270,20,500,1,0.5,79_270_20_500_1,current,True,4.419569,True,True,,0.279925593,4.699494593
79,270,20,500,1,0.5,79_270_20_500_1,smoother_11,True,0.5796900000000003,True,False,,2.240453593,2.820143593
79,270,20,500,1,0.5,79_270_20_500_1,smoother_31,True,4.34939,True,True,,0.320015593,4.669405593
79,270,20,500,1,0.5,79_270_20_500_1,accel_gap_half,True,4.419569,True,True,,0.279925593,4.699494593
79,270,20,500,1,0.5,79_270_20_500_1,accel_gap_double,True,4.419569,True,True,,0.279925593,4.699494593
79,270,20,500,1,0.5,79_270_20_500_1,aux_gap_half,True,4.419569,True,True,,0.279925593,4.699494593
79,270,20,500,1,0.5,79_270_20_500_1,aux_gap_double,True,4.419569,True,True,,0.279925593,4.699494593
79,270,20,1000,0,1.0,79_270_20_1000_0,current,True,3.290966,True,True,,1.399419,4.690385
79,270,20,1000,0,1.0,79_270_20_1000_0,smoother_11,True,0.908109,True,False,,3.370885,4.278994
79,270,20,1000,0,1.0,79_270_20_1000_0,smoother_31,True,4.351653,True,True,,0.309475,4.661128
79,270,20,1000,0,1.0,79_270_20_1000_0,accel_gap_half,True,3.290966,True,True,,1.399419,4.690385
79,270,20,1000,0,1.0,79_270_20_1000_0,accel_gap_double,True,3.290966,True,True,,1.399419,4.690385
79,270,20,1000,0,1.0,79_270_20_1000_0,aux_gap_half,True,3.290966,True,True,,1.399419,4.690385
79,270,20,1000,0,1.0,79_270_20_1000_0,aux_gap_double,True,3.290966,True,True,,1.399419,4.690385
79,270,20,1000,1,1.0,79_270_20_1000_1,current,True,2.220449,True,True,,0.280102106,2.500551106
79,270,20,1000,1,1.0,79_270_20_1000_1,smoother_11,True,0.6018059999999998,True,False,,2.899059106,3.500865106
79,270,20,1000,1,1.0,79_270_20_1000_1,smoother_31,True,4.349661,True,True,,0.310289106,4.659950106
79,270,20,1000,1,1.0,79_270_20_1000_1,accel_gap_half,True,2.220449,True,True,,0.280102106,2.500551106
79,270,20,1000,1,1.0,79_270_20_1000_1,accel_gap_double,True,2.220449,True,True,,0.280102106,2.500551106
79,270,20,1000,1,1.0,79_270_20_1000_1,aux_gap_half,True,2.220449,True,True,,0.280102106,2.500551106
79,270,20,1000,1,1.0,79_270_20_1000_1,aux_gap_double,True,2.220449,True,True,,0.280102106,2.500551106
79,315,20,500,0,0.5,79_315_20_500_0,current,True,4.370824,True,True,,0.289509851,4.660333851
79,315,20,500,0,0.5,79_315_20_500_0,smoother_11,True,0.8510010000000001,True,False,,1.890023851,2.741024851
79,315,20,500,0,0.5,79_315_20_500_0,smoother_31,True,4.30865,True,True,,0.320843851,4.629493851
79,315,20,500,0,0.5,79_315_20_500_0,accel_gap_half,True,4.370824,True,True,,0.289509851,4.660333851
79,315,20,500,0,0.5,79_315_20_500_0,accel_gap_double,True,4.370824,True,True,,0.289509851,4.660333851
79,315,20,500,0,0.5,79_315_20_500_0,aux_gap_half,True,4.370824,True,True,,0.289509851,4.660333851
79,315,20,500,0,0.5,79_315_20_500_0,aux_gap_double,True,4.370824,True,True,,0.289509851,4.660333851
79,315,20,500,1,0.5,79_315_20_500_1,current,True,4.379451,True,True,,0.289794,4.669245
79,315,20,500,1,0.5,79_315_20_500_1,smoother_11,True,1.09035,True,True,,3.260306,4.350656
79,315,20,500,1,0.5,79_315_20_500_1,smoother_31,True,4.330033,True,True,,0.310896,4.640929
79,315,20,500,1,0.5,79_315_20_500_1,accel_gap_half,True,4.379451,True,True,,0.289794,4.669245
79,315,20,500,1,0.5,79_315_20_500_1,accel_gap_double,True,4.379451,True,True,,0.289794,4.669245
79,315,20,500,1,0.5,79_315_20_500_1,aux_gap_half,True,4.379451,True,True,,0.289794,4.669245
79,315,20,500,1,0.5,79_315_20_500_1,aux_gap_double,True,4.379451,True,True,,0.289794,4.669245
79,315,20,1000,0,1.0,79_315_20_1000_0,current,True,2.588335,True,True,,2.061313576,4.649648576
79,315,20,1000,0,1.0,79_315_20_1000_0,smoother_11,True,0.8410319999999998,True,False,,3.109153576,3.950185576
79,315,20,1000,0,1.0,79_315_20_1000_0,smoother_31,True,4.29951,True,True,,0.330728576,4.630238576
79,315,20,1000,0,1.0,79_315_20_1000_0,accel_gap_half,True,2.588335,True,True,,2.061313576,4.649648576
79,315,20,1000,0,1.0,79_315_20_1000_0,accel_gap_double,True,2.588335,True,True,,2.061313576,4.649648576
79,315,20,1000,0,1.0,79_315_20_1000_0,aux_gap_half,True,2.588335,True,True,,2.061313576,4.649648576
79,315,20,1000,0,1.0,79_315_20_1000_0,aux_gap_double,True,2.588335,True,True,,2.061313576,4.649648576
79,315,20,1000,1,1.0,79_315_20_1000_1,current,True,4.39032,True,True,,0.279561095,4.669881095
79,315,20,1000,1,1.0,79_315_20_1000_1,smoother_11,True,0.830614,True,False,,1.188917095,2.019531095
79,315,20,1000,1,1.0,79_315_20_1000_1,smoother_31,True,4.321504999999999,True,True,,0.309021095,4.630526095
79,315,20,1000,1,1.0,79_315_20_1000_1,accel_gap_half,True,4.39032,True,True,,0.279561095,4.669881095
79,315,20,1000,1,1.0,79_315_20_1000_1,accel_gap_double,True,4.39032,True,True,,0.279561095,4.669881095
79,315,20,1000,1,1.0,79_315_20_1000_1,aux_gap_half,True,4.39032,True,True,,0.279561095,4.669881095
79,315,20,1000,1,1.0,79_315_20_1000_1,aux_gap_double,True,4.39032,True,True,,0.279561095,4.669881095
79,0,40,500,0,0.5,79_0_40_500_0,current,True,1.4712839999999998,True,True,,0.309427,1.780711
79,0,40,500,0,0.5,79_0_40_500_0,smoother_11,True,0.7196020000000001,True,False,,0.330176,1.049778
79,0,40,500,0,0.5,79_0_40_500_0,smoother_31,True,2.051088,True,True,,0.33926,2.390348
79,0,40,500,0,0.5,79_0_40_500_0,accel_gap_half,True,1.4712839999999998,True,True,,0.309427,1.780711
79,0,40,500,0,0.5,79_0_40_500_0,accel_gap_double,True,1.4712839999999998,True,True,,0.309427,1.780711
79,0,40,500,0,0.5,79_0_40_500_0,aux_gap_half,True,1.4712839999999998,True,True,,0.309427,1.780711
79,0,40,500,0,0.5,79_0_40_500_0,aux_gap_double,True,1.4712839999999998,True,True,,0.309427,1.780711
79,0,40,500,1,0.5,79_0_40_500_1,current,True,2.111075,True,True,,0.299001822,2.410076822
79,0,40,500,1,0.5,79_0_40_500_1,smoother_11,True,0.5401499999999999,True,False,,0.389741822,0.929891822
79,0,40,500,1,0.5,79_0_40_500_1,smoother_31,True,2.0387049999999998,True,True,,0.341120822,2.379825822
79,0,40,500,1,0.5,79_0_40_500_1,accel_gap_half,True,2.111075,True,True,,0.299001822,2.410076822
79,0,40,500,1,0.5,79_0_40_500_1,accel_gap_double,True,2.111075,True,True,,0.299001822,2.410076822
79,0,40,500,1,0.5,79_0_40_500_1,aux_gap_half,True,2.111075,True,True,,0.299001822,2.410076822
79,0,40,500,1,0.5,79_0_40_500_1,aux_gap_double,True,2.111075,True,True,,0.299001822,2.410076822
79,0,40,1000,0,1.0,79_0_40_1000_0,current,True,2.130788,True,True,,0.288596,2.419384
79,0,40,1000,0,1.0,79_0_40_1000_0,smoother_11,True,1.020455,True,True,,0.939732,1.960187
79,0,40,1000,0,1.0,79_0_40_1000_0,smoother_31,True,2.058213,True,True,,0.321256,2.379469
79,0,40,1000,0,1.0,79_0_40_1000_0,accel_gap_half,True,2.130788,True,True,,0.288596,2.419384
79,0,40,1000,0,1.0,79_0_40_1000_0,accel_gap_double,True,2.130788,True,True,,0.288596,2.419384
79,0,40,1000,0,1.0,79_0_40_1000_0,aux_gap_half,True,2.130788,True,True,,0.288596,2.419384
79,0,40,1000,0,1.0,79_0_40_1000_0,aux_gap_double,True,2.130788,True,True,,0.288596,2.419384
79,0,40,1000,1,1.0,79_0_40_1000_1,current,True,2.1315779999999998,True,True,,0.299071,2.430649
79,0,40,1000,1,1.0,79_0_40_1000_1,smoother_11,True,0.428332,False,False,,0.361017,0.789349
79,0,40,1000,1,1.0,79_0_40_1000_1,smoother_31,True,2.060217,True,True,,0.3289,2.389117
79,0,40,1000,1,1.0,79_0_40_1000_1,accel_gap_half,True,2.1315779999999998,True,True,,0.299071,2.430649
79,0,40,1000,1,1.0,79_0_40_1000_1,accel_gap_double,True,2.1315779999999998,True,True,,0.299071,2.430649
79,0,40,1000,1,1.0,79_0_40_1000_1,aux_gap_half,True,2.1315779999999998,True,True,,0.299071,2.430649
79,0,40,1000,1,1.0,79_0_40_1000_1,aux_gap_double,True,2.1315779999999998,True,True,,0.299071,2.430649
79,45,40,500,0,0.5,79_45_40_500_0,current,True,2.1195340000000003,True,True,,0.280442145,2.399976145
79,45,40,500,0,0.5,79_45_40_500_0,smoother_11,True,0.8794409999999999,True,False,,0.860695145,1.740136145
79,45,40,500,0,0.5,79_45_40_500_0,smoother_31,True,2.05133,True,True,,0.319397145,2.370727145
79,45,40,500,0,0.5,79_45_40_500_0,accel_gap_half,True,2.1195340000000003,True,True,,0.280442145,2.399976145
79,45,40,500,0,0.5,79_45_40_500_0,accel_gap_double,True,2.1195340000000003,True,True,,0.280442145,2.399976145
79,45,40,500,0,0.5,79_45_40_500_0,aux_gap_half,True,2.1195340000000003,True,True,,0.280442145,2.399976145
79,45,40,500,0,0.5,79_45_40_500_0,aux_gap_double,True,2.1195340000000003,True,True,,0.280442145,2.399976145
79,45,40,500,1,0.5,79_45_40_500_1,current,True,2.128373,True,True,,0.270391,2.398764
79,45,40,500,1,0.5,79_45_40_500_1,smoother_11,True,0.5395989999999999,True,False,,1.899489,2.439088
79,45,40,500,1,0.5,79_45_40_500_1,smoother_31,True,2.059773,True,True,,0.310095,2.369868
79,45,40,500,1,0.5,79_45_40_500_1,accel_gap_half,True,2.128373,True,True,,0.270391,2.398764
79,45,40,500,1,0.5,79_45_40_500_1,accel_gap_double,True,2.128373,True,True,,0.270391,2.398764
79,45,40,500,1,0.5,79_45_40_500_1,aux_gap_half,True,2.128373,True,True,,0.270391,2.398764
79,45,40,500,1,0.5,79_45_40_500_1,aux_gap_double,True,2.128373,True,True,,0.270391,2.398764
79,45,40,1000,0,1.0,79_45_40_1000_0,current,True,2.1201820000000002,True,True,,0.269907,2.390089
79,45,40,1000,0,1.0,79_45_40_1000_0,smoother_11,True,0.609313,True,False,,0.450345,1.059658
79,45,40,1000,0,1.0,79_45_40_1000_0,smoother_31,True,2.058141,True,True,,0.310885,2.369026
79,45,40,1000,0,1.0,79_45_40_1000_0,accel_gap_half,True,2.1201820000000002,True,True,,0.269907,2.390089
79,45,40,1000,0,1.0,79_45_40_1000_0,accel_gap_double,True,2.1201820000000002,True,True,,0.269907,2.390089
79,45,40,1000,0,1.0,79_45_40_1000_0,aux_gap_half,True,2.1201820000000002,True,True,,0.269907,2.390089
79,45,40,1000,0,1.0,79_45_40_1000_0,aux_gap_double,True,2.1201820000000002,True,True,,0.269907,2.390089
79,45,40,1000,1,1.0,79_45_40_1000_1,current,True,2.121294,True,True,,0.279265,2.400559
79,45,40,1000,1,1.0,79_45_40_1000_1,smoother_11,True,0.5503720000000001,True,False,,1.879202,2.429574
79,45,40,1000,1,1.0,79_45_40_1000_1,smoother_31,True,2.0591090000000003,True,True,,0.310278,2.369387
79,45,40,1000,1,1.0,79_45_40_1000_1,accel_gap_half,True,2.121294,True,True,,0.279265,2.400559
79,45,40,1000,1,1.0,79_45_40_1000_1,accel_gap_double,True,2.121294,True,True,,0.279265,2.400559
79,45,40,1000,1,1.0,79_45_40_1000_1,aux_gap_half,True,2.121294,True,True,,0.279265,2.400559
79,45,40,1000,1,1.0,79_45_40_1000_1,aux_gap_double,True,2.121294,True,True,,0.279265,2.400559
79,90,40,500,0,0.5,79_90_40_500_0,current,True,2.130206,True,True,,0.309358,2.439564
79,90,40,500,0,0.5,79_90_40_500_0,smoother_11,True,0.9312180000000001,True,False,,1.529345,2.460563
79,90,40,500,0,0.5,79_90_40_500_0,smoother_31,True,2.0587459999999997,True,True,,0.340539,2.399285
79,90,40,500,0,0.5,79_90_40_500_0,accel_gap_half,True,2.130206,True,True,,0.309358,2.439564
79,90,40,500,0,0.5,79_90_40_500_0,accel_gap_double,True,2.130206,True,True,,0.309358,2.439564
79,90,40,500,0,0.5,79_90_40_500_0,aux_gap_half,True,2.130206,True,True,,0.309358,2.439564
79,90,40,500,0,0.5,79_90_40_500_0,aux_gap_double,True,2.130206,True,True,,0.309358,2.439564
79,90,40,500,1,0.5,79_90_40_500_1,current,True,2.121147,True,True,,0.309571,2.430718
79,90,40,500,1,0.5,79_90_40_500_1,smoother_11,True,1.1015860000000002,True,True,,0.619733,1.721319
79,90,40,500,1,0.5,79_90_40_500_1,smoother_31,True,2.0614470000000003,True,True,,0.339295,2.400742
79,90,40,500,1,0.5,79_90_40_500_1,accel_gap_half,True,2.121147,True,True,,0.309571,2.430718
79,90,40,500,1,0.5,79_90_40_500_1,accel_gap_double,True,2.121147,True,True,,0.309571,2.430718
79,90,40,500,1,0.5,79_90_40_500_1,aux_gap_half,True,2.121147,True,True,,0.309571,2.430718
79,90,40,500,1,0.5,79_90_40_500_1,aux_gap_double,True,2.121147,True,True,,0.309571,2.430718
79,90,40,1000,0,1.0,79_90_40_1000_0,current,True,2.120326,True,True,,0.309969,2.430295
79,90,40,1000,0,1.0,79_90_40_1000_0,smoother_11,True,0.520231,True,False,,0.789503,1.309734
79,90,40,1000,0,1.0,79_90_40_1000_0,smoother_31,True,2.059812,True,True,,0.330332,2.390144
79,90,40,1000,0,1.0,79_90_40_1000_0,accel_gap_half,True,2.120326,True,True,,0.309969,2.430295
79,90,40,1000,0,1.0,79_90_40_1000_0,accel_gap_double,True,2.120326,True,True,,0.309969,2.430295
79,90,40,1000,0,1.0,79_90_40_1000_0,aux_gap_half,True,2.120326,True,True,,0.309969,2.430295
79,90,40,1000,0,1.0,79_90_40_1000_0,aux_gap_double,True,2.120326,True,True,,0.309969,2.430295
79,90,40,1000,1,1.0,79_90_40_1000_1,current,True,2.1302659999999998,True,True,,0.299503,2.429769
79,90,40,1000,1,1.0,79_90_40_1000_1,smoother_11,True,0.5313699999999999,True,False,,1.069612,1.600982
79,90,40,1000,1,1.0,79_90_40_1000_1,smoother_31,True,2.059139,True,True,,0.330413,2.389552
79,90,40,1000,1,1.0,79_90_40_1000_1,accel_gap_half,True,2.1302659999999998,True,True,,0.299503,2.429769
79,90,40,1000,1,1.0,79_90_40_1000_1,accel_gap_double,True,2.1302659999999998,True,True,,0.299503,2.429769
79,90,40,1000,1,1.0,79_90_40_1000_1,aux_gap_half,True,2.1302659999999998,True,True,,0.299503,2.429769
79,90,40,1000,1,1.0,79_90_40_1000_1,aux_gap_double,True,2.1302659999999998,True,True,,0.299503,2.429769
79,135,40,500,0,0.5,79_135_40_500_0,current,True,2.100391,True,True,,0.299456949,2.399847949
79,135,40,500,0,0.5,79_135_40_500_0,smoother_11,True,1.600958,True,True,,0.269506949,1.870464949
79,135,40,500,0,0.5,79_135_40_500_0,smoother_31,True,2.05163,True,True,,0.329372949,2.381002949
79,135,40,500,0,0.5,79_135_40_500_0,accel_gap_half,True,2.100391,True,True,,0.299456949,2.399847949
79,135,40,500,0,0.5,79_135_40_500_0,accel_gap_double,True,2.100391,True,True,,0.299456949,2.399847949
79,135,40,500,0,0.5,79_135_40_500_0,aux_gap_half,True,2.100391,True,True,,0.299456949,2.399847949
79,135,40,500,0,0.5,79_135_40_500_0,aux_gap_double,True,2.100391,True,True,,0.299456949,2.399847949
79,135,40,500,1,0.5,79_135_40_500_1,current,True,2.101591,True,True,,0.308974014,2.410565014
79,135,40,500,1,0.5,79_135_40_500_1,smoother_11,True,1.610657,True,True,,0.270015014,1.880672014
79,135,40,500,1,0.5,79_135_40_500_1,smoother_31,True,2.038868,True,True,,0.340887014,2.379755014
79,135,40,500,1,0.5,79_135_40_500_1,accel_gap_half,True,2.101591,True,True,,0.308974014,2.410565014
79,135,40,500,1,0.5,79_135_40_500_1,accel_gap_double,True,2.101591,True,True,,0.308974014,2.410565014
79,135,40,500,1,0.5,79_135_40_500_1,aux_gap_half,True,2.101591,True,True,,0.308974014,2.410565014
79,135,40,500,1,0.5,79_135_40_500_1,aux_gap_double,True,2.101591,True,True,,0.308974014,2.410565014
79,135,40,1000,0,1.0,79_135_40_1000_0,current,True,2.100076,True,True,,0.329504,2.42958
79,135,40,1000,0,1.0,79_135_40_1000_0,smoother_11,True,0.5995579999999999,True,False,,0.630515,1.230073
79,135,40,1000,0,1.0,79_135_40_1000_0,smoother_31,True,2.039618,True,True,,0.350152,2.38977
79,135,40,1000,0,1.0,79_135_40_1000_0,accel_gap_half,True,2.100076,True,True,,0.329504,2.42958
79,135,40,1000,0,1.0,79_135_40_1000_0,accel_gap_double,True,2.100076,True,True,,0.329504,2.42958
79,135,40,1000,0,1.0,79_135_40_1000_0,aux_gap_half,True,2.100076,True,True,,0.329504,2.42958
79,135,40,1000,0,1.0,79_135_40_1000_0,aux_gap_double,True,2.100076,True,True,,0.329504,2.42958
79,135,40,1000,1,1.0,79_135_40_1000_1,current,True,2.059724,True,True,,0.36003998,2.41976398
79,135,40,1000,1,1.0,79_135_40_1000_1,smoother_11,True,1.1279709999999998,True,True,,1.15115198,2.27912298
79,135,40,1000,1,1.0,79_135_40_1000_1,smoother_31,True,2.0302149999999997,True,True,,0.34032198,2.37053698
79,135,40,1000,1,1.0,79_135_40_1000_1,accel_gap_half,True,2.059724,True,True,,0.36003998,2.41976398
79,135,40,1000,1,1.0,79_135_40_1000_1,accel_gap_double,True,2.059724,True,True,,0.36003998,2.41976398
79,135,40,1000,1,1.0,79_135_40_1000_1,aux_gap_half,True,2.059724,True,True,,0.36003998,2.41976398
79,135,40,1000,1,1.0,79_135_40_1000_1,aux_gap_double,True,2.059724,True,True,,0.36003998,2.41976398
79,180,40,500,0,0.5,79_180_40_500_0,current,True,2.118938,True,True,,0.280500346,2.399438346
79,180,40,500,0,0.5,79_180_40_500_0,smoother_11,True,0.3707600000000002,False,False,,2.059698346,2.430458346
79,180,40,500,0,0.5,79_180_40_500_0,smoother_31,True,2.049608,True,True,,0.320099346,2.369707346
79,180,40,500,0,0.5,79_180_40_500_0,accel_gap_half,True,2.118938,True,True,,0.280500346,2.399438346
79,180,40,500,0,0.5,79_180_40_500_0,accel_gap_double,True,2.118938,True,True,,0.280500346,2.399438346
79,180,40,500,0,0.5,79_180_40_500_0,aux_gap_half,True,2.118938,True,True,,0.280500346,2.399438346
79,180,40,500,0,0.5,79_180_40_500_0,aux_gap_double,True,2.118938,True,True,,0.280500346,2.399438346
79,180,40,500,1,0.5,79_180_40_500_1,current,True,2.1217370000000004,True,True,,0.299237,2.420974
79,180,40,500,1,0.5,79_180_40_500_1,smoother_11,True,0.8392670000000002,True,False,,1.550908,2.390175
79,180,40,500,1,0.5,79_180_40_500_1,smoother_31,True,2.060255,True,True,,0.32992,2.390175
79,180,40,500,1,0.5,79_180_40_500_1,accel_gap_half,True,2.1217370000000004,True,True,,0.299237,2.420974
79,180,40,500,1,0.5,79_180_40_500_1,accel_gap_double,True,2.1217370000000004,True,True,,0.299237,2.420974
79,180,40,500,1,0.5,79_180_40_500_1,aux_gap_half,True,2.1217370000000004,True,True,,0.299237,2.420974
79,180,40,500,1,0.5,79_180_40_500_1,aux_gap_double,True,2.1217370000000004,True,True,,0.299237,2.420974
79,180,40,1000,0,1.0,79_180_40_1000_0,current,True,2.110343,True,True,,0.32042595,2.43076895
79,180,40,1000,0,1.0,79_180_40_1000_0,smoother_11,True,0.49978299999999987,False,False,,1.75034695,2.25012995
79,180,40,1000,0,1.0,79_180_40_1000_0,smoother_31,True,2.0494260000000004,True,True,,0.34031195,2.38973795
79,180,40,1000,0,1.0,79_180_40_1000_0,accel_gap_half,True,2.110343,True,True,,0.32042595,2.43076895
79,180,40,1000,0,1.0,79_180_40_1000_0,accel_gap_double,True,2.110343,True,True,,0.32042595,2.43076895
79,180,40,1000,0,1.0,79_180_40_1000_0,aux_gap_half,True,2.110343,True,True,,0.32042595,2.43076895
79,180,40,1000,0,1.0,79_180_40_1000_0,aux_gap_double,True,2.110343,True,True,,0.32042595,2.43076895
79,180,40,1000,1,1.0,79_180_40_1000_1,current,True,2.130491,True,True,,0.290084,2.420575
79,180,40,1000,1,1.0,79_180_40_1000_1,smoother_11,True,1.260017,True,True,,0.499661,1.759678
79,180,40,1000,1,1.0,79_180_40_1000_1,smoother_31,True,2.059995,True,True,,0.329164,2.389159
79,180,40,1000,1,1.0,79_180_40_1000_1,accel_gap_half,True,2.130491,True,True,,0.290084,2.420575
79,180,40,1000,1,1.0,79_180_40_1000_1,accel_gap_double,True,2.130491,True,True,,0.290084,2.420575
79,180,40,1000,1,1.0,79_180_40_1000_1,aux_gap_half,True,2.130491,True,True,,0.290084,2.420575
79,180,40,1000,1,1.0,79_180_40_1000_1,aux_gap_double,True,2.130491,True,True,,0.290084,2.420575
79,225,40,500,0,0.5,79_225_40_500_0,current,True,2.12074,True,True,,0.279704675,2.400444675
79,225,40,500,0,0.5,79_225_40_500_0,smoother_11,True,0.48017599999999994,False,False,,0.560337675,1.040513675
79,225,40,500,0,0.5,79_225_40_500_0,smoother_31,True,2.060874,True,True,,0.309352675,2.370226675
79,225,40,500,0,0.5,79_225_40_500_0,accel_gap_half,True,2.12074,True,True,,0.279704675,2.400444675
79,225,40,500,0,0.5,79_225_40_500_0,accel_gap_double,True,2.12074,True,True,,0.279704675,2.400444675
79,225,40,500,0,0.5,79_225_40_500_0,aux_gap_half,True,2.12074,True,True,,0.279704675,2.400444675
79,225,40,500,0,0.5,79_225_40_500_0,aux_gap_double,True,2.12074,True,True,,0.279704675,2.400444675
79,225,40,500,1,0.5,79_225_40_500_1,current,True,1.921391,True,True,,0.489075,2.410466
79,225,40,500,1,0.5,79_225_40_500_1,smoother_11,True,0.5900310000000001,True,False,,0.970352,1.560383
79,225,40,500,1,0.5,79_225_40_500_1,smoother_31,True,2.069976,True,True,,0.310473,2.380449
79,225,40,500,1,0.5,79_225_40_500_1,accel_gap_half,True,1.921391,True,True,,0.489075,2.410466
79,225,40,500,1,0.5,79_225_40_500_1,accel_gap_double,True,1.921391,True,True,,0.489075,2.410466
79,225,40,500,1,0.5,79_225_40_500_1,aux_gap_half,True,1.921391,True,True,,0.489075,2.410466
79,225,40,500,1,0.5,79_225_40_500_1,aux_gap_double,True,1.921391,True,True,,0.489075,2.410466
79,225,40,1000,0,1.0,79_225_40_1000_0,current,True,2.1114949999999997,True,True,,0.299105518,2.410600518
79,225,40,1000,0,1.0,79_225_40_1000_0,smoother_11,True,0.7292580000000001,True,False,,0.520280518,1.249538518
79,225,40,1000,0,1.0,79_225_40_1000_0,smoother_31,True,2.0695159999999997,True,True,,0.319915518,2.389431518
79,225,40,1000,0,1.0,79_225_40_1000_0,accel_gap_half,True,2.1114949999999997,True,True,,0.299105518,2.410600518
79,225,40,1000,0,1.0,79_225_40_1000_0,accel_gap_double,True,2.1114949999999997,True,True,,0.299105518,2.410600518
79,225,40,1000,0,1.0,79_225_40_1000_0,aux_gap_half,True,2.1114949999999997,True,True,,0.299105518,2.410600518
79,225,40,1000,0,1.0,79_225_40_1000_0,aux_gap_double,True,2.1114949999999997,True,True,,0.299105518,2.410600518
79,225,40,1000,1,1.0,79_225_40_1000_1,current,True,2.040282,True,True,,0.379635526,2.419917526
79,225,40,1000,1,1.0,79_225_40_1000_1,smoother_11,True,0.9604489999999999,True,False,,0.390276526,1.350725526
79,225,40,1000,1,1.0,79_225_40_1000_1,smoother_31,True,2.039376,True,True,,0.351007526,2.390383526
79,225,40,1000,1,1.0,79_225_40_1000_1,accel_gap_half,True,2.040282,True,True,,0.379635526,2.419917526
79,225,40,1000,1,1.0,79_225_40_1000_1,accel_gap_double,True,2.040282,True,True,,0.379635526,2.419917526
79,225,40,1000,1,1.0,79_225_40_1000_1,aux_gap_half,True,2.040282,True,True,,0.379635526,2.419917526
79,225,40,1000,1,1.0,79_225_40_1000_1,aux_gap_double,True,2.040282,True,True,,0.379635526,2.419917526
79,270,40,500,0,0.5,79_270_40_500_0,current,True,2.111388,True,True,,0.309058037,2.420446037
79,270,40,500,0,0.5,79_270_40_500_0,smoother_11,True,0.6004120000000002,True,False,,1.450280037,2.050692037
79,270,40,500,0,0.5,79_270_40_500_0,smoother_31,True,2.048367,True,True,,0.340812037,2.389179037
79,270,40,500,0,0.5,79_270_40_500_0,accel_gap_half,True,2.111388,True,True,,0.309058037,2.420446037
79,270,40,500,0,0.5,79_270_40_500_0,accel_gap_double,True,2.111388,True,True,,0.309058037,2.420446037
79,270,40,500,0,0.5,79_270_40_500_0,aux_gap_half,True,2.111388,True,True,,0.309058037,2.420446037
79,270,40,500,0,0.5,79_270_40_500_0,aux_gap_double,True,2.111388,True,True,,0.309058037,2.420446037
79,270,40,500,1,0.5,79_270_40_500_1,current,True,0.8709550000000001,True,False,,1.198717,2.069672
79,270,40,500,1,0.5,79_270_40_500_1,smoother_11,True,0.4695440000000002,False,False,,1.571013,2.040557
79,270,40,500,1,0.5,79_270_40_500_1,smoother_31,True,2.071434,True,True,,0.319611,2.391045
79,270,40,500,1,0.5,79_270_40_500_1,accel_gap_half,True,0.8709550000000001,True,False,,1.198717,2.069672
79,270,40,500,1,0.5,79_270_40_500_1,accel_gap_double,True,0.8709550000000001,True,False,,1.198717,2.069672
79,270,40,500,1,0.5,79_270_40_500_1,aux_gap_half,True,0.8709550000000001,True,False,,1.198717,2.069672
79,270,40,500,1,0.5,79_270_40_500_1,aux_gap_double,True,0.8709550000000001,True,False,,1.198717,2.069672
79,270,40,1000,0,1.0,79_270_40_1000_0,current,True,2.1179569999999996,True,True,,0.290491606,2.408448606
79,270,40,1000,0,1.0,79_270_40_1000_0,smoother_11,True,0.579647,True,False,,0.580014606,1.159661606
79,270,40,1000,0,1.0,79_270_40_1000_0,smoother_31,True,2.059856,True,True,,0.319650606,2.379506606
79,270,40,1000,0,1.0,79_270_40_1000_0,accel_gap_half,True,2.1179569999999996,True,True,,0.290491606,2.408448606
79,270,40,1000,0,1.0,79_270_40_1000_0,accel_gap_double,True,2.1179569999999996,True,True,,0.290491606,2.408448606
79,270,40,1000,0,1.0,79_270_40_1000_0,aux_gap_half,True,2.1179569999999996,True,True,,0.290491606,2.408448606
79,270,40,1000,0,1.0,79_270_40_1000_0,aux_gap_double,True,2.1179569999999996,True,True,,0.290491606,2.408448606
79,270,40,1000,1,1.0,79_270_40_1000_1,current,True,2.1194789999999997,True,True,,0.300822,2.420301
79,270,40,1000,1,1.0,79_270_40_1000_1,smoother_11,True,1.5098360000000002,True,True,,0.270433,1.780269
79,270,40,1000,1,1.0,79_270_40_1000_1,smoother_31,True,2.050079,True,True,,0.339616,2.389695
79,270,40,1000,1,1.0,79_270_40_1000_1,accel_gap_half,True,2.1194789999999997,True,True,,0.300822,2.420301
79,270,40,1000,1,1.0,79_270_40_1000_1,accel_gap_double,True,2.1194789999999997,True,True,,0.300822,2.420301
79,270,40,1000,1,1.0,79_270_40_1000_1,aux_gap_half,True,2.1194789999999997,True,True,,0.300822,2.420301
79,270,40,1000,1,1.0,79_270_40_1000_1,aux_gap_double,True,2.1194789999999997,True,True,,0.300822,2.420301
79,315,40,500,0,0.5,79_315_40_500_0,current,True,2.129887,True,True,,0.290293,2.42018
79,315,40,500,0,0.5,79_315_40_500_0,smoother_11,True,0.9112339999999999,True,False,,1.140148,2.051382
79,315,40,500,0,0.5,79_315_40_500_0,smoother_31,True,2.070237,True,True,,0.320308,2.390545
79,315,40,500,0,0.5,79_315_40_500_0,accel_gap_half,True,2.129887,True,True,,0.290293,2.42018
79,315,40,500,0,0.5,79_315_40_500_0,accel_gap_double,True,2.129887,True,True,,0.290293,2.42018
79,315,40,500,0,0.5,79_315_40_500_0,aux_gap_half,True,2.129887,True,True,,0.290293,2.42018
79,315,40,500,0,0.5,79_315_40_500_0,aux_gap_double,True,2.129887,True,True,,0.290293,2.42018
79,315,40,500,1,0.5,79_315_40_500_1,current,True,1.429592,True,True,,0.299934,1.729526
79,315,40,500,1,0.5,79_315_40_500_1,smoother_11,True,0.720583,True,False,,0.899858,1.620441
79,315,40,500,1,0.5,79_315_40_500_1,smoother_31,True,2.0499639999999997,True,True,,0.329416,2.37938
79,315,40,500,1,0.5,79_315_40_500_1,accel_gap_half,True,1.429592,True,True,,0.299934,1.729526
79,315,40,500,1,0.5,79_315_40_500_1,accel_gap_double,True,1.429592,True,True,,0.299934,1.729526
79,315,40,500,1,0.5,79_315_40_500_1,aux_gap_half,True,1.429592,True,True,,0.299934,1.729526
79,315,40,500,1,0.5,79_315_40_500_1,aux_gap_double,True,1.429592,True,True,,0.299934,1.729526
79,315,40,1000,0,1.0,79_315_40_1000_0,current,True,2.118873,True,True,,0.299752,2.418625
79,315,40,1000,0,1.0,79_315_40_1000_0,smoother_11,True,1.1908530000000002,True,True,,0.509265,1.700118
79,315,40,1000,0,1.0,79_315_40_1000_0,smoother_31,True,2.059828,True,True,,0.329409,2.389237
79,315,40,1000,0,1.0,79_315_40_1000_0,accel_gap_half,True,2.118873,True,True,,0.299752,2.418625
79,315,40,1000,0,1.0,79_315_40_1000_0,accel_gap_double,True,2.118873,True,True,,0.299752,2.418625
79,315,40,1000,0,1.0,79_315_40_1000_0,aux_gap_half,True,2.118873,True,True,,0.299752,2.418625
79,315,40,1000,0,1.0,79_315_40_1000_0,aux_gap_double,True,2.118873,True,True,,0.299752,2.418625
79,315,40,1000,1,1.0,79_315_40_1000_1,current,True,2.120012,True,True,,0.280633744,2.400645744
79,315,40,1000,1,1.0,79_315_40_1000_1,smoother_11,True,0.680556,True,False,,0.259754744,0.940310744
79,315,40,1000,1,1.0,79_315_40_1000_1,smoother_31,True,2.06063,True,True,,0.309879744,2.370509744
79,315,40,1000,1,1.0,79_315_40_1000_1,accel_gap_half,True,2.120012,True,True,,0.280633744,2.400645744
79,315,40,1000,1,1.0,79_315_40_1000_1,accel_gap_double,True,2.120012,True,True,,0.280633744,2.400645744
79,315,40,1000,1,1.0,79_315_40_1000_1,aux_gap_half,True,2.120012,True,True,,0.280633744,2.400645744
79,315,40,1000,1,1.0,79_315_40_1000_1,aux_gap_double,True,2.120012,True,True,,0.280633744,2.400645744
79,0,60,500,0,0.5,79_0_60_500_0,current,True,1.36847,True,True,,0.310608257,1.679078257
79,0,60,500,0,0.5,79_0_60_500_0,smoother_11,True,1.299496,True,True,,0.280706257,1.580202257
79,0,60,500,0,0.5,79_0_60_500_0,smoother_31,True,1.299843,True,True,,0.340251257,1.640094257
79,0,60,500,0,0.5,79_0_60_500_0,accel_gap_half,True,1.36847,True,True,,0.310608257,1.679078257
79,0,60,500,0,0.5,79_0_60_500_0,accel_gap_double,True,1.36847,True,True,,0.310608257,1.679078257
79,0,60,500,0,0.5,79_0_60_500_0,aux_gap_half,True,1.36847,True,True,,0.310608257,1.679078257
79,0,60,500,0,0.5,79_0_60_500_0,aux_gap_double,True,1.36847,True,True,,0.310608257,1.679078257
79,0,60,500,1,0.5,79_0_60_500_1,current,True,1.369792,True,True,,0.309706625,1.679498625
79,0,60,500,1,0.5,79_0_60_500_1,smoother_11,True,0.6205550000000001,True,False,,0.799119625,1.419674625
79,0,60,500,1,0.5,79_0_60_500_1,smoother_31,True,1.31102,True,True,,0.339505625,1.650525625
79,0,60,500,1,0.5,79_0_60_500_1,accel_gap_half,True,1.369792,True,True,,0.309706625,1.679498625
79,0,60,500,1,0.5,79_0_60_500_1,accel_gap_double,True,1.369792,True,True,,0.309706625,1.679498625
79,0,60,500,1,0.5,79_0_60_500_1,aux_gap_half,True,1.369792,True,True,,0.309706625,1.679498625
79,0,60,500,1,0.5,79_0_60_500_1,aux_gap_double,True,1.369792,True,True,,0.309706625,1.679498625
79,0,60,1000,0,1.0,79_0_60_1000_0,current,True,1.359906,True,True,,0.309544,1.66945
79,0,60,1000,0,1.0,79_0_60_1000_0,smoother_11,True,0.6997260000000001,True,False,,0.97929,1.679016
79,0,60,1000,0,1.0,79_0_60_1000_0,smoother_31,True,1.2993249999999998,True,True,,0.340189,1.639514
79,0,60,1000,0,1.0,79_0_60_1000_0,accel_gap_half,True,1.359906,True,True,,0.309544,1.66945
79,0,60,1000,0,1.0,79_0_60_1000_0,accel_gap_double,True,1.359906,True,True,,0.309544,1.66945
79,0,60,1000,0,1.0,79_0_60_1000_0,aux_gap_half,True,1.359906,True,True,,0.309544,1.66945
79,0,60,1000,0,1.0,79_0_60_1000_0,aux_gap_double,True,1.359906,True,True,,0.309544,1.66945
79,0,60,1000,1,1.0,79_0_60_1000_1,current,True,1.3788209999999999,True,True,,0.351023,1.729844
79,0,60,1000,1,1.0,79_0_60_1000_1,smoother_11,True,0.569993,True,False,,1.179103,1.749096
79,0,60,1000,1,1.0,79_0_60_1000_1,smoother_31,True,1.408723,True,True,,0.380871,1.789594
79,0,60,1000,1,1.0,79_0_60_1000_1,accel_gap_half,True,1.3788209999999999,True,True,,0.351023,1.729844
79,0,60,1000,1,1.0,79_0_60_1000_1,accel_gap_double,True,1.3788209999999999,True,True,,0.351023,1.729844
79,0,60,1000,1,1.0,79_0_60_1000_1,aux_gap_half,True,1.3788209999999999,True,True,,0.351023,1.729844
79,0,60,1000,1,1.0,79_0_60_1000_1,aux_gap_double,True,1.3788209999999999,True,True,,0.351023,1.729844
79,45,60,500,0,0.5,79_45_60_500_0,current,True,1.3717100000000002,True,True,,0.299332866,1.671042866
79,45,60,500,0,0.5,79_45_60_500_0,smoother_11,True,0.469418,False,False,,0.580935866,1.050353866
79,45,60,500,0,0.5,79_45_60_500_0,smoother_31,True,1.301126,True,True,,0.329693866,1.630819866
79,45,60,500,0,0.5,79_45_60_500_0,accel_gap_half,True,1.3717100000000002,True,True,,0.299332866,1.671042866
79,45,60,500,0,0.5,79_45_60_500_0,accel_gap_double,True,1.3717100000000002,True,True,,0.299332866,1.671042866
79,45,60,500,0,0.5,79_45_60_500_0,aux_gap_half,True,1.3717100000000002,True,True,,0.299332866,1.671042866
79,45,60,500,0,0.5,79_45_60_500_0,aux_gap_double,True,1.3717100000000002,True,True,,0.299332866,1.671042866
79,45,60,500,1,0.5,79_45_60_500_1,current,True,1.359219,True,True,,0.310146,1.669365
79,45,60,500,1,0.5,79_45_60_500_1,smoother_11,True,1.019708,True,True,,0.549896,1.569604
79,45,60,500,1,0.5,79_45_60_500_1,smoother_31,True,1.309512,True,True,,0.340049,1.649561
79,45,60,500,1,0.5,79_45_60_500_1,accel_gap_half,True,1.359219,True,True,,0.310146,1.669365
79,45,60,500,1,0.5,79_45_60_500_1,accel_gap_double,True,1.359219,True,True,,0.310146,1.669365
79,45,60,500,1,0.5,79_45_60_500_1,aux_gap_half,True,1.359219,True,True,,0.310146,1.669365
79,45,60,500,1,0.5,79_45_60_500_1,aux_gap_double,True,1.359219,True,True,,0.310146,1.669365
79,45,60,1000,0,1.0,79_45_60_1000_0,current,True,1.358042,True,True,,0.341046642,1.699088642
79,45,60,1000,0,1.0,79_45_60_1000_0,smoother_11,True,1.0506909999999998,True,True,,0.318910642,1.369601642
79,45,60,1000,0,1.0,79_45_60_1000_0,smoother_31,True,1.3207440000000001,True,True,,0.369274642,1.690018642
79,45,60,1000,0,1.0,79_45_60_1000_0,accel_gap_half,True,1.358042,True,True,,0.341046642,1.699088642
79,45,60,1000,0,1.0,79_45_60_1000_0,accel_gap_double,True,1.358042,True,True,,0.341046642,1.699088642
79,45,60,1000,0,1.0,79_45_60_1000_0,aux_gap_half,True,1.358042,True,True,,0.341046642,1.699088642
79,45,60,1000,0,1.0,79_45_60_1000_0,aux_gap_double,True,1.358042,True,True,,0.341046642,1.699088642
79,45,60,1000,1,1.0,79_45_60_1000_1,current,True,1.3498940000000001,True,True,,0.319604332,1.669498332
79,45,60,1000,1,1.0,79_45_60_1000_1,smoother_11,True,0.5607930000000001,True,False,,0.290258332,0.851051332
79,45,60,1000,1,1.0,79_45_60_1000_1,smoother_31,True,1.290614,True,True,,0.349026332,1.639640332
79,45,60,1000,1,1.0,79_45_60_1000_1,accel_gap_half,True,1.3498940000000001,True,True,,0.319604332,1.669498332
79,45,60,1000,1,1.0,79_45_60_1000_1,accel_gap_double,True,1.3498940000000001,True,True,,0.319604332,1.669498332
79,45,60,1000,1,1.0,79_45_60_1000_1,aux_gap_half,True,1.3498940000000001,True,True,,0.319604332,1.669498332
79,45,60,1000,1,1.0,79_45_60_1000_1,aux_gap_double,True,1.3498940000000001,True,True,,0.319604332,1.669498332
79,90,60,500,0,0.5,79_90_60_500_0,current,True,1.370196,True,True,,0.320057982,1.690253982
79,90,60,500,0,0.5,79_90_60_500_0,smoother_11,True,0.620268,True,False,,1.099579982,1.719847982
79,90,60,500,0,0.5,79_90_60_500_0,smoother_31,True,1.309886,True,True,,0.349243982,1.659129982
79,90,60,500,0,0.5,79_90_60_500_0,accel_gap_half,True,1.370196,True,True,,0.320057982,1.690253982
79,90,60,500,0,0.5,79_90_60_500_0,accel_gap_double,True,1.370196,True,True,,0.320057982,1.690253982
79,90,60,500,0,0.5,79_90_60_500_0,aux_gap_half,True,1.370196,True,True,,0.320057982,1.690253982
79,90,60,500,0,0.5,79_90_60_500_0,aux_gap_double,True,1.370196,True,True,,0.320057982,1.690253982
79,90,60,500,1,0.5,79_90_60_500_1,current,True,1.34913,True,True,,0.310359,1.659489
79,90,60,500,1,0.5,79_90_60_500_1,smoother_11,True,0.4992510000000001,False,False,,1.200534,1.699785
79,90,60,500,1,0.5,79_90_60_500_1,smoother_31,True,1.2980690000000001,True,True,,0.340903,1.638972
79,90,60,500,1,0.5,79_90_60_500_1,accel_gap_half,True,1.34913,True,True,,0.310359,1.659489
79,90,60,500,1,0.5,79_90_60_500_1,accel_gap_double,True,1.34913,True,True,,0.310359,1.659489
79,90,60,500,1,0.5,79_90_60_500_1,aux_gap_half,True,1.34913,True,True,,0.310359,1.659489
79,90,60,500,1,0.5,79_90_60_500_1,aux_gap_double,True,1.34913,True,True,,0.310359,1.659489
79,90,60,1000,0,1.0,79_90_60_1000_0,current,True,1.3603,True,True,,0.309898,1.670198
79,90,60,1000,0,1.0,79_90_60_1000_0,smoother_11,True,1.118769,True,True,,0.59063,1.709399
79,90,60,1000,0,1.0,79_90_60_1000_0,smoother_31,True,1.2914590000000001,True,True,,0.339252,1.630711
79,90,60,1000,0,1.0,79_90_60_1000_0,accel_gap_half,True,1.3603,True,True,,0.309898,1.670198
79,90,60,1000,0,1.0,79_90_60_1000_0,accel_gap_double,True,1.3603,True,True,,0.309898,1.670198
79,90,60,1000,0,1.0,79_90_60_1000_0,aux_gap_half,True,1.3603,True,True,,0.309898,1.670198
79,90,60,1000,0,1.0,79_90_60_1000_0,aux_gap_double,True,1.3603,True,True,,0.309898,1.670198
79,90,60,1000,1,1.0,79_90_60_1000_1,current,True,1.379342,True,True,,0.310568386,1.689910386
79,90,60,1000,1,1.0,79_90_60_1000_1,smoother_11,True,0.6505740000000001,True,False,,0.970217386,1.620791386
79,90,60,1000,1,1.0,79_90_60_1000_1,smoother_31,True,1.3181220000000002,True,True,,0.340569386,1.658691386
79,90,60,1000,1,1.0,79_90_60_1000_1,accel_gap_half,True,1.379342,True,True,,0.310568386,1.689910386
79,90,60,1000,1,1.0,79_90_60_1000_1,accel_gap_double,True,1.379342,True,True,,0.310568386,1.689910386
79,90,60,1000,1,1.0,79_90_60_1000_1,aux_gap_half,True,1.379342,True,True,,0.310568386,1.689910386
79,90,60,1000,1,1.0,79_90_60_1000_1,aux_gap_double,True,1.379342,True,True,,0.310568386,1.689910386
79,135,60,500,0,0.5,79_135_60_500_0,current,True,1.360745,True,True,,0.308972189,1.669717189
79,135,60,500,0,0.5,79_135_60_500_0,smoother_11,True,0.7695850000000001,True,False,,0.450855189,1.220440189
79,135,60,500,0,0.5,79_135_60_500_0,smoother_31,True,1.300729,True,True,,0.339774189,1.640503189
79,135,60,500,0,0.5,79_135_60_500_0,accel_gap_half,True,1.360745,True,True,,0.308972189,1.669717189
79,135,60,500,0,0.5,79_135_60_500_0,accel_gap_double,True,1.360745,True,True,,0.308972189,1.669717189
79,135,60,500,0,0.5,79_135_60_500_0,aux_gap_half,True,1.360745,True,True,,0.308972189,1.669717189
79,135,60,500,0,0.5,79_135_60_500_0,aux_gap_double,True,1.360745,True,True,,0.308972189,1.669717189
79,135,60,500,1,0.5,79_135_60_500_1,current,True,1.259972,True,True,,0.299051,1.559023
79,135,60,500,1,0.5,79_135_60_500_1,smoother_11,True,0.339865,False,False,,0.729775,1.06964
79,135,60,500,1,0.5,79_135_60_500_1,smoother_31,True,1.2980120000000002,True,True,,0.320679,1.618691
79,135,60,500,1,0.5,79_135_60_500_1,accel_gap_half,True,1.259972,True,True,,0.299051,1.559023
79,135,60,500,1,0.5,79_135_60_500_1,accel_gap_double,True,1.259972,True,True,,0.299051,1.559023
79,135,60,500,1,0.5,79_135_60_500_1,aux_gap_half,True,1.259972,True,True,,0.299051,1.559023
79,135,60,500,1,0.5,79_135_60_500_1,aux_gap_double,True,1.259972,True,True,,0.299051,1.559023
79,135,60,1000,0,1.0,79_135_60_1000_0,current,True,1.369372,True,True,,0.290094232,1.659466232
79,135,60,1000,0,1.0,79_135_60_1000_0,smoother_11,True,0.43989100000000003,False,False,,0.979920232,1.419811232
79,135,60,1000,0,1.0,79_135_60_1000_0,smoother_31,True,1.3009220000000001,True,True,,0.329649232,1.630571232
79,135,60,1000,0,1.0,79_135_60_1000_0,accel_gap_half,True,1.369372,True,True,,0.290094232,1.659466232
79,135,60,1000,0,1.0,79_135_60_1000_0,accel_gap_double,True,1.369372,True,True,,0.290094232,1.659466232
79,135,60,1000,0,1.0,79_135_60_1000_0,aux_gap_half,True,1.369372,True,True,,0.290094232,1.659466232
79,135,60,1000,0,1.0,79_135_60_1000_0,aux_gap_double,True,1.369372,True,True,,0.290094232,1.659466232
79,135,60,1000,1,1.0,79_135_60_1000_1,current,True,1.3599269999999999,True,True,,0.31027829,1.67020529
79,135,60,1000,1,1.0,79_135_60_1000_1,smoother_11,True,0.650311,True,False,,0.94976329,1.60007429
79,135,60,1000,1,1.0,79_135_60_1000_1,smoother_31,True,1.2997269999999999,True,True,,0.34009729,1.63982429
79,135,60,1000,1,1.0,79_135_60_1000_1,accel_gap_half,True,1.3599269999999999,True,True,,0.31027829,1.67020529
79,135,60,1000,1,1.0,79_135_60_1000_1,accel_gap_double,True,1.3599269999999999,True,True,,0.31027829,1.67020529
79,135,60,1000,1,1.0,79_135_60_1000_1,aux_gap_half,True,1.3599269999999999,True,True,,0.31027829,1.67020529
79,135,60,1000,1,1.0,79_135_60_1000_1,aux_gap_double,True,1.3599269999999999,True,True,,0.31027829,1.67020529
79,180,60,500,0,0.5,79_180_60_500_0,current,True,1.3801519999999998,True,True,,0.289775,1.669927
79,180,60,500,0,0.5,79_180_60_500_0,smoother_11,True,0.41054599999999997,False,False,,0.509981,0.920527
79,180,60,500,0,0.5,79_180_60_500_0,smoother_31,True,1.320925,True,True,,0.319033,1.639958
79,180,60,500,0,0.5,79_180_60_500_0,accel_gap_half,True,1.3801519999999998,True,True,,0.289775,1.669927
79,180,60,500,0,0.5,79_180_60_500_0,accel_gap_double,True,1.3801519999999998,True,True,,0.289775,1.669927
79,180,60,500,0,0.5,79_180_60_500_0,aux_gap_half,True,1.3801519999999998,True,True,,0.289775,1.669927
79,180,60,500,0,0.5,79_180_60_500_0,aux_gap_double,True,1.3801519999999998,True,True,,0.289775,1.669927
79,180,60,500,1,0.5,79_180_60_500_1,current,True,1.369802,True,True,,0.320269,1.690071
79,180,60,500,1,0.5,79_180_60_500_1,smoother_11,True,0.470808,False,False,,0.439396,0.910204
79,180,60,500,1,0.5,79_180_60_500_1,smoother_31,True,1.308301,True,True,,0.360347,1.668648
79,180,60,500,1,0.5,79_180_60_500_1,accel_gap_half,True,1.369802,True,True,,0.320269,1.690071
79,180,60,500,1,0.5,79_180_60_500_1,accel_gap_double,True,1.369802,True,True,,0.320269,1.690071
79,180,60,500,1,0.5,79_180_60_500_1,aux_gap_half,True,1.369802,True,True,,0.320269,1.690071
79,180,60,500,1,0.5,79_180_60_500_1,aux_gap_double,True,1.369802,True,True,,0.320269,1.690071
79,180,60,1000,0,1.0,79_180_60_1000_0,current,True,1.379119,True,True,,0.289889,1.669008
79,180,60,1000,0,1.0,79_180_60_1000_0,smoother_11,True,0.3587229999999999,False,False,,1.340173,1.698896
79,180,60,1000,0,1.0,79_180_60_1000_0,smoother_31,True,1.3120280000000002,True,True,,0.329171,1.641199
79,180,60,1000,0,1.0,79_180_60_1000_0,accel_gap_half,True,1.379119,True,True,,0.289889,1.669008
79,180,60,1000,0,1.0,79_180_60_1000_0,accel_gap_double,True,1.379119,True,True,,0.289889,1.669008
79,180,60,1000,0,1.0,79_180_60_1000_0,aux_gap_half,True,1.379119,True,True,,0.289889,1.669008
79,180,60,1000,0,1.0,79_180_60_1000_0,aux_gap_double,True,1.379119,True,True,,0.289889,1.669008
79,180,60,1000,1,1.0,79_180_60_1000_1,current,True,1.369466,True,True,,0.310898,1.680364
79,180,60,1000,1,1.0,79_180_60_1000_1,smoother_11,True,0.7296260000000001,True,False,,0.909789,1.639415
79,180,60,1000,1,1.0,79_180_60_1000_1,smoother_31,True,1.298295,True,True,,0.34112,1.639415
79,180,60,1000,1,1.0,79_180_60_1000_1,accel_gap_half,True,1.369466,True,True,,0.310898,1.680364
79,180,60,1000,1,1.0,79_180_60_1000_1,accel_gap_double,True,1.369466,True,True,,0.310898,1.680364
79,180,60,1000,1,1.0,79_180_60_1000_1,aux_gap_half,True,1.369466,True,True,,0.310898,1.680364
79,180,60,1000,1,1.0,79_180_60_1000_1,aux_gap_double,True,1.369466,True,True,,0.310898,1.680364
79,225,60,500,0,0.5,79_225_60_500_0,current,True,1.2895240000000001,True,True,,0.390488,1.680012
79,225,60,500,0,0.5,79_225_60_500_0,smoother_11,True,0.6198889999999999,True,False,,1.089723,1.709612
79,225,60,500,0,0.5,79_225_60_500_0,smoother_31,True,1.291006,True,True,,0.359273,1.650279
79,225,60,500,0,0.5,79_225_60_500_0,accel_gap_half,True,1.2895240000000001,True,True,,0.390488,1.680012
79,225,60,500,0,0.5,79_225_60_500_0,accel_gap_double,True,1.2895240000000001,True,True,,0.390488,1.680012
79,225,60,500,0,0.5,79_225_60_500_0,aux_gap_half,True,1.2895240000000001,True,True,,0.390488,1.680012
79,225,60,500,0,0.5,79_225_60_500_0,aux_gap_double,True,1.2895240000000001,True,True,,0.390488,1.680012
79,225,60,500,1,0.5,79_225_60_500_1,current,True,1.359327,True,True,,0.290229055,1.649556055
79,225,60,500,1,0.5,79_225_60_500_1,smoother_11,True,1.17116,True,True,,0.269354055,1.440514055
79,225,60,500,1,0.5,79_225_60_500_1,smoother_31,True,1.3107170000000001,True,True,,0.319582055,1.630299055
79,225,60,500,1,0.5,79_225_60_500_1,accel_gap_half,True,1.359327,True,True,,0.290229055,1.649556055
79,225,60,500,1,0.5,79_225_60_500_1,accel_gap_double,True,1.359327,True,True,,0.290229055,1.649556055
79,225,60,500,1,0.5,79_225_60_500_1,aux_gap_half,True,1.359327,True,True,,0.290229055,1.649556055
79,225,60,500,1,0.5,79_225_60_500_1,aux_gap_double,True,1.359327,True,True,,0.290229055,1.649556055
79,225,60,1000,0,1.0,79_225_60_1000_0,current,True,1.372356,True,True,,0.318762,1.691118
79,225,60,1000,0,1.0,79_225_60_1000_0,smoother_11,True,0.669042,True,False,,0.879851,1.548893
79,225,60,1000,0,1.0,79_225_60_1000_0,smoother_31,True,1.299999,True,True,,0.349437,1.649436
79,225,60,1000,0,1.0,79_225_60_1000_0,accel_gap_half,True,1.372356,True,True,,0.318762,1.691118
79,225,60,1000,0,1.0,79_225_60_1000_0,accel_gap_double,True,1.372356,True,True,,0.318762,1.691118
79,225,60,1000,0,1.0,79_225_60_1000_0,aux_gap_half,True,1.372356,True,True,,0.318762,1.691118
79,225,60,1000,0,1.0,79_225_60_1000_0,aux_gap_double,True,1.372356,True,True,,0.318762,1.691118
79,225,60,1000,1,1.0,79_225_60_1000_1,current,True,0.739442,True,False,,0.940576,1.680018
79,225,60,1000,1,1.0,79_225_60_1000_1,smoother_11,True,0.7418530000000001,True,False,,0.969042,1.710895
79,225,60,1000,1,1.0,79_225_60_1000_1,smoother_31,True,1.298967,True,True,,0.350933,1.6499
79,225,60,1000,1,1.0,79_225_60_1000_1,accel_gap_half,True,0.739442,True,False,,0.940576,1.680018
79,225,60,1000,1,1.0,79_225_60_1000_1,accel_gap_double,True,0.739442,True,False,,0.940576,1.680018
79,225,60,1000,1,1.0,79_225_60_1000_1,aux_gap_half,True,0.739442,True,False,,0.940576,1.680018
79,225,60,1000,1,1.0,79_225_60_1000_1,aux_gap_double,True,0.739442,True,False,,0.940576,1.680018
79,270,60,500,0,0.5,79_270_60_500_0,current,True,1.350218,True,True,,0.309409159,1.659627159
79,270,60,500,0,0.5,79_270_60_500_0,smoother_11,True,0.5492440000000001,True,False,,1.119905159,1.669149159
79,270,60,500,0,0.5,79_270_60_500_0,smoother_31,True,1.2916180000000002,True,True,,0.338869159,1.630487159
79,270,60,500,0,0.5,79_270_60_500_0,accel_gap_half,True,1.350218,True,True,,0.309409159,1.659627159
79,270,60,500,0,0.5,79_270_60_500_0,accel_gap_double,True,1.350218,True,True,,0.309409159,1.659627159
79,270,60,500,0,0.5,79_270_60_500_0,aux_gap_half,True,1.350218,True,True,,0.309409159,1.659627159
79,270,60,500,0,0.5,79_270_60_500_0,aux_gap_double,True,1.350218,True,True,,0.309409159,1.659627159
79,270,60,500,1,0.5,79_270_60_500_1,current,True,0.8509980000000001,True,False,,0.829912778,1.680910778
79,270,60,500,1,0.5,79_270_60_500_1,smoother_11,True,0.46960199999999996,False,False,,0.280186778,0.749788778
79,270,60,500,1,0.5,79_270_60_500_1,smoother_31,True,1.310355,True,True,,0.339914778,1.650269778
79,270,60,500,1,0.5,79_270_60_500_1,accel_gap_half,True,0.8509980000000001,True,False,,0.829912778,1.680910778
79,270,60,500,1,0.5,79_270_60_500_1,accel_gap_double,True,0.8509980000000001,True,False,,0.829912778,1.680910778
79,270,60,500,1,0.5,79_270_60_500_1,aux_gap_half,True,0.8509980000000001,True,False,,0.829912778,1.680910778
79,270,60,500,1,0.5,79_270_60_500_1,aux_gap_double,True,0.8509980000000001,True,False,,0.829912778,1.680910778
79,270,60,1000,0,1.0,79_270_60_1000_0,current,True,1.369399,True,True,,0.309649,1.679048
79,270,60,1000,0,1.0,79_270_60_1000_0,smoother_11,True,0.8098399999999999,True,False,,0.90022,1.71006
79,270,60,1000,0,1.0,79_270_60_1000_0,smoother_31,True,1.309396,True,True,,0.340001,1.649397
79,270,60,1000,0,1.0,79_270_60_1000_0,accel_gap_half,True,1.369399,True,True,,0.309649,1.679048
79,270,60,1000,0,1.0,79_270_60_1000_0,accel_gap_double,True,1.369399,True,True,,0.309649,1.679048
79,270,60,1000,0,1.0,79_270_60_1000_0,aux_gap_half,True,1.369399,True,True,,0.309649,1.679048
79,270,60,1000,0,1.0,79_270_60_1000_0,aux_gap_double,True,1.369399,True,True,,0.309649,1.679048
79,270,60,1000,1,1.0,79_270_60_1000_1,current,True,1.361032,True,True,,0.309576946,1.670608946
79,270,60,1000,1,1.0,79_270_60_1000_1,smoother_11,True,0.6100049999999999,True,False,,0.309576946,0.919581946
79,270,60,1000,1,1.0,79_270_60_1000_1,smoother_31,True,1.309315,True,True,,0.339551946,1.648866946
79,270,60,1000,1,1.0,79_270_60_1000_1,accel_gap_half,True,1.361032,True,True,,0.309576946,1.670608946
79,270,60,1000,1,1.0,79_270_60_1000_1,accel_gap_double,True,1.361032,True,True,,0.309576946,1.670608946
79,270,60,1000,1,1.0,79_270_60_1000_1,aux_gap_half,True,1.361032,True,True,,0.309576946,1.670608946
79,270,60,1000,1,1.0,79_270_60_1000_1,aux_gap_double,True,1.361032,True,True,,0.309576946,1.670608946
79,315,60,500,0,0.5,79_315_60_500_0,current,True,1.3588719999999999,True,True,,0.309895,1.668767
79,315,60,500,0,0.5,79_315_60_500_0,smoother_11,True,0.7410020000000002,True,False,,0.448856,1.189858
79,315,60,500,0,0.5,79_315_60_500_0,smoother_31,True,1.298175,True,True,,0.340645,1.63882
79,315,60,500,0,0.5,79_315_60_500_0,accel_gap_half,True,1.3588719999999999,True,True,,0.309895,1.668767
79,315,60,500,0,0.5,79_315_60_500_0,accel_gap_double,True,1.3588719999999999,True,True,,0.309895,1.668767
79,315,60,500,0,0.5,79_315_60_500_0,aux_gap_half,True,1.3588719999999999,True,True,,0.309895,1.668767
79,315,60,500,0,0.5,79_315_60_500_0,aux_gap_double,True,1.3588719999999999,True,True,,0.309895,1.668767
79,315,60,500,1,0.5,79_315_60_500_1,current,True,1.3603360000000002,True,True,,0.310009906,1.670345906
79,315,60,500,1,0.5,79_315_60_500_1,smoother_11,True,0.5600620000000001,True,False,,0.510893906,1.070955906
79,315,60,500,1,0.5,79_315_60_500_1,smoother_31,True,1.3201260000000001,True,True,,0.339264906,1.659390906
79,315,60,500,1,0.5,79_315_60_500_1,accel_gap_half,True,1.3603360000000002,True,True,,0.310009906,1.670345906
79,315,60,500,1,0.5,79_315_60_500_1,accel_gap_double,True,1.3603360000000002,True,True,,0.310009906,1.670345906
79,315,60,500,1,0.5,79_315_60_500_1,aux_gap_half,True,1.3603360000000002,True,True,,0.310009906,1.670345906
79,315,60,500,1,0.5,79_315_60_500_1,aux_gap_double,True,1.3603360000000002,True,True,,0.310009906,1.670345906
79,315,60,1000,0,1.0,79_315_60_1000_0,current,True,1.3690200000000001,True,True,,0.290465,1.659485
79,315,60,1000,0,1.0,79_315_60_1000_0,smoother_11,True,0.6801400000000001,True,False,,0.510047,1.190187
79,315,60,1000,0,1.0,79_315_60_1000_0,smoother_31,True,1.3100939999999999,True,True,,0.319841,1.629935
79,315,60,1000,0,1.0,79_315_60_1000_0,accel_gap_half,True,1.3690200000000001,True,True,,0.290465,1.659485
79,315,60,1000,0,1.0,79_315_60_1000_0,accel_gap_double,True,1.3690200000000001,True,True,,0.290465,1.659485
79,315,60,1000,0,1.0,79_315_60_1000_0,aux_gap_half,True,1.3690200000000001,True,True,,0.290465,1.659485
79,315,60,1000,0,1.0,79_315_60_1000_0,aux_gap_double,True,1.3690200000000001,True,True,,0.290465,1.659485
79,315,60,1000,1,1.0,79_315_60_1000_1,current,True,1.3498830000000002,True,True,,0.310515,1.660398
79,315,60,1000,1,1.0,79_315_60_1000_1,smoother_11,True,0.48035400000000017,False,False,,1.219507,1.699861
79,315,60,1000,1,1.0,79_315_60_1000_1,smoother_31,True,1.289738,True,True,,0.340798,1.630536
79,315,60,1000,1,1.0,79_315_60_1000_1,accel_gap_half,True,1.3498830000000002,True,True,,0.310515,1.660398
79,315,60,1000,1,1.0,79_315_60_1000_1,accel_gap_double,True,1.3498830000000002,True,True,,0.310515,1.660398
79,315,60,1000,1,1.0,79_315_60_1000_1,aux_gap_half,True,1.3498830000000002,True,True,,0.310515,1.660398
79,315,60,1000,1,1.0,79_315_60_1000_1,aux_gap_double,True,1.3498830000000002,True,True,,0.310515,1.660398
82,0,20,500,0,0.5,82_0_20_500_0,current,True,4.389697,True,True,,0.300265,4.689962
82,0,20,500,0,0.5,82_0_20_500_0,smoother_11,True,0.7215760000000001,True,False,,0.799252,1.520828
82,0,20,500,0,0.5,82_0_20_500_0,smoother_31,True,4.330129,True,True,,0.329908,4.660037
82,0,20,500,0,0.5,82_0_20_500_0,accel_gap_half,True,4.389697,True,True,,0.300265,4.689962
82,0,20,500,0,0.5,82_0_20_500_0,accel_gap_double,True,4.389697,True,True,,0.300265,4.689962
82,0,20,500,0,0.5,82_0_20_500_0,aux_gap_half,True,4.389697,True,True,,0.300265,4.689962
82,0,20,500,0,0.5,82_0_20_500_0,aux_gap_double,True,4.389697,True,True,,0.300265,4.689962
82,0,20,500,1,0.5,82_0_20_500_1,current,True,4.4117,True,True,,0.289403,4.701103
82,0,20,500,1,0.5,82_0_20_500_1,smoother_11,True,0.461819,False,False,,0.668876,1.130695
82,0,20,500,1,0.5,82_0_20_500_1,smoother_31,True,4.360433,True,True,,0.319592,4.680025
82,0,20,500,1,0.5,82_0_20_500_1,accel_gap_half,True,4.4117,True,True,,0.289403,4.701103
82,0,20,500,1,0.5,82_0_20_500_1,accel_gap_double,True,4.4117,True,True,,0.289403,4.701103
82,0,20,500,1,0.5,82_0_20_500_1,aux_gap_half,True,4.4117,True,True,,0.289403,4.701103
82,0,20,500,1,0.5,82_0_20_500_1,aux_gap_double,True,4.4117,True,True,,0.289403,4.701103
82,0,20,1000,0,1.0,82_0_20_1000_0,current,True,2.270969,True,True,,2.429848,4.700817
82,0,20,1000,0,1.0,82_0_20_1000_0,smoother_11,True,0.8510400000000002,True,False,,1.338825,2.189865
82,0,20,1000,0,1.0,82_0_20_1000_0,smoother_31,True,4.358663,True,True,,0.310585,4.669248
82,0,20,1000,0,1.0,82_0_20_1000_0,accel_gap_half,True,2.270969,True,True,,2.429848,4.700817
82,0,20,1000,0,1.0,82_0_20_1000_0,accel_gap_double,True,2.270969,True,True,,2.429848,4.700817
82,0,20,1000,0,1.0,82_0_20_1000_0,aux_gap_half,True,2.270969,True,True,,2.429848,4.700817
82,0,20,1000,0,1.0,82_0_20_1000_0,aux_gap_double,True,2.270969,True,True,,2.429848,4.700817
82,0,20,1000,1,1.0,82_0_20_1000_1,current,True,4.229485,True,True,,0.280659,4.510144
82,0,20,1000,1,1.0,82_0_20_1000_1,smoother_11,True,1.2800730000000002,True,True,,0.749723,2.029796
82,0,20,1000,1,1.0,82_0_20_1000_1,smoother_31,True,4.339276000000001,True,True,,0.320586,4.659862
82,0,20,1000,1,1.0,82_0_20_1000_1,accel_gap_half,True,4.229485,True,True,,0.280659,4.510144
82,0,20,1000,1,1.0,82_0_20_1000_1,accel_gap_double,True,4.229485,True,True,,0.280659,4.510144
82,0,20,1000,1,1.0,82_0_20_1000_1,aux_gap_half,True,4.229485,True,True,,0.280659,4.510144
82,0,20,1000,1,1.0,82_0_20_1000_1,aux_gap_double,True,4.229485,True,True,,0.280659,4.510144
82,45,20,500,0,0.5,82_45_20_500_0,current,True,2.3103670000000003,True,True,,0.299905,2.610272
82,45,20,500,0,0.5,82_45_20_500_0,smoother_11,True,1.3204699999999998,True,True,,0.269103,1.589573
82,45,20,500,0,0.5,82_45_20_500_0,smoother_31,True,4.318928,True,True,,0.340664,4.659592
82,45,20,500,0,0.5,82_45_20_500_0,accel_gap_half,True,2.3103670000000003,True,True,,0.299905,2.610272
82,45,20,500,0,0.5,82_45_20_500_0,accel_gap_double,True,2.3103670000000003,True,True,,0.299905,2.610272
82,45,20,500,0,0.5,82_45_20_500_0,aux_gap_half,True,2.3103670000000003,True,True,,0.299905,2.610272
82,45,20,500,0,0.5,82_45_20_500_0,aux_gap_double,True,2.3103670000000003,True,True,,0.299905,2.610272
82,45,20,500,1,0.5,82_45_20_500_1,current,True,2.849852,True,True,,0.299074,3.148926
82,45,20,500,1,0.5,82_45_20_500_1,smoother_11,True,1.1276259999999998,True,True,,2.0213,3.148926
82,45,20,500,1,0.5,82_45_20_500_1,smoother_31,True,4.3192580000000005,True,True,,0.330804,4.650062
82,45,20,500,1,0.5,82_45_20_500_1,accel_gap_half,True,2.849852,True,True,,0.299074,3.148926
82,45,20,500,1,0.5,82_45_20_500_1,accel_gap_double,True,2.849852,True,True,,0.299074,3.148926
82,45,20,500,1,0.5,82_45_20_500_1,aux_gap_half,True,2.849852,True,True,,0.299074,3.148926
82,45,20,500,1,0.5,82_45_20_500_1,aux_gap_double,True,2.849852,True,True,,0.299074,3.148926
82,45,20,1000,0,1.0,82_45_20_1000_0,current,True,3.4497799999999996,True,True,,0.290333765,3.740113765
82,45,20,1000,0,1.0,82_45_20_1000_0,smoother_11,True,0.700907,True,False,,0.649179765,1.350086765
82,45,20,1000,0,1.0,82_45_20_1000_0,smoother_31,True,4.311014999999999,True,True,,0.329009765,4.640024765
82,45,20,1000,0,1.0,82_45_20_1000_0,accel_gap_half,True,3.4497799999999996,True,True,,0.290333765,3.740113765
82,45,20,1000,0,1.0,82_45_20_1000_0,accel_gap_double,True,3.4497799999999996,True,True,,0.290333765,3.740113765
82,45,20,1000,0,1.0,82_45_20_1000_0,aux_gap_half,True,3.4497799999999996,True,True,,0.290333765,3.740113765
82,45,20,1000,0,1.0,82_45_20_1000_0,aux_gap_double,True,3.4497799999999996,True,True,,0.290333765,3.740113765
82,45,20,1000,1,1.0,82_45_20_1000_1,current,True,3.460084,True,True,,1.199839,4.659923
82,45,20,1000,1,1.0,82_45_20_1000_1,smoother_11,True,0.8798409999999999,True,False,,1.910632,2.790473
82,45,20,1000,1,1.0,82_45_20_1000_1,smoother_31,True,4.330142,True,True,,0.299722,4.629864
82,45,20,1000,1,1.0,82_45_20_1000_1,accel_gap_half,True,3.460084,True,True,,1.199839,4.659923
82,45,20,1000,1,1.0,82_45_20_1000_1,accel_gap_double,True,3.460084,True,True,,1.199839,4.659923
82,45,20,1000,1,1.0,82_45_20_1000_1,aux_gap_half,True,3.460084,True,True,,1.199839,4.659923
82,45,20,1000,1,1.0,82_45_20_1000_1,aux_gap_double,True,3.460084,True,True,,1.199839,4.659923
82,90,20,500,0,0.5,82_90_20_500_0,current,True,3.718795,True,True,,0.270984205,3.989779205
82,90,20,500,0,0.5,82_90_20_500_0,smoother_11,True,1.3601880000000002,True,True,,1.998962205,3.359150205
82,90,20,500,0,0.5,82_90_20_500_0,smoother_31,True,4.360347,True,True,,0.300216205,4.660563205
82,90,20,500,0,0.5,82_90_20_500_0,accel_gap_half,True,3.718795,True,True,,0.270984205,3.989779205
82,90,20,500,0,0.5,82_90_20_500_0,accel_gap_double,True,3.718795,True,True,,0.270984205,3.989779205
82,90,20,500,0,0.5,82_90_20_500_0,aux_gap_half,True,3.718795,True,True,,0.270984205,3.989779205
82,90,20,500,0,0.5,82_90_20_500_0,aux_gap_double,True,3.718795,True,True,,0.270984205,3.989779205
82,90,20,500,1,0.5,82_90_20_500_1,current,True,2.479037,True,True,,0.290602049,2.769639049
82,90,20,500,1,0.5,82_90_20_500_1,smoother_11,True,0.9595789999999997,True,False,,2.810471049,3.770050049
82,90,20,500,1,0.5,82_90_20_500_1,smoother_31,True,4.348457,True,True,,0.310352049,4.658809049
82,90,20,500,1,0.5,82_90_20_500_1,accel_gap_half,True,2.479037,True,True,,0.290602049,2.769639049
82,90,20,500,1,0.5,82_90_20_500_1,accel_gap_double,True,2.479037,True,True,,0.290602049,2.769639049
82,90,20,500,1,0.5,82_90_20_500_1,aux_gap_half,True,2.479037,True,True,,0.290602049,2.769639049
82,90,20,500,1,0.5,82_90_20_500_1,aux_gap_double,True,2.479037,True,True,,0.290602049,2.769639049
82,90,20,1000,0,1.0,82_90_20_1000_0,current,True,4.3912249999999995,True,True,,0.26963847,4.66086347
82,90,20,1000,0,1.0,82_90_20_1000_0,smoother_11,True,0.850463,True,False,,1.06978547,1.92024847
82,90,20,1000,0,1.0,82_90_20_1000_0,smoother_31,True,4.328557,True,True,,0.31120347,4.63976047
82,90,20,1000,0,1.0,82_90_20_1000_0,accel_gap_half,True,4.3912249999999995,True,True,,0.26963847,4.66086347
82,90,20,1000,0,1.0,82_90_20_1000_0,accel_gap_double,True,4.3912249999999995,True,True,,0.26963847,4.66086347
82,90,20,1000,0,1.0,82_90_20_1000_0,aux_gap_half,True,4.3912249999999995,True,True,,0.26963847,4.66086347
82,90,20,1000,0,1.0,82_90_20_1000_0,aux_gap_double,True,4.3912249999999995,True,True,,0.26963847,4.66086347
82,90,20,1000,1,1.0,82_90_20_1000_1,current,True,4.409345,True,True,,0.271209,4.680554
82,90,20,1000,1,1.0,82_90_20_1000_1,smoother_11,True,0.948534,True,False,,0.900781,1.849315
82,90,20,1000,1,1.0,82_90_20_1000_1,smoother_31,True,4.351339,True,True,,0.298982,4.650321
82,90,20,1000,1,1.0,82_90_20_1000_1,accel_gap_half,True,4.409345,True,True,,0.271209,4.680554
82,90,20,1000,1,1.0,82_90_20_1000_1,accel_gap_double,True,4.409345,True,True,,0.271209,4.680554
82,90,20,1000,1,1.0,82_90_20_1000_1,aux_gap_half,True,4.409345,True,True,,0.271209,4.680554
82,90,20,1000,1,1.0,82_90_20_1000_1,aux_gap_double,True,4.409345,True,True,,0.271209,4.680554
82,135,20,500,0,0.5,82_135_20_500_0,current,True,2.6202810000000003,True,True,,2.060224,4.680505
82,135,20,500,0,0.5,82_135_20_500_0,smoother_11,True,0.658843,True,False,,0.520997,1.17984
82,135,20,500,0,0.5,82_135_20_500_0,smoother_31,True,4.310919,True,True,,0.33986,4.650779
82,135,20,500,0,0.5,82_135_20_500_0,accel_gap_half,True,2.6202810000000003,True,True,,2.060224,4.680505
82,135,20,500,0,0.5,82_135_20_500_0,accel_gap_double,True,2.6202810000000003,True,True,,2.060224,4.680505
82,135,20,500,0,0.5,82_135_20_500_0,aux_gap_half,True,2.6202810000000003,True,True,,2.060224,4.680505
82,135,20,500,0,0.5,82_135_20_500_0,aux_gap_double,True,2.6202810000000003,True,True,,2.060224,4.680505
82,135,20,500,1,0.5,82_135_20_500_1,current,True,4.360751,True,True,,0.300398,4.661149
82,135,20,500,1,0.5,82_135_20_500_1,smoother_11,True,0.7499389999999999,True,False,,2.150199,2.900138
82,135,20,500,1,0.5,82_135_20_500_1,smoother_31,True,4.311106,True,True,,0.319352,4.630458
82,135,20,500,1,0.5,82_135_20_500_1,accel_gap_half,True,4.360751,True,True,,0.300398,4.661149
82,135,20,500,1,0.5,82_135_20_500_1,accel_gap_double,True,4.360751,True,True,,0.300398,4.661149
82,135,20,500,1,0.5,82_135_20_500_1,aux_gap_half,True,4.360751,True,True,,0.300398,4.661149
82,135,20,500,1,0.5,82_135_20_500_1,aux_gap_double,True,4.360751,True,True,,0.300398,4.661149
82,135,20,1000,0,1.0,82_135_20_1000_0,current,True,2.98941,True,True,,0.300680653,3.290090653
82,135,20,1000,0,1.0,82_135_20_1000_0,smoother_11,True,1.089301,True,True,,0.270309653,1.359610653
82,135,20,1000,0,1.0,82_135_20_1000_0,smoother_31,True,4.320034000000001,True,True,,0.329904653,4.649938653
82,135,20,1000,0,1.0,82_135_20_1000_0,accel_gap_half,True,2.98941,True,True,,0.300680653,3.290090653
82,135,20,1000,0,1.0,82_135_20_1000_0,accel_gap_double,True,2.98941,True,True,,0.300680653,3.290090653
82,135,20,1000,0,1.0,82_135_20_1000_0,aux_gap_half,True,2.98941,True,True,,0.300680653,3.290090653
82,135,20,1000,0,1.0,82_135_20_1000_0,aux_gap_double,True,2.98941,True,True,,0.300680653,3.290090653
82,135,20,1000,1,1.0,82_135_20_1000_1,current,True,4.381121,True,True,,0.289351898,4.670472898
82,135,20,1000,1,1.0,82_135_20_1000_1,smoother_11,True,1.5610309999999998,True,True,,2.559250898,4.120281898
82,135,20,1000,1,1.0,82_135_20_1000_1,smoother_31,True,4.3203119999999995,True,True,,0.320567898,4.640879898
82,135,20,1000,1,1.0,82_135_20_1000_1,accel_gap_half,True,4.381121,True,True,,0.289351898,4.670472898
82,135,20,1000,1,1.0,82_135_20_1000_1,accel_gap_double,True,4.381121,True,True,,0.289351898,4.670472898
82,135,20,1000,1,1.0,82_135_20_1000_1,aux_gap_half,True,4.381121,True,True,,0.289351898,4.670472898
82,135,20,1000,1,1.0,82_135_20_1000_1,aux_gap_double,True,4.381121,True,True,,0.289351898,4.670472898
82,180,20,500,0,0.5,82_180_20_500_0,current,True,4.309624,True,True,,0.310661776,4.620285776
82,180,20,500,0,0.5,82_180_20_500_0,smoother_11,True,1.0002259999999998,True,True,,1.390244776,2.390470776
82,180,20,500,0,0.5,82_180_20_500_0,smoother_31,True,4.3407,True,True,,0.339287776,4.679987776
82,180,20,500,0,0.5,82_180_20_500_0,accel_gap_half,True,4.309624,True,True,,0.310661776,4.620285776
82,180,20,500,0,0.5,82_180_20_500_0,accel_gap_double,True,4.309624,True,True,,0.310661776,4.620285776
82,180,20,500,0,0.5,82_180_20_500_0,aux_gap_half,True,4.309624,True,True,,0.310661776,4.620285776
82,180,20,500,0,0.5,82_180_20_500_0,aux_gap_double,True,4.309624,True,True,,0.310661776,4.620285776
82,180,20,500,1,0.5,82_180_20_500_1,current,True,1.670128,True,True,,1.360287102,3.030415102
82,180,20,500,1,0.5,82_180_20_500_1,smoother_11,True,0.7605160000000002,True,False,,1.629417102,2.389933102
82,180,20,500,1,0.5,82_180_20_500_1,smoother_31,True,4.339404,True,True,,0.329263102,4.668667102
82,180,20,500,1,0.5,82_180_20_500_1,accel_gap_half,True,1.670128,True,True,,1.360287102,3.030415102
82,180,20,500,1,0.5,82_180_20_500_1,accel_gap_double,True,1.670128,True,True,,1.360287102,3.030415102
82,180,20,500,1,0.5,82_180_20_500_1,aux_gap_half,True,1.670128,True,True,,1.360287102,3.030415102
82,180,20,500,1,0.5,82_180_20_500_1,aux_gap_double,True,1.670128,True,True,,1.360287102,3.030415102
82,180,20,1000,0,1.0,82_180_20_1000_0,current,True,4.399607,True,True,,0.299706136,4.699313136
82,180,20,1000,0,1.0,82_180_20_1000_0,smoother_11,True,1.1808970000000003,True,True,,3.110034136,4.290931136
82,180,20,1000,0,1.0,82_180_20_1000_0,smoother_31,True,4.339589999999999,True,True,,0.329743136,4.669333136
82,180,20,1000,0,1.0,82_180_20_1000_0,accel_gap_half,True,4.399607,True,True,,0.299706136,4.699313136
82,180,20,1000,0,1.0,82_180_20_1000_0,accel_gap_double,True,4.399607,True,True,,0.299706136,4.699313136
82,180,20,1000,0,1.0,82_180_20_1000_0,aux_gap_half,True,4.399607,True,True,,0.299706136,4.699313136
82,180,20,1000,0,1.0,82_180_20_1000_0,aux_gap_double,True,4.399607,True,True,,0.299706136,4.699313136
82,180,20,1000,1,1.0,82_180_20_1000_1,current,True,4.411023,True,True,,0.299510898,4.710533898
82,180,20,1000,1,1.0,82_180_20_1000_1,smoother_11,True,0.8976529999999999,True,False,,0.460915898,1.358568898
82,180,20,1000,1,1.0,82_180_20_1000_1,smoother_31,True,4.33983,True,True,,0.338782898,4.678612898
82,180,20,1000,1,1.0,82_180_20_1000_1,accel_gap_half,True,4.411023,True,True,,0.299510898,4.710533898
82,180,20,1000,1,1.0,82_180_20_1000_1,accel_gap_double,True,4.411023,True,True,,0.299510898,4.710533898
82,180,20,1000,1,1.0,82_180_20_1000_1,aux_gap_half,True,4.411023,True,True,,0.299510898,4.710533898
82,180,20,1000,1,1.0,82_180_20_1000_1,aux_gap_double,True,4.411023,True,True,,0.299510898,4.710533898
82,225,20,500,0,0.5,82_225_20_500_0,current,True,4.368752,True,True,,0.290763115,4.659515115
82,225,20,500,0,0.5,82_225_20_500_0,smoother_11,True,1.720038,True,True,,0.269857115,1.989895115
82,225,20,500,0,0.5,82_225_20_500_0,smoother_31,True,4.3105020000000005,True,True,,0.319534115,4.630036115
82,225,20,500,0,0.5,82_225_20_500_0,accel_gap_half,True,4.368752,True,True,,0.290763115,4.659515115
82,225,20,500,0,0.5,82_225_20_500_0,accel_gap_double,True,4.368752,True,True,,0.290763115,4.659515115
82,225,20,500,0,0.5,82_225_20_500_0,aux_gap_half,True,4.368752,True,True,,0.290763115,4.659515115
82,225,20,500,0,0.5,82_225_20_500_0,aux_gap_double,True,4.368752,True,True,,0.290763115,4.659515115
82,225,20,500,1,0.5,82_225_20_500_1,current,True,4.3899930000000005,True,True,,0.288957558,4.678950558
82,225,20,500,1,0.5,82_225_20_500_1,smoother_11,True,0.699498,True,False,,1.380867558,2.080365558
82,225,20,500,1,0.5,82_225_20_500_1,smoother_31,True,4.3194360000000005,True,True,,0.329641558,4.649077558
82,225,20,500,1,0.5,82_225_20_500_1,accel_gap_half,True,4.3899930000000005,True,True,,0.288957558,4.678950558
82,225,20,500,1,0.5,82_225_20_500_1,accel_gap_double,True,4.3899930000000005,True,True,,0.288957558,4.678950558
82,225,20,500,1,0.5,82_225_20_500_1,aux_gap_half,True,4.3899930000000005,True,True,,0.288957558,4.678950558
82,225,20,500,1,0.5,82_225_20_500_1,aux_gap_double,True,4.3899930000000005,True,True,,0.288957558,4.678950558
82,225,20,1000,0,1.0,82_225_20_1000_0,current,True,3.500399,True,True,,1.150971,4.65137
82,225,20,1000,0,1.0,82_225_20_1000_0,smoother_11,True,1.0396079999999999,True,True,,1.730959,2.770567
82,225,20,1000,0,1.0,82_225_20_1000_0,smoother_31,True,4.318723,True,True,,0.310472,4.629195
82,225,20,1000,0,1.0,82_225_20_1000_0,accel_gap_half,True,3.500399,True,True,,1.150971,4.65137
82,225,20,1000,0,1.0,82_225_20_1000_0,accel_gap_double,True,3.500399,True,True,,1.150971,4.65137
82,225,20,1000,0,1.0,82_225_20_1000_0,aux_gap_half,True,3.500399,True,True,,1.150971,4.65137
82,225,20,1000,0,1.0,82_225_20_1000_0,aux_gap_double,True,3.500399,True,True,,1.150971,4.65137
82,225,20,1000,1,1.0,82_225_20_1000_1,current,True,1.9588,True,True,,0.300604,2.259404
82,225,20,1000,1,1.0,82_225_20_1000_1,smoother_11,True,0.779932,True,False,,0.80988,1.589812
82,225,20,1000,1,1.0,82_225_20_1000_1,smoother_31,True,4.32031,True,True,,0.330386,4.650696
82,225,20,1000,1,1.0,82_225_20_1000_1,accel_gap_half,True,1.9588,True,True,,0.300604,2.259404
82,225,20,1000,1,1.0,82_225_20_1000_1,accel_gap_double,True,1.9588,True,True,,0.300604,2.259404
82,225,20,1000,1,1.0,82_225_20_1000_1,aux_gap_half,True,1.9588,True,True,,0.300604,2.259404
82,225,20,1000,1,1.0,82_225_20_1000_1,aux_gap_double,True,1.9588,True,True,,0.300604,2.259404
82,270,20,500,0,0.5,82_270_20_500_0,current,True,4.410837000000001,True,True,,0.27980909,4.69064609
82,270,20,500,0,0.5,82_270_20_500_0,smoother_11,True,1.029544,True,True,,1.09978109,2.12932509
82,270,20,500,0,0.5,82_270_20_500_0,smoother_31,True,4.3601160000000005,True,True,,0.29942509,4.65954109
82,270,20,500,0,0.5,82_270_20_500_0,accel_gap_half,True,4.410837000000001,True,True,,0.27980909,4.69064609
82,270,20,500,0,0.5,82_270_20_500_0,accel_gap_double,True,4.410837000000001,True,True,,0.27980909,4.69064609
82,270,20,500,0,0.5,82_270_20_500_0,aux_gap_half,True,4.410837000000001,True,True,,0.27980909,4.69064609
82,270,20,500,0,0.5,82_270_20_500_0,aux_gap_double,True,4.410837000000001,True,True,,0.27980909,4.69064609
82,270,20,500,1,0.5,82_270_20_500_1,current,True,2.1910709999999995,True,True,,2.528685593,4.719756593
82,270,20,500,1,0.5,82_270_20_500_1,smoother_11,True,0.730745,True,False,,0.279700593,1.010445593
82,270,20,500,1,0.5,82_270_20_500_1,smoother_31,True,4.340071,True,True,,0.339262593,4.679333593
82,270,20,500,1,0.5,82_270_20_500_1,accel_gap_half,True,2.1910709999999995,True,True,,2.528685593,4.719756593
82,270,20,500,1,0.5,82_270_20_500_1,accel_gap_double,True,2.1910709999999995,True,True,,2.528685593,4.719756593
82,270,20,500,1,0.5,82_270_20_500_1,aux_gap_half,True,2.1910709999999995,True,True,,2.528685593,4.719756593
82,270,20,500,1,0.5,82_270_20_500_1,aux_gap_double,True,2.1910709999999995,True,True,,2.528685593,4.719756593
82,270,20,1000,0,1.0,82_270_20_1000_0,current,True,4.410002,True,True,,0.278922389,4.688924389
82,270,20,1000,0,1.0,82_270_20_1000_0,smoother_11,True,0.9401269999999999,True,False,,0.510229389,1.450356389
82,270,20,1000,0,1.0,82_270_20_1000_0,smoother_31,True,4.340991,True,True,,0.318851389,4.659842389
82,270,20,1000,0,1.0,82_270_20_1000_0,accel_gap_half,True,4.410002,True,True,,0.278922389,4.688924389
82,270,20,1000,0,1.0,82_270_20_1000_0,accel_gap_double,True,4.410002,True,True,,0.278922389,4.688924389
82,270,20,1000,0,1.0,82_270_20_1000_0,aux_gap_half,True,4.410002,True,True,,0.278922389,4.688924389
82,270,20,1000,0,1.0,82_270_20_1000_0,aux_gap_double,True,4.410002,True,True,,0.278922389,4.688924389
82,270,20,1000,1,1.0,82_270_20_1000_1,current,True,2.88002,True,True,,1.819781846,4.699801846
82,270,20,1000,1,1.0,82_270_20_1000_1,smoother_11,True,1.361143,True,True,,0.259572846,1.620715846
82,270,20,1000,1,1.0,82_270_20_1000_1,smoother_31,True,4.351119000000001,True,True,,0.309404846,4.660523846
82,270,20,1000,1,1.0,82_270_20_1000_1,accel_gap_half,True,2.88002,True,True,,1.819781846,4.699801846
82,270,20,1000,1,1.0,82_270_20_1000_1,accel_gap_double,True,2.88002,True,True,,1.819781846,4.699801846
82,270,20,1000,1,1.0,82_270_20_1000_1,aux_gap_half,True,2.88002,True,True,,1.819781846,4.699801846
82,270,20,1000,1,1.0,82_270_20_1000_1,aux_gap_double,True,2.88002,True,True,,1.819781846,4.699801846
82,315,20,500,0,0.5,82_315_20_500_0,current,True,4.3808229999999995,True,True,,0.290039,4.670862
82,315,20,500,0,0.5,82_315_20_500_0,smoother_11,True,0.6801250000000001,True,False,,0.419651,1.099776
82,315,20,500,0,0.5,82_315_20_500_0,smoother_31,True,4.3190550000000005,True,True,,0.320129,4.639184
82,315,20,500,0,0.5,82_315_20_500_0,accel_gap_half,True,4.3808229999999995,True,True,,0.290039,4.670862
82,315,20,500,0,0.5,82_315_20_500_0,accel_gap_double,True,4.3808229999999995,True,True,,0.290039,4.670862
82,315,20,500,0,0.5,82_315_20_500_0,aux_gap_half,True,4.3808229999999995,True,True,,0.290039,4.670862
82,315,20,500,0,0.5,82_315_20_500_0,aux_gap_double,True,4.3808229999999995,True,True,,0.290039,4.670862
82,315,20,500,1,0.5,82_315_20_500_1,current,True,3.6100190000000003,True,True,,1.060363,4.670382
82,315,20,500,1,0.5,82_315_20_500_1,smoother_11,True,1.498813,True,True,,1.781255,3.280068
82,315,20,500,1,0.5,82_315_20_500_1,smoother_31,True,4.329378999999999,True,True,,0.320737,4.650116
82,315,20,500,1,0.5,82_315_20_500_1,accel_gap_half,True,3.6100190000000003,True,True,,1.060363,4.670382
82,315,20,500,1,0.5,82_315_20_500_1,accel_gap_double,True,3.6100190000000003,True,True,,1.060363,4.670382
82,315,20,500,1,0.5,82_315_20_500_1,aux_gap_half,True,3.6100190000000003,True,True,,1.060363,4.670382
82,315,20,500,1,0.5,82_315_20_500_1,aux_gap_double,True,3.6100190000000003,True,True,,1.060363,4.670382
82,315,20,1000,0,1.0,82_315_20_1000_0,current,True,4.370656,True,True,,0.288938,4.659594
82,315,20,1000,0,1.0,82_315_20_1000_0,smoother_11,True,1.1082880000000002,True,True,,1.401111,2.509399
82,315,20,1000,0,1.0,82_315_20_1000_0,smoother_31,True,4.290759,True,True,,0.330349,4.621108
82,315,20,1000,0,1.0,82_315_20_1000_0,accel_gap_half,True,4.370656,True,True,,0.288938,4.659594
82,315,20,1000,0,1.0,82_315_20_1000_0,accel_gap_double,True,4.370656,True,True,,0.288938,4.659594
82,315,20,1000,0,1.0,82_315_20_1000_0,aux_gap_half,True,4.370656,True,True,,0.288938,4.659594
82,315,20,1000,0,1.0,82_315_20_1000_0,aux_gap_double,True,4.370656,True,True,,0.288938,4.659594
82,315,20,1000,1,1.0,82_315_20_1000_1,current,True,4.368650000000001,True,True,,0.300838,4.669488
82,315,20,1000,1,1.0,82_315_20_1000_1,smoother_11,True,0.8891070000000001,True,False,,3.519818,4.408925
82,315,20,1000,1,1.0,82_315_20_1000_1,smoother_31,True,4.322184,True,True,,0.329028,4.651212
82,315,20,1000,1,1.0,82_315_20_1000_1,accel_gap_half,True,4.368650000000001,True,True,,0.300838,4.669488
82,315,20,1000,1,1.0,82_315_20_1000_1,accel_gap_double,True,4.368650000000001,True,True,,0.300838,4.669488
82,315,20,1000,1,1.0,82_315_20_1000_1,aux_gap_half,True,4.368650000000001,True,True,,0.300838,4.669488
82,315,20,1000,1,1.0,82_315_20_1000_1,aux_gap_double,True,4.368650000000001,True,True,,0.300838,4.669488
82,0,40,500,0,0.5,82_0_40_500_0,current,True,2.120027,True,True,,0.279592881,2.399619881
82,0,40,500,0,0.5,82_0_40_500_0,smoother_11,True,0.44908400000000004,False,False,,1.919924881,2.369008881
82,0,40,500,0,0.5,82_0_40_500_0,smoother_31,True,2.0698,True,True,,0.299208881,2.369008881
82,0,40,500,0,0.5,82_0_40_500_0,accel_gap_half,True,2.120027,True,True,,0.279592881,2.399619881
82,0,40,500,0,0.5,82_0_40_500_0,accel_gap_double,True,2.120027,True,True,,0.279592881,2.399619881
82,0,40,500,0,0.5,82_0_40_500_0,aux_gap_half,True,2.120027,True,True,,0.279592881,2.399619881
82,0,40,500,0,0.5,82_0_40_500_0,aux_gap_double,True,2.120027,True,True,,0.279592881,2.399619881
82,0,40,500,1,0.5,82_0_40_500_1,current,True,2.130709,True,True,,0.280106,2.410815
82,0,40,500,1,0.5,82_0_40_500_1,smoother_11,True,0.4011530000000001,False,False,,0.819585,1.220738
82,0,40,500,1,0.5,82_0_40_500_1,smoother_31,True,2.078371,True,True,,0.310326,2.388697
82,0,40,500,1,0.5,82_0_40_500_1,accel_gap_half,True,2.130709,True,True,,0.280106,2.410815
82,0,40,500,1,0.5,82_0_40_500_1,accel_gap_double,True,2.130709,True,True,,0.280106,2.410815
82,0,40,500,1,0.5,82_0_40_500_1,aux_gap_half,True,2.130709,True,True,,0.280106,2.410815
82,0,40,500,1,0.5,82_0_40_500_1,aux_gap_double,True,2.130709,True,True,,0.280106,2.410815
82,0,40,1000,0,1.0,82_0_40_1000_0,current,True,2.128404,True,True,,0.290467,2.418871
82,0,40,1000,0,1.0,82_0_40_1000_0,smoother_11,True,0.4306700000000001,False,False,,0.650156,1.080826
82,0,40,1000,0,1.0,82_0_40_1000_0,smoother_31,True,2.081022,True,True,,0.319309,2.400331
82,0,40,1000,0,1.0,82_0_40_1000_0,accel_gap_half,True,2.128404,True,True,,0.290467,2.418871
82,0,40,1000,0,1.0,82_0_40_1000_0,accel_gap_double,True,2.128404,True,True,,0.290467,2.418871
82,0,40,1000,0,1.0,82_0_40_1000_0,aux_gap_half,True,2.128404,True,True,,0.290467,2.418871
82,0,40,1000,0,1.0,82_0_40_1000_0,aux_gap_double,True,2.128404,True,True,,0.290467,2.418871
82,0,40,1000,1,1.0,82_0_40_1000_1,current,True,2.119655,True,True,,0.300522,2.420177
82,0,40,1000,1,1.0,82_0_40_1000_1,smoother_11,True,1.039193,True,True,,0.379811,1.419004
82,0,40,1000,1,1.0,82_0_40_1000_1,smoother_31,True,2.0599220000000003,True,True,,0.330984,2.390906
82,0,40,1000,1,1.0,82_0_40_1000_1,accel_gap_half,True,2.119655,True,True,,0.300522,2.420177
82,0,40,1000,1,1.0,82_0_40_1000_1,accel_gap_double,True,2.119655,True,True,,0.300522,2.420177
82,0,40,1000,1,1.0,82_0_40_1000_1,aux_gap_half,True,2.119655,True,True,,0.300522,2.420177
82,0,40,1000,1,1.0,82_0_40_1000_1,aux_gap_double,True,2.119655,True,True,,0.300522,2.420177
82,45,40,500,0,0.5,82_45_40_500_0,current,True,2.111149,True,True,,0.299616,2.410765
82,45,40,500,0,0.5,82_45_40_500_0,smoother_11,True,1.22009,True,True,,0.330375,1.550465
82,45,40,500,0,0.5,82_45_40_500_0,smoother_31,True,2.060138,True,True,,0.320732,2.38087
82,45,40,500,0,0.5,82_45_40_500_0,accel_gap_half,True,2.111149,True,True,,0.299616,2.410765
82,45,40,500,0,0.5,82_45_40_500_0,accel_gap_double,True,2.111149,True,True,,0.299616,2.410765
82,45,40,500,0,0.5,82_45_40_500_0,aux_gap_half,True,2.111149,True,True,,0.299616,2.410765
82,45,40,500,0,0.5,82_45_40_500_0,aux_gap_double,True,2.111149,True,True,,0.299616,2.410765
82,45,40,500,1,0.5,82_45_40_500_1,current,True,2.119883,True,True,,0.279634142,2.399517142
82,45,40,500,1,0.5,82_45_40_500_1,smoother_11,True,1.630973,True,True,,0.799918142,2.430891142
82,45,40,500,1,0.5,82_45_40_500_1,smoother_31,True,2.060331,True,True,,0.308988142,2.369319142
82,45,40,500,1,0.5,82_45_40_500_1,accel_gap_half,True,2.119883,True,True,,0.279634142,2.399517142
82,45,40,500,1,0.5,82_45_40_500_1,accel_gap_double,True,2.119883,True,True,,0.279634142,2.399517142
82,45,40,500,1,0.5,82_45_40_500_1,aux_gap_half,True,2.119883,True,True,,0.279634142,2.399517142
82,45,40,500,1,0.5,82_45_40_500_1,aux_gap_double,True,2.119883,True,True,,0.279634142,2.399517142
82,45,40,1000,0,1.0,82_45_40_1000_0,current,True,1.9313690000000001,True,True,,0.289171,2.22054
82,45,40,1000,0,1.0,82_45_40_1000_0,smoother_11,True,0.4898839999999999,False,False,,0.660108,1.149992
82,45,40,1000,0,1.0,82_45_40_1000_0,smoother_31,True,2.069924,True,True,,0.32046,2.390384
82,45,40,1000,0,1.0,82_45_40_1000_0,accel_gap_half,True,1.9313690000000001,True,True,,0.289171,2.22054
82,45,40,1000,0,1.0,82_45_40_1000_0,accel_gap_double,True,1.9313690000000001,True,True,,0.289171,2.22054
82,45,40,1000,0,1.0,82_45_40_1000_0,aux_gap_half,True,1.9313690000000001,True,True,,0.289171,2.22054
82,45,40,1000,0,1.0,82_45_40_1000_0,aux_gap_double,True,1.9313690000000001,True,True,,0.289171,2.22054
82,45,40,1000,1,1.0,82_45_40_1000_1,current,True,2.118634,True,True,,0.290830303,2.409464303
82,45,40,1000,1,1.0,82_45_40_1000_1,smoother_11,True,1.0713120000000003,True,True,,1.369225303,2.440537303
82,45,40,1000,1,1.0,82_45_40_1000_1,smoother_31,True,2.0503600000000004,True,True,,0.319277303,2.369637303
82,45,40,1000,1,1.0,82_45_40_1000_1,accel_gap_half,True,2.118634,True,True,,0.290830303,2.409464303
82,45,40,1000,1,1.0,82_45_40_1000_1,accel_gap_double,True,2.118634,True,True,,0.290830303,2.409464303
82,45,40,1000,1,1.0,82_45_40_1000_1,aux_gap_half,True,2.118634,True,True,,0.290830303,2.409464303
82,45,40,1000,1,1.0,82_45_40_1000_1,aux_gap_double,True,2.118634,True,True,,0.290830303,2.409464303
82,90,40,500,0,0.5,82_90_40_500_0,current,True,2.1198740000000003,True,True,,0.309996,2.42987
82,90,40,500,0,0.5,82_90_40_500_0,smoother_11,True,0.4092450000000001,False,False,,1.961012,2.370257
82,90,40,500,0,0.5,82_90_40_500_0,smoother_31,True,2.050585,True,True,,0.349104,2.399689
82,90,40,500,0,0.5,82_90_40_500_0,accel_gap_half,True,2.1198740000000003,True,True,,0.309996,2.42987
82,90,40,500,0,0.5,82_90_40_500_0,accel_gap_double,True,2.1198740000000003,True,True,,0.309996,2.42987
82,90,40,500,0,0.5,82_90_40_500_0,aux_gap_half,True,2.1198740000000003,True,True,,0.309996,2.42987
82,90,40,500,0,0.5,82_90_40_500_0,aux_gap_double,True,2.1198740000000003,True,True,,0.309996,2.42987
82,90,40,500,1,0.5,82_90_40_500_1,current,True,1.740343,True,True,,0.679413,2.419756
82,90,40,500,1,0.5,82_90_40_500_1,smoother_11,True,0.609841,True,False,,0.940737,1.550578
82,90,40,500,1,0.5,82_90_40_500_1,smoother_31,True,2.070509,True,True,,0.320053,2.390562
82,90,40,500,1,0.5,82_90_40_500_1,accel_gap_half,True,1.740343,True,True,,0.679413,2.419756
82,90,40,500,1,0.5,82_90_40_500_1,accel_gap_double,True,1.740343,True,True,,0.679413,2.419756
82,90,40,500,1,0.5,82_90_40_500_1,aux_gap_half,True,1.740343,True,True,,0.679413,2.419756
82,90,40,500,1,0.5,82_90_40_500_1,aux_gap_double,True,1.740343,True,True,,0.679413,2.419756
82,90,40,1000,0,1.0,82_90_40_1000_0,current,True,1.0792920000000001,True,True,,0.310273321,1.389565321
82,90,40,1000,0,1.0,82_90_40_1000_0,smoother_11,True,0.969196,True,False,,1.500625321,2.469821321
82,90,40,1000,0,1.0,82_90_40_1000_0,smoother_31,True,2.060661,True,True,,0.339125321,2.399786321
82,90,40,1000,0,1.0,82_90_40_1000_0,accel_gap_half,True,1.0792920000000001,True,True,,0.310273321,1.389565321
82,90,40,1000,0,1.0,82_90_40_1000_0,accel_gap_double,True,1.0792920000000001,True,True,,0.310273321,1.389565321
82,90,40,1000,0,1.0,82_90_40_1000_0,aux_gap_half,True,1.0792920000000001,True,True,,0.310273321,1.389565321
82,90,40,1000,0,1.0,82_90_40_1000_0,aux_gap_double,True,1.0792920000000001,True,True,,0.310273321,1.389565321
82,90,40,1000,1,1.0,82_90_40_1000_1,current,True,2.129079,True,True,,0.290506391,2.419585391
82,90,40,1000,1,1.0,82_90_40_1000_1,smoother_11,True,1.071661,True,True,,0.258777391,1.330438391
82,90,40,1000,1,1.0,82_90_40_1000_1,smoother_31,True,2.069184,True,True,,0.320681391,2.389865391
82,90,40,1000,1,1.0,82_90_40_1000_1,accel_gap_half,True,2.129079,True,True,,0.290506391,2.419585391
82,90,40,1000,1,1.0,82_90_40_1000_1,accel_gap_double,True,2.129079,True,True,,0.290506391,2.419585391
82,90,40,1000,1,1.0,82_90_40_1000_1,aux_gap_half,True,2.129079,True,True,,0.290506391,2.419585391
82,90,40,1000,1,1.0,82_90_40_1000_1,aux_gap_double,True,2.129079,True,True,,0.290506391,2.419585391
82,135,40,500,0,0.5,82_135_40_500_0,current,True,2.130659,True,True,,0.290342891,2.421001891
82,135,40,500,0,0.5,82_135_40_500_0,smoother_11,True,0.9608009999999999,True,False,,0.619395891,1.580196891
82,135,40,500,0,0.5,82_135_40_500_0,smoother_31,True,2.0691569999999997,True,True,,0.320460891,2.389617891
82,135,40,500,0,0.5,82_135_40_500_0,accel_gap_half,True,2.130659,True,True,,0.290342891,2.421001891
82,135,40,500,0,0.5,82_135_40_500_0,accel_gap_double,True,2.130659,True,True,,0.290342891,2.421001891
82,135,40,500,0,0.5,82_135_40_500_0,aux_gap_half,True,2.130659,True,True,,0.290342891,2.421001891
82,135,40,500,0,0.5,82_135_40_500_0,aux_gap_double,True,2.130659,True,True,,0.290342891,2.421001891
82,135,40,500,1,0.5,82_135_40_500_1,current,True,2.120432,True,True,,0.3089,2.429332
82,135,40,500,1,0.5,82_135_40_500_1,smoother_11,True,0.8895359999999999,True,False,,0.280137,1.169673
82,135,40,500,1,0.5,82_135_40_500_1,smoother_31,True,2.0588569999999997,True,True,,0.340749,2.399606
82,135,40,500,1,0.5,82_135_40_500_1,accel_gap_half,True,2.120432,True,True,,0.3089,2.429332
82,135,40,500,1,0.5,82_135_40_500_1,accel_gap_double,True,2.120432,True,True,,0.3089,2.429332
82,135,40,500,1,0.5,82_135_40_500_1,aux_gap_half,True,2.120432,True,True,,0.3089,2.429332
82,135,40,500,1,0.5,82_135_40_500_1,aux_gap_double,True,2.120432,True,True,,0.3089,2.429332
82,135,40,1000,0,1.0,82_135_40_1000_0,current,True,2.11933,True,True,,0.310724992,2.430054992
82,135,40,1000,0,1.0,82_135_40_1000_0,smoother_11,True,0.8909039999999997,True,False,,1.569664992,2.460568992
82,135,40,1000,0,1.0,82_135_40_1000_0,smoother_31,True,2.069312,True,True,,0.330827992,2.400139992
82,135,40,1000,0,1.0,82_135_40_1000_0,accel_gap_half,True,2.11933,True,True,,0.310724992,2.430054992
82,135,40,1000,0,1.0,82_135_40_1000_0,accel_gap_double,True,2.11933,True,True,,0.310724992,2.430054992
82,135,40,1000,0,1.0,82_135_40_1000_0,aux_gap_half,True,2.11933,True,True,,0.310724992,2.430054992
82,135,40,1000,0,1.0,82_135_40_1000_0,aux_gap_double,True,2.11933,True,True,,0.310724992,2.430054992
82,135,40,1000,1,1.0,82_135_40_1000_1,current,True,1.1213410000000001,True,True,,0.289362,1.410703
82,135,40,1000,1,1.0,82_135_40_1000_1,smoother_11,True,0.6813209999999998,True,False,,0.449359,1.13068
82,135,40,1000,1,1.0,82_135_40_1000_1,smoother_31,True,2.0585690000000003,True,True,,0.330951,2.38952
82,135,40,1000,1,1.0,82_135_40_1000_1,accel_gap_half,True,1.1213410000000001,True,True,,0.289362,1.410703
82,135,40,1000,1,1.0,82_135_40_1000_1,accel_gap_double,True,1.1213410000000001,True,True,,0.289362,1.410703
82,135,40,1000,1,1.0,82_135_40_1000_1,aux_gap_half,True,1.1213410000000001,True,True,,0.289362,1.410703
82,135,40,1000,1,1.0,82_135_40_1000_1,aux_gap_double,True,1.1213410000000001,True,True,,0.289362,1.410703
82,180,40,500,0,0.5,82_180_40_500_0,current,True,2.13029,True,True,,0.279685311,2.409975311
82,180,40,500,0,0.5,82_180_40_500_0,smoother_11,True,0.602055,True,False,,0.639051311,1.241106311
82,180,40,500,0,0.5,82_180_40_500_0,smoother_31,True,2.060133,True,True,,0.320925311,2.381058311
82,180,40,500,0,0.5,82_180_40_500_0,accel_gap_half,True,2.13029,True,True,,0.279685311,2.409975311
82,180,40,500,0,0.5,82_180_40_500_0,accel_gap_double,True,2.13029,True,True,,0.279685311,2.409975311
82,180,40,500,0,0.5,82_180_40_500_0,aux_gap_half,True,2.13029,True,True,,0.279685311,2.409975311
82,180,40,500,0,0.5,82_180_40_500_0,aux_gap_double,True,2.13029,True,True,,0.279685311,2.409975311
82,180,40,500,1,0.5,82_180_40_500_1,current,True,1.3487539999999998,True,True,,1.121002,2.469756
82,180,40,500,1,0.5,82_180_40_500_1,smoother_11,True,0.8385930000000001,True,False,,1.131287,1.96988
82,180,40,500,1,0.5,82_180_40_500_1,smoother_31,True,2.070036,True,True,,0.369256,2.439292
82,180,40,500,1,0.5,82_180_40_500_1,accel_gap_half,True,1.3487539999999998,True,True,,1.121002,2.469756
82,180,40,500,1,0.5,82_180_40_500_1,accel_gap_double,True,1.3487539999999998,True,True,,1.121002,2.469756
82,180,40,500,1,0.5,82_180_40_500_1,aux_gap_half,True,1.3487539999999998,True,True,,1.121002,2.469756
82,180,40,500,1,0.5,82_180_40_500_1,aux_gap_double,True,1.3487539999999998,True,True,,1.121002,2.469756
82,180,40,1000,0,1.0,82_180_40_1000_0,current,True,2.129682,True,True,,0.290504892,2.420186892
82,180,40,1000,0,1.0,82_180_40_1000_0,smoother_11,True,0.7795659999999998,True,False,,1.670787892,2.450353892
82,180,40,1000,0,1.0,82_180_40_1000_0,smoother_31,True,2.071377,True,True,,0.319585892,2.390962892
82,180,40,1000,0,1.0,82_180_40_1000_0,accel_gap_half,True,2.129682,True,True,,0.290504892,2.420186892
82,180,40,1000,0,1.0,82_180_40_1000_0,accel_gap_double,True,2.129682,True,True,,0.290504892,2.420186892
82,180,40,1000,0,1.0,82_180_40_1000_0,aux_gap_half,True,2.129682,True,True,,0.290504892,2.420186892
82,180,40,1000,0,1.0,82_180_40_1000_0,aux_gap_double,True,2.129682,True,True,,0.290504892,2.420186892
82,180,40,1000,1,1.0,82_180_40_1000_1,current,True,2.131273,True,True,,0.299715,2.430988
82,180,40,1000,1,1.0,82_180_40_1000_1,smoother_11,True,0.86107,True,False,,1.099285,1.960355
82,180,40,1000,1,1.0,82_180_40_1000_1,smoother_31,True,2.0715660000000002,True,True,,0.328601,2.400167
82,180,40,1000,1,1.0,82_180_40_1000_1,accel_gap_half,True,2.131273,True,True,,0.299715,2.430988
82,180,40,1000,1,1.0,82_180_40_1000_1,accel_gap_double,True,2.131273,True,True,,0.299715,2.430988
82,180,40,1000,1,1.0,82_180_40_1000_1,aux_gap_half,True,2.131273,True,True,,0.299715,2.430988
82,180,40,1000,1,1.0,82_180_40_1000_1,aux_gap_double,True,2.131273,True,True,,0.299715,2.430988
82,225,40,500,0,0.5,82_225_40_500_0,current,True,1.550044,True,True,,0.319026,1.86907
82,225,40,500,0,0.5,82_225_40_500_0,smoother_11,True,0.630627,True,False,,0.680075,1.310702
82,225,40,500,0,0.5,82_225_40_500_0,smoother_31,True,2.06,True,True,,0.358588,2.418588
82,225,40,500,0,0.5,82_225_40_500_0,accel_gap_half,True,1.550044,True,True,,0.319026,1.86907
82,225,40,500,0,0.5,82_225_40_500_0,accel_gap_double,True,1.550044,True,True,,0.319026,1.86907
82,225,40,500,0,0.5,82_225_40_500_0,aux_gap_half,True,1.550044,True,True,,0.319026,1.86907
82,225,40,500,0,0.5,82_225_40_500_0,aux_gap_double,True,1.550044,True,True,,0.319026,1.86907
82,225,40,500,1,0.5,82_225_40_500_1,current,True,2.132088,True,True,,0.289235,2.421323
82,225,40,500,1,0.5,82_225_40_500_1,smoother_11,True,0.8886349999999998,True,False,,1.560975,2.44961
82,225,40,500,1,0.5,82_225_40_500_1,smoother_31,True,2.059133,True,True,,0.330621,2.389754
82,225,40,500,1,0.5,82_225_40_500_1,accel_gap_half,True,2.132088,True,True,,0.289235,2.421323
82,225,40,500,1,0.5,82_225_40_500_1,accel_gap_double,True,2.132088,True,True,,0.289235,2.421323
82,225,40,500,1,0.5,82_225_40_500_1,aux_gap_half,True,2.132088,True,True,,0.289235,2.421323
82,225,40,500,1,0.5,82_225_40_500_1,aux_gap_double,True,2.132088,True,True,,0.289235,2.421323
82,225,40,1000,0,1.0,82_225_40_1000_0,current,True,2.11109,True,True,,0.29982064,2.41091064
82,225,40,1000,0,1.0,82_225_40_1000_0,smoother_11,True,0.4703140000000001,False,False,,1.96927164,2.43958564
82,225,40,1000,0,1.0,82_225_40_1000_0,smoother_31,True,2.0509779999999997,True,True,,0.32922864,2.38020664
82,225,40,1000,0,1.0,82_225_40_1000_0,accel_gap_half,True,2.11109,True,True,,0.29982064,2.41091064
82,225,40,1000,0,1.0,82_225_40_1000_0,accel_gap_double,True,2.11109,True,True,,0.29982064,2.41091064
82,225,40,1000,0,1.0,82_225_40_1000_0,aux_gap_half,True,2.11109,True,True,,0.29982064,2.41091064
82,225,40,1000,0,1.0,82_225_40_1000_0,aux_gap_double,True,2.11109,True,True,,0.29982064,2.41091064
82,225,40,1000,1,1.0,82_225_40_1000_1,current,True,2.1179569999999996,True,True,,0.300451,2.418408
82,225,40,1000,1,1.0,82_225_40_1000_1,smoother_11,True,0.4696739999999999,False,False,,1.230228,1.699902
82,225,40,1000,1,1.0,82_225_40_1000_1,smoother_31,True,2.070984,True,True,,0.319472,2.390456
82,225,40,1000,1,1.0,82_225_40_1000_1,accel_gap_half,True,2.1179569999999996,True,True,,0.300451,2.418408
82,225,40,1000,1,1.0,82_225_40_1000_1,accel_gap_double,True,2.1179569999999996,True,True,,0.300451,2.418408
82,225,40,1000,1,1.0,82_225_40_1000_1,aux_gap_half,True,2.1179569999999996,True,True,,0.300451,2.418408
82,225,40,1000,1,1.0,82_225_40_1000_1,aux_gap_double,True,2.1179569999999996,True,True,,0.300451,2.418408
82,270,40,500,0,0.5,82_270_40_500_0,current,True,2.099608,True,True,,0.309104356,2.408712356
82,270,40,500,0,0.5,82_270_40_500_0,smoother_11,True,1.6787779999999999,True,True,,0.760648356,2.439426356
82,270,40,500,0,0.5,82_270_40_500_0,smoother_31,True,2.050109,True,True,,0.339472356,2.389581356
82,270,40,500,0,0.5,82_270_40_500_0,accel_gap_half,True,2.099608,True,True,,0.309104356,2.408712356
82,270,40,500,0,0.5,82_270_40_500_0,accel_gap_double,True,2.099608,True,True,,0.309104356,2.408712356
82,270,40,500,0,0.5,82_270_40_500_0,aux_gap_half,True,2.099608,True,True,,0.309104356,2.408712356
82,270,40,500,0,0.5,82_270_40_500_0,aux_gap_double,True,2.099608,True,True,,0.309104356,2.408712356
82,270,40,500,1,0.5,82_270_40_500_1,current,True,2.130487,True,True,,0.298328,2.428815
82,270,40,500,1,0.5,82_270_40_500_1,smoother_11,True,0.5102960000000001,True,False,,0.748721,1.259017
82,270,40,500,1,0.5,82_270_40_500_1,smoother_31,True,2.060083,True,True,,0.328963,2.389046
82,270,40,500,1,0.5,82_270_40_500_1,accel_gap_half,True,2.130487,True,True,,0.298328,2.428815
82,270,40,500,1,0.5,82_270_40_500_1,accel_gap_double,True,2.130487,True,True,,0.298328,2.428815
82,270,40,500,1,0.5,82_270_40_500_1,aux_gap_half,True,2.130487,True,True,,0.298328,2.428815
82,270,40,500,1,0.5,82_270_40_500_1,aux_gap_double,True,2.130487,True,True,,0.298328,2.428815
82,270,40,1000,0,1.0,82_270_40_1000_0,current,True,2.130622,True,True,,0.289452799,2.420074799
82,270,40,1000,0,1.0,82_270_40_1000_0,smoother_11,True,0.5196279999999998,True,False,,1.520495799,2.040123799
82,270,40,1000,0,1.0,82_270_40_1000_0,smoother_31,True,2.069604,True,True,,0.320286799,2.389890799
82,270,40,1000,0,1.0,82_270_40_1000_0,accel_gap_half,True,2.130622,True,True,,0.289452799,2.420074799
82,270,40,1000,0,1.0,82_270_40_1000_0,accel_gap_double,True,2.130622,True,True,,0.289452799,2.420074799
82,270,40,1000,0,1.0,82_270_40_1000_0,aux_gap_half,True,2.130622,True,True,,0.289452799,2.420074799
82,270,40,1000,0,1.0,82_270_40_1000_0,aux_gap_double,True,2.130622,True,True,,0.289452799,2.420074799
82,270,40,1000,1,1.0,82_270_40_1000_1,current,True,2.129214,True,True,,0.28946864,2.41868264
82,270,40,1000,1,1.0,82_270_40_1000_1,smoother_11,True,0.468545,False,False,,0.52101564,0.98956064
82,270,40,1000,1,1.0,82_270_40_1000_1,smoother_31,True,2.0702000000000003,True,True,,0.32976064,2.39996064
82,270,40,1000,1,1.0,82_270_40_1000_1,accel_gap_half,True,2.129214,True,True,,0.28946864,2.41868264
82,270,40,1000,1,1.0,82_270_40_1000_1,accel_gap_double,True,2.129214,True,True,,0.28946864,2.41868264
82,270,40,1000,1,1.0,82_270_40_1000_1,aux_gap_half,True,2.129214,True,True,,0.28946864,2.41868264
82,270,40,1000,1,1.0,82_270_40_1000_1,aux_gap_double,True,2.129214,True,True,,0.28946864,2.41868264
82,315,40,500,0,0.5,82_315_40_500_0,current,True,1.878336,True,True,,0.550628,2.428964
82,315,40,500,0,0.5,82_315_40_500_0,smoother_11,True,0.8816279999999999,True,False,,1.138943,2.020571
82,315,40,500,0,0.5,82_315_40_500_0,smoother_31,True,2.0706200000000003,True,True,,0.319749,2.390369
82,315,40,500,0,0.5,82_315_40_500_0,accel_gap_half,True,1.878336,True,True,,0.550628,2.428964
82,315,40,500,0,0.5,82_315_40_500_0,accel_gap_double,True,1.878336,True,True,,0.550628,2.428964
82,315,40,500,0,0.5,82_315_40_500_0,aux_gap_half,True,1.878336,True,True,,0.550628,2.428964
82,315,40,500,0,0.5,82_315_40_500_0,aux_gap_double,True,1.878336,True,True,,0.550628,2.428964
82,315,40,500,1,0.5,82_315_40_500_1,current,True,2.120862,True,True,,0.3004,2.421262
82,315,40,500,1,0.5,82_315_40_500_1,smoother_11,True,0.44052499999999983,False,False,,1.510115,1.95064
82,315,40,500,1,0.5,82_315_40_500_1,smoother_31,True,2.069114,True,True,,0.320078,2.389192
82,315,40,500,1,0.5,82_315_40_500_1,accel_gap_half,True,2.120862,True,True,,0.3004,2.421262
82,315,40,500,1,0.5,82_315_40_500_1,accel_gap_double,True,2.120862,True,True,,0.3004,2.421262
82,315,40,500,1,0.5,82_315_40_500_1,aux_gap_half,True,2.120862,True,True,,0.3004,2.421262
82,315,40,500,1,0.5,82_315_40_500_1,aux_gap_double,True,2.120862,True,True,,0.3004,2.421262
82,315,40,1000,0,1.0,82_315_40_1000_0,current,True,2.1184670000000003,True,True,,0.281115564,2.399582564
82,315,40,1000,0,1.0,82_315_40_1000_0,smoother_11,True,0.390404,False,False,,0.260291564,0.650695564
82,315,40,1000,0,1.0,82_315_40_1000_0,smoother_31,True,2.059919,True,True,,0.310382564,2.370301564
82,315,40,1000,0,1.0,82_315_40_1000_0,accel_gap_half,True,2.1184670000000003,True,True,,0.281115564,2.399582564
82,315,40,1000,0,1.0,82_315_40_1000_0,accel_gap_double,True,2.1184670000000003,True,True,,0.281115564,2.399582564
82,315,40,1000,0,1.0,82_315_40_1000_0,aux_gap_half,True,2.1184670000000003,True,True,,0.281115564,2.399582564
82,315,40,1000,0,1.0,82_315_40_1000_0,aux_gap_double,True,2.1184670000000003,True,True,,0.281115564,2.399582564
82,315,40,1000,1,1.0,82_315_40_1000_1,current,True,2.121168,True,True,,0.289234,2.410402
82,315,40,1000,1,1.0,82_315_40_1000_1,smoother_11,True,0.7492699999999999,True,False,,1.030618,1.779888
82,315,40,1000,1,1.0,82_315_40_1000_1,smoother_31,True,2.059074,True,True,,0.330556,2.38963
82,315,40,1000,1,1.0,82_315_40_1000_1,accel_gap_half,True,2.121168,True,True,,0.289234,2.410402
82,315,40,1000,1,1.0,82_315_40_1000_1,accel_gap_double,True,2.121168,True,True,,0.289234,2.410402
82,315,40,1000,1,1.0,82_315_40_1000_1,aux_gap_half,True,2.121168,True,True,,0.289234,2.410402
82,315,40,1000,1,1.0,82_315_40_1000_1,aux_gap_double,True,2.121168,True,True,,0.289234,2.410402
82,0,60,500,0,0.5,82_0_60_500_0,current,True,1.368299,True,True,,0.350548,1.718847
82,0,60,500,0,0.5,82_0_60_500_0,smoother_11,True,0.619474,True,False,,0.320951,0.940425
82,0,60,500,0,0.5,82_0_60_500_0,smoother_31,True,1.310029,True,True,,0.379303,1.689332
82,0,60,500,0,0.5,82_0_60_500_0,accel_gap_half,True,1.368299,True,True,,0.350548,1.718847
82,0,60,500,0,0.5,82_0_60_500_0,accel_gap_double,True,1.368299,True,True,,0.350548,1.718847
82,0,60,500,0,0.5,82_0_60_500_0,aux_gap_half,True,1.368299,True,True,,0.350548,1.718847
82,0,60,500,0,0.5,82_0_60_500_0,aux_gap_double,True,1.368299,True,True,,0.350548,1.718847
82,0,60,500,1,0.5,82_0_60_500_1,current,True,1.3591550000000001,True,True,,0.310306805,1.669461805
82,0,60,500,1,0.5,82_0_60_500_1,smoother_11,True,0.3580619999999999,False,False,,0.970609805,1.328671805
82,0,60,500,1,0.5,82_0_60_500_1,smoother_31,True,1.30097,True,True,,0.340070805,1.641040805
82,0,60,500,1,0.5,82_0_60_500_1,accel_gap_half,True,1.3591550000000001,True,True,,0.310306805,1.669461805
82,0,60,500,1,0.5,82_0_60_500_1,accel_gap_double,True,1.3591550000000001,True,True,,0.310306805,1.669461805
82,0,60,500,1,0.5,82_0_60_500_1,aux_gap_half,True,1.3591550000000001,True,True,,0.310306805,1.669461805
82,0,60,500,1,0.5,82_0_60_500_1,aux_gap_double,True,1.3591550000000001,True,True,,0.310306805,1.669461805
82,0,60,1000,0,1.0,82_0_60_1000_0,current,True,1.3807340000000001,True,True,,0.30944,1.690174
82,0,60,1000,0,1.0,82_0_60_1000_0,smoother_11,True,0.310099,False,False,,0.280103,0.590202
82,0,60,1000,0,1.0,82_0_60_1000_0,smoother_31,True,1.3099619999999998,True,True,,0.349099,1.659061
82,0,60,1000,0,1.0,82_0_60_1000_0,accel_gap_half,True,1.3807340000000001,True,True,,0.30944,1.690174
82,0,60,1000,0,1.0,82_0_60_1000_0,accel_gap_double,True,1.3807340000000001,True,True,,0.30944,1.690174
82,0,60,1000,0,1.0,82_0_60_1000_0,aux_gap_half,True,1.3807340000000001,True,True,,0.30944,1.690174
82,0,60,1000,0,1.0,82_0_60_1000_0,aux_gap_double,True,1.3807340000000001,True,True,,0.30944,1.690174
82,0,60,1000,1,1.0,82_0_60_1000_1,current,True,1.399154,True,True,,0.350368,1.749522
82,0,60,1000,1,1.0,82_0_60_1000_1,smoother_11,True,0.441354,False,False,,0.789738,1.231092
82,0,60,1000,1,1.0,82_0_60_1000_1,smoother_31,True,1.359162,True,True,,0.380452,1.739614
82,0,60,1000,1,1.0,82_0_60_1000_1,accel_gap_half,True,1.399154,True,True,,0.350368,1.749522
82,0,60,1000,1,1.0,82_0_60_1000_1,accel_gap_double,True,1.399154,True,True,,0.350368,1.749522
82,0,60,1000,1,1.0,82_0_60_1000_1,aux_gap_half,True,1.399154,True,True,,0.350368,1.749522
82,0,60,1000,1,1.0,82_0_60_1000_1,aux_gap_double,True,1.399154,True,True,,0.350368,1.749522
82,45,60,500,0,0.5,82_45_60_500_0,current,True,1.3596570000000001,True,True,,0.310115,1.669772
82,45,60,500,0,0.5,82_45_60_500_0,smoother_11,True,0.750488,True,False,,0.279193,1.029681
82,45,60,500,0,0.5,82_45_60_500_0,smoother_31,True,1.301789,True,True,,0.339351,1.64114
82,45,60,500,0,0.5,82_45_60_500_0,accel_gap_half,True,1.3596570000000001,True,True,,0.310115,1.669772
82,45,60,500,0,0.5,82_45_60_500_0,accel_gap_double,True,1.3596570000000001,True,True,,0.310115,1.669772
82,45,60,500,0,0.5,82_45_60_500_0,aux_gap_half,True,1.3596570000000001,True,True,,0.310115,1.669772
82,45,60,500,0,0.5,82_45_60_500_0,aux_gap_double,True,1.3596570000000001,True,True,,0.310115,1.669772
82,45,60,500,1,0.5,82_45_60_500_1,current,True,1.359072,True,True,,0.300365383,1.659437383
82,45,60,500,1,0.5,82_45_60_500_1,smoother_11,True,0.811812,True,False,,0.878907383,1.690719383
82,45,60,500,1,0.5,82_45_60_500_1,smoother_31,True,1.289644,True,True,,0.329698383,1.619342383
82,45,60,500,1,0.5,82_45_60_500_1,accel_gap_half,True,1.359072,True,True,,0.300365383,1.659437383
82,45,60,500,1,0.5,82_45_60_500_1,accel_gap_double,True,1.359072,True,True,,0.300365383,1.659437383
82,45,60,500,1,0.5,82_45_60_500_1,aux_gap_half,True,1.359072,True,True,,0.300365383,1.659437383
82,45,60,500,1,0.5,82_45_60_500_1,aux_gap_double,True,1.359072,True,True,,0.300365383,1.659437383
82,45,60,1000,0,1.0,82_45_60_1000_0,current,True,1.369892,True,True,,0.299256,1.669148
82,45,60,1000,0,1.0,82_45_60_1000_0,smoother_11,True,1.2601,True,True,,0.439888,1.699988
82,45,60,1000,0,1.0,82_45_60_1000_0,smoother_31,True,1.298926,True,True,,0.340687,1.639613
82,45,60,1000,0,1.0,82_45_60_1000_0,accel_gap_half,True,1.369892,True,True,,0.299256,1.669148
82,45,60,1000,0,1.0,82_45_60_1000_0,accel_gap_double,True,1.369892,True,True,,0.299256,1.669148
82,45,60,1000,0,1.0,82_45_60_1000_0,aux_gap_half,True,1.369892,True,True,,0.299256,1.669148
82,45,60,1000,0,1.0,82_45_60_1000_0,aux_gap_double,True,1.369892,True,True,,0.299256,1.669148
82,45,60,1000,1,1.0,82_45_60_1000_1,current,True,1.3699249999999998,True,True,,0.31055,1.680475
82,45,60,1000,1,1.0,82_45_60_1000_1,smoother_11,True,1.428988,True,True,,0.280659,1.709647
82,45,60,1000,1,1.0,82_45_60_1000_1,smoother_31,True,1.299669,True,True,,0.351272,1.650941
82,45,60,1000,1,1.0,82_45_60_1000_1,accel_gap_half,True,1.3699249999999998,True,True,,0.31055,1.680475
82,45,60,1000,1,1.0,82_45_60_1000_1,accel_gap_double,True,1.3699249999999998,True,True,,0.31055,1.680475
82,45,60,1000,1,1.0,82_45_60_1000_1,aux_gap_half,True,1.3699249999999998,True,True,,0.31055,1.680475
82,45,60,1000,1,1.0,82_45_60_1000_1,aux_gap_double,True,1.3699249999999998,True,True,,0.31055,1.680475
82,90,60,500,0,0.5,82_90_60_500_0,current,True,1.360658,True,True,,0.310407424,1.671065424
82,90,60,500,0,0.5,82_90_60_500_0,smoother_11,True,0.588774,True,False,,0.290404424,0.879178424
82,90,60,500,0,0.5,82_90_60_500_0,smoother_31,True,1.291015,True,True,,0.338941424,1.629956424
82,90,60,500,0,0.5,82_90_60_500_0,accel_gap_half,True,1.360658,True,True,,0.310407424,1.671065424
82,90,60,500,0,0.5,82_90_60_500_0,accel_gap_double,True,1.360658,True,True,,0.310407424,1.671065424
82,90,60,500,0,0.5,82_90_60_500_0,aux_gap_half,True,1.360658,True,True,,0.310407424,1.671065424
82,90,60,500,0,0.5,82_90_60_500_0,aux_gap_double,True,1.360658,True,True,,0.310407424,1.671065424
82,90,60,500,1,0.5,82_90_60_500_1,current,True,1.378731,True,True,,0.320036,1.698767
82,90,60,500,1,0.5,82_90_60_500_1,smoother_11,True,0.3910579999999999,False,False,,0.999581,1.390639
82,90,60,500,1,0.5,82_90_60_500_1,smoother_31,True,1.3399569999999998,True,True,,0.35881,1.698767
82,90,60,500,1,0.5,82_90_60_500_1,accel_gap_half,True,1.378731,True,True,,0.320036,1.698767
82,90,60,500,1,0.5,82_90_60_500_1,accel_gap_double,True,1.378731,True,True,,0.320036,1.698767
82,90,60,500,1,0.5,82_90_60_500_1,aux_gap_half,True,1.378731,True,True,,0.320036,1.698767
82,90,60,500,1,0.5,82_90_60_500_1,aux_gap_double,True,1.378731,True,True,,0.320036,1.698767
82,90,60,1000,0,1.0,82_90_60_1000_0,current,True,1.361801,True,True,,0.318703,1.680504
82,90,60,1000,0,1.0,82_90_60_1000_0,smoother_11,True,0.669984,True,False,,0.299671,0.969655
82,90,60,1000,0,1.0,82_90_60_1000_0,smoother_31,True,1.309558,True,True,,0.349481,1.659039
82,90,60,1000,0,1.0,82_90_60_1000_0,accel_gap_half,True,1.361801,True,True,,0.318703,1.680504
82,90,60,1000,0,1.0,82_90_60_1000_0,accel_gap_double,True,1.361801,True,True,,0.318703,1.680504
82,90,60,1000,0,1.0,82_90_60_1000_0,aux_gap_half,True,1.361801,True,True,,0.318703,1.680504
82,90,60,1000,0,1.0,82_90_60_1000_0,aux_gap_double,True,1.361801,True,True,,0.318703,1.680504
82,90,60,1000,1,1.0,82_90_60_1000_1,current,True,1.3614629999999999,True,True,,0.319197755,1.680660755
82,90,60,1000,1,1.0,82_90_60_1000_1,smoother_11,True,0.9310590000000001,True,False,,0.779462755,1.710521755
82,90,60,1000,1,1.0,82_90_60_1000_1,smoother_31,True,1.299837,True,True,,0.349651755,1.649488755
82,90,60,1000,1,1.0,82_90_60_1000_1,accel_gap_half,True,1.3614629999999999,True,True,,0.319197755,1.680660755
82,90,60,1000,1,1.0,82_90_60_1000_1,accel_gap_double,True,1.3614629999999999,True,True,,0.319197755,1.680660755
82,90,60,1000,1,1.0,82_90_60_1000_1,aux_gap_half,True,1.3614629999999999,True,True,,0.319197755,1.680660755
82,90,60,1000,1,1.0,82_90_60_1000_1,aux_gap_double,True,1.3614629999999999,True,True,,0.319197755,1.680660755
82,135,60,500,0,0.5,82_135_60_500_0,current,True,1.371113,True,True,,0.319262,1.690375
82,135,60,500,0,0.5,82_135_60_500_0,smoother_11,True,0.44978299999999993,False,False,,0.650146,1.099929
82,135,60,500,0,0.5,82_135_60_500_0,smoother_31,True,1.3106170000000001,True,True,,0.350412,1.661029
82,135,60,500,0,0.5,82_135_60_500_0,accel_gap_half,True,1.371113,True,True,,0.319262,1.690375
82,135,60,500,0,0.5,82_135_60_500_0,accel_gap_double,True,1.371113,True,True,,0.319262,1.690375
82,135,60,500,0,0.5,82_135_60_500_0,aux_gap_half,True,1.371113,True,True,,0.319262,1.690375
82,135,60,500,0,0.5,82_135_60_500_0,aux_gap_double,True,1.371113,True,True,,0.319262,1.690375
82,135,60,500,1,0.5,82_135_60_500_1,current,True,1.4118110000000001,True,True,,0.339152,1.750963
82,135,60,500,1,0.5,82_135_60_500_1,smoother_11,True,0.5695140000000001,True,False,,0.550236,1.11975
82,135,60,500,1,0.5,82_135_60_500_1,smoother_31,True,1.420657,True,True,,0.369885,1.790542
82,135,60,500,1,0.5,82_135_60_500_1,accel_gap_half,True,1.4118110000000001,True,True,,0.339152,1.750963
82,135,60,500,1,0.5,82_135_60_500_1,accel_gap_double,True,1.4118110000000001,True,True,,0.339152,1.750963
82,135,60,500,1,0.5,82_135_60_500_1,aux_gap_half,True,1.4118110000000001,True,True,,0.339152,1.750963
82,135,60,500,1,0.5,82_135_60_500_1,aux_gap_double,True,1.4118110000000001,True,True,,0.339152,1.750963
82,135,60,1000,0,1.0,82_135_60_1000_0,current,True,1.370523,True,True,,0.299457,1.66998
82,135,60,1000,0,1.0,82_135_60_1000_0,smoother_11,True,0.440523,False,False,,1.260274,1.700797
82,135,60,1000,0,1.0,82_135_60_1000_0,smoother_31,True,1.301419,True,True,,0.339332,1.640751
82,135,60,1000,0,1.0,82_135_60_1000_0,accel_gap_half,True,1.370523,True,True,,0.299457,1.66998
82,135,60,1000,0,1.0,82_135_60_1000_0,accel_gap_double,True,1.370523,True,True,,0.299457,1.66998
82,135,60,1000,0,1.0,82_135_60_1000_0,aux_gap_half,True,1.370523,True,True,,0.299457,1.66998
82,135,60,1000,0,1.0,82_135_60_1000_0,aux_gap_double,True,1.370523,True,True,,0.299457,1.66998
82,135,60,1000,1,1.0,82_135_60_1000_1,current,True,1.220351,True,True,,0.459764,1.680115
82,135,60,1000,1,1.0,82_135_60_1000_1,smoother_11,True,0.9199469999999998,True,False,,0.459764,1.379711
82,135,60,1000,1,1.0,82_135_60_1000_1,smoother_31,True,1.290368,True,True,,0.36101,1.651378
82,135,60,1000,1,1.0,82_135_60_1000_1,accel_gap_half,True,1.220351,True,True,,0.459764,1.680115
82,135,60,1000,1,1.0,82_135_60_1000_1,accel_gap_double,True,1.220351,True,True,,0.459764,1.680115
82,135,60,1000,1,1.0,82_135_60_1000_1,aux_gap_half,True,1.220351,True,True,,0.459764,1.680115
82,135,60,1000,1,1.0,82_135_60_1000_1,aux_gap_double,True,1.220351,True,True,,0.459764,1.680115
82,180,60,500,0,0.5,82_180_60_500_0,current,True,1.37997,True,True,,0.330778,1.710748
82,180,60,500,0,0.5,82_180_60_500_0,smoother_11,True,0.6888730000000001,True,False,,0.310397,0.99927
82,180,60,500,0,0.5,82_180_60_500_0,smoother_31,True,1.310217,True,True,,0.369286,1.679503
82,180,60,500,0,0.5,82_180_60_500_0,accel_gap_half,True,1.37997,True,True,,0.330778,1.710748
82,180,60,500,0,0.5,82_180_60_500_0,accel_gap_double,True,1.37997,True,True,,0.330778,1.710748
82,180,60,500,0,0.5,82_180_60_500_0,aux_gap_half,True,1.37997,True,True,,0.330778,1.710748
82,180,60,500,0,0.5,82_180_60_500_0,aux_gap_double,True,1.37997,True,True,,0.330778,1.710748
82,180,60,500,1,0.5,82_180_60_500_1,current,True,0.7893789999999998,True,False,,0.300315088,1.089694088
82,180,60,500,1,0.5,82_180_60_500_1,smoother_11,True,0.829623,True,False,,0.270043088,1.099666088
82,180,60,500,1,0.5,82_180_60_500_1,smoother_31,True,1.30985,True,True,,0.329640088,1.639490088
82,180,60,500,1,0.5,82_180_60_500_1,accel_gap_half,True,0.7893789999999998,True,False,,0.300315088,1.089694088
82,180,60,500,1,0.5,82_180_60_500_1,accel_gap_double,True,0.7893789999999998,True,False,,0.300315088,1.089694088
82,180,60,500,1,0.5,82_180_60_500_1,aux_gap_half,True,0.7893789999999998,True,False,,0.300315088,1.089694088
82,180,60,500,1,0.5,82_180_60_500_1,aux_gap_double,True,0.7893789999999998,True,False,,0.300315088,1.089694088
82,180,60,1000,0,1.0,82_180_60_1000_0,current,True,1.369012,True,True,,0.290767,1.659779
82,180,60,1000,0,1.0,82_180_60_1000_0,smoother_11,True,0.45983399999999996,False,False,,0.830345,1.290179
82,180,60,1000,0,1.0,82_180_60_1000_0,smoother_31,True,1.308996,True,True,,0.330743,1.639739
82,180,60,1000,0,1.0,82_180_60_1000_0,accel_gap_half,True,1.369012,True,True,,0.290767,1.659779
82,180,60,1000,0,1.0,82_180_60_1000_0,accel_gap_double,True,1.369012,True,True,,0.290767,1.659779
82,180,60,1000,0,1.0,82_180_60_1000_0,aux_gap_half,True,1.369012,True,True,,0.290767,1.659779
82,180,60,1000,0,1.0,82_180_60_1000_0,aux_gap_double,True,1.369012,True,True,,0.290767,1.659779
82,180,60,1000,1,1.0,82_180_60_1000_1,current,True,1.370159,True,True,,0.309609,1.679768
82,180,60,1000,1,1.0,82_180_60_1000_1,smoother_11,True,1.008497,True,True,,0.28037,1.288867
82,180,60,1000,1,1.0,82_180_60_1000_1,smoother_31,True,1.310271,True,True,,0.339679,1.64995
82,180,60,1000,1,1.0,82_180_60_1000_1,accel_gap_half,True,1.370159,True,True,,0.309609,1.679768
82,180,60,1000,1,1.0,82_180_60_1000_1,accel_gap_double,True,1.370159,True,True,,0.309609,1.679768
82,180,60,1000,1,1.0,82_180_60_1000_1,aux_gap_half,True,1.370159,True,True,,0.309609,1.679768
82,180,60,1000,1,1.0,82_180_60_1000_1,aux_gap_double,True,1.370159,True,True,,0.309609,1.679768
82,225,60,500,0,0.5,82_225_60_500_0,current,True,1.360671,True,True,,0.319353,1.680024
82,225,60,500,0,0.5,82_225_60_500_0,smoother_11,True,0.640346,True,False,,0.409747,1.050093
82,225,60,500,0,0.5,82_225_60_500_0,smoother_31,True,1.308327,True,True,,0.341143,1.64947
82,225,60,500,0,0.5,82_225_60_500_0,accel_gap_half,True,1.360671,True,True,,0.319353,1.680024
82,225,60,500,0,0.5,82_225_60_500_0,accel_gap_double,True,1.360671,True,True,,0.319353,1.680024
82,225,60,500,0,0.5,82_225_60_500_0,aux_gap_half,True,1.360671,True,True,,0.319353,1.680024
82,225,60,500,0,0.5,82_225_60_500_0,aux_gap_double,True,1.360671,True,True,,0.319353,1.680024
82,225,60,500,1,0.5,82_225_60_500_1,current,True,1.351328,True,True,,0.319171,1.670499
82,225,60,500,1,0.5,82_225_60_500_1,smoother_11,True,0.58971,True,False,,0.290464,0.880174
82,225,60,500,1,0.5,82_225_60_500_1,smoother_31,True,1.291471,True,True,,0.349381,1.640852
82,225,60,500,1,0.5,82_225_60_500_1,accel_gap_half,True,1.351328,True,True,,0.319171,1.670499
82,225,60,500,1,0.5,82_225_60_500_1,accel_gap_double,True,1.351328,True,True,,0.319171,1.670499
82,225,60,500,1,0.5,82_225_60_500_1,aux_gap_half,True,1.351328,True,True,,0.319171,1.670499
82,225,60,500,1,0.5,82_225_60_500_1,aux_gap_double,True,1.351328,True,True,,0.319171,1.670499
82,225,60,1000,0,1.0,82_225_60_1000_0,current,True,1.35884,True,True,,0.32083,1.67967
82,225,60,1000,0,1.0,82_225_60_1000_0,smoother_11,True,0.5303800000000001,True,False,,0.289079,0.819459
82,225,60,1000,0,1.0,82_225_60_1000_0,smoother_31,True,1.310745,True,True,,0.3404,1.651145
82,225,60,1000,0,1.0,82_225_60_1000_0,accel_gap_half,True,1.35884,True,True,,0.32083,1.67967
82,225,60,1000,0,1.0,82_225_60_1000_0,accel_gap_double,True,1.35884,True,True,,0.32083,1.67967
82,225,60,1000,0,1.0,82_225_60_1000_0,aux_gap_half,True,1.35884,True,True,,0.32083,1.67967
82,225,60,1000,0,1.0,82_225_60_1000_0,aux_gap_double,True,1.35884,True,True,,0.32083,1.67967
82,225,60,1000,1,1.0,82_225_60_1000_1,current,True,1.360752,True,True,,0.299974946,1.660726946
82,225,60,1000,1,1.0,82_225_60_1000_1,smoother_11,True,1.1999940000000002,True,True,,0.429090946,1.629084946
82,225,60,1000,1,1.0,82_225_60_1000_1,smoother_31,True,1.2898770000000002,True,True,,0.339207946,1.629084946
82,225,60,1000,1,1.0,82_225_60_1000_1,accel_gap_half,True,1.360752,True,True,,0.299974946,1.660726946
82,225,60,1000,1,1.0,82_225_60_1000_1,accel_gap_double,True,1.360752,True,True,,0.299974946,1.660726946
82,225,60,1000,1,1.0,82_225_60_1000_1,aux_gap_half,True,1.360752,True,True,,0.299974946,1.660726946
82,225,60,1000,1,1.0,82_225_60_1000_1,aux_gap_double,True,1.360752,True,True,,0.299974946,1.660726946
82,270,60,500,0,0.5,82_270_60_500_0,current,True,1.369411,True,True,,0.309799117,1.679210117
82,270,60,500,0,0.5,82_270_60_500_0,smoother_11,True,0.9185740000000001,True,False,,0.540085117,1.458659117
82,270,60,500,0,0.5,82_270_60_500_0,smoother_31,True,1.310647,True,True,,0.338673117,1.649320117
82,270,60,500,0,0.5,82_270_60_500_0,accel_gap_half,True,1.369411,True,True,,0.309799117,1.679210117
82,270,60,500,0,0.5,82_270_60_500_0,accel_gap_double,True,1.369411,True,True,,0.309799117,1.679210117
82,270,60,500,0,0.5,82_270_60_500_0,aux_gap_half,True,1.369411,True,True,,0.309799117,1.679210117
82,270,60,500,0,0.5,82_270_60_500_0,aux_gap_double,True,1.369411,True,True,,0.309799117,1.679210117
82,270,60,500,1,0.5,82_270_60_500_1,current,True,0.962553,True,False,,0.70870747,1.67126047
82,270,60,500,1,0.5,82_270_60_500_1,smoother_11,True,0.45986899999999986,False,False,,1.14996347,1.60983247
82,270,60,500,1,0.5,82_270_60_500_1,smoother_31,True,1.309642,True,True,,0.33031547,1.63995747
82,270,60,500,1,0.5,82_270_60_500_1,accel_gap_half,True,0.962553,True,False,,0.70870747,1.67126047
82,270,60,500,1,0.5,82_270_60_500_1,accel_gap_double,True,0.962553,True,False,,0.70870747,1.67126047
82,270,60,500,1,0.5,82_270_60_500_1,aux_gap_half,True,0.962553,True,False,,0.70870747,1.67126047
82,270,60,500,1,0.5,82_270_60_500_1,aux_gap_double,True,0.962553,True,False,,0.70870747,1.67126047
82,270,60,1000,0,1.0,82_270_60_1000_0,current,True,1.369076,True,True,,0.310031,1.679107
82,270,60,1000,0,1.0,82_270_60_1000_0,smoother_11,True,0.560769,True,False,,0.790242,1.351011
82,270,60,1000,0,1.0,82_270_60_1000_0,smoother_31,True,1.310861,True,True,,0.340131,1.650992
82,270,60,1000,0,1.0,82_270_60_1000_0,accel_gap_half,True,1.369076,True,True,,0.310031,1.679107
82,270,60,1000,0,1.0,82_270_60_1000_0,accel_gap_double,True,1.369076,True,True,,0.310031,1.679107
82,270,60,1000,0,1.0,82_270_60_1000_0,aux_gap_half,True,1.369076,True,True,,0.310031,1.679107
82,270,60,1000,0,1.0,82_270_60_1000_0,aux_gap_double,True,1.369076,True,True,,0.310031,1.679107
82,270,60,1000,1,1.0,82_270_60_1000_1,current,True,1.359359,True,True,,0.311063437,1.670422437
82,270,60,1000,1,1.0,82_270_60_1000_1,smoother_11,True,1.0789819999999999,True,True,,0.599608437,1.678590437
82,270,60,1000,1,1.0,82_270_60_1000_1,smoother_31,True,1.3002889999999998,True,True,,0.340566437,1.640855437
82,270,60,1000,1,1.0,82_270_60_1000_1,accel_gap_half,True,1.359359,True,True,,0.311063437,1.670422437
82,270,60,1000,1,1.0,82_270_60_1000_1,accel_gap_double,True,1.359359,True,True,,0.311063437,1.670422437
82,270,60,1000,1,1.0,82_270_60_1000_1,aux_gap_half,True,1.359359,True,True,,0.311063437,1.670422437
82,270,60,1000,1,1.0,82_270_60_1000_1,aux_gap_double,True,1.359359,True,True,,0.311063437,1.670422437
82,315,60,500,0,0.5,82_315_60_500_0,current,True,1.3699759999999999,True,True,,0.300145,1.670121
82,315,60,500,0,0.5,82_315_60_500_0,smoother_11,True,0.6884549999999998,True,False,,1.010976,1.699431
82,315,60,500,0,0.5,82_315_60_500_0,smoother_31,True,1.299634,True,True,,0.340476,1.64011
82,315,60,500,0,0.5,82_315_60_500_0,accel_gap_half,True,1.3699759999999999,True,True,,0.300145,1.670121
82,315,60,500,0,0.5,82_315_60_500_0,accel_gap_double,True,1.3699759999999999,True,True,,0.300145,1.670121
82,315,60,500,0,0.5,82_315_60_500_0,aux_gap_half,True,1.3699759999999999,True,True,,0.300145,1.670121
82,315,60,500,0,0.5,82_315_60_500_0,aux_gap_double,True,1.3699759999999999,True,True,,0.300145,1.670121
82,315,60,500,1,0.5,82_315_60_500_1,current,True,1.369966,True,True,,0.299388,1.669354
82,315,60,500,1,0.5,82_315_60_500_1,smoother_11,True,0.33052899999999996,False,False,,0.848915,1.179444
82,315,60,500,1,0.5,82_315_60_500_1,smoother_31,True,1.299115,True,True,,0.340511,1.639626
82,315,60,500,1,0.5,82_315_60_500_1,accel_gap_half,True,1.369966,True,True,,0.299388,1.669354
82,315,60,500,1,0.5,82_315_60_500_1,accel_gap_double,True,1.369966,True,True,,0.299388,1.669354
82,315,60,500,1,0.5,82_315_60_500_1,aux_gap_half,True,1.369966,True,True,,0.299388,1.669354
82,315,60,500,1,0.5,82_315_60_500_1,aux_gap_double,True,1.369966,True,True,,0.299388,1.669354
82,315,60,1000,0,1.0,82_315_60_1000_0,current,True,0.9500339999999999,True,False,,0.720376,1.67041
82,315,60,1000,0,1.0,82_315_60_1000_0,smoother_11,True,0.948823,True,False,,0.740299,1.689122
82,315,60,1000,0,1.0,82_315_60_1000_0,smoother_31,True,1.310769,True,True,,0.329164,1.639933
82,315,60,1000,0,1.0,82_315_60_1000_0,accel_gap_half,True,0.9500339999999999,True,False,,0.720376,1.67041
82,315,60,1000,0,1.0,82_315_60_1000_0,accel_gap_double,True,0.9500339999999999,True,False,,0.720376,1.67041
82,315,60,1000,0,1.0,82_315_60_1000_0,aux_gap_half,True,0.9500339999999999,True,False,,0.720376,1.67041
82,315,60,1000,0,1.0,82_315_60_1000_0,aux_gap_double,True,0.9500339999999999,True,False,,0.720376,1.67041
82,315,60,1000,1,1.0,82_315_60_1000_1,current,True,1.3590810000000002,True,True,,0.309942598,1.669023598
82,315,60,1000,1,1.0,82_315_60_1000_1,smoother_11,True,0.8587659999999999,True,False,,0.840033598,1.698799598
82,315,60,1000,1,1.0,82_315_60_1000_1,smoother_31,True,1.2904900000000001,True,True,,0.349737598,1.640227598
82,315,60,1000,1,1.0,82_315_60_1000_1,accel_gap_half,True,1.3590810000000002,True,True,,0.309942598,1.669023598
82,315,60,1000,1,1.0,82_315_60_1000_1,accel_gap_double,True,1.3590810000000002,True,True,,0.309942598,1.669023598
82,315,60,1000,1,1.0,82_315_60_1000_1,aux_gap_half,True,1.3590810000000002,True,True,,0.309942598,1.669023598
82,315,60,1000,1,1.0,82_315_60_1000_1,aux_gap_double,True,1.3590810000000002,True,True,,0.309942598,1.669023598
87,0,20,500,0,0.5,87_0_20_500_0,current,True,4.4099960000000005,True,True,,0.320458637,4.730454637
87,0,20,500,0,0.5,87_0_20_500_0,smoother_11,True,0.6107499999999999,True,False,,0.599818637,1.210568637
87,0,20,500,0,0.5,87_0_20_500_0,smoother_31,True,4.350746,True,True,,0.349634637,4.700380637
87,0,20,500,0,0.5,87_0_20_500_0,accel_gap_half,True,4.4099960000000005,True,True,,0.320458637,4.730454637
87,0,20,500,0,0.5,87_0_20_500_0,accel_gap_double,True,4.4099960000000005,True,True,,0.320458637,4.730454637
87,0,20,500,0,0.5,87_0_20_500_0,aux_gap_half,True,4.4099960000000005,True,True,,0.320458637,4.730454637
87,0,20,500,0,0.5,87_0_20_500_0,aux_gap_double,True,4.4099960000000005,True,True,,0.320458637,4.730454637
87,0,20,500,1,0.5,87_0_20_500_1,current,True,4.410259,True,True,,0.279657,4.689916
87,0,20,500,1,0.5,87_0_20_500_1,smoother_11,True,0.8693689999999998,True,False,,1.290813,2.160182
87,0,20,500,1,0.5,87_0_20_500_1,smoother_31,True,4.3382570000000005,True,True,,0.31065,4.648907
87,0,20,500,1,0.5,87_0_20_500_1,accel_gap_half,True,4.410259,True,True,,0.279657,4.689916
87,0,20,500,1,0.5,87_0_20_500_1,accel_gap_double,True,4.410259,True,True,,0.279657,4.689916
87,0,20,500,1,0.5,87_0_20_500_1,aux_gap_half,True,4.410259,True,True,,0.279657,4.689916
87,0,20,500,1,0.5,87_0_20_500_1,aux_gap_double,True,4.410259,True,True,,0.279657,4.689916
87,0,20,1000,0,1.0,87_0_20_1000_0,current,True,4.388228,True,True,,0.320449,4.708677
87,0,20,1000,0,1.0,87_0_20_1000_0,smoother_11,True,2.1695219999999997,True,True,,1.809859,3.979381
87,0,20,1000,0,1.0,87_0_20_1000_0,smoother_31,True,4.329198,True,True,,0.349318,4.678516
87,0,20,1000,0,1.0,87_0_20_1000_0,accel_gap_half,True,4.388228,True,True,,0.320449,4.708677
87,0,20,1000,0,1.0,87_0_20_1000_0,accel_gap_double,True,4.388228,True,True,,0.320449,4.708677
87,0,20,1000,0,1.0,87_0_20_1000_0,aux_gap_half,True,4.388228,True,True,,0.320449,4.708677
87,0,20,1000,0,1.0,87_0_20_1000_0,aux_gap_double,True,4.388228,True,True,,0.320449,4.708677
87,0,20,1000,1,1.0,87_0_20_1000_1,current,True,4.168804000000001,True,True,,0.32074,4.489544
87,0,20,1000,1,1.0,87_0_20_1000_1,smoother_11,True,0.7296579999999999,True,False,,0.649189,1.378847
87,0,20,1000,1,1.0,87_0_20_1000_1,smoother_31,True,4.349762999999999,True,True,,0.350392,4.700155
87,0,20,1000,1,1.0,87_0_20_1000_1,accel_gap_half,True,4.168804000000001,True,True,,0.32074,4.489544
87,0,20,1000,1,1.0,87_0_20_1000_1,accel_gap_double,True,4.168804000000001,True,True,,0.32074,4.489544
87,0,20,1000,1,1.0,87_0_20_1000_1,aux_gap_half,True,4.168804000000001,True,True,,0.32074,4.489544
87,0,20,1000,1,1.0,87_0_20_1000_1,aux_gap_double,True,4.168804000000001,True,True,,0.32074,4.489544
87,45,20,500,0,0.5,87_45_20_500_0,current,True,4.379833,True,True,,0.289108307,4.668941307
87,45,20,500,0,0.5,87_45_20_500_0,smoother_11,True,1.6794660000000001,True,True,,3.019781307,4.699247307
87,45,20,500,0,0.5,87_45_20_500_0,smoother_31,True,4.3290939999999996,True,True,,0.320263307,4.649357307
87,45,20,500,0,0.5,87_45_20_500_0,accel_gap_half,True,4.379833,True,True,,0.289108307,4.668941307
87,45,20,500,0,0.5,87_45_20_500_0,accel_gap_double,True,4.379833,True,True,,0.289108307,4.668941307
87,45,20,500,0,0.5,87_45_20_500_0,aux_gap_half,True,4.379833,True,True,,0.289108307,4.668941307
87,45,20,500,0,0.5,87_45_20_500_0,aux_gap_double,True,4.379833,True,True,,0.289108307,4.668941307
87,45,20,500,1,0.5,87_45_20_500_1,current,True,4.38061,True,True,,0.309115,4.689725
87,45,20,500,1,0.5,87_45_20_500_1,smoother_11,True,1.169291,True,True,,0.470149,1.63944
87,45,20,500,1,0.5,87_45_20_500_1,smoother_31,True,4.3196639999999995,True,True,,0.339868,4.659532
87,45,20,500,1,0.5,87_45_20_500_1,accel_gap_half,True,4.38061,True,True,,0.309115,4.689725
87,45,20,500,1,0.5,87_45_20_500_1,accel_gap_double,True,4.38061,True,True,,0.309115,4.689725
87,45,20,500,1,0.5,87_45_20_500_1,aux_gap_half,True,4.38061,True,True,,0.309115,4.689725
87,45,20,500,1,0.5,87_45_20_500_1,aux_gap_double,True,4.38061,True,True,,0.309115,4.689725
87,45,20,1000,0,1.0,87_45_20_1000_0,current,True,3.0009630000000005,True,True,,1.660068,4.661031
87,45,20,1000,0,1.0,87_45_20_1000_0,smoother_11,True,0.80083,True,False,,0.249475,1.050305
87,45,20,1000,0,1.0,87_45_20_1000_0,smoother_31,True,4.320593,True,True,,0.309959,4.630552
87,45,20,1000,0,1.0,87_45_20_1000_0,accel_gap_half,True,3.0009630000000005,True,True,,1.660068,4.661031
87,45,20,1000,0,1.0,87_45_20_1000_0,accel_gap_double,True,3.0009630000000005,True,True,,1.660068,4.661031
87,45,20,1000,0,1.0,87_45_20_1000_0,aux_gap_half,True,3.0009630000000005,True,True,,1.660068,4.661031
87,45,20,1000,0,1.0,87_45_20_1000_0,aux_gap_double,True,3.0009630000000005,True,True,,1.660068,4.661031
87,45,20,1000,1,1.0,87_45_20_1000_1,current,True,4.3798070000000004,True,True,,0.280326,4.660133
87,45,20,1000,1,1.0,87_45_20_1000_1,smoother_11,True,1.5286680000000006,True,True,,3.160271,4.688939
87,45,20,1000,1,1.0,87_45_20_1000_1,smoother_31,True,4.320142,True,True,,0.310494,4.630636
87,45,20,1000,1,1.0,87_45_20_1000_1,accel_gap_half,True,4.3798070000000004,True,True,,0.280326,4.660133
87,45,20,1000,1,1.0,87_45_20_1000_1,accel_gap_double,True,4.3798070000000004,True,True,,0.280326,4.660133
87,45,20,1000,1,1.0,87_45_20_1000_1,aux_gap_half,True,4.3798070000000004,True,True,,0.280326,4.660133
87,45,20,1000,1,1.0,87_45_20_1000_1,aux_gap_double,True,4.3798070000000004,True,True,,0.280326,4.660133
87,90,20,500,0,0.5,87_90_20_500_0,current,True,4.4094109999999995,True,True,,0.279798428,4.689209428
87,90,20,500,0,0.5,87_90_20_500_0,smoother_11,True,1.7508839999999997,True,True,,2.779444428,4.530328428
87,90,20,500,0,0.5,87_90_20_500_0,smoother_31,True,4.329822,True,True,,0.319785428,4.649607428
87,90,20,500,0,0.5,87_90_20_500_0,accel_gap_half,True,4.4094109999999995,True,True,,0.279798428,4.689209428
87,90,20,500,0,0.5,87_90_20_500_0,accel_gap_double,True,4.4094109999999995,True,True,,0.279798428,4.689209428
87,90,20,500,0,0.5,87_90_20_500_0,aux_gap_half,True,4.4094109999999995,True,True,,0.279798428,4.689209428
87,90,20,500,0,0.5,87_90_20_500_0,aux_gap_double,True,4.4094109999999995,True,True,,0.279798428,4.689209428
87,90,20,500,1,0.5,87_90_20_500_1,current,True,4.4103330000000005,True,True,,0.298640557,4.708973557
87,90,20,500,1,0.5,87_90_20_500_1,smoother_11,True,0.760119,True,False,,2.740829557,3.500948557
87,90,20,500,1,0.5,87_90_20_500_1,smoother_31,True,4.348421999999999,True,True,,0.330250557,4.678672557
87,90,20,500,1,0.5,87_90_20_500_1,accel_gap_half,True,4.4103330000000005,True,True,,0.298640557,4.708973557
87,90,20,500,1,0.5,87_90_20_500_1,accel_gap_double,True,4.4103330000000005,True,True,,0.298640557,4.708973557
87,90,20,500,1,0.5,87_90_20_500_1,aux_gap_half,True,4.4103330000000005,True,True,,0.298640557,4.708973557
87,90,20,500,1,0.5,87_90_20_500_1,aux_gap_double,True,4.4103330000000005,True,True,,0.298640557,4.708973557
87,90,20,1000,0,1.0,87_90_20_1000_0,current,True,3.129485,True,True,,0.270433379,3.399918379
87,90,20,1000,0,1.0,87_90_20_1000_0,smoother_11,True,0.6985669999999997,True,False,,2.410761379,3.109328379
87,90,20,1000,0,1.0,87_90_20_1000_0,smoother_31,True,4.350841,True,True,,0.309113379,4.659954379
87,90,20,1000,0,1.0,87_90_20_1000_0,accel_gap_half,True,3.129485,True,True,,0.270433379,3.399918379
87,90,20,1000,0,1.0,87_90_20_1000_0,accel_gap_double,True,3.129485,True,True,,0.270433379,3.399918379
87,90,20,1000,0,1.0,87_90_20_1000_0,aux_gap_half,True,3.129485,True,True,,0.270433379,3.399918379
87,90,20,1000,0,1.0,87_90_20_1000_0,aux_gap_double,True,3.129485,True,True,,0.270433379,3.399918379
87,90,20,1000,1,1.0,87_90_20_1000_1,current,True,3.82848,True,True,,0.9014,4.72988
87,90,20,1000,1,1.0,87_90_20_1000_1,smoother_11,True,0.5890619999999998,True,False,,2.030225,2.619287
87,90,20,1000,1,1.0,87_90_20_1000_1,smoother_31,True,4.339377000000001,True,True,,0.360484,4.699861
87,90,20,1000,1,1.0,87_90_20_1000_1,accel_gap_half,True,3.82848,True,True,,0.9014,4.72988
87,90,20,1000,1,1.0,87_90_20_1000_1,accel_gap_double,True,3.82848,True,True,,0.9014,4.72988
87,90,20,1000,1,1.0,87_90_20_1000_1,aux_gap_half,True,3.82848,True,True,,0.9014,4.72988
87,90,20,1000,1,1.0,87_90_20_1000_1,aux_gap_double,True,3.82848,True,True,,0.9014,4.72988
87,135,20,500,0,0.5,87_135_20_500_0,current,True,4.391547,True,True,,0.28904,4.680587
87,135,20,500,0,0.5,87_135_20_500_0,smoother_11,True,0.8275979999999998,True,False,,1.901216,2.728814
87,135,20,500,0,0.5,87_135_20_500_0,smoother_31,True,4.319807,True,True,,0.320831,4.640638
87,135,20,500,0,0.5,87_135_20_500_0,accel_gap_half,True,4.391547,True,True,,0.28904,4.680587
87,135,20,500,0,0.5,87_135_20_500_0,accel_gap_double,True,4.391547,True,True,,0.28904,4.680587
87,135,20,500,0,0.5,87_135_20_500_0,aux_gap_half,True,4.391547,True,True,,0.28904,4.680587
87,135,20,500,0,0.5,87_135_20_500_0,aux_gap_double,True,4.391547,True,True,,0.28904,4.680587
87,135,20,500,1,0.5,87_135_20_500_1,current,True,2.470058,True,True,,0.309463523,2.779521523
87,135,20,500,1,0.5,87_135_20_500_1,smoother_11,True,0.8810409999999997,True,False,,3.839081523,4.720122523
87,135,20,500,1,0.5,87_135_20_500_1,smoother_31,True,4.3285219999999995,True,True,,0.330911523,4.659433523
87,135,20,500,1,0.5,87_135_20_500_1,accel_gap_half,True,2.470058,True,True,,0.309463523,2.779521523
87,135,20,500,1,0.5,87_135_20_500_1,accel_gap_double,True,2.470058,True,True,,0.309463523,2.779521523
87,135,20,500,1,0.5,87_135_20_500_1,aux_gap_half,True,2.470058,True,True,,0.309463523,2.779521523
87,135,20,500,1,0.5,87_135_20_500_1,aux_gap_double,True,2.470058,True,True,,0.309463523,2.779521523
87,135,20,1000,0,1.0,87_135_20_1000_0,current,True,4.37054,True,True,,0.299251,4.669791
87,135,20,1000,0,1.0,87_135_20_1000_0,smoother_11,True,1.090224,True,True,,2.009748,3.099972
87,135,20,1000,0,1.0,87_135_20_1000_0,smoother_31,True,4.3218499999999995,True,True,,0.329099,4.650949
87,135,20,1000,0,1.0,87_135_20_1000_0,accel_gap_half,True,4.37054,True,True,,0.299251,4.669791
87,135,20,1000,0,1.0,87_135_20_1000_0,accel_gap_double,True,4.37054,True,True,,0.299251,4.669791
87,135,20,1000,0,1.0,87_135_20_1000_0,aux_gap_half,True,4.37054,True,True,,0.299251,4.669791
87,135,20,1000,0,1.0,87_135_20_1000_0,aux_gap_double,True,4.37054,True,True,,0.299251,4.669791
87,135,20,1000,1,1.0,87_135_20_1000_1,current,True,4.390762,True,True,,0.31996,4.710722
87,135,20,1000,1,1.0,87_135_20_1000_1,smoother_11,True,0.9198630000000003,True,False,,3.189901,4.109764
87,135,20,1000,1,1.0,87_135_20_1000_1,smoother_31,True,4.319839,True,True,,0.350168,4.670007
87,135,20,1000,1,1.0,87_135_20_1000_1,accel_gap_half,True,4.390762,True,True,,0.31996,4.710722
87,135,20,1000,1,1.0,87_135_20_1000_1,accel_gap_double,True,4.390762,True,True,,0.31996,4.710722
87,135,20,1000,1,1.0,87_135_20_1000_1,aux_gap_half,True,4.390762,True,True,,0.31996,4.710722
87,135,20,1000,1,1.0,87_135_20_1000_1,aux_gap_double,True,4.390762,True,True,,0.31996,4.710722
87,180,20,500,0,0.5,87_180_20_500_0,current,True,4.420569,True,True,,0.31053,4.731099
87,180,20,500,0,0.5,87_180_20_500_0,smoother_11,True,0.8596400000000002,True,False,,3.530721,4.390361
87,180,20,500,0,0.5,87_180_20_500_0,smoother_31,True,4.360532,True,True,,0.339986,4.700518
87,180,20,500,0,0.5,87_180_20_500_0,accel_gap_half,True,4.420569,True,True,,0.31053,4.731099
87,180,20,500,0,0.5,87_180_20_500_0,accel_gap_double,True,4.420569,True,True,,0.31053,4.731099
87,180,20,500,0,0.5,87_180_20_500_0,aux_gap_half,True,4.420569,True,True,,0.31053,4.731099
87,180,20,500,0,0.5,87_180_20_500_0,aux_gap_double,True,4.420569,True,True,,0.31053,4.731099
87,180,20,500,1,0.5,87_180_20_500_1,current,True,4.419021,True,True,,0.300056964,4.719077964
87,180,20,500,1,0.5,87_180_20_500_1,smoother_11,True,0.7800370000000001,True,False,,2.270121964,3.050158964
87,180,20,500,1,0.5,87_180_20_500_1,smoother_31,True,4.34999,True,True,,0.329309964,4.679299964
87,180,20,500,1,0.5,87_180_20_500_1,accel_gap_half,True,4.419021,True,True,,0.300056964,4.719077964
87,180,20,500,1,0.5,87_180_20_500_1,accel_gap_double,True,4.419021,True,True,,0.300056964,4.719077964
87,180,20,500,1,0.5,87_180_20_500_1,aux_gap_half,True,4.419021,True,True,,0.300056964,4.719077964
87,180,20,500,1,0.5,87_180_20_500_1,aux_gap_double,True,4.419021,True,True,,0.300056964,4.719077964
87,180,20,1000,0,1.0,87_180_20_1000_0,current,True,4.409644,True,True,,0.280512695,4.690156695
87,180,20,1000,0,1.0,87_180_20_1000_0,smoother_11,True,1.228071,True,True,,2.711057695,3.939128695
87,180,20,1000,0,1.0,87_180_20_1000_0,smoother_31,True,4.350956,True,True,,0.308704695,4.659660695
87,180,20,1000,0,1.0,87_180_20_1000_0,accel_gap_half,True,4.409644,True,True,,0.280512695,4.690156695
87,180,20,1000,0,1.0,87_180_20_1000_0,accel_gap_double,True,4.409644,True,True,,0.280512695,4.690156695
87,180,20,1000,0,1.0,87_180_20_1000_0,aux_gap_half,True,4.409644,True,True,,0.280512695,4.690156695
87,180,20,1000,0,1.0,87_180_20_1000_0,aux_gap_double,True,4.409644,True,True,,0.280512695,4.690156695
87,180,20,1000,1,1.0,87_180_20_1000_1,current,True,2.4979020000000003,True,True,,1.701298923,4.199200923
87,180,20,1000,1,1.0,87_180_20_1000_1,smoother_11,True,0.9783619999999997,True,False,,3.210598923,4.188960923
87,180,20,1000,1,1.0,87_180_20_1000_1,smoother_31,True,4.3305489999999995,True,True,,0.318849923,4.649398923
87,180,20,1000,1,1.0,87_180_20_1000_1,accel_gap_half,True,2.4979020000000003,True,True,,1.701298923,4.199200923
87,180,20,1000,1,1.0,87_180_20_1000_1,accel_gap_double,True,2.4979020000000003,True,True,,1.701298923,4.199200923
87,180,20,1000,1,1.0,87_180_20_1000_1,aux_gap_half,True,2.4979020000000003,True,True,,1.701298923,4.199200923
87,180,20,1000,1,1.0,87_180_20_1000_1,aux_gap_double,True,2.4979020000000003,True,True,,1.701298923,4.199200923
87,225,20,500,0,0.5,87_225_20_500_0,current,True,4.388602,True,True,,0.280189766,4.668791766
87,225,20,500,0,0.5,87_225_20_500_0,smoother_11,True,1.33128,True,True,,2.279446766,3.610726766
87,225,20,500,0,0.5,87_225_20_500_0,smoother_31,True,4.330152,True,True,,0.310066766,4.640218766
87,225,20,500,0,0.5,87_225_20_500_0,accel_gap_half,True,4.388602,True,True,,0.280189766,4.668791766
87,225,20,500,0,0.5,87_225_20_500_0,accel_gap_double,True,4.388602,True,True,,0.280189766,4.668791766
87,225,20,500,0,0.5,87_225_20_500_0,aux_gap_half,True,4.388602,True,True,,0.280189766,4.668791766
87,225,20,500,0,0.5,87_225_20_500_0,aux_gap_double,True,4.388602,True,True,,0.280189766,4.668791766
87,225,20,500,1,0.5,87_225_20_500_1,current,True,4.388803,True,True,,0.289935,4.678738
87,225,20,500,1,0.5,87_225_20_500_1,smoother_11,True,0.7714210000000001,True,False,,3.929493,4.700914
87,225,20,500,1,0.5,87_225_20_500_1,smoother_31,True,4.32061,True,True,,0.319794,4.640404
87,225,20,500,1,0.5,87_225_20_500_1,accel_gap_half,True,4.388803,True,True,,0.289935,4.678738
87,225,20,500,1,0.5,87_225_20_500_1,accel_gap_double,True,4.388803,True,True,,0.289935,4.678738
87,225,20,500,1,0.5,87_225_20_500_1,aux_gap_half,True,4.388803,True,True,,0.289935,4.678738
87,225,20,500,1,0.5,87_225_20_500_1,aux_gap_double,True,4.388803,True,True,,0.289935,4.678738
87,225,20,1000,0,1.0,87_225_20_1000_0,current,True,4.381733,True,True,,0.298727,4.68046
87,225,20,1000,0,1.0,87_225_20_1000_0,smoother_11,True,1.0713310000000003,True,True,,2.369684,3.441015
87,225,20,1000,0,1.0,87_225_20_1000_0,smoother_31,True,4.3181519999999995,True,True,,0.320615,4.638767
87,225,20,1000,0,1.0,87_225_20_1000_0,accel_gap_half,True,4.381733,True,True,,0.298727,4.68046
87,225,20,1000,0,1.0,87_225_20_1000_0,accel_gap_double,True,4.381733,True,True,,0.298727,4.68046
87,225,20,1000,0,1.0,87_225_20_1000_0,aux_gap_half,True,4.381733,True,True,,0.298727,4.68046
87,225,20,1000,0,1.0,87_225_20_1000_0,aux_gap_double,True,4.381733,True,True,,0.298727,4.68046
87,225,20,1000,1,1.0,87_225_20_1000_1,current,True,1.7,True,True,,1.650501123,3.350501123
87,225,20,1000,1,1.0,87_225_20_1000_1,smoother_11,True,0.8591880000000001,True,False,,2.471187123,3.330375123
87,225,20,1000,1,1.0,87_225_20_1000_1,smoother_31,True,4.319925,True,True,,0.319363123,4.639288123
87,225,20,1000,1,1.0,87_225_20_1000_1,accel_gap_half,True,1.7,True,True,,1.650501123,3.350501123
87,225,20,1000,1,1.0,87_225_20_1000_1,accel_gap_double,True,1.7,True,True,,1.650501123,3.350501123
87,225,20,1000,1,1.0,87_225_20_1000_1,aux_gap_half,True,1.7,True,True,,1.650501123,3.350501123
87,225,20,1000,1,1.0,87_225_20_1000_1,aux_gap_double,True,1.7,True,True,,1.650501123,3.350501123
87,270,20,500,0,0.5,87_270_20_500_0,current,True,3.439514,True,True,,0.289741,3.729255
87,270,20,500,0,0.5,87_270_20_500_0,smoother_11,True,0.948855,True,False,,0.410395,1.35925
87,270,20,500,0,0.5,87_270_20_500_0,smoother_31,True,4.330712,True,True,,0.329746,4.660458
87,270,20,500,0,0.5,87_270_20_500_0,accel_gap_half,True,3.439514,True,True,,0.289741,3.729255
87,270,20,500,0,0.5,87_270_20_500_0,accel_gap_double,True,3.439514,True,True,,0.289741,3.729255
87,270,20,500,0,0.5,87_270_20_500_0,aux_gap_half,True,3.439514,True,True,,0.289741,3.729255
87,270,20,500,0,0.5,87_270_20_500_0,aux_gap_double,True,3.439514,True,True,,0.289741,3.729255
87,270,20,500,1,0.5,87_270_20_500_1,current,True,2.870343,True,True,,0.699505,3.569848
87,270,20,500,1,0.5,87_270_20_500_1,smoother_11,True,1.061295,True,True,,0.719714,1.781009
87,270,20,500,1,0.5,87_270_20_500_1,smoother_31,True,4.3496820000000005,True,True,,0.310503,4.660185
87,270,20,500,1,0.5,87_270_20_500_1,accel_gap_half,True,2.870343,True,True,,0.699505,3.569848
87,270,20,500,1,0.5,87_270_20_500_1,accel_gap_double,True,2.870343,True,True,,0.699505,3.569848
87,270,20,500,1,0.5,87_270_20_500_1,aux_gap_half,True,2.870343,True,True,,0.699505,3.569848
87,270,20,500,1,0.5,87_270_20_500_1,aux_gap_double,True,2.870343,True,True,,0.699505,3.569848
87,270,20,1000,0,1.0,87_270_20_1000_0,current,True,4.140491000000001,True,True,,0.290054,4.430545
87,270,20,1000,0,1.0,87_270_20_1000_0,smoother_11,True,0.8090660000000001,True,False,,3.590622,4.399688
87,270,20,1000,0,1.0,87_270_20_1000_0,smoother_31,True,4.3518930000000005,True,True,,0.318764,4.670657
87,270,20,1000,0,1.0,87_270_20_1000_0,accel_gap_half,True,4.140491000000001,True,True,,0.290054,4.430545
87,270,20,1000,0,1.0,87_270_20_1000_0,accel_gap_double,True,4.140491000000001,True,True,,0.290054,4.430545
87,270,20,1000,0,1.0,87_270_20_1000_0,aux_gap_half,True,4.140491000000001,True,True,,0.290054,4.430545
87,270,20,1000,0,1.0,87_270_20_1000_0,aux_gap_double,True,4.140491000000001,True,True,,0.290054,4.430545
87,270,20,1000,1,1.0,87_270_20_1000_1,current,True,2.219932,True,True,,0.320049027,2.539981027
87,270,20,1000,1,1.0,87_270_20_1000_1,smoother_11,True,1.008855,True,True,,0.719945027,1.728800027
87,270,20,1000,1,1.0,87_270_20_1000_1,smoother_31,True,4.358277999999999,True,True,,0.341175027,4.699453027
87,270,20,1000,1,1.0,87_270_20_1000_1,accel_gap_half,True,2.219932,True,True,,0.320049027,2.539981027
87,270,20,1000,1,1.0,87_270_20_1000_1,accel_gap_double,True,2.219932,True,True,,0.320049027,2.539981027
87,270,20,1000,1,1.0,87_270_20_1000_1,aux_gap_half,True,2.219932,True,True,,0.320049027,2.539981027
87,270,20,1000,1,1.0,87_270_20_1000_1,aux_gap_double,True,2.219932,True,True,,0.320049027,2.539981027
87,315,20,500,0,0.5,87_315_20_500_0,current,True,2.9105480000000004,True,True,,1.749795,4.660343
87,315,20,500,0,0.5,87_315_20_500_0,smoother_11,True,1.0395679999999996,True,True,,2.669554,3.709122
87,315,20,500,0,0.5,87_315_20_500_0,smoother_31,True,4.321108,True,True,,0.308989,4.630097
87,315,20,500,0,0.5,87_315_20_500_0,accel_gap_half,True,2.9105480000000004,True,True,,1.749795,4.660343
87,315,20,500,0,0.5,87_315_20_500_0,accel_gap_double,True,2.9105480000000004,True,True,,1.749795,4.660343
87,315,20,500,0,0.5,87_315_20_500_0,aux_gap_half,True,2.9105480000000004,True,True,,1.749795,4.660343
87,315,20,500,0,0.5,87_315_20_500_0,aux_gap_double,True,2.9105480000000004,True,True,,1.749795,4.660343
87,315,20,500,1,0.5,87_315_20_500_1,current,True,2.9106579999999997,True,True,,1.759334,4.669992
87,315,20,500,1,0.5,87_315_20_500_1,smoother_11,True,2.420884,True,True,,1.799533,4.220417
87,315,20,500,1,0.5,87_315_20_500_1,smoother_31,True,4.330222,True,True,,0.310145,4.640367
87,315,20,500,1,0.5,87_315_20_500_1,accel_gap_half,True,2.9106579999999997,True,True,,1.759334,4.669992
87,315,20,500,1,0.5,87_315_20_500_1,accel_gap_double,True,2.9106579999999997,True,True,,1.759334,4.669992
87,315,20,500,1,0.5,87_315_20_500_1,aux_gap_half,True,2.9106579999999997,True,True,,1.759334,4.669992
87,315,20,500,1,0.5,87_315_20_500_1,aux_gap_double,True,2.9106579999999997,True,True,,1.759334,4.669992
87,315,20,1000,0,1.0,87_315_20_1000_0,current,True,3.3583800000000004,True,True,,0.301074,3.659454
87,315,20,1000,0,1.0,87_315_20_1000_0,smoother_11,True,1.042536,True,True,,1.98873,3.031266
87,315,20,1000,0,1.0,87_315_20_1000_0,smoother_31,True,4.329448999999999,True,True,,0.330655,4.660104
87,315,20,1000,0,1.0,87_315_20_1000_0,accel_gap_half,True,3.3583800000000004,True,True,,0.301074,3.659454
87,315,20,1000,0,1.0,87_315_20_1000_0,accel_gap_double,True,3.3583800000000004,True,True,,0.301074,3.659454
87,315,20,1000,0,1.0,87_315_20_1000_0,aux_gap_half,True,3.3583800000000004,True,True,,0.301074,3.659454
87,315,20,1000,0,1.0,87_315_20_1000_0,aux_gap_double,True,3.3583800000000004,True,True,,0.301074,3.659454
87,315,20,1000,1,1.0,87_315_20_1000_1,current,True,4.380517,True,True,,0.319109,4.699626
87,315,20,1000,1,1.0,87_315_20_1000_1,smoother_11,True,0.761043,True,False,,0.28835,1.049393
87,315,20,1000,1,1.0,87_315_20_1000_1,smoother_31,True,4.318875,True,True,,0.349958,4.668833
87,315,20,1000,1,1.0,87_315_20_1000_1,accel_gap_half,True,4.380517,True,True,,0.319109,4.699626
87,315,20,1000,1,1.0,87_315_20_1000_1,accel_gap_double,True,4.380517,True,True,,0.319109,4.699626
87,315,20,1000,1,1.0,87_315_20_1000_1,aux_gap_half,True,4.380517,True,True,,0.319109,4.699626
87,315,20,1000,1,1.0,87_315_20_1000_1,aux_gap_double,True,4.380517,True,True,,0.319109,4.699626
87,0,40,500,0,0.5,87_0_40_500_0,current,True,2.13069,True,True,,0.278766,2.409456
87,0,40,500,0,0.5,87_0_40_500_0,smoother_11,True,0.789391,True,False,,0.25017,1.039561
87,0,40,500,0,0.5,87_0_40_500_0,smoother_31,True,2.062274,True,True,,0.31854,2.380814
87,0,40,500,0,0.5,87_0_40_500_0,accel_gap_half,True,2.13069,True,True,,0.278766,2.409456
87,0,40,500,0,0.5,87_0_40_500_0,accel_gap_double,True,2.13069,True,True,,0.278766,2.409456
87,0,40,500,0,0.5,87_0_40_500_0,aux_gap_half,True,2.13069,True,True,,0.278766,2.409456
87,0,40,500,0,0.5,87_0_40_500_0,aux_gap_double,True,2.13069,True,True,,0.278766,2.409456
87,0,40,500,1,0.5,87_0_40_500_1,current,True,2.131287,True,True,,0.289704,2.420991
87,0,40,500,1,0.5,87_0_40_500_1,smoother_11,True,0.897969,True,False,,0.271231,1.1692
87,0,40,500,1,0.5,87_0_40_500_1,smoother_31,True,2.0705180000000003,True,True,,0.319781,2.390299
87,0,40,500,1,0.5,87_0_40_500_1,accel_gap_half,True,2.131287,True,True,,0.289704,2.420991
87,0,40,500,1,0.5,87_0_40_500_1,accel_gap_double,True,2.131287,True,True,,0.289704,2.420991
87,0,40,500,1,0.5,87_0_40_500_1,aux_gap_half,True,2.131287,True,True,,0.289704,2.420991
87,0,40,500,1,0.5,87_0_40_500_1,aux_gap_double,True,2.131287,True,True,,0.289704,2.420991
87,0,40,1000,0,1.0,87_0_40_1000_0,current,True,2.140621,True,True,,0.269758877,2.410379877
87,0,40,1000,0,1.0,87_0_40_1000_0,smoother_11,True,0.580581,True,False,,0.640247877,1.220828877
87,0,40,1000,0,1.0,87_0_40_1000_0,smoother_31,True,2.070306,True,True,,0.310488877,2.380794877
87,0,40,1000,0,1.0,87_0_40_1000_0,accel_gap_half,True,2.140621,True,True,,0.269758877,2.410379877
87,0,40,1000,0,1.0,87_0_40_1000_0,accel_gap_double,True,2.140621,True,True,,0.269758877,2.410379877
87,0,40,1000,0,1.0,87_0_40_1000_0,aux_gap_half,True,2.140621,True,True,,0.269758877,2.410379877
87,0,40,1000,0,1.0,87_0_40_1000_0,aux_gap_double,True,2.140621,True,True,,0.269758877,2.410379877
87,0,40,1000,1,1.0,87_0_40_1000_1,current,True,2.1308469999999997,True,True,,0.32962907,2.46047607
87,0,40,1000,1,1.0,87_0_40_1000_1,smoother_11,True,0.829036,True,False,,0.30987007,1.13890607
87,0,40,1000,1,1.0,87_0_40_1000_1,smoother_31,True,2.070808,True,True,,0.35893907,2.42974707
87,0,40,1000,1,1.0,87_0_40_1000_1,accel_gap_half,True,2.1308469999999997,True,True,,0.32962907,2.46047607
87,0,40,1000,1,1.0,87_0_40_1000_1,accel_gap_double,True,2.1308469999999997,True,True,,0.32962907,2.46047607
87,0,40,1000,1,1.0,87_0_40_1000_1,aux_gap_half,True,2.1308469999999997,True,True,,0.32962907,2.46047607
87,0,40,1000,1,1.0,87_0_40_1000_1,aux_gap_double,True,2.1308469999999997,True,True,,0.32962907,2.46047607
87,45,40,500,0,0.5,87_45_40_500_0,current,True,2.129972,True,True,,0.299236189,2.429208189
87,45,40,500,0,0.5,87_45_40_500_0,smoother_11,True,0.788389,True,False,,0.270481189,1.058870189
87,45,40,500,0,0.5,87_45_40_500_0,smoother_31,True,2.0615569999999996,True,True,,0.329390189,2.390947189
87,45,40,500,0,0.5,87_45_40_500_0,accel_gap_half,True,2.129972,True,True,,0.299236189,2.429208189
87,45,40,500,0,0.5,87_45_40_500_0,accel_gap_double,True,2.129972,True,True,,0.299236189,2.429208189
87,45,40,500,0,0.5,87_45_40_500_0,aux_gap_half,True,2.129972,True,True,,0.299236189,2.429208189
87,45,40,500,0,0.5,87_45_40_500_0,aux_gap_double,True,2.129972,True,True,,0.299236189,2.429208189
87,45,40,500,1,0.5,87_45_40_500_1,current,True,2.1286240000000003,True,True,,0.300350757,2.428974757
87,45,40,500,1,0.5,87_45_40_500_1,smoother_11,True,0.658989,True,False,,1.260482757,1.919471757
87,45,40,500,1,0.5,87_45_40_500_1,smoother_31,True,2.0698250000000002,True,True,,0.329729757,2.399554757
87,45,40,500,1,0.5,87_45_40_500_1,accel_gap_half,True,2.1286240000000003,True,True,,0.300350757,2.428974757
87,45,40,500,1,0.5,87_45_40_500_1,accel_gap_double,True,2.1286240000000003,True,True,,0.300350757,2.428974757
87,45,40,500,1,0.5,87_45_40_500_1,aux_gap_half,True,2.1286240000000003,True,True,,0.300350757,2.428974757
87,45,40,500,1,0.5,87_45_40_500_1,aux_gap_double,True,2.1286240000000003,True,True,,0.300350757,2.428974757
87,45,40,1000,0,1.0,87_45_40_1000_0,current,True,2.1196379999999997,True,True,,0.300749,2.420387
87,45,40,1000,0,1.0,87_45_40_1000_0,smoother_11,True,0.78026,True,False,,1.420396,2.200656
87,45,40,1000,0,1.0,87_45_40_1000_0,smoother_31,True,2.059812,True,True,,0.330276,2.390088
87,45,40,1000,0,1.0,87_45_40_1000_0,accel_gap_half,True,2.1196379999999997,True,True,,0.300749,2.420387
87,45,40,1000,0,1.0,87_45_40_1000_0,accel_gap_double,True,2.1196379999999997,True,True,,0.300749,2.420387
87,45,40,1000,0,1.0,87_45_40_1000_0,aux_gap_half,True,2.1196379999999997,True,True,,0.300749,2.420387
87,45,40,1000,0,1.0,87_45_40_1000_0,aux_gap_double,True,2.1196379999999997,True,True,,0.300749,2.420387
87,45,40,1000,1,1.0,87_45_40_1000_1,current,True,1.7092329999999998,True,True,,0.700479,2.409712
87,45,40,1000,1,1.0,87_45_40_1000_1,smoother_11,True,0.33125000000000004,False,False,,1.439482,1.770732
87,45,40,1000,1,1.0,87_45_40_1000_1,smoother_31,True,2.0502849999999997,True,True,,0.339253,2.389538
87,45,40,1000,1,1.0,87_45_40_1000_1,accel_gap_half,True,1.7092329999999998,True,True,,0.700479,2.409712
87,45,40,1000,1,1.0,87_45_40_1000_1,accel_gap_double,True,1.7092329999999998,True,True,,0.700479,2.409712
87,45,40,1000,1,1.0,87_45_40_1000_1,aux_gap_half,True,1.7092329999999998,True,True,,0.700479,2.409712
87,45,40,1000,1,1.0,87_45_40_1000_1,aux_gap_double,True,1.7092329999999998,True,True,,0.700479,2.409712
87,90,40,500,0,0.5,87_90_40_500_0,current,True,1.3402809999999998,True,True,,1.089557801,2.429838801
87,90,40,500,0,0.5,87_90_40_500_0,smoother_11,True,0.9298330000000001,True,False,,1.089557801,2.019390801
87,90,40,500,0,0.5,87_90_40_500_0,smoother_31,True,2.0688839999999997,True,True,,0.331014801,2.399898801
87,90,40,500,0,0.5,87_90_40_500_0,accel_gap_half,True,1.3402809999999998,True,True,,1.089557801,2.429838801
87,90,40,500,0,0.5,87_90_40_500_0,accel_gap_double,True,1.3402809999999998,True,True,,1.089557801,2.429838801
87,90,40,500,0,0.5,87_90_40_500_0,aux_gap_half,True,1.3402809999999998,True,True,,1.089557801,2.429838801
87,90,40,500,0,0.5,87_90_40_500_0,aux_gap_double,True,1.3402809999999998,True,True,,1.089557801,2.429838801
87,90,40,500,1,0.5,87_90_40_500_1,current,True,2.1399649999999997,True,True,,0.280174,2.420139
87,90,40,500,1,0.5,87_90_40_500_1,smoother_11,True,0.9604940000000002,True,False,,0.259086,1.21958
87,90,40,500,1,0.5,87_90_40_500_1,smoother_31,True,2.080243,True,True,,0.310906,2.391149
87,90,40,500,1,0.5,87_90_40_500_1,accel_gap_half,True,2.1399649999999997,True,True,,0.280174,2.420139
87,90,40,500,1,0.5,87_90_40_500_1,accel_gap_double,True,2.1399649999999997,True,True,,0.280174,2.420139
87,90,40,500,1,0.5,87_90_40_500_1,aux_gap_half,True,2.1399649999999997,True,True,,0.280174,2.420139
87,90,40,500,1,0.5,87_90_40_500_1,aux_gap_double,True,2.1399649999999997,True,True,,0.280174,2.420139
87,90,40,1000,0,1.0,87_90_40_1000_0,current,True,2.129281,True,True,,0.300463528,2.429744528
87,90,40,1000,0,1.0,87_90_40_1000_0,smoother_11,True,0.7211420000000002,True,False,,1.308866528,2.030008528
87,90,40,1000,0,1.0,87_90_40_1000_0,smoother_31,True,2.0680810000000003,True,True,,0.330817528,2.398898528
87,90,40,1000,0,1.0,87_90_40_1000_0,accel_gap_half,True,2.129281,True,True,,0.300463528,2.429744528
87,90,40,1000,0,1.0,87_90_40_1000_0,accel_gap_double,True,2.129281,True,True,,0.300463528,2.429744528
87,90,40,1000,0,1.0,87_90_40_1000_0,aux_gap_half,True,2.129281,True,True,,0.300463528,2.429744528
87,90,40,1000,0,1.0,87_90_40_1000_0,aux_gap_double,True,2.129281,True,True,,0.300463528,2.429744528
87,90,40,1000,1,1.0,87_90_40_1000_1,current,True,2.120158,True,True,,0.299364,2.419522
87,90,40,1000,1,1.0,87_90_40_1000_1,smoother_11,True,0.4595260000000001,False,False,,1.990782,2.450308
87,90,40,1000,1,1.0,87_90_40_1000_1,smoother_31,True,2.0604080000000002,True,True,,0.329262,2.38967
87,90,40,1000,1,1.0,87_90_40_1000_1,accel_gap_half,True,2.120158,True,True,,0.299364,2.419522
87,90,40,1000,1,1.0,87_90_40_1000_1,accel_gap_double,True,2.120158,True,True,,0.299364,2.419522
87,90,40,1000,1,1.0,87_90_40_1000_1,aux_gap_half,True,2.120158,True,True,,0.299364,2.419522
87,90,40,1000,1,1.0,87_90_40_1000_1,aux_gap_double,True,2.120158,True,True,,0.299364,2.419522
87,135,40,500,0,0.5,87_135_40_500_0,current,True,2.1201209999999997,True,True,,0.300148,2.420269
87,135,40,500,0,0.5,87_135_40_500_0,smoother_11,True,1.269206,True,True,,0.840207,2.109413
87,135,40,500,0,0.5,87_135_40_500_0,smoother_31,True,2.0514080000000003,True,True,,0.339151,2.390559
87,135,40,500,0,0.5,87_135_40_500_0,accel_gap_half,True,2.1201209999999997,True,True,,0.300148,2.420269
87,135,40,500,0,0.5,87_135_40_500_0,accel_gap_double,True,2.1201209999999997,True,True,,0.300148,2.420269
87,135,40,500,0,0.5,87_135_40_500_0,aux_gap_half,True,2.1201209999999997,True,True,,0.300148,2.420269
87,135,40,500,0,0.5,87_135_40_500_0,aux_gap_double,True,2.1201209999999997,True,True,,0.300148,2.420269
87,135,40,500,1,0.5,87_135_40_500_1,current,True,2.120578,True,True,,0.299664,2.420242
87,135,40,500,1,0.5,87_135_40_500_1,smoother_11,True,0.930415,True,False,,0.579123,1.509538
87,135,40,500,1,0.5,87_135_40_500_1,smoother_31,True,2.058326,True,True,,0.331268,2.389594
87,135,40,500,1,0.5,87_135_40_500_1,accel_gap_half,True,2.120578,True,True,,0.299664,2.420242
87,135,40,500,1,0.5,87_135_40_500_1,accel_gap_double,True,2.120578,True,True,,0.299664,2.420242
87,135,40,500,1,0.5,87_135_40_500_1,aux_gap_half,True,2.120578,True,True,,0.299664,2.420242
87,135,40,500,1,0.5,87_135_40_500_1,aux_gap_double,True,2.120578,True,True,,0.299664,2.420242
87,135,40,1000,0,1.0,87_135_40_1000_0,current,True,2.110263,True,True,,0.300052073,2.410315073
87,135,40,1000,0,1.0,87_135_40_1000_0,smoother_11,True,0.8396370000000002,True,False,,1.600496073,2.440133073
87,135,40,1000,0,1.0,87_135_40_1000_0,smoother_31,True,2.05039,True,True,,0.329604073,2.379994073
87,135,40,1000,0,1.0,87_135_40_1000_0,accel_gap_half,True,2.110263,True,True,,0.300052073,2.410315073
87,135,40,1000,0,1.0,87_135_40_1000_0,accel_gap_double,True,2.110263,True,True,,0.300052073,2.410315073
87,135,40,1000,0,1.0,87_135_40_1000_0,aux_gap_half,True,2.110263,True,True,,0.300052073,2.410315073
87,135,40,1000,0,1.0,87_135_40_1000_0,aux_gap_double,True,2.110263,True,True,,0.300052073,2.410315073
87,135,40,1000,1,1.0,87_135_40_1000_1,current,True,2.0995489999999997,True,True,,0.300285,2.399834
87,135,40,1000,1,1.0,87_135_40_1000_1,smoother_11,True,0.6007549999999999,True,False,,0.269287,0.870042
87,135,40,1000,1,1.0,87_135_40_1000_1,smoother_31,True,2.039371,True,True,,0.33025,2.369621
87,135,40,1000,1,1.0,87_135_40_1000_1,accel_gap_half,True,2.0995489999999997,True,True,,0.300285,2.399834
87,135,40,1000,1,1.0,87_135_40_1000_1,accel_gap_double,True,2.0995489999999997,True,True,,0.300285,2.399834
87,135,40,1000,1,1.0,87_135_40_1000_1,aux_gap_half,True,2.0995489999999997,True,True,,0.300285,2.399834
87,135,40,1000,1,1.0,87_135_40_1000_1,aux_gap_double,True,2.0995489999999997,True,True,,0.300285,2.399834
87,180,40,500,0,0.5,87_180_40_500_0,current,True,1.6599810000000002,True,True,,0.299465993,1.959446993
87,180,40,500,0,0.5,87_180_40_500_0,smoother_11,True,0.709382,True,False,,0.269915993,0.979297993
87,180,40,500,0,0.5,87_180_40_500_0,smoother_31,True,2.048976,True,True,,0.340953993,2.389929993
87,180,40,500,0,0.5,87_180_40_500_0,accel_gap_half,True,1.6599810000000002,True,True,,0.299465993,1.959446993
87,180,40,500,0,0.5,87_180_40_500_0,accel_gap_double,True,1.6599810000000002,True,True,,0.299465993,1.959446993
87,180,40,500,0,0.5,87_180_40_500_0,aux_gap_half,True,1.6599810000000002,True,True,,0.299465993,1.959446993
87,180,40,500,0,0.5,87_180_40_500_0,aux_gap_double,True,1.6599810000000002,True,True,,0.299465993,1.959446993
87,180,40,500,1,0.5,87_180_40_500_1,current,True,1.7091000000000003,True,True,,0.300296,2.009396
87,180,40,500,1,0.5,87_180_40_500_1,smoother_11,True,1.111827,True,True,,0.269349,1.381176
87,180,40,500,1,0.5,87_180_40_500_1,smoother_31,True,2.058708,True,True,,0.330279,2.388987
87,180,40,500,1,0.5,87_180_40_500_1,accel_gap_half,True,1.7091000000000003,True,True,,0.300296,2.009396
87,180,40,500,1,0.5,87_180_40_500_1,accel_gap_double,True,1.7091000000000003,True,True,,0.300296,2.009396
87,180,40,500,1,0.5,87_180_40_500_1,aux_gap_half,True,1.7091000000000003,True,True,,0.300296,2.009396
87,180,40,500,1,0.5,87_180_40_500_1,aux_gap_double,True,1.7091000000000003,True,True,,0.300296,2.009396
87,180,40,1000,0,1.0,87_180_40_1000_0,current,True,2.12027,True,True,,0.289726403,2.409996403
87,180,40,1000,0,1.0,87_180_40_1000_0,smoother_11,True,0.46862800000000004,False,False,,1.090726403,1.559354403
87,180,40,1000,0,1.0,87_180_40_1000_0,smoother_31,True,2.059135,True,True,,0.319985403,2.379120403
87,180,40,1000,0,1.0,87_180_40_1000_0,accel_gap_half,True,2.12027,True,True,,0.289726403,2.409996403
87,180,40,1000,0,1.0,87_180_40_1000_0,accel_gap_double,True,2.12027,True,True,,0.289726403,2.409996403
87,180,40,1000,0,1.0,87_180_40_1000_0,aux_gap_half,True,2.12027,True,True,,0.289726403,2.409996403
87,180,40,1000,0,1.0,87_180_40_1000_0,aux_gap_double,True,2.12027,True,True,,0.289726403,2.409996403
87,180,40,1000,1,1.0,87_180_40_1000_1,current,True,2.118148,True,True,,0.290548,2.408696
87,180,40,1000,1,1.0,87_180_40_1000_1,smoother_11,True,0.509511,True,False,,0.260369,0.76988
87,180,40,1000,1,1.0,87_180_40_1000_1,smoother_31,True,2.0611930000000003,True,True,,0.319559,2.380752
87,180,40,1000,1,1.0,87_180_40_1000_1,accel_gap_half,True,2.118148,True,True,,0.290548,2.408696
87,180,40,1000,1,1.0,87_180_40_1000_1,accel_gap_double,True,2.118148,True,True,,0.290548,2.408696
87,180,40,1000,1,1.0,87_180_40_1000_1,aux_gap_half,True,2.118148,True,True,,0.290548,2.408696
87,180,40,1000,1,1.0,87_180_40_1000_1,aux_gap_double,True,2.118148,True,True,,0.290548,2.408696
87,225,40,500,0,0.5,87_225_40_500_0,current,True,1.328955,True,True,,1.081285325,2.410240325
87,225,40,500,0,0.5,87_225_40_500_0,smoother_11,True,0.4485299999999999,False,False,,1.110570325,1.559100325
87,225,40,500,0,0.5,87_225_40_500_0,smoother_31,True,2.068391,True,True,,0.311265325,2.379656325
87,225,40,500,0,0.5,87_225_40_500_0,accel_gap_half,True,1.328955,True,True,,1.081285325,2.410240325
87,225,40,500,0,0.5,87_225_40_500_0,accel_gap_double,True,1.328955,True,True,,1.081285325,2.410240325
87,225,40,500,0,0.5,87_225_40_500_0,aux_gap_half,True,1.328955,True,True,,1.081285325,2.410240325
87,225,40,500,0,0.5,87_225_40_500_0,aux_gap_double,True,1.328955,True,True,,1.081285325,2.410240325
87,225,40,500,1,0.5,87_225_40_500_1,current,True,2.129492,True,True,,0.280754038,2.410246038
87,225,40,500,1,0.5,87_225_40_500_1,smoother_11,True,0.381973,False,False,,0.249216038,0.631189038
87,225,40,500,1,0.5,87_225_40_500_1,smoother_31,True,2.0589969999999997,True,True,,0.310283038,2.369280038
87,225,40,500,1,0.5,87_225_40_500_1,accel_gap_half,True,2.129492,True,True,,0.280754038,2.410246038
87,225,40,500,1,0.5,87_225_40_500_1,accel_gap_double,True,2.129492,True,True,,0.280754038,2.410246038
87,225,40,500,1,0.5,87_225_40_500_1,aux_gap_half,True,2.129492,True,True,,0.280754038,2.410246038
87,225,40,500,1,0.5,87_225_40_500_1,aux_gap_double,True,2.129492,True,True,,0.280754038,2.410246038
87,225,40,1000,0,1.0,87_225_40_1000_0,current,True,0.939357,True,False,,1.479783,2.41914
87,225,40,1000,0,1.0,87_225_40_1000_0,smoother_11,True,0.5707950000000002,True,False,,1.519884,2.090679
87,225,40,1000,0,1.0,87_225_40_1000_0,smoother_31,True,2.0606359999999997,True,True,,0.329492,2.390128
87,225,40,1000,0,1.0,87_225_40_1000_0,accel_gap_half,True,0.939357,True,False,,1.479783,2.41914
87,225,40,1000,0,1.0,87_225_40_1000_0,accel_gap_double,True,0.939357,True,False,,1.479783,2.41914
87,225,40,1000,0,1.0,87_225_40_1000_0,aux_gap_half,True,0.939357,True,False,,1.479783,2.41914
87,225,40,1000,0,1.0,87_225_40_1000_0,aux_gap_double,True,0.939357,True,False,,1.479783,2.41914
87,225,40,1000,1,1.0,87_225_40_1000_1,current,True,2.129473,True,True,,0.290602,2.420075
87,225,40,1000,1,1.0,87_225_40_1000_1,smoother_11,True,0.9786250000000001,True,False,,0.68129,1.659915
87,225,40,1000,1,1.0,87_225_40_1000_1,smoother_31,True,2.07898,True,True,,0.310612,2.389592
87,225,40,1000,1,1.0,87_225_40_1000_1,accel_gap_half,True,2.129473,True,True,,0.290602,2.420075
87,225,40,1000,1,1.0,87_225_40_1000_1,accel_gap_double,True,2.129473,True,True,,0.290602,2.420075
87,225,40,1000,1,1.0,87_225_40_1000_1,aux_gap_half,True,2.129473,True,True,,0.290602,2.420075
87,225,40,1000,1,1.0,87_225_40_1000_1,aux_gap_double,True,2.129473,True,True,,0.290602,2.420075
87,270,40,500,0,0.5,87_270_40_500_0,current,True,2.1298310000000003,True,True,,0.300728,2.430559
87,270,40,500,0,0.5,87_270_40_500_0,smoother_11,True,0.8199719999999999,True,False,,1.069808,1.88978
87,270,40,500,0,0.5,87_270_40_500_0,smoother_31,True,2.070402,True,True,,0.33068,2.401082
87,270,40,500,0,0.5,87_270_40_500_0,accel_gap_half,True,2.1298310000000003,True,True,,0.300728,2.430559
87,270,40,500,0,0.5,87_270_40_500_0,accel_gap_double,True,2.1298310000000003,True,True,,0.300728,2.430559
87,270,40,500,0,0.5,87_270_40_500_0,aux_gap_half,True,2.1298310000000003,True,True,,0.300728,2.430559
87,270,40,500,0,0.5,87_270_40_500_0,aux_gap_double,True,2.1298310000000003,True,True,,0.300728,2.430559
87,270,40,500,1,0.5,87_270_40_500_1,current,True,2.150827,True,True,,0.289700902,2.440527902
87,270,40,500,1,0.5,87_270_40_500_1,smoother_11,True,0.6597469999999999,True,False,,1.220525902,1.880272902
87,270,40,500,1,0.5,87_270_40_500_1,smoother_31,True,2.078461,True,True,,0.320895902,2.399356902
87,270,40,500,1,0.5,87_270_40_500_1,accel_gap_half,True,2.150827,True,True,,0.289700902,2.440527902
87,270,40,500,1,0.5,87_270_40_500_1,accel_gap_double,True,2.150827,True,True,,0.289700902,2.440527902
87,270,40,500,1,0.5,87_270_40_500_1,aux_gap_half,True,2.150827,True,True,,0.289700902,2.440527902
87,270,40,500,1,0.5,87_270_40_500_1,aux_gap_double,True,2.150827,True,True,,0.289700902,2.440527902
87,270,40,1000,0,1.0,87_270_40_1000_0,current,True,2.109788,True,True,,0.31017104,2.41995904
87,270,40,1000,0,1.0,87_270_40_1000_0,smoother_11,True,0.5114799999999999,True,False,,0.37951604,0.89099604
87,270,40,1000,0,1.0,87_270_40_1000_0,smoother_31,True,2.049467,True,True,,0.34065504,2.39012204
87,270,40,1000,0,1.0,87_270_40_1000_0,accel_gap_half,True,2.109788,True,True,,0.31017104,2.41995904
87,270,40,1000,0,1.0,87_270_40_1000_0,accel_gap_double,True,2.109788,True,True,,0.31017104,2.41995904
87,270,40,1000,0,1.0,87_270_40_1000_0,aux_gap_half,True,2.109788,True,True,,0.31017104,2.41995904
87,270,40,1000,0,1.0,87_270_40_1000_0,aux_gap_double,True,2.109788,True,True,,0.31017104,2.41995904
87,270,40,1000,1,1.0,87_270_40_1000_1,current,True,2.1309910000000003,True,True,,0.28977,2.420761
87,270,40,1000,1,1.0,87_270_40_1000_1,smoother_11,True,0.47920300000000005,False,False,,0.740748,1.219951
87,270,40,1000,1,1.0,87_270_40_1000_1,smoother_31,True,2.0610030000000004,True,True,,0.31939,2.380393
87,270,40,1000,1,1.0,87_270_40_1000_1,accel_gap_half,True,2.1309910000000003,True,True,,0.28977,2.420761
87,270,40,1000,1,1.0,87_270_40_1000_1,accel_gap_double,True,2.1309910000000003,True,True,,0.28977,2.420761
87,270,40,1000,1,1.0,87_270_40_1000_1,aux_gap_half,True,2.1309910000000003,True,True,,0.28977,2.420761
87,270,40,1000,1,1.0,87_270_40_1000_1,aux_gap_double,True,2.1309910000000003,True,True,,0.28977,2.420761
87,315,40,500,0,0.5,87_315_40_500_0,current,True,2.129666,True,True,,0.279685687,2.409351687
87,315,40,500,0,0.5,87_315_40_500_0,smoother_11,True,0.6605550000000002,True,False,,1.780365687,2.440920687
87,315,40,500,0,0.5,87_315_40_500_0,smoother_31,True,2.049446,True,True,,0.320100687,2.369546687
87,315,40,500,0,0.5,87_315_40_500_0,accel_gap_half,True,2.129666,True,True,,0.279685687,2.409351687
87,315,40,500,0,0.5,87_315_40_500_0,accel_gap_double,True,2.129666,True,True,,0.279685687,2.409351687
87,315,40,500,0,0.5,87_315_40_500_0,aux_gap_half,True,2.129666,True,True,,0.279685687,2.409351687
87,315,40,500,0,0.5,87_315_40_500_0,aux_gap_double,True,2.129666,True,True,,0.279685687,2.409351687
87,315,40,500,1,0.5,87_315_40_500_1,current,True,2.1093349999999997,True,True,,0.291399,2.400734
87,315,40,500,1,0.5,87_315_40_500_1,smoother_11,True,0.8794330000000001,True,False,,1.010033,1.889466
87,315,40,500,1,0.5,87_315_40_500_1,smoother_31,True,2.051454,True,True,,0.319258,2.370712
87,315,40,500,1,0.5,87_315_40_500_1,accel_gap_half,True,2.1093349999999997,True,True,,0.291399,2.400734
87,315,40,500,1,0.5,87_315_40_500_1,accel_gap_double,True,2.1093349999999997,True,True,,0.291399,2.400734
87,315,40,500,1,0.5,87_315_40_500_1,aux_gap_half,True,2.1093349999999997,True,True,,0.291399,2.400734
87,315,40,500,1,0.5,87_315_40_500_1,aux_gap_double,True,2.1093349999999997,True,True,,0.291399,2.400734
87,315,40,1000,0,1.0,87_315_40_1000_0,current,True,2.129794,True,True,,0.280348562,2.410142562
87,315,40,1000,0,1.0,87_315_40_1000_0,smoother_11,True,0.6194260000000001,True,False,,0.889605562,1.509031562
87,315,40,1000,0,1.0,87_315_40_1000_0,smoother_31,True,2.061171,True,True,,0.319446562,2.380617562
87,315,40,1000,0,1.0,87_315_40_1000_0,accel_gap_half,True,2.129794,True,True,,0.280348562,2.410142562
87,315,40,1000,0,1.0,87_315_40_1000_0,accel_gap_double,True,2.129794,True,True,,0.280348562,2.410142562
87,315,40,1000,0,1.0,87_315_40_1000_0,aux_gap_half,True,2.129794,True,True,,0.280348562,2.410142562
87,315,40,1000,0,1.0,87_315_40_1000_0,aux_gap_double,True,2.129794,True,True,,0.280348562,2.410142562
87,315,40,1000,1,1.0,87_315_40_1000_1,current,True,2.109524,True,True,,0.300643585,2.410167585
87,315,40,1000,1,1.0,87_315_40_1000_1,smoother_11,True,1.37973,True,True,,1.059882585,2.439612585
87,315,40,1000,1,1.0,87_315_40_1000_1,smoother_31,True,2.049491,True,True,,0.330800585,2.380291585
87,315,40,1000,1,1.0,87_315_40_1000_1,accel_gap_half,True,2.109524,True,True,,0.300643585,2.410167585
87,315,40,1000,1,1.0,87_315_40_1000_1,accel_gap_double,True,2.109524,True,True,,0.300643585,2.410167585
87,315,40,1000,1,1.0,87_315_40_1000_1,aux_gap_half,True,2.109524,True,True,,0.300643585,2.410167585
87,315,40,1000,1,1.0,87_315_40_1000_1,aux_gap_double,True,2.109524,True,True,,0.300643585,2.410167585
87,0,60,500,0,0.5,87_0_60_500_0,current,True,1.38047,True,True,,0.289246017,1.669716017
87,0,60,500,0,0.5,87_0_60_500_0,smoother_11,True,0.4086310000000001,False,False,,0.610055017,1.018686017
87,0,60,500,0,0.5,87_0_60_500_0,smoother_31,True,1.3094560000000002,True,True,,0.330618017,1.640074017
87,0,60,500,0,0.5,87_0_60_500_0,accel_gap_half,True,1.38047,True,True,,0.289246017,1.669716017
87,0,60,500,0,0.5,87_0_60_500_0,accel_gap_double,True,1.38047,True,True,,0.289246017,1.669716017
87,0,60,500,0,0.5,87_0_60_500_0,aux_gap_half,True,1.38047,True,True,,0.289246017,1.669716017
87,0,60,500,0,0.5,87_0_60_500_0,aux_gap_double,True,1.38047,True,True,,0.289246017,1.669716017
87,0,60,500,1,0.5,87_0_60_500_1,current,True,1.36895,True,True,,0.300363786,1.669313786
87,0,60,500,1,0.5,87_0_60_500_1,smoother_11,True,0.4808410000000001,False,False,,1.218759786,1.699600786
87,0,60,500,1,0.5,87_0_60_500_1,smoother_31,True,1.312117,True,True,,0.328382786,1.640499786
87,0,60,500,1,0.5,87_0_60_500_1,accel_gap_half,True,1.36895,True,True,,0.300363786,1.669313786
87,0,60,500,1,0.5,87_0_60_500_1,accel_gap_double,True,1.36895,True,True,,0.300363786,1.669313786
87,0,60,500,1,0.5,87_0_60_500_1,aux_gap_half,True,1.36895,True,True,,0.300363786,1.669313786
87,0,60,500,1,0.5,87_0_60_500_1,aux_gap_double,True,1.36895,True,True,,0.300363786,1.669313786
87,0,60,1000,0,1.0,87_0_60_1000_0,current,True,1.360933,True,True,,0.349385456,1.710318456
87,0,60,1000,0,1.0,87_0_60_1000_0,smoother_11,True,0.927564,True,False,,0.321386456,1.248950456
87,0,60,1000,0,1.0,87_0_60_1000_0,smoother_31,True,1.329651,True,True,,0.380667456,1.710318456
87,0,60,1000,0,1.0,87_0_60_1000_0,accel_gap_half,True,1.360933,True,True,,0.349385456,1.710318456
87,0,60,1000,0,1.0,87_0_60_1000_0,accel_gap_double,True,1.360933,True,True,,0.349385456,1.710318456
87,0,60,1000,0,1.0,87_0_60_1000_0,aux_gap_half,True,1.360933,True,True,,0.349385456,1.710318456
87,0,60,1000,0,1.0,87_0_60_1000_0,aux_gap_double,True,1.360933,True,True,,0.349385456,1.710318456
87,0,60,1000,1,1.0,87_0_60_1000_1,current,True,1.368752,True,True,,0.350698553,1.719450553
87,0,60,1000,1,1.0,87_0_60_1000_1,smoother_11,True,0.4200809999999999,False,False,,1.330830553,1.750911553
87,0,60,1000,1,1.0,87_0_60_1000_1,smoother_31,True,1.350495,True,True,,0.379635553,1.730130553
87,0,60,1000,1,1.0,87_0_60_1000_1,accel_gap_half,True,1.368752,True,True,,0.350698553,1.719450553
87,0,60,1000,1,1.0,87_0_60_1000_1,accel_gap_double,True,1.368752,True,True,,0.350698553,1.719450553
87,0,60,1000,1,1.0,87_0_60_1000_1,aux_gap_half,True,1.368752,True,True,,0.350698553,1.719450553
87,0,60,1000,1,1.0,87_0_60_1000_1,aux_gap_double,True,1.368752,True,True,,0.350698553,1.719450553
87,45,60,500,0,0.5,87_45_60_500_0,current,True,1.369786,True,True,,0.290375073,1.660161073
87,45,60,500,0,0.5,87_45_60_500_0,smoother_11,True,0.43071400000000004,False,False,,0.569250073,0.999964073
87,45,60,500,0,0.5,87_45_60_500_0,smoother_31,True,1.309472,True,True,,0.329482073,1.638954073
87,45,60,500,0,0.5,87_45_60_500_0,accel_gap_half,True,1.369786,True,True,,0.290375073,1.660161073
87,45,60,500,0,0.5,87_45_60_500_0,accel_gap_double,True,1.369786,True,True,,0.290375073,1.660161073
87,45,60,500,0,0.5,87_45_60_500_0,aux_gap_half,True,1.369786,True,True,,0.290375073,1.660161073
87,45,60,500,0,0.5,87_45_60_500_0,aux_gap_double,True,1.369786,True,True,,0.290375073,1.660161073
87,45,60,500,1,0.5,87_45_60_500_1,current,True,1.369888,True,True,,0.300271,1.670159
87,45,60,500,1,0.5,87_45_60_500_1,smoother_11,True,0.5103270000000001,True,False,,0.589592,1.099919
87,45,60,500,1,0.5,87_45_60_500_1,smoother_31,True,1.309584,True,True,,0.339729,1.649313
87,45,60,500,1,0.5,87_45_60_500_1,accel_gap_half,True,1.369888,True,True,,0.300271,1.670159
87,45,60,500,1,0.5,87_45_60_500_1,accel_gap_double,True,1.369888,True,True,,0.300271,1.670159
87,45,60,500,1,0.5,87_45_60_500_1,aux_gap_half,True,1.369888,True,True,,0.300271,1.670159
87,45,60,500,1,0.5,87_45_60_500_1,aux_gap_double,True,1.369888,True,True,,0.300271,1.670159
87,45,60,1000,0,1.0,87_45_60_1000_0,current,True,1.369641,True,True,,0.320660799,1.690301799
87,45,60,1000,0,1.0,87_45_60_1000_0,smoother_11,True,0.780816,True,False,,0.289700799,1.070516799
87,45,60,1000,0,1.0,87_45_60_1000_0,smoother_31,True,1.30968,True,True,,0.350333799,1.660013799
87,45,60,1000,0,1.0,87_45_60_1000_0,accel_gap_half,True,1.369641,True,True,,0.320660799,1.690301799
87,45,60,1000,0,1.0,87_45_60_1000_0,accel_gap_double,True,1.369641,True,True,,0.320660799,1.690301799
87,45,60,1000,0,1.0,87_45_60_1000_0,aux_gap_half,True,1.369641,True,True,,0.320660799,1.690301799
87,45,60,1000,0,1.0,87_45_60_1000_0,aux_gap_double,True,1.369641,True,True,,0.320660799,1.690301799
87,45,60,1000,1,1.0,87_45_60_1000_1,current,True,1.3795140000000001,True,True,,0.300738,1.680252
87,45,60,1000,1,1.0,87_45_60_1000_1,smoother_11,True,0.3507999999999999,False,False,,0.969723,1.320523
87,45,60,1000,1,1.0,87_45_60_1000_1,smoother_31,True,1.3003500000000001,True,True,,0.33981,1.64016
87,45,60,1000,1,1.0,87_45_60_1000_1,accel_gap_half,True,1.3795140000000001,True,True,,0.300738,1.680252
87,45,60,1000,1,1.0,87_45_60_1000_1,accel_gap_double,True,1.3795140000000001,True,True,,0.300738,1.680252
87,45,60,1000,1,1.0,87_45_60_1000_1,aux_gap_half,True,1.3795140000000001,True,True,,0.300738,1.680252
87,45,60,1000,1,1.0,87_45_60_1000_1,aux_gap_double,True,1.3795140000000001,True,True,,0.300738,1.680252
87,90,60,500,0,0.5,87_90_60_500_0,current,True,1.3596219999999999,True,True,,0.290637,1.650259
87,90,60,500,0,0.5,87_90_60_500_0,smoother_11,True,0.560538,True,False,,1.050199,1.610737
87,90,60,500,0,0.5,87_90_60_500_0,smoother_31,True,1.300117,True,True,,0.319858,1.619975
87,90,60,500,0,0.5,87_90_60_500_0,accel_gap_half,True,1.3596219999999999,True,True,,0.290637,1.650259
87,90,60,500,0,0.5,87_90_60_500_0,accel_gap_double,True,1.3596219999999999,True,True,,0.290637,1.650259
87,90,60,500,0,0.5,87_90_60_500_0,aux_gap_half,True,1.3596219999999999,True,True,,0.290637,1.650259
87,90,60,500,0,0.5,87_90_60_500_0,aux_gap_double,True,1.3596219999999999,True,True,,0.290637,1.650259
87,90,60,500,1,0.5,87_90_60_500_1,current,True,1.370618,True,True,,0.31015476,1.68077276
87,90,60,500,1,0.5,87_90_60_500_1,smoother_11,True,0.9199490000000001,True,False,,0.79073076,1.71067976
87,90,60,500,1,0.5,87_90_60_500_1,smoother_31,True,1.3098049999999999,True,True,,0.34081876,1.65062376
87,90,60,500,1,0.5,87_90_60_500_1,accel_gap_half,True,1.370618,True,True,,0.31015476,1.68077276
87,90,60,500,1,0.5,87_90_60_500_1,accel_gap_double,True,1.370618,True,True,,0.31015476,1.68077276
87,90,60,500,1,0.5,87_90_60_500_1,aux_gap_half,True,1.370618,True,True,,0.31015476,1.68077276
87,90,60,500,1,0.5,87_90_60_500_1,aux_gap_double,True,1.370618,True,True,,0.31015476,1.68077276
87,90,60,1000,0,1.0,87_90_60_1000_0,current,True,1.368588,True,True,,0.310208,1.678796
87,90,60,1000,0,1.0,87_90_60_1000_0,smoother_11,True,0.498881,False,False,,0.790512,1.289393
87,90,60,1000,0,1.0,87_90_60_1000_0,smoother_31,True,1.310083,True,True,,0.340639,1.650722
87,90,60,1000,0,1.0,87_90_60_1000_0,accel_gap_half,True,1.368588,True,True,,0.310208,1.678796
87,90,60,1000,0,1.0,87_90_60_1000_0,accel_gap_double,True,1.368588,True,True,,0.310208,1.678796
87,90,60,1000,0,1.0,87_90_60_1000_0,aux_gap_half,True,1.368588,True,True,,0.310208,1.678796
87,90,60,1000,0,1.0,87_90_60_1000_0,aux_gap_double,True,1.368588,True,True,,0.310208,1.678796
87,90,60,1000,1,1.0,87_90_60_1000_1,current,True,1.3696009999999998,True,True,,0.300591,1.670192
87,90,60,1000,1,1.0,87_90_60_1000_1,smoother_11,True,0.6215270000000002,True,False,,1.089735,1.711262
87,90,60,1000,1,1.0,87_90_60_1000_1,smoother_31,True,1.300416,True,True,,0.330449,1.630865
87,90,60,1000,1,1.0,87_90_60_1000_1,accel_gap_half,True,1.3696009999999998,True,True,,0.300591,1.670192
87,90,60,1000,1,1.0,87_90_60_1000_1,accel_gap_double,True,1.3696009999999998,True,True,,0.300591,1.670192
87,90,60,1000,1,1.0,87_90_60_1000_1,aux_gap_half,True,1.3696009999999998,True,True,,0.300591,1.670192
87,90,60,1000,1,1.0,87_90_60_1000_1,aux_gap_double,True,1.3696009999999998,True,True,,0.300591,1.670192
87,135,60,500,0,0.5,87_135_60_500_0,current,True,1.35033,True,True,,0.309324,1.659654
87,135,60,500,0,0.5,87_135_60_500_0,smoother_11,True,0.49970099999999995,False,False,,1.119793,1.619494
87,135,60,500,0,0.5,87_135_60_500_0,smoother_31,True,1.2898070000000001,True,True,,0.340366,1.630173
87,135,60,500,0,0.5,87_135_60_500_0,accel_gap_half,True,1.35033,True,True,,0.309324,1.659654
87,135,60,500,0,0.5,87_135_60_500_0,accel_gap_double,True,1.35033,True,True,,0.309324,1.659654
87,135,60,500,0,0.5,87_135_60_500_0,aux_gap_half,True,1.35033,True,True,,0.309324,1.659654
87,135,60,500,0,0.5,87_135_60_500_0,aux_gap_double,True,1.35033,True,True,,0.309324,1.659654
87,135,60,500,1,0.5,87_135_60_500_1,current,True,1.381158,True,True,,0.288738107,1.669896107
87,135,60,500,1,0.5,87_135_60_500_1,smoother_11,True,0.8300899999999999,True,False,,0.659403107,1.489493107
87,135,60,500,1,0.5,87_135_60_500_1,smoother_31,True,1.309148,True,True,,0.320389107,1.629537107
87,135,60,500,1,0.5,87_135_60_500_1,accel_gap_half,True,1.381158,True,True,,0.288738107,1.669896107
87,135,60,500,1,0.5,87_135_60_500_1,accel_gap_double,True,1.381158,True,True,,0.288738107,1.669896107
87,135,60,500,1,0.5,87_135_60_500_1,aux_gap_half,True,1.381158,True,True,,0.288738107,1.669896107
87,135,60,500,1,0.5,87_135_60_500_1,aux_gap_double,True,1.381158,True,True,,0.288738107,1.669896107
87,135,60,1000,0,1.0,87_135_60_1000_0,current,True,1.360541,True,True,,0.309454458,1.669995458
87,135,60,1000,0,1.0,87_135_60_1000_0,smoother_11,True,0.389586,False,False,,0.940938458,1.330524458
87,135,60,1000,0,1.0,87_135_60_1000_0,smoother_31,True,1.3002960000000001,True,True,,0.340546458,1.640842458
87,135,60,1000,0,1.0,87_135_60_1000_0,accel_gap_half,True,1.360541,True,True,,0.309454458,1.669995458
87,135,60,1000,0,1.0,87_135_60_1000_0,accel_gap_double,True,1.360541,True,True,,0.309454458,1.669995458
87,135,60,1000,0,1.0,87_135_60_1000_0,aux_gap_half,True,1.360541,True,True,,0.309454458,1.669995458
87,135,60,1000,0,1.0,87_135_60_1000_0,aux_gap_double,True,1.360541,True,True,,0.309454458,1.669995458
87,135,60,1000,1,1.0,87_135_60_1000_1,current,True,1.379174,True,True,,0.289582,1.668756
87,135,60,1000,1,1.0,87_135_60_1000_1,smoother_11,True,0.499507,False,False,,0.270751,0.770258
87,135,60,1000,1,1.0,87_135_60_1000_1,smoother_31,True,1.329216,True,True,,0.319841,1.649057
87,135,60,1000,1,1.0,87_135_60_1000_1,accel_gap_half,True,1.379174,True,True,,0.289582,1.668756
87,135,60,1000,1,1.0,87_135_60_1000_1,accel_gap_double,True,1.379174,True,True,,0.289582,1.668756
87,135,60,1000,1,1.0,87_135_60_1000_1,aux_gap_half,True,1.379174,True,True,,0.289582,1.668756
87,135,60,1000,1,1.0,87_135_60_1000_1,aux_gap_double,True,1.379174,True,True,,0.289582,1.668756
87,180,60,500,0,0.5,87_180_60_500_0,current,True,1.369186,True,True,,0.299759,1.668945
87,180,60,500,0,0.5,87_180_60_500_0,smoother_11,True,0.871013,True,False,,0.689171,1.560184
87,180,60,500,0,0.5,87_180_60_500_0,smoother_31,True,1.299754,True,True,,0.330581,1.630335
87,180,60,500,0,0.5,87_180_60_500_0,accel_gap_half,True,1.369186,True,True,,0.299759,1.668945
87,180,60,500,0,0.5,87_180_60_500_0,accel_gap_double,True,1.369186,True,True,,0.299759,1.668945
87,180,60,500,0,0.5,87_180_60_500_0,aux_gap_half,True,1.369186,True,True,,0.299759,1.668945
87,180,60,500,0,0.5,87_180_60_500_0,aux_gap_double,True,1.369186,True,True,,0.299759,1.668945
87,180,60,500,1,0.5,87_180_60_500_1,current,True,1.36884,True,True,,0.310489,1.679329
87,180,60,500,1,0.5,87_180_60_500_1,smoother_11,True,0.571507,True,False,,0.749109,1.320616
87,180,60,500,1,0.5,87_180_60_500_1,smoother_31,True,1.30946,True,True,,0.340348,1.649808
87,180,60,500,1,0.5,87_180_60_500_1,accel_gap_half,True,1.36884,True,True,,0.310489,1.679329
87,180,60,500,1,0.5,87_180_60_500_1,accel_gap_double,True,1.36884,True,True,,0.310489,1.679329
87,180,60,500,1,0.5,87_180_60_500_1,aux_gap_half,True,1.36884,True,True,,0.310489,1.679329
87,180,60,500,1,0.5,87_180_60_500_1,aux_gap_double,True,1.36884,True,True,,0.310489,1.679329
87,180,60,1000,0,1.0,87_180_60_1000_0,current,True,1.3699249999999998,True,True,,0.349339,1.719264
87,180,60,1000,0,1.0,87_180_60_1000_0,smoother_11,True,0.79951,True,False,,0.960573,1.760083
87,180,60,1000,0,1.0,87_180_60_1000_0,smoother_31,True,1.299007,True,True,,0.390762,1.689769
87,180,60,1000,0,1.0,87_180_60_1000_0,accel_gap_half,True,1.3699249999999998,True,True,,0.349339,1.719264
87,180,60,1000,0,1.0,87_180_60_1000_0,accel_gap_double,True,1.3699249999999998,True,True,,0.349339,1.719264
87,180,60,1000,0,1.0,87_180_60_1000_0,aux_gap_half,True,1.3699249999999998,True,True,,0.349339,1.719264
87,180,60,1000,0,1.0,87_180_60_1000_0,aux_gap_double,True,1.3699249999999998,True,True,,0.349339,1.719264
87,180,60,1000,1,1.0,87_180_60_1000_1,current,True,1.368366,True,True,,0.290515,1.658881
87,180,60,1000,1,1.0,87_180_60_1000_1,smoother_11,True,0.390185,False,False,,1.160615,1.5508
87,180,60,1000,1,1.0,87_180_60_1000_1,smoother_31,True,1.299969,True,True,,0.320083,1.620052
87,180,60,1000,1,1.0,87_180_60_1000_1,accel_gap_half,True,1.368366,True,True,,0.290515,1.658881
87,180,60,1000,1,1.0,87_180_60_1000_1,accel_gap_double,True,1.368366,True,True,,0.290515,1.658881
87,180,60,1000,1,1.0,87_180_60_1000_1,aux_gap_half,True,1.368366,True,True,,0.290515,1.658881
87,180,60,1000,1,1.0,87_180_60_1000_1,aux_gap_double,True,1.368366,True,True,,0.290515,1.658881
87,225,60,500,0,0.5,87_225_60_500_0,current,True,1.361936,True,True,,0.318727796,1.680663796
87,225,60,500,0,0.5,87_225_60_500_0,smoother_11,True,0.519979,True,False,,0.660379796,1.180358796
87,225,60,500,0,0.5,87_225_60_500_0,smoother_31,True,1.31096,True,True,,0.339554796,1.650514796
87,225,60,500,0,0.5,87_225_60_500_0,accel_gap_half,True,1.361936,True,True,,0.318727796,1.680663796
87,225,60,500,0,0.5,87_225_60_500_0,accel_gap_double,True,1.361936,True,True,,0.318727796,1.680663796
87,225,60,500,0,0.5,87_225_60_500_0,aux_gap_half,True,1.361936,True,True,,0.318727796,1.680663796
87,225,60,500,0,0.5,87_225_60_500_0,aux_gap_double,True,1.361936,True,True,,0.318727796,1.680663796
87,225,60,500,1,0.5,87_225_60_500_1,current,True,1.360621,True,True,,0.308678498,1.669299498
87,225,60,500,1,0.5,87_225_60_500_1,smoother_11,True,0.7797970000000001,True,False,,0.919296498,1.699093498
87,225,60,500,1,0.5,87_225_60_500_1,smoother_31,True,1.299919,True,True,,0.339237498,1.639156498
87,225,60,500,1,0.5,87_225_60_500_1,accel_gap_half,True,1.360621,True,True,,0.308678498,1.669299498
87,225,60,500,1,0.5,87_225_60_500_1,accel_gap_double,True,1.360621,True,True,,0.308678498,1.669299498
87,225,60,500,1,0.5,87_225_60_500_1,aux_gap_half,True,1.360621,True,True,,0.308678498,1.669299498
87,225,60,500,1,0.5,87_225_60_500_1,aux_gap_double,True,1.360621,True,True,,0.308678498,1.669299498
87,225,60,1000,0,1.0,87_225_60_1000_0,current,True,0.819857,True,False,,0.839600268,1.659457268
87,225,60,1000,0,1.0,87_225_60_1000_0,smoother_11,True,0.37195100000000003,False,False,,0.268853268,0.640804268
87,225,60,1000,0,1.0,87_225_60_1000_0,smoother_31,True,1.3102200000000002,True,True,,0.329114268,1.639334268
87,225,60,1000,0,1.0,87_225_60_1000_0,accel_gap_half,True,0.819857,True,False,,0.839600268,1.659457268
87,225,60,1000,0,1.0,87_225_60_1000_0,accel_gap_double,True,0.819857,True,False,,0.839600268,1.659457268
87,225,60,1000,0,1.0,87_225_60_1000_0,aux_gap_half,True,0.819857,True,False,,0.839600268,1.659457268
87,225,60,1000,0,1.0,87_225_60_1000_0,aux_gap_double,True,0.819857,True,False,,0.839600268,1.659457268
87,225,60,1000,1,1.0,87_225_60_1000_1,current,True,1.361462,True,True,,0.299316,1.660778
87,225,60,1000,1,1.0,87_225_60_1000_1,smoother_11,True,0.530478,True,False,,0.529693,1.060171
87,225,60,1000,1,1.0,87_225_60_1000_1,smoother_31,True,1.310629,True,True,,0.319158,1.629787
87,225,60,1000,1,1.0,87_225_60_1000_1,accel_gap_half,True,1.361462,True,True,,0.299316,1.660778
87,225,60,1000,1,1.0,87_225_60_1000_1,accel_gap_double,True,1.361462,True,True,,0.299316,1.660778
87,225,60,1000,1,1.0,87_225_60_1000_1,aux_gap_half,True,1.361462,True,True,,0.299316,1.660778
87,225,60,1000,1,1.0,87_225_60_1000_1,aux_gap_double,True,1.361462,True,True,,0.299316,1.660778
87,270,60,500,0,0.5,87_270_60_500_0,current,True,1.369968,True,True,,0.310632,1.6806
87,270,60,500,0,0.5,87_270_60_500_0,smoother_11,True,0.429964,False,False,,0.279825,0.709789
87,270,60,500,0,0.5,87_270_60_500_0,smoother_31,True,1.299199,True,True,,0.340174,1.639373
87,270,60,500,0,0.5,87_270_60_500_0,accel_gap_half,True,1.369968,True,True,,0.310632,1.6806
87,270,60,500,0,0.5,87_270_60_500_0,accel_gap_double,True,1.369968,True,True,,0.310632,1.6806
87,270,60,500,0,0.5,87_270_60_500_0,aux_gap_half,True,1.369968,True,True,,0.310632,1.6806
87,270,60,500,0,0.5,87_270_60_500_0,aux_gap_double,True,1.369968,True,True,,0.310632,1.6806
87,270,60,500,1,0.5,87_270_60_500_1,current,True,1.378505,True,True,,0.280908,1.659413
87,270,60,500,1,0.5,87_270_60_500_1,smoother_11,True,0.482097,False,False,,1.208635,1.690732
87,270,60,500,1,0.5,87_270_60_500_1,smoother_31,True,1.3186930000000001,True,True,,0.310787,1.62948
87,270,60,500,1,0.5,87_270_60_500_1,accel_gap_half,True,1.378505,True,True,,0.280908,1.659413
87,270,60,500,1,0.5,87_270_60_500_1,accel_gap_double,True,1.378505,True,True,,0.280908,1.659413
87,270,60,500,1,0.5,87_270_60_500_1,aux_gap_half,True,1.378505,True,True,,0.280908,1.659413
87,270,60,500,1,0.5,87_270_60_500_1,aux_gap_double,True,1.378505,True,True,,0.280908,1.659413
87,270,60,1000,0,1.0,87_270_60_1000_0,current,True,1.381126,True,True,,0.308756,1.689882
87,270,60,1000,0,1.0,87_270_60_1000_0,smoother_11,True,0.3307119999999999,False,False,,1.059992,1.390704
87,270,60,1000,0,1.0,87_270_60_1000_0,smoother_31,True,1.320779,True,True,,0.339295,1.660074
87,270,60,1000,0,1.0,87_270_60_1000_0,accel_gap_half,True,1.381126,True,True,,0.308756,1.689882
87,270,60,1000,0,1.0,87_270_60_1000_0,accel_gap_double,True,1.381126,True,True,,0.308756,1.689882
87,270,60,1000,0,1.0,87_270_60_1000_0,aux_gap_half,True,1.381126,True,True,,0.308756,1.689882
87,270,60,1000,0,1.0,87_270_60_1000_0,aux_gap_double,True,1.381126,True,True,,0.308756,1.689882
87,270,60,1000,1,1.0,87_270_60_1000_1,current,True,1.378591,True,True,,0.320178,1.698769
87,270,60,1000,1,1.0,87_270_60_1000_1,smoother_11,True,0.551288,True,False,,0.499832,1.05112
87,270,60,1000,1,1.0,87_270_60_1000_1,smoother_31,True,1.328084,True,True,,0.350914,1.678998
87,270,60,1000,1,1.0,87_270_60_1000_1,accel_gap_half,True,1.378591,True,True,,0.320178,1.698769
87,270,60,1000,1,1.0,87_270_60_1000_1,accel_gap_double,True,1.378591,True,True,,0.320178,1.698769
87,270,60,1000,1,1.0,87_270_60_1000_1,aux_gap_half,True,1.378591,True,True,,0.320178,1.698769
87,270,60,1000,1,1.0,87_270_60_1000_1,aux_gap_double,True,1.378591,True,True,,0.320178,1.698769
87,315,60,500,0,0.5,87_315_60_500_0,current,True,1.209728,True,True,,0.451408,1.661136
87,315,60,500,0,0.5,87_315_60_500_0,smoother_11,True,0.7212600000000001,True,False,,0.898913,1.620173
87,315,60,500,0,0.5,87_315_60_500_0,smoother_31,True,1.2896670000000001,True,True,,0.341214,1.630881
87,315,60,500,0,0.5,87_315_60_500_0,accel_gap_half,True,1.209728,True,True,,0.451408,1.661136
87,315,60,500,0,0.5,87_315_60_500_0,accel_gap_double,True,1.209728,True,True,,0.451408,1.661136
87,315,60,500,0,0.5,87_315_60_500_0,aux_gap_half,True,1.209728,True,True,,0.451408,1.661136
87,315,60,500,0,0.5,87_315_60_500_0,aux_gap_double,True,1.209728,True,True,,0.451408,1.661136
87,315,60,500,1,0.5,87_315_60_500_1,current,True,1.359395,True,True,,0.300529,1.659924
87,315,60,500,1,0.5,87_315_60_500_1,smoother_11,True,0.609748,True,False,,0.270062,0.87981
87,315,60,500,1,0.5,87_315_60_500_1,smoother_31,True,1.2993679999999999,True,True,,0.340585,1.639953
87,315,60,500,1,0.5,87_315_60_500_1,accel_gap_half,True,1.359395,True,True,,0.300529,1.659924
87,315,60,500,1,0.5,87_315_60_500_1,accel_gap_double,True,1.359395,True,True,,0.300529,1.659924
87,315,60,500,1,0.5,87_315_60_500_1,aux_gap_half,True,1.359395,True,True,,0.300529,1.659924
87,315,60,500,1,0.5,87_315_60_500_1,aux_gap_double,True,1.359395,True,True,,0.300529,1.659924
87,315,60,1000,0,1.0,87_315_60_1000_0,current,True,1.361008,True,True,,0.300454,1.661462
87,315,60,1000,0,1.0,87_315_60_1000_0,smoother_11,True,0.57084,True,False,,1.119455,1.690295
87,315,60,1000,0,1.0,87_315_60_1000_0,smoother_31,True,1.300454,True,True,,0.329574,1.630028
87,315,60,1000,0,1.0,87_315_60_1000_0,accel_gap_half,True,1.361008,True,True,,0.300454,1.661462
87,315,60,1000,0,1.0,87_315_60_1000_0,accel_gap_double,True,1.361008,True,True,,0.300454,1.661462
87,315,60,1000,0,1.0,87_315_60_1000_0,aux_gap_half,True,1.361008,True,True,,0.300454,1.661462
87,315,60,1000,0,1.0,87_315_60_1000_0,aux_gap_double,True,1.361008,True,True,,0.300454,1.661462
87,315,60,1000,1,1.0,87_315_60_1000_1,current,True,1.359615,True,True,,0.329364,1.688979
87,315,60,1000,1,1.0,87_315_60_1000_1,smoother_11,True,0.559407,True,False,,0.300505,0.859912
87,315,60,1000,1,1.0,87_315_60_1000_1,smoother_31,True,1.301169,True,True,,0.358986,1.660155
87,315,60,1000,1,1.0,87_315_60_1000_1,accel_gap_half,True,1.359615,True,True,,0.329364,1.688979
87,315,60,1000,1,1.0,87_315_60_1000_1,accel_gap_double,True,1.359615,True,True,,0.329364,1.688979
87,315,60,1000,1,1.0,87_315_60_1000_1,aux_gap_half,True,1.359615,True,True,,0.329364,1.688979
87,315,60,1000,1,1.0,87_315_60_1000_1,aux_gap_double,True,1.359615,True,True,,0.329364,1.688979
102,0,20,500,0,0.5,102_0_20_500_0,current,True,4.279038,True,True,,0.42999,4.709028
102,0,20,500,0,0.5,102_0_20_500_0,smoother_11,True,0.5804670000000001,True,False,,1.189926,1.770393
102,0,20,500,0,0.5,102_0_20_500_0,smoother_31,True,4.329358,True,True,,0.350033,4.679391
102,0,20,500,0,0.5,102_0_20_500_0,accel_gap_half,True,4.279038,True,True,,0.42999,4.709028
102,0,20,500,0,0.5,102_0_20_500_0,accel_gap_double,True,4.279038,True,True,,0.42999,4.709028
102,0,20,500,0,0.5,102_0_20_500_0,aux_gap_half,True,4.279038,True,True,,0.42999,4.709028
102,0,20,500,0,0.5,102_0_20_500_0,aux_gap_double,True,4.279038,True,True,,0.42999,4.709028
102,0,20,500,1,0.5,102_0_20_500_1,current,True,2.4786740000000003,True,True,,0.320766,2.79944
102,0,20,500,1,0.5,102_0_20_500_1,smoother_11,True,0.549339,True,False,,0.530538,1.079877
102,0,20,500,1,0.5,102_0_20_500_1,smoother_31,True,4.3502,True,True,,0.350182,4.700382
102,0,20,500,1,0.5,102_0_20_500_1,accel_gap_half,True,2.4786740000000003,True,True,,0.320766,2.79944
102,0,20,500,1,0.5,102_0_20_500_1,accel_gap_double,True,2.4786740000000003,True,True,,0.320766,2.79944
102,0,20,500,1,0.5,102_0_20_500_1,aux_gap_half,True,2.4786740000000003,True,True,,0.320766,2.79944
102,0,20,500,1,0.5,102_0_20_500_1,aux_gap_double,True,2.4786740000000003,True,True,,0.320766,2.79944
102,0,20,1000,0,1.0,102_0_20_1000_0,current,True,3.9112550000000006,True,True,,0.81924,4.730495
102,0,20,1000,0,1.0,102_0_20_1000_0,smoother_11,True,0.9586059999999998,True,False,,1.840171,2.798777
102,0,20,1000,0,1.0,102_0_20_1000_0,smoother_31,True,4.350066,True,True,,0.340114,4.69018
102,0,20,1000,0,1.0,102_0_20_1000_0,accel_gap_half,True,3.9112550000000006,True,True,,0.81924,4.730495
102,0,20,1000,0,1.0,102_0_20_1000_0,accel_gap_double,True,3.9112550000000006,True,True,,0.81924,4.730495
102,0,20,1000,0,1.0,102_0_20_1000_0,aux_gap_half,True,3.9112550000000006,True,True,,0.81924,4.730495
102,0,20,1000,0,1.0,102_0_20_1000_0,aux_gap_double,True,3.9112550000000006,True,True,,0.81924,4.730495
102,0,20,1000,1,1.0,102_0_20_1000_1,current,True,4.400494,True,True,,0.33001,4.730504
102,0,20,1000,1,1.0,102_0_20_1000_1,smoother_11,True,0.980381,True,False,,1.50956,2.489941
102,0,20,1000,1,1.0,102_0_20_1000_1,smoother_31,True,4.340841999999999,True,True,,0.349802,4.690644
102,0,20,1000,1,1.0,102_0_20_1000_1,accel_gap_half,True,4.400494,True,True,,0.33001,4.730504
102,0,20,1000,1,1.0,102_0_20_1000_1,accel_gap_double,True,4.400494,True,True,,0.33001,4.730504
102,0,20,1000,1,1.0,102_0_20_1000_1,aux_gap_half,True,4.400494,True,True,,0.33001,4.730504
102,0,20,1000,1,1.0,102_0_20_1000_1,aux_gap_double,True,4.400494,True,True,,0.33001,4.730504
102,45,20,500,0,0.5,102_45_20_500_0,current,True,4.368679,True,True,,0.310581544,4.679260544
102,45,20,500,0,0.5,102_45_20_500_0,smoother_11,True,0.9900009999999999,True,False,,1.679785544,2.669786544
102,45,20,500,0,0.5,102_45_20_500_0,smoother_31,True,4.309196999999999,True,True,,0.340380544,4.649577544
102,45,20,500,0,0.5,102_45_20_500_0,accel_gap_half,True,4.368679,True,True,,0.310581544,4.679260544
102,45,20,500,0,0.5,102_45_20_500_0,accel_gap_double,True,4.368679,True,True,,0.310581544,4.679260544
102,45,20,500,0,0.5,102_45_20_500_0,aux_gap_half,True,4.368679,True,True,,0.310581544,4.679260544
102,45,20,500,0,0.5,102_45_20_500_0,aux_gap_double,True,4.368679,True,True,,0.310581544,4.679260544
102,45,20,500,1,0.5,102_45_20_500_1,current,True,4.390763,True,True,,0.310387827,4.701150827
102,45,20,500,1,0.5,102_45_20_500_1,smoother_11,True,1.2010849999999995,True,True,,3.529240827,4.730325827
102,45,20,500,1,0.5,102_45_20_500_1,smoother_31,True,4.328704999999999,True,True,,0.340657827,4.669362827
102,45,20,500,1,0.5,102_45_20_500_1,accel_gap_half,True,4.390763,True,True,,0.310387827,4.701150827
102,45,20,500,1,0.5,102_45_20_500_1,accel_gap_double,True,4.390763,True,True,,0.310387827,4.701150827
102,45,20,500,1,0.5,102_45_20_500_1,aux_gap_half,True,4.390763,True,True,,0.310387827,4.701150827
102,45,20,500,1,0.5,102_45_20_500_1,aux_gap_double,True,4.390763,True,True,,0.310387827,4.701150827
102,45,20,1000,0,1.0,102_45_20_1000_0,current,True,4.398624,True,True,,0.310608437,4.709232437
102,45,20,1000,0,1.0,102_45_20_1000_0,smoother_11,True,1.270102,True,True,,2.389612437,3.659714437
102,45,20,1000,0,1.0,102_45_20_1000_0,smoother_31,True,4.369009,True,True,,0.340223437,4.709232437
102,45,20,1000,0,1.0,102_45_20_1000_0,accel_gap_half,True,4.398624,True,True,,0.310608437,4.709232437
102,45,20,1000,0,1.0,102_45_20_1000_0,accel_gap_double,True,4.398624,True,True,,0.310608437,4.709232437
102,45,20,1000,0,1.0,102_45_20_1000_0,aux_gap_half,True,4.398624,True,True,,0.310608437,4.709232437
102,45,20,1000,0,1.0,102_45_20_1000_0,aux_gap_double,True,4.398624,True,True,,0.310608437,4.709232437
102,45,20,1000,1,1.0,102_45_20_1000_1,current,True,4.37049,True,True,,0.310525009,4.681015009
102,45,20,1000,1,1.0,102_45_20_1000_1,smoother_11,True,0.819679,True,False,,1.589854009,2.409533009
102,45,20,1000,1,1.0,102_45_20_1000_1,smoother_31,True,4.299706,True,True,,0.350609009,4.650315009
102,45,20,1000,1,1.0,102_45_20_1000_1,accel_gap_half,True,4.37049,True,True,,0.310525009,4.681015009
102,45,20,1000,1,1.0,102_45_20_1000_1,accel_gap_double,True,4.37049,True,True,,0.310525009,4.681015009
102,45,20,1000,1,1.0,102_45_20_1000_1,aux_gap_half,True,4.37049,True,True,,0.310525009,4.681015009
102,45,20,1000,1,1.0,102_45_20_1000_1,aux_gap_double,True,4.37049,True,True,,0.310525009,4.681015009
102,90,20,500,0,0.5,102_90_20_500_0,current,True,4.400335,True,True,,0.299484,4.699819
102,90,20,500,0,0.5,102_90_20_500_0,smoother_11,True,1.3690669999999998,True,True,,2.280148,3.649215
102,90,20,500,0,0.5,102_90_20_500_0,smoother_31,True,4.341472,True,True,,0.329726,4.671198
102,90,20,500,0,0.5,102_90_20_500_0,accel_gap_half,True,4.400335,True,True,,0.299484,4.699819
102,90,20,500,0,0.5,102_90_20_500_0,accel_gap_double,True,4.400335,True,True,,0.299484,4.699819
102,90,20,500,0,0.5,102_90_20_500_0,aux_gap_half,True,4.400335,True,True,,0.299484,4.699819
102,90,20,500,0,0.5,102_90_20_500_0,aux_gap_double,True,4.400335,True,True,,0.299484,4.699819
102,90,20,500,1,0.5,102_90_20_500_1,current,True,2.8398689999999998,True,True,,0.500601118,3.340470118
102,90,20,500,1,0.5,102_90_20_500_1,smoother_11,True,0.931227,True,False,,1.069802118,2.001029118
102,90,20,500,1,0.5,102_90_20_500_1,smoother_31,True,4.359034,True,True,,0.310337118,4.669371118
102,90,20,500,1,0.5,102_90_20_500_1,accel_gap_half,True,2.8398689999999998,True,True,,0.500601118,3.340470118
102,90,20,500,1,0.5,102_90_20_500_1,accel_gap_double,True,2.8398689999999998,True,True,,0.500601118,3.340470118
102,90,20,500,1,0.5,102_90_20_500_1,aux_gap_half,True,2.8398689999999998,True,True,,0.500601118,3.340470118
102,90,20,500,1,0.5,102_90_20_500_1,aux_gap_double,True,2.8398689999999998,True,True,,0.500601118,3.340470118
102,90,20,1000,0,1.0,102_90_20_1000_0,current,True,4.400348,True,True,,0.289346027,4.689694027
102,90,20,1000,0,1.0,102_90_20_1000_0,smoother_11,True,1.0678960000000002,True,True,,0.260822027,1.328718027
102,90,20,1000,0,1.0,102_90_20_1000_0,smoother_31,True,4.342176,True,True,,0.318620027,4.660796027
102,90,20,1000,0,1.0,102_90_20_1000_0,accel_gap_half,True,4.400348,True,True,,0.289346027,4.689694027
102,90,20,1000,0,1.0,102_90_20_1000_0,accel_gap_double,True,4.400348,True,True,,0.289346027,4.689694027
102,90,20,1000,0,1.0,102_90_20_1000_0,aux_gap_half,True,4.400348,True,True,,0.289346027,4.689694027
102,90,20,1000,0,1.0,102_90_20_1000_0,aux_gap_double,True,4.400348,True,True,,0.289346027,4.689694027
102,90,20,1000,1,1.0,102_90_20_1000_1,current,True,4.410467,True,True,,0.29925884,4.70972584
102,90,20,1000,1,1.0,102_90_20_1000_1,smoother_11,True,1.071195,True,True,,3.67905184,4.75024684
102,90,20,1000,1,1.0,102_90_20_1000_1,smoother_31,True,4.340401,True,True,,0.32923484,4.66963584
102,90,20,1000,1,1.0,102_90_20_1000_1,accel_gap_half,True,4.410467,True,True,,0.29925884,4.70972584
102,90,20,1000,1,1.0,102_90_20_1000_1,accel_gap_double,True,4.410467,True,True,,0.29925884,4.70972584
102,90,20,1000,1,1.0,102_90_20_1000_1,aux_gap_half,True,4.410467,True,True,,0.29925884,4.70972584
102,90,20,1000,1,1.0,102_90_20_1000_1,aux_gap_double,True,4.410467,True,True,,0.29925884,4.70972584
102,135,20,500,0,0.5,102_135_20_500_0,current,True,2.818651,True,True,,0.320939,3.13959
102,135,20,500,0,0.5,102_135_20_500_0,smoother_11,True,1.520258,True,True,,3.209751,4.730009
102,135,20,500,0,0.5,102_135_20_500_0,smoother_31,True,4.317788999999999,True,True,,0.360971,4.67876
102,135,20,500,0,0.5,102_135_20_500_0,accel_gap_half,True,2.818651,True,True,,0.320939,3.13959
102,135,20,500,0,0.5,102_135_20_500_0,accel_gap_double,True,2.818651,True,True,,0.320939,3.13959
102,135,20,500,0,0.5,102_135_20_500_0,aux_gap_half,True,2.818651,True,True,,0.320939,3.13959
102,135,20,500,0,0.5,102_135_20_500_0,aux_gap_double,True,2.818651,True,True,,0.320939,3.13959
102,135,20,500,1,0.5,102_135_20_500_1,current,True,4.379386,True,True,,0.329722982,4.709108982
102,135,20,500,1,0.5,102_135_20_500_1,smoother_11,True,1.0097730000000005,True,True,,3.729444982,4.739217982
102,135,20,500,1,0.5,102_135_20_500_1,smoother_31,True,4.3305549999999995,True,True,,0.349530982,4.680085982
102,135,20,500,1,0.5,102_135_20_500_1,accel_gap_half,True,4.379386,True,True,,0.329722982,4.709108982
102,135,20,500,1,0.5,102_135_20_500_1,accel_gap_double,True,4.379386,True,True,,0.329722982,4.709108982
102,135,20,500,1,0.5,102_135_20_500_1,aux_gap_half,True,4.379386,True,True,,0.329722982,4.709108982
102,135,20,500,1,0.5,102_135_20_500_1,aux_gap_double,True,4.379386,True,True,,0.329722982,4.709108982
102,135,20,1000,0,1.0,102_135_20_1000_0,current,True,4.397868,True,True,,0.30116437,4.69903237
102,135,20,1000,0,1.0,102_135_20_1000_0,smoother_11,True,0.7404590000000004,True,False,,3.21010737,3.95056637
102,135,20,1000,0,1.0,102_135_20_1000_0,smoother_31,True,4.31806,True,True,,0.34123537,4.65929537
102,135,20,1000,0,1.0,102_135_20_1000_0,accel_gap_half,True,4.397868,True,True,,0.30116437,4.69903237
102,135,20,1000,0,1.0,102_135_20_1000_0,accel_gap_double,True,4.397868,True,True,,0.30116437,4.69903237
102,135,20,1000,0,1.0,102_135_20_1000_0,aux_gap_half,True,4.397868,True,True,,0.30116437,4.69903237
102,135,20,1000,0,1.0,102_135_20_1000_0,aux_gap_double,True,4.397868,True,True,,0.30116437,4.69903237
102,135,20,1000,1,1.0,102_135_20_1000_1,current,True,4.380165,True,True,,0.319333751,4.699498751
102,135,20,1000,1,1.0,102_135_20_1000_1,smoother_11,True,0.8405989999999999,True,False,,1.659521751,2.500120751
102,135,20,1000,1,1.0,102_135_20_1000_1,smoother_31,True,4.319694,True,True,,0.349893751,4.669587751
102,135,20,1000,1,1.0,102_135_20_1000_1,accel_gap_half,True,4.380165,True,True,,0.319333751,4.699498751
102,135,20,1000,1,1.0,102_135_20_1000_1,accel_gap_double,True,4.380165,True,True,,0.319333751,4.699498751
102,135,20,1000,1,1.0,102_135_20_1000_1,aux_gap_half,True,4.380165,True,True,,0.319333751,4.699498751
102,135,20,1000,1,1.0,102_135_20_1000_1,aux_gap_double,True,4.380165,True,True,,0.319333751,4.699498751
102,180,20,500,0,0.5,102_180_20_500_0,current,True,3.3604210000000005,True,True,,1.37036437,4.73078537
102,180,20,500,0,0.5,102_180_20_500_0,smoother_11,True,0.9106559999999999,True,False,,2.65047237,3.56112837
102,180,20,500,0,0.5,102_180_20_500_0,smoother_31,True,4.348734,True,True,,0.35078637,4.69952037
102,180,20,500,0,0.5,102_180_20_500_0,accel_gap_half,True,3.3604210000000005,True,True,,1.37036437,4.73078537
102,180,20,500,0,0.5,102_180_20_500_0,accel_gap_double,True,3.3604210000000005,True,True,,1.37036437,4.73078537
102,180,20,500,0,0.5,102_180_20_500_0,aux_gap_half,True,3.3604210000000005,True,True,,1.37036437,4.73078537
102,180,20,500,0,0.5,102_180_20_500_0,aux_gap_double,True,3.3604210000000005,True,True,,1.37036437,4.73078537
102,180,20,500,1,0.5,102_180_20_500_1,current,True,4.401203,True,True,,0.329395097,4.730598097
102,180,20,500,1,0.5,102_180_20_500_1,smoother_11,True,0.5399419999999999,True,False,,0.329395097,0.869337097
102,180,20,500,1,0.5,102_180_20_500_1,smoother_31,True,4.349209,True,True,,0.350292097,4.699501097
102,180,20,500,1,0.5,102_180_20_500_1,accel_gap_half,True,4.401203,True,True,,0.329395097,4.730598097
102,180,20,500,1,0.5,102_180_20_500_1,accel_gap_double,True,4.401203,True,True,,0.329395097,4.730598097
102,180,20,500,1,0.5,102_180_20_500_1,aux_gap_half,True,4.401203,True,True,,0.329395097,4.730598097
102,180,20,500,1,0.5,102_180_20_500_1,aux_gap_double,True,4.401203,True,True,,0.329395097,4.730598097
102,180,20,1000,0,1.0,102_180_20_1000_0,current,True,4.3998729999999995,True,True,,0.318965,4.718838
102,180,20,1000,0,1.0,102_180_20_1000_0,smoother_11,True,1.48873,True,True,,0.660836,2.149566
102,180,20,1000,0,1.0,102_180_20_1000_0,smoother_31,True,4.34122,True,True,,0.34957,4.69079
102,180,20,1000,0,1.0,102_180_20_1000_0,accel_gap_half,True,4.3998729999999995,True,True,,0.318965,4.718838
102,180,20,1000,0,1.0,102_180_20_1000_0,accel_gap_double,True,4.3998729999999995,True,True,,0.318965,4.718838
102,180,20,1000,0,1.0,102_180_20_1000_0,aux_gap_half,True,4.3998729999999995,True,True,,0.318965,4.718838
102,180,20,1000,0,1.0,102_180_20_1000_0,aux_gap_double,True,4.3998729999999995,True,True,,0.318965,4.718838
102,180,20,1000,1,1.0,102_180_20_1000_1,current,True,4.410667999999999,True,True,,0.309427,4.720095
102,180,20,1000,1,1.0,102_180_20_1000_1,smoother_11,True,0.9307459999999996,True,False,,2.790055,3.720801
102,180,20,1000,1,1.0,102_180_20_1000_1,smoother_31,True,4.339037,True,True,,0.350814,4.689851
102,180,20,1000,1,1.0,102_180_20_1000_1,accel_gap_half,True,4.410667999999999,True,True,,0.309427,4.720095
102,180,20,1000,1,1.0,102_180_20_1000_1,accel_gap_double,True,4.410667999999999,True,True,,0.309427,4.720095
102,180,20,1000,1,1.0,102_180_20_1000_1,aux_gap_half,True,4.410667999999999,True,True,,0.309427,4.720095
102,180,20,1000,1,1.0,102_180_20_1000_1,aux_gap_double,True,4.410667999999999,True,True,,0.309427,4.720095
102,225,20,500,0,0.5,102_225_20_500_0,current,True,4.378622,True,True,,0.29103,4.669652
102,225,20,500,0,0.5,102_225_20_500_0,smoother_11,True,0.770379,True,False,,0.519818,1.290197
102,225,20,500,0,0.5,102_225_20_500_0,smoother_31,True,4.3208079999999995,True,True,,0.309744,4.630552
102,225,20,500,0,0.5,102_225_20_500_0,accel_gap_half,True,4.378622,True,True,,0.29103,4.669652
102,225,20,500,0,0.5,102_225_20_500_0,accel_gap_double,True,4.378622,True,True,,0.29103,4.669652
102,225,20,500,0,0.5,102_225_20_500_0,aux_gap_half,True,4.378622,True,True,,0.29103,4.669652
102,225,20,500,0,0.5,102_225_20_500_0,aux_gap_double,True,4.378622,True,True,,0.29103,4.669652
102,225,20,500,1,0.5,102_225_20_500_1,current,True,4.38082,True,True,,0.298783677,4.679603677
102,225,20,500,1,0.5,102_225_20_500_1,smoother_11,True,0.639654,True,False,,1.839561677,2.479215677
102,225,20,500,1,0.5,102_225_20_500_1,smoother_31,True,4.309376,True,True,,0.330303677,4.639679677
102,225,20,500,1,0.5,102_225_20_500_1,accel_gap_half,True,4.38082,True,True,,0.298783677,4.679603677
102,225,20,500,1,0.5,102_225_20_500_1,accel_gap_double,True,4.38082,True,True,,0.298783677,4.679603677
102,225,20,500,1,0.5,102_225_20_500_1,aux_gap_half,True,4.38082,True,True,,0.298783677,4.679603677
102,225,20,500,1,0.5,102_225_20_500_1,aux_gap_double,True,4.38082,True,True,,0.298783677,4.679603677
102,225,20,1000,0,1.0,102_225_20_1000_0,current,True,2.719759,True,True,,1.919704,4.639463
102,225,20,1000,0,1.0,102_225_20_1000_0,smoother_11,True,1.0901450000000001,True,True,,3.549318,4.639463
102,225,20,1000,0,1.0,102_225_20_1000_0,smoother_31,True,4.299549,True,True,,0.319858,4.619407
102,225,20,1000,0,1.0,102_225_20_1000_0,accel_gap_half,True,2.719759,True,True,,1.919704,4.639463
102,225,20,1000,0,1.0,102_225_20_1000_0,accel_gap_double,True,2.719759,True,True,,1.919704,4.639463
102,225,20,1000,0,1.0,102_225_20_1000_0,aux_gap_half,True,2.719759,True,True,,1.919704,4.639463
102,225,20,1000,0,1.0,102_225_20_1000_0,aux_gap_double,True,2.719759,True,True,,1.919704,4.639463
102,225,20,1000,1,1.0,102_225_20_1000_1,current,True,2.360818,True,True,,0.300024,2.660842
102,225,20,1000,1,1.0,102_225_20_1000_1,smoother_11,True,1.3996520000000001,True,True,,0.27013,1.669782
102,225,20,1000,1,1.0,102_225_20_1000_1,smoother_31,True,4.320269,True,True,,0.329437,4.649706
102,225,20,1000,1,1.0,102_225_20_1000_1,accel_gap_half,True,2.360818,True,True,,0.300024,2.660842
102,225,20,1000,1,1.0,102_225_20_1000_1,accel_gap_double,True,2.360818,True,True,,0.300024,2.660842
102,225,20,1000,1,1.0,102_225_20_1000_1,aux_gap_half,True,2.360818,True,True,,0.300024,2.660842
102,225,20,1000,1,1.0,102_225_20_1000_1,aux_gap_double,True,2.360818,True,True,,0.300024,2.660842
102,270,20,500,0,0.5,102_270_20_500_0,current,True,4.410849,True,True,,0.310314853,4.721163853
102,270,20,500,0,0.5,102_270_20_500_0,smoother_11,True,0.689967,True,False,,1.480605853,2.170572853
102,270,20,500,0,0.5,102_270_20_500_0,smoother_31,True,4.359807,True,True,,0.329798853,4.689605853
102,270,20,500,0,0.5,102_270_20_500_0,accel_gap_half,True,4.410849,True,True,,0.310314853,4.721163853
102,270,20,500,0,0.5,102_270_20_500_0,accel_gap_double,True,4.410849,True,True,,0.310314853,4.721163853
102,270,20,500,0,0.5,102_270_20_500_0,aux_gap_half,True,4.410849,True,True,,0.310314853,4.721163853
102,270,20,500,0,0.5,102_270_20_500_0,aux_gap_double,True,4.410849,True,True,,0.310314853,4.721163853
102,270,20,500,1,0.5,102_270_20_500_1,current,True,2.769698,True,True,,0.280880239,3.050578239
102,270,20,500,1,0.5,102_270_20_500_1,smoother_11,True,1.058971,True,True,,2.010065239,3.069036239
102,270,20,500,1,0.5,102_270_20_500_1,smoother_31,True,4.330635,True,True,,0.319654239,4.650289239
102,270,20,500,1,0.5,102_270_20_500_1,accel_gap_half,True,2.769698,True,True,,0.280880239,3.050578239
102,270,20,500,1,0.5,102_270_20_500_1,accel_gap_double,True,2.769698,True,True,,0.280880239,3.050578239
102,270,20,500,1,0.5,102_270_20_500_1,aux_gap_half,True,2.769698,True,True,,0.280880239,3.050578239
102,270,20,500,1,0.5,102_270_20_500_1,aux_gap_double,True,2.769698,True,True,,0.280880239,3.050578239
102,270,20,1000,0,1.0,102_270_20_1000_0,current,True,4.402000999999999,True,True,,0.308854,4.710855
102,270,20,1000,0,1.0,102_270_20_1000_0,smoother_11,True,1.4410669999999994,True,True,,2.689846,4.130913
102,270,20,1000,0,1.0,102_270_20_1000_0,smoother_31,True,4.340593,True,True,,0.339974,4.680567
102,270,20,1000,0,1.0,102_270_20_1000_0,accel_gap_half,True,4.402000999999999,True,True,,0.308854,4.710855
102,270,20,1000,0,1.0,102_270_20_1000_0,accel_gap_double,True,4.402000999999999,True,True,,0.308854,4.710855
102,270,20,1000,0,1.0,102_270_20_1000_0,aux_gap_half,True,4.402000999999999,True,True,,0.308854,4.710855
102,270,20,1000,0,1.0,102_270_20_1000_0,aux_gap_double,True,4.402000999999999,True,True,,0.308854,4.710855
102,270,20,1000,1,1.0,102_270_20_1000_1,current,True,4.420203,True,True,,0.308843681,4.729046681
102,270,20,1000,1,1.0,102_270_20_1000_1,smoother_11,True,0.6502760000000001,True,False,,1.749615681,2.399891681
102,270,20,1000,1,1.0,102_270_20_1000_1,smoother_31,True,4.350307,True,True,,0.340403681,4.690710681
102,270,20,1000,1,1.0,102_270_20_1000_1,accel_gap_half,True,4.420203,True,True,,0.308843681,4.729046681
102,270,20,1000,1,1.0,102_270_20_1000_1,accel_gap_double,True,4.420203,True,True,,0.308843681,4.729046681
102,270,20,1000,1,1.0,102_270_20_1000_1,aux_gap_half,True,4.420203,True,True,,0.308843681,4.729046681
102,270,20,1000,1,1.0,102_270_20_1000_1,aux_gap_double,True,4.420203,True,True,,0.308843681,4.729046681
102,315,20,500,0,0.5,102_315_20_500_0,current,True,2.3886789999999998,True,True,,0.28101,2.669689
102,315,20,500,0,0.5,102_315_20_500_0,smoother_11,True,0.9090389999999999,True,False,,0.770502,1.679541
102,315,20,500,0,0.5,102_315_20_500_0,smoother_31,True,4.318341,True,True,,0.310773,4.629114
102,315,20,500,0,0.5,102_315_20_500_0,accel_gap_half,True,2.3886789999999998,True,True,,0.28101,2.669689
102,315,20,500,0,0.5,102_315_20_500_0,accel_gap_double,True,2.3886789999999998,True,True,,0.28101,2.669689
102,315,20,500,0,0.5,102_315_20_500_0,aux_gap_half,True,2.3886789999999998,True,True,,0.28101,2.669689
102,315,20,500,0,0.5,102_315_20_500_0,aux_gap_double,True,2.3886789999999998,True,True,,0.28101,2.669689
102,315,20,500,1,0.5,102_315_20_500_1,current,True,3.5302539999999993,True,True,,1.129679,4.659933
102,315,20,500,1,0.5,102_315_20_500_1,smoother_11,True,1.0999310000000002,True,True,,2.500145,3.600076
102,315,20,500,1,0.5,102_315_20_500_1,smoother_31,True,4.310281000000001,True,True,,0.319964,4.630245
102,315,20,500,1,0.5,102_315_20_500_1,accel_gap_half,True,3.5302539999999993,True,True,,1.129679,4.659933
102,315,20,500,1,0.5,102_315_20_500_1,accel_gap_double,True,3.5302539999999993,True,True,,1.129679,4.659933
102,315,20,500,1,0.5,102_315_20_500_1,aux_gap_half,True,3.5302539999999993,True,True,,1.129679,4.659933
102,315,20,500,1,0.5,102_315_20_500_1,aux_gap_double,True,3.5302539999999993,True,True,,1.129679,4.659933
102,315,20,1000,0,1.0,102_315_20_1000_0,current,True,4.381641,True,True,,0.289134,4.670775
102,315,20,1000,0,1.0,102_315_20_1000_0,smoother_11,True,0.828667,True,False,,0.270236,1.098903
102,315,20,1000,0,1.0,102_315_20_1000_0,smoother_31,True,4.321509,True,True,,0.319269,4.640778
102,315,20,1000,0,1.0,102_315_20_1000_0,accel_gap_half,True,4.381641,True,True,,0.289134,4.670775
102,315,20,1000,0,1.0,102_315_20_1000_0,accel_gap_double,True,4.381641,True,True,,0.289134,4.670775
102,315,20,1000,0,1.0,102_315_20_1000_0,aux_gap_half,True,4.381641,True,True,,0.289134,4.670775
102,315,20,1000,0,1.0,102_315_20_1000_0,aux_gap_double,True,4.381641,True,True,,0.289134,4.670775
102,315,20,1000,1,1.0,102_315_20_1000_1,current,True,4.370353000000001,True,True,,0.280042072,4.650395072
102,315,20,1000,1,1.0,102_315_20_1000_1,smoother_11,True,1.129496,True,True,,2.130133072,3.259629072
102,315,20,1000,1,1.0,102_315_20_1000_1,smoother_31,True,4.3099989999999995,True,True,,0.309008072,4.619007072
102,315,20,1000,1,1.0,102_315_20_1000_1,accel_gap_half,True,4.370353000000001,True,True,,0.280042072,4.650395072
102,315,20,1000,1,1.0,102_315_20_1000_1,accel_gap_double,True,4.370353000000001,True,True,,0.280042072,4.650395072
102,315,20,1000,1,1.0,102_315_20_1000_1,aux_gap_half,True,4.370353000000001,True,True,,0.280042072,4.650395072
102,315,20,1000,1,1.0,102_315_20_1000_1,aux_gap_double,True,4.370353000000001,True,True,,0.280042072,4.650395072
102,0,40,500,0,0.5,102_0_40_500_0,current,True,2.1406,True,True,,0.289977788,2.430577788
102,0,40,500,0,0.5,102_0_40_500_0,smoother_11,True,0.37962000000000007,False,False,,1.380752788,1.760372788
102,0,40,500,0,0.5,102_0_40_500_0,smoother_31,True,2.091131,True,True,,0.309133788,2.400264788
102,0,40,500,0,0.5,102_0_40_500_0,accel_gap_half,True,2.1406,True,True,,0.289977788,2.430577788
102,0,40,500,0,0.5,102_0_40_500_0,accel_gap_double,True,2.1406,True,True,,0.289977788,2.430577788
102,0,40,500,0,0.5,102_0_40_500_0,aux_gap_half,True,2.1406,True,True,,0.289977788,2.430577788
102,0,40,500,0,0.5,102_0_40_500_0,aux_gap_double,True,2.1406,True,True,,0.289977788,2.430577788
102,0,40,500,1,0.5,102_0_40_500_1,current,True,2.119719,True,True,,0.310345,2.430064
102,0,40,500,1,0.5,102_0_40_500_1,smoother_11,True,1.039541,True,True,,0.280527,1.320068
102,0,40,500,1,0.5,102_0_40_500_1,smoother_31,True,2.060257,True,True,,0.34065,2.400907
102,0,40,500,1,0.5,102_0_40_500_1,accel_gap_half,True,2.119719,True,True,,0.310345,2.430064
102,0,40,500,1,0.5,102_0_40_500_1,accel_gap_double,True,2.119719,True,True,,0.310345,2.430064
102,0,40,500,1,0.5,102_0_40_500_1,aux_gap_half,True,2.119719,True,True,,0.310345,2.430064
102,0,40,500,1,0.5,102_0_40_500_1,aux_gap_double,True,2.119719,True,True,,0.310345,2.430064
102,0,40,1000,0,1.0,102_0_40_1000_0,current,True,2.118774,True,True,,0.290094,2.408868
102,0,40,1000,0,1.0,102_0_40_1000_0,smoother_11,True,0.5897140000000001,True,False,,1.409713,1.999427
102,0,40,1000,0,1.0,102_0_40_1000_0,smoother_31,True,2.069677,True,True,,0.310712,2.380389
102,0,40,1000,0,1.0,102_0_40_1000_0,accel_gap_half,True,2.118774,True,True,,0.290094,2.408868
102,0,40,1000,0,1.0,102_0_40_1000_0,accel_gap_double,True,2.118774,True,True,,0.290094,2.408868
102,0,40,1000,0,1.0,102_0_40_1000_0,aux_gap_half,True,2.118774,True,True,,0.290094,2.408868
102,0,40,1000,0,1.0,102_0_40_1000_0,aux_gap_double,True,2.118774,True,True,,0.290094,2.408868
102,0,40,1000,1,1.0,102_0_40_1000_1,current,True,2.1304779999999996,True,True,,0.319594094,2.450072094
102,0,40,1000,1,1.0,102_0_40_1000_1,smoother_11,True,0.988794,True,False,,0.310759094,1.299553094
102,0,40,1000,1,1.0,102_0_40_1000_1,smoother_31,True,2.059386,True,True,,0.350650094,2.410036094
102,0,40,1000,1,1.0,102_0_40_1000_1,accel_gap_half,True,2.1304779999999996,True,True,,0.319594094,2.450072094
102,0,40,1000,1,1.0,102_0_40_1000_1,accel_gap_double,True,2.1304779999999996,True,True,,0.319594094,2.450072094
102,0,40,1000,1,1.0,102_0_40_1000_1,aux_gap_half,True,2.1304779999999996,True,True,,0.319594094,2.450072094
102,0,40,1000,1,1.0,102_0_40_1000_1,aux_gap_double,True,2.1304779999999996,True,True,,0.319594094,2.450072094
102,45,40,500,0,0.5,102_45_40_500_0,current,True,2.12921,True,True,,0.280834722,2.410044722
102,45,40,500,0,0.5,102_45_40_500_0,smoother_11,True,1.100463,True,True,,0.480024722,1.580487722
102,45,40,500,0,0.5,102_45_40_500_0,smoother_31,True,2.0592159999999997,True,True,,0.321135722,2.380351722
102,45,40,500,0,0.5,102_45_40_500_0,accel_gap_half,True,2.12921,True,True,,0.280834722,2.410044722
102,45,40,500,0,0.5,102_45_40_500_0,accel_gap_double,True,2.12921,True,True,,0.280834722,2.410044722
102,45,40,500,0,0.5,102_45_40_500_0,aux_gap_half,True,2.12921,True,True,,0.280834722,2.410044722
102,45,40,500,0,0.5,102_45_40_500_0,aux_gap_double,True,2.12921,True,True,,0.280834722,2.410044722
102,45,40,500,1,0.5,102_45_40_500_1,current,True,2.1205950000000002,True,True,,0.290355,2.41095
102,45,40,500,1,0.5,102_45_40_500_1,smoother_11,True,0.6700799999999998,True,False,,1.749541,2.419621
102,45,40,500,1,0.5,102_45_40_500_1,smoother_31,True,2.0586640000000003,True,True,,0.321156,2.37982
102,45,40,500,1,0.5,102_45_40_500_1,accel_gap_half,True,2.1205950000000002,True,True,,0.290355,2.41095
102,45,40,500,1,0.5,102_45_40_500_1,accel_gap_double,True,2.1205950000000002,True,True,,0.290355,2.41095
102,45,40,500,1,0.5,102_45_40_500_1,aux_gap_half,True,2.1205950000000002,True,True,,0.290355,2.41095
102,45,40,500,1,0.5,102_45_40_500_1,aux_gap_double,True,2.1205950000000002,True,True,,0.290355,2.41095
102,45,40,1000,0,1.0,102_45_40_1000_0,current,True,2.120288,True,True,,0.339793559,2.460081559
102,45,40,1000,0,1.0,102_45_40_1000_0,smoother_11,True,1.1599039999999998,True,True,,0.910019559,2.069923559
102,45,40,1000,0,1.0,102_45_40_1000_0,smoother_31,True,2.061967,True,True,,0.378929559,2.440896559
102,45,40,1000,0,1.0,102_45_40_1000_0,accel_gap_half,True,2.120288,True,True,,0.339793559,2.460081559
102,45,40,1000,0,1.0,102_45_40_1000_0,accel_gap_double,True,2.120288,True,True,,0.339793559,2.460081559
102,45,40,1000,0,1.0,102_45_40_1000_0,aux_gap_half,True,2.120288,True,True,,0.339793559,2.460081559
102,45,40,1000,0,1.0,102_45_40_1000_0,aux_gap_double,True,2.120288,True,True,,0.339793559,2.460081559
102,45,40,1000,1,1.0,102_45_40_1000_1,current,True,1.171068,True,True,,1.239534,2.410602
102,45,40,1000,1,1.0,102_45_40_1000_1,smoother_11,True,1.180328,True,True,,1.259648,2.439976
102,45,40,1000,1,1.0,102_45_40_1000_1,smoother_31,True,2.070056,True,True,,0.310069,2.380125
102,45,40,1000,1,1.0,102_45_40_1000_1,accel_gap_half,True,1.171068,True,True,,1.239534,2.410602
102,45,40,1000,1,1.0,102_45_40_1000_1,accel_gap_double,True,1.171068,True,True,,1.239534,2.410602
102,45,40,1000,1,1.0,102_45_40_1000_1,aux_gap_half,True,1.171068,True,True,,1.239534,2.410602
102,45,40,1000,1,1.0,102_45_40_1000_1,aux_gap_double,True,1.171068,True,True,,1.239534,2.410602
102,90,40,500,0,0.5,102_90_40_500_0,current,True,2.109351,True,True,,0.310763771,2.420114771
102,90,40,500,0,0.5,102_90_40_500_0,smoother_11,True,1.139667,True,True,,0.280095771,1.419762771
102,90,40,500,0,0.5,102_90_40_500_0,smoother_31,True,2.0505929999999997,True,True,,0.339606771,2.390199771
102,90,40,500,0,0.5,102_90_40_500_0,accel_gap_half,True,2.109351,True,True,,0.310763771,2.420114771
102,90,40,500,0,0.5,102_90_40_500_0,accel_gap_double,True,2.109351,True,True,,0.310763771,2.420114771
102,90,40,500,0,0.5,102_90_40_500_0,aux_gap_half,True,2.109351,True,True,,0.310763771,2.420114771
102,90,40,500,0,0.5,102_90_40_500_0,aux_gap_double,True,2.109351,True,True,,0.310763771,2.420114771
102,90,40,500,1,0.5,102_90_40_500_1,current,True,2.128609,True,True,,0.330233,2.458842
102,90,40,500,1,0.5,102_90_40_500_1,smoother_11,True,1.011761,True,True,,1.229238,2.240999
102,90,40,500,1,0.5,102_90_40_500_1,smoother_31,True,2.07138,True,True,,0.358801,2.430181
102,90,40,500,1,0.5,102_90_40_500_1,accel_gap_half,True,2.128609,True,True,,0.330233,2.458842
102,90,40,500,1,0.5,102_90_40_500_1,accel_gap_double,True,2.128609,True,True,,0.330233,2.458842
102,90,40,500,1,0.5,102_90_40_500_1,aux_gap_half,True,2.128609,True,True,,0.330233,2.458842
102,90,40,500,1,0.5,102_90_40_500_1,aux_gap_double,True,2.128609,True,True,,0.330233,2.458842
102,90,40,1000,0,1.0,102_90_40_1000_0,current,True,2.140025,True,True,,0.309737,2.449762
102,90,40,1000,0,1.0,102_90_40_1000_0,smoother_11,True,1.361374,True,True,,0.279524,1.640898
102,90,40,1000,0,1.0,102_90_40_1000_0,smoother_31,True,2.069321,True,True,,0.350391,2.419712
102,90,40,1000,0,1.0,102_90_40_1000_0,accel_gap_half,True,2.140025,True,True,,0.309737,2.449762
102,90,40,1000,0,1.0,102_90_40_1000_0,accel_gap_double,True,2.140025,True,True,,0.309737,2.449762
102,90,40,1000,0,1.0,102_90_40_1000_0,aux_gap_half,True,2.140025,True,True,,0.309737,2.449762
102,90,40,1000,0,1.0,102_90_40_1000_0,aux_gap_double,True,2.140025,True,True,,0.309737,2.449762
102,90,40,1000,1,1.0,102_90_40_1000_1,current,True,2.1407,True,True,,0.339894,2.480594
102,90,40,1000,1,1.0,102_90_40_1000_1,smoother_11,True,0.5297670000000001,True,False,,1.130002,1.659769
102,90,40,1000,1,1.0,102_90_40_1000_1,smoother_31,True,2.109607,True,True,,0.370987,2.480594
102,90,40,1000,1,1.0,102_90_40_1000_1,accel_gap_half,True,2.1407,True,True,,0.339894,2.480594
102,90,40,1000,1,1.0,102_90_40_1000_1,accel_gap_double,True,2.1407,True,True,,0.339894,2.480594
102,90,40,1000,1,1.0,102_90_40_1000_1,aux_gap_half,True,2.1407,True,True,,0.339894,2.480594
102,90,40,1000,1,1.0,102_90_40_1000_1,aux_gap_double,True,2.1407,True,True,,0.339894,2.480594
102,135,40,500,0,0.5,102_135_40_500_0,current,True,2.110153,True,True,,0.299599368,2.409752368
102,135,40,500,0,0.5,102_135_40_500_0,smoother_11,True,1.2100870000000001,True,True,,1.220066368,2.430153368
102,135,40,500,0,0.5,102_135_40_500_0,smoother_31,True,2.0507400000000002,True,True,,0.330085368,2.380825368
102,135,40,500,0,0.5,102_135_40_500_0,accel_gap_half,True,2.110153,True,True,,0.299599368,2.409752368
102,135,40,500,0,0.5,102_135_40_500_0,accel_gap_double,True,2.110153,True,True,,0.299599368,2.409752368
102,135,40,500,0,0.5,102_135_40_500_0,aux_gap_half,True,2.110153,True,True,,0.299599368,2.409752368
102,135,40,500,0,0.5,102_135_40_500_0,aux_gap_double,True,2.110153,True,True,,0.299599368,2.409752368
102,135,40,500,1,0.5,102_135_40_500_1,current,True,2.120218,True,True,,0.289357315,2.409575315
102,135,40,500,1,0.5,102_135_40_500_1,smoother_11,True,0.2795670000000001,False,False,,1.680409315,1.959976315
102,135,40,500,1,0.5,102_135_40_500_1,smoother_31,True,2.0587839999999997,True,True,,0.320286315,2.379070315
102,135,40,500,1,0.5,102_135_40_500_1,accel_gap_half,True,2.120218,True,True,,0.289357315,2.409575315
102,135,40,500,1,0.5,102_135_40_500_1,accel_gap_double,True,2.120218,True,True,,0.289357315,2.409575315
102,135,40,500,1,0.5,102_135_40_500_1,aux_gap_half,True,2.120218,True,True,,0.289357315,2.409575315
102,135,40,500,1,0.5,102_135_40_500_1,aux_gap_double,True,2.120218,True,True,,0.289357315,2.409575315
102,135,40,1000,0,1.0,102_135_40_1000_0,current,True,2.1004359999999997,True,True,,0.300622,2.401058
102,135,40,1000,0,1.0,102_135_40_1000_0,smoother_11,True,0.610364,True,False,,0.260321,0.870685
102,135,40,1000,0,1.0,102_135_40_1000_0,smoother_31,True,2.039003,True,True,,0.329976,2.368979
102,135,40,1000,0,1.0,102_135_40_1000_0,accel_gap_half,True,2.1004359999999997,True,True,,0.300622,2.401058
102,135,40,1000,0,1.0,102_135_40_1000_0,accel_gap_double,True,2.1004359999999997,True,True,,0.300622,2.401058
102,135,40,1000,0,1.0,102_135_40_1000_0,aux_gap_half,True,2.1004359999999997,True,True,,0.300622,2.401058
102,135,40,1000,0,1.0,102_135_40_1000_0,aux_gap_double,True,2.1004359999999997,True,True,,0.300622,2.401058
102,135,40,1000,1,1.0,102_135_40_1000_1,current,True,2.120425,True,True,,0.2901,2.410525
102,135,40,1000,1,1.0,102_135_40_1000_1,smoother_11,True,1.3287609999999999,True,True,,0.261063,1.589824
102,135,40,1000,1,1.0,102_135_40_1000_1,smoother_31,True,2.06949,True,True,,0.321185,2.390675
102,135,40,1000,1,1.0,102_135_40_1000_1,accel_gap_half,True,2.120425,True,True,,0.2901,2.410525
102,135,40,1000,1,1.0,102_135_40_1000_1,accel_gap_double,True,2.120425,True,True,,0.2901,2.410525
102,135,40,1000,1,1.0,102_135_40_1000_1,aux_gap_half,True,2.120425,True,True,,0.2901,2.410525
102,135,40,1000,1,1.0,102_135_40_1000_1,aux_gap_double,True,2.120425,True,True,,0.2901,2.410525
102,180,40,500,0,0.5,102_180_40_500_0,current,True,2.0683049999999996,True,True,,0.340943,2.409248
102,180,40,500,0,0.5,102_180_40_500_0,smoother_11,True,0.5300320000000001,True,False,,1.449381,1.979413
102,180,40,500,0,0.5,102_180_40_500_0,smoother_31,True,2.039417,True,True,,0.369831,2.409248
102,180,40,500,0,0.5,102_180_40_500_0,accel_gap_half,True,2.0683049999999996,True,True,,0.340943,2.409248
102,180,40,500,0,0.5,102_180_40_500_0,accel_gap_double,True,2.0683049999999996,True,True,,0.340943,2.409248
102,180,40,500,0,0.5,102_180_40_500_0,aux_gap_half,True,2.0683049999999996,True,True,,0.340943,2.409248
102,180,40,500,0,0.5,102_180_40_500_0,aux_gap_double,True,2.0683049999999996,True,True,,0.340943,2.409248
102,180,40,500,1,0.5,102_180_40_500_1,current,True,1.699666,True,True,,0.319778901,2.019444901
102,180,40,500,1,0.5,102_180_40_500_1,smoother_11,True,0.8014169999999999,True,False,,0.289170901,1.090587901
102,180,40,500,1,0.5,102_180_40_500_1,smoother_31,True,2.0607,True,True,,0.349275901,2.409975901
102,180,40,500,1,0.5,102_180_40_500_1,accel_gap_half,True,1.699666,True,True,,0.319778901,2.019444901
102,180,40,500,1,0.5,102_180_40_500_1,accel_gap_double,True,1.699666,True,True,,0.319778901,2.019444901
102,180,40,500,1,0.5,102_180_40_500_1,aux_gap_half,True,1.699666,True,True,,0.319778901,2.019444901
102,180,40,500,1,0.5,102_180_40_500_1,aux_gap_double,True,1.699666,True,True,,0.319778901,2.019444901
102,180,40,1000,0,1.0,102_180_40_1000_0,current,True,2.120186,True,True,,0.339217,2.459403
102,180,40,1000,0,1.0,102_180_40_1000_0,smoother_11,True,1.0497079999999999,True,True,,0.400254,1.449962
102,180,40,1000,0,1.0,102_180_40_1000_0,smoother_31,True,2.059934,True,True,,0.37019,2.430124
102,180,40,1000,0,1.0,102_180_40_1000_0,accel_gap_half,True,2.120186,True,True,,0.339217,2.459403
102,180,40,1000,0,1.0,102_180_40_1000_0,accel_gap_double,True,2.120186,True,True,,0.339217,2.459403
102,180,40,1000,0,1.0,102_180_40_1000_0,aux_gap_half,True,2.120186,True,True,,0.339217,2.459403
102,180,40,1000,0,1.0,102_180_40_1000_0,aux_gap_double,True,2.120186,True,True,,0.339217,2.459403
102,180,40,1000,1,1.0,102_180_40_1000_1,current,True,2.2106939999999997,True,True,,0.340409,2.551103
102,180,40,1000,1,1.0,102_180_40_1000_1,smoother_11,True,0.9996170000000001,True,False,,0.310496,1.310113
102,180,40,1000,1,1.0,102_180_40_1000_1,smoother_31,True,2.181504,True,True,,0.369599,2.551103
102,180,40,1000,1,1.0,102_180_40_1000_1,accel_gap_half,True,2.2106939999999997,True,True,,0.340409,2.551103
102,180,40,1000,1,1.0,102_180_40_1000_1,accel_gap_double,True,2.2106939999999997,True,True,,0.340409,2.551103
102,180,40,1000,1,1.0,102_180_40_1000_1,aux_gap_half,True,2.2106939999999997,True,True,,0.340409,2.551103
102,180,40,1000,1,1.0,102_180_40_1000_1,aux_gap_double,True,2.2106939999999997,True,True,,0.340409,2.551103
102,225,40,500,0,0.5,102_225_40_500_0,current,True,2.1211010000000003,True,True,,0.288778,2.409879
102,225,40,500,0,0.5,102_225_40_500_0,smoother_11,True,0.8115730000000001,True,False,,0.898987,1.71056
102,225,40,500,0,0.5,102_225_40_500_0,smoother_31,True,2.0493669999999997,True,True,,0.319827,2.369194
102,225,40,500,0,0.5,102_225_40_500_0,accel_gap_half,True,2.1211010000000003,True,True,,0.288778,2.409879
102,225,40,500,0,0.5,102_225_40_500_0,accel_gap_double,True,2.1211010000000003,True,True,,0.288778,2.409879
102,225,40,500,0,0.5,102_225_40_500_0,aux_gap_half,True,2.1211010000000003,True,True,,0.288778,2.409879
102,225,40,500,0,0.5,102_225_40_500_0,aux_gap_double,True,2.1211010000000003,True,True,,0.288778,2.409879
102,225,40,500,1,0.5,102_225_40_500_1,current,True,1.439431,True,True,,0.31020329,1.74963429
102,225,40,500,1,0.5,102_225_40_500_1,smoother_11,True,1.209868,True,True,,0.52075329,1.73062129
102,225,40,500,1,0.5,102_225_40_500_1,smoother_31,True,2.059797,True,True,,0.34112529,2.40092229
102,225,40,500,1,0.5,102_225_40_500_1,accel_gap_half,True,1.439431,True,True,,0.31020329,1.74963429
102,225,40,500,1,0.5,102_225_40_500_1,accel_gap_double,True,1.439431,True,True,,0.31020329,1.74963429
102,225,40,500,1,0.5,102_225_40_500_1,aux_gap_half,True,1.439431,True,True,,0.31020329,1.74963429
102,225,40,500,1,0.5,102_225_40_500_1,aux_gap_double,True,1.439431,True,True,,0.31020329,1.74963429
102,225,40,1000,0,1.0,102_225_40_1000_0,current,True,2.10981,True,True,,0.301393,2.411203
102,225,40,1000,0,1.0,102_225_40_1000_0,smoother_11,True,0.6115659999999998,True,False,,1.139501,1.751067
102,225,40,1000,0,1.0,102_225_40_1000_0,smoother_31,True,2.060608,True,True,,0.329071,2.389679
102,225,40,1000,0,1.0,102_225_40_1000_0,accel_gap_half,True,2.10981,True,True,,0.301393,2.411203
102,225,40,1000,0,1.0,102_225_40_1000_0,accel_gap_double,True,2.10981,True,True,,0.301393,2.411203
102,225,40,1000,0,1.0,102_225_40_1000_0,aux_gap_half,True,2.10981,True,True,,0.301393,2.411203
102,225,40,1000,0,1.0,102_225_40_1000_0,aux_gap_double,True,2.10981,True,True,,0.301393,2.411203
102,225,40,1000,1,1.0,102_225_40_1000_1,current,True,2.129984,True,True,,0.280465,2.410449
102,225,40,1000,1,1.0,102_225_40_1000_1,smoother_11,True,0.7592819999999998,True,False,,1.681292,2.440574
102,225,40,1000,1,1.0,102_225_40_1000_1,smoother_31,True,2.0705739999999997,True,True,,0.309248,2.379822
102,225,40,1000,1,1.0,102_225_40_1000_1,accel_gap_half,True,2.129984,True,True,,0.280465,2.410449
102,225,40,1000,1,1.0,102_225_40_1000_1,accel_gap_double,True,2.129984,True,True,,0.280465,2.410449
102,225,40,1000,1,1.0,102_225_40_1000_1,aux_gap_half,True,2.129984,True,True,,0.280465,2.410449
102,225,40,1000,1,1.0,102_225_40_1000_1,aux_gap_double,True,2.129984,True,True,,0.280465,2.410449
102,270,40,500,0,0.5,102_270_40_500_0,current,True,2.130499,True,True,,0.290201213,2.420700213
102,270,40,500,0,0.5,102_270_40_500_0,smoother_11,True,1.128611,True,True,,0.610261213,1.738872213
102,270,40,500,0,0.5,102_270_40_500_0,smoother_31,True,2.07083,True,True,,0.318975213,2.389805213
102,270,40,500,0,0.5,102_270_40_500_0,accel_gap_half,True,2.130499,True,True,,0.290201213,2.420700213
102,270,40,500,0,0.5,102_270_40_500_0,accel_gap_double,True,2.130499,True,True,,0.290201213,2.420700213
102,270,40,500,0,0.5,102_270_40_500_0,aux_gap_half,True,2.130499,True,True,,0.290201213,2.420700213
102,270,40,500,0,0.5,102_270_40_500_0,aux_gap_double,True,2.130499,True,True,,0.290201213,2.420700213
102,270,40,500,1,0.5,102_270_40_500_1,current,True,2.120814,True,True,,0.290044,2.410858
102,270,40,500,1,0.5,102_270_40_500_1,smoother_11,True,0.608557,True,False,,0.261177,0.869734
102,270,40,500,1,0.5,102_270_40_500_1,smoother_31,True,2.059415,True,True,,0.319909,2.379324
102,270,40,500,1,0.5,102_270_40_500_1,accel_gap_half,True,2.120814,True,True,,0.290044,2.410858
102,270,40,500,1,0.5,102_270_40_500_1,accel_gap_double,True,2.120814,True,True,,0.290044,2.410858
102,270,40,500,1,0.5,102_270_40_500_1,aux_gap_half,True,2.120814,True,True,,0.290044,2.410858
102,270,40,500,1,0.5,102_270_40_500_1,aux_gap_double,True,2.120814,True,True,,0.290044,2.410858
102,270,40,1000,0,1.0,102_270_40_1000_0,current,True,2.119756,True,True,,0.290524,2.41028
102,270,40,1000,0,1.0,102_270_40_1000_0,smoother_11,True,0.939417,True,False,,0.260456,1.199873
102,270,40,1000,0,1.0,102_270_40_1000_0,smoother_31,True,2.0593559999999997,True,True,,0.320437,2.379793
102,270,40,1000,0,1.0,102_270_40_1000_0,accel_gap_half,True,2.119756,True,True,,0.290524,2.41028
102,270,40,1000,0,1.0,102_270_40_1000_0,accel_gap_double,True,2.119756,True,True,,0.290524,2.41028
102,270,40,1000,0,1.0,102_270_40_1000_0,aux_gap_half,True,2.119756,True,True,,0.290524,2.41028
102,270,40,1000,0,1.0,102_270_40_1000_0,aux_gap_double,True,2.119756,True,True,,0.290524,2.41028
102,270,40,1000,1,1.0,102_270_40_1000_1,current,True,2.120311,True,True,,0.290035805,2.410346805
102,270,40,1000,1,1.0,102_270_40_1000_1,smoother_11,True,0.530233,True,False,,1.289022805,1.819255805
102,270,40,1000,1,1.0,102_270_40_1000_1,smoother_31,True,2.051182,True,True,,0.319072805,2.370254805
102,270,40,1000,1,1.0,102_270_40_1000_1,accel_gap_half,True,2.120311,True,True,,0.290035805,2.410346805
102,270,40,1000,1,1.0,102_270_40_1000_1,accel_gap_double,True,2.120311,True,True,,0.290035805,2.410346805
102,270,40,1000,1,1.0,102_270_40_1000_1,aux_gap_half,True,2.120311,True,True,,0.290035805,2.410346805
102,270,40,1000,1,1.0,102_270_40_1000_1,aux_gap_double,True,2.120311,True,True,,0.290035805,2.410346805
102,315,40,500,0,0.5,102_315_40_500_0,current,True,1.321075,True,True,,0.300324106,1.621399106
102,315,40,500,0,0.5,102_315_40_500_0,smoother_11,True,0.6603000000000001,True,False,,0.269962106,0.930262106
102,315,40,500,0,0.5,102_315_40_500_0,smoother_31,True,2.052015,True,True,,0.339298106,2.391313106
102,315,40,500,0,0.5,102_315_40_500_0,accel_gap_half,True,1.321075,True,True,,0.300324106,1.621399106
102,315,40,500,0,0.5,102_315_40_500_0,accel_gap_double,True,1.321075,True,True,,0.300324106,1.621399106
102,315,40,500,0,0.5,102_315_40_500_0,aux_gap_half,True,1.321075,True,True,,0.300324106,1.621399106
102,315,40,500,0,0.5,102_315_40_500_0,aux_gap_double,True,1.321075,True,True,,0.300324106,1.621399106
102,315,40,500,1,0.5,102_315_40_500_1,current,True,2.121357,True,True,,0.299622,2.420979
102,315,40,500,1,0.5,102_315_40_500_1,smoother_11,True,0.6616349999999999,True,False,,0.848717,1.510352
102,315,40,500,1,0.5,102_315_40_500_1,smoother_31,True,2.058875,True,True,,0.330278,2.389153
102,315,40,500,1,0.5,102_315_40_500_1,accel_gap_half,True,2.121357,True,True,,0.299622,2.420979
102,315,40,500,1,0.5,102_315_40_500_1,accel_gap_double,True,2.121357,True,True,,0.299622,2.420979
102,315,40,500,1,0.5,102_315_40_500_1,aux_gap_half,True,2.121357,True,True,,0.299622,2.420979
102,315,40,500,1,0.5,102_315_40_500_1,aux_gap_double,True,2.121357,True,True,,0.299622,2.420979
102,315,40,1000,0,1.0,102_315_40_1000_0,current,True,2.128946,True,True,,0.280950868,2.409896868
102,315,40,1000,0,1.0,102_315_40_1000_0,smoother_11,True,0.9410229999999999,True,False,,1.219692868,2.160715868
102,315,40,1000,0,1.0,102_315_40_1000_0,smoother_31,True,2.049996,True,True,,0.318649868,2.368645868
102,315,40,1000,0,1.0,102_315_40_1000_0,accel_gap_half,True,2.128946,True,True,,0.280950868,2.409896868
102,315,40,1000,0,1.0,102_315_40_1000_0,accel_gap_double,True,2.128946,True,True,,0.280950868,2.409896868
102,315,40,1000,0,1.0,102_315_40_1000_0,aux_gap_half,True,2.128946,True,True,,0.280950868,2.409896868
102,315,40,1000,0,1.0,102_315_40_1000_0,aux_gap_double,True,2.128946,True,True,,0.280950868,2.409896868
102,315,40,1000,1,1.0,102_315_40_1000_1,current,True,2.1103739999999998,True,True,,0.289819,2.400193
102,315,40,1000,1,1.0,102_315_40_1000_1,smoother_11,True,1.0002499999999999,True,True,,1.429983,2.430233
102,315,40,1000,1,1.0,102_315_40_1000_1,smoother_31,True,2.050747,True,True,,0.320141,2.370888
102,315,40,1000,1,1.0,102_315_40_1000_1,accel_gap_half,True,2.1103739999999998,True,True,,0.289819,2.400193
102,315,40,1000,1,1.0,102_315_40_1000_1,accel_gap_double,True,2.1103739999999998,True,True,,0.289819,2.400193
102,315,40,1000,1,1.0,102_315_40_1000_1,aux_gap_half,True,2.1103739999999998,True,True,,0.289819,2.400193
102,315,40,1000,1,1.0,102_315_40_1000_1,aux_gap_double,True,2.1103739999999998,True,True,,0.289819,2.400193
102,0,60,500,0,0.5,102_0_60_500_0,current,True,1.3413460000000001,True,True,,0.30872358,1.65006958
102,0,60,500,0,0.5,102_0_60_500_0,smoother_11,True,0.7899869999999999,True,False,,0.85038358,1.64037058
102,0,60,500,0,0.5,102_0_60_500_0,smoother_31,True,1.290589,True,True,,0.34058758,1.63117658
102,0,60,500,0,0.5,102_0_60_500_0,accel_gap_half,True,1.3413460000000001,True,True,,0.30872358,1.65006958
102,0,60,500,0,0.5,102_0_60_500_0,accel_gap_double,True,1.3413460000000001,True,True,,0.30872358,1.65006958
102,0,60,500,0,0.5,102_0_60_500_0,aux_gap_half,True,1.3413460000000001,True,True,,0.30872358,1.65006958
102,0,60,500,0,0.5,102_0_60_500_0,aux_gap_double,True,1.3413460000000001,True,True,,0.30872358,1.65006958
102,0,60,500,1,0.5,102_0_60_500_1,current,True,1.37993,True,True,,0.300122,1.680052
102,0,60,500,1,0.5,102_0_60_500_1,smoother_11,True,0.388559,False,False,,0.680867,1.069426
102,0,60,500,1,0.5,102_0_60_500_1,smoother_31,True,1.310044,True,True,,0.33027,1.640314
102,0,60,500,1,0.5,102_0_60_500_1,accel_gap_half,True,1.37993,True,True,,0.300122,1.680052
102,0,60,500,1,0.5,102_0_60_500_1,accel_gap_double,True,1.37993,True,True,,0.300122,1.680052
102,0,60,500,1,0.5,102_0_60_500_1,aux_gap_half,True,1.37993,True,True,,0.300122,1.680052
102,0,60,500,1,0.5,102_0_60_500_1,aux_gap_double,True,1.37993,True,True,,0.300122,1.680052
102,0,60,1000,0,1.0,102_0_60_1000_0,current,True,1.371043,True,True,,0.289223933,1.660266933
102,0,60,1000,0,1.0,102_0_60_1000_0,smoother_11,True,0.921357,True,False,,0.389248933,1.310605933
102,0,60,1000,0,1.0,102_0_60_1000_0,smoother_31,True,1.2999390000000002,True,True,,0.329818933,1.629757933
102,0,60,1000,0,1.0,102_0_60_1000_0,accel_gap_half,True,1.371043,True,True,,0.289223933,1.660266933
102,0,60,1000,0,1.0,102_0_60_1000_0,accel_gap_double,True,1.371043,True,True,,0.289223933,1.660266933
102,0,60,1000,0,1.0,102_0_60_1000_0,aux_gap_half,True,1.371043,True,True,,0.289223933,1.660266933
102,0,60,1000,0,1.0,102_0_60_1000_0,aux_gap_double,True,1.371043,True,True,,0.289223933,1.660266933
102,0,60,1000,1,1.0,102_0_60_1000_1,current,True,1.3491170000000001,True,True,,0.329431948,1.678548948
102,0,60,1000,1,1.0,102_0_60_1000_1,smoother_11,True,0.410352,False,False,,0.310299948,0.720651948
102,0,60,1000,1,1.0,102_0_60_1000_1,smoother_31,True,1.299952,True,True,,0.350777948,1.650729948
102,0,60,1000,1,1.0,102_0_60_1000_1,accel_gap_half,True,1.3491170000000001,True,True,,0.329431948,1.678548948
102,0,60,1000,1,1.0,102_0_60_1000_1,accel_gap_double,True,1.3491170000000001,True,True,,0.329431948,1.678548948
102,0,60,1000,1,1.0,102_0_60_1000_1,aux_gap_half,True,1.3491170000000001,True,True,,0.329431948,1.678548948
102,0,60,1000,1,1.0,102_0_60_1000_1,aux_gap_double,True,1.3491170000000001,True,True,,0.329431948,1.678548948
102,45,60,500,0,0.5,102_45_60_500_0,current,True,1.179774,True,True,,0.519874,1.699648
102,45,60,500,0,0.5,102_45_60_500_0,smoother_11,True,0.7198889999999999,True,False,,0.948878,1.668767
102,45,60,500,0,0.5,102_45_60_500_0,smoother_31,True,1.298668,True,True,,0.370099,1.668767
102,45,60,500,0,0.5,102_45_60_500_0,accel_gap_half,True,1.179774,True,True,,0.519874,1.699648
102,45,60,500,0,0.5,102_45_60_500_0,accel_gap_double,True,1.179774,True,True,,0.519874,1.699648
102,45,60,500,0,0.5,102_45_60_500_0,aux_gap_half,True,1.179774,True,True,,0.519874,1.699648
102,45,60,500,0,0.5,102_45_60_500_0,aux_gap_double,True,1.179774,True,True,,0.519874,1.699648
102,45,60,500,1,0.5,102_45_60_500_1,current,True,1.3680240000000001,True,True,,0.351219722,1.719243722
102,45,60,500,1,0.5,102_45_60_500_1,smoother_11,True,0.88957,True,False,,0.339858722,1.229428722
102,45,60,500,1,0.5,102_45_60_500_1,smoother_31,True,1.347861,True,True,,0.380916722,1.728777722
102,45,60,500,1,0.5,102_45_60_500_1,accel_gap_half,True,1.3680240000000001,True,True,,0.351219722,1.719243722
102,45,60,500,1,0.5,102_45_60_500_1,accel_gap_double,True,1.3680240000000001,True,True,,0.351219722,1.719243722
102,45,60,500,1,0.5,102_45_60_500_1,aux_gap_half,True,1.3680240000000001,True,True,,0.351219722,1.719243722
102,45,60,500,1,0.5,102_45_60_500_1,aux_gap_double,True,1.3680240000000001,True,True,,0.351219722,1.719243722
102,45,60,1000,0,1.0,102_45_60_1000_0,current,True,1.360529,True,True,,0.340707,1.701236
102,45,60,1000,0,1.0,102_45_60_1000_0,smoother_11,True,1.409078,True,True,,0.320552,1.72963
102,45,60,1000,0,1.0,102_45_60_1000_0,smoother_31,True,1.3112059999999999,True,True,,0.35884,1.670046
102,45,60,1000,0,1.0,102_45_60_1000_0,accel_gap_half,True,1.360529,True,True,,0.340707,1.701236
102,45,60,1000,0,1.0,102_45_60_1000_0,accel_gap_double,True,1.360529,True,True,,0.340707,1.701236
102,45,60,1000,0,1.0,102_45_60_1000_0,aux_gap_half,True,1.360529,True,True,,0.340707,1.701236
102,45,60,1000,0,1.0,102_45_60_1000_0,aux_gap_double,True,1.360529,True,True,,0.340707,1.701236
102,45,60,1000,1,1.0,102_45_60_1000_1,current,True,1.350628,True,True,,0.350127,1.700755
102,45,60,1000,1,1.0,102_45_60_1000_1,smoother_11,True,1.010422,True,True,,0.340718,1.35114
102,45,60,1000,1,1.0,102_45_60_1000_1,smoother_31,True,1.2901820000000002,True,True,,0.379722,1.669904
102,45,60,1000,1,1.0,102_45_60_1000_1,accel_gap_half,True,1.350628,True,True,,0.350127,1.700755
102,45,60,1000,1,1.0,102_45_60_1000_1,accel_gap_double,True,1.350628,True,True,,0.350127,1.700755
102,45,60,1000,1,1.0,102_45_60_1000_1,aux_gap_half,True,1.350628,True,True,,0.350127,1.700755
102,45,60,1000,1,1.0,102_45_60_1000_1,aux_gap_double,True,1.350628,True,True,,0.350127,1.700755
102,90,60,500,0,0.5,102_90_60_500_0,current,True,1.4107960000000002,True,True,,0.339041969,1.749837969
102,90,60,500,0,0.5,102_90_60_500_0,smoother_11,True,0.7086340000000001,True,False,,0.570251969,1.278885969
102,90,60,500,0,0.5,102_90_60_500_0,smoother_31,True,1.418977,True,True,,0.370962969,1.789939969
102,90,60,500,0,0.5,102_90_60_500_0,accel_gap_half,True,1.4107960000000002,True,True,,0.339041969,1.749837969
102,90,60,500,0,0.5,102_90_60_500_0,accel_gap_double,True,1.4107960000000002,True,True,,0.339041969,1.749837969
102,90,60,500,0,0.5,102_90_60_500_0,aux_gap_half,True,1.4107960000000002,True,True,,0.339041969,1.749837969
102,90,60,500,0,0.5,102_90_60_500_0,aux_gap_double,True,1.4107960000000002,True,True,,0.339041969,1.749837969
102,90,60,500,1,0.5,102_90_60_500_1,current,True,1.399596,True,True,,0.330344,1.72994
102,90,60,500,1,0.5,102_90_60_500_1,smoother_11,True,0.440226,False,False,,1.299578,1.739804
102,90,60,500,1,0.5,102_90_60_500_1,smoother_31,True,1.409815,True,True,,0.369236,1.779051
102,90,60,500,1,0.5,102_90_60_500_1,accel_gap_half,True,1.399596,True,True,,0.330344,1.72994
102,90,60,500,1,0.5,102_90_60_500_1,accel_gap_double,True,1.399596,True,True,,0.330344,1.72994
102,90,60,500,1,0.5,102_90_60_500_1,aux_gap_half,True,1.399596,True,True,,0.330344,1.72994
102,90,60,500,1,0.5,102_90_60_500_1,aux_gap_double,True,1.399596,True,True,,0.330344,1.72994
102,90,60,1000,0,1.0,102_90_60_1000_0,current,True,1.190225,True,True,,0.330123,1.520348
102,90,60,1000,0,1.0,102_90_60_1000_0,smoother_11,True,0.989978,True,False,,0.520478,1.510456
102,90,60,1000,0,1.0,102_90_60_1000_0,smoother_31,True,1.311251,True,True,,0.358725,1.669976
102,90,60,1000,0,1.0,102_90_60_1000_0,accel_gap_half,True,1.190225,True,True,,0.330123,1.520348
102,90,60,1000,0,1.0,102_90_60_1000_0,accel_gap_double,True,1.190225,True,True,,0.330123,1.520348
102,90,60,1000,0,1.0,102_90_60_1000_0,aux_gap_half,True,1.190225,True,True,,0.330123,1.520348
102,90,60,1000,0,1.0,102_90_60_1000_0,aux_gap_double,True,1.190225,True,True,,0.330123,1.520348
102,90,60,1000,1,1.0,102_90_60_1000_1,current,True,1.360115,True,True,,0.349442,1.709557
102,90,60,1000,1,1.0,102_90_60_1000_1,smoother_11,True,0.540467,True,False,,0.319249,0.859716
102,90,60,1000,1,1.0,102_90_60_1000_1,smoother_31,True,1.301052,True,True,,0.379816,1.680868
102,90,60,1000,1,1.0,102_90_60_1000_1,accel_gap_half,True,1.360115,True,True,,0.349442,1.709557
102,90,60,1000,1,1.0,102_90_60_1000_1,accel_gap_double,True,1.360115,True,True,,0.349442,1.709557
102,90,60,1000,1,1.0,102_90_60_1000_1,aux_gap_half,True,1.360115,True,True,,0.349442,1.709557
102,90,60,1000,1,1.0,102_90_60_1000_1,aux_gap_double,True,1.360115,True,True,,0.349442,1.709557
102,135,60,500,0,0.5,102_135_60_500_0,current,True,1.358651,True,True,,0.340503,1.699154
102,135,60,500,0,0.5,102_135_60_500_0,smoother_11,True,0.810767,True,False,,0.9097,1.720467
102,135,60,500,0,0.5,102_135_60_500_0,smoother_31,True,1.340091,True,True,,0.370381,1.710472
102,135,60,500,0,0.5,102_135_60_500_0,accel_gap_half,True,1.358651,True,True,,0.340503,1.699154
102,135,60,500,0,0.5,102_135_60_500_0,accel_gap_double,True,1.358651,True,True,,0.340503,1.699154
102,135,60,500,0,0.5,102_135_60_500_0,aux_gap_half,True,1.358651,True,True,,0.340503,1.699154
102,135,60,500,0,0.5,102_135_60_500_0,aux_gap_double,True,1.358651,True,True,,0.340503,1.699154
102,135,60,500,1,0.5,102_135_60_500_1,current,True,1.3499880000000002,True,True,,0.350265505,1.700253505
102,135,60,500,1,0.5,102_135_60_500_1,smoother_11,True,0.6203890000000001,True,False,,0.769456505,1.389845505
102,135,60,500,1,0.5,102_135_60_500_1,smoother_31,True,1.300307,True,True,,0.369995505,1.670302505
102,135,60,500,1,0.5,102_135_60_500_1,accel_gap_half,True,1.3499880000000002,True,True,,0.350265505,1.700253505
102,135,60,500,1,0.5,102_135_60_500_1,accel_gap_double,True,1.3499880000000002,True,True,,0.350265505,1.700253505
102,135,60,500,1,0.5,102_135_60_500_1,aux_gap_half,True,1.3499880000000002,True,True,,0.350265505,1.700253505
102,135,60,500,1,0.5,102_135_60_500_1,aux_gap_double,True,1.3499880000000002,True,True,,0.350265505,1.700253505
102,135,60,1000,0,1.0,102_135_60_1000_0,current,True,1.359714,True,True,,0.319915424,1.679629424
102,135,60,1000,0,1.0,102_135_60_1000_0,smoother_11,True,0.5604710000000002,True,False,,1.150283424,1.710754424
102,135,60,1000,0,1.0,102_135_60_1000_0,smoother_31,True,1.2898299999999998,True,True,,0.350375424,1.640205424
102,135,60,1000,0,1.0,102_135_60_1000_0,accel_gap_half,True,1.359714,True,True,,0.319915424,1.679629424
102,135,60,1000,0,1.0,102_135_60_1000_0,accel_gap_double,True,1.359714,True,True,,0.319915424,1.679629424
102,135,60,1000,0,1.0,102_135_60_1000_0,aux_gap_half,True,1.359714,True,True,,0.319915424,1.679629424
102,135,60,1000,0,1.0,102_135_60_1000_0,aux_gap_double,True,1.359714,True,True,,0.319915424,1.679629424
102,135,60,1000,1,1.0,102_135_60_1000_1,current,True,0.7208490000000001,True,False,,0.299159,1.020008
102,135,60,1000,1,1.0,102_135_60_1000_1,smoother_11,True,0.540122,True,False,,1.090725,1.630847
102,135,60,1000,1,1.0,102_135_60_1000_1,smoother_31,True,1.30074,True,True,,0.330107,1.630847
102,135,60,1000,1,1.0,102_135_60_1000_1,accel_gap_half,True,0.7208490000000001,True,False,,0.299159,1.020008
102,135,60,1000,1,1.0,102_135_60_1000_1,accel_gap_double,True,0.7208490000000001,True,False,,0.299159,1.020008
102,135,60,1000,1,1.0,102_135_60_1000_1,aux_gap_half,True,0.7208490000000001,True,False,,0.299159,1.020008
102,135,60,1000,1,1.0,102_135_60_1000_1,aux_gap_double,True,0.7208490000000001,True,False,,0.299159,1.020008
102,180,60,500,0,0.5,102_180_60_500_0,current,True,1.379333,True,True,,0.339986,1.719319
102,180,60,500,0,0.5,102_180_60_500_0,smoother_11,True,0.8889239999999999,True,False,,0.309894,1.198818
102,180,60,500,0,0.5,102_180_60_500_0,smoother_31,True,1.301056,True,True,,0.37907,1.680126
102,180,60,500,0,0.5,102_180_60_500_0,accel_gap_half,True,1.379333,True,True,,0.339986,1.719319
102,180,60,500,0,0.5,102_180_60_500_0,accel_gap_double,True,1.379333,True,True,,0.339986,1.719319
102,180,60,500,0,0.5,102_180_60_500_0,aux_gap_half,True,1.379333,True,True,,0.339986,1.719319
102,180,60,500,0,0.5,102_180_60_500_0,aux_gap_double,True,1.379333,True,True,,0.339986,1.719319
102,180,60,500,1,0.5,102_180_60_500_1,current,True,1.210537,True,True,,0.340393,1.55093
102,180,60,500,1,0.5,102_180_60_500_1,smoother_11,True,0.391325,False,False,,0.309946,0.701271
102,180,60,500,1,0.5,102_180_60_500_1,smoother_31,True,1.379915,True,True,,0.369755,1.74967
102,180,60,500,1,0.5,102_180_60_500_1,accel_gap_half,True,1.210537,True,True,,0.340393,1.55093
102,180,60,500,1,0.5,102_180_60_500_1,accel_gap_double,True,1.210537,True,True,,0.340393,1.55093
102,180,60,500,1,0.5,102_180_60_500_1,aux_gap_half,True,1.210537,True,True,,0.340393,1.55093
102,180,60,500,1,0.5,102_180_60_500_1,aux_gap_double,True,1.210537,True,True,,0.340393,1.55093
102,180,60,1000,0,1.0,102_180_60_1000_0,current,True,1.359319,True,True,,0.349917,1.709236
102,180,60,1000,0,1.0,102_180_60_1000_0,smoother_11,True,0.6683760000000001,True,False,,0.320204,0.98858
102,180,60,1000,0,1.0,102_180_60_1000_0,smoother_31,True,1.2990789999999999,True,True,,0.380227,1.679306
102,180,60,1000,0,1.0,102_180_60_1000_0,accel_gap_half,True,1.359319,True,True,,0.349917,1.709236
102,180,60,1000,0,1.0,102_180_60_1000_0,accel_gap_double,True,1.359319,True,True,,0.349917,1.709236
102,180,60,1000,0,1.0,102_180_60_1000_0,aux_gap_half,True,1.359319,True,True,,0.349917,1.709236
102,180,60,1000,0,1.0,102_180_60_1000_0,aux_gap_double,True,1.359319,True,True,,0.349917,1.709236
102,180,60,1000,1,1.0,102_180_60_1000_1,current,True,1.420077,True,True,,0.329833795,1.749910795
102,180,60,1000,1,1.0,102_180_60_1000_1,smoother_11,True,0.610389,True,False,,0.319491795,0.929880795
102,180,60,1000,1,1.0,102_180_60_1000_1,smoother_31,True,1.390413,True,True,,0.359497795,1.749910795
102,180,60,1000,1,1.0,102_180_60_1000_1,accel_gap_half,True,1.420077,True,True,,0.329833795,1.749910795
102,180,60,1000,1,1.0,102_180_60_1000_1,accel_gap_double,True,1.420077,True,True,,0.329833795,1.749910795
102,180,60,1000,1,1.0,102_180_60_1000_1,aux_gap_half,True,1.420077,True,True,,0.329833795,1.749910795
102,180,60,1000,1,1.0,102_180_60_1000_1,aux_gap_double,True,1.420077,True,True,,0.329833795,1.749910795
102,225,60,500,0,0.5,102_225_60_500_0,current,True,1.370346,True,True,,0.319729,1.690075
102,225,60,500,0,0.5,102_225_60_500_0,smoother_11,True,0.9400010000000001,True,False,,0.480524,1.420525
102,225,60,500,0,0.5,102_225_60_500_0,smoother_31,True,1.3111160000000002,True,True,,0.359158,1.670274
102,225,60,500,0,0.5,102_225_60_500_0,accel_gap_half,True,1.370346,True,True,,0.319729,1.690075
102,225,60,500,0,0.5,102_225_60_500_0,accel_gap_double,True,1.370346,True,True,,0.319729,1.690075
102,225,60,500,0,0.5,102_225_60_500_0,aux_gap_half,True,1.370346,True,True,,0.319729,1.690075
102,225,60,500,0,0.5,102_225_60_500_0,aux_gap_double,True,1.370346,True,True,,0.319729,1.690075
102,225,60,500,1,0.5,102_225_60_500_1,current,True,1.3691929999999999,True,True,,0.309995,1.679188
102,225,60,500,1,0.5,102_225_60_500_1,smoother_11,True,0.3906240000000001,False,False,,0.949654,1.340278
102,225,60,500,1,0.5,102_225_60_500_1,smoother_31,True,1.3207149999999999,True,True,,0.329255,1.64997
102,225,60,500,1,0.5,102_225_60_500_1,accel_gap_half,True,1.3691929999999999,True,True,,0.309995,1.679188
102,225,60,500,1,0.5,102_225_60_500_1,accel_gap_double,True,1.3691929999999999,True,True,,0.309995,1.679188
102,225,60,500,1,0.5,102_225_60_500_1,aux_gap_half,True,1.3691929999999999,True,True,,0.309995,1.679188
102,225,60,500,1,0.5,102_225_60_500_1,aux_gap_double,True,1.3691929999999999,True,True,,0.309995,1.679188
102,225,60,1000,0,1.0,102_225_60_1000_0,current,True,1.371046,True,True,,0.329886516,1.700932516
102,225,60,1000,0,1.0,102_225_60_1000_0,smoother_11,True,0.5092490000000001,True,False,,0.309438516,0.818687516
102,225,60,1000,0,1.0,102_225_60_1000_0,smoother_31,True,1.341108,True,True,,0.359824516,1.700932516
102,225,60,1000,0,1.0,102_225_60_1000_0,accel_gap_half,True,1.371046,True,True,,0.329886516,1.700932516
102,225,60,1000,0,1.0,102_225_60_1000_0,accel_gap_double,True,1.371046,True,True,,0.329886516,1.700932516
102,225,60,1000,0,1.0,102_225_60_1000_0,aux_gap_half,True,1.371046,True,True,,0.329886516,1.700932516
102,225,60,1000,0,1.0,102_225_60_1000_0,aux_gap_double,True,1.371046,True,True,,0.329886516,1.700932516
102,225,60,1000,1,1.0,102_225_60_1000_1,current,True,0.8513700000000001,True,False,,0.809244,1.660614
102,225,60,1000,1,1.0,102_225_60_1000_1,smoother_11,True,0.35066400000000003,False,False,,0.269635,0.620299
102,225,60,1000,1,1.0,102_225_60_1000_1,smoother_31,True,1.300047,True,True,,0.340535,1.640582
102,225,60,1000,1,1.0,102_225_60_1000_1,accel_gap_half,True,0.8513700000000001,True,False,,0.809244,1.660614
102,225,60,1000,1,1.0,102_225_60_1000_1,accel_gap_double,True,0.8513700000000001,True,False,,0.809244,1.660614
102,225,60,1000,1,1.0,102_225_60_1000_1,aux_gap_half,True,0.8513700000000001,True,False,,0.809244,1.660614
102,225,60,1000,1,1.0,102_225_60_1000_1,aux_gap_double,True,0.8513700000000001,True,False,,0.809244,1.660614
102,270,60,500,0,0.5,102_270_60_500_0,current,True,1.379737,True,True,,0.289752,1.669489
102,270,60,500,0,0.5,102_270_60_500_0,smoother_11,True,0.580247,True,False,,0.76973,1.349977
102,270,60,500,0,0.5,102_270_60_500_0,smoother_31,True,1.318981,True,True,,0.320629,1.63961
102,270,60,500,0,0.5,102_270_60_500_0,accel_gap_half,True,1.379737,True,True,,0.289752,1.669489
102,270,60,500,0,0.5,102_270_60_500_0,accel_gap_double,True,1.379737,True,True,,0.289752,1.669489
102,270,60,500,0,0.5,102_270_60_500_0,aux_gap_half,True,1.379737,True,True,,0.289752,1.669489
102,270,60,500,0,0.5,102_270_60_500_0,aux_gap_double,True,1.379737,True,True,,0.289752,1.669489
102,270,60,500,1,0.5,102_270_60_500_1,current,True,1.3612929999999999,True,True,,0.309452,1.670745
102,270,60,500,1,0.5,102_270_60_500_1,smoother_11,True,0.5601440000000002,True,False,,1.129803,1.689947
102,270,60,500,1,0.5,102_270_60_500_1,smoother_31,True,1.31033,True,True,,0.338693,1.649023
102,270,60,500,1,0.5,102_270_60_500_1,accel_gap_half,True,1.3612929999999999,True,True,,0.309452,1.670745
102,270,60,500,1,0.5,102_270_60_500_1,accel_gap_double,True,1.3612929999999999,True,True,,0.309452,1.670745
102,270,60,500,1,0.5,102_270_60_500_1,aux_gap_half,True,1.3612929999999999,True,True,,0.309452,1.670745
102,270,60,500,1,0.5,102_270_60_500_1,aux_gap_double,True,1.3612929999999999,True,True,,0.309452,1.670745
102,270,60,1000,0,1.0,102_270_60_1000_0,current,True,1.37917,True,True,,0.300187,1.679357
102,270,60,1000,0,1.0,102_270_60_1000_0,smoother_11,True,0.700691,True,False,,0.999091,1.699782
102,270,60,1000,0,1.0,102_270_60_1000_0,smoother_31,True,1.299731,True,True,,0.340421,1.640152
102,270,60,1000,0,1.0,102_270_60_1000_0,accel_gap_half,True,1.37917,True,True,,0.300187,1.679357
102,270,60,1000,0,1.0,102_270_60_1000_0,accel_gap_double,True,1.37917,True,True,,0.300187,1.679357
102,270,60,1000,0,1.0,102_270_60_1000_0,aux_gap_half,True,1.37917,True,True,,0.300187,1.679357
102,270,60,1000,0,1.0,102_270_60_1000_0,aux_gap_double,True,1.37917,True,True,,0.300187,1.679357
102,270,60,1000,1,1.0,102_270_60_1000_1,current,True,1.0294530000000002,True,True,,0.65057,1.680023
102,270,60,1000,1,1.0,102_270_60_1000_1,smoother_11,True,0.4397859999999999,False,False,,0.690006,1.129792
102,270,60,1000,1,1.0,102_270_60_1000_1,smoother_31,True,1.31915,True,True,,0.330355,1.649505
102,270,60,1000,1,1.0,102_270_60_1000_1,accel_gap_half,True,1.0294530000000002,True,True,,0.65057,1.680023
102,270,60,1000,1,1.0,102_270_60_1000_1,accel_gap_double,True,1.0294530000000002,True,True,,0.65057,1.680023
102,270,60,1000,1,1.0,102_270_60_1000_1,aux_gap_half,True,1.0294530000000002,True,True,,0.65057,1.680023
102,270,60,1000,1,1.0,102_270_60_1000_1,aux_gap_double,True,1.0294530000000002,True,True,,0.65057,1.680023
102,315,60,500,0,0.5,102_315_60_500_0,current,True,1.3587609999999999,True,True,,0.310657854,1.669418854
102,315,60,500,0,0.5,102_315_60_500_0,smoother_11,True,0.4298749999999999,False,False,,0.759454854,1.189329854
102,315,60,500,0,0.5,102_315_60_500_0,smoother_31,True,1.3000829999999999,True,True,,0.340565854,1.640648854
102,315,60,500,0,0.5,102_315_60_500_0,accel_gap_half,True,1.3587609999999999,True,True,,0.310657854,1.669418854
102,315,60,500,0,0.5,102_315_60_500_0,accel_gap_double,True,1.3587609999999999,True,True,,0.310657854,1.669418854
102,315,60,500,0,0.5,102_315_60_500_0,aux_gap_half,True,1.3587609999999999,True,True,,0.310657854,1.669418854
102,315,60,500,0,0.5,102_315_60_500_0,aux_gap_double,True,1.3587609999999999,True,True,,0.310657854,1.669418854
102,315,60,500,1,0.5,102_315_60_500_1,current,True,0.9513809999999999,True,False,,0.309184,1.260565
102,315,60,500,1,0.5,102_315_60_500_1,smoother_11,True,0.620003,True,False,,0.280667,0.90067
102,315,60,500,1,0.5,102_315_60_500_1,smoother_31,True,1.311432,True,True,,0.339043,1.650475
102,315,60,500,1,0.5,102_315_60_500_1,accel_gap_half,True,0.9513809999999999,True,False,,0.309184,1.260565
102,315,60,500,1,0.5,102_315_60_500_1,accel_gap_double,True,0.9513809999999999,True,False,,0.309184,1.260565
102,315,60,500,1,0.5,102_315_60_500_1,aux_gap_half,True,0.9513809999999999,True,False,,0.309184,1.260565
102,315,60,500,1,0.5,102_315_60_500_1,aux_gap_double,True,0.9513809999999999,True,False,,0.309184,1.260565
102,315,60,1000,0,1.0,102_315_60_1000_0,current,True,1.368509,True,True,,0.310824,1.679333
102,315,60,1000,0,1.0,102_315_60_1000_0,smoother_11,True,0.6408210000000001,True,False,,0.87954,1.520361
102,315,60,1000,0,1.0,102_315_60_1000_0,smoother_31,True,1.29884,True,True,,0.340263,1.639103
102,315,60,1000,0,1.0,102_315_60_1000_0,accel_gap_half,True,1.368509,True,True,,0.310824,1.679333
102,315,60,1000,0,1.0,102_315_60_1000_0,accel_gap_double,True,1.368509,True,True,,0.310824,1.679333
102,315,60,1000,0,1.0,102_315_60_1000_0,aux_gap_half,True,1.368509,True,True,,0.310824,1.679333
102,315,60,1000,0,1.0,102_315_60_1000_0,aux_gap_double,True,1.368509,True,True,,0.310824,1.679333
102,315,60,1000,1,1.0,102_315_60_1000_1,current,True,1.3687619999999998,True,True,,0.311052,1.679814
102,315,60,1000,1,1.0,102_315_60_1000_1,smoother_11,True,0.3104720000000001,False,False,,0.950202,1.260674
102,315,60,1000,1,1.0,102_315_60_1000_1,smoother_31,True,1.3081710000000002,True,True,,0.331109,1.63928
102,315,60,1000,1,1.0,102_315_60_1000_1,accel_gap_half,True,1.3687619999999998,True,True,,0.311052,1.679814
102,315,60,1000,1,1.0,102_315_60_1000_1,accel_gap_double,True,1.3687619999999998,True,True,,0.311052,1.679814
102,315,60,1000,1,1.0,102_315_60_1000_1,aux_gap_half,True,1.3687619999999998,True,True,,0.311052,1.679814
102,315,60,1000,1,1.0,102_315_60_1000_1,aux_gap_double,True,1.3687619999999998,True,True,,0.311052,1.679814
103,0,20,500,0,0.5,103_0_20_500_0,current,True,3.920391,True,True,,0.809136,4.729527
103,0,20,500,0,0.5,103_0_20_500_0,smoother_11,True,0.959173,True,False,,1.840063,2.799236
103,0,20,500,0,0.5,103_0_20_500_0,smoother_31,True,4.341594,True,True,,0.348974,4.690568
103,0,20,500,0,0.5,103_0_20_500_0,accel_gap_half,True,3.920391,True,True,,0.809136,4.729527
103,0,20,500,0,0.5,103_0_20_500_0,accel_gap_double,True,3.920391,True,True,,0.809136,4.729527
103,0,20,500,0,0.5,103_0_20_500_0,aux_gap_half,True,3.920391,True,True,,0.809136,4.729527
103,0,20,500,0,0.5,103_0_20_500_0,aux_gap_double,True,3.920391,True,True,,0.809136,4.729527
103,0,20,500,1,0.5,103_0_20_500_1,current,True,3.5112110000000003,True,True,,1.179573401,4.690784401
103,0,20,500,1,0.5,103_0_20_500_1,smoother_11,True,0.49814000000000025,False,False,,2.920782401,3.418922401
103,0,20,500,1,0.5,103_0_20_500_1,smoother_31,True,4.339453,True,True,,0.320274401,4.659727401
103,0,20,500,1,0.5,103_0_20_500_1,accel_gap_half,True,3.5112110000000003,True,True,,1.179573401,4.690784401
103,0,20,500,1,0.5,103_0_20_500_1,accel_gap_double,True,3.5112110000000003,True,True,,1.179573401,4.690784401
103,0,20,500,1,0.5,103_0_20_500_1,aux_gap_half,True,3.5112110000000003,True,True,,1.179573401,4.690784401
103,0,20,500,1,0.5,103_0_20_500_1,aux_gap_double,True,3.5112110000000003,True,True,,1.179573401,4.690784401
103,0,20,1000,0,1.0,103_0_20_1000_0,current,True,3.12937,True,True,,0.300179,3.429549
103,0,20,1000,0,1.0,103_0_20_1000_0,smoother_11,True,1.150557,True,True,,0.269541,1.420098
103,0,20,1000,0,1.0,103_0_20_1000_0,smoother_31,True,4.360501,True,True,,0.32039,4.680891
103,0,20,1000,0,1.0,103_0_20_1000_0,accel_gap_half,True,3.12937,True,True,,0.300179,3.429549
103,0,20,1000,0,1.0,103_0_20_1000_0,accel_gap_double,True,3.12937,True,True,,0.300179,3.429549
103,0,20,1000,0,1.0,103_0_20_1000_0,aux_gap_half,True,3.12937,True,True,,0.300179,3.429549
103,0,20,1000,0,1.0,103_0_20_1000_0,aux_gap_double,True,3.12937,True,True,,0.300179,3.429549
103,0,20,1000,1,1.0,103_0_20_1000_1,current,True,2.600703,True,True,,1.559538,4.160241
103,0,20,1000,1,1.0,103_0_20_1000_1,smoother_11,True,0.5615859999999999,True,False,,1.949155,2.510741
103,0,20,1000,1,1.0,103_0_20_1000_1,smoother_31,True,4.340256,True,True,,0.350325,4.690581
103,0,20,1000,1,1.0,103_0_20_1000_1,accel_gap_half,True,2.600703,True,True,,1.559538,4.160241
103,0,20,1000,1,1.0,103_0_20_1000_1,accel_gap_double,True,2.600703,True,True,,1.559538,4.160241
103,0,20,1000,1,1.0,103_0_20_1000_1,aux_gap_half,True,2.600703,True,True,,1.559538,4.160241
103,0,20,1000,1,1.0,103_0_20_1000_1,aux_gap_double,True,2.600703,True,True,,1.559538,4.160241
103,45,20,500,0,0.5,103_45_20_500_0,current,True,4.3810709999999995,True,True,,0.299939,4.68101
103,45,20,500,0,0.5,103_45_20_500_0,smoother_11,True,0.8698929999999998,True,False,,3.839267,4.70916
103,45,20,500,0,0.5,103_45_20_500_0,smoother_31,True,4.32177,True,True,,0.329007,4.650777
103,45,20,500,0,0.5,103_45_20_500_0,accel_gap_half,True,4.3810709999999995,True,True,,0.299939,4.68101
103,45,20,500,0,0.5,103_45_20_500_0,accel_gap_double,True,4.3810709999999995,True,True,,0.299939,4.68101
103,45,20,500,0,0.5,103_45_20_500_0,aux_gap_half,True,4.3810709999999995,True,True,,0.299939,4.68101
103,45,20,500,0,0.5,103_45_20_500_0,aux_gap_double,True,4.3810709999999995,True,True,,0.299939,4.68101
103,45,20,500,1,0.5,103_45_20_500_1,current,True,4.379963,True,True,,0.300165,4.680128
103,45,20,500,1,0.5,103_45_20_500_1,smoother_11,True,1.120576,True,True,,0.27026,1.390836
103,45,20,500,1,0.5,103_45_20_500_1,smoother_31,True,4.309626,True,True,,0.330558,4.640184
103,45,20,500,1,0.5,103_45_20_500_1,accel_gap_half,True,4.379963,True,True,,0.300165,4.680128
103,45,20,500,1,0.5,103_45_20_500_1,accel_gap_double,True,4.379963,True,True,,0.300165,4.680128
103,45,20,500,1,0.5,103_45_20_500_1,aux_gap_half,True,4.379963,True,True,,0.300165,4.680128
103,45,20,500,1,0.5,103_45_20_500_1,aux_gap_double,True,4.379963,True,True,,0.300165,4.680128
103,45,20,1000,0,1.0,103_45_20_1000_0,current,True,4.381798999999999,True,True,,0.288655109,4.670454109
103,45,20,1000,0,1.0,103_45_20_1000_0,smoother_11,True,1.340541,True,True,,0.260205109,1.600746109
103,45,20,1000,0,1.0,103_45_20_1000_0,smoother_31,True,4.330812,True,True,,0.319125109,4.649937109
103,45,20,1000,0,1.0,103_45_20_1000_0,accel_gap_half,True,4.381798999999999,True,True,,0.288655109,4.670454109
103,45,20,1000,0,1.0,103_45_20_1000_0,accel_gap_double,True,4.381798999999999,True,True,,0.288655109,4.670454109
103,45,20,1000,0,1.0,103_45_20_1000_0,aux_gap_half,True,4.381798999999999,True,True,,0.288655109,4.670454109
103,45,20,1000,0,1.0,103_45_20_1000_0,aux_gap_double,True,4.381798999999999,True,True,,0.288655109,4.670454109
103,45,20,1000,1,1.0,103_45_20_1000_1,current,True,2.3083320000000005,True,True,,2.380723372,4.689055372
103,45,20,1000,1,1.0,103_45_20_1000_1,smoother_11,True,0.719637,True,False,,0.720766372,1.440403372
103,45,20,1000,1,1.0,103_45_20_1000_1,smoother_31,True,4.320454000000001,True,True,,0.340636372,4.661090372
103,45,20,1000,1,1.0,103_45_20_1000_1,accel_gap_half,True,2.3083320000000005,True,True,,2.380723372,4.689055372
103,45,20,1000,1,1.0,103_45_20_1000_1,accel_gap_double,True,2.3083320000000005,True,True,,2.380723372,4.689055372
103,45,20,1000,1,1.0,103_45_20_1000_1,aux_gap_half,True,2.3083320000000005,True,True,,2.380723372,4.689055372
103,45,20,1000,1,1.0,103_45_20_1000_1,aux_gap_double,True,2.3083320000000005,True,True,,2.380723372,4.689055372
103,90,20,500,0,0.5,103_90_20_500_0,current,True,4.409911,True,True,,0.280878163,4.690789163
103,90,20,500,0,0.5,103_90_20_500_0,smoother_11,True,0.9107479999999999,True,False,,3.169581163,4.080329163
103,90,20,500,0,0.5,103_90_20_500_0,smoother_31,True,4.349012,True,True,,0.309713163,4.658725163
103,90,20,500,0,0.5,103_90_20_500_0,accel_gap_half,True,4.409911,True,True,,0.280878163,4.690789163
103,90,20,500,0,0.5,103_90_20_500_0,accel_gap_double,True,4.409911,True,True,,0.280878163,4.690789163
103,90,20,500,0,0.5,103_90_20_500_0,aux_gap_half,True,4.409911,True,True,,0.280878163,4.690789163
103,90,20,500,0,0.5,103_90_20_500_0,aux_gap_double,True,4.409911,True,True,,0.280878163,4.690789163
103,90,20,500,1,0.5,103_90_20_500_1,current,True,4.410881,True,True,,0.279401194,4.690282194
103,90,20,500,1,0.5,103_90_20_500_1,smoother_11,True,1.3205519999999997,True,True,,3.050105194,4.370657194
103,90,20,500,1,0.5,103_90_20_500_1,smoother_31,True,4.341049,True,True,,0.319935194,4.660984194
103,90,20,500,1,0.5,103_90_20_500_1,accel_gap_half,True,4.410881,True,True,,0.279401194,4.690282194
103,90,20,500,1,0.5,103_90_20_500_1,accel_gap_double,True,4.410881,True,True,,0.279401194,4.690282194
103,90,20,500,1,0.5,103_90_20_500_1,aux_gap_half,True,4.410881,True,True,,0.279401194,4.690282194
103,90,20,500,1,0.5,103_90_20_500_1,aux_gap_double,True,4.410881,True,True,,0.279401194,4.690282194
103,90,20,1000,0,1.0,103_90_20_1000_0,current,True,2.870849,True,True,,0.279841045,3.150690045
103,90,20,1000,0,1.0,103_90_20_1000_0,smoother_11,True,0.819706,True,False,,1.059941045,1.879647045
103,90,20,1000,0,1.0,103_90_20_1000_0,smoother_31,True,4.341094,True,True,,0.309119045,4.650213045
103,90,20,1000,0,1.0,103_90_20_1000_0,accel_gap_half,True,2.870849,True,True,,0.279841045,3.150690045
103,90,20,1000,0,1.0,103_90_20_1000_0,accel_gap_double,True,2.870849,True,True,,0.279841045,3.150690045
103,90,20,1000,0,1.0,103_90_20_1000_0,aux_gap_half,True,2.870849,True,True,,0.279841045,3.150690045
103,90,20,1000,0,1.0,103_90_20_1000_0,aux_gap_double,True,2.870849,True,True,,0.279841045,3.150690045
103,90,20,1000,1,1.0,103_90_20_1000_1,current,True,4.150399,True,True,,0.299250423,4.449649423
103,90,20,1000,1,1.0,103_90_20_1000_1,smoother_11,True,0.990367,True,False,,0.590597423,1.580964423
103,90,20,1000,1,1.0,103_90_20_1000_1,smoother_31,True,4.358553,True,True,,0.320898423,4.679451423
103,90,20,1000,1,1.0,103_90_20_1000_1,accel_gap_half,True,4.150399,True,True,,0.299250423,4.449649423
103,90,20,1000,1,1.0,103_90_20_1000_1,accel_gap_double,True,4.150399,True,True,,0.299250423,4.449649423
103,90,20,1000,1,1.0,103_90_20_1000_1,aux_gap_half,True,4.150399,True,True,,0.299250423,4.449649423
103,90,20,1000,1,1.0,103_90_20_1000_1,aux_gap_double,True,4.150399,True,True,,0.299250423,4.449649423
103,135,20,500,0,0.5,103_135_20_500_0,current,True,4.3679440000000005,True,True,,0.31104006,4.67898406
103,135,20,500,0,0.5,103_135_20_500_0,smoother_11,True,0.870066,True,False,,0.27891006,1.14897606
103,135,20,500,0,0.5,103_135_20_500_0,smoother_31,True,4.318869,True,True,,0.34079806,4.65966706
103,135,20,500,0,0.5,103_135_20_500_0,accel_gap_half,True,4.3679440000000005,True,True,,0.31104006,4.67898406
103,135,20,500,0,0.5,103_135_20_500_0,accel_gap_double,True,4.3679440000000005,True,True,,0.31104006,4.67898406
103,135,20,500,0,0.5,103_135_20_500_0,aux_gap_half,True,4.3679440000000005,True,True,,0.31104006,4.67898406
103,135,20,500,0,0.5,103_135_20_500_0,aux_gap_double,True,4.3679440000000005,True,True,,0.31104006,4.67898406
103,135,20,500,1,0.5,103_135_20_500_1,current,True,4.3804229999999995,True,True,,0.299146,4.679569
103,135,20,500,1,0.5,103_135_20_500_1,smoother_11,True,1.0897489999999999,True,True,,3.041243,4.130992
103,135,20,500,1,0.5,103_135_20_500_1,smoother_31,True,4.321312,True,True,,0.329937,4.651249
103,135,20,500,1,0.5,103_135_20_500_1,accel_gap_half,True,4.3804229999999995,True,True,,0.299146,4.679569
103,135,20,500,1,0.5,103_135_20_500_1,accel_gap_double,True,4.3804229999999995,True,True,,0.299146,4.679569
103,135,20,500,1,0.5,103_135_20_500_1,aux_gap_half,True,4.3804229999999995,True,True,,0.299146,4.679569
103,135,20,500,1,0.5,103_135_20_500_1,aux_gap_double,True,4.3804229999999995,True,True,,0.299146,4.679569
103,135,20,1000,0,1.0,103_135_20_1000_0,current,True,4.381643,True,True,,0.298890673,4.680533673
103,135,20,1000,0,1.0,103_135_20_1000_0,smoother_11,True,0.9396430000000002,True,False,,3.340479673,4.280122673
103,135,20,1000,0,1.0,103_135_20_1000_0,smoother_31,True,4.329949,True,True,,0.328991673,4.658940673
103,135,20,1000,0,1.0,103_135_20_1000_0,accel_gap_half,True,4.381643,True,True,,0.298890673,4.680533673
103,135,20,1000,0,1.0,103_135_20_1000_0,accel_gap_double,True,4.381643,True,True,,0.298890673,4.680533673
103,135,20,1000,0,1.0,103_135_20_1000_0,aux_gap_half,True,4.381643,True,True,,0.298890673,4.680533673
103,135,20,1000,0,1.0,103_135_20_1000_0,aux_gap_double,True,4.381643,True,True,,0.298890673,4.680533673
103,135,20,1000,1,1.0,103_135_20_1000_1,current,True,4.391414999999999,True,True,,0.299673,4.691088
103,135,20,1000,1,1.0,103_135_20_1000_1,smoother_11,True,1.39887,True,True,,0.620534,2.019404
103,135,20,1000,1,1.0,103_135_20_1000_1,smoother_31,True,4.320652,True,True,,0.330108,4.65076
103,135,20,1000,1,1.0,103_135_20_1000_1,accel_gap_half,True,4.391414999999999,True,True,,0.299673,4.691088
103,135,20,1000,1,1.0,103_135_20_1000_1,accel_gap_double,True,4.391414999999999,True,True,,0.299673,4.691088
103,135,20,1000,1,1.0,103_135_20_1000_1,aux_gap_half,True,4.391414999999999,True,True,,0.299673,4.691088
103,135,20,1000,1,1.0,103_135_20_1000_1,aux_gap_double,True,4.391414999999999,True,True,,0.299673,4.691088
103,180,20,500,0,0.5,103_180_20_500_0,current,True,4.408969,True,True,,0.31987,4.728839
103,180,20,500,0,0.5,103_180_20_500_0,smoother_11,True,0.8693110000000002,True,False,,2.340404,3.209715
103,180,20,500,0,0.5,103_180_20_500_0,smoother_31,True,4.350122000000001,True,True,,0.349968,4.70009
103,180,20,500,0,0.5,103_180_20_500_0,accel_gap_half,True,4.408969,True,True,,0.31987,4.728839
103,180,20,500,0,0.5,103_180_20_500_0,accel_gap_double,True,4.408969,True,True,,0.31987,4.728839
103,180,20,500,0,0.5,103_180_20_500_0,aux_gap_half,True,4.408969,True,True,,0.31987,4.728839
103,180,20,500,0,0.5,103_180_20_500_0,aux_gap_double,True,4.408969,True,True,,0.31987,4.728839
103,180,20,500,1,0.5,103_180_20_500_1,current,True,3.4419439999999994,True,True,,1.288985,4.730929
103,180,20,500,1,0.5,103_180_20_500_1,smoother_11,True,0.7999290000000001,True,False,,2.279925,3.079854
103,180,20,500,1,0.5,103_180_20_500_1,smoother_31,True,4.338828,True,True,,0.350808,4.689636
103,180,20,500,1,0.5,103_180_20_500_1,accel_gap_half,True,3.4419439999999994,True,True,,1.288985,4.730929
103,180,20,500,1,0.5,103_180_20_500_1,accel_gap_double,True,3.4419439999999994,True,True,,1.288985,4.730929
103,180,20,500,1,0.5,103_180_20_500_1,aux_gap_half,True,3.4419439999999994,True,True,,1.288985,4.730929
103,180,20,500,1,0.5,103_180_20_500_1,aux_gap_double,True,3.4419439999999994,True,True,,1.288985,4.730929
103,180,20,1000,0,1.0,103_180_20_1000_0,current,True,4.080401,True,True,,0.650272016,4.730673016
103,180,20,1000,0,1.0,103_180_20_1000_0,smoother_11,True,0.840009,True,False,,0.660703016,1.500712016
103,180,20,1000,0,1.0,103_180_20_1000_0,smoother_31,True,4.361071,True,True,,0.339332016,4.700403016
103,180,20,1000,0,1.0,103_180_20_1000_0,accel_gap_half,True,4.080401,True,True,,0.650272016,4.730673016
103,180,20,1000,0,1.0,103_180_20_1000_0,accel_gap_double,True,4.080401,True,True,,0.650272016,4.730673016
103,180,20,1000,0,1.0,103_180_20_1000_0,aux_gap_half,True,4.080401,True,True,,0.650272016,4.730673016
103,180,20,1000,0,1.0,103_180_20_1000_0,aux_gap_double,True,4.080401,True,True,,0.650272016,4.730673016
103,180,20,1000,1,1.0,103_180_20_1000_1,current,True,3.6890160000000005,True,True,,0.320652964,4.009668964
103,180,20,1000,1,1.0,103_180_20_1000_1,smoother_11,True,0.48935800000000007,False,False,,0.690358964,1.179716964
103,180,20,1000,1,1.0,103_180_20_1000_1,smoother_31,True,4.3584950000000005,True,True,,0.350630964,4.709125964
103,180,20,1000,1,1.0,103_180_20_1000_1,accel_gap_half,True,3.6890160000000005,True,True,,0.320652964,4.009668964
103,180,20,1000,1,1.0,103_180_20_1000_1,accel_gap_double,True,3.6890160000000005,True,True,,0.320652964,4.009668964
103,180,20,1000,1,1.0,103_180_20_1000_1,aux_gap_half,True,3.6890160000000005,True,True,,0.320652964,4.009668964
103,180,20,1000,1,1.0,103_180_20_1000_1,aux_gap_double,True,3.6890160000000005,True,True,,0.320652964,4.009668964
103,225,20,500,0,0.5,103_225_20_500_0,current,True,2.340649,True,True,,2.329174,4.669823
103,225,20,500,0,0.5,103_225_20_500_0,smoother_11,True,0.780185,True,False,,0.829641,1.609826
103,225,20,500,0,0.5,103_225_20_500_0,smoother_31,True,4.320875,True,True,,0.320171,4.641046
103,225,20,500,0,0.5,103_225_20_500_0,accel_gap_half,True,2.340649,True,True,,2.329174,4.669823
103,225,20,500,0,0.5,103_225_20_500_0,accel_gap_double,True,2.340649,True,True,,2.329174,4.669823
103,225,20,500,0,0.5,103_225_20_500_0,aux_gap_half,True,2.340649,True,True,,2.329174,4.669823
103,225,20,500,0,0.5,103_225_20_500_0,aux_gap_double,True,2.340649,True,True,,2.329174,4.669823
103,225,20,500,1,0.5,103_225_20_500_1,current,True,4.39006,True,True,,0.269953,4.660013
103,225,20,500,1,0.5,103_225_20_500_1,smoother_11,True,1.07843,True,True,,0.430685,1.509115
103,225,20,500,1,0.5,103_225_20_500_1,smoother_31,True,4.318927,True,True,,0.310567,4.629494
103,225,20,500,1,0.5,103_225_20_500_1,accel_gap_half,True,4.39006,True,True,,0.269953,4.660013
103,225,20,500,1,0.5,103_225_20_500_1,accel_gap_double,True,4.39006,True,True,,0.269953,4.660013
103,225,20,500,1,0.5,103_225_20_500_1,aux_gap_half,True,4.39006,True,True,,0.269953,4.660013
103,225,20,500,1,0.5,103_225_20_500_1,aux_gap_double,True,4.39006,True,True,,0.269953,4.660013
103,225,20,1000,0,1.0,103_225_20_1000_0,current,True,4.3898,True,True,,0.300803,4.690603
103,225,20,1000,0,1.0,103_225_20_1000_0,smoother_11,True,2.361907,True,True,,1.838949,4.200856
103,225,20,1000,0,1.0,103_225_20_1000_0,smoother_31,True,4.34031,True,True,,0.319076,4.659386
103,225,20,1000,0,1.0,103_225_20_1000_0,accel_gap_half,True,4.3898,True,True,,0.300803,4.690603
103,225,20,1000,0,1.0,103_225_20_1000_0,accel_gap_double,True,4.3898,True,True,,0.300803,4.690603
103,225,20,1000,0,1.0,103_225_20_1000_0,aux_gap_half,True,4.3898,True,True,,0.300803,4.690603
103,225,20,1000,0,1.0,103_225_20_1000_0,aux_gap_double,True,4.3898,True,True,,0.300803,4.690603
103,225,20,1000,1,1.0,103_225_20_1000_1,current,True,2.280011,True,True,,0.289138,2.569149
103,225,20,1000,1,1.0,103_225_20_1000_1,smoother_11,True,0.9308260000000002,True,False,,3.56913,4.499956
103,225,20,1000,1,1.0,103_225_20_1000_1,smoother_31,True,4.309559,True,True,,0.31984,4.629399
103,225,20,1000,1,1.0,103_225_20_1000_1,accel_gap_half,True,2.280011,True,True,,0.289138,2.569149
103,225,20,1000,1,1.0,103_225_20_1000_1,accel_gap_double,True,2.280011,True,True,,0.289138,2.569149
103,225,20,1000,1,1.0,103_225_20_1000_1,aux_gap_half,True,2.280011,True,True,,0.289138,2.569149
103,225,20,1000,1,1.0,103_225_20_1000_1,aux_gap_double,True,2.280011,True,True,,0.289138,2.569149
103,270,20,500,0,0.5,103_270_20_500_0,current,True,4.029133,True,True,,0.300219,4.329352
103,270,20,500,0,0.5,103_270_20_500_0,smoother_11,True,0.8101250000000002,True,False,,2.349669,3.159794
103,270,20,500,0,0.5,103_270_20_500_0,smoother_31,True,4.359705,True,True,,0.329882,4.689587
103,270,20,500,0,0.5,103_270_20_500_0,accel_gap_half,True,4.029133,True,True,,0.300219,4.329352
103,270,20,500,0,0.5,103_270_20_500_0,accel_gap_double,True,4.029133,True,True,,0.300219,4.329352
103,270,20,500,0,0.5,103_270_20_500_0,aux_gap_half,True,4.029133,True,True,,0.300219,4.329352
103,270,20,500,0,0.5,103_270_20_500_0,aux_gap_double,True,4.029133,True,True,,0.300219,4.329352
103,270,20,500,1,0.5,103_270_20_500_1,current,True,1.7402330000000001,True,True,,1.360838075,3.101071075
103,270,20,500,1,0.5,103_270_20_500_1,smoother_11,True,0.9497199999999997,True,False,,2.099839075,3.049559075
103,270,20,500,1,0.5,103_270_20_500_1,smoother_31,True,4.349702000000001,True,True,,0.350368075,4.700070075
103,270,20,500,1,0.5,103_270_20_500_1,accel_gap_half,True,1.7402330000000001,True,True,,1.360838075,3.101071075
103,270,20,500,1,0.5,103_270_20_500_1,accel_gap_double,True,1.7402330000000001,True,True,,1.360838075,3.101071075
103,270,20,500,1,0.5,103_270_20_500_1,aux_gap_half,True,1.7402330000000001,True,True,,1.360838075,3.101071075
103,270,20,500,1,0.5,103_270_20_500_1,aux_gap_double,True,1.7402330000000001,True,True,,1.360838075,3.101071075
103,270,20,1000,0,1.0,103_270_20_1000_0,current,True,1.6603340000000002,True,True,,0.719889722,2.380223722
103,270,20,1000,0,1.0,103_270_20_1000_0,smoother_11,True,0.9683090000000001,True,False,,0.760737722,1.729046722
103,270,20,1000,0,1.0,103_270_20_1000_0,smoother_31,True,4.351088,True,True,,0.350039722,4.701127722
103,270,20,1000,0,1.0,103_270_20_1000_0,accel_gap_half,True,1.6603340000000002,True,True,,0.719889722,2.380223722
103,270,20,1000,0,1.0,103_270_20_1000_0,accel_gap_double,True,1.6603340000000002,True,True,,0.719889722,2.380223722
103,270,20,1000,0,1.0,103_270_20_1000_0,aux_gap_half,True,1.6603340000000002,True,True,,0.719889722,2.380223722
103,270,20,1000,0,1.0,103_270_20_1000_0,aux_gap_double,True,1.6603340000000002,True,True,,0.719889722,2.380223722
103,270,20,1000,1,1.0,103_270_20_1000_1,current,True,3.049795,True,True,,0.280544,3.330339
103,270,20,1000,1,1.0,103_270_20_1000_1,smoother_11,True,0.8108519999999997,True,False,,3.399947,4.210799
103,270,20,1000,1,1.0,103_270_20_1000_1,smoother_31,True,4.3393809999999995,True,True,,0.320838,4.660219
103,270,20,1000,1,1.0,103_270_20_1000_1,accel_gap_half,True,3.049795,True,True,,0.280544,3.330339
103,270,20,1000,1,1.0,103_270_20_1000_1,accel_gap_double,True,3.049795,True,True,,0.280544,3.330339
103,270,20,1000,1,1.0,103_270_20_1000_1,aux_gap_half,True,3.049795,True,True,,0.280544,3.330339
103,270,20,1000,1,1.0,103_270_20_1000_1,aux_gap_double,True,3.049795,True,True,,0.280544,3.330339
103,315,20,500,0,0.5,103_315_20_500_0,current,True,2.9102960000000007,True,True,,1.768743,4.679039
103,315,20,500,0,0.5,103_315_20_500_0,smoother_11,True,1.179538,True,True,,0.401249,1.580787
103,315,20,500,0,0.5,103_315_20_500_0,smoother_31,True,4.32006,True,True,,0.33066,4.65072
103,315,20,500,0,0.5,103_315_20_500_0,accel_gap_half,True,2.9102960000000007,True,True,,1.768743,4.679039
103,315,20,500,0,0.5,103_315_20_500_0,accel_gap_double,True,2.9102960000000007,True,True,,1.768743,4.679039
103,315,20,500,0,0.5,103_315_20_500_0,aux_gap_half,True,2.9102960000000007,True,True,,1.768743,4.679039
103,315,20,500,0,0.5,103_315_20_500_0,aux_gap_double,True,2.9102960000000007,True,True,,1.768743,4.679039
103,315,20,500,1,0.5,103_315_20_500_1,current,True,4.38969,True,True,,0.290746361,4.680436361
103,315,20,500,1,0.5,103_315_20_500_1,smoother_11,True,1.1896259999999996,True,True,,3.229618361,4.419244361
103,315,20,500,1,0.5,103_315_20_500_1,smoother_31,True,4.318344,True,True,,0.331050361,4.649394361
103,315,20,500,1,0.5,103_315_20_500_1,accel_gap_half,True,4.38969,True,True,,0.290746361,4.680436361
103,315,20,500,1,0.5,103_315_20_500_1,accel_gap_double,True,4.38969,True,True,,0.290746361,4.680436361
103,315,20,500,1,0.5,103_315_20_500_1,aux_gap_half,True,4.38969,True,True,,0.290746361,4.680436361
103,315,20,500,1,0.5,103_315_20_500_1,aux_gap_double,True,4.38969,True,True,,0.290746361,4.680436361
103,315,20,1000,0,1.0,103_315_20_1000_0,current,True,4.379163999999999,True,True,,0.300615171,4.679779171
103,315,20,1000,0,1.0,103_315_20_1000_0,smoother_11,True,1.349042,True,True,,0.410555171,1.759597171
103,315,20,1000,0,1.0,103_315_20_1000_0,smoother_31,True,4.308426,True,True,,0.340697171,4.649123171
103,315,20,1000,0,1.0,103_315_20_1000_0,accel_gap_half,True,4.379163999999999,True,True,,0.300615171,4.679779171
103,315,20,1000,0,1.0,103_315_20_1000_0,accel_gap_double,True,4.379163999999999,True,True,,0.300615171,4.679779171
103,315,20,1000,0,1.0,103_315_20_1000_0,aux_gap_half,True,4.379163999999999,True,True,,0.300615171,4.679779171
103,315,20,1000,0,1.0,103_315_20_1000_0,aux_gap_double,True,4.379163999999999,True,True,,0.300615171,4.679779171
103,315,20,1000,1,1.0,103_315_20_1000_1,current,True,3.5099180000000003,True,True,,1.159766077,4.669684077
103,315,20,1000,1,1.0,103_315_20_1000_1,smoother_11,True,1.269867,True,True,,2.569357077,3.839224077
103,315,20,1000,1,1.0,103_315_20_1000_1,smoother_31,True,4.307433,True,True,,0.330980077,4.638413077
103,315,20,1000,1,1.0,103_315_20_1000_1,accel_gap_half,True,3.5099180000000003,True,True,,1.159766077,4.669684077
103,315,20,1000,1,1.0,103_315_20_1000_1,accel_gap_double,True,3.5099180000000003,True,True,,1.159766077,4.669684077
103,315,20,1000,1,1.0,103_315_20_1000_1,aux_gap_half,True,3.5099180000000003,True,True,,1.159766077,4.669684077
103,315,20,1000,1,1.0,103_315_20_1000_1,aux_gap_double,True,3.5099180000000003,True,True,,1.159766077,4.669684077
103,0,40,500,0,0.5,103_0_40_500_0,current,True,2.130629,True,True,,0.339914629,2.470543629
103,0,40,500,0,0.5,103_0_40_500_0,smoother_11,True,0.7906859999999998,True,False,,1.669649629,2.460335629
103,0,40,500,0,0.5,103_0_40_500_0,smoother_31,True,2.1602979999999996,True,True,,0.369768629,2.530066629
103,0,40,500,0,0.5,103_0_40_500_0,accel_gap_half,True,2.130629,True,True,,0.339914629,2.470543629
103,0,40,500,0,0.5,103_0_40_500_0,accel_gap_double,True,2.130629,True,True,,0.339914629,2.470543629
103,0,40,500,0,0.5,103_0_40_500_0,aux_gap_half,True,2.130629,True,True,,0.339914629,2.470543629
103,0,40,500,0,0.5,103_0_40_500_0,aux_gap_double,True,2.130629,True,True,,0.339914629,2.470543629
103,0,40,500,1,0.5,103_0_40_500_1,current,True,1.448874,True,True,,1.010264678,2.459138678
103,0,40,500,1,0.5,103_0_40_500_1,smoother_11,True,0.628274,True,False,,0.310809678,0.939083678
103,0,40,500,1,0.5,103_0_40_500_1,smoother_31,True,2.0603759999999998,True,True,,0.370006678,2.430382678
103,0,40,500,1,0.5,103_0_40_500_1,accel_gap_half,True,1.448874,True,True,,1.010264678,2.459138678
103,0,40,500,1,0.5,103_0_40_500_1,accel_gap_double,True,1.448874,True,True,,1.010264678,2.459138678
103,0,40,500,1,0.5,103_0_40_500_1,aux_gap_half,True,1.448874,True,True,,1.010264678,2.459138678
103,0,40,500,1,0.5,103_0_40_500_1,aux_gap_double,True,1.448874,True,True,,1.010264678,2.459138678
103,0,40,1000,0,1.0,103_0_40_1000_0,current,True,2.16915,True,True,,0.329569,2.498719
103,0,40,1000,0,1.0,103_0_40_1000_0,smoother_11,True,1.2106270000000001,True,True,,0.95009,2.160717
103,0,40,1000,0,1.0,103_0_40_1000_0,smoother_31,True,2.1699319999999997,True,True,,0.379337,2.549269
103,0,40,1000,0,1.0,103_0_40_1000_0,accel_gap_half,True,2.16915,True,True,,0.329569,2.498719
103,0,40,1000,0,1.0,103_0_40_1000_0,accel_gap_double,True,2.16915,True,True,,0.329569,2.498719
103,0,40,1000,0,1.0,103_0_40_1000_0,aux_gap_half,True,2.16915,True,True,,0.329569,2.498719
103,0,40,1000,0,1.0,103_0_40_1000_0,aux_gap_double,True,2.16915,True,True,,0.329569,2.498719
103,0,40,1000,1,1.0,103_0_40_1000_1,current,True,2.149231,True,True,,0.330439389,2.479670389
103,0,40,1000,1,1.0,103_0_40_1000_1,smoother_11,True,0.640128,True,False,,0.300046389,0.940174389
103,0,40,1000,1,1.0,103_0_40_1000_1,smoother_31,True,2.129898,True,True,,0.359443389,2.489341389
103,0,40,1000,1,1.0,103_0_40_1000_1,accel_gap_half,True,2.149231,True,True,,0.330439389,2.479670389
103,0,40,1000,1,1.0,103_0_40_1000_1,accel_gap_double,True,2.149231,True,True,,0.330439389,2.479670389
103,0,40,1000,1,1.0,103_0_40_1000_1,aux_gap_half,True,2.149231,True,True,,0.330439389,2.479670389
103,0,40,1000,1,1.0,103_0_40_1000_1,aux_gap_double,True,2.149231,True,True,,0.330439389,2.479670389
103,45,40,500,0,0.5,103_45_40_500_0,current,True,2.1286430000000003,True,True,,0.290888354,2.419531354
103,45,40,500,0,0.5,103_45_40_500_0,smoother_11,True,0.4500780000000002,False,False,,1.149946354,1.600024354
103,45,40,500,0,0.5,103_45_40_500_0,smoother_31,True,2.0692809999999997,True,True,,0.320002354,2.389283354
103,45,40,500,0,0.5,103_45_40_500_0,accel_gap_half,True,2.1286430000000003,True,True,,0.290888354,2.419531354
103,45,40,500,0,0.5,103_45_40_500_0,accel_gap_double,True,2.1286430000000003,True,True,,0.290888354,2.419531354
103,45,40,500,0,0.5,103_45_40_500_0,aux_gap_half,True,2.1286430000000003,True,True,,0.290888354,2.419531354
103,45,40,500,0,0.5,103_45_40_500_0,aux_gap_double,True,2.1286430000000003,True,True,,0.290888354,2.419531354
103,45,40,500,1,0.5,103_45_40_500_1,current,True,2.131657,True,True,,0.288992,2.420649
103,45,40,500,1,0.5,103_45_40_500_1,smoother_11,True,0.45216900000000004,False,False,,1.149023,1.601192
103,45,40,500,1,0.5,103_45_40_500_1,smoother_31,True,2.058497,True,True,,0.330369,2.388866
103,45,40,500,1,0.5,103_45_40_500_1,accel_gap_half,True,2.131657,True,True,,0.288992,2.420649
103,45,40,500,1,0.5,103_45_40_500_1,accel_gap_double,True,2.131657,True,True,,0.288992,2.420649
103,45,40,500,1,0.5,103_45_40_500_1,aux_gap_half,True,2.131657,True,True,,0.288992,2.420649
103,45,40,500,1,0.5,103_45_40_500_1,aux_gap_double,True,2.131657,True,True,,0.288992,2.420649
103,45,40,1000,0,1.0,103_45_40_1000_0,current,True,2.119252,True,True,,0.31067372,2.42992572
103,45,40,1000,0,1.0,103_45_40_1000_0,smoother_11,True,1.32983,True,True,,0.27087672,1.60070672
103,45,40,1000,0,1.0,103_45_40_1000_0,smoother_31,True,2.060195,True,True,,0.33914272,2.39933772
103,45,40,1000,0,1.0,103_45_40_1000_0,accel_gap_half,True,2.119252,True,True,,0.31067372,2.42992572
103,45,40,1000,0,1.0,103_45_40_1000_0,accel_gap_double,True,2.119252,True,True,,0.31067372,2.42992572
103,45,40,1000,0,1.0,103_45_40_1000_0,aux_gap_half,True,2.119252,True,True,,0.31067372,2.42992572
103,45,40,1000,0,1.0,103_45_40_1000_0,aux_gap_double,True,2.119252,True,True,,0.31067372,2.42992572
103,45,40,1000,1,1.0,103_45_40_1000_1,current,True,1.2898129999999999,True,True,,1.120596562,2.410409562
103,45,40,1000,1,1.0,103_45_40_1000_1,smoother_11,True,0.8284979999999997,True,False,,1.621186562,2.449684562
103,45,40,1000,1,1.0,103_45_40_1000_1,smoother_31,True,2.060199,True,True,,0.319673562,2.379872562
103,45,40,1000,1,1.0,103_45_40_1000_1,accel_gap_half,True,1.2898129999999999,True,True,,1.120596562,2.410409562
103,45,40,1000,1,1.0,103_45_40_1000_1,accel_gap_double,True,1.2898129999999999,True,True,,1.120596562,2.410409562
103,45,40,1000,1,1.0,103_45_40_1000_1,aux_gap_half,True,1.2898129999999999,True,True,,1.120596562,2.410409562
103,45,40,1000,1,1.0,103_45_40_1000_1,aux_gap_double,True,1.2898129999999999,True,True,,1.120596562,2.410409562
103,90,40,500,0,0.5,103_90_40_500_0,current,True,1.861144,True,True,,0.309218,2.170362
103,90,40,500,0,0.5,103_90_40_500_0,smoother_11,True,0.489676,False,False,,1.240827,1.730503
103,90,40,500,0,0.5,103_90_40_500_0,smoother_31,True,2.0591369999999998,True,True,,0.340574,2.399711
103,90,40,500,0,0.5,103_90_40_500_0,accel_gap_half,True,1.861144,True,True,,0.309218,2.170362
103,90,40,500,0,0.5,103_90_40_500_0,accel_gap_double,True,1.861144,True,True,,0.309218,2.170362
103,90,40,500,0,0.5,103_90_40_500_0,aux_gap_half,True,1.861144,True,True,,0.309218,2.170362
103,90,40,500,0,0.5,103_90_40_500_0,aux_gap_double,True,1.861144,True,True,,0.309218,2.170362
103,90,40,500,1,0.5,103_90_40_500_1,current,True,2.130165,True,True,,0.30033397,2.43049897
103,90,40,500,1,0.5,103_90_40_500_1,smoother_11,True,0.5199959999999999,True,False,,1.93984397,2.45983997
103,90,40,500,1,0.5,103_90_40_500_1,smoother_31,True,2.068527,True,True,,0.33044297,2.39896997
103,90,40,500,1,0.5,103_90_40_500_1,accel_gap_half,True,2.130165,True,True,,0.30033397,2.43049897
103,90,40,500,1,0.5,103_90_40_500_1,accel_gap_double,True,2.130165,True,True,,0.30033397,2.43049897
103,90,40,500,1,0.5,103_90_40_500_1,aux_gap_half,True,2.130165,True,True,,0.30033397,2.43049897
103,90,40,500,1,0.5,103_90_40_500_1,aux_gap_double,True,2.130165,True,True,,0.30033397,2.43049897
103,90,40,1000,0,1.0,103_90_40_1000_0,current,True,1.9990720000000002,True,True,,0.310554,2.309626
103,90,40,1000,0,1.0,103_90_40_1000_0,smoother_11,True,1.0197429999999998,True,True,,1.009291,2.029034
103,90,40,1000,0,1.0,103_90_40_1000_0,smoother_31,True,2.180148,True,True,,0.34036,2.520508
103,90,40,1000,0,1.0,103_90_40_1000_0,accel_gap_half,True,1.9990720000000002,True,True,,0.310554,2.309626
103,90,40,1000,0,1.0,103_90_40_1000_0,accel_gap_double,True,1.9990720000000002,True,True,,0.310554,2.309626
103,90,40,1000,0,1.0,103_90_40_1000_0,aux_gap_half,True,1.9990720000000002,True,True,,0.310554,2.309626
103,90,40,1000,0,1.0,103_90_40_1000_0,aux_gap_double,True,1.9990720000000002,True,True,,0.310554,2.309626
103,90,40,1000,1,1.0,103_90_40_1000_1,current,True,2.1307810000000003,True,True,,0.310273321,2.441054321
103,90,40,1000,1,1.0,103_90_40_1000_1,smoother_11,True,0.7599940000000001,True,False,,1.059820321,1.819814321
103,90,40,1000,1,1.0,103_90_40_1000_1,smoother_31,True,2.068701,True,True,,0.341187321,2.409888321
103,90,40,1000,1,1.0,103_90_40_1000_1,accel_gap_half,True,2.1307810000000003,True,True,,0.310273321,2.441054321
103,90,40,1000,1,1.0,103_90_40_1000_1,accel_gap_double,True,2.1307810000000003,True,True,,0.310273321,2.441054321
103,90,40,1000,1,1.0,103_90_40_1000_1,aux_gap_half,True,2.1307810000000003,True,True,,0.310273321,2.441054321
103,90,40,1000,1,1.0,103_90_40_1000_1,aux_gap_double,True,2.1307810000000003,True,True,,0.310273321,2.441054321
103,135,40,500,0,0.5,103_135_40_500_0,current,True,2.120195,True,True,,0.319896876,2.440091876
103,135,40,500,0,0.5,103_135_40_500_0,smoother_11,True,0.560691,True,False,,0.288895876,0.849586876
103,135,40,500,0,0.5,103_135_40_500_0,smoother_31,True,2.0694179999999998,True,True,,0.340561876,2.409979876
103,135,40,500,0,0.5,103_135_40_500_0,accel_gap_half,True,2.120195,True,True,,0.319896876,2.440091876
103,135,40,500,0,0.5,103_135_40_500_0,accel_gap_double,True,2.120195,True,True,,0.319896876,2.440091876
103,135,40,500,0,0.5,103_135_40_500_0,aux_gap_half,True,2.120195,True,True,,0.319896876,2.440091876
103,135,40,500,0,0.5,103_135_40_500_0,aux_gap_double,True,2.120195,True,True,,0.319896876,2.440091876
103,135,40,500,1,0.5,103_135_40_500_1,current,True,2.130213,True,True,,0.31879,2.449003
103,135,40,500,1,0.5,103_135_40_500_1,smoother_11,True,0.9905360000000001,True,False,,1.480073,2.470609
103,135,40,500,1,0.5,103_135_40_500_1,smoother_31,True,2.068232,True,True,,0.351272,2.419504
103,135,40,500,1,0.5,103_135_40_500_1,accel_gap_half,True,2.130213,True,True,,0.31879,2.449003
103,135,40,500,1,0.5,103_135_40_500_1,accel_gap_double,True,2.130213,True,True,,0.31879,2.449003
103,135,40,500,1,0.5,103_135_40_500_1,aux_gap_half,True,2.130213,True,True,,0.31879,2.449003
103,135,40,500,1,0.5,103_135_40_500_1,aux_gap_double,True,2.130213,True,True,,0.31879,2.449003
103,135,40,1000,0,1.0,103_135_40_1000_0,current,True,2.110503,True,True,,0.289946,2.400449
103,135,40,1000,0,1.0,103_135_40_1000_0,smoother_11,True,1.0694480000000002,True,True,,1.360272,2.42972
103,135,40,1000,0,1.0,103_135_40_1000_0,smoother_31,True,2.051083,True,True,,0.319657,2.37074
103,135,40,1000,0,1.0,103_135_40_1000_0,accel_gap_half,True,2.110503,True,True,,0.289946,2.400449
103,135,40,1000,0,1.0,103_135_40_1000_0,accel_gap_double,True,2.110503,True,True,,0.289946,2.400449
103,135,40,1000,0,1.0,103_135_40_1000_0,aux_gap_half,True,2.110503,True,True,,0.289946,2.400449
103,135,40,1000,0,1.0,103_135_40_1000_0,aux_gap_double,True,2.110503,True,True,,0.289946,2.400449
103,135,40,1000,1,1.0,103_135_40_1000_1,current,True,2.1094670000000004,True,True,,0.309820864,2.419287864
103,135,40,1000,1,1.0,103_135_40_1000_1,smoother_11,True,0.5097579999999999,True,False,,0.279730864,0.789488864
103,135,40,1000,1,1.0,103_135_40_1000_1,smoother_31,True,2.060253,True,True,,0.330009864,2.390262864
103,135,40,1000,1,1.0,103_135_40_1000_1,accel_gap_half,True,2.1094670000000004,True,True,,0.309820864,2.419287864
103,135,40,1000,1,1.0,103_135_40_1000_1,accel_gap_double,True,2.1094670000000004,True,True,,0.309820864,2.419287864
103,135,40,1000,1,1.0,103_135_40_1000_1,aux_gap_half,True,2.1094670000000004,True,True,,0.309820864,2.419287864
103,135,40,1000,1,1.0,103_135_40_1000_1,aux_gap_double,True,2.1094670000000004,True,True,,0.309820864,2.419287864
103,180,40,500,0,0.5,103_180_40_500_0,current,True,2.128835,True,True,,0.330851234,2.459686234
103,180,40,500,0,0.5,103_180_40_500_0,smoother_11,True,0.7610669999999999,True,False,,0.439144234,1.200211234
103,180,40,500,0,0.5,103_180_40_500_0,smoother_31,True,2.0498600000000002,True,True,,0.369742234,2.419602234
103,180,40,500,0,0.5,103_180_40_500_0,accel_gap_half,True,2.128835,True,True,,0.330851234,2.459686234
103,180,40,500,0,0.5,103_180_40_500_0,accel_gap_double,True,2.128835,True,True,,0.330851234,2.459686234
103,180,40,500,0,0.5,103_180_40_500_0,aux_gap_half,True,2.128835,True,True,,0.330851234,2.459686234
103,180,40,500,0,0.5,103_180_40_500_0,aux_gap_double,True,2.128835,True,True,,0.330851234,2.459686234
103,180,40,500,1,0.5,103_180_40_500_1,current,True,1.590057,True,True,,0.589555,2.179612
103,180,40,500,1,0.5,103_180_40_500_1,smoother_11,True,1.0410979999999999,True,True,,0.589555,1.630653
103,180,40,500,1,0.5,103_180_40_500_1,smoother_31,True,2.120849,True,True,,0.349589,2.470438
103,180,40,500,1,0.5,103_180_40_500_1,accel_gap_half,True,1.590057,True,True,,0.589555,2.179612
103,180,40,500,1,0.5,103_180_40_500_1,accel_gap_double,True,1.590057,True,True,,0.589555,2.179612
103,180,40,500,1,0.5,103_180_40_500_1,aux_gap_half,True,1.590057,True,True,,0.589555,2.179612
103,180,40,500,1,0.5,103_180_40_500_1,aux_gap_double,True,1.590057,True,True,,0.589555,2.179612
103,180,40,1000,0,1.0,103_180_40_1000_0,current,True,2.087972,True,True,,0.340855,2.428827
103,180,40,1000,0,1.0,103_180_40_1000_0,smoother_11,True,1.29122,True,True,,1.028692,2.319912
103,180,40,1000,0,1.0,103_180_40_1000_0,smoother_31,True,2.049674,True,True,,0.37045,2.420124
103,180,40,1000,0,1.0,103_180_40_1000_0,accel_gap_half,True,2.087972,True,True,,0.340855,2.428827
103,180,40,1000,0,1.0,103_180_40_1000_0,accel_gap_double,True,2.087972,True,True,,0.340855,2.428827
103,180,40,1000,0,1.0,103_180_40_1000_0,aux_gap_half,True,2.087972,True,True,,0.340855,2.428827
103,180,40,1000,0,1.0,103_180_40_1000_0,aux_gap_double,True,2.087972,True,True,,0.340855,2.428827
103,180,40,1000,1,1.0,103_180_40_1000_1,current,True,2.139756,True,True,,0.320795,2.460551
103,180,40,1000,1,1.0,103_180_40_1000_1,smoother_11,True,0.5917509999999999,True,False,,0.748899,1.34065
103,180,40,1000,1,1.0,103_180_40_1000_1,smoother_31,True,2.119135,True,True,,0.360835,2.47997
103,180,40,1000,1,1.0,103_180_40_1000_1,accel_gap_half,True,2.139756,True,True,,0.320795,2.460551
103,180,40,1000,1,1.0,103_180_40_1000_1,accel_gap_double,True,2.139756,True,True,,0.320795,2.460551
103,180,40,1000,1,1.0,103_180_40_1000_1,aux_gap_half,True,2.139756,True,True,,0.320795,2.460551
103,180,40,1000,1,1.0,103_180_40_1000_1,aux_gap_double,True,2.139756,True,True,,0.320795,2.460551
103,225,40,500,0,0.5,103_225_40_500_0,current,True,2.111808,True,True,,0.31915,2.430958
103,225,40,500,0,0.5,103_225_40_500_0,smoother_11,True,1.2201149999999998,True,True,,0.740957,1.961072
103,225,40,500,0,0.5,103_225_40_500_0,smoother_31,True,2.05124,True,True,,0.349463,2.400703
103,225,40,500,0,0.5,103_225_40_500_0,accel_gap_half,True,2.111808,True,True,,0.31915,2.430958
103,225,40,500,0,0.5,103_225_40_500_0,accel_gap_double,True,2.111808,True,True,,0.31915,2.430958
103,225,40,500,0,0.5,103_225_40_500_0,aux_gap_half,True,2.111808,True,True,,0.31915,2.430958
103,225,40,500,0,0.5,103_225_40_500_0,aux_gap_double,True,2.111808,True,True,,0.31915,2.430958
103,225,40,500,1,0.5,103_225_40_500_1,current,True,1.338648,True,True,,1.07047647,2.40912447
103,225,40,500,1,0.5,103_225_40_500_1,smoother_11,True,0.48149200000000003,False,False,,0.49933847,0.98083047
103,225,40,500,1,0.5,103_225_40_500_1,smoother_31,True,2.048604,True,True,,0.34038247,2.38898647
103,225,40,500,1,0.5,103_225_40_500_1,accel_gap_half,True,1.338648,True,True,,1.07047647,2.40912447
103,225,40,500,1,0.5,103_225_40_500_1,accel_gap_double,True,1.338648,True,True,,1.07047647,2.40912447
103,225,40,500,1,0.5,103_225_40_500_1,aux_gap_half,True,1.338648,True,True,,1.07047647,2.40912447
103,225,40,500,1,0.5,103_225_40_500_1,aux_gap_double,True,1.338648,True,True,,1.07047647,2.40912447
103,225,40,1000,0,1.0,103_225_40_1000_0,current,True,2.1294969999999998,True,True,,0.300426346,2.429923346
103,225,40,1000,0,1.0,103_225_40_1000_0,smoother_11,True,0.5500910000000001,True,False,,0.460308346,1.010399346
103,225,40,1000,0,1.0,103_225_40_1000_0,smoother_31,True,2.049581,True,True,,0.339066346,2.388647346
103,225,40,1000,0,1.0,103_225_40_1000_0,accel_gap_half,True,2.1294969999999998,True,True,,0.300426346,2.429923346
103,225,40,1000,0,1.0,103_225_40_1000_0,accel_gap_double,True,2.1294969999999998,True,True,,0.300426346,2.429923346
103,225,40,1000,0,1.0,103_225_40_1000_0,aux_gap_half,True,2.1294969999999998,True,True,,0.300426346,2.429923346
103,225,40,1000,0,1.0,103_225_40_1000_0,aux_gap_double,True,2.1294969999999998,True,True,,0.300426346,2.429923346
103,225,40,1000,1,1.0,103_225_40_1000_1,current,True,2.1210269999999998,True,True,,0.309696,2.430723
103,225,40,1000,1,1.0,103_225_40_1000_1,smoother_11,True,0.8998760000000001,True,False,,1.090253,1.990129
103,225,40,1000,1,1.0,103_225_40_1000_1,smoother_31,True,2.061208,True,True,,0.339679,2.400887
103,225,40,1000,1,1.0,103_225_40_1000_1,accel_gap_half,True,2.1210269999999998,True,True,,0.309696,2.430723
103,225,40,1000,1,1.0,103_225_40_1000_1,accel_gap_double,True,2.1210269999999998,True,True,,0.309696,2.430723
103,225,40,1000,1,1.0,103_225_40_1000_1,aux_gap_half,True,2.1210269999999998,True,True,,0.309696,2.430723
103,225,40,1000,1,1.0,103_225_40_1000_1,aux_gap_double,True,2.1210269999999998,True,True,,0.309696,2.430723
103,270,40,500,0,0.5,103_270_40_500_0,current,True,1.8311070000000003,True,True,,0.279759,2.110866
103,270,40,500,0,0.5,103_270_40_500_0,smoother_11,True,0.8593310000000001,True,False,,0.94028,1.799611
103,270,40,500,0,0.5,103_270_40_500_0,smoother_31,True,2.059896,True,True,,0.319209,2.379105
103,270,40,500,0,0.5,103_270_40_500_0,accel_gap_half,True,1.8311070000000003,True,True,,0.279759,2.110866
103,270,40,500,0,0.5,103_270_40_500_0,accel_gap_double,True,1.8311070000000003,True,True,,0.279759,2.110866
103,270,40,500,0,0.5,103_270_40_500_0,aux_gap_half,True,1.8311070000000003,True,True,,0.279759,2.110866
103,270,40,500,0,0.5,103_270_40_500_0,aux_gap_double,True,1.8311070000000003,True,True,,0.279759,2.110866
103,270,40,500,1,0.5,103_270_40_500_1,current,True,2.131108,True,True,,0.299087,2.430195
103,270,40,500,1,0.5,103_270_40_500_1,smoother_11,True,0.8105389999999999,True,False,,1.509195,2.319734
103,270,40,500,1,0.5,103_270_40_500_1,smoother_31,True,2.059796,True,True,,0.329399,2.389195
103,270,40,500,1,0.5,103_270_40_500_1,accel_gap_half,True,2.131108,True,True,,0.299087,2.430195
103,270,40,500,1,0.5,103_270_40_500_1,accel_gap_double,True,2.131108,True,True,,0.299087,2.430195
103,270,40,500,1,0.5,103_270_40_500_1,aux_gap_half,True,2.131108,True,True,,0.299087,2.430195
103,270,40,500,1,0.5,103_270_40_500_1,aux_gap_double,True,2.131108,True,True,,0.299087,2.430195
103,270,40,1000,0,1.0,103_270_40_1000_0,current,True,2.1209800000000003,True,True,,0.330175071,2.451155071
103,270,40,1000,0,1.0,103_270_40_1000_0,smoother_11,True,0.49164699999999995,False,False,,0.529152071,1.020799071
103,270,40,1000,0,1.0,103_270_40_1000_0,smoother_31,True,2.069507,True,True,,0.360219071,2.429726071
103,270,40,1000,0,1.0,103_270_40_1000_0,accel_gap_half,True,2.1209800000000003,True,True,,0.330175071,2.451155071
103,270,40,1000,0,1.0,103_270_40_1000_0,accel_gap_double,True,2.1209800000000003,True,True,,0.330175071,2.451155071
103,270,40,1000,0,1.0,103_270_40_1000_0,aux_gap_half,True,2.1209800000000003,True,True,,0.330175071,2.451155071
103,270,40,1000,0,1.0,103_270_40_1000_0,aux_gap_double,True,2.1209800000000003,True,True,,0.330175071,2.451155071
103,270,40,1000,1,1.0,103_270_40_1000_1,current,True,2.098977,True,True,,0.330915,2.429892
103,270,40,1000,1,1.0,103_270_40_1000_1,smoother_11,True,0.6486310000000001,True,False,,0.980544,1.629175
103,270,40,1000,1,1.0,103_270_40_1000_1,smoother_31,True,2.0412760000000003,True,True,,0.339517,2.380793
103,270,40,1000,1,1.0,103_270_40_1000_1,accel_gap_half,True,2.098977,True,True,,0.330915,2.429892
103,270,40,1000,1,1.0,103_270_40_1000_1,accel_gap_double,True,2.098977,True,True,,0.330915,2.429892
103,270,40,1000,1,1.0,103_270_40_1000_1,aux_gap_half,True,2.098977,True,True,,0.330915,2.429892
103,270,40,1000,1,1.0,103_270_40_1000_1,aux_gap_double,True,2.098977,True,True,,0.330915,2.429892
103,315,40,500,0,0.5,103_315_40_500_0,current,True,2.129057,True,True,,0.280674,2.409731
103,315,40,500,0,0.5,103_315_40_500_0,smoother_11,True,1.168626,True,True,,0.861388,2.030014
103,315,40,500,0,0.5,103_315_40_500_0,smoother_31,True,2.070518,True,True,,0.309781,2.380299
103,315,40,500,0,0.5,103_315_40_500_0,accel_gap_half,True,2.129057,True,True,,0.280674,2.409731
103,315,40,500,0,0.5,103_315_40_500_0,accel_gap_double,True,2.129057,True,True,,0.280674,2.409731
103,315,40,500,0,0.5,103_315_40_500_0,aux_gap_half,True,2.129057,True,True,,0.280674,2.409731
103,315,40,500,0,0.5,103_315_40_500_0,aux_gap_double,True,2.129057,True,True,,0.280674,2.409731
103,315,40,500,1,0.5,103_315_40_500_1,current,True,2.110088,True,True,,0.310095,2.420183
103,315,40,500,1,0.5,103_315_40_500_1,smoother_11,True,0.4187199999999999,False,False,,0.280581,0.699301
103,315,40,500,1,0.5,103_315_40_500_1,smoother_31,True,2.059436,True,True,,0.330414,2.38985
103,315,40,500,1,0.5,103_315_40_500_1,accel_gap_half,True,2.110088,True,True,,0.310095,2.420183
103,315,40,500,1,0.5,103_315_40_500_1,accel_gap_double,True,2.110088,True,True,,0.310095,2.420183
103,315,40,500,1,0.5,103_315_40_500_1,aux_gap_half,True,2.110088,True,True,,0.310095,2.420183
103,315,40,500,1,0.5,103_315_40_500_1,aux_gap_double,True,2.110088,True,True,,0.310095,2.420183
103,315,40,1000,0,1.0,103_315_40_1000_0,current,True,2.131567,True,True,,0.269475722,2.401042722
103,315,40,1000,0,1.0,103_315_40_1000_0,smoother_11,True,1.4004169999999998,True,True,,1.029020722,2.429437722
103,315,40,1000,0,1.0,103_315_40_1000_0,smoother_31,True,2.059135,True,True,,0.310901722,2.370036722
103,315,40,1000,0,1.0,103_315_40_1000_0,accel_gap_half,True,2.131567,True,True,,0.269475722,2.401042722
103,315,40,1000,0,1.0,103_315_40_1000_0,accel_gap_double,True,2.131567,True,True,,0.269475722,2.401042722
103,315,40,1000,0,1.0,103_315_40_1000_0,aux_gap_half,True,2.131567,True,True,,0.269475722,2.401042722
103,315,40,1000,0,1.0,103_315_40_1000_0,aux_gap_double,True,2.131567,True,True,,0.269475722,2.401042722
103,315,40,1000,1,1.0,103_315_40_1000_1,current,True,1.9504340000000002,True,True,,0.298553855,2.248987855
103,315,40,1000,1,1.0,103_315_40_1000_1,smoother_11,True,0.9103090000000003,True,False,,1.250329855,2.160638855
103,315,40,1000,1,1.0,103_315_40_1000_1,smoother_31,True,2.0710979999999997,True,True,,0.319658855,2.390756855
103,315,40,1000,1,1.0,103_315_40_1000_1,accel_gap_half,True,1.9504340000000002,True,True,,0.298553855,2.248987855
103,315,40,1000,1,1.0,103_315_40_1000_1,accel_gap_double,True,1.9504340000000002,True,True,,0.298553855,2.248987855
103,315,40,1000,1,1.0,103_315_40_1000_1,aux_gap_half,True,1.9504340000000002,True,True,,0.298553855,2.248987855
103,315,40,1000,1,1.0,103_315_40_1000_1,aux_gap_double,True,1.9504340000000002,True,True,,0.298553855,2.248987855
103,0,60,500,0,0.5,103_0_60_500_0,current,True,1.379656,True,True,,0.360669068,1.740325068
103,0,60,500,0,0.5,103_0_60_500_0,smoother_11,True,1.190916,True,True,,0.319449068,1.510365068
103,0,60,500,0,0.5,103_0_60_500_0,smoother_31,True,1.420307,True,True,,0.389531068,1.809838068
103,0,60,500,0,0.5,103_0_60_500_0,accel_gap_half,True,1.379656,True,True,,0.360669068,1.740325068
103,0,60,500,0,0.5,103_0_60_500_0,accel_gap_double,True,1.379656,True,True,,0.360669068,1.740325068
103,0,60,500,0,0.5,103_0_60_500_0,aux_gap_half,True,1.379656,True,True,,0.360669068,1.740325068
103,0,60,500,0,0.5,103_0_60_500_0,aux_gap_double,True,1.379656,True,True,,0.360669068,1.740325068
103,0,60,500,1,0.5,103_0_60_500_1,current,True,1.4098950000000001,True,True,,0.350615,1.76051
103,0,60,500,1,0.5,103_0_60_500_1,smoother_11,True,0.6203160000000001,True,False,,0.319158,0.939474
103,0,60,500,1,0.5,103_0_60_500_1,smoother_31,True,1.380326,True,True,,0.380184,1.76051
103,0,60,500,1,0.5,103_0_60_500_1,accel_gap_half,True,1.4098950000000001,True,True,,0.350615,1.76051
103,0,60,500,1,0.5,103_0_60_500_1,accel_gap_double,True,1.4098950000000001,True,True,,0.350615,1.76051
103,0,60,500,1,0.5,103_0_60_500_1,aux_gap_half,True,1.4098950000000001,True,True,,0.350615,1.76051
103,0,60,500,1,0.5,103_0_60_500_1,aux_gap_double,True,1.4098950000000001,True,True,,0.350615,1.76051
103,0,60,1000,0,1.0,103_0_60_1000_0,current,True,0.7997750000000001,True,False,,0.349745,1.14952
103,0,60,1000,0,1.0,103_0_60_1000_0,smoother_11,True,0.4789720000000002,False,False,,1.210481,1.689453
103,0,60,1000,0,1.0,103_0_60_1000_0,smoother_31,True,1.298388,True,True,,0.380987,1.679375
103,0,60,1000,0,1.0,103_0_60_1000_0,accel_gap_half,True,0.7997750000000001,True,False,,0.349745,1.14952
103,0,60,1000,0,1.0,103_0_60_1000_0,accel_gap_double,True,0.7997750000000001,True,False,,0.349745,1.14952
103,0,60,1000,0,1.0,103_0_60_1000_0,aux_gap_half,True,0.7997750000000001,True,False,,0.349745,1.14952
103,0,60,1000,0,1.0,103_0_60_1000_0,aux_gap_double,True,0.7997750000000001,True,False,,0.349745,1.14952
103,0,60,1000,1,1.0,103_0_60_1000_1,current,True,1.3488449999999998,True,True,,0.400232858,1.749077858
103,0,60,1000,1,1.0,103_0_60_1000_1,smoother_11,True,1.081022,True,True,,0.639333858,1.720355858
103,0,60,1000,1,1.0,103_0_60_1000_1,smoother_31,True,1.359092,True,True,,0.389985858,1.749077858
103,0,60,1000,1,1.0,103_0_60_1000_1,accel_gap_half,True,1.3488449999999998,True,True,,0.400232858,1.749077858
103,0,60,1000,1,1.0,103_0_60_1000_1,accel_gap_double,True,1.3488449999999998,True,True,,0.400232858,1.749077858
103,0,60,1000,1,1.0,103_0_60_1000_1,aux_gap_half,True,1.3488449999999998,True,True,,0.400232858,1.749077858
103,0,60,1000,1,1.0,103_0_60_1000_1,aux_gap_double,True,1.3488449999999998,True,True,,0.400232858,1.749077858
103,45,60,500,0,0.5,103_45_60_500_0,current,True,1.059685,True,True,,0.620097032,1.679782032
103,45,60,500,0,0.5,103_45_60_500_0,smoother_11,True,0.4701709999999999,False,False,,1.058723032,1.528894032
103,45,60,500,0,0.5,103_45_60_500_0,smoother_31,True,1.3220859999999999,True,True,,0.328391032,1.650477032
103,45,60,500,0,0.5,103_45_60_500_0,accel_gap_half,True,1.059685,True,True,,0.620097032,1.679782032
103,45,60,500,0,0.5,103_45_60_500_0,accel_gap_double,True,1.059685,True,True,,0.620097032,1.679782032
103,45,60,500,0,0.5,103_45_60_500_0,aux_gap_half,True,1.059685,True,True,,0.620097032,1.679782032
103,45,60,500,0,0.5,103_45_60_500_0,aux_gap_double,True,1.059685,True,True,,0.620097032,1.679782032
103,45,60,500,1,0.5,103_45_60_500_1,current,True,1.429688,True,True,,0.350711,1.780399
103,45,60,500,1,0.5,103_45_60_500_1,smoother_11,True,0.528719,True,False,,0.330553,0.859272
103,45,60,500,1,0.5,103_45_60_500_1,smoother_31,True,1.409556,True,True,,0.370843,1.780399
103,45,60,500,1,0.5,103_45_60_500_1,accel_gap_half,True,1.429688,True,True,,0.350711,1.780399
103,45,60,500,1,0.5,103_45_60_500_1,accel_gap_double,True,1.429688,True,True,,0.350711,1.780399
103,45,60,500,1,0.5,103_45_60_500_1,aux_gap_half,True,1.429688,True,True,,0.350711,1.780399
103,45,60,500,1,0.5,103_45_60_500_1,aux_gap_double,True,1.429688,True,True,,0.350711,1.780399
103,45,60,1000,0,1.0,103_45_60_1000_0,current,True,1.3698480000000002,True,True,,0.308982827,1.678830827
103,45,60,1000,0,1.0,103_45_60_1000_0,smoother_11,True,0.759529,True,False,,0.470263827,1.229792827
103,45,60,1000,0,1.0,103_45_60_1000_0,smoother_31,True,1.2988950000000001,True,True,,0.350113827,1.649008827
103,45,60,1000,0,1.0,103_45_60_1000_0,accel_gap_half,True,1.3698480000000002,True,True,,0.308982827,1.678830827
103,45,60,1000,0,1.0,103_45_60_1000_0,accel_gap_double,True,1.3698480000000002,True,True,,0.308982827,1.678830827
103,45,60,1000,0,1.0,103_45_60_1000_0,aux_gap_half,True,1.3698480000000002,True,True,,0.308982827,1.678830827
103,45,60,1000,0,1.0,103_45_60_1000_0,aux_gap_double,True,1.3698480000000002,True,True,,0.308982827,1.678830827
103,45,60,1000,1,1.0,103_45_60_1000_1,current,True,1.370074,True,True,,0.301093,1.671167
103,45,60,1000,1,1.0,103_45_60_1000_1,smoother_11,True,0.4315089999999999,False,False,,1.059641,1.49115
103,45,60,1000,1,1.0,103_45_60_1000_1,smoother_31,True,1.3203369999999999,True,True,,0.330178,1.650515
103,45,60,1000,1,1.0,103_45_60_1000_1,accel_gap_half,True,1.370074,True,True,,0.301093,1.671167
103,45,60,1000,1,1.0,103_45_60_1000_1,accel_gap_double,True,1.370074,True,True,,0.301093,1.671167
103,45,60,1000,1,1.0,103_45_60_1000_1,aux_gap_half,True,1.370074,True,True,,0.301093,1.671167
103,45,60,1000,1,1.0,103_45_60_1000_1,aux_gap_double,True,1.370074,True,True,,0.301093,1.671167
103,90,60,500,0,0.5,103_90_60_500_0,current,True,1.368662,True,True,,0.300879,1.669541
103,90,60,500,0,0.5,103_90_60_500_0,smoother_11,True,1.029833,True,True,,0.580513,1.610346
103,90,60,500,0,0.5,103_90_60_500_0,smoother_31,True,1.299738,True,True,,0.329199,1.628937
103,90,60,500,0,0.5,103_90_60_500_0,accel_gap_half,True,1.368662,True,True,,0.300879,1.669541
103,90,60,500,0,0.5,103_90_60_500_0,accel_gap_double,True,1.368662,True,True,,0.300879,1.669541
103,90,60,500,0,0.5,103_90_60_500_0,aux_gap_half,True,1.368662,True,True,,0.300879,1.669541
103,90,60,500,0,0.5,103_90_60_500_0,aux_gap_double,True,1.368662,True,True,,0.300879,1.669541
103,90,60,500,1,0.5,103_90_60_500_1,current,True,1.369906,True,True,,0.299265661,1.669171661
103,90,60,500,1,0.5,103_90_60_500_1,smoother_11,True,0.468788,False,False,,1.200383661,1.669171661
103,90,60,500,1,0.5,103_90_60_500_1,smoother_31,True,1.309461,True,True,,0.330681661,1.640142661
103,90,60,500,1,0.5,103_90_60_500_1,accel_gap_half,True,1.369906,True,True,,0.299265661,1.669171661
103,90,60,500,1,0.5,103_90_60_500_1,accel_gap_double,True,1.369906,True,True,,0.299265661,1.669171661
103,90,60,500,1,0.5,103_90_60_500_1,aux_gap_half,True,1.369906,True,True,,0.299265661,1.669171661
103,90,60,500,1,0.5,103_90_60_500_1,aux_gap_double,True,1.369906,True,True,,0.299265661,1.669171661
103,90,60,1000,0,1.0,103_90_60_1000_0,current,True,1.350419,True,True,,0.320271389,1.670690389
103,90,60,1000,0,1.0,103_90_60_1000_0,smoother_11,True,0.5286709999999999,True,False,,1.000680389,1.529351389
103,90,60,1000,0,1.0,103_90_60_1000_0,smoother_31,True,1.290297,True,True,,0.359724389,1.650021389
103,90,60,1000,0,1.0,103_90_60_1000_0,accel_gap_half,True,1.350419,True,True,,0.320271389,1.670690389
103,90,60,1000,0,1.0,103_90_60_1000_0,accel_gap_double,True,1.350419,True,True,,0.320271389,1.670690389
103,90,60,1000,0,1.0,103_90_60_1000_0,aux_gap_half,True,1.350419,True,True,,0.320271389,1.670690389
103,90,60,1000,0,1.0,103_90_60_1000_0,aux_gap_double,True,1.350419,True,True,,0.320271389,1.670690389
103,90,60,1000,1,1.0,103_90_60_1000_1,current,True,1.1891459999999998,True,True,,0.35020705,1.53935305
103,90,60,1000,1,1.0,103_90_60_1000_1,smoother_11,True,0.539137,True,False,,0.99050405,1.52964105
103,90,60,1000,1,1.0,103_90_60_1000_1,smoother_31,True,1.308554,True,True,,0.38034405,1.68889805
103,90,60,1000,1,1.0,103_90_60_1000_1,accel_gap_half,True,1.1891459999999998,True,True,,0.35020705,1.53935305
103,90,60,1000,1,1.0,103_90_60_1000_1,accel_gap_double,True,1.1891459999999998,True,True,,0.35020705,1.53935305
103,90,60,1000,1,1.0,103_90_60_1000_1,aux_gap_half,True,1.1891459999999998,True,True,,0.35020705,1.53935305
103,90,60,1000,1,1.0,103_90_60_1000_1,aux_gap_double,True,1.1891459999999998,True,True,,0.35020705,1.53935305
103,135,60,500,0,0.5,103_135_60_500_0,current,True,0.810805,True,False,,0.849738004,1.660543004
103,135,60,500,0,0.5,103_135_60_500_0,smoother_11,True,0.8100239999999999,True,False,,0.879700004,1.689724004
103,135,60,500,0,0.5,103_135_60_500_0,smoother_31,True,1.3011759999999999,True,True,,0.329770004,1.630946004
103,135,60,500,0,0.5,103_135_60_500_0,accel_gap_half,True,0.810805,True,False,,0.849738004,1.660543004
103,135,60,500,0,0.5,103_135_60_500_0,accel_gap_double,True,0.810805,True,False,,0.849738004,1.660543004
103,135,60,500,0,0.5,103_135_60_500_0,aux_gap_half,True,0.810805,True,False,,0.849738004,1.660543004
103,135,60,500,0,0.5,103_135_60_500_0,aux_gap_double,True,0.810805,True,False,,0.849738004,1.660543004
103,135,60,500,1,0.5,103_135_60_500_1,current,True,1.3503159999999998,True,True,,0.329732,1.680048
103,135,60,500,1,0.5,103_135_60_500_1,smoother_11,True,0.5492980000000001,True,False,,1.160147,1.709445
103,135,60,500,1,0.5,103_135_60_500_1,smoother_31,True,1.2998800000000001,True,True,,0.360242,1.660122
103,135,60,500,1,0.5,103_135_60_500_1,accel_gap_half,True,1.3503159999999998,True,True,,0.329732,1.680048
103,135,60,500,1,0.5,103_135_60_500_1,accel_gap_double,True,1.3503159999999998,True,True,,0.329732,1.680048
103,135,60,500,1,0.5,103_135_60_500_1,aux_gap_half,True,1.3503159999999998,True,True,,0.329732,1.680048
103,135,60,500,1,0.5,103_135_60_500_1,aux_gap_double,True,1.3503159999999998,True,True,,0.329732,1.680048
103,135,60,1000,0,1.0,103_135_60_1000_0,current,True,1.3400079999999999,True,True,,0.350222,1.69023
103,135,60,1000,0,1.0,103_135_60_1000_0,smoother_11,True,1.310317,True,True,,0.408901,1.719218
103,135,60,1000,0,1.0,103_135_60_1000_0,smoother_31,True,1.290505,True,True,,0.369778,1.660283
103,135,60,1000,0,1.0,103_135_60_1000_0,accel_gap_half,True,1.3400079999999999,True,True,,0.350222,1.69023
103,135,60,1000,0,1.0,103_135_60_1000_0,accel_gap_double,True,1.3400079999999999,True,True,,0.350222,1.69023
103,135,60,1000,0,1.0,103_135_60_1000_0,aux_gap_half,True,1.3400079999999999,True,True,,0.350222,1.69023
103,135,60,1000,0,1.0,103_135_60_1000_0,aux_gap_double,True,1.3400079999999999,True,True,,0.350222,1.69023
103,135,60,1000,1,1.0,103_135_60_1000_1,current,True,1.3498890000000001,True,True,,0.339576,1.689465
103,135,60,1000,1,1.0,103_135_60_1000_1,smoother_11,True,0.509478,True,False,,0.850602,1.36008
103,135,60,1000,1,1.0,103_135_60_1000_1,smoother_31,True,1.300033,True,True,,0.359443,1.659476
103,135,60,1000,1,1.0,103_135_60_1000_1,accel_gap_half,True,1.3498890000000001,True,True,,0.339576,1.689465
103,135,60,1000,1,1.0,103_135_60_1000_1,accel_gap_double,True,1.3498890000000001,True,True,,0.339576,1.689465
103,135,60,1000,1,1.0,103_135_60_1000_1,aux_gap_half,True,1.3498890000000001,True,True,,0.339576,1.689465
103,135,60,1000,1,1.0,103_135_60_1000_1,aux_gap_double,True,1.3498890000000001,True,True,,0.339576,1.689465
103,180,60,500,0,0.5,103_180_60_500_0,current,True,1.370599,True,True,,0.349611,1.72021
103,180,60,500,0,0.5,103_180_60_500_0,smoother_11,True,0.661265,True,False,,1.089447,1.750712
103,180,60,500,0,0.5,103_180_60_500_0,smoother_31,True,1.3111760000000001,True,True,,0.3794,1.690576
103,180,60,500,0,0.5,103_180_60_500_0,accel_gap_half,True,1.370599,True,True,,0.349611,1.72021
103,180,60,500,0,0.5,103_180_60_500_0,accel_gap_double,True,1.370599,True,True,,0.349611,1.72021
103,180,60,500,0,0.5,103_180_60_500_0,aux_gap_half,True,1.370599,True,True,,0.349611,1.72021
103,180,60,500,0,0.5,103_180_60_500_0,aux_gap_double,True,1.370599,True,True,,0.349611,1.72021
103,180,60,500,1,0.5,103_180_60_500_1,current,True,1.3597920000000001,True,True,,0.349765,1.709557
103,180,60,500,1,0.5,103_180_60_500_1,smoother_11,True,0.5407500000000001,True,False,,1.209616,1.750366
103,180,60,500,1,0.5,103_180_60_500_1,smoother_31,True,1.298324,True,True,,0.380546,1.67887
103,180,60,500,1,0.5,103_180_60_500_1,accel_gap_half,True,1.3597920000000001,True,True,,0.349765,1.709557
103,180,60,500,1,0.5,103_180_60_500_1,accel_gap_double,True,1.3597920000000001,True,True,,0.349765,1.709557
103,180,60,500,1,0.5,103_180_60_500_1,aux_gap_half,True,1.3597920000000001,True,True,,0.349765,1.709557
103,180,60,500,1,0.5,103_180_60_500_1,aux_gap_double,True,1.3597920000000001,True,True,,0.349765,1.709557
103,180,60,1000,0,1.0,103_180_60_1000_0,current,True,1.408642,True,True,,0.350434237,1.759076237
103,180,60,1000,0,1.0,103_180_60_1000_0,smoother_11,True,0.510462,True,False,,1.040330237,1.550792237
103,180,60,1000,0,1.0,103_180_60_1000_0,smoother_31,True,1.3789289999999998,True,True,,0.380147237,1.759076237
103,180,60,1000,0,1.0,103_180_60_1000_0,accel_gap_half,True,1.408642,True,True,,0.350434237,1.759076237
103,180,60,1000,0,1.0,103_180_60_1000_0,accel_gap_double,True,1.408642,True,True,,0.350434237,1.759076237
103,180,60,1000,0,1.0,103_180_60_1000_0,aux_gap_half,True,1.408642,True,True,,0.350434237,1.759076237
103,180,60,1000,0,1.0,103_180_60_1000_0,aux_gap_double,True,1.408642,True,True,,0.350434237,1.759076237
103,180,60,1000,1,1.0,103_180_60_1000_1,current,True,1.368925,True,True,,0.341249,1.710174
103,180,60,1000,1,1.0,103_180_60_1000_1,smoother_11,True,0.660607,True,False,,0.558788,1.219395
103,180,60,1000,1,1.0,103_180_60_1000_1,smoother_31,True,1.319221,True,True,,0.370084,1.689305
103,180,60,1000,1,1.0,103_180_60_1000_1,accel_gap_half,True,1.368925,True,True,,0.341249,1.710174
103,180,60,1000,1,1.0,103_180_60_1000_1,accel_gap_double,True,1.368925,True,True,,0.341249,1.710174
103,180,60,1000,1,1.0,103_180_60_1000_1,aux_gap_half,True,1.368925,True,True,,0.341249,1.710174
103,180,60,1000,1,1.0,103_180_60_1000_1,aux_gap_double,True,1.368925,True,True,,0.341249,1.710174
103,225,60,500,0,0.5,103_225_60_500_0,current,True,1.371862,True,True,,0.32921,1.701072
103,225,60,500,0,0.5,103_225_60_500_0,smoother_11,True,0.8185219999999999,True,False,,0.740859,1.559381
103,225,60,500,0,0.5,103_225_60_500_0,smoother_31,True,1.2995889999999999,True,True,,0.360233,1.659822
103,225,60,500,0,0.5,103_225_60_500_0,accel_gap_half,True,1.371862,True,True,,0.32921,1.701072
103,225,60,500,0,0.5,103_225_60_500_0,accel_gap_double,True,1.371862,True,True,,0.32921,1.701072
103,225,60,500,0,0.5,103_225_60_500_0,aux_gap_half,True,1.371862,True,True,,0.32921,1.701072
103,225,60,500,0,0.5,103_225_60_500_0,aux_gap_double,True,1.371862,True,True,,0.32921,1.701072
103,225,60,500,1,0.5,103_225_60_500_1,current,True,1.369841,True,True,,0.328887,1.698728
103,225,60,500,1,0.5,103_225_60_500_1,smoother_11,True,0.821809,True,False,,0.758812,1.580621
103,225,60,500,1,0.5,103_225_60_500_1,smoother_31,True,1.3019910000000001,True,True,,0.358682,1.660673
103,225,60,500,1,0.5,103_225_60_500_1,accel_gap_half,True,1.369841,True,True,,0.328887,1.698728
103,225,60,500,1,0.5,103_225_60_500_1,accel_gap_double,True,1.369841,True,True,,0.328887,1.698728
103,225,60,500,1,0.5,103_225_60_500_1,aux_gap_half,True,1.369841,True,True,,0.328887,1.698728
103,225,60,500,1,0.5,103_225_60_500_1,aux_gap_double,True,1.369841,True,True,,0.328887,1.698728
103,225,60,1000,0,1.0,103_225_60_1000_0,current,True,1.371903,True,True,,0.298778,1.670681
103,225,60,1000,0,1.0,103_225_60_1000_0,smoother_11,True,0.57003,True,False,,0.279377,0.849407
103,225,60,1000,0,1.0,103_225_60_1000_0,smoother_31,True,1.2993080000000001,True,True,,0.330444,1.629752
103,225,60,1000,0,1.0,103_225_60_1000_0,accel_gap_half,True,1.371903,True,True,,0.298778,1.670681
103,225,60,1000,0,1.0,103_225_60_1000_0,accel_gap_double,True,1.371903,True,True,,0.298778,1.670681
103,225,60,1000,0,1.0,103_225_60_1000_0,aux_gap_half,True,1.371903,True,True,,0.298778,1.670681
103,225,60,1000,0,1.0,103_225_60_1000_0,aux_gap_double,True,1.371903,True,True,,0.298778,1.670681
103,225,60,1000,1,1.0,103_225_60_1000_1,current,True,1.361197,True,True,,0.328959127,1.690156127
103,225,60,1000,1,1.0,103_225_60_1000_1,smoother_11,True,0.610652,True,False,,1.110287127,1.720939127
103,225,60,1000,1,1.0,103_225_60_1000_1,smoother_31,True,1.319663,True,True,,0.359895127,1.679558127
103,225,60,1000,1,1.0,103_225_60_1000_1,accel_gap_half,True,1.361197,True,True,,0.328959127,1.690156127
103,225,60,1000,1,1.0,103_225_60_1000_1,accel_gap_double,True,1.361197,True,True,,0.328959127,1.690156127
103,225,60,1000,1,1.0,103_225_60_1000_1,aux_gap_half,True,1.361197,True,True,,0.328959127,1.690156127
103,225,60,1000,1,1.0,103_225_60_1000_1,aux_gap_double,True,1.361197,True,True,,0.328959127,1.690156127
103,270,60,500,0,0.5,103_270_60_500_0,current,True,1.3603109999999998,True,True,,0.3297,1.690011
103,270,60,500,0,0.5,103_270_60_500_0,smoother_11,True,1.349905,True,True,,0.359342,1.709247
103,270,60,500,0,0.5,103_270_60_500_0,smoother_31,True,1.309511,True,True,,0.349988,1.659499
103,270,60,500,0,0.5,103_270_60_500_0,accel_gap_half,True,1.3603109999999998,True,True,,0.3297,1.690011
103,270,60,500,0,0.5,103_270_60_500_0,accel_gap_double,True,1.3603109999999998,True,True,,0.3297,1.690011
103,270,60,500,0,0.5,103_270_60_500_0,aux_gap_half,True,1.3603109999999998,True,True,,0.3297,1.690011
103,270,60,500,0,0.5,103_270_60_500_0,aux_gap_double,True,1.3603109999999998,True,True,,0.3297,1.690011
103,270,60,500,1,0.5,103_270_60_500_1,current,True,1.379604,True,True,,0.350862,1.730466
103,270,60,500,1,0.5,103_270_60_500_1,smoother_11,True,0.939132,True,False,,0.640586,1.579718
103,270,60,500,1,0.5,103_270_60_500_1,smoother_31,True,1.308949,True,True,,0.380125,1.689074
103,270,60,500,1,0.5,103_270_60_500_1,accel_gap_half,True,1.379604,True,True,,0.350862,1.730466
103,270,60,500,1,0.5,103_270_60_500_1,accel_gap_double,True,1.379604,True,True,,0.350862,1.730466
103,270,60,500,1,0.5,103_270_60_500_1,aux_gap_half,True,1.379604,True,True,,0.350862,1.730466
103,270,60,500,1,0.5,103_270_60_500_1,aux_gap_double,True,1.379604,True,True,,0.350862,1.730466
103,270,60,1000,0,1.0,103_270_60_1000_0,current,True,1.1385459999999998,True,True,,0.330896711,1.469442711
103,270,60,1000,0,1.0,103_270_60_1000_0,smoother_11,True,0.9106770000000001,True,False,,0.529078711,1.439755711
103,270,60,1000,0,1.0,103_270_60_1000_0,smoother_31,True,1.319804,True,True,,0.370264711,1.690068711
103,270,60,1000,0,1.0,103_270_60_1000_0,accel_gap_half,True,1.1385459999999998,True,True,,0.330896711,1.469442711
103,270,60,1000,0,1.0,103_270_60_1000_0,accel_gap_double,True,1.1385459999999998,True,True,,0.330896711,1.469442711
103,270,60,1000,0,1.0,103_270_60_1000_0,aux_gap_half,True,1.1385459999999998,True,True,,0.330896711,1.469442711
103,270,60,1000,0,1.0,103_270_60_1000_0,aux_gap_double,True,1.1385459999999998,True,True,,0.330896711,1.469442711
103,270,60,1000,1,1.0,103_270_60_1000_1,current,True,1.270173,True,True,,0.379718255,1.649891255
103,270,60,1000,1,1.0,103_270_60_1000_1,smoother_11,True,0.3115070000000001,False,False,,0.729381255,1.040888255
103,270,60,1000,1,1.0,103_270_60_1000_1,smoother_31,True,1.280489,True,True,,0.349944255,1.630433255
103,270,60,1000,1,1.0,103_270_60_1000_1,accel_gap_half,True,1.270173,True,True,,0.379718255,1.649891255
103,270,60,1000,1,1.0,103_270_60_1000_1,accel_gap_double,True,1.270173,True,True,,0.379718255,1.649891255
103,270,60,1000,1,1.0,103_270_60_1000_1,aux_gap_half,True,1.270173,True,True,,0.379718255,1.649891255
103,270,60,1000,1,1.0,103_270_60_1000_1,aux_gap_double,True,1.270173,True,True,,0.379718255,1.649891255
103,315,60,500,0,0.5,103_315_60_500_0,current,True,0.6988189999999999,True,False,,1.010069,1.708888
103,315,60,500,0,0.5,103_315_60_500_0,smoother_11,True,0.640388,True,False,,0.299288,0.939676
103,315,60,500,0,0.5,103_315_60_500_0,smoother_31,True,1.349769,True,True,,0.37065,1.720419
103,315,60,500,0,0.5,103_315_60_500_0,accel_gap_half,True,0.6988189999999999,True,False,,1.010069,1.708888
103,315,60,500,0,0.5,103_315_60_500_0,accel_gap_double,True,0.6988189999999999,True,False,,1.010069,1.708888
103,315,60,500,0,0.5,103_315_60_500_0,aux_gap_half,True,0.6988189999999999,True,False,,1.010069,1.708888
103,315,60,500,0,0.5,103_315_60_500_0,aux_gap_double,True,0.6988189999999999,True,False,,1.010069,1.708888
103,315,60,500,1,0.5,103_315_60_500_1,current,True,1.36903,True,True,,0.309732915,1.678762915
103,315,60,500,1,0.5,103_315_60_500_1,smoother_11,True,0.690842,True,False,,0.279328915,0.970170915
103,315,60,500,1,0.5,103_315_60_500_1,smoother_31,True,1.3085740000000001,True,True,,0.341084915,1.649658915
103,315,60,500,1,0.5,103_315_60_500_1,accel_gap_half,True,1.36903,True,True,,0.309732915,1.678762915
103,315,60,500,1,0.5,103_315_60_500_1,accel_gap_double,True,1.36903,True,True,,0.309732915,1.678762915
103,315,60,500,1,0.5,103_315_60_500_1,aux_gap_half,True,1.36903,True,True,,0.309732915,1.678762915
103,315,60,500,1,0.5,103_315_60_500_1,aux_gap_double,True,1.36903,True,True,,0.309732915,1.678762915
103,315,60,1000,0,1.0,103_315_60_1000_0,current,True,1.369503,True,True,,0.310031039,1.679534039
103,315,60,1000,0,1.0,103_315_60_1000_0,smoother_11,True,0.42101999999999995,False,False,,0.978930039,1.399950039
103,315,60,1000,0,1.0,103_315_60_1000_0,smoother_31,True,1.300406,True,True,,0.350334039,1.650740039
103,315,60,1000,0,1.0,103_315_60_1000_0,accel_gap_half,True,1.369503,True,True,,0.310031039,1.679534039
103,315,60,1000,0,1.0,103_315_60_1000_0,accel_gap_double,True,1.369503,True,True,,0.310031039,1.679534039
103,315,60,1000,0,1.0,103_315_60_1000_0,aux_gap_half,True,1.369503,True,True,,0.310031039,1.679534039
103,315,60,1000,0,1.0,103_315_60_1000_0,aux_gap_double,True,1.369503,True,True,,0.310031039,1.679534039
103,315,60,1000,1,1.0,103_315_60_1000_1,current,True,1.370663,True,True,,0.329984,1.700647
103,315,60,1000,1,1.0,103_315_60_1000_1,smoother_11,True,0.39987399999999995,False,False,,0.74988,1.149754
103,315,60,1000,1,1.0,103_315_60_1000_1,smoother_31,True,1.30999,True,True,,0.359492,1.669482
103,315,60,1000,1,1.0,103_315_60_1000_1,accel_gap_half,True,1.370663,True,True,,0.329984,1.700647
103,315,60,1000,1,1.0,103_315_60_1000_1,accel_gap_double,True,1.370663,True,True,,0.329984,1.700647
103,315,60,1000,1,1.0,103_315_60_1000_1,aux_gap_half,True,1.370663,True,True,,0.329984,1.700647
103,315,60,1000,1,1.0,103_315_60_1000_1,aux_gap_double,True,1.370663,True,True,,0.329984,1.700647
