run,window_id,surface_id,split,role,duration_s,start_s,end_s,processing_boundary,raw_start_index,raw_end_index_exclusive,dependency_raw_start_index,dependency_raw_end_index_exclusive,raw_samples,raw_first_time_s,raw_last_time_s,observed_context_before_s,observed_context_after_s,source_grid_hz,source_grid_samples,output_samples,interpolation_padding,resample_padding,left_interpolation_padding_s,right_interpolation_padding_s,resample_up,resample_down,filter_window,filter_numtaps,source_rate_scope,outside_perturbation_max_processed_change,before_after_mean_log_feature_change,before_after_max_log_feature_change
initial,0_0_30_500_0_query_0.5_c6f6d8425cf1,0,train,query,0.5,0.2801666666666667,0.7801666666666667,raw_window_v1,2405,6696,2405,6696,4291,0.280284,0.780063,0.0,0.0,9009,4505,3000,local_endpoint_hold,local_line,0.00011733333333330265,4.8166611166688966e-05,2000,3003,kaiser_beta_5,60061,allowed_raw_timestamps,0.0,0.0006162841715709766,0.0026852702107680315
initial,0_0_30_500_1_query_0.5_c6f6d8425cf1,0,train,query,0.5,0.9297424186666666,1.4297424186666667,raw_window_v1,7984,12308,7984,12308,4324,0.929751752,1.429726752,0.0,0.0,9009,4505,3000,local_endpoint_hold,local_line,9.333333333416682e-06,0.0,2000,3003,kaiser_beta_5,60061,allowed_raw_timestamps,0.0,0.0058583616884733776,0.027680334293710196
initial,0_0_40_500_0_support_0.5_c6f6d8425cf1,0,train,support,0.5,0.28997353433333334,0.7899735343333334,raw_window_v1,2483,6773,2483,6773,4290,0.290044201,0.789925201,0.0,0.0,9009,4505,3000,local_endpoint_hold,local_line,7.066666666666332e-05,0.0,2000,3003,kaiser_beta_5,60061,allowed_raw_timestamps,0.0,0.0023016477739600874,0.01005077213566885
initial,0_0_50_500_0_query_0.5_c6f6d8425cf1,0,train,query,0.5,0.3408333333333333,0.8408333333333333,raw_window_v1,2881,7171,2881,7171,4290,0.340901,0.840823,0.0,0.0,9009,4505,3000,local_endpoint_hold,local_line,6.766666666668808e-05,0.0,2000,3003,kaiser_beta_5,60061,allowed_raw_timestamps,0.0,0.005303869366878724,0.04031868644817305
initial,0_0_50_500_1_query_0.5_c6f6d8425cf1,0,train,query,0.5,0.3401666666666667,0.8401666666666667,raw_window_v1,2858,7106,2858,7106,4248,0.340266,0.839514,0.0,0.0,9009,4505,3000,local_endpoint_hold,local_line,9.933333333334016e-05,0.0005971666111667107,2000,3003,kaiser_beta_5,60061,allowed_raw_timestamps,0.0,0.005451338802787591,0.02790689727290596
initial,0_45_40_1000_0_query_0.5_c6f6d8425cf1,0,train,query,0.5,0.3005,0.8005,raw_window_v1,2529,6863,2529,6863,4334,0.300602,0.800456,0.0,0.0,9009,4505,3000,local_endpoint_hold,local_line,0.00010199999999999099,0.0,2000,3003,kaiser_beta_5,60061,allowed_raw_timestamps,0.0,0.0032323548142183848,0.015836802557751106
initial,0_45_40_1000_1_query_0.5_c6f6d8425cf1,0,train,query,0.5,1.019558154,1.519558154,raw_window_v1,8776,13135,8776,13135,4359,1.019596154,1.519485154,0.0,0.0,9009,4505,3000,local_endpoint_hold,local_line,3.799999999998249e-05,1.7499944499954623e-05,2000,3003,kaiser_beta_5,60061,allowed_raw_timestamps,0.0,0.00437772164065376,0.03281306632689063
initial,0_90_60_1000_0_query_0.5_c6f6d8425cf1,0,train,query,0.5,0.3005,0.8005,raw_window_v1,2600,6946,2600,6946,4346,0.300591,0.800271,0.0,0.0,9009,4505,3000,local_endpoint_hold,local_line,9.100000000000774e-05,0.00017349994449999961,2000,3003,kaiser_beta_5,60061,allowed_raw_timestamps,0.0,0.002803556336737087,0.017845572801158838
initial,0_90_60_1000_1_query_0.5_c6f6d8425cf1,0,train,query,0.5,0.2795,0.7795000000000001,raw_window_v1,2387,6668,2387,6668,4281,0.279526,0.779491,0.0,0.0,9009,4505,3000,local_endpoint_hold,local_line,2.599999999997049e-05,0.0,2000,3003,kaiser_beta_5,60061,allowed_raw_timestamps,0.0,0.00030340330823448264,0.001494680678149951
initial,102_0_30_500_0_query_0.5_c6f6d8425cf1,102,train,query,0.5,0.3001666666666667,0.8001666666666667,raw_window_v1,2591,6815,2591,6815,4224,0.300267,0.800078,0.0,0.0,9009,4505,3000,local_endpoint_hold,local_line,0.0001003333333333134,3.316661116670172e-05,2000,3003,kaiser_beta_5,60061,allowed_raw_timestamps,0.0,0.0032369647003914945,0.01437626810630821
initial,102_0_30_500_1_query_0.5_c6f6d8425cf1,102,train,query,0.5,1.0394957453333333,1.5394957453333333,raw_window_v1,8965,13320,8965,13320,4355,1.039536412,1.539403412,0.0,0.0,9009,4505,3000,local_endpoint_hold,local_line,4.066666666657781e-05,3.6833277833325795e-05,2000,3003,kaiser_beta_5,60061,allowed_raw_timestamps,0.0,0.0036461384908981595,0.01653142319226042
initial,102_0_40_500_0_support_0.5_c6f6d8425cf1,102,train,support,0.5,0.29,0.79,raw_window_v1,2513,6838,2513,6838,4325,0.290012,0.789939,0.0,0.0,9009,4505,3000,local_endpoint_hold,local_line,1.2000000000012001e-05,5.499944500053644e-06,2000,3003,kaiser_beta_5,60061,allowed_raw_timestamps,0.0,0.004550446650934254,0.021742053134062633
initial,102_0_50_500_0_query_0.5_c6f6d8425cf1,102,train,query,0.5,0.28937427633333335,0.7893742763333333,raw_window_v1,2443,6726,2443,6726,4283,0.289489943,0.789270943,0.0,0.0,9009,4505,3000,local_endpoint_hold,local_line,0.00011566666666668057,4.783327783330904e-05,2000,3003,kaiser_beta_5,60061,allowed_raw_timestamps,0.0,0.0045237957856799176,0.019559095028722773
initial,102_0_50_500_1_query_0.5_c6f6d8425cf1,102,train,query,0.5,0.3408508023333333,0.8408508023333333,raw_window_v1,2879,7098,2879,7098,4219,0.340886469,0.840780469,0.0,0.0,9009,4505,3000,local_endpoint_hold,local_line,3.566666666671159e-05,1.4833277833248282e-05,2000,3003,kaiser_beta_5,60061,allowed_raw_timestamps,0.0,0.0017624791736325595,0.00739752918005232
initial,102_45_40_1000_0_query_0.5_c6f6d8425cf1,102,train,query,0.5,0.3398333333333333,0.8398333333333333,raw_window_v1,2929,7294,2929,7294,4365,0.339873,0.839819,0.0,0.0,9009,4505,3000,local_endpoint_hold,local_line,3.966666666666008e-05,0.0,2000,3003,kaiser_beta_5,60061,allowed_raw_timestamps,0.0,0.005304394018754831,0.031089481780780748
initial,102_45_40_1000_1_query_0.5_c6f6d8425cf1,102,train,query,0.5,1.239537734,1.739537734,raw_window_v1,10680,15027,10680,15027,4347,1.239619734,1.739504734,0.0,0.0,9009,4505,3000,local_endpoint_hold,local_line,8.199999999991547e-05,0.0,2000,3003,kaiser_beta_5,60061,allowed_raw_timestamps,0.0,0.004604376598564319,0.022550158671378995
initial,102_90_60_1000_0_query_0.5_c6f6d8425cf1,102,train,query,0.5,0.3301839636666667,0.8301839636666667,raw_window_v1,2877,7237,2877,7237,4360,0.330234297,0.830128297,0.0,0.0,9009,4505,3000,local_endpoint_hold,local_line,5.033333333331891e-05,1.6661116664096198e-07,2000,3003,kaiser_beta_5,60061,allowed_raw_timestamps,0.0,0.0038283769571047697,0.03010784937864086
initial,102_90_60_1000_1_query_0.5_c6f6d8425cf1,102,train,query,0.5,0.349534378,0.849534378,raw_window_v1,3016,7323,3016,7323,4307,0.349588378,0.849518378,0.0,0.0,9009,4505,3000,local_endpoint_hold,local_line,5.3999999999998494e-05,0.0,2000,3003,kaiser_beta_5,60061,allowed_raw_timestamps,0.0,0.004448248370466289,0.032076802438902874
initial,103_0_30_500_0_query_0.5_c6f6d8425cf1,103,train,query,0.5,0.2895,0.7895,raw_window_v1,2469,6765,2469,6765,4296,0.289526,0.789426,0.0,0.0,9009,4505,3000,local_endpoint_hold,local_line,2.6000000000026002e-05,1.849994449998338e-05,2000,3003,kaiser_beta_5,60061,allowed_raw_timestamps,0.0,0.0021508545922854644,0.009046804769617722
initial,103_0_30_500_1_query_0.5_c6f6d8425cf1,103,train,query,0.5,0.340152816,0.840152816,raw_window_v1,2831,7159,2831,7159,4328,0.340165816,0.840067816,0.0,0.0,9009,4505,3000,local_endpoint_hold,local_line,1.2999999999985246e-05,2.9499944499966624e-05,2000,3003,kaiser_beta_5,60061,allowed_raw_timestamps,0.0,0.0012561686667786603,0.011903392460792972
initial,103_0_40_500_0_support_0.5_c6f6d8425cf1,103,train,support,0.5,0.34,0.8400000000000001,raw_window_v1,2821,7152,2821,7152,4331,0.34007,0.839979,0.0,0.0,9009,4505,3000,local_endpoint_hold,local_line,6.999999999995898e-05,0.0,2000,3003,kaiser_beta_5,60061,allowed_raw_timestamps,0.0,0.0016275823564714078,0.009568877711393586
initial,103_0_50_500_0_query_0.5_c6f6d8425cf1,103,train,query,0.5,0.3287618586666667,0.8287618586666667,raw_window_v1,2829,7163,2829,7163,4334,0.328830192,0.828665192,0.0,0.0,9009,4505,3000,local_endpoint_hold,local_line,6.833333333333691e-05,4.116661116670972e-05,2000,3003,kaiser_beta_5,60061,allowed_raw_timestamps,0.0,0.0011123359676446798,0.0048941626523824056
initial,103_0_50_500_1_query_0.5_c6f6d8425cf1,103,train,query,0.5,0.3303333333333333,0.8303333333333334,raw_window_v1,2752,7097,2752,7097,4345,0.330383,0.830213,0.0,0.0,9009,4505,3000,local_endpoint_hold,local_line,4.966666666667008e-05,6.48332778333538e-05,2000,3003,kaiser_beta_5,60061,allowed_raw_timestamps,0.0,0.0007481255502356027,0.00391853818859067
initial,103_45_40_1000_0_query_0.5_c6f6d8425cf1,103,train,query,0.5,0.31083333333333335,0.8108333333333333,raw_window_v1,2632,6971,2632,6971,4339,0.31087,0.810833,0.0,0.0,9009,4505,3000,local_endpoint_hold,local_line,3.666666666662932e-05,0.0,2000,3003,kaiser_beta_5,60061,allowed_raw_timestamps,0.0,0.004388691877545546,0.019141753503606918
initial,103_45_40_1000_1_query_0.5_c6f6d8425cf1,103,train,query,0.5,1.1206666666666667,1.6206666666666667,raw_window_v1,9644,13986,9644,13986,4342,1.120764,1.620665,0.0,0.0,9009,4505,3000,local_endpoint_hold,local_line,9.733333333339367e-05,0.0,2000,3003,kaiser_beta_5,60061,allowed_raw_timestamps,0.0,0.0019554134434272372,0.013258430496141393
initial,103_90_60_1000_0_query_0.5_c6f6d8425cf1,103,train,query,0.5,0.32033333333333336,0.8203333333333334,raw_window_v1,2760,7095,2760,7095,4335,0.320394,0.820296,0.0,0.0,9009,4505,3000,local_endpoint_hold,local_line,6.0666666666653324e-05,0.0,2000,3003,kaiser_beta_5,60061,allowed_raw_timestamps,0.0,0.0016731173491047323,0.010356185304617238
initial,103_90_60_1000_1_query_0.5_c6f6d8425cf1,103,train,query,0.5,0.35033333333333333,0.8503333333333334,raw_window_v1,2996,7347,2996,7347,4351,0.350396,0.850288,0.0,0.0,9009,4505,3000,local_endpoint_hold,local_line,6.266666666665532e-05,0.0,2000,3003,kaiser_beta_5,60061,allowed_raw_timestamps,0.0,0.0022885716041053513,0.013764744221758995
initial,10_0_30_500_1_query_0.5_c6f6d8425cf1,10,val,query,0.5,0.2808333333333333,0.7808333333333333,raw_window_v1,2396,6642,2396,6642,4246,0.28086,0.780739,0.0,0.0,9009,4505,3000,local_endpoint_hold,local_line,2.6666666666674832e-05,3.8833277833272284e-05,2000,3003,kaiser_beta_5,60061,allowed_raw_timestamps,0.0,0.0006541692952291243,0.003138876960648407
initial,10_0_40_500_0_support_0.5_c6f6d8425cf1,10,val,support,0.5,0.29055006099999997,0.790550061,raw_window_v1,2513,6737,2513,6737,4224,0.290622061,0.790450061,0.0,0.0,9009,4505,3000,local_endpoint_hold,local_line,7.20000000000165e-05,4.449994449995387e-05,2000,3003,kaiser_beta_5,60061,allowed_raw_timestamps,0.0,0.004969456291880309,0.018470720921344608
initial,10_0_50_500_1_query_0.5_c6f6d8425cf1,10,val,query,0.5,0.531,1.0310000000000001,raw_window_v1,4535,8807,4535,8807,4272,0.531109,1.030956,0.0,0.0,9009,4505,3000,local_endpoint_hold,local_line,0.00010900000000002574,0.0,2000,3003,kaiser_beta_5,60061,allowed_raw_timestamps,0.0,0.003996684381570637,0.02044564686776651
initial,10_45_40_1000_1_query_0.5_c6f6d8425cf1,10,val,query,0.5,0.3115,0.8115,raw_window_v1,2657,6885,2657,6885,4228,0.311541,0.811185,0.0,0.0,9009,4505,3000,local_endpoint_hold,local_line,4.100000000001325e-05,0.0002594999444999191,2000,3003,kaiser_beta_5,60061,allowed_raw_timestamps,0.0,0.004292879572451528,0.02592535985790967
initial,10_90_60_1000_1_query_0.5_c6f6d8425cf1,10,val,query,0.5,0.30133333333333334,0.8013333333333333,raw_window_v1,2505,6771,2505,6771,4266,0.301429,0.801317,0.0,0.0,9009,4505,3000,local_endpoint_hold,local_line,9.566666666666057e-05,0.0,2000,3003,kaiser_beta_5,60061,allowed_raw_timestamps,0.0,0.004371664954368851,0.03180246550652388
initial,38_0_30_500_0_query_0.5_c6f6d8425cf1,38,train,query,0.5,0.30083333333333334,0.8008333333333333,raw_window_v1,2545,6861,2545,6861,4316,0.300865,0.800821,0.0,0.0,9009,4505,3000,local_endpoint_hold,local_line,3.166666666665208e-05,0.0,2000,3003,kaiser_beta_5,60061,allowed_raw_timestamps,0.0,0.004851380096707808,0.03135748878309119
initial,38_0_30_500_1_query_0.5_c6f6d8425cf1,38,train,query,0.5,0.30084266933333337,0.8008426693333334,raw_window_v1,2600,6951,2600,6951,4351,0.300852336,0.800749336,0.0,0.0,9009,4505,3000,local_endpoint_hold,local_line,9.666666666630075e-06,3.783327783335455e-05,2000,3003,kaiser_beta_5,60061,allowed_raw_timestamps,0.0,0.003979950285222351,0.02216494188399487
initial,38_0_40_500_0_support_0.5_c6f6d8425cf1,38,train,support,0.5,0.2906666666666667,0.7906666666666666,raw_window_v1,2510,6855,2510,6855,4345,0.290683,0.790587,0.0,0.0,9009,4505,3000,local_endpoint_hold,local_line,1.6333333333340416e-05,2.4166611166553942e-05,2000,3003,kaiser_beta_5,60061,allowed_raw_timestamps,0.0,0.004507197516966624,0.01970566079613434
initial,38_0_50_500_0_query_0.5_c6f6d8425cf1,38,train,query,0.5,0.2997224386666667,0.7997224386666667,raw_window_v1,2598,6944,2598,6944,4346,0.299833772,0.799701772,0.0,0.0,9009,4505,3000,local_endpoint_hold,local_line,0.00011133333333329665,0.0,2000,3003,kaiser_beta_5,60061,allowed_raw_timestamps,0.0,0.0057947593611058735,0.027215990855332883
initial,38_0_50_500_1_query_0.5_c6f6d8425cf1,38,train,query,0.5,0.3001841706666667,0.8001841706666667,raw_window_v1,2579,6831,2579,6831,4252,0.300197504,0.800091504,0.0,0.0,9009,4505,3000,local_endpoint_hold,local_line,1.333333333330966e-05,3.716661116670572e-05,2000,3003,kaiser_beta_5,60061,allowed_raw_timestamps,0.0,0.0049279963079642925,0.02091196280268015
initial,38_45_40_1000_0_query_0.5_c6f6d8425cf1,38,train,query,0.5,0.30936371733333334,0.8093637173333333,raw_window_v1,2653,6932,2653,6932,4279,0.309447384,0.809251384,0.0,0.0,9009,4505,3000,local_endpoint_hold,local_line,8.366666666664857e-05,5.68332778333458e-05,2000,3003,kaiser_beta_5,60061,allowed_raw_timestamps,0.0,0.0033718292653012335,0.01839887713256516
initial,38_45_40_1000_1_query_0.5_c6f6d8425cf1,38,train,query,0.5,0.2893476166666667,0.7893476166666666,raw_window_v1,2477,6781,2477,6781,4304,0.28938995,0.78924895,0.0,0.0,9009,4505,3000,local_endpoint_hold,local_line,4.233333333331091e-05,4.316661116665621e-05,2000,3003,kaiser_beta_5,60061,allowed_raw_timestamps,0.0,0.002265471553039309,0.011104209975485446
initial,38_90_60_1000_0_query_0.5_c6f6d8425cf1,38,train,query,0.5,0.32016666666666665,0.8201666666666667,raw_window_v1,2722,6995,2722,6995,4273,0.320266,0.820159,0.0,0.0,9009,4505,3000,local_endpoint_hold,local_line,9.933333333334016e-05,0.0,2000,3003,kaiser_beta_5,60061,allowed_raw_timestamps,0.0,0.005066175562086812,0.028391079977361677
initial,38_90_60_1000_1_query_0.5_c6f6d8425cf1,38,train,query,0.5,0.309036708,0.809036708,raw_window_v1,2665,7003,2665,7003,4338,0.309076708,0.808979708,0.0,0.0,9009,4505,3000,local_endpoint_hold,local_line,3.999999999998449e-05,1.4999445000496436e-06,2000,3003,kaiser_beta_5,60061,allowed_raw_timestamps,0.0,0.003853646888350971,0.03106309789886197
initial,49_0_30_500_0_query_0.5_c6f6d8425cf1,49,train,query,0.5,1.36009595,1.86009595,raw_window_v1,11802,16174,11802,16174,4372,1.36016395,1.86000095,0.0,0.0,9009,4505,3000,local_endpoint_hold,local_line,6.799999999995698e-05,3.9499944499921114e-05,2000,3003,kaiser_beta_5,60061,allowed_raw_timestamps,0.0,0.003805530725859529,0.013975430613455408
initial,49_0_30_500_1_query_0.5_c6f6d8425cf1,49,train,query,0.5,0.30083333333333334,0.8008333333333333,raw_window_v1,2575,6864,2575,6864,4289,0.300866,0.800806,0.0,0.0,9009,4505,3000,local_endpoint_hold,local_line,3.266666666668083e-05,0.0,2000,3003,kaiser_beta_5,60061,allowed_raw_timestamps,0.0,0.0036674306295585318,0.024173942740556065
initial,49_0_40_500_0_support_0.5_c6f6d8425cf1,49,train,support,0.5,0.5711882536666667,1.0711882536666666,raw_window_v1,4898,9273,4898,9273,4375,0.571234587,1.071125587,0.0,0.0,9009,4505,3000,local_endpoint_hold,local_line,4.63333333332594e-05,7.166611166731229e-06,2000,3003,kaiser_beta_5,60061,allowed_raw_timestamps,0.0,0.004485713963782186,0.020813297225215077
initial,49_0_50_500_0_query_0.5_c6f6d8425cf1,49,train,query,0.5,0.300550379,0.8005503789999999,raw_window_v1,2554,6777,2554,6777,4223,0.300586379,0.800417379,0.0,0.0,9009,4505,3000,local_endpoint_hold,local_line,3.6000000000036e-05,7.74999444999036e-05,2000,3003,kaiser_beta_5,60061,allowed_raw_timestamps,0.0,0.003431774239839738,0.017732726080294192
initial,49_0_50_500_1_query_0.5_c6f6d8425cf1,49,train,query,0.5,0.3207098546666667,0.8207098546666667,raw_window_v1,2746,7065,2746,7065,4319,0.320731188,0.820556188,0.0,0.0,9009,4505,3000,local_endpoint_hold,local_line,2.133333333331766e-05,9.816661116668346e-05,2000,3003,kaiser_beta_5,60061,allowed_raw_timestamps,0.0,0.002406524239228918,0.011687605964193715
initial,49_45_40_1000_0_query_0.5_c6f6d8425cf1,49,train,query,0.5,0.2996666666666667,0.7996666666666667,raw_window_v1,2569,6813,2569,6813,4244,0.299713,0.799633,0.0,0.0,9009,4505,3000,local_endpoint_hold,local_line,4.633333333331491e-05,0.0,2000,3003,kaiser_beta_5,60061,allowed_raw_timestamps,0.0,0.003921653166768214,0.022438284701911115
initial,49_45_40_1000_1_query_0.5_c6f6d8425cf1,49,train,query,0.5,0.28883333333333333,0.7888333333333333,raw_window_v1,2472,6771,2472,6771,4299,0.288888,0.788828,0.0,0.0,9009,4505,3000,local_endpoint_hold,local_line,5.466666666664732e-05,0.0,2000,3003,kaiser_beta_5,60061,allowed_raw_timestamps,0.0,0.002419926153080248,0.013162083319505857
initial,49_90_60_1000_0_query_0.5_c6f6d8425cf1,49,train,query,0.5,0.30937049133333333,0.8093704913333333,raw_window_v1,2643,6965,2643,6965,4322,0.309417158,0.809353158,0.0,0.0,9009,4505,3000,local_endpoint_hold,local_line,4.6666666666694834e-05,0.0,2000,3003,kaiser_beta_5,60061,allowed_raw_timestamps,0.0,0.003762095830630441,0.02006102183528835
initial,49_90_60_1000_1_query_0.5_c6f6d8425cf1,49,train,query,0.5,0.31083932033333334,0.8108393203333333,raw_window_v1,2648,6964,2648,6964,4316,0.310849987,0.810736987,0.0,0.0,9009,4505,3000,local_endpoint_hold,local_line,1.066666666665883e-05,4.6833277833280285e-05,2000,3003,kaiser_beta_5,60061,allowed_raw_timestamps,0.0,0.0031380059804418437,0.026584612703966393
initial,57_0_30_500_1_query_0.5_c6f6d8425cf1,57,val,query,0.5,0.28947834733333333,0.7894783473333333,raw_window_v1,2348,6654,2348,6654,4306,0.289539014,0.789411014,0.0,0.0,9009,4505,3000,local_endpoint_hold,local_line,6.0666666666653324e-05,1.1833277833273037e-05,2000,3003,kaiser_beta_5,60061,allowed_raw_timestamps,0.0,0.008395084166299726,0.02912521273736024
initial,57_0_40_500_0_support_0.5_c6f6d8425cf1,57,val,support,0.5,0.2909398183333333,0.7909398183333334,raw_window_v1,2478,6762,2478,6762,4284,0.290951485,0.790836485,0.0,0.0,9009,4505,3000,local_endpoint_hold,local_line,1.1666666666687586e-05,4.783327783330904e-05,2000,3003,kaiser_beta_5,60061,allowed_raw_timestamps,0.0,0.004147263926637984,0.02490532041490079
initial,57_0_50_500_1_query_0.5_c6f6d8425cf1,57,val,query,0.5,0.29933333333333334,0.7993333333333333,raw_window_v1,2572,6821,2572,6821,4249,0.299383,0.799301,0.0,0.0,9009,4505,3000,local_endpoint_hold,local_line,4.966666666667008e-05,0.0,2000,3003,kaiser_beta_5,60061,allowed_raw_timestamps,0.0,0.007935977544069456,0.03801642389466586
initial,57_45_40_1000_1_query_0.5_c6f6d8425cf1,57,val,query,0.5,0.2798333333333333,0.7798333333333334,raw_window_v1,2419,6783,2419,6783,4364,0.279913,0.779738,0.0,0.0,9009,4505,3000,local_endpoint_hold,local_line,7.966666666670008e-05,3.983327783330104e-05,2000,3003,kaiser_beta_5,60061,allowed_raw_timestamps,0.0,0.0005411273198907274,0.003110148469097851
initial,57_90_60_1000_1_query_0.5_c6f6d8425cf1,57,val,query,0.5,0.31933333333333336,0.8193333333333334,raw_window_v1,2752,7065,2752,7065,4313,0.319397,0.819147,0.0,0.0,9009,4505,3000,local_endpoint_hold,local_line,6.366666666662857e-05,0.0001308332778333643,2000,3003,kaiser_beta_5,60061,allowed_raw_timestamps,0.0,0.00282165638149433,0.015140611723129638
initial,65_0_30_500_0_query_0.5_c6f6d8425cf1,65,train,query,0.5,0.3005,0.8005,raw_window_v1,2595,6829,2595,6829,4234,0.30056,0.800431,0.0,0.0,9009,4505,3000,local_endpoint_hold,local_line,6.0000000000004494e-05,1.3499944499950622e-05,2000,3003,kaiser_beta_5,60061,allowed_raw_timestamps,0.0,0.004523863703640436,0.017396058935696512
initial,65_0_30_500_1_query_0.5_c6f6d8425cf1,65,train,query,0.5,0.2897726706666667,0.7897726706666667,raw_window_v1,2516,6830,2516,6830,4314,0.289831004,0.789679004,0.0,0.0,9009,4505,3000,local_endpoint_hold,local_line,5.833333333332691e-05,3.8166611166623454e-05,2000,3003,kaiser_beta_5,60061,allowed_raw_timestamps,0.0,0.007754552918472417,0.04866585911852184
initial,65_0_40_500_0_support_0.5_c6f6d8425cf1,65,train,support,0.5,0.31133558033333336,0.8113355803333333,raw_window_v1,2717,7043,2717,7043,4326,0.311336247,0.811267247,0.0,0.0,9009,4505,3000,local_endpoint_hold,local_line,6.666666666488297e-07,1.2833277833301793e-05,2000,3003,kaiser_beta_5,60061,allowed_raw_timestamps,0.0,0.004407170552283034,0.027779740036735223
initial,65_0_50_500_0_query_0.5_c6f6d8425cf1,65,train,query,0.5,0.3001666666666667,0.8001666666666667,raw_window_v1,2588,6904,2588,6904,4316,0.300266,0.800007,0.0,0.0,9009,4505,3000,local_endpoint_hold,local_line,9.933333333328465e-05,0.00010416661116663395,2000,3003,kaiser_beta_5,60061,allowed_raw_timestamps,0.0,0.004112883386921967,0.019171894667898925
initial,65_0_50_500_1_query_0.5_c6f6d8425cf1,65,train,query,0.5,0.29944360633333333,0.7994436063333333,raw_window_v1,2539,6850,2539,6850,4311,0.299466273,0.799333273,0.0,0.0,9009,4505,3000,local_endpoint_hold,local_line,2.266666666667083e-05,5.4833277833288285e-05,2000,3003,kaiser_beta_5,60061,allowed_raw_timestamps,0.0,0.006419305797420726,0.03832892844632507
initial,65_45_40_1000_0_query_0.5_c6f6d8425cf1,65,train,query,0.5,0.28019848166666667,0.7801984816666667,raw_window_v1,2412,6750,2412,6750,4338,0.280211815,0.780173815,0.0,0.0,9009,4505,3000,local_endpoint_hold,local_line,1.333333333330966e-05,0.0,2000,3003,kaiser_beta_5,60061,allowed_raw_timestamps,0.0,0.0006244504223846201,0.0024518480028374867
initial,65_45_40_1000_1_query_0.5_c6f6d8425cf1,65,train,query,0.5,0.2903609986666667,0.7903609986666666,raw_window_v1,2464,6770,2464,6770,4306,0.290419332,0.790331332,0.0,0.0,9009,4505,3000,local_endpoint_hold,local_line,5.83333333332714e-05,0.0,2000,3003,kaiser_beta_5,60061,allowed_raw_timestamps,0.0,0.0023228254464579532,0.009829568592173654
initial,65_90_60_1000_0_query_0.5_c6f6d8425cf1,65,train,query,0.5,0.31866666666666665,0.8186666666666667,raw_window_v1,2765,7091,2765,7091,4326,0.318676,0.818629,0.0,0.0,9009,4505,3000,local_endpoint_hold,local_line,9.333333333361171e-06,0.0,2000,3003,kaiser_beta_5,60061,allowed_raw_timestamps,0.0,0.0026711295206487125,0.013564931526408586
initial,65_90_60_1000_1_query_0.5_c6f6d8425cf1,65,train,query,0.5,0.32043213833333334,0.8204321383333333,raw_window_v1,2755,7069,2755,7069,4314,0.320771805,0.820388805,0.0,0.0,9009,4505,3000,local_endpoint_hold,local_line,0.00033966666666668255,0.0,2000,3003,kaiser_beta_5,60061,allowed_raw_timestamps,0.0,0.002797080446920647,0.01598287952365629
initial,74_0_30_500_0_query_0.5_c6f6d8425cf1,74,train,query,0.5,0.29083333333333333,0.7908333333333333,raw_window_v1,2440,6754,2440,6754,4314,0.290908,0.790825,0.0,0.0,9009,4505,3000,local_endpoint_hold,local_line,7.466666666666733e-05,0.0,2000,3003,kaiser_beta_5,60061,allowed_raw_timestamps,0.0,0.003583643728586624,0.01722444591322425
initial,74_0_30_500_1_query_0.5_c6f6d8425cf1,74,train,query,0.5,0.849580725,1.349580725,raw_window_v1,7319,11672,7319,11672,4353,0.849598725,1.349568725,0.0,0.0,9009,4505,3000,local_endpoint_hold,local_line,1.799999999996249e-05,0.0,2000,3003,kaiser_beta_5,60061,allowed_raw_timestamps,0.0,0.0035447002039534444,0.022229029700489455
initial,74_0_40_500_0_support_0.5_c6f6d8425cf1,74,train,support,0.5,0.2895,0.7895,raw_window_v1,2496,6760,2496,6760,4264,0.289579,0.789496,0.0,0.0,9009,4505,3000,local_endpoint_hold,local_line,7.899999999999574e-05,0.0,2000,3003,kaiser_beta_5,60061,allowed_raw_timestamps,0.0,0.003330861172174293,0.01338739654469645
initial,74_0_50_500_0_query_0.5_c6f6d8425cf1,74,train,query,0.5,0.32016666666666665,0.8201666666666667,raw_window_v1,2719,7020,2719,7020,4301,0.320252,0.820076,0.0,0.0,9009,4505,3000,local_endpoint_hold,local_line,8.533333333332616e-05,3.516661116664821e-05,2000,3003,kaiser_beta_5,60061,allowed_raw_timestamps,0.0,0.007586721509952769,0.027715125331722934
initial,74_0_50_500_1_query_0.5_c6f6d8425cf1,74,train,query,0.5,0.34039104633333334,0.8403910463333333,raw_window_v1,2878,7117,2878,7117,4239,0.340394713,0.840305713,0.0,0.0,9009,4505,3000,local_endpoint_hold,local_line,3.6666666666795855e-06,2.9833277833235528e-05,2000,3003,kaiser_beta_5,60061,allowed_raw_timestamps,0.0,0.0020375627778641305,0.008431654448541437
initial,74_45_40_1000_0_query_0.5_c6f6d8425cf1,74,train,query,0.5,0.31120319266666663,0.8112031926666666,raw_window_v1,2651,6997,2651,6997,4346,0.311244526,0.811152526,0.0,0.0,9009,4505,3000,local_endpoint_hold,local_line,4.1333333333393174e-05,0.0,2000,3003,kaiser_beta_5,60061,allowed_raw_timestamps,0.0,0.006136027281405739,0.03215512673085019
initial,74_45_40_1000_1_query_0.5_c6f6d8425cf1,74,train,query,0.5,0.321553067,0.821553067,raw_window_v1,2726,7016,2726,7016,4290,0.321666067,0.821551067,0.0,0.0,9091,4546,3000,local_endpoint_hold,local_line,0.00011299999999997423,0.0,6000,9091,kaiser_beta_5,181821,allowed_raw_timestamps,0.0,0.004982176133999361,0.03015897145327351
initial,74_90_60_1000_0_query_0.5_c6f6d8425cf1,74,train,query,0.5,0.31933333333333336,0.8193333333333334,raw_window_v1,2769,7060,2769,7060,4291,0.319384,0.819283,0.0,0.0,9009,4505,3000,local_endpoint_hold,local_line,5.066666666664332e-05,0.0,2000,3003,kaiser_beta_5,60061,allowed_raw_timestamps,0.0,0.0028135120452848997,0.013447760599323288
initial,74_90_60_1000_1_query_0.5_c6f6d8425cf1,74,train,query,0.5,0.30971366266666667,0.8097136626666667,raw_window_v1,2674,7006,2674,7006,4332,0.309809996,0.809600996,0.0,0.0,9009,4505,3000,local_endpoint_hold,local_line,9.63333333333094e-05,5.71666111666147e-05,2000,3003,kaiser_beta_5,60061,allowed_raw_timestamps,0.0,0.003574565828984197,0.025682791226269153
initial,79_0_30_500_0_query_0.5_c6f6d8425cf1,79,train,query,0.5,0.2906666666666667,0.7906666666666666,raw_window_v1,2510,6767,2510,6767,4257,0.290745,0.790642,0.0,0.0,9009,4505,3000,local_endpoint_hold,local_line,7.83333333332914e-05,0.0,2000,3003,kaiser_beta_5,60061,allowed_raw_timestamps,0.0,0.005847897931235861,0.033696213635194816
initial,79_0_30_500_1_query_0.5_c6f6d8425cf1,79,train,query,0.5,0.960518502,1.460518502,raw_window_v1,8192,12424,8192,12424,4232,0.960527502,1.460391502,0.0,0.0,9009,4505,3000,local_endpoint_hold,local_line,9.000000000036756e-06,7.149994449995312e-05,2000,3003,kaiser_beta_5,60061,allowed_raw_timestamps,0.0,0.003900821699261703,0.017549014231923454
initial,79_0_40_500_0_support_0.5_c6f6d8425cf1,79,train,support,0.5,0.30946271633333333,0.8094627163333333,raw_window_v1,2644,6885,2644,6885,4241,0.309550383,0.809340383,0.0,0.0,9009,4505,3000,local_endpoint_hold,local_line,8.766666666665257e-05,6.683327783330029e-05,2000,3003,kaiser_beta_5,60061,allowed_raw_timestamps,0.0,0.0037491374548642895,0.01951088666375078
initial,79_0_50_500_0_query_0.5_c6f6d8425cf1,79,train,query,0.5,0.299881798,0.7998817979999999,raw_window_v1,2505,6740,2505,6740,4235,0.299943798,0.799841798,0.0,0.0,9009,4505,3000,local_endpoint_hold,local_line,6.20000000000065e-05,0.0,2000,3003,kaiser_beta_5,60061,allowed_raw_timestamps,0.0,0.00624868071163225,0.047200230628102524
initial,79_0_50_500_1_query_0.5_c6f6d8425cf1,79,train,query,0.5,0.88001256,1.38001256,raw_window_v1,7567,11909,7567,11909,4342,0.88001556,1.37998656,0.0,0.0,9009,4505,3000,local_endpoint_hold,local_line,2.9999999999752447e-06,0.0,2000,3003,kaiser_beta_5,60061,allowed_raw_timestamps,0.0,0.001871481744415394,0.00660458351244575
initial,79_45_40_1000_0_query_0.5_c6f6d8425cf1,79,train,query,0.5,0.27002553700000004,0.770025537,raw_window_v1,2310,6573,2310,6573,4263,0.270066537,0.769962537,0.0,0.0,9009,4505,3000,local_endpoint_hold,local_line,4.099999999995774e-05,7.499944500000133e-06,2000,3003,kaiser_beta_5,60061,allowed_raw_timestamps,0.0,0.004627303597035484,0.02582029313947487
initial,79_45_40_1000_1_query_0.5_c6f6d8425cf1,79,train,query,0.5,0.2793713503333333,0.7793713503333333,raw_window_v1,2383,6690,2383,6690,4307,0.279466017,0.778988017,0.0,0.0,9009,4505,3000,local_endpoint_hold,local_line,9.466666666668733e-05,0.000327833277833256,2000,3003,kaiser_beta_5,60061,allowed_raw_timestamps,0.0,0.00482188913980396,0.024929116672351093
initial,79_90_60_1000_0_query_0.5_c6f6d8425cf1,79,train,query,0.5,0.30992216133333333,0.8099221613333334,raw_window_v1,2656,6976,2656,6976,4320,0.310002828,0.809916828,0.0,0.0,9009,4505,3000,local_endpoint_hold,local_line,8.066666666667333e-05,0.0,2000,3003,kaiser_beta_5,60061,allowed_raw_timestamps,0.0,0.0038013565199018443,0.016267517629215078
initial,79_90_60_1000_1_query_0.5_c6f6d8425cf1,79,train,query,0.5,0.31066666666666665,0.8106666666666666,raw_window_v1,2684,6992,2684,6992,4308,0.310943,0.810582,0.0,0.0,9009,4505,3000,local_endpoint_hold,local_line,0.0002763333333333784,2.9166611166586698e-05,2000,3003,kaiser_beta_5,60061,allowed_raw_timestamps,0.0,0.0033811369330694605,0.027859460269081815
initial,82_0_30_500_0_query_0.5_c6f6d8425cf1,82,train,query,0.5,1.3403333333333334,1.8403333333333334,raw_window_v1,11536,15882,11536,15882,4346,1.340339,1.840259,0.0,0.0,9009,4505,3000,local_endpoint_hold,local_line,5.666666666570563e-06,1.8833277833252282e-05,2000,3003,kaiser_beta_5,60061,allowed_raw_timestamps,0.0,0.0018510678400710894,0.008388213796060917
initial,82_0_30_500_1_query_0.5_c6f6d8425cf1,82,train,query,0.5,0.30083333333333334,0.8008333333333333,raw_window_v1,2586,6891,2586,6891,4305,0.300873,0.800737,0.0,0.0,9009,4505,3000,local_endpoint_hold,local_line,3.966666666666008e-05,4.083327783321877e-05,2000,3003,kaiser_beta_5,60061,allowed_raw_timestamps,0.0,0.0050827915476695865,0.02111145328593933
initial,82_0_40_500_0_support_0.5_c6f6d8425cf1,82,train,support,0.5,0.2796666666666667,0.7796666666666667,raw_window_v1,2393,6724,2393,6724,4331,0.27976,0.779394,0.0,0.0,9009,4505,3000,local_endpoint_hold,local_line,9.333333333333416e-05,0.0002171666111666637,2000,3003,kaiser_beta_5,60061,allowed_raw_timestamps,0.0,0.006259720803098949,0.036693279808539536
initial,82_0_50_500_0_query_0.5_c6f6d8425cf1,82,train,query,0.5,0.2892403876666667,0.7892403876666667,raw_window_v1,2420,6671,2420,6671,4251,0.289319721,0.789233721,0.0,0.0,9009,4505,3000,local_endpoint_hold,local_line,7.933333333326464e-05,0.0,2000,3003,kaiser_beta_5,60061,allowed_raw_timestamps,0.0,0.0024981767111095115,0.013838982894754714
initial,82_0_50_500_1_query_0.5_c6f6d8425cf1,82,train,query,0.5,0.2801666666666667,0.7801666666666667,raw_window_v1,2354,6661,2354,6661,4307,0.280188,0.780105,0.0,0.0,9009,4505,3000,local_endpoint_hold,local_line,2.133333333331766e-05,6.166611166591451e-06,2000,3003,kaiser_beta_5,60061,allowed_raw_timestamps,0.0,0.0005155304120248843,0.003149241451817275
initial,82_45_40_1000_0_query_0.5_c6f6d8425cf1,82,train,query,0.5,0.28918130966666666,0.7891813096666667,raw_window_v1,2454,6729,2454,6729,4275,0.289226643,0.789132643,0.0,0.0,9009,4505,3000,local_endpoint_hold,local_line,4.533333333334166e-05,0.0,2000,3003,kaiser_beta_5,60061,allowed_raw_timestamps,0.0,0.0026518238605339355,0.012697799172900037
initial,82_45_40_1000_1_query_0.5_c6f6d8425cf1,82,train,query,0.5,0.29083333333333333,0.7908333333333333,raw_window_v1,2475,6766,2475,6766,4291,0.290904,0.790773,0.0,0.0,9009,4505,3000,local_endpoint_hold,local_line,7.066666666666332e-05,4.833277833293792e-06,2000,3003,kaiser_beta_5,60061,allowed_raw_timestamps,0.0,0.0022509553306060367,0.014216383448793835
initial,82_90_60_1000_0_query_0.5_c6f6d8425cf1,82,train,query,0.5,0.31884336566666666,0.8188433656666667,raw_window_v1,2723,6936,2723,6936,4213,0.318950699,0.818596699,0.0,0.0,9009,4505,3000,local_endpoint_hold,local_line,0.00010733333333334816,0.0001911666111666932,2000,3003,kaiser_beta_5,60061,allowed_raw_timestamps,0.0,0.0023861287758648896,0.011332426970436238
initial,82_90_60_1000_1_query_0.5_c6f6d8425cf1,82,train,query,0.5,0.31933333333333336,0.8193333333333334,raw_window_v1,2714,7007,2714,7007,4293,0.319399,0.819331,0.0,0.0,9009,4505,3000,local_endpoint_hold,local_line,6.566666666663057e-05,0.0,2000,3003,kaiser_beta_5,60061,allowed_raw_timestamps,0.0,0.0025321657113762525,0.012797248836991404
initial,87_0_30_500_0_query_0.5_c6f6d8425cf1,87,train,query,0.5,0.609073451,1.109073451,raw_window_v1,5157,9528,5157,9528,4371,0.609125451,1.108961451,0.0,0.0,9009,4505,3000,local_endpoint_hold,local_line,5.2000000000052005e-05,5.649994449985485e-05,2000,3003,kaiser_beta_5,60061,allowed_raw_timestamps,0.0,0.00648531384046747,0.03327979754063071
initial,87_0_30_500_1_query_0.5_c6f6d8425cf1,87,train,query,0.5,0.28018245566666666,0.7801824556666667,raw_window_v1,2396,6683,2396,6683,4287,0.280196789,0.779958789,0.0,0.0,9009,4505,3000,local_endpoint_hold,local_line,1.4333333333338416e-05,0.00016816661116658693,2000,3003,kaiser_beta_5,60061,allowed_raw_timestamps,0.0,0.0006436134497732107,0.0034922471272986755
initial,87_0_40_500_0_support_0.5_c6f6d8425cf1,87,train,support,0.5,0.2789315863333333,0.7789315863333333,raw_window_v1,2377,6687,2377,6687,4310,0.278956253,0.778909253,0.0,0.0,9091,4546,3000,local_endpoint_hold,local_line,2.4666666666672832e-05,0.0,6000,9091,kaiser_beta_5,181821,allowed_raw_timestamps,0.0,0.003898642050336199,0.015921115152397025
initial,87_0_50_500_0_query_0.5_c6f6d8425cf1,87,train,query,0.5,0.3093034436666666,0.8093034436666666,raw_window_v1,2654,6950,2654,6950,4296,0.309379777,0.809281777,0.0,0.0,9009,4505,3000,local_endpoint_hold,local_line,7.633333333340042e-05,0.0,2000,3003,kaiser_beta_5,60061,allowed_raw_timestamps,0.0,0.003952005490547981,0.023564444931654105
initial,87_0_50_500_1_query_0.5_c6f6d8425cf1,87,train,query,0.5,0.2895,0.7895,raw_window_v1,2456,6787,2456,6787,4331,0.289586,0.789475,0.0,0.0,9009,4505,3000,local_endpoint_hold,local_line,8.60000000000305e-05,0.0,2000,3003,kaiser_beta_5,60061,allowed_raw_timestamps,0.0,0.0018679524435908784,0.010532907195222041
initial,87_45_40_1000_0_query_0.5_c6f6d8425cf1,87,train,query,0.5,0.30085802266666667,0.8008580226666666,raw_window_v1,2548,6862,2548,6862,4314,0.300973356,0.800817356,0.0,0.0,9009,4505,3000,local_endpoint_hold,local_line,0.00011533333333335616,0.0,2000,3003,kaiser_beta_5,60061,allowed_raw_timestamps,0.0,0.003797639664282867,0.024504670728823008
initial,87_45_40_1000_1_query_0.5_c6f6d8425cf1,87,train,query,0.5,0.700598435,1.2005984349999999,raw_window_v1,6046,10371,6046,10371,4325,0.700693435,1.200504435,0.0,0.0,9009,4505,3000,local_endpoint_hold,local_line,9.500000000006725e-05,3.849994450000338e-05,2000,3003,kaiser_beta_5,60061,allowed_raw_timestamps,0.0,0.0032063675524676215,0.018702787064173165
initial,87_90_60_1000_0_query_0.5_c6f6d8425cf1,87,train,query,0.5,0.31025761966666665,0.8102576196666667,raw_window_v1,2669,7031,2669,7031,4362,0.310360953,0.810165953,0.0,0.0,9009,4505,3000,local_endpoint_hold,local_line,0.00010333333333334416,3.616661116656594e-05,2000,3003,kaiser_beta_5,60061,allowed_raw_timestamps,0.0,0.004101575317306773,0.02269655762770606
initial,87_90_60_1000_1_query_0.5_c6f6d8425cf1,87,train,query,0.5,0.300752335,0.800752335,raw_window_v1,2570,6861,2570,6861,4291,0.300790335,0.800639335,0.0,0.0,9009,4505,3000,local_endpoint_hold,local_line,3.8000000000038e-05,5.7499944499994626e-05,2000,3003,kaiser_beta_5,60061,allowed_raw_timestamps,0.0,0.0031601625182385673,0.017211194025707144
expanded,0_0_20_500_0_support_0.25_51383ab427be,0,train,support,0.25,1.7096666666666667,1.9596666666666667,raw_window_v1,14812,16968,14812,16968,2156,1.709689,1.959586,0.0,0.0,9009,2253,1500,local_endpoint_hold,local_line,2.2333333333346417e-05,5.291663891671128e-05,2000,3003,kaiser_beta_5,60061,allowed_raw_timestamps,0.0,0.009113264623471432,0.038193909265451076
expanded,0_0_20_500_0_support_0.5_51383ab427be,0,train,support,0.5,1.7096666666666667,2.2096666666666667,raw_window_v1,14812,19142,14812,19142,4330,1.709689,2.209617,0.0,0.0,9009,4505,3000,local_endpoint_hold,local_line,2.2333333333346417e-05,0.0,2000,3003,kaiser_beta_5,60061,allowed_raw_timestamps,0.0,0.005806985827816959,0.035262048951123504
expanded,0_0_20_500_0_support_1_51383ab427be,0,train,support,1.0,1.7096666666666667,2.7096666666666667,raw_window_v1,14812,23483,14812,23483,8671,1.709689,2.709506,0.0,0.0,9009,9009,6000,local_endpoint_hold,local_line,2.2333333333346417e-05,4.966655566640554e-05,2000,3003,kaiser_beta_5,60061,allowed_raw_timestamps,0.0,0.004420274084943994,0.02488136866712365
expanded,0_0_30_500_0_query_0.5_51383ab427be,0,train,query,0.5,0.2801666666666667,0.7801666666666667,raw_window_v1,2405,6696,2405,6696,4291,0.280284,0.780063,0.0,0.0,9009,4505,3000,local_endpoint_hold,local_line,0.00011733333333330265,4.8166611166688966e-05,2000,3003,kaiser_beta_5,60061,allowed_raw_timestamps,0.0,0.0006162841715709766,0.0026852702107680315
expanded,0_0_30_500_1_query_0.5_51383ab427be,0,train,query,0.5,0.9297424186666666,1.4297424186666667,raw_window_v1,7984,12308,7984,12308,4324,0.929751752,1.429726752,0.0,0.0,9009,4505,3000,local_endpoint_hold,local_line,9.333333333416682e-06,0.0,2000,3003,kaiser_beta_5,60061,allowed_raw_timestamps,0.0,0.0058583616884733776,0.027680334293710196
expanded,0_0_40_1000_0_support_0.25_51383ab427be,0,train,support,0.25,0.969077448,1.219077448,raw_window_v1,8319,10490,8319,10490,2171,0.969083448,1.219048448,0.0,0.0,9091,2273,1500,local_endpoint_hold,local_line,6.000000000061512e-06,0.0,6000,9091,kaiser_beta_5,181821,allowed_raw_timestamps,0.0,0.0055634294463663735,0.04983740373720469
expanded,0_0_40_1000_0_support_0.5_51383ab427be,0,train,support,0.5,0.969077448,1.469077448,raw_window_v1,8319,12672,8319,12672,4353,0.969083448,1.468971448,0.0,0.0,9009,4505,3000,local_endpoint_hold,local_line,6.000000000061512e-06,5.049994449990436e-05,2000,3003,kaiser_beta_5,60061,allowed_raw_timestamps,0.0,0.00445231865935405,0.029966077483495557
expanded,0_0_40_1000_0_support_1_51383ab427be,0,train,support,1.0,0.969077448,1.969077448,raw_window_v1,8319,17034,8319,17034,8715,0.969083448,1.968986448,0.0,0.0,9009,9009,6000,local_endpoint_hold,local_line,6.000000000061512e-06,0.0,2000,3003,kaiser_beta_5,60061,allowed_raw_timestamps,0.0,0.0033930539895588377,0.01918972034043831
expanded,0_0_40_500_0_support_0.25_51383ab427be,0,train,support,0.25,0.28997353433333334,0.5399735343333334,raw_window_v1,2483,4653,2483,4653,2170,0.290044201,0.539954201,0.0,0.0,9009,2253,1500,local_endpoint_hold,local_line,7.066666666666332e-05,0.0,2000,3003,kaiser_beta_5,60061,allowed_raw_timestamps,0.0,0.002856675794320966,0.01876298859535863
expanded,0_0_40_500_0_support_0.5_51383ab427be,0,train,support,0.5,0.28997353433333334,0.7899735343333334,raw_window_v1,2483,6773,2483,6773,4290,0.290044201,0.789925201,0.0,0.0,9009,4505,3000,local_endpoint_hold,local_line,7.066666666666332e-05,0.0,2000,3003,kaiser_beta_5,60061,allowed_raw_timestamps,0.0,0.0023016477739600874,0.01005077213566885
expanded,0_0_40_500_0_support_1_51383ab427be,0,train,support,1.0,0.28997353433333334,1.2899735343333334,raw_window_v1,2483,11070,2483,11070,8587,0.290044201,1.289902201,0.0,0.0,9009,9009,6000,local_endpoint_hold,local_line,7.066666666666332e-05,0.0,2000,3003,kaiser_beta_5,60061,allowed_raw_timestamps,0.0,0.001669239657076912,0.008503027831015864
expanded,0_0_40_500_1_support_0.25_51383ab427be,0,train,support,0.25,0.33066666666666666,0.5806666666666667,raw_window_v1,2785,4917,2785,4917,2132,0.330718,0.580596,0.0,0.0,9009,2253,1500,local_endpoint_hold,local_line,5.1333333333347664e-05,4.2916638916645766e-05,2000,3003,kaiser_beta_5,60061,allowed_raw_timestamps,0.0,0.00074550504347382,0.005717834859495063
expanded,0_0_40_500_1_support_0.5_51383ab427be,0,train,support,0.5,0.33066666666666666,0.8306666666666667,raw_window_v1,2785,7087,2785,7087,4302,0.330718,0.830593,0.0,0.0,9009,4505,3000,local_endpoint_hold,local_line,5.1333333333347664e-05,1.8166611166603452e-05,2000,3003,kaiser_beta_5,60061,allowed_raw_timestamps,0.0,0.0005393766424573269,0.0034478857620765524
expanded,0_0_40_500_1_support_1_51383ab427be,0,train,support,1.0,0.33066666666666666,1.3306666666666667,raw_window_v1,2785,11438,2785,11438,8653,0.330718,1.330643,0.0,0.0,9009,9009,6000,local_endpoint_hold,local_line,5.1333333333347664e-05,0.0,2000,3003,kaiser_beta_5,60061,allowed_raw_timestamps,0.0,0.00037609557580070563,0.002171703932384972
expanded,0_0_50_500_0_query_0.5_51383ab427be,0,train,query,0.5,0.3408333333333333,0.8408333333333333,raw_window_v1,2881,7171,2881,7171,4290,0.340901,0.840823,0.0,0.0,9009,4505,3000,local_endpoint_hold,local_line,6.766666666668808e-05,0.0,2000,3003,kaiser_beta_5,60061,allowed_raw_timestamps,0.0,0.005303869366878724,0.04031868644817305
expanded,0_0_50_500_1_query_0.5_51383ab427be,0,train,query,0.5,0.3401666666666667,0.8401666666666667,raw_window_v1,2858,7106,2858,7106,4248,0.340266,0.839514,0.0,0.0,9009,4505,3000,local_endpoint_hold,local_line,9.933333333334016e-05,0.0005971666111667107,2000,3003,kaiser_beta_5,60061,allowed_raw_timestamps,0.0,0.005451338802787591,0.02790689727290596
expanded,0_45_40_1000_0_query_0.5_51383ab427be,0,train,query,0.5,0.3005,0.8005,raw_window_v1,2529,6863,2529,6863,4334,0.300602,0.800456,0.0,0.0,9009,4505,3000,local_endpoint_hold,local_line,0.00010199999999999099,0.0,2000,3003,kaiser_beta_5,60061,allowed_raw_timestamps,0.0,0.0032323548142183848,0.015836802557751106
expanded,0_45_40_1000_1_query_0.5_51383ab427be,0,train,query,0.5,1.019558154,1.519558154,raw_window_v1,8776,13135,8776,13135,4359,1.019596154,1.519485154,0.0,0.0,9009,4505,3000,local_endpoint_hold,local_line,3.799999999998249e-05,1.7499944499954623e-05,2000,3003,kaiser_beta_5,60061,allowed_raw_timestamps,0.0,0.00437772164065376,0.03281306632689063
expanded,0_90_40_500_0_support_0.25_51383ab427be,0,train,support,0.25,0.299,0.5489999999999999,raw_window_v1,2560,4587,2560,4587,2027,0.299113,0.548914,0.0,0.0,9009,2253,1500,local_endpoint_hold,local_line,0.00011300000000002974,5.824997225001294e-05,2000,3003,kaiser_beta_5,60061,allowed_raw_timestamps,0.0,0.007176314653368226,0.04417183962022575
expanded,0_90_40_500_0_support_0.5_51383ab427be,0,train,support,0.5,0.299,0.7989999999999999,raw_window_v1,2560,6759,2560,6759,4199,0.299113,0.798951,0.0,0.0,9009,4505,3000,local_endpoint_hold,local_line,0.00011300000000002974,0.0,2000,3003,kaiser_beta_5,60061,allowed_raw_timestamps,0.0,0.0045855427489465495,0.023945405186170277
expanded,0_90_40_500_0_support_1_51383ab427be,0,train,support,1.0,0.299,1.299,raw_window_v1,2560,11017,2560,11017,8457,0.299113,1.29896,0.0,0.0,9009,9009,6000,local_endpoint_hold,local_line,0.00011300000000002974,0.0,2000,3003,kaiser_beta_5,60061,allowed_raw_timestamps,0.0,0.0031155870026552835,0.01462267524503913
expanded,0_90_60_1000_0_query_0.5_51383ab427be,0,train,query,0.5,0.3005,0.8005,raw_window_v1,2600,6946,2600,6946,4346,0.300591,0.800271,0.0,0.0,9009,4505,3000,local_endpoint_hold,local_line,9.100000000000774e-05,0.00017349994449999961,2000,3003,kaiser_beta_5,60061,allowed_raw_timestamps,0.0,0.002803556336737087,0.017845572801158838
expanded,0_90_60_1000_1_query_0.5_51383ab427be,0,train,query,0.5,0.2795,0.7795000000000001,raw_window_v1,2387,6668,2387,6668,4281,0.279526,0.779491,0.0,0.0,9009,4505,3000,local_endpoint_hold,local_line,2.599999999997049e-05,0.0,2000,3003,kaiser_beta_5,60061,allowed_raw_timestamps,0.0,0.00030340330823448264,0.001494680678149951
expanded,102_0_20_500_0_support_0.25_51383ab427be,102,train,support,0.25,0.430089777,0.6800897770000001,raw_window_v1,3709,5877,3709,5877,2168,0.430164777,0.679986777,0.0,0.0,9009,2253,1500,local_endpoint_hold,local_line,7.499999999999174e-05,7.524997224994667e-05,2000,3003,kaiser_beta_5,60061,allowed_raw_timestamps,0.0,0.005712566142771438,0.03345466033811206
expanded,102_0_20_500_0_support_0.5_51383ab427be,102,train,support,0.5,0.430089777,0.9300897770000001,raw_window_v1,3709,8053,3709,8053,4344,0.430164777,0.929976777,0.0,0.0,9009,4505,3000,local_endpoint_hold,local_line,7.499999999999174e-05,5.7499944499994626e-05,2000,3003,kaiser_beta_5,60061,allowed_raw_timestamps,0.0,0.0037561174842743045,0.01750687795961925
expanded,102_0_20_500_0_support_1_51383ab427be,102,train,support,1.0,0.430089777,1.430089777,raw_window_v1,3709,12340,3709,12340,8631,0.430164777,1.430083777,0.0,0.0,9009,9009,6000,local_endpoint_hold,local_line,7.499999999999174e-05,0.0,2000,3003,kaiser_beta_5,60061,allowed_raw_timestamps,0.0,0.0021780275247281072,0.011630595840923519
expanded,102_0_30_500_0_query_0.5_51383ab427be,102,train,query,0.5,0.3001666666666667,0.8001666666666667,raw_window_v1,2591,6815,2591,6815,4224,0.300267,0.800078,0.0,0.0,9009,4505,3000,local_endpoint_hold,local_line,0.0001003333333333134,3.316661116670172e-05,2000,3003,kaiser_beta_5,60061,allowed_raw_timestamps,0.0,0.0032369647003914945,0.01437626810630821
expanded,102_0_30_500_1_query_0.5_51383ab427be,102,train,query,0.5,1.0394957453333333,1.5394957453333333,raw_window_v1,8965,13320,8965,13320,4355,1.039536412,1.539403412,0.0,0.0,9009,4505,3000,local_endpoint_hold,local_line,4.066666666657781e-05,3.6833277833325795e-05,2000,3003,kaiser_beta_5,60061,allowed_raw_timestamps,0.0,0.0036461384908981595,0.01653142319226042
expanded,102_0_40_1000_0_support_0.25_51383ab427be,102,train,support,0.25,0.290187201,0.540187201,raw_window_v1,2482,4630,2482,4630,2148,0.290455201,0.540123201,0.0,0.0,9009,2253,1500,local_endpoint_hold,local_line,0.00026799999999999047,3.624997225004645e-05,2000,3003,kaiser_beta_5,60061,allowed_raw_timestamps,0.0,0.006216746831232675,0.05907371110058657
expanded,102_0_40_1000_0_support_0.5_51383ab427be,102,train,support,0.5,0.290187201,0.790187201,raw_window_v1,2482,6799,2482,6799,4317,0.290455201,0.790185201,0.0,0.0,9009,4505,3000,local_endpoint_hold,local_line,0.00026799999999999047,0.0,2000,3003,kaiser_beta_5,60061,allowed_raw_timestamps,0.0,0.00473585433131505,0.025115437440984767
expanded,102_0_40_1000_0_support_1_51383ab427be,102,train,support,1.0,0.290187201,1.290187201,raw_window_v1,2482,11136,2482,11136,8654,0.290455201,1.290143201,0.0,0.0,9009,9009,6000,local_endpoint_hold,local_line,0.00026799999999999047,0.0,2000,3003,kaiser_beta_5,60061,allowed_raw_timestamps,0.0,0.003824918864596552,0.024248489454143485
expanded,102_0_40_500_0_support_0.25_51383ab427be,102,train,support,0.25,0.29,0.54,raw_window_v1,2513,4679,2513,4679,2166,0.290012,0.539904,0.0,0.0,9091,2273,1500,local_endpoint_hold,local_line,1.2000000000012001e-05,1.350082499163019e-05,6000,9091,kaiser_beta_5,181821,allowed_raw_timestamps,0.0,0.005745257611055671,0.03835831848314175
expanded,102_0_40_500_0_support_0.5_51383ab427be,102,train,support,0.5,0.29,0.79,raw_window_v1,2513,6838,2513,6838,4325,0.290012,0.789939,0.0,0.0,9009,4505,3000,local_endpoint_hold,local_line,1.2000000000012001e-05,5.499944500053644e-06,2000,3003,kaiser_beta_5,60061,allowed_raw_timestamps,0.0,0.004550446650934254,0.021742053134062633
expanded,102_0_40_500_0_support_1_51383ab427be,102,train,support,1.0,0.29,1.29,raw_window_v1,2513,11183,2513,11183,8670,0.290012,1.28997,0.0,0.0,9091,9091,6000,local_endpoint_hold,local_line,1.2000000000012001e-05,0.0,6000,9091,kaiser_beta_5,181821,allowed_raw_timestamps,0.0,0.009233560583680248,0.07367869209132527
expanded,102_0_40_500_1_support_0.25_51383ab427be,102,train,support,0.25,0.31038671633333337,0.5603867163333334,raw_window_v1,2640,4814,2640,4814,2174,0.310430383,0.560354383,0.0,0.0,9009,2253,1500,local_endpoint_hold,local_line,4.366666666660857e-05,4.58330558339437e-06,2000,3003,kaiser_beta_5,60061,allowed_raw_timestamps,0.0,0.004995767618701366,0.03230064914480257
expanded,102_0_40_500_1_support_0.5_51383ab427be,102,train,support,0.5,0.31038671633333337,0.8103867163333334,raw_window_v1,2640,6969,2640,6969,4329,0.310430383,0.810111383,0.0,0.0,9009,4505,3000,local_endpoint_hold,local_line,4.366666666660857e-05,0.00021983327783337003,2000,3003,kaiser_beta_5,60061,allowed_raw_timestamps,0.0,0.0028512326942238386,0.010533937921027636
expanded,102_0_40_500_1_support_1_51383ab427be,102,train,support,1.0,0.31038671633333337,1.3103867163333334,raw_window_v1,2640,11332,2640,11332,8692,0.310430383,1.310310383,0.0,0.0,9009,9009,6000,local_endpoint_hold,local_line,4.366666666660857e-05,0.0,2000,3003,kaiser_beta_5,60061,allowed_raw_timestamps,0.0,0.0035335400503205814,0.016456474165862822
expanded,102_0_50_500_0_query_0.5_51383ab427be,102,train,query,0.5,0.28937427633333335,0.7893742763333333,raw_window_v1,2443,6726,2443,6726,4283,0.289489943,0.789270943,0.0,0.0,9009,4505,3000,local_endpoint_hold,local_line,0.00011566666666668057,4.783327783330904e-05,2000,3003,kaiser_beta_5,60061,allowed_raw_timestamps,0.0,0.0045237957856799176,0.019559095028722773
expanded,102_0_50_500_1_query_0.5_51383ab427be,102,train,query,0.5,0.3408508023333333,0.8408508023333333,raw_window_v1,2879,7098,2879,7098,4219,0.340886469,0.840780469,0.0,0.0,9009,4505,3000,local_endpoint_hold,local_line,3.566666666671159e-05,1.4833277833248282e-05,2000,3003,kaiser_beta_5,60061,allowed_raw_timestamps,0.0,0.0017624791736325595,0.00739752918005232
expanded,102_45_40_1000_0_query_0.5_51383ab427be,102,train,query,0.5,0.3398333333333333,0.8398333333333333,raw_window_v1,2929,7294,2929,7294,4365,0.339873,0.839819,0.0,0.0,9009,4505,3000,local_endpoint_hold,local_line,3.966666666666008e-05,0.0,2000,3003,kaiser_beta_5,60061,allowed_raw_timestamps,0.0,0.005304394018754831,0.031089481780780748
expanded,102_45_40_1000_1_query_0.5_51383ab427be,102,train,query,0.5,1.239537734,1.739537734,raw_window_v1,10680,15027,10680,15027,4347,1.239619734,1.739504734,0.0,0.0,9009,4505,3000,local_endpoint_hold,local_line,8.199999999991547e-05,0.0,2000,3003,kaiser_beta_5,60061,allowed_raw_timestamps,0.0,0.004604376598564319,0.022550158671378995
expanded,102_90_40_500_0_support_0.25_51383ab427be,102,train,support,0.25,0.31083333333333335,0.5608333333333333,raw_window_v1,2591,4725,2591,4725,2134,0.310877,0.560803,0.0,0.0,9009,2253,1500,local_endpoint_hold,local_line,4.366666666666408e-05,2.583305583336859e-06,2000,3003,kaiser_beta_5,60061,allowed_raw_timestamps,0.0,0.006898756935541994,0.04221445830380244
expanded,102_90_40_500_0_support_0.5_51383ab427be,102,train,support,0.5,0.31083333333333335,0.8108333333333333,raw_window_v1,2591,6881,2591,6881,4290,0.310877,0.810774,0.0,0.0,9009,4505,3000,local_endpoint_hold,local_line,4.366666666666408e-05,3.833277833265036e-06,2000,3003,kaiser_beta_5,60061,allowed_raw_timestamps,0.0,0.003965616515649087,0.029809060491430728
expanded,102_90_40_500_0_support_1_51383ab427be,102,train,support,1.0,0.31083333333333335,1.3108333333333333,raw_window_v1,2591,11254,2591,11254,8663,0.310877,1.31076,0.0,0.0,9009,9009,6000,local_endpoint_hold,local_line,4.366666666666408e-05,0.0,2000,3003,kaiser_beta_5,60061,allowed_raw_timestamps,0.0,0.0028456695785814405,0.015269767765025755
expanded,102_90_60_1000_0_query_0.5_51383ab427be,102,train,query,0.5,0.3301839636666667,0.8301839636666667,raw_window_v1,2877,7237,2877,7237,4360,0.330234297,0.830128297,0.0,0.0,9009,4505,3000,local_endpoint_hold,local_line,5.033333333331891e-05,1.6661116664096198e-07,2000,3003,kaiser_beta_5,60061,allowed_raw_timestamps,0.0,0.0038283769571047697,0.03010784937864086
expanded,102_90_60_1000_1_query_0.5_51383ab427be,102,train,query,0.5,0.349534378,0.849534378,raw_window_v1,3016,7323,3016,7323,4307,0.349588378,0.849518378,0.0,0.0,9009,4505,3000,local_endpoint_hold,local_line,5.3999999999998494e-05,0.0,2000,3003,kaiser_beta_5,60061,allowed_raw_timestamps,0.0,0.004448248370466289,0.032076802438902874
expanded,103_0_20_500_0_support_0.25_51383ab427be,103,train,support,0.25,0.8092639806666667,1.0592639806666666,raw_window_v1,6979,9180,6979,9180,2201,0.809289314,1.059175314,0.0,0.0,9009,2253,1500,local_endpoint_hold,local_line,2.533333333332166e-05,6.091663891671928e-05,2000,3003,kaiser_beta_5,60061,allowed_raw_timestamps,0.0,0.005189224120643464,0.024162137361690927
expanded,103_0_20_500_0_support_0.5_51383ab427be,103,train,support,0.5,0.8092639806666667,1.3092639806666666,raw_window_v1,6979,11344,6979,11344,4365,0.809289314,1.309257314,0.0,0.0,9009,4505,3000,local_endpoint_hold,local_line,2.533333333332166e-05,0.0,2000,3003,kaiser_beta_5,60061,allowed_raw_timestamps,0.0,0.0026953178907983357,0.02161570532643875
expanded,103_0_20_500_0_support_1_51383ab427be,103,train,support,1.0,0.8092639806666667,1.8092639806666666,raw_window_v1,6979,15700,6979,15700,8721,0.809289314,1.809260314,0.0,0.0,9009,9009,6000,local_endpoint_hold,local_line,2.533333333332166e-05,0.0,2000,3003,kaiser_beta_5,60061,allowed_raw_timestamps,0.0,0.002080245554511142,0.012054721237138022
expanded,103_0_30_500_0_query_0.5_51383ab427be,103,train,query,0.5,0.2895,0.7895,raw_window_v1,2469,6765,2469,6765,4296,0.289526,0.789426,0.0,0.0,9009,4505,3000,local_endpoint_hold,local_line,2.6000000000026002e-05,1.849994449998338e-05,2000,3003,kaiser_beta_5,60061,allowed_raw_timestamps,0.0,0.0021508545922854644,0.009046804769617722
expanded,103_0_30_500_1_query_0.5_51383ab427be,103,train,query,0.5,0.340152816,0.840152816,raw_window_v1,2831,7159,2831,7159,4328,0.340165816,0.840067816,0.0,0.0,9009,4505,3000,local_endpoint_hold,local_line,1.2999999999985246e-05,2.9499944499966624e-05,2000,3003,kaiser_beta_5,60061,allowed_raw_timestamps,0.0,0.0012561686667786603,0.011903392460792972
expanded,103_0_40_1000_0_support_0.25_51383ab427be,103,train,support,0.25,0.329583986,0.579583986,raw_window_v1,2811,4990,2811,4990,2179,0.329639986,0.579487986,0.0,0.0,9091,2273,1500,local_endpoint_hold,local_line,5.6000000000000494e-05,1.3500824991741212e-05,6000,9091,kaiser_beta_5,181821,allowed_raw_timestamps,0.0,0.008599425925128152,0.0548876246254979
expanded,103_0_40_1000_0_support_0.5_51383ab427be,103,train,support,0.5,0.329583986,0.829583986,raw_window_v1,2811,7169,2811,7169,4358,0.329639986,0.829532986,0.0,0.0,9009,4505,3000,local_endpoint_hold,local_line,5.6000000000000494e-05,0.0,2000,3003,kaiser_beta_5,60061,allowed_raw_timestamps,0.0,0.0078987474107893,0.035274939910084235
expanded,103_0_40_1000_0_support_1_51383ab427be,103,train,support,1.0,0.329583986,1.329583986,raw_window_v1,2811,11459,2811,11459,8648,0.329639986,1.329558986,0.0,0.0,9009,9009,6000,local_endpoint_hold,local_line,5.6000000000000494e-05,0.0,2000,3003,kaiser_beta_5,60061,allowed_raw_timestamps,0.0,0.004622893870205496,0.029121440914795738
expanded,103_0_40_500_0_support_0.25_51383ab427be,103,train,support,0.25,0.34,0.5900000000000001,raw_window_v1,2821,4980,2821,4980,2159,0.34007,0.589937,0.0,0.0,9009,2253,1500,local_endpoint_hold,local_line,6.999999999995898e-05,3.524997224990667e-05,2000,3003,kaiser_beta_5,60061,allowed_raw_timestamps,0.0,0.0020999382065227507,0.011730699783194076
expanded,103_0_40_500_0_support_0.5_51383ab427be,103,train,support,0.5,0.34,0.8400000000000001,raw_window_v1,2821,7152,2821,7152,4331,0.34007,0.839979,0.0,0.0,9009,4505,3000,local_endpoint_hold,local_line,6.999999999995898e-05,0.0,2000,3003,kaiser_beta_5,60061,allowed_raw_timestamps,0.0,0.0016275823564714078,0.009568877711393586
expanded,103_0_40_500_0_support_1_51383ab427be,103,train,support,1.0,0.34,1.34,raw_window_v1,2821,11474,2821,11474,8653,0.34007,1.339983,0.0,0.0,9009,9009,6000,local_endpoint_hold,local_line,6.999999999995898e-05,0.0,2000,3003,kaiser_beta_5,60061,allowed_raw_timestamps,0.0,0.001297922173104729,0.008473525007588911
expanded,103_0_40_500_1_support_0.25_51383ab427be,103,train,support,0.25,1.0103333333333333,1.2603333333333333,raw_window_v1,8552,10702,8552,10702,2150,1.010388,1.260202,0.0,0.0,9009,2253,1500,local_endpoint_hold,local_line,5.4666666666758346e-05,0.00010358330558313256,2000,3003,kaiser_beta_5,60061,allowed_raw_timestamps,0.0,0.0034392291217798226,0.025015114871050237
expanded,103_0_40_500_1_support_0.5_51383ab427be,103,train,support,0.5,1.0103333333333333,1.5103333333333333,raw_window_v1,8552,12738,8552,12738,4186,1.010388,1.510292,0.0,0.0,9009,4505,3000,local_endpoint_hold,local_line,5.4666666666758346e-05,0.0,2000,3003,kaiser_beta_5,60061,allowed_raw_timestamps,0.0,0.0025600516128636065,0.012798149836837247
expanded,103_0_40_500_1_support_1_51383ab427be,103,train,support,1.0,1.0103333333333333,2.0103333333333335,raw_window_v1,8552,17058,8552,17058,8506,1.010388,2.010302,0.0,0.0,9009,9009,6000,local_endpoint_hold,local_line,5.4666666666758346e-05,0.0,2000,3003,kaiser_beta_5,60061,allowed_raw_timestamps,0.0,0.0019058665230648867,0.009272434724630685
expanded,103_0_50_500_0_query_0.5_51383ab427be,103,train,query,0.5,0.3287618586666667,0.8287618586666667,raw_window_v1,2829,7163,2829,7163,4334,0.328830192,0.828665192,0.0,0.0,9009,4505,3000,local_endpoint_hold,local_line,6.833333333333691e-05,4.116661116670972e-05,2000,3003,kaiser_beta_5,60061,allowed_raw_timestamps,0.0,0.0011123359676446798,0.0048941626523824056
expanded,103_0_50_500_1_query_0.5_51383ab427be,103,train,query,0.5,0.3303333333333333,0.8303333333333334,raw_window_v1,2752,7097,2752,7097,4345,0.330383,0.830213,0.0,0.0,9009,4505,3000,local_endpoint_hold,local_line,4.966666666667008e-05,6.48332778333538e-05,2000,3003,kaiser_beta_5,60061,allowed_raw_timestamps,0.0,0.0007481255502356027,0.00391853818859067
expanded,103_45_40_1000_0_query_0.5_51383ab427be,103,train,query,0.5,0.31083333333333335,0.8108333333333333,raw_window_v1,2632,6971,2632,6971,4339,0.31087,0.810833,0.0,0.0,9009,4505,3000,local_endpoint_hold,local_line,3.666666666662932e-05,0.0,2000,3003,kaiser_beta_5,60061,allowed_raw_timestamps,0.0,0.004388691877545546,0.019141753503606918
expanded,103_45_40_1000_1_query_0.5_51383ab427be,103,train,query,0.5,1.1206666666666667,1.6206666666666667,raw_window_v1,9644,13986,9644,13986,4342,1.120764,1.620665,0.0,0.0,9009,4505,3000,local_endpoint_hold,local_line,9.733333333339367e-05,0.0,2000,3003,kaiser_beta_5,60061,allowed_raw_timestamps,0.0,0.0019554134434272372,0.013258430496141393
expanded,103_90_40_500_0_support_0.25_51383ab427be,103,train,support,0.25,0.3093415663333334,0.5593415663333334,raw_window_v1,2606,4730,2606,4730,2124,0.309379233,0.559257233,0.0,0.0,9009,2253,1500,local_endpoint_hold,local_line,3.7666666666602566e-05,5.658330558333535e-05,2000,3003,kaiser_beta_5,60061,allowed_raw_timestamps,0.0,0.005311314855774727,0.029805206615955093
expanded,103_90_40_500_0_support_0.5_51383ab427be,103,train,support,0.5,0.3093415663333334,0.8093415663333334,raw_window_v1,2606,6896,2606,6896,4290,0.309379233,0.809273233,0.0,0.0,9009,4505,3000,local_endpoint_hold,local_line,3.7666666666602566e-05,1.2833277833412815e-05,2000,3003,kaiser_beta_5,60061,allowed_raw_timestamps,0.0,0.0028428853963567164,0.015041795072605613
expanded,103_90_40_500_0_support_1_51383ab427be,103,train,support,1.0,0.3093415663333334,1.3093415663333334,raw_window_v1,2606,11258,2606,11258,8652,0.309379233,1.309285233,0.0,0.0,9009,9009,6000,local_endpoint_hold,local_line,3.7666666666602566e-05,0.0,2000,3003,kaiser_beta_5,60061,allowed_raw_timestamps,0.0,0.0021791317518656313,0.013610286602945276
expanded,103_90_60_1000_0_query_0.5_51383ab427be,103,train,query,0.5,0.32033333333333336,0.8203333333333334,raw_window_v1,2760,7095,2760,7095,4335,0.320394,0.820296,0.0,0.0,9009,4505,3000,local_endpoint_hold,local_line,6.0666666666653324e-05,0.0,2000,3003,kaiser_beta_5,60061,allowed_raw_timestamps,0.0,0.0016731173491047323,0.010356185304617238
expanded,103_90_60_1000_1_query_0.5_51383ab427be,103,train,query,0.5,0.35033333333333333,0.8503333333333334,raw_window_v1,2996,7347,2996,7347,4351,0.350396,0.850288,0.0,0.0,9009,4505,3000,local_endpoint_hold,local_line,6.266666666665532e-05,0.0,2000,3003,kaiser_beta_5,60061,allowed_raw_timestamps,0.0,0.0022885716041053513,0.013764744221758995
expanded,10_0_20_500_0_support_0.25_51383ab427be,10,val,support,0.25,0.300036955,0.5500369549999999,raw_window_v1,2523,4708,2523,4708,2185,0.300043955,0.549985955,0.0,0.0,9050,2263,1500,local_endpoint_hold,local_line,6.999999999979245e-06,0.0,120,181,kaiser_beta_5,3621,allowed_raw_timestamps,0.0,0.006300294725953916,0.03950932232366
expanded,10_0_20_500_0_support_0.5_51383ab427be,10,val,support,0.5,0.300036955,0.8000369549999999,raw_window_v1,2523,6897,2523,6897,4374,0.300043955,0.800025955,0.0,0.0,9009,4505,3000,local_endpoint_hold,local_line,6.999999999979245e-06,0.0,2000,3003,kaiser_beta_5,60061,allowed_raw_timestamps,0.0,0.005272745899947762,0.026830145446793185
expanded,10_0_20_500_0_support_1_51383ab427be,10,val,support,1.0,0.300036955,1.300036955,raw_window_v1,2523,11268,2523,11268,8745,0.300043955,1.299969955,0.0,0.0,9009,9009,6000,local_endpoint_hold,local_line,6.999999999979245e-06,0.0,2000,3003,kaiser_beta_5,60061,allowed_raw_timestamps,0.0,0.0033447075345483294,0.02124344497317132
expanded,10_0_30_500_1_query_0.5_51383ab427be,10,val,query,0.5,0.2808333333333333,0.7808333333333333,raw_window_v1,2396,6642,2396,6642,4246,0.28086,0.780739,0.0,0.0,9009,4505,3000,local_endpoint_hold,local_line,2.6666666666674832e-05,3.8833277833272284e-05,2000,3003,kaiser_beta_5,60061,allowed_raw_timestamps,0.0,0.0006541692952291243,0.003138876960648407
expanded,10_0_40_1000_0_support_0.25_51383ab427be,10,val,support,0.25,0.2905,0.5405,raw_window_v1,2524,4674,2524,4674,2150,0.290589,0.54047,0.0,0.0,9091,2273,1500,local_endpoint_hold,local_line,8.900000000000574e-05,0.0,6000,9091,kaiser_beta_5,181821,allowed_raw_timestamps,0.0,0.00440087509939639,0.024474456521277776
expanded,10_0_40_1000_0_support_0.5_51383ab427be,10,val,support,0.5,0.2905,0.7905,raw_window_v1,2524,6793,2524,6793,4269,0.290589,0.790405,0.0,0.0,9091,4546,3000,local_endpoint_hold,local_line,8.900000000000574e-05,4.0000549994534396e-05,6000,9091,kaiser_beta_5,181821,allowed_raw_timestamps,0.0,0.0031101315278897756,0.01683221883274255
expanded,10_0_40_1000_0_support_1_51383ab427be,10,val,support,1.0,0.2905,1.2905,raw_window_v1,2524,11066,2524,11066,8542,0.290589,1.290326,0.0,0.0,9009,9009,6000,local_endpoint_hold,local_line,8.900000000000574e-05,6.299988899982623e-05,2000,3003,kaiser_beta_5,60061,allowed_raw_timestamps,0.0,0.0013954101042275083,0.010980774914146174
expanded,10_0_40_500_0_support_0.25_51383ab427be,10,val,support,0.25,0.29055006099999997,0.540550061,raw_window_v1,2513,4593,2513,4593,2080,0.290622061,0.540495061,0.0,0.0,9009,2253,1500,local_endpoint_hold,local_line,7.20000000000165e-05,2.724997224989867e-05,2000,3003,kaiser_beta_5,60061,allowed_raw_timestamps,0.0,0.008091186496805666,0.05848178307898344
expanded,10_0_40_500_0_support_0.5_51383ab427be,10,val,support,0.5,0.29055006099999997,0.790550061,raw_window_v1,2513,6737,2513,6737,4224,0.290622061,0.790450061,0.0,0.0,9009,4505,3000,local_endpoint_hold,local_line,7.20000000000165e-05,4.449994449995387e-05,2000,3003,kaiser_beta_5,60061,allowed_raw_timestamps,0.0,0.004969456291880309,0.018470720921344608
expanded,10_0_40_500_0_support_1_51383ab427be,10,val,support,1.0,0.29055006099999997,1.290550061,raw_window_v1,2513,11017,2513,11017,8504,0.290622061,1.290457061,0.0,0.0,9009,9009,6000,local_endpoint_hold,local_line,7.20000000000165e-05,0.0,2000,3003,kaiser_beta_5,60061,allowed_raw_timestamps,0.0,0.0029749119031540323,0.01929572657743206
expanded,10_0_40_500_1_support_0.25_51383ab427be,10,val,support,0.25,0.29989771633333334,0.5498977163333334,raw_window_v1,2525,4693,2525,4693,2168,0.299994383,0.549863383,0.0,0.0,9009,2253,1500,local_endpoint_hold,local_line,9.666666666663382e-05,6.583305583229837e-06,2000,3003,kaiser_beta_5,60061,allowed_raw_timestamps,0.0,0.004902407660267232,0.03159095751552776
expanded,10_0_40_500_1_support_0.5_51383ab427be,10,val,support,0.5,0.29989771633333334,0.7998977163333334,raw_window_v1,2525,6860,2525,6860,4335,0.299994383,0.799888383,0.0,0.0,9009,4505,3000,local_endpoint_hold,local_line,9.666666666663382e-05,0.0,2000,3003,kaiser_beta_5,60061,allowed_raw_timestamps,0.0,0.002912916573699617,0.013580388812914013
expanded,10_0_40_500_1_support_1_51383ab427be,10,val,support,1.0,0.29989771633333334,1.2998977163333334,raw_window_v1,2525,11219,2525,11219,8694,0.299994383,1.299815383,0.0,0.0,9009,9009,6000,local_endpoint_hold,local_line,9.666666666663382e-05,0.0,2000,3003,kaiser_beta_5,60061,allowed_raw_timestamps,0.0,0.001925774192447112,0.008753232385795506
expanded,10_0_50_500_1_query_0.5_51383ab427be,10,val,query,0.5,0.531,1.0310000000000001,raw_window_v1,4535,8807,4535,8807,4272,0.531109,1.030956,0.0,0.0,9009,4505,3000,local_endpoint_hold,local_line,0.00010900000000002574,0.0,2000,3003,kaiser_beta_5,60061,allowed_raw_timestamps,0.0,0.003996684381570637,0.02044564686776651
expanded,10_45_40_1000_1_query_0.5_51383ab427be,10,val,query,0.5,0.3115,0.8115,raw_window_v1,2657,6885,2657,6885,4228,0.311541,0.811185,0.0,0.0,9009,4505,3000,local_endpoint_hold,local_line,4.100000000001325e-05,0.0002594999444999191,2000,3003,kaiser_beta_5,60061,allowed_raw_timestamps,0.0,0.004292879572451528,0.02592535985790967
expanded,10_90_40_500_0_support_0.25_51383ab427be,10,val,support,0.25,0.2987050816666667,0.5487050816666668,raw_window_v1,2536,4647,2536,4647,2111,0.298784415,0.548595415,0.0,0.0,9009,2253,1500,local_endpoint_hold,local_line,7.933333333332016e-05,8.191663891665701e-05,2000,3003,kaiser_beta_5,60061,allowed_raw_timestamps,0.0,0.007050109958652524,0.07075102993094351
expanded,10_90_40_500_0_support_0.5_51383ab427be,10,val,support,0.5,0.2987050816666667,0.7987050816666668,raw_window_v1,2536,6809,2536,6809,4273,0.298784415,0.798624415,0.0,0.0,9009,4505,3000,local_endpoint_hold,local_line,7.933333333332016e-05,2.516661116669372e-05,2000,3003,kaiser_beta_5,60061,allowed_raw_timestamps,0.0,0.005283033727607893,0.040682129593397676
expanded,10_90_40_500_0_support_1_51383ab427be,10,val,support,1.0,0.2987050816666667,1.2987050816666668,raw_window_v1,2536,11126,2536,11126,8590,0.298784415,1.298693415,0.0,0.0,9009,9009,6000,local_endpoint_hold,local_line,7.933333333332016e-05,0.0,2000,3003,kaiser_beta_5,60061,allowed_raw_timestamps,0.0,0.003329249265215707,0.025847025612938612
expanded,10_90_60_1000_1_query_0.5_51383ab427be,10,val,query,0.5,0.30133333333333334,0.8013333333333333,raw_window_v1,2505,6771,2505,6771,4266,0.301429,0.801317,0.0,0.0,9009,4505,3000,local_endpoint_hold,local_line,9.566666666666057e-05,0.0,2000,3003,kaiser_beta_5,60061,allowed_raw_timestamps,0.0,0.004371664954368851,0.03180246550652388
expanded,38_0_20_500_0_support_0.25_51383ab427be,38,train,support,0.25,1.011078156,1.261078156,raw_window_v1,8815,10985,8815,10985,2170,1.011098156,1.261029156,0.0,0.0,9009,2253,1500,local_endpoint_hold,local_line,2.0000000000131024e-05,2.12499722500592e-05,2000,3003,kaiser_beta_5,60061,allowed_raw_timestamps,0.0,0.0030573975687804844,0.016395545656434862
expanded,38_0_20_500_0_support_0.5_51383ab427be,38,train,support,0.5,1.011078156,1.511078156,raw_window_v1,8815,13167,8815,13167,4352,1.011098156,1.511035156,0.0,0.0,9091,4546,3000,local_endpoint_hold,local_line,2.0000000000131024e-05,0.0,6000,9091,kaiser_beta_5,181821,allowed_raw_timestamps,0.0,0.0033216977964761057,0.020429080289916968
expanded,38_0_20_500_0_support_1_51383ab427be,38,train,support,1.0,1.011078156,2.011078156,raw_window_v1,8815,17542,8815,17542,8727,1.011098156,2.011005156,0.0,0.0,9009,9009,6000,local_endpoint_hold,local_line,2.0000000000131024e-05,0.0,2000,3003,kaiser_beta_5,60061,allowed_raw_timestamps,0.0,0.0015341717285603101,0.011039505633194224
expanded,38_0_30_500_0_query_0.5_51383ab427be,38,train,query,0.5,0.30083333333333334,0.8008333333333333,raw_window_v1,2545,6861,2545,6861,4316,0.300865,0.800821,0.0,0.0,9009,4505,3000,local_endpoint_hold,local_line,3.166666666665208e-05,0.0,2000,3003,kaiser_beta_5,60061,allowed_raw_timestamps,0.0,0.004851380096707808,0.03135748878309119
expanded,38_0_30_500_1_query_0.5_51383ab427be,38,train,query,0.5,0.30084266933333337,0.8008426693333334,raw_window_v1,2600,6951,2600,6951,4351,0.300852336,0.800749336,0.0,0.0,9009,4505,3000,local_endpoint_hold,local_line,9.666666666630075e-06,3.783327783335455e-05,2000,3003,kaiser_beta_5,60061,allowed_raw_timestamps,0.0,0.003979950285222351,0.02216494188399487
expanded,38_0_40_1000_0_support_0.25_51383ab427be,38,train,support,0.25,0.2901666666666667,0.5401666666666667,raw_window_v1,2464,4604,2464,4604,2140,0.290274,0.540079,0.0,0.0,9091,2273,1500,local_endpoint_hold,local_line,0.00010733333333329265,5.167491658464307e-06,6000,9091,kaiser_beta_5,181821,allowed_raw_timestamps,0.0,0.007604974201455381,0.031194090585328738
expanded,38_0_40_1000_0_support_0.5_51383ab427be,38,train,support,0.5,0.2901666666666667,0.7901666666666667,raw_window_v1,2464,6765,2464,6765,4301,0.290274,0.790095,0.0,0.0,9009,4505,3000,local_endpoint_hold,local_line,0.00010733333333329265,1.6166611166656963e-05,2000,3003,kaiser_beta_5,60061,allowed_raw_timestamps,0.0,0.0024291767870379746,0.010168779614602386
expanded,38_0_40_1000_0_support_1_51383ab427be,38,train,support,1.0,0.2901666666666667,1.2901666666666667,raw_window_v1,2464,11110,2464,11110,8646,0.290274,1.290136,0.0,0.0,9009,9009,6000,local_endpoint_hold,local_line,0.00010733333333329265,0.0,2000,3003,kaiser_beta_5,60061,allowed_raw_timestamps,0.0,0.0017018955118826746,0.008367427385590265
expanded,38_0_40_500_0_support_0.25_51383ab427be,38,train,support,0.25,0.2906666666666667,0.5406666666666666,raw_window_v1,2510,4689,2510,4689,2179,0.290683,0.540664,0.0,0.0,9009,2253,1500,local_endpoint_hold,local_line,1.6333333333340416e-05,0.0,2000,3003,kaiser_beta_5,60061,allowed_raw_timestamps,0.0,0.00710337075125769,0.043446876944490675
expanded,38_0_40_500_0_support_0.5_51383ab427be,38,train,support,0.5,0.2906666666666667,0.7906666666666666,raw_window_v1,2510,6855,2510,6855,4345,0.290683,0.790587,0.0,0.0,9009,4505,3000,local_endpoint_hold,local_line,1.6333333333340416e-05,2.4166611166553942e-05,2000,3003,kaiser_beta_5,60061,allowed_raw_timestamps,0.0,0.004507197516966624,0.01970566079613434
expanded,38_0_40_500_0_support_1_51383ab427be,38,train,support,1.0,0.2906666666666667,1.2906666666666666,raw_window_v1,2510,11212,2510,11212,8702,0.290683,1.290594,0.0,0.0,9009,9009,6000,local_endpoint_hold,local_line,1.6333333333340416e-05,0.0,2000,3003,kaiser_beta_5,60061,allowed_raw_timestamps,0.0,0.003979759446318042,0.016554605770805253
expanded,38_0_40_500_1_support_0.25_51383ab427be,38,train,support,0.25,0.31066666666666665,0.5606666666666666,raw_window_v1,2674,4828,2674,4828,2154,0.310722,0.560629,0.0,0.0,9009,2253,1500,local_endpoint_hold,local_line,5.5333333333351664e-05,9.916638916585008e-06,2000,3003,kaiser_beta_5,60061,allowed_raw_timestamps,0.0,0.006034559788431096,0.03154094661078055
expanded,38_0_40_500_1_support_0.5_51383ab427be,38,train,support,0.5,0.31066666666666665,0.8106666666666666,raw_window_v1,2674,6987,2674,6987,4313,0.310722,0.810592,0.0,0.0,9009,4505,3000,local_endpoint_hold,local_line,5.5333333333351664e-05,1.9166611166632208e-05,2000,3003,kaiser_beta_5,60061,allowed_raw_timestamps,0.0,0.003847637160882017,0.020712254266984864
expanded,38_0_40_500_1_support_1_51383ab427be,38,train,support,1.0,0.31066666666666665,1.3106666666666666,raw_window_v1,2674,11331,2674,11331,8657,0.310722,1.310585,0.0,0.0,9009,9009,6000,local_endpoint_hold,local_line,5.5333333333351664e-05,0.0,2000,3003,kaiser_beta_5,60061,allowed_raw_timestamps,0.0,0.002535404128026509,0.016488405865667133
expanded,38_0_50_500_0_query_0.5_51383ab427be,38,train,query,0.5,0.2997224386666667,0.7997224386666667,raw_window_v1,2598,6944,2598,6944,4346,0.299833772,0.799701772,0.0,0.0,9009,4505,3000,local_endpoint_hold,local_line,0.00011133333333329665,0.0,2000,3003,kaiser_beta_5,60061,allowed_raw_timestamps,0.0,0.0057947593611058735,0.027215990855332883
expanded,38_0_50_500_1_query_0.5_51383ab427be,38,train,query,0.5,0.3001841706666667,0.8001841706666667,raw_window_v1,2579,6831,2579,6831,4252,0.300197504,0.800091504,0.0,0.0,9009,4505,3000,local_endpoint_hold,local_line,1.333333333330966e-05,3.716661116670572e-05,2000,3003,kaiser_beta_5,60061,allowed_raw_timestamps,0.0,0.0049279963079642925,0.02091196280268015
expanded,38_45_40_1000_0_query_0.5_51383ab427be,38,train,query,0.5,0.30936371733333334,0.8093637173333333,raw_window_v1,2653,6932,2653,6932,4279,0.309447384,0.809251384,0.0,0.0,9009,4505,3000,local_endpoint_hold,local_line,8.366666666664857e-05,5.68332778333458e-05,2000,3003,kaiser_beta_5,60061,allowed_raw_timestamps,0.0,0.0033718292653012335,0.01839887713256516
expanded,38_45_40_1000_1_query_0.5_51383ab427be,38,train,query,0.5,0.2893476166666667,0.7893476166666666,raw_window_v1,2477,6781,2477,6781,4304,0.28938995,0.78924895,0.0,0.0,9009,4505,3000,local_endpoint_hold,local_line,4.233333333331091e-05,4.316661116665621e-05,2000,3003,kaiser_beta_5,60061,allowed_raw_timestamps,0.0,0.002265471553039309,0.011104209975485446
expanded,38_90_40_500_0_support_0.25_51383ab427be,38,train,support,0.25,1.1196666666666666,1.3696666666666666,raw_window_v1,9657,11829,9657,11829,2172,1.119671,1.369593,0.0,0.0,9009,2253,1500,local_endpoint_hold,local_line,4.333333333494949e-06,4.5916638916398966e-05,2000,3003,kaiser_beta_5,60061,allowed_raw_timestamps,0.0,0.0030580777205113222,0.021898900023473722
expanded,38_90_40_500_0_support_0.5_51383ab427be,38,train,support,0.5,1.1196666666666666,1.6196666666666666,raw_window_v1,9657,14012,9657,14012,4355,1.119671,1.619632,0.0,0.0,9009,4505,3000,local_endpoint_hold,local_line,4.333333333494949e-06,0.0,2000,3003,kaiser_beta_5,60061,allowed_raw_timestamps,0.0,0.0020581921533693493,0.009741310806399728
expanded,38_90_40_500_0_support_1_51383ab427be,38,train,support,1.0,1.1196666666666666,2.1196666666666664,raw_window_v1,9657,18370,9657,18370,8713,1.119671,2.11964,0.0,0.0,9009,9009,6000,local_endpoint_hold,local_line,4.333333333494949e-06,0.0,2000,3003,kaiser_beta_5,60061,allowed_raw_timestamps,0.0,0.0013540018106219668,0.006859038452255994
expanded,38_90_60_1000_0_query_0.5_51383ab427be,38,train,query,0.5,0.32016666666666665,0.8201666666666667,raw_window_v1,2722,6995,2722,6995,4273,0.320266,0.820159,0.0,0.0,9009,4505,3000,local_endpoint_hold,local_line,9.933333333334016e-05,0.0,2000,3003,kaiser_beta_5,60061,allowed_raw_timestamps,0.0,0.005066175562086812,0.028391079977361677
expanded,38_90_60_1000_1_query_0.5_51383ab427be,38,train,query,0.5,0.309036708,0.809036708,raw_window_v1,2665,7003,2665,7003,4338,0.309076708,0.808979708,0.0,0.0,9009,4505,3000,local_endpoint_hold,local_line,3.999999999998449e-05,1.4999445000496436e-06,2000,3003,kaiser_beta_5,60061,allowed_raw_timestamps,0.0,0.003853646888350971,0.03106309789886197
expanded,49_0_20_500_0_support_0.25_51383ab427be,49,train,support,0.25,0.2912499396666667,0.5412499396666667,raw_window_v1,2487,4644,2487,4644,2157,0.291371273,0.541170273,0.0,0.0,9009,2253,1500,local_endpoint_hold,local_line,0.00012133333333330665,5.191663891668252e-05,2000,3003,kaiser_beta_5,60061,allowed_raw_timestamps,0.0,0.005765832457632171,0.024237407571498615
expanded,49_0_20_500_0_support_0.5_51383ab427be,49,train,support,0.5,0.2912499396666667,0.7912499396666667,raw_window_v1,2487,6752,2487,6752,4265,0.291371273,0.791195273,0.0,0.0,9009,4505,3000,local_endpoint_hold,local_line,0.00012133333333330665,0.0,2000,3003,kaiser_beta_5,60061,allowed_raw_timestamps,0.0,0.0034500851842239008,0.02107805448773714
expanded,49_0_20_500_0_support_1_51383ab427be,49,train,support,1.0,0.2912499396666667,1.2912499396666668,raw_window_v1,2487,11014,2487,11014,8527,0.291371273,1.290984273,0.0,0.0,9009,9009,6000,local_endpoint_hold,local_line,0.00012133333333330665,0.00015466655566664933,2000,3003,kaiser_beta_5,60061,allowed_raw_timestamps,0.0,0.00212322811109573,0.010111323563240404
expanded,49_0_30_500_0_query_0.5_51383ab427be,49,train,query,0.5,1.36009595,1.86009595,raw_window_v1,11802,16174,11802,16174,4372,1.36016395,1.86000095,0.0,0.0,9009,4505,3000,local_endpoint_hold,local_line,6.799999999995698e-05,3.9499944499921114e-05,2000,3003,kaiser_beta_5,60061,allowed_raw_timestamps,0.0,0.003805530725859529,0.013975430613455408
expanded,49_0_30_500_1_query_0.5_51383ab427be,49,train,query,0.5,0.30083333333333334,0.8008333333333333,raw_window_v1,2575,6864,2575,6864,4289,0.300866,0.800806,0.0,0.0,9009,4505,3000,local_endpoint_hold,local_line,3.266666666668083e-05,0.0,2000,3003,kaiser_beta_5,60061,allowed_raw_timestamps,0.0,0.0036674306295585318,0.024173942740556065
expanded,49_0_40_1000_0_support_0.25_51383ab427be,49,train,support,0.25,0.9398333333333333,1.1898333333333333,raw_window_v1,8145,10327,8145,10327,2182,0.93987,1.189769,0.0,0.0,9009,2253,1500,local_endpoint_hold,local_line,3.666666666668483e-05,3.6583305583093306e-05,2000,3003,kaiser_beta_5,60061,allowed_raw_timestamps,0.0,0.0019439359841099495,0.00915045814889659
expanded,49_0_40_1000_0_support_0.5_51383ab427be,49,train,support,0.5,0.9398333333333333,1.4398333333333333,raw_window_v1,8145,12513,8145,12513,4368,0.93987,1.439801,0.0,0.0,9009,4505,3000,local_endpoint_hold,local_line,3.666666666668483e-05,0.0,2000,3003,kaiser_beta_5,60061,allowed_raw_timestamps,0.0,0.000942161509770637,0.0060110732883380535
expanded,49_0_40_1000_0_support_1_51383ab427be,49,train,support,1.0,0.9398333333333333,1.9398333333333333,raw_window_v1,8145,16868,8145,16868,8723,0.93987,1.939802,0.0,0.0,9009,9009,6000,local_endpoint_hold,local_line,3.666666666668483e-05,0.0,2000,3003,kaiser_beta_5,60061,allowed_raw_timestamps,0.0,0.0005956614327447934,0.002830690810284864
expanded,49_0_40_500_0_support_0.25_51383ab427be,49,train,support,0.25,0.5711882536666667,0.8211882536666667,raw_window_v1,4898,7087,4898,7087,2189,0.571234587,0.821147587,0.0,0.0,9009,2253,1500,local_endpoint_hold,local_line,4.63333333332594e-05,1.2916638916671275e-05,2000,3003,kaiser_beta_5,60061,allowed_raw_timestamps,0.0,0.005970084881402299,0.028373904681713302
expanded,49_0_40_500_0_support_0.5_51383ab427be,49,train,support,0.5,0.5711882536666667,1.0711882536666666,raw_window_v1,4898,9273,4898,9273,4375,0.571234587,1.071125587,0.0,0.0,9009,4505,3000,local_endpoint_hold,local_line,4.63333333332594e-05,7.166611166731229e-06,2000,3003,kaiser_beta_5,60061,allowed_raw_timestamps,0.0,0.004485713963782186,0.020813297225215077
expanded,49_0_40_500_0_support_1_51383ab427be,49,train,support,1.0,0.5711882536666667,1.5711882536666666,raw_window_v1,4898,13585,4898,13585,8687,0.571234587,1.571131587,0.0,0.0,9009,9009,6000,local_endpoint_hold,local_line,4.63333333332594e-05,0.0,2000,3003,kaiser_beta_5,60061,allowed_raw_timestamps,0.0,0.0032940836289952202,0.015299795505989255
expanded,49_0_40_500_1_support_0.25_51383ab427be,49,train,support,0.25,0.2793333333333333,0.5293333333333333,raw_window_v1,2360,4523,2360,4523,2163,0.279339,0.529257,0.0,0.0,9009,2253,1500,local_endpoint_hold,local_line,5.666666666681586e-06,4.858330558332735e-05,2000,3003,kaiser_beta_5,60061,allowed_raw_timestamps,0.0,0.007896297447536121,0.039806644531909186
expanded,49_0_40_500_1_support_0.5_51383ab427be,49,train,support,0.5,0.2793333333333333,0.7793333333333333,raw_window_v1,2360,6704,2360,6704,4344,0.279339,0.779289,0.0,0.0,9009,4505,3000,local_endpoint_hold,local_line,5.666666666681586e-06,0.0,2000,3003,kaiser_beta_5,60061,allowed_raw_timestamps,0.0,0.004590872628228104,0.024329386229323013
expanded,49_0_40_500_1_support_1_51383ab427be,49,train,support,1.0,0.2793333333333333,1.2793333333333332,raw_window_v1,2360,11047,2360,11047,8687,0.279339,1.279297,0.0,0.0,9009,9009,6000,local_endpoint_hold,local_line,5.666666666681586e-06,0.0,2000,3003,kaiser_beta_5,60061,allowed_raw_timestamps,0.0,0.0035258600581692923,0.021950560422827614
expanded,49_0_50_500_0_query_0.5_51383ab427be,49,train,query,0.5,0.300550379,0.8005503789999999,raw_window_v1,2554,6777,2554,6777,4223,0.300586379,0.800417379,0.0,0.0,9009,4505,3000,local_endpoint_hold,local_line,3.6000000000036e-05,7.74999444999036e-05,2000,3003,kaiser_beta_5,60061,allowed_raw_timestamps,0.0,0.003431774239839738,0.017732726080294192
expanded,49_0_50_500_1_query_0.5_51383ab427be,49,train,query,0.5,0.3207098546666667,0.8207098546666667,raw_window_v1,2746,7065,2746,7065,4319,0.320731188,0.820556188,0.0,0.0,9009,4505,3000,local_endpoint_hold,local_line,2.133333333331766e-05,9.816661116668346e-05,2000,3003,kaiser_beta_5,60061,allowed_raw_timestamps,0.0,0.002406524239228918,0.011687605964193715
expanded,49_45_40_1000_0_query_0.5_51383ab427be,49,train,query,0.5,0.2996666666666667,0.7996666666666667,raw_window_v1,2569,6813,2569,6813,4244,0.299713,0.799633,0.0,0.0,9009,4505,3000,local_endpoint_hold,local_line,4.633333333331491e-05,0.0,2000,3003,kaiser_beta_5,60061,allowed_raw_timestamps,0.0,0.003921653166768214,0.022438284701911115
expanded,49_45_40_1000_1_query_0.5_51383ab427be,49,train,query,0.5,0.28883333333333333,0.7888333333333333,raw_window_v1,2472,6771,2472,6771,4299,0.288888,0.788828,0.0,0.0,9009,4505,3000,local_endpoint_hold,local_line,5.466666666664732e-05,0.0,2000,3003,kaiser_beta_5,60061,allowed_raw_timestamps,0.0,0.002419926153080248,0.013162083319505857
expanded,49_90_40_500_0_support_0.25_51383ab427be,49,train,support,0.25,0.7998333333333333,1.0498333333333334,raw_window_v1,6897,9084,6897,9084,2187,0.799906,1.049829,0.0,0.0,9009,2253,1500,local_endpoint_hold,local_line,7.266666666672084e-05,0.0,2000,3003,kaiser_beta_5,60061,allowed_raw_timestamps,0.0,0.0064405573892452675,0.036209186763151546
expanded,49_90_40_500_0_support_0.5_51383ab427be,49,train,support,0.5,0.7998333333333333,1.2998333333333334,raw_window_v1,6897,11257,6897,11257,4360,0.799906,1.299809,0.0,0.0,9009,4505,3000,local_endpoint_hold,local_line,7.266666666672084e-05,0.0,2000,3003,kaiser_beta_5,60061,allowed_raw_timestamps,0.0,0.003887041068887614,0.022326194393566645
expanded,49_90_40_500_0_support_1_51383ab427be,49,train,support,1.0,0.7998333333333333,1.7998333333333334,raw_window_v1,6897,15588,6897,15588,8691,0.799906,1.799761,0.0,0.0,9009,9009,6000,local_endpoint_hold,local_line,7.266666666672084e-05,0.0,2000,3003,kaiser_beta_5,60061,allowed_raw_timestamps,0.0,0.0027524298493120116,0.01605825559943108
expanded,49_90_60_1000_0_query_0.5_51383ab427be,49,train,query,0.5,0.30937049133333333,0.8093704913333333,raw_window_v1,2643,6965,2643,6965,4322,0.309417158,0.809353158,0.0,0.0,9009,4505,3000,local_endpoint_hold,local_line,4.6666666666694834e-05,0.0,2000,3003,kaiser_beta_5,60061,allowed_raw_timestamps,0.0,0.003762095830630441,0.02006102183528835
expanded,49_90_60_1000_1_query_0.5_51383ab427be,49,train,query,0.5,0.31083932033333334,0.8108393203333333,raw_window_v1,2648,6964,2648,6964,4316,0.310849987,0.810736987,0.0,0.0,9009,4505,3000,local_endpoint_hold,local_line,1.066666666665883e-05,4.6833277833280285e-05,2000,3003,kaiser_beta_5,60061,allowed_raw_timestamps,0.0,0.0031380059804418437,0.026584612703966393
expanded,57_0_20_500_0_support_0.25_51383ab427be,57,val,support,0.25,0.3,0.55,raw_window_v1,2591,4769,2591,4769,2178,0.300019,0.549985,0.0,0.0,9091,2273,1500,local_endpoint_hold,local_line,1.8999999999991246e-05,0.0,6000,9091,kaiser_beta_5,181821,allowed_raw_timestamps,0.0,0.009693662259999116,0.05723189363727954
expanded,57_0_20_500_0_support_0.5_51383ab427be,57,val,support,0.5,0.3,0.8,raw_window_v1,2591,6961,2591,6961,4370,0.300019,0.799905,0.0,0.0,9009,4505,3000,local_endpoint_hold,local_line,1.8999999999991246e-05,3.9499944500032136e-05,2000,3003,kaiser_beta_5,60061,allowed_raw_timestamps,0.0,0.0063113385091732215,0.036354530264012475
expanded,57_0_20_500_0_support_1_51383ab427be,57,val,support,1.0,0.3,1.3,raw_window_v1,2591,11302,2591,11302,8711,0.300019,1.299897,0.0,0.0,9009,9009,6000,local_endpoint_hold,local_line,1.8999999999991246e-05,0.0,2000,3003,kaiser_beta_5,60061,allowed_raw_timestamps,0.0,0.004142275845836536,0.021480159777815366
expanded,57_0_30_500_1_query_0.5_51383ab427be,57,val,query,0.5,0.28947834733333333,0.7894783473333333,raw_window_v1,2348,6654,2348,6654,4306,0.289539014,0.789411014,0.0,0.0,9009,4505,3000,local_endpoint_hold,local_line,6.0666666666653324e-05,1.1833277833273037e-05,2000,3003,kaiser_beta_5,60061,allowed_raw_timestamps,0.0,0.008395084166299726,0.02912521273736024
expanded,57_0_40_1000_0_support_0.25_51383ab427be,57,val,support,0.25,0.2789206933333333,0.5289206933333332,raw_window_v1,2417,4584,2417,4584,2167,0.27893136,0.52880236,0.0,0.0,9091,2273,1500,local_endpoint_hold,local_line,1.0666666666714342e-05,3.583415832508763e-05,6000,9091,kaiser_beta_5,181821,allowed_raw_timestamps,0.0,0.010010924197603749,0.05569677154462216
expanded,57_0_40_1000_0_support_0.5_51383ab427be,57,val,support,0.5,0.2789206933333333,0.7789206933333332,raw_window_v1,2417,6768,2417,6768,4351,0.27893136,0.77882736,0.0,0.0,9091,4546,3000,local_endpoint_hold,local_line,1.0666666666714342e-05,3.833388332785681e-05,6000,9091,kaiser_beta_5,181821,allowed_raw_timestamps,0.0,0.0067154672811936935,0.02740925580749831
expanded,57_0_40_1000_0_support_1_51383ab427be,57,val,support,1.0,0.2789206933333333,1.2789206933333332,raw_window_v1,2417,11120,2417,11120,8703,0.27893136,1.27885136,0.0,0.0,9091,9091,6000,local_endpoint_hold,local_line,1.0666666666714342e-05,0.0,6000,9091,kaiser_beta_5,181821,allowed_raw_timestamps,0.0,0.00410568592563972,0.015459254240057785
expanded,57_0_40_500_0_support_0.25_51383ab427be,57,val,support,0.25,0.2909398183333333,0.5409398183333334,raw_window_v1,2478,4627,2478,4627,2149,0.290951485,0.540868485,0.0,0.0,9009,2253,1500,local_endpoint_hold,local_line,1.1666666666687586e-05,4.3583305583294596e-05,2000,3003,kaiser_beta_5,60061,allowed_raw_timestamps,0.0,0.006852221456486948,0.03630818205032327
expanded,57_0_40_500_0_support_0.5_51383ab427be,57,val,support,0.5,0.2909398183333333,0.7909398183333334,raw_window_v1,2478,6762,2478,6762,4284,0.290951485,0.790836485,0.0,0.0,9009,4505,3000,local_endpoint_hold,local_line,1.1666666666687586e-05,4.783327783330904e-05,2000,3003,kaiser_beta_5,60061,allowed_raw_timestamps,0.0,0.004147263926637984,0.02490532041490079
expanded,57_0_40_500_0_support_1_51383ab427be,57,val,support,1.0,0.2909398183333333,1.2909398183333334,raw_window_v1,2478,11134,2478,11134,8656,0.290951485,1.290879485,0.0,0.0,9009,9009,6000,local_endpoint_hold,local_line,1.1666666666687586e-05,0.0,2000,3003,kaiser_beta_5,60061,allowed_raw_timestamps,0.0,0.0023553985155294263,0.01591355330308364
expanded,57_0_40_500_1_support_0.25_51383ab427be,57,val,support,0.25,0.281017587,0.531017587,raw_window_v1,2429,4543,2429,4543,2114,0.281058587,0.530916587,0.0,0.0,9009,2253,1500,local_endpoint_hold,local_line,4.100000000001325e-05,7.324997225000018e-05,2000,3003,kaiser_beta_5,60061,allowed_raw_timestamps,0.0,0.009805523966260292,0.041231179133345286
expanded,57_0_40_500_1_support_0.5_51383ab427be,57,val,support,0.5,0.281017587,0.781017587,raw_window_v1,2429,6728,2429,6728,4299,0.281058587,0.780958587,0.0,0.0,9009,4505,3000,local_endpoint_hold,local_line,4.100000000001325e-05,3.4999444999961327e-06,2000,3003,kaiser_beta_5,60061,allowed_raw_timestamps,0.0,0.007081532226571906,0.030292328612428587
expanded,57_0_40_500_1_support_1_51383ab427be,57,val,support,1.0,0.281017587,1.281017587,raw_window_v1,2429,11030,2429,11030,8601,0.281058587,1.280950587,0.0,0.0,9009,9009,6000,local_endpoint_hold,local_line,4.100000000001325e-05,0.0,2000,3003,kaiser_beta_5,60061,allowed_raw_timestamps,0.0,0.005236822946234447,0.01952201631759376
expanded,57_0_50_500_1_query_0.5_51383ab427be,57,val,query,0.5,0.29933333333333334,0.7993333333333333,raw_window_v1,2572,6821,2572,6821,4249,0.299383,0.799301,0.0,0.0,9009,4505,3000,local_endpoint_hold,local_line,4.966666666667008e-05,0.0,2000,3003,kaiser_beta_5,60061,allowed_raw_timestamps,0.0,0.007935977544069456,0.03801642389466586
expanded,57_45_40_1000_1_query_0.5_51383ab427be,57,val,query,0.5,0.2798333333333333,0.7798333333333334,raw_window_v1,2419,6783,2419,6783,4364,0.279913,0.779738,0.0,0.0,9009,4505,3000,local_endpoint_hold,local_line,7.966666666670008e-05,3.983327783330104e-05,2000,3003,kaiser_beta_5,60061,allowed_raw_timestamps,0.0,0.0005411273198907274,0.003110148469097851
expanded,57_90_40_500_0_support_0.25_51383ab427be,57,val,support,0.25,0.2992579226666667,0.5492579226666667,raw_window_v1,2587,4662,2587,4662,2075,0.299260256,0.549215256,0.0,0.0,9009,2253,1500,local_endpoint_hold,local_line,2.333333333326415e-06,1.4916638916617764e-05,2000,3003,kaiser_beta_5,60061,allowed_raw_timestamps,0.0,0.006215598701388707,0.04368444406809946
expanded,57_90_40_500_0_support_0.5_51383ab427be,57,val,support,0.5,0.2992579226666667,0.7992579226666667,raw_window_v1,2587,6825,2587,6825,4238,0.299260256,0.799139256,0.0,0.0,9009,4505,3000,local_endpoint_hold,local_line,2.333333333326415e-06,6.316661116667621e-05,2000,3003,kaiser_beta_5,60061,allowed_raw_timestamps,0.0,0.003295202980186153,0.01657533039803205
expanded,57_90_40_500_0_support_1_51383ab427be,57,val,support,1.0,0.2992579226666667,1.2992579226666667,raw_window_v1,2587,11203,2587,11203,8616,0.299260256,1.299139256,0.0,0.0,9009,9009,6000,local_endpoint_hold,local_line,2.333333333326415e-06,7.666555666752117e-06,2000,3003,kaiser_beta_5,60061,allowed_raw_timestamps,0.0,0.002336301139969502,0.012214569771497708
expanded,57_90_60_1000_1_query_0.5_51383ab427be,57,val,query,0.5,0.31933333333333336,0.8193333333333334,raw_window_v1,2752,7065,2752,7065,4313,0.319397,0.819147,0.0,0.0,9009,4505,3000,local_endpoint_hold,local_line,6.366666666662857e-05,0.0001308332778333643,2000,3003,kaiser_beta_5,60061,allowed_raw_timestamps,0.0,0.00282165638149433,0.015140611723129638
expanded,65_0_20_500_0_support_0.25_51383ab427be,65,train,support,0.25,0.300052278,0.550052278,raw_window_v1,2540,4696,2540,4696,2156,0.300130278,0.549944278,0.0,0.0,9091,2273,1500,local_endpoint_hold,local_line,7.799999999996698e-05,2.5500824991753213e-05,6000,9091,kaiser_beta_5,181821,allowed_raw_timestamps,0.0,0.006352595902755584,0.043885480794624954
expanded,65_0_20_500_0_support_0.5_51383ab427be,65,train,support,0.5,0.300052278,0.800052278,raw_window_v1,2540,6868,2540,6868,4328,0.300130278,0.800030278,0.0,0.0,9009,4505,3000,local_endpoint_hold,local_line,7.799999999996698e-05,0.0,2000,3003,kaiser_beta_5,60061,allowed_raw_timestamps,0.0,0.005268579003528793,0.019642760091693745
expanded,65_0_20_500_0_support_1_51383ab427be,65,train,support,1.0,0.300052278,1.300052278,raw_window_v1,2540,11187,2540,11187,8647,0.300130278,1.299985278,0.0,0.0,9009,9009,6000,local_endpoint_hold,local_line,7.799999999996698e-05,0.0,2000,3003,kaiser_beta_5,60061,allowed_raw_timestamps,0.0,0.004396812457497364,0.02097677558215638
expanded,65_0_30_500_0_query_0.5_51383ab427be,65,train,query,0.5,0.3005,0.8005,raw_window_v1,2595,6829,2595,6829,4234,0.30056,0.800431,0.0,0.0,9009,4505,3000,local_endpoint_hold,local_line,6.0000000000004494e-05,1.3499944499950622e-05,2000,3003,kaiser_beta_5,60061,allowed_raw_timestamps,0.0,0.004523863703640436,0.017396058935696512
expanded,65_0_30_500_1_query_0.5_51383ab427be,65,train,query,0.5,0.2897726706666667,0.7897726706666667,raw_window_v1,2516,6830,2516,6830,4314,0.289831004,0.789679004,0.0,0.0,9009,4505,3000,local_endpoint_hold,local_line,5.833333333332691e-05,3.8166611166623454e-05,2000,3003,kaiser_beta_5,60061,allowed_raw_timestamps,0.0,0.007754552918472417,0.04866585911852184
expanded,65_0_40_1000_0_support_0.25_51383ab427be,65,train,support,0.25,0.8598333333333333,1.1098333333333334,raw_window_v1,7348,9507,7348,9507,2159,0.860208,1.109798,0.0,0.0,9009,2253,1500,local_endpoint_hold,local_line,0.0003746666666666343,7.583305583258593e-06,2000,3003,kaiser_beta_5,60061,allowed_raw_timestamps,0.0,0.009434596776714597,0.03942099884015038
expanded,65_0_40_1000_0_support_0.5_51383ab427be,65,train,support,0.5,0.8598333333333333,1.3598333333333334,raw_window_v1,7348,11691,7348,11691,4343,0.860208,1.359831,0.0,0.0,9009,4505,3000,local_endpoint_hold,local_line,0.0003746666666666343,0.0,2000,3003,kaiser_beta_5,60061,allowed_raw_timestamps,0.0,0.006546995837315474,0.03899835690157882
expanded,65_0_40_1000_0_support_1_51383ab427be,65,train,support,1.0,0.8598333333333333,1.8598333333333334,raw_window_v1,7348,15907,7348,15907,8559,0.860208,1.859718,0.0,0.0,9009,9009,6000,local_endpoint_hold,local_line,0.0003746666666666343,4.333222333396947e-06,2000,3003,kaiser_beta_5,60061,allowed_raw_timestamps,0.0,0.004616808487721227,0.019402302361227974
expanded,65_0_40_500_0_support_0.25_51383ab427be,65,train,support,0.25,0.31133558033333336,0.5613355803333333,raw_window_v1,2717,4852,2717,4852,2135,0.311336247,0.561228247,0.0,0.0,9009,2253,1500,local_endpoint_hold,local_line,6.666666666488297e-07,7.958330558344162e-05,2000,3003,kaiser_beta_5,60061,allowed_raw_timestamps,0.0,0.005805137372207589,0.051666330051935994
expanded,65_0_40_500_0_support_0.5_51383ab427be,65,train,support,0.5,0.31133558033333336,0.8113355803333333,raw_window_v1,2717,7043,2717,7043,4326,0.311336247,0.811267247,0.0,0.0,9009,4505,3000,local_endpoint_hold,local_line,6.666666666488297e-07,1.2833277833301793e-05,2000,3003,kaiser_beta_5,60061,allowed_raw_timestamps,0.0,0.004407170552283034,0.027779740036735223
expanded,65_0_40_500_0_support_1_51383ab427be,65,train,support,1.0,0.31133558033333336,1.3113355803333333,raw_window_v1,2717,11404,2717,11404,8687,0.311336247,1.311272247,0.0,0.0,9009,9009,6000,local_endpoint_hold,local_line,6.666666666488297e-07,0.0,2000,3003,kaiser_beta_5,60061,allowed_raw_timestamps,0.0,0.0030275583133101253,0.013527197736765917
expanded,65_0_40_500_1_support_0.25_51383ab427be,65,train,support,0.25,0.319,0.569,raw_window_v1,2723,4855,2723,4855,2132,0.319067,0.568905,0.0,0.0,9009,2253,1500,local_endpoint_hold,local_line,6.699999999998374e-05,6.72499722500497e-05,2000,3003,kaiser_beta_5,60061,allowed_raw_timestamps,0.0,0.00477850556715823,0.02522217744737798
expanded,65_0_40_500_1_support_0.5_51383ab427be,65,train,support,0.5,0.319,0.819,raw_window_v1,2723,6969,2723,6969,4246,0.319067,0.818932,0.0,0.0,9009,4505,3000,local_endpoint_hold,local_line,6.699999999998374e-05,1.2499944499921867e-05,2000,3003,kaiser_beta_5,60061,allowed_raw_timestamps,0.0,0.003037981689727807,0.012689669873321652
expanded,65_0_40_500_1_support_1_51383ab427be,65,train,support,1.0,0.319,1.319,raw_window_v1,2723,11268,2723,11268,8545,0.319067,1.318928,0.0,0.0,9009,9009,6000,local_endpoint_hold,local_line,6.699999999998374e-05,0.0,2000,3003,kaiser_beta_5,60061,allowed_raw_timestamps,0.0,0.0022018107952018104,0.016357940807248283
expanded,65_0_50_500_0_query_0.5_51383ab427be,65,train,query,0.5,0.3001666666666667,0.8001666666666667,raw_window_v1,2588,6904,2588,6904,4316,0.300266,0.800007,0.0,0.0,9009,4505,3000,local_endpoint_hold,local_line,9.933333333328465e-05,0.00010416661116663395,2000,3003,kaiser_beta_5,60061,allowed_raw_timestamps,0.0,0.004112883386921967,0.019171894667898925
expanded,65_0_50_500_1_query_0.5_51383ab427be,65,train,query,0.5,0.29944360633333333,0.7994436063333333,raw_window_v1,2539,6850,2539,6850,4311,0.299466273,0.799333273,0.0,0.0,9009,4505,3000,local_endpoint_hold,local_line,2.266666666667083e-05,5.4833277833288285e-05,2000,3003,kaiser_beta_5,60061,allowed_raw_timestamps,0.0,0.006419305797420726,0.03832892844632507
expanded,65_45_40_1000_0_query_0.5_51383ab427be,65,train,query,0.5,0.28019848166666667,0.7801984816666667,raw_window_v1,2412,6750,2412,6750,4338,0.280211815,0.780173815,0.0,0.0,9009,4505,3000,local_endpoint_hold,local_line,1.333333333330966e-05,0.0,2000,3003,kaiser_beta_5,60061,allowed_raw_timestamps,0.0,0.0006244504223846201,0.0024518480028374867
expanded,65_45_40_1000_1_query_0.5_51383ab427be,65,train,query,0.5,0.2903609986666667,0.7903609986666666,raw_window_v1,2464,6770,2464,6770,4306,0.290419332,0.790331332,0.0,0.0,9009,4505,3000,local_endpoint_hold,local_line,5.83333333332714e-05,0.0,2000,3003,kaiser_beta_5,60061,allowed_raw_timestamps,0.0,0.0023228254464579532,0.009829568592173654
expanded,65_90_40_500_0_support_0.25_51383ab427be,65,train,support,0.25,0.29,0.54,raw_window_v1,2465,4632,2465,4632,2167,0.290053,0.539922,0.0,0.0,9009,2253,1500,local_endpoint_hold,local_line,5.300000000002525e-05,5.0249972249893915e-05,2000,3003,kaiser_beta_5,60061,allowed_raw_timestamps,0.0,0.0090573586992173,0.04480762194420018
expanded,65_90_40_500_0_support_0.5_51383ab427be,65,train,support,0.5,0.29,0.79,raw_window_v1,2465,6718,2465,6718,4253,0.290053,0.789944,0.0,0.0,9009,4505,3000,local_endpoint_hold,local_line,5.300000000002525e-05,4.99944500020888e-07,2000,3003,kaiser_beta_5,60061,allowed_raw_timestamps,0.0,0.005473568463416244,0.03261715519043484
expanded,65_90_40_500_0_support_1_51383ab427be,65,train,support,1.0,0.29,1.29,raw_window_v1,2465,10959,2465,10959,8494,0.290053,1.289941,0.0,0.0,9009,9009,6000,local_endpoint_hold,local_line,5.300000000002525e-05,0.0,2000,3003,kaiser_beta_5,60061,allowed_raw_timestamps,0.0,0.004044478371195359,0.023736944490456935
expanded,65_90_60_1000_0_query_0.5_51383ab427be,65,train,query,0.5,0.31866666666666665,0.8186666666666667,raw_window_v1,2765,7091,2765,7091,4326,0.318676,0.818629,0.0,0.0,9009,4505,3000,local_endpoint_hold,local_line,9.333333333361171e-06,0.0,2000,3003,kaiser_beta_5,60061,allowed_raw_timestamps,0.0,0.0026711295206487125,0.013564931526408586
expanded,65_90_60_1000_1_query_0.5_51383ab427be,65,train,query,0.5,0.32043213833333334,0.8204321383333333,raw_window_v1,2755,7069,2755,7069,4314,0.320771805,0.820388805,0.0,0.0,9009,4505,3000,local_endpoint_hold,local_line,0.00033966666666668255,0.0,2000,3003,kaiser_beta_5,60061,allowed_raw_timestamps,0.0,0.002797080446920647,0.01598287952365629
expanded,74_0_20_500_0_support_0.25_51383ab427be,74,train,support,0.25,0.28076434666666666,0.5307643466666667,raw_window_v1,2372,4505,2372,4505,2133,0.28082468,0.53068968,0.0,0.0,9009,2253,1500,local_endpoint_hold,local_line,6.033333333332891e-05,4.6916638916538744e-05,2000,3003,kaiser_beta_5,60061,allowed_raw_timestamps,0.0,0.011460930828450283,0.05951733442361995
expanded,74_0_20_500_0_support_0.5_51383ab427be,74,train,support,0.5,0.28076434666666666,0.7807643466666667,raw_window_v1,2372,6667,2372,6667,4295,0.28082468,0.78073268,0.0,0.0,9009,4505,3000,local_endpoint_hold,local_line,6.033333333332891e-05,0.0,2000,3003,kaiser_beta_5,60061,allowed_raw_timestamps,0.0,0.007077993662344771,0.0327327466806846
expanded,74_0_20_500_0_support_1_51383ab427be,74,train,support,1.0,0.28076434666666666,1.2807643466666667,raw_window_v1,2372,10989,2372,10989,8617,0.28082468,1.28075568,0.0,0.0,9009,9009,6000,local_endpoint_hold,local_line,6.033333333332891e-05,0.0,2000,3003,kaiser_beta_5,60061,allowed_raw_timestamps,0.0,0.0054064612753385545,0.023841850948361554
expanded,74_0_30_500_0_query_0.5_51383ab427be,74,train,query,0.5,0.29083333333333333,0.7908333333333333,raw_window_v1,2440,6754,2440,6754,4314,0.290908,0.790825,0.0,0.0,9009,4505,3000,local_endpoint_hold,local_line,7.466666666666733e-05,0.0,2000,3003,kaiser_beta_5,60061,allowed_raw_timestamps,0.0,0.003583643728586624,0.01722444591322425
expanded,74_0_30_500_1_query_0.5_51383ab427be,74,train,query,0.5,0.849580725,1.349580725,raw_window_v1,7319,11672,7319,11672,4353,0.849598725,1.349568725,0.0,0.0,9009,4505,3000,local_endpoint_hold,local_line,1.799999999996249e-05,0.0,2000,3003,kaiser_beta_5,60061,allowed_raw_timestamps,0.0,0.0035447002039534444,0.022229029700489455
expanded,74_0_40_1000_0_support_0.25_51383ab427be,74,train,support,0.25,0.9503333333333334,1.2003333333333335,raw_window_v1,8175,10327,8175,10327,2152,0.950416,1.200221,0.0,0.0,9009,2253,1500,local_endpoint_hold,local_line,8.266666666667533e-05,8.458330558336336e-05,2000,3003,kaiser_beta_5,60061,allowed_raw_timestamps,0.0,0.010616020104032148,0.1009936483616487
expanded,74_0_40_1000_0_support_0.5_51383ab427be,74,train,support,0.5,0.9503333333333334,1.4503333333333335,raw_window_v1,8175,12484,8175,12484,4309,0.950416,1.449961,0.0,0.0,9009,4505,3000,local_endpoint_hold,local_line,8.266666666667533e-05,0.00031683327783316173,2000,3003,kaiser_beta_5,60061,allowed_raw_timestamps,0.0,0.007650523767929736,0.038798483339276935
expanded,74_0_40_1000_0_support_1_51383ab427be,74,train,support,1.0,0.9503333333333334,1.9503333333333335,raw_window_v1,8175,16855,8175,16855,8680,0.950416,1.950272,0.0,0.0,9009,9009,6000,local_endpoint_hold,local_line,8.266666666667533e-05,0.0,2000,3003,kaiser_beta_5,60061,allowed_raw_timestamps,0.0,0.004979723181907998,0.02059668392755487
expanded,74_0_40_500_0_support_0.25_51383ab427be,74,train,support,0.25,0.2895,0.5395,raw_window_v1,2496,4623,2496,4623,2127,0.289579,0.539478,0.0,0.0,9009,2253,1500,local_endpoint_hold,local_line,7.899999999999574e-05,0.0,2000,3003,kaiser_beta_5,60061,allowed_raw_timestamps,0.0,0.005722589763418204,0.03371923671303989
expanded,74_0_40_500_0_support_0.5_51383ab427be,74,train,support,0.5,0.2895,0.7895,raw_window_v1,2496,6760,2496,6760,4264,0.289579,0.789496,0.0,0.0,9009,4505,3000,local_endpoint_hold,local_line,7.899999999999574e-05,0.0,2000,3003,kaiser_beta_5,60061,allowed_raw_timestamps,0.0,0.003330861172174293,0.01338739654469645
expanded,74_0_40_500_0_support_1_51383ab427be,74,train,support,1.0,0.2895,1.2894999999999999,raw_window_v1,2496,11043,2496,11043,8547,0.289579,1.289489,0.0,0.0,9009,9009,6000,local_endpoint_hold,local_line,7.899999999999574e-05,0.0,2000,3003,kaiser_beta_5,60061,allowed_raw_timestamps,0.0,0.0022417779544620146,0.007719720790324125
expanded,74_0_40_500_1_support_0.25_51383ab427be,74,train,support,0.25,0.28983333333333333,0.5398333333333334,raw_window_v1,2461,4552,2461,4552,2091,0.289909,0.539652,0.0,0.0,9009,2253,1500,local_endpoint_hold,local_line,7.566666666664057e-05,0.00015358330558323807,2000,3003,kaiser_beta_5,60061,allowed_raw_timestamps,0.0,0.006731856739007817,0.02844688894727332
expanded,74_0_40_500_1_support_0.5_51383ab427be,74,train,support,0.5,0.28983333333333333,0.7898333333333334,raw_window_v1,2461,6660,2461,6660,4199,0.289909,0.789808,0.0,0.0,9009,4505,3000,local_endpoint_hold,local_line,7.566666666664057e-05,0.0,2000,3003,kaiser_beta_5,60061,allowed_raw_timestamps,0.0,0.0036720714132998287,0.014285010534388576
expanded,74_0_40_500_1_support_1_51383ab427be,74,train,support,1.0,0.28983333333333333,1.2898333333333334,raw_window_v1,2461,10882,2461,10882,8421,0.289909,1.28977,0.0,0.0,9009,9009,6000,local_endpoint_hold,local_line,7.566666666664057e-05,0.0,2000,3003,kaiser_beta_5,60061,allowed_raw_timestamps,0.0,0.002440278276750932,0.014740091013361045
expanded,74_0_50_500_0_query_0.5_51383ab427be,74,train,query,0.5,0.32016666666666665,0.8201666666666667,raw_window_v1,2719,7020,2719,7020,4301,0.320252,0.820076,0.0,0.0,9009,4505,3000,local_endpoint_hold,local_line,8.533333333332616e-05,3.516661116664821e-05,2000,3003,kaiser_beta_5,60061,allowed_raw_timestamps,0.0,0.007586721509952769,0.027715125331722934
expanded,74_0_50_500_1_query_0.5_51383ab427be,74,train,query,0.5,0.34039104633333334,0.8403910463333333,raw_window_v1,2878,7117,2878,7117,4239,0.340394713,0.840305713,0.0,0.0,9009,4505,3000,local_endpoint_hold,local_line,3.6666666666795855e-06,2.9833277833235528e-05,2000,3003,kaiser_beta_5,60061,allowed_raw_timestamps,0.0,0.0020375627778641305,0.008431654448541437
expanded,74_45_40_1000_0_query_0.5_51383ab427be,74,train,query,0.5,0.31120319266666663,0.8112031926666666,raw_window_v1,2651,6997,2651,6997,4346,0.311244526,0.811152526,0.0,0.0,9009,4505,3000,local_endpoint_hold,local_line,4.1333333333393174e-05,0.0,2000,3003,kaiser_beta_5,60061,allowed_raw_timestamps,0.0,0.006136027281405739,0.03215512673085019
expanded,74_45_40_1000_1_query_0.5_51383ab427be,74,train,query,0.5,0.321553067,0.821553067,raw_window_v1,2726,7016,2726,7016,4290,0.321666067,0.821551067,0.0,0.0,9091,4546,3000,local_endpoint_hold,local_line,0.00011299999999997423,0.0,6000,9091,kaiser_beta_5,181821,allowed_raw_timestamps,0.0,0.004982176133999361,0.03015897145327351
expanded,74_90_40_500_0_support_0.25_51383ab427be,74,train,support,0.25,0.31066666666666665,0.5606666666666666,raw_window_v1,2648,4736,2648,4736,2088,0.310701,0.560616,0.0,0.0,9009,2253,1500,local_endpoint_hold,local_line,3.433333333335842e-05,2.2916638916625764e-05,2000,3003,kaiser_beta_5,60061,allowed_raw_timestamps,0.0,0.006295721685855955,0.03818801917816739
expanded,74_90_40_500_0_support_0.5_51383ab427be,74,train,support,0.5,0.31066666666666665,0.8106666666666666,raw_window_v1,2648,6869,2648,6869,4221,0.310701,0.810594,0.0,0.0,9009,4505,3000,local_endpoint_hold,local_line,3.433333333335842e-05,1.7166611166574697e-05,2000,3003,kaiser_beta_5,60061,allowed_raw_timestamps,0.0,0.003777588026003948,0.021421684099085514
expanded,74_90_40_500_0_support_1_51383ab427be,74,train,support,1.0,0.31066666666666665,1.3106666666666666,raw_window_v1,2648,11184,2648,11184,8536,0.310701,1.310553,0.0,0.0,9009,9009,6000,local_endpoint_hold,local_line,3.433333333335842e-05,2.6665556664973167e-06,2000,3003,kaiser_beta_5,60061,allowed_raw_timestamps,0.0,0.0022405388203034318,0.013233279655252339
expanded,74_90_60_1000_0_query_0.5_51383ab427be,74,train,query,0.5,0.31933333333333336,0.8193333333333334,raw_window_v1,2769,7060,2769,7060,4291,0.319384,0.819283,0.0,0.0,9009,4505,3000,local_endpoint_hold,local_line,5.066666666664332e-05,0.0,2000,3003,kaiser_beta_5,60061,allowed_raw_timestamps,0.0,0.0028135120452848997,0.013447760599323288
expanded,74_90_60_1000_1_query_0.5_51383ab427be,74,train,query,0.5,0.30971366266666667,0.8097136626666667,raw_window_v1,2674,7006,2674,7006,4332,0.309809996,0.809600996,0.0,0.0,9009,4505,3000,local_endpoint_hold,local_line,9.63333333333094e-05,5.71666111666147e-05,2000,3003,kaiser_beta_5,60061,allowed_raw_timestamps,0.0,0.003574565828984197,0.025682791226269153
expanded,79_0_20_500_0_support_0.25_51383ab427be,79,train,support,0.25,0.2906666666666667,0.5406666666666666,raw_window_v1,2460,4546,2460,4546,2086,0.290758,0.540577,0.0,0.0,8929,2233,1500,local_endpoint_hold,local_line,9.133333333333216e-05,6.1668010602145e-05,6000,8929,kaiser_beta_5,178581,allowed_raw_timestamps,0.0,0.006000295497267792,0.023605075566238476
expanded,79_0_20_500_0_support_0.5_51383ab427be,79,train,support,0.5,0.2906666666666667,0.7906666666666666,raw_window_v1,2460,6742,2460,6742,4282,0.290758,0.790579,0.0,0.0,9009,4505,3000,local_endpoint_hold,local_line,9.133333333333216e-05,3.216661116656194e-05,2000,3003,kaiser_beta_5,60061,allowed_raw_timestamps,0.0,0.006911605571328083,0.03684266723173657
expanded,79_0_20_500_0_support_1_51383ab427be,79,train,support,1.0,0.2906666666666667,1.2906666666666666,raw_window_v1,2460,11111,2460,11111,8651,0.290758,1.290634,0.0,0.0,9009,9009,6000,local_endpoint_hold,local_line,9.133333333333216e-05,0.0,2000,3003,kaiser_beta_5,60061,allowed_raw_timestamps,0.0,0.005241476350562671,0.015722623751432963
expanded,79_0_30_500_0_query_0.5_51383ab427be,79,train,query,0.5,0.2906666666666667,0.7906666666666666,raw_window_v1,2510,6767,2510,6767,4257,0.290745,0.790642,0.0,0.0,9009,4505,3000,local_endpoint_hold,local_line,7.83333333332914e-05,0.0,2000,3003,kaiser_beta_5,60061,allowed_raw_timestamps,0.0,0.005847897931235861,0.033696213635194816
expanded,79_0_30_500_1_query_0.5_51383ab427be,79,train,query,0.5,0.960518502,1.460518502,raw_window_v1,8192,12424,8192,12424,4232,0.960527502,1.460391502,0.0,0.0,9009,4505,3000,local_endpoint_hold,local_line,9.000000000036756e-06,7.149994449995312e-05,2000,3003,kaiser_beta_5,60061,allowed_raw_timestamps,0.0,0.003900821699261703,0.017549014231923454
expanded,79_0_40_1000_0_support_0.25_51383ab427be,79,train,support,0.25,0.288732473,0.538732473,raw_window_v1,2491,4615,2491,4615,2124,0.288732473,0.538667473,0.0,0.0,9009,2253,1500,local_endpoint_hold,local_line,0.0,3.724997224996418e-05,2000,3003,kaiser_beta_5,60061,allowed_raw_timestamps,0.0,0.002577188613505125,0.018326528345355975
expanded,79_0_40_1000_0_support_0.5_51383ab427be,79,train,support,0.5,0.288732473,0.788732473,raw_window_v1,2491,6780,2491,6780,4289,0.288732473,0.788695473,0.0,0.0,9009,4505,3000,local_endpoint_hold,local_line,0.0,0.0,2000,3003,kaiser_beta_5,60061,allowed_raw_timestamps,0.0,0.0019392512402883755,0.011385978223951376
expanded,79_0_40_1000_0_support_1_51383ab427be,79,train,support,1.0,0.288732473,1.288732473,raw_window_v1,2491,11150,2491,11150,8659,0.288732473,1.288611473,0.0,0.0,9009,9009,6000,local_endpoint_hold,local_line,0.0,9.99988899996751e-06,2000,3003,kaiser_beta_5,60061,allowed_raw_timestamps,0.0,0.00134764138851802,0.007173877421632113
expanded,79_0_40_500_0_support_0.25_51383ab427be,79,train,support,0.25,0.30946271633333333,0.5594627163333333,raw_window_v1,2644,4708,2644,4708,2064,0.309550383,0.559428383,0.0,0.0,9009,2253,1500,local_endpoint_hold,local_line,8.766666666665257e-05,6.583305583340859e-06,2000,3003,kaiser_beta_5,60061,allowed_raw_timestamps,0.0,0.004292129437814099,0.034334922063302464
expanded,79_0_40_500_0_support_0.5_51383ab427be,79,train,support,0.5,0.30946271633333333,0.8094627163333333,raw_window_v1,2644,6885,2644,6885,4241,0.309550383,0.809340383,0.0,0.0,9009,4505,3000,local_endpoint_hold,local_line,8.766666666665257e-05,6.683327783330029e-05,2000,3003,kaiser_beta_5,60061,allowed_raw_timestamps,0.0,0.0037491374548642895,0.01951088666375078
expanded,79_0_40_500_0_support_1_51383ab427be,79,train,support,1.0,0.30946271633333333,1.3094627163333334,raw_window_v1,2644,11189,2644,11189,8545,0.309550383,1.309431383,0.0,0.0,9009,9009,6000,local_endpoint_hold,local_line,8.766666666665257e-05,0.0,2000,3003,kaiser_beta_5,60061,allowed_raw_timestamps,0.0,0.0027232273221508515,0.01049284535121231
expanded,79_0_40_500_1_support_0.25_51383ab427be,79,train,support,0.25,0.2991666666666667,0.5491666666666667,raw_window_v1,2563,4718,2563,4718,2155,0.299235,0.549157,0.0,0.0,9009,2253,1500,local_endpoint_hold,local_line,6.83333333332814e-05,0.0,2000,3003,kaiser_beta_5,60061,allowed_raw_timestamps,0.0,0.00513306760340886,0.029032894042922308
expanded,79_0_40_500_1_support_0.5_51383ab427be,79,train,support,0.5,0.2991666666666667,0.7991666666666667,raw_window_v1,2563,6883,2563,6883,4320,0.299235,0.799154,0.0,0.0,9009,4505,3000,local_endpoint_hold,local_line,6.83333333332814e-05,0.0,2000,3003,kaiser_beta_5,60061,allowed_raw_timestamps,0.0,0.0037073683209678126,0.01875180737628579
expanded,79_0_40_500_1_support_1_51383ab427be,79,train,support,1.0,0.2991666666666667,1.2991666666666668,raw_window_v1,2563,11140,2563,11140,8577,0.299235,1.299104,0.0,0.0,9009,9009,6000,local_endpoint_hold,local_line,6.83333333332814e-05,0.0,2000,3003,kaiser_beta_5,60061,allowed_raw_timestamps,0.0,0.002475619034705265,0.010169972635021729
expanded,79_0_50_500_0_query_0.5_51383ab427be,79,train,query,0.5,0.299881798,0.7998817979999999,raw_window_v1,2505,6740,2505,6740,4235,0.299943798,0.799841798,0.0,0.0,9009,4505,3000,local_endpoint_hold,local_line,6.20000000000065e-05,0.0,2000,3003,kaiser_beta_5,60061,allowed_raw_timestamps,0.0,0.00624868071163225,0.047200230628102524
expanded,79_0_50_500_1_query_0.5_51383ab427be,79,train,query,0.5,0.88001256,1.38001256,raw_window_v1,7567,11909,7567,11909,4342,0.88001556,1.37998656,0.0,0.0,9009,4505,3000,local_endpoint_hold,local_line,2.9999999999752447e-06,0.0,2000,3003,kaiser_beta_5,60061,allowed_raw_timestamps,0.0,0.001871481744415394,0.00660458351244575
expanded,79_45_40_1000_0_query_0.5_51383ab427be,79,train,query,0.5,0.27002553700000004,0.770025537,raw_window_v1,2310,6573,2310,6573,4263,0.270066537,0.769962537,0.0,0.0,9009,4505,3000,local_endpoint_hold,local_line,4.099999999995774e-05,7.499944500000133e-06,2000,3003,kaiser_beta_5,60061,allowed_raw_timestamps,0.0,0.004627303597035484,0.02582029313947487
expanded,79_45_40_1000_1_query_0.5_51383ab427be,79,train,query,0.5,0.2793713503333333,0.7793713503333333,raw_window_v1,2383,6690,2383,6690,4307,0.279466017,0.778988017,0.0,0.0,9009,4505,3000,local_endpoint_hold,local_line,9.466666666668733e-05,0.000327833277833256,2000,3003,kaiser_beta_5,60061,allowed_raw_timestamps,0.0,0.00482188913980396,0.024929116672351093
expanded,79_90_40_500_0_support_0.25_51383ab427be,79,train,support,0.25,0.30941821733333336,0.5594182173333333,raw_window_v1,2683,4839,2683,4839,2156,0.309486884,0.559327884,0.0,0.0,9009,2253,1500,local_endpoint_hold,local_line,6.866666666666132e-05,6.258330558339686e-05,2000,3003,kaiser_beta_5,60061,allowed_raw_timestamps,0.0,0.006406904126250861,0.04667594796184815
expanded,79_90_40_500_0_support_0.5_51383ab427be,79,train,support,0.5,0.30941821733333336,0.8094182173333333,raw_window_v1,2683,7014,2683,7014,4331,0.309486884,0.809400884,0.0,0.0,9009,4505,3000,local_endpoint_hold,local_line,6.866666666666132e-05,0.0,2000,3003,kaiser_beta_5,60061,allowed_raw_timestamps,0.0,0.0032426651225328992,0.01928632935316621
expanded,79_90_40_500_0_support_1_51383ab427be,79,train,support,1.0,0.30941821733333336,1.3094182173333333,raw_window_v1,2683,11403,2683,11403,8720,0.309486884,1.309363884,0.0,0.0,9009,9009,6000,local_endpoint_hold,local_line,6.866666666666132e-05,0.0,2000,3003,kaiser_beta_5,60061,allowed_raw_timestamps,0.0,0.0023845003211716152,0.012097552184148874
expanded,79_90_60_1000_0_query_0.5_51383ab427be,79,train,query,0.5,0.30992216133333333,0.8099221613333334,raw_window_v1,2656,6976,2656,6976,4320,0.310002828,0.809916828,0.0,0.0,9009,4505,3000,local_endpoint_hold,local_line,8.066666666667333e-05,0.0,2000,3003,kaiser_beta_5,60061,allowed_raw_timestamps,0.0,0.0038013565199018443,0.016267517629215078
expanded,79_90_60_1000_1_query_0.5_51383ab427be,79,train,query,0.5,0.31066666666666665,0.8106666666666666,raw_window_v1,2684,6992,2684,6992,4308,0.310943,0.810582,0.0,0.0,9009,4505,3000,local_endpoint_hold,local_line,0.0002763333333333784,2.9166611166586698e-05,2000,3003,kaiser_beta_5,60061,allowed_raw_timestamps,0.0,0.0033811369330694605,0.027859460269081815
expanded,82_0_20_500_0_support_0.25_51383ab427be,82,train,support,0.25,0.3004028613333333,0.5504028613333334,raw_window_v1,2549,4714,2549,4714,2165,0.300436528,0.550305528,0.0,0.0,9009,2253,1500,local_endpoint_hold,local_line,3.366666666665408e-05,6.958330558326509e-05,2000,3003,kaiser_beta_5,60061,allowed_raw_timestamps,0.0,0.010534457009090026,0.04404556315618535
expanded,82_0_20_500_0_support_0.5_51383ab427be,82,train,support,0.5,0.3004028613333333,0.8004028613333334,raw_window_v1,2549,6893,2549,6893,4344,0.300436528,0.800350528,0.0,0.0,9009,4505,3000,local_endpoint_hold,local_line,3.366666666665408e-05,0.0,2000,3003,kaiser_beta_5,60061,allowed_raw_timestamps,0.0,0.006834445715757832,0.04186408433654876
expanded,82_0_20_500_0_support_1_51383ab427be,82,train,support,1.0,0.3004028613333333,1.3004028613333334,raw_window_v1,2549,11227,2549,11227,8678,0.300436528,1.300349528,0.0,0.0,9009,9009,6000,local_endpoint_hold,local_line,3.366666666665408e-05,0.0,2000,3003,kaiser_beta_5,60061,allowed_raw_timestamps,0.0,0.004072925910817819,0.024225886218682824
expanded,82_0_30_500_0_query_0.5_51383ab427be,82,train,query,0.5,1.3403333333333334,1.8403333333333334,raw_window_v1,11536,15882,11536,15882,4346,1.340339,1.840259,0.0,0.0,9009,4505,3000,local_endpoint_hold,local_line,5.666666666570563e-06,1.8833277833252282e-05,2000,3003,kaiser_beta_5,60061,allowed_raw_timestamps,0.0,0.0018510678400710894,0.008388213796060917
expanded,82_0_30_500_1_query_0.5_51383ab427be,82,train,query,0.5,0.30083333333333334,0.8008333333333333,raw_window_v1,2586,6891,2586,6891,4305,0.300873,0.800737,0.0,0.0,9009,4505,3000,local_endpoint_hold,local_line,3.966666666666008e-05,4.083327783321877e-05,2000,3003,kaiser_beta_5,60061,allowed_raw_timestamps,0.0,0.0050827915476695865,0.02111145328593933
expanded,82_0_40_1000_0_support_0.25_51383ab427be,82,train,support,0.25,0.29054460099999996,0.5405446009999999,raw_window_v1,2513,4655,2513,4655,2142,0.290561601,0.540490601,0.0,0.0,9009,2253,1500,local_endpoint_hold,local_line,1.7000000000044757e-05,2.6249972249980935e-05,2000,3003,kaiser_beta_5,60061,allowed_raw_timestamps,0.0,0.004428047277753623,0.022117200389111247
expanded,82_0_40_1000_0_support_0.5_51383ab427be,82,train,support,0.5,0.29054460099999996,0.7905446009999999,raw_window_v1,2513,6807,2513,6807,4294,0.290561601,0.790442601,0.0,0.0,9009,4505,3000,local_endpoint_hold,local_line,1.7000000000044757e-05,4.649994449990036e-05,2000,3003,kaiser_beta_5,60061,allowed_raw_timestamps,0.0,0.002878479597413159,0.013326318847764362
expanded,82_0_40_1000_0_support_1_51383ab427be,82,train,support,1.0,0.29054460099999996,1.290544601,raw_window_v1,2513,11160,2513,11160,8647,0.290561601,1.290534601,0.0,0.0,9009,9009,6000,local_endpoint_hold,local_line,1.7000000000044757e-05,0.0,2000,3003,kaiser_beta_5,60061,allowed_raw_timestamps,0.0,0.0018444921211617064,0.00790641619609378
expanded,82_0_40_500_0_support_0.25_51383ab427be,82,train,support,0.25,0.2796666666666667,0.5296666666666667,raw_window_v1,2393,4565,2393,4565,2172,0.27976,0.529595,0.0,0.0,9009,2253,1500,local_endpoint_hold,local_line,9.333333333333416e-05,4.39166389165635e-05,2000,3003,kaiser_beta_5,60061,allowed_raw_timestamps,0.0,0.010353836545814744,0.06150107440039676
expanded,82_0_40_500_0_support_0.5_51383ab427be,82,train,support,0.5,0.2796666666666667,0.7796666666666667,raw_window_v1,2393,6724,2393,6724,4331,0.27976,0.779394,0.0,0.0,9009,4505,3000,local_endpoint_hold,local_line,9.333333333333416e-05,0.0002171666111666637,2000,3003,kaiser_beta_5,60061,allowed_raw_timestamps,0.0,0.006259720803098949,0.036693279808539536
expanded,82_0_40_500_0_support_1_51383ab427be,82,train,support,1.0,0.2796666666666667,1.2796666666666667,raw_window_v1,2393,11041,2393,11041,8648,0.27976,1.279643,0.0,0.0,9009,9009,6000,local_endpoint_hold,local_line,9.333333333333416e-05,0.0,2000,3003,kaiser_beta_5,60061,allowed_raw_timestamps,0.0,0.003876004950172767,0.020138883921605455
expanded,82_0_40_500_1_support_0.25_51383ab427be,82,train,support,0.25,0.28020223866666666,0.5302022386666667,raw_window_v1,2388,4471,2388,4471,2083,0.280290572,0.530131572,0.0,0.0,9009,2253,1500,local_endpoint_hold,local_line,8.833333333335691e-05,4.2916638916534744e-05,2000,3003,kaiser_beta_5,60061,allowed_raw_timestamps,0.0,0.0009243104321650444,0.005984364079644422
expanded,82_0_40_500_1_support_0.5_51383ab427be,82,train,support,0.5,0.28020223866666666,0.7802022386666667,raw_window_v1,2388,6573,2388,6573,4185,0.280290572,0.780188572,0.0,0.0,9009,4505,3000,local_endpoint_hold,local_line,8.833333333335691e-05,0.0,2000,3003,kaiser_beta_5,60061,allowed_raw_timestamps,0.0,0.000604275631561448,0.0022700185363584424
expanded,82_0_40_500_1_support_1_51383ab427be,82,train,support,1.0,0.28020223866666666,1.2802022386666667,raw_window_v1,2388,10913,2388,10913,8525,0.280290572,1.280190572,0.0,0.0,9009,9009,6000,local_endpoint_hold,local_line,8.833333333335691e-05,0.0,2000,3003,kaiser_beta_5,60061,allowed_raw_timestamps,0.0,0.00044127459678193714,0.001879671909676972
expanded,82_0_50_500_0_query_0.5_51383ab427be,82,train,query,0.5,0.2892403876666667,0.7892403876666667,raw_window_v1,2420,6671,2420,6671,4251,0.289319721,0.789233721,0.0,0.0,9009,4505,3000,local_endpoint_hold,local_line,7.933333333326464e-05,0.0,2000,3003,kaiser_beta_5,60061,allowed_raw_timestamps,0.0,0.0024981767111095115,0.013838982894754714
expanded,82_0_50_500_1_query_0.5_51383ab427be,82,train,query,0.5,0.2801666666666667,0.7801666666666667,raw_window_v1,2354,6661,2354,6661,4307,0.280188,0.780105,0.0,0.0,9009,4505,3000,local_endpoint_hold,local_line,2.133333333331766e-05,6.166611166591451e-06,2000,3003,kaiser_beta_5,60061,allowed_raw_timestamps,0.0,0.0005155304120248843,0.003149241451817275
expanded,82_45_40_1000_0_query_0.5_51383ab427be,82,train,query,0.5,0.28918130966666666,0.7891813096666667,raw_window_v1,2454,6729,2454,6729,4275,0.289226643,0.789132643,0.0,0.0,9009,4505,3000,local_endpoint_hold,local_line,4.533333333334166e-05,0.0,2000,3003,kaiser_beta_5,60061,allowed_raw_timestamps,0.0,0.0026518238605339355,0.012697799172900037
expanded,82_45_40_1000_1_query_0.5_51383ab427be,82,train,query,0.5,0.29083333333333333,0.7908333333333333,raw_window_v1,2475,6766,2475,6766,4291,0.290904,0.790773,0.0,0.0,9009,4505,3000,local_endpoint_hold,local_line,7.066666666666332e-05,4.833277833293792e-06,2000,3003,kaiser_beta_5,60061,allowed_raw_timestamps,0.0,0.0022509553306060367,0.014216383448793835
expanded,82_90_40_500_0_support_0.25_51383ab427be,82,train,support,0.25,0.310039566,0.5600395659999999,raw_window_v1,2680,4749,2680,4749,2069,0.310111566,0.559805566,0.0,0.0,9009,2253,1500,local_endpoint_hold,local_line,7.20000000000165e-05,0.00020624997225004993,2000,3003,kaiser_beta_5,60061,allowed_raw_timestamps,0.0,0.005942593500563433,0.025356625690757806
expanded,82_90_40_500_0_support_0.5_51383ab427be,82,train,support,0.5,0.310039566,0.8100395659999999,raw_window_v1,2680,6903,2680,6903,4223,0.310111566,0.810025566,0.0,0.0,9009,4505,3000,local_endpoint_hold,local_line,7.20000000000165e-05,0.0,2000,3003,kaiser_beta_5,60061,allowed_raw_timestamps,0.0,0.0033078059174343672,0.020278811957763487
expanded,82_90_40_500_0_support_1_51383ab427be,82,train,support,1.0,0.310039566,1.310039566,raw_window_v1,2680,11248,2680,11248,8568,0.310111566,1.310031566,0.0,0.0,9009,9009,6000,local_endpoint_hold,local_line,7.20000000000165e-05,0.0,2000,3003,kaiser_beta_5,60061,allowed_raw_timestamps,0.0,0.002495072790505705,0.010021429747045563
expanded,82_90_60_1000_0_query_0.5_51383ab427be,82,train,query,0.5,0.31884336566666666,0.8188433656666667,raw_window_v1,2723,6936,2723,6936,4213,0.318950699,0.818596699,0.0,0.0,9009,4505,3000,local_endpoint_hold,local_line,0.00010733333333334816,0.0001911666111666932,2000,3003,kaiser_beta_5,60061,allowed_raw_timestamps,0.0,0.0023861287758648896,0.011332426970436238
expanded,82_90_60_1000_1_query_0.5_51383ab427be,82,train,query,0.5,0.31933333333333336,0.8193333333333334,raw_window_v1,2714,7007,2714,7007,4293,0.319399,0.819331,0.0,0.0,9009,4505,3000,local_endpoint_hold,local_line,6.566666666663057e-05,0.0,2000,3003,kaiser_beta_5,60061,allowed_raw_timestamps,0.0,0.0025321657113762525,0.012797248836991404
expanded,87_0_20_500_0_support_0.25_51383ab427be,87,train,support,0.25,0.3205,0.5705,raw_window_v1,2717,4843,2717,4843,2126,0.320541,0.570461,0.0,0.0,9009,2253,1500,local_endpoint_hold,local_line,4.100000000001325e-05,1.124997224999369e-05,2000,3003,kaiser_beta_5,60061,allowed_raw_timestamps,0.0,0.01160055353533764,0.08089928426103388
expanded,87_0_20_500_0_support_0.5_51383ab427be,87,train,support,0.5,0.3205,0.8205,raw_window_v1,2717,7032,2717,7032,4315,0.320541,0.82039,0.0,0.0,9009,4505,3000,local_endpoint_hold,local_line,4.100000000001325e-05,5.449994450001938e-05,2000,3003,kaiser_beta_5,60061,allowed_raw_timestamps,0.0,0.006960510595437818,0.028947074522465144
expanded,87_0_20_500_0_support_1_51383ab427be,87,train,support,1.0,0.3205,1.3205,raw_window_v1,2717,11340,2717,11340,8623,0.320541,1.320412,0.0,0.0,9009,9009,6000,local_endpoint_hold,local_line,4.100000000001325e-05,0.0,2000,3003,kaiser_beta_5,60061,allowed_raw_timestamps,0.0,0.004780987810831153,0.02475882604279578
expanded,87_0_30_500_0_query_0.5_51383ab427be,87,train,query,0.5,0.609073451,1.109073451,raw_window_v1,5157,9528,5157,9528,4371,0.609125451,1.108961451,0.0,0.0,9009,4505,3000,local_endpoint_hold,local_line,5.2000000000052005e-05,5.649994449985485e-05,2000,3003,kaiser_beta_5,60061,allowed_raw_timestamps,0.0,0.00648531384046747,0.03327979754063071
expanded,87_0_30_500_1_query_0.5_51383ab427be,87,train,query,0.5,0.28018245566666666,0.7801824556666667,raw_window_v1,2396,6683,2396,6683,4287,0.280196789,0.779958789,0.0,0.0,9009,4505,3000,local_endpoint_hold,local_line,1.4333333333338416e-05,0.00016816661116658693,2000,3003,kaiser_beta_5,60061,allowed_raw_timestamps,0.0,0.0006436134497732107,0.0034922471272986755
expanded,87_0_40_1000_0_support_0.25_51383ab427be,87,train,support,0.25,0.2698333333333333,0.5198333333333334,raw_window_v1,2310,4485,2310,4485,2175,0.269903,0.519819,0.0,0.0,9009,2253,1500,local_endpoint_hold,local_line,6.966666666669008e-05,0.0,2000,3003,kaiser_beta_5,60061,allowed_raw_timestamps,0.0,0.002845398787843329,0.026221572972904283
expanded,87_0_40_1000_0_support_0.5_51383ab427be,87,train,support,0.5,0.2698333333333333,0.7698333333333334,raw_window_v1,2310,6664,2310,6664,4354,0.269903,0.76982,0.0,0.0,9009,4505,3000,local_endpoint_hold,local_line,6.966666666669008e-05,0.0,2000,3003,kaiser_beta_5,60061,allowed_raw_timestamps,0.0,0.0016520473887339422,0.02005482021511984
expanded,87_0_40_1000_0_support_1_51383ab427be,87,train,support,1.0,0.2698333333333333,1.2698333333333334,raw_window_v1,2310,10992,2310,10992,8682,0.269903,1.269783,0.0,0.0,9009,9009,6000,local_endpoint_hold,local_line,6.966666666669008e-05,0.0,2000,3003,kaiser_beta_5,60061,allowed_raw_timestamps,0.0,0.0011469610125671183,0.007879623609020392
expanded,87_0_40_500_0_support_0.25_51383ab427be,87,train,support,0.25,0.2789315863333333,0.5289315863333333,raw_window_v1,2377,4547,2377,4547,2170,0.278956253,0.528865253,0.0,0.0,9009,2253,1500,local_endpoint_hold,local_line,2.4666666666672832e-05,3.858330558337286e-05,2000,3003,kaiser_beta_5,60061,allowed_raw_timestamps,0.0,0.0004198112299685479,0.002205347812529901
expanded,87_0_40_500_0_support_0.5_51383ab427be,87,train,support,0.5,0.2789315863333333,0.7789315863333333,raw_window_v1,2377,6687,2377,6687,4310,0.278956253,0.778909253,0.0,0.0,9091,4546,3000,local_endpoint_hold,local_line,2.4666666666672832e-05,0.0,6000,9091,kaiser_beta_5,181821,allowed_raw_timestamps,0.0,0.003898642050336199,0.015921115152397025
expanded,87_0_40_500_0_support_1_51383ab427be,87,train,support,1.0,0.2789315863333333,1.2789315863333333,raw_window_v1,2377,11032,2377,11032,8655,0.278956253,1.278816253,0.0,0.0,9091,9091,6000,local_endpoint_hold,local_line,2.4666666666672832e-05,5.334433322401466e-06,6000,9091,kaiser_beta_5,181821,allowed_raw_timestamps,0.0,0.002483841008511352,0.012996063042810757
expanded,87_0_40_500_1_support_0.25_51383ab427be,87,train,support,0.25,0.2897174806666667,0.5397174806666667,raw_window_v1,2493,4668,2493,4668,2175,0.289733814,0.539710814,0.0,0.0,9009,2253,1500,local_endpoint_hold,local_line,1.6333333333284905e-05,0.0,2000,3003,kaiser_beta_5,60061,allowed_raw_timestamps,0.0,0.007459458640643024,0.030514091229597362
expanded,87_0_40_500_1_support_0.5_51383ab427be,87,train,support,0.5,0.2897174806666667,0.7897174806666667,raw_window_v1,2493,6835,2493,6835,4342,0.289733814,0.789659814,0.0,0.0,9009,4505,3000,local_endpoint_hold,local_line,1.6333333333284905e-05,2.1666111666984733e-06,2000,3003,kaiser_beta_5,60061,allowed_raw_timestamps,0.0,0.004870670105871747,0.030039550570905682
expanded,87_0_40_500_1_support_1_51383ab427be,87,train,support,1.0,0.2897174806666667,1.2897174806666667,raw_window_v1,2493,11162,2493,11162,8669,0.289733814,1.289667814,0.0,0.0,9009,9009,6000,local_endpoint_hold,local_line,1.6333333333284905e-05,0.0,2000,3003,kaiser_beta_5,60061,allowed_raw_timestamps,0.0,0.0037622394011908194,0.03166376442084706
expanded,87_0_50_500_0_query_0.5_51383ab427be,87,train,query,0.5,0.3093034436666666,0.8093034436666666,raw_window_v1,2654,6950,2654,6950,4296,0.309379777,0.809281777,0.0,0.0,9009,4505,3000,local_endpoint_hold,local_line,7.633333333340042e-05,0.0,2000,3003,kaiser_beta_5,60061,allowed_raw_timestamps,0.0,0.003952005490547981,0.023564444931654105
expanded,87_0_50_500_1_query_0.5_51383ab427be,87,train,query,0.5,0.2895,0.7895,raw_window_v1,2456,6787,2456,6787,4331,0.289586,0.789475,0.0,0.0,9009,4505,3000,local_endpoint_hold,local_line,8.60000000000305e-05,0.0,2000,3003,kaiser_beta_5,60061,allowed_raw_timestamps,0.0,0.0018679524435908784,0.010532907195222041
expanded,87_45_40_1000_0_query_0.5_51383ab427be,87,train,query,0.5,0.30085802266666667,0.8008580226666666,raw_window_v1,2548,6862,2548,6862,4314,0.300973356,0.800817356,0.0,0.0,9009,4505,3000,local_endpoint_hold,local_line,0.00011533333333335616,0.0,2000,3003,kaiser_beta_5,60061,allowed_raw_timestamps,0.0,0.003797639664282867,0.024504670728823008
expanded,87_45_40_1000_1_query_0.5_51383ab427be,87,train,query,0.5,0.700598435,1.2005984349999999,raw_window_v1,6046,10371,6046,10371,4325,0.700693435,1.200504435,0.0,0.0,9009,4505,3000,local_endpoint_hold,local_line,9.500000000006725e-05,3.849994450000338e-05,2000,3003,kaiser_beta_5,60061,allowed_raw_timestamps,0.0,0.0032063675524676215,0.018702787064173165
expanded,87_90_40_500_0_support_0.25_51383ab427be,87,train,support,0.25,1.0896666666666666,1.3396666666666666,raw_window_v1,9424,11590,9424,11590,2166,1.089724,1.339592,0.0,0.0,9009,2253,1500,local_endpoint_hold,local_line,5.7333333333353664e-05,4.691663891676079e-05,2000,3003,kaiser_beta_5,60061,allowed_raw_timestamps,0.0,0.004587918052644897,0.02814344034113958
expanded,87_90_40_500_0_support_0.5_51383ab427be,87,train,support,0.5,1.0896666666666666,1.5896666666666666,raw_window_v1,9424,13776,9424,13776,4352,1.089724,1.589537,0.0,0.0,9009,4505,3000,local_endpoint_hold,local_line,5.7333333333353664e-05,7.416661116654844e-05,2000,3003,kaiser_beta_5,60061,allowed_raw_timestamps,0.0,0.0032200963488138294,0.017542087319402988
expanded,87_90_40_500_0_support_1_51383ab427be,87,train,support,1.0,1.0896666666666666,2.0896666666666666,raw_window_v1,9424,18109,9424,18109,8685,1.089724,2.089661,0.0,0.0,9009,9009,6000,local_endpoint_hold,local_line,5.7333333333353664e-05,0.0,2000,3003,kaiser_beta_5,60061,allowed_raw_timestamps,0.0,0.0026564155299164394,0.013246820579091878
expanded,87_90_60_1000_0_query_0.5_51383ab427be,87,train,query,0.5,0.31025761966666665,0.8102576196666667,raw_window_v1,2669,7031,2669,7031,4362,0.310360953,0.810165953,0.0,0.0,9009,4505,3000,local_endpoint_hold,local_line,0.00010333333333334416,3.616661116656594e-05,2000,3003,kaiser_beta_5,60061,allowed_raw_timestamps,0.0,0.004101575317306773,0.02269655762770606
expanded,87_90_60_1000_1_query_0.5_51383ab427be,87,train,query,0.5,0.300752335,0.800752335,raw_window_v1,2570,6861,2570,6861,4291,0.300790335,0.800639335,0.0,0.0,9009,4505,3000,local_endpoint_hold,local_line,3.8000000000038e-05,5.7499944499994626e-05,2000,3003,kaiser_beta_5,60061,allowed_raw_timestamps,0.0,0.0031601625182385673,0.017211194025707144
omitted,0_0_20_500_0_support_0.25_40470ec0d981,0,train,support,0.25,1.7096666666666667,1.9596666666666667,raw_window_v1,14812,16968,14812,16968,2156,1.709689,1.959586,0.0,0.0,9009,2253,1500,local_endpoint_hold,local_line,2.2333333333346417e-05,5.291663891671128e-05,2000,3003,kaiser_beta_5,60061,allowed_raw_timestamps,0.0,0.009113264623471432,0.038193909265451076
omitted,0_0_20_500_0_support_0.5_40470ec0d981,0,train,support,0.5,1.7096666666666667,2.2096666666666667,raw_window_v1,14812,19142,14812,19142,4330,1.709689,2.209617,0.0,0.0,9009,4505,3000,local_endpoint_hold,local_line,2.2333333333346417e-05,0.0,2000,3003,kaiser_beta_5,60061,allowed_raw_timestamps,0.0,0.005806985827816959,0.035262048951123504
omitted,0_0_20_500_0_support_1_40470ec0d981,0,train,support,1.0,1.7096666666666667,2.7096666666666667,raw_window_v1,14812,23483,14812,23483,8671,1.709689,2.709506,0.0,0.0,9009,9009,6000,local_endpoint_hold,local_line,2.2333333333346417e-05,4.966655566640554e-05,2000,3003,kaiser_beta_5,60061,allowed_raw_timestamps,0.0,0.004420274084943994,0.02488136866712365
omitted,0_0_40_1000_0_support_0.25_40470ec0d981,0,train,support,0.25,0.969077448,1.219077448,raw_window_v1,8319,10490,8319,10490,2171,0.969083448,1.219048448,0.0,0.0,9091,2273,1500,local_endpoint_hold,local_line,6.000000000061512e-06,0.0,6000,9091,kaiser_beta_5,181821,allowed_raw_timestamps,0.0,0.0055634294463663735,0.04983740373720469
omitted,0_0_40_1000_0_support_0.5_40470ec0d981,0,train,support,0.5,0.969077448,1.469077448,raw_window_v1,8319,12672,8319,12672,4353,0.969083448,1.468971448,0.0,0.0,9009,4505,3000,local_endpoint_hold,local_line,6.000000000061512e-06,5.049994449990436e-05,2000,3003,kaiser_beta_5,60061,allowed_raw_timestamps,0.0,0.00445231865935405,0.029966077483495557
omitted,0_0_40_1000_0_support_1_40470ec0d981,0,train,support,1.0,0.969077448,1.969077448,raw_window_v1,8319,17034,8319,17034,8715,0.969083448,1.968986448,0.0,0.0,9009,9009,6000,local_endpoint_hold,local_line,6.000000000061512e-06,0.0,2000,3003,kaiser_beta_5,60061,allowed_raw_timestamps,0.0,0.0033930539895588377,0.01918972034043831
omitted,0_0_40_500_0_support_0.25_40470ec0d981,0,train,support,0.25,0.28997353433333334,0.5399735343333334,raw_window_v1,2483,4653,2483,4653,2170,0.290044201,0.539954201,0.0,0.0,9009,2253,1500,local_endpoint_hold,local_line,7.066666666666332e-05,0.0,2000,3003,kaiser_beta_5,60061,allowed_raw_timestamps,0.0,0.002856675794320966,0.01876298859535863
omitted,0_0_40_500_0_support_0.5_40470ec0d981,0,train,support,0.5,0.28997353433333334,0.7899735343333334,raw_window_v1,2483,6773,2483,6773,4290,0.290044201,0.789925201,0.0,0.0,9009,4505,3000,local_endpoint_hold,local_line,7.066666666666332e-05,0.0,2000,3003,kaiser_beta_5,60061,allowed_raw_timestamps,0.0,0.0023016477739600874,0.01005077213566885
omitted,0_0_40_500_0_support_1_40470ec0d981,0,train,support,1.0,0.28997353433333334,1.2899735343333334,raw_window_v1,2483,11070,2483,11070,8587,0.290044201,1.289902201,0.0,0.0,9009,9009,6000,local_endpoint_hold,local_line,7.066666666666332e-05,0.0,2000,3003,kaiser_beta_5,60061,allowed_raw_timestamps,0.0,0.001669239657076912,0.008503027831015864
omitted,0_0_40_500_1_support_0.25_40470ec0d981,0,train,support,0.25,0.33066666666666666,0.5806666666666667,raw_window_v1,2785,4917,2785,4917,2132,0.330718,0.580596,0.0,0.0,9009,2253,1500,local_endpoint_hold,local_line,5.1333333333347664e-05,4.2916638916645766e-05,2000,3003,kaiser_beta_5,60061,allowed_raw_timestamps,0.0,0.00074550504347382,0.005717834859495063
omitted,0_0_40_500_1_support_0.5_40470ec0d981,0,train,support,0.5,0.33066666666666666,0.8306666666666667,raw_window_v1,2785,7087,2785,7087,4302,0.330718,0.830593,0.0,0.0,9009,4505,3000,local_endpoint_hold,local_line,5.1333333333347664e-05,1.8166611166603452e-05,2000,3003,kaiser_beta_5,60061,allowed_raw_timestamps,0.0,0.0005393766424573269,0.0034478857620765524
omitted,0_0_40_500_1_support_1_40470ec0d981,0,train,support,1.0,0.33066666666666666,1.3306666666666667,raw_window_v1,2785,11438,2785,11438,8653,0.330718,1.330643,0.0,0.0,9009,9009,6000,local_endpoint_hold,local_line,5.1333333333347664e-05,0.0,2000,3003,kaiser_beta_5,60061,allowed_raw_timestamps,0.0,0.00037609557580070563,0.002171703932384972
omitted,0_45_20_1000_0_query_0.5_40470ec0d981,0,train,query,0.5,2.169,2.669,raw_window_v1,18699,23069,18699,23069,4370,2.169025,2.66899,0.0,0.0,9009,4505,3000,local_endpoint_hold,local_line,2.4999999999941735e-05,0.0,2000,3003,kaiser_beta_5,60061,allowed_raw_timestamps,0.0,0.005513478595136391,0.029365673201509068
omitted,0_45_20_1000_1_query_0.5_40470ec0d981,0,train,query,0.5,0.2798333333333333,0.7798333333333334,raw_window_v1,2415,6768,2415,6768,4353,0.27984,0.779749,0.0,0.0,9009,4505,3000,local_endpoint_hold,local_line,6.66666666665483e-06,2.8833277833317794e-05,2000,3003,kaiser_beta_5,60061,allowed_raw_timestamps,0.0,0.0005152785651491472,0.0025110166113213594
omitted,0_45_40_1000_0_query_0.5_40470ec0d981,0,train,query,0.5,0.3005,0.8005,raw_window_v1,2529,6863,2529,6863,4334,0.300602,0.800456,0.0,0.0,9009,4505,3000,local_endpoint_hold,local_line,0.00010199999999999099,0.0,2000,3003,kaiser_beta_5,60061,allowed_raw_timestamps,0.0,0.0032323548142183848,0.015836802557751106
omitted,0_45_40_1000_1_query_0.5_40470ec0d981,0,train,query,0.5,1.019558154,1.519558154,raw_window_v1,8776,13135,8776,13135,4359,1.019596154,1.519485154,0.0,0.0,9009,4505,3000,local_endpoint_hold,local_line,3.799999999998249e-05,1.7499944499954623e-05,2000,3003,kaiser_beta_5,60061,allowed_raw_timestamps,0.0,0.00437772164065376,0.03281306632689063
omitted,0_45_60_1000_0_query_0.5_40470ec0d981,0,train,query,0.5,0.3002256716666667,0.8002256716666667,raw_window_v1,2566,6899,2566,6899,4333,0.300277005,0.800170005,0.0,0.0,9009,4505,3000,local_endpoint_hold,local_line,5.133333333329215e-05,1.6661116664096198e-07,2000,3003,kaiser_beta_5,60061,allowed_raw_timestamps,0.0,0.002907009164378841,0.013878188327490548
omitted,0_45_60_1000_1_query_0.5_40470ec0d981,0,train,query,0.5,0.3101909606666666,0.8101909606666666,raw_window_v1,2615,6859,2615,6859,4244,0.310288294,0.810084294,0.0,0.0,9009,4505,3000,local_endpoint_hold,local_line,9.733333333339367e-05,5.116661116655319e-05,2000,3003,kaiser_beta_5,60061,allowed_raw_timestamps,0.0,0.0038583922010688716,0.01908543753797165
omitted,0_90_20_1000_0_query_0.5_40470ec0d981,0,train,query,0.5,1.529104109,2.029104109,raw_window_v1,13215,17588,13215,17588,4373,1.529136109,2.028981109,0.0,0.0,9009,4505,3000,local_endpoint_hold,local_line,3.2000000000032e-05,6.749994449961605e-05,2000,3003,kaiser_beta_5,60061,allowed_raw_timestamps,0.0,0.004935374664160882,0.026605758835239968
omitted,0_90_20_1000_1_query_0.5_40470ec0d981,0,train,query,0.5,0.3002683706666667,0.8002683706666667,raw_window_v1,2581,6931,2581,6931,4350,0.300284704,0.800194704,0.0,0.0,9009,4505,3000,local_endpoint_hold,local_line,1.6333333333340416e-05,1.8166611166603452e-05,2000,3003,kaiser_beta_5,60061,allowed_raw_timestamps,0.0,0.004606421156157985,0.022155942022300312
omitted,0_90_40_1000_0_query_0.5_40470ec0d981,0,train,query,0.5,0.29933333333333334,0.7993333333333333,raw_window_v1,2542,6849,2542,6849,4307,0.299385,0.799225,0.0,0.0,9009,4505,3000,local_endpoint_hold,local_line,5.166666666667208e-05,5.2833277833341796e-05,2000,3003,kaiser_beta_5,60061,allowed_raw_timestamps,0.0,0.0037730626830961116,0.02187040932431561
omitted,0_90_40_1000_1_query_0.5_40470ec0d981,0,train,query,0.5,0.291,0.7909999999999999,raw_window_v1,2452,6754,2452,6754,4302,0.291009,0.790924,0.0,0.0,9009,4505,3000,local_endpoint_hold,local_line,9.000000000036756e-06,2.0499944499929867e-05,2000,3003,kaiser_beta_5,60061,allowed_raw_timestamps,0.0,0.0037103385721411627,0.021888348856891504
omitted,0_90_40_500_0_support_0.25_40470ec0d981,0,train,support,0.25,0.299,0.5489999999999999,raw_window_v1,2560,4587,2560,4587,2027,0.299113,0.548914,0.0,0.0,9009,2253,1500,local_endpoint_hold,local_line,0.00011300000000002974,5.824997225001294e-05,2000,3003,kaiser_beta_5,60061,allowed_raw_timestamps,0.0,0.007176314653368226,0.04417183962022575
omitted,0_90_40_500_0_support_0.5_40470ec0d981,0,train,support,0.5,0.299,0.7989999999999999,raw_window_v1,2560,6759,2560,6759,4199,0.299113,0.798951,0.0,0.0,9009,4505,3000,local_endpoint_hold,local_line,0.00011300000000002974,0.0,2000,3003,kaiser_beta_5,60061,allowed_raw_timestamps,0.0,0.0045855427489465495,0.023945405186170277
omitted,0_90_40_500_0_support_1_40470ec0d981,0,train,support,1.0,0.299,1.299,raw_window_v1,2560,11017,2560,11017,8457,0.299113,1.29896,0.0,0.0,9009,9009,6000,local_endpoint_hold,local_line,0.00011300000000002974,0.0,2000,3003,kaiser_beta_5,60061,allowed_raw_timestamps,0.0,0.0031155870026552835,0.01462267524503913
omitted,0_90_60_1000_0_query_0.5_40470ec0d981,0,train,query,0.5,0.3005,0.8005,raw_window_v1,2600,6946,2600,6946,4346,0.300591,0.800271,0.0,0.0,9009,4505,3000,local_endpoint_hold,local_line,9.100000000000774e-05,0.00017349994449999961,2000,3003,kaiser_beta_5,60061,allowed_raw_timestamps,0.0,0.002803556336737087,0.017845572801158838
omitted,0_90_60_1000_1_query_0.5_40470ec0d981,0,train,query,0.5,0.2795,0.7795000000000001,raw_window_v1,2387,6668,2387,6668,4281,0.279526,0.779491,0.0,0.0,9009,4505,3000,local_endpoint_hold,local_line,2.599999999997049e-05,0.0,2000,3003,kaiser_beta_5,60061,allowed_raw_timestamps,0.0,0.00030340330823448264,0.001494680678149951
omitted,102_0_20_500_0_support_0.25_40470ec0d981,102,train,support,0.25,0.430089777,0.6800897770000001,raw_window_v1,3709,5877,3709,5877,2168,0.430164777,0.679986777,0.0,0.0,9009,2253,1500,local_endpoint_hold,local_line,7.499999999999174e-05,7.524997224994667e-05,2000,3003,kaiser_beta_5,60061,allowed_raw_timestamps,0.0,0.005712566142771438,0.03345466033811206
omitted,102_0_20_500_0_support_0.5_40470ec0d981,102,train,support,0.5,0.430089777,0.9300897770000001,raw_window_v1,3709,8053,3709,8053,4344,0.430164777,0.929976777,0.0,0.0,9009,4505,3000,local_endpoint_hold,local_line,7.499999999999174e-05,5.7499944499994626e-05,2000,3003,kaiser_beta_5,60061,allowed_raw_timestamps,0.0,0.0037561174842743045,0.01750687795961925
omitted,102_0_20_500_0_support_1_40470ec0d981,102,train,support,1.0,0.430089777,1.430089777,raw_window_v1,3709,12340,3709,12340,8631,0.430164777,1.430083777,0.0,0.0,9009,9009,6000,local_endpoint_hold,local_line,7.499999999999174e-05,0.0,2000,3003,kaiser_beta_5,60061,allowed_raw_timestamps,0.0,0.0021780275247281072,0.011630595840923519
omitted,102_0_40_1000_0_support_0.25_40470ec0d981,102,train,support,0.25,0.290187201,0.540187201,raw_window_v1,2482,4630,2482,4630,2148,0.290455201,0.540123201,0.0,0.0,9009,2253,1500,local_endpoint_hold,local_line,0.00026799999999999047,3.624997225004645e-05,2000,3003,kaiser_beta_5,60061,allowed_raw_timestamps,0.0,0.006216746831232675,0.05907371110058657
omitted,102_0_40_1000_0_support_0.5_40470ec0d981,102,train,support,0.5,0.290187201,0.790187201,raw_window_v1,2482,6799,2482,6799,4317,0.290455201,0.790185201,0.0,0.0,9009,4505,3000,local_endpoint_hold,local_line,0.00026799999999999047,0.0,2000,3003,kaiser_beta_5,60061,allowed_raw_timestamps,0.0,0.00473585433131505,0.025115437440984767
omitted,102_0_40_1000_0_support_1_40470ec0d981,102,train,support,1.0,0.290187201,1.290187201,raw_window_v1,2482,11136,2482,11136,8654,0.290455201,1.290143201,0.0,0.0,9009,9009,6000,local_endpoint_hold,local_line,0.00026799999999999047,0.0,2000,3003,kaiser_beta_5,60061,allowed_raw_timestamps,0.0,0.003824918864596552,0.024248489454143485
omitted,102_0_40_500_0_support_0.25_40470ec0d981,102,train,support,0.25,0.29,0.54,raw_window_v1,2513,4679,2513,4679,2166,0.290012,0.539904,0.0,0.0,9091,2273,1500,local_endpoint_hold,local_line,1.2000000000012001e-05,1.350082499163019e-05,6000,9091,kaiser_beta_5,181821,allowed_raw_timestamps,0.0,0.005745257611055671,0.03835831848314175
omitted,102_0_40_500_0_support_0.5_40470ec0d981,102,train,support,0.5,0.29,0.79,raw_window_v1,2513,6838,2513,6838,4325,0.290012,0.789939,0.0,0.0,9009,4505,3000,local_endpoint_hold,local_line,1.2000000000012001e-05,5.499944500053644e-06,2000,3003,kaiser_beta_5,60061,allowed_raw_timestamps,0.0,0.004550446650934254,0.021742053134062633
omitted,102_0_40_500_0_support_1_40470ec0d981,102,train,support,1.0,0.29,1.29,raw_window_v1,2513,11183,2513,11183,8670,0.290012,1.28997,0.0,0.0,9091,9091,6000,local_endpoint_hold,local_line,1.2000000000012001e-05,0.0,6000,9091,kaiser_beta_5,181821,allowed_raw_timestamps,0.0,0.009233560583680248,0.07367869209132527
omitted,102_0_40_500_1_support_0.25_40470ec0d981,102,train,support,0.25,0.31038671633333337,0.5603867163333334,raw_window_v1,2640,4814,2640,4814,2174,0.310430383,0.560354383,0.0,0.0,9009,2253,1500,local_endpoint_hold,local_line,4.366666666660857e-05,4.58330558339437e-06,2000,3003,kaiser_beta_5,60061,allowed_raw_timestamps,0.0,0.004995767618701366,0.03230064914480257
omitted,102_0_40_500_1_support_0.5_40470ec0d981,102,train,support,0.5,0.31038671633333337,0.8103867163333334,raw_window_v1,2640,6969,2640,6969,4329,0.310430383,0.810111383,0.0,0.0,9009,4505,3000,local_endpoint_hold,local_line,4.366666666660857e-05,0.00021983327783337003,2000,3003,kaiser_beta_5,60061,allowed_raw_timestamps,0.0,0.0028512326942238386,0.010533937921027636
omitted,102_0_40_500_1_support_1_40470ec0d981,102,train,support,1.0,0.31038671633333337,1.3103867163333334,raw_window_v1,2640,11332,2640,11332,8692,0.310430383,1.310310383,0.0,0.0,9009,9009,6000,local_endpoint_hold,local_line,4.366666666660857e-05,0.0,2000,3003,kaiser_beta_5,60061,allowed_raw_timestamps,0.0,0.0035335400503205814,0.016456474165862822
omitted,102_45_20_1000_0_query_0.5_40470ec0d981,102,train,query,0.5,0.31066666666666665,0.8106666666666666,raw_window_v1,2682,6985,2682,6985,4303,0.310682,0.810639,0.0,0.0,9009,4505,3000,local_endpoint_hold,local_line,1.5333333333367172e-05,0.0,2000,3003,kaiser_beta_5,60061,allowed_raw_timestamps,0.0,0.0032657784651496,0.01701806289215524
omitted,102_45_20_1000_1_query_0.5_40470ec0d981,102,train,query,0.5,0.31066666666666665,0.8106666666666666,raw_window_v1,2682,6974,2682,6974,4292,0.310722,0.810611,0.0,0.0,9009,4505,3000,local_endpoint_hold,local_line,5.5333333333351664e-05,1.6661116664096198e-07,2000,3003,kaiser_beta_5,60061,allowed_raw_timestamps,0.0,0.001674698373527665,0.01413188078717198
omitted,102_45_40_1000_0_query_0.5_40470ec0d981,102,train,query,0.5,0.3398333333333333,0.8398333333333333,raw_window_v1,2929,7294,2929,7294,4365,0.339873,0.839819,0.0,0.0,9009,4505,3000,local_endpoint_hold,local_line,3.966666666666008e-05,0.0,2000,3003,kaiser_beta_5,60061,allowed_raw_timestamps,0.0,0.005304394018754831,0.031089481780780748
omitted,102_45_40_1000_1_query_0.5_40470ec0d981,102,train,query,0.5,1.239537734,1.739537734,raw_window_v1,10680,15027,10680,15027,4347,1.239619734,1.739504734,0.0,0.0,9009,4505,3000,local_endpoint_hold,local_line,8.199999999991547e-05,0.0,2000,3003,kaiser_beta_5,60061,allowed_raw_timestamps,0.0,0.004604376598564319,0.022550158671378995
omitted,102_45_60_1000_0_query_0.5_40470ec0d981,102,train,query,0.5,0.3408726203333333,0.8408726203333333,raw_window_v1,2939,7237,2939,7237,4298,0.340962287,0.840858287,0.0,0.0,9009,4505,3000,local_endpoint_hold,local_line,8.966666666665457e-05,0.0,2000,3003,kaiser_beta_5,60061,allowed_raw_timestamps,0.0,0.005698480114861306,0.030304105853127705
omitted,102_45_60_1000_1_query_0.5_40470ec0d981,102,train,query,0.5,0.3501857126666667,0.8501857126666668,raw_window_v1,3011,7352,3011,7352,4341,0.350232046,0.850164046,0.0,0.0,9009,4505,3000,local_endpoint_hold,local_line,4.633333333331491e-05,0.0,2000,3003,kaiser_beta_5,60061,allowed_raw_timestamps,0.0,0.005408665210855938,0.04877585447418831
omitted,102_90_20_1000_0_query_0.5_40470ec0d981,102,train,query,0.5,0.2895,0.7895,raw_window_v1,2493,6824,2493,6824,4331,0.289514,0.78929,0.0,0.0,9091,4546,3000,local_endpoint_hold,local_line,1.4000000000014001e-05,0.0001550005499943996,6000,9091,kaiser_beta_5,181821,allowed_raw_timestamps,0.0,0.00390709217172359,0.017318718821449863
omitted,102_90_20_1000_1_query_0.5_40470ec0d981,102,train,query,0.5,0.29933333333333334,0.7993333333333333,raw_window_v1,2591,6879,2591,6879,4288,0.299353,0.799302,0.0,0.0,9009,4505,3000,local_endpoint_hold,local_line,1.9666666666640076e-05,0.0,2000,3003,kaiser_beta_5,60061,allowed_raw_timestamps,0.0,0.006066985490042188,0.023666244648712365
omitted,102_90_40_1000_0_query_0.5_40470ec0d981,102,train,query,0.5,0.30989853433333336,0.8098985343333334,raw_window_v1,2670,6960,2670,6960,4290,0.309955201,0.809870201,0.0,0.0,9009,4505,3000,local_endpoint_hold,local_line,5.6666666666649324e-05,0.0,2000,3003,kaiser_beta_5,60061,allowed_raw_timestamps,0.0,0.0036135446385699246,0.021827226789630227
omitted,102_90_40_1000_1_query_0.5_40470ec0d981,102,train,query,0.5,0.33992132633333333,0.8399213263333334,raw_window_v1,2867,7235,2867,7235,4368,0.339943993,0.839886993,0.0,0.0,9009,4505,3000,local_endpoint_hold,local_line,2.266666666667083e-05,0.0,2000,3003,kaiser_beta_5,60061,allowed_raw_timestamps,0.0,0.005594202050914683,0.0372995692799698
omitted,102_90_40_500_0_support_0.25_40470ec0d981,102,train,support,0.25,0.31083333333333335,0.5608333333333333,raw_window_v1,2591,4725,2591,4725,2134,0.310877,0.560803,0.0,0.0,9009,2253,1500,local_endpoint_hold,local_line,4.366666666666408e-05,2.583305583336859e-06,2000,3003,kaiser_beta_5,60061,allowed_raw_timestamps,0.0,0.006898756935541994,0.04221445830380244
omitted,102_90_40_500_0_support_0.5_40470ec0d981,102,train,support,0.5,0.31083333333333335,0.8108333333333333,raw_window_v1,2591,6881,2591,6881,4290,0.310877,0.810774,0.0,0.0,9009,4505,3000,local_endpoint_hold,local_line,4.366666666666408e-05,3.833277833265036e-06,2000,3003,kaiser_beta_5,60061,allowed_raw_timestamps,0.0,0.003965616515649087,0.029809060491430728
omitted,102_90_40_500_0_support_1_40470ec0d981,102,train,support,1.0,0.31083333333333335,1.3108333333333333,raw_window_v1,2591,11254,2591,11254,8663,0.310877,1.31076,0.0,0.0,9009,9009,6000,local_endpoint_hold,local_line,4.366666666666408e-05,0.0,2000,3003,kaiser_beta_5,60061,allowed_raw_timestamps,0.0,0.0028456695785814405,0.015269767765025755
omitted,102_90_60_1000_0_query_0.5_40470ec0d981,102,train,query,0.5,0.3301839636666667,0.8301839636666667,raw_window_v1,2877,7237,2877,7237,4360,0.330234297,0.830128297,0.0,0.0,9009,4505,3000,local_endpoint_hold,local_line,5.033333333331891e-05,1.6661116664096198e-07,2000,3003,kaiser_beta_5,60061,allowed_raw_timestamps,0.0,0.0038283769571047697,0.03010784937864086
omitted,102_90_60_1000_1_query_0.5_40470ec0d981,102,train,query,0.5,0.349534378,0.849534378,raw_window_v1,3016,7323,3016,7323,4307,0.349588378,0.849518378,0.0,0.0,9009,4505,3000,local_endpoint_hold,local_line,5.3999999999998494e-05,0.0,2000,3003,kaiser_beta_5,60061,allowed_raw_timestamps,0.0,0.004448248370466289,0.032076802438902874
omitted,103_0_20_500_0_support_0.25_40470ec0d981,103,train,support,0.25,0.8092639806666667,1.0592639806666666,raw_window_v1,6979,9180,6979,9180,2201,0.809289314,1.059175314,0.0,0.0,9009,2253,1500,local_endpoint_hold,local_line,2.533333333332166e-05,6.091663891671928e-05,2000,3003,kaiser_beta_5,60061,allowed_raw_timestamps,0.0,0.005189224120643464,0.024162137361690927
omitted,103_0_20_500_0_support_0.5_40470ec0d981,103,train,support,0.5,0.8092639806666667,1.3092639806666666,raw_window_v1,6979,11344,6979,11344,4365,0.809289314,1.309257314,0.0,0.0,9009,4505,3000,local_endpoint_hold,local_line,2.533333333332166e-05,0.0,2000,3003,kaiser_beta_5,60061,allowed_raw_timestamps,0.0,0.0026953178907983357,0.02161570532643875
omitted,103_0_20_500_0_support_1_40470ec0d981,103,train,support,1.0,0.8092639806666667,1.8092639806666666,raw_window_v1,6979,15700,6979,15700,8721,0.809289314,1.809260314,0.0,0.0,9009,9009,6000,local_endpoint_hold,local_line,2.533333333332166e-05,0.0,2000,3003,kaiser_beta_5,60061,allowed_raw_timestamps,0.0,0.002080245554511142,0.012054721237138022
omitted,103_0_40_1000_0_support_0.25_40470ec0d981,103,train,support,0.25,0.329583986,0.579583986,raw_window_v1,2811,4990,2811,4990,2179,0.329639986,0.579487986,0.0,0.0,9091,2273,1500,local_endpoint_hold,local_line,5.6000000000000494e-05,1.3500824991741212e-05,6000,9091,kaiser_beta_5,181821,allowed_raw_timestamps,0.0,0.008599425925128152,0.0548876246254979
omitted,103_0_40_1000_0_support_0.5_40470ec0d981,103,train,support,0.5,0.329583986,0.829583986,raw_window_v1,2811,7169,2811,7169,4358,0.329639986,0.829532986,0.0,0.0,9009,4505,3000,local_endpoint_hold,local_line,5.6000000000000494e-05,0.0,2000,3003,kaiser_beta_5,60061,allowed_raw_timestamps,0.0,0.0078987474107893,0.035274939910084235
omitted,103_0_40_1000_0_support_1_40470ec0d981,103,train,support,1.0,0.329583986,1.329583986,raw_window_v1,2811,11459,2811,11459,8648,0.329639986,1.329558986,0.0,0.0,9009,9009,6000,local_endpoint_hold,local_line,5.6000000000000494e-05,0.0,2000,3003,kaiser_beta_5,60061,allowed_raw_timestamps,0.0,0.004622893870205496,0.029121440914795738
omitted,103_0_40_500_0_support_0.25_40470ec0d981,103,train,support,0.25,0.34,0.5900000000000001,raw_window_v1,2821,4980,2821,4980,2159,0.34007,0.589937,0.0,0.0,9009,2253,1500,local_endpoint_hold,local_line,6.999999999995898e-05,3.524997224990667e-05,2000,3003,kaiser_beta_5,60061,allowed_raw_timestamps,0.0,0.0020999382065227507,0.011730699783194076
omitted,103_0_40_500_0_support_0.5_40470ec0d981,103,train,support,0.5,0.34,0.8400000000000001,raw_window_v1,2821,7152,2821,7152,4331,0.34007,0.839979,0.0,0.0,9009,4505,3000,local_endpoint_hold,local_line,6.999999999995898e-05,0.0,2000,3003,kaiser_beta_5,60061,allowed_raw_timestamps,0.0,0.0016275823564714078,0.009568877711393586
omitted,103_0_40_500_0_support_1_40470ec0d981,103,train,support,1.0,0.34,1.34,raw_window_v1,2821,11474,2821,11474,8653,0.34007,1.339983,0.0,0.0,9009,9009,6000,local_endpoint_hold,local_line,6.999999999995898e-05,0.0,2000,3003,kaiser_beta_5,60061,allowed_raw_timestamps,0.0,0.001297922173104729,0.008473525007588911
omitted,103_0_40_500_1_support_0.25_40470ec0d981,103,train,support,0.25,1.0103333333333333,1.2603333333333333,raw_window_v1,8552,10702,8552,10702,2150,1.010388,1.260202,0.0,0.0,9009,2253,1500,local_endpoint_hold,local_line,5.4666666666758346e-05,0.00010358330558313256,2000,3003,kaiser_beta_5,60061,allowed_raw_timestamps,0.0,0.0034392291217798226,0.025015114871050237
omitted,103_0_40_500_1_support_0.5_40470ec0d981,103,train,support,0.5,1.0103333333333333,1.5103333333333333,raw_window_v1,8552,12738,8552,12738,4186,1.010388,1.510292,0.0,0.0,9009,4505,3000,local_endpoint_hold,local_line,5.4666666666758346e-05,0.0,2000,3003,kaiser_beta_5,60061,allowed_raw_timestamps,0.0,0.0025600516128636065,0.012798149836837247
omitted,103_0_40_500_1_support_1_40470ec0d981,103,train,support,1.0,1.0103333333333333,2.0103333333333335,raw_window_v1,8552,17058,8552,17058,8506,1.010388,2.010302,0.0,0.0,9009,9009,6000,local_endpoint_hold,local_line,5.4666666666758346e-05,0.0,2000,3003,kaiser_beta_5,60061,allowed_raw_timestamps,0.0,0.0019058665230648867,0.009272434724630685
omitted,103_45_20_1000_0_query_0.5_40470ec0d981,103,train,query,0.5,0.2886666666666667,0.7886666666666666,raw_window_v1,2472,6827,2472,6827,4355,0.28875,0.788647,0.0,0.0,9009,4505,3000,local_endpoint_hold,local_line,8.333333333332416e-05,0.0,2000,3003,kaiser_beta_5,60061,allowed_raw_timestamps,0.0,0.005161256304085174,0.03040909371800904
omitted,103_45_20_1000_1_query_0.5_40470ec0d981,103,train,query,0.5,2.3808333333333334,2.8808333333333334,raw_window_v1,20588,24908,20588,24908,4320,2.380892,2.880786,0.0,0.0,9009,4505,3000,local_endpoint_hold,local_line,5.866666666642928e-05,0.0,2000,3003,kaiser_beta_5,60061,allowed_raw_timestamps,0.0,0.0016337650170385014,0.010805334643781528
omitted,103_45_40_1000_0_query_0.5_40470ec0d981,103,train,query,0.5,0.31083333333333335,0.8108333333333333,raw_window_v1,2632,6971,2632,6971,4339,0.31087,0.810833,0.0,0.0,9009,4505,3000,local_endpoint_hold,local_line,3.666666666662932e-05,0.0,2000,3003,kaiser_beta_5,60061,allowed_raw_timestamps,0.0,0.004388691877545546,0.019141753503606918
omitted,103_45_40_1000_1_query_0.5_40470ec0d981,103,train,query,0.5,1.1206666666666667,1.6206666666666667,raw_window_v1,9644,13986,9644,13986,4342,1.120764,1.620665,0.0,0.0,9009,4505,3000,local_endpoint_hold,local_line,9.733333333339367e-05,0.0,2000,3003,kaiser_beta_5,60061,allowed_raw_timestamps,0.0,0.0019554134434272372,0.013258430496141393
omitted,103_45_60_1000_0_query_0.5_40470ec0d981,103,train,query,0.5,0.309,0.8089999999999999,raw_window_v1,2636,6969,2636,6969,4333,0.309048,0.808948,0.0,0.0,9009,4505,3000,local_endpoint_hold,local_line,4.799999999999249e-05,0.0,2000,3003,kaiser_beta_5,60061,allowed_raw_timestamps,0.0,0.0030206673238241826,0.030277799181652743
omitted,103_45_60_1000_1_query_0.5_40470ec0d981,103,train,query,0.5,0.3012081306666667,0.8012081306666667,raw_window_v1,2549,6920,2549,6920,4371,0.301233464,0.801122464,0.0,0.0,9009,4505,3000,local_endpoint_hold,local_line,2.533333333332166e-05,3.0166611166726476e-05,2000,3003,kaiser_beta_5,60061,allowed_raw_timestamps,0.0,0.002680672117435569,0.01569503106452519
omitted,103_90_20_1000_0_query_0.5_40470ec0d981,103,train,query,0.5,0.28,0.78,raw_window_v1,2375,6710,2375,6710,4335,0.280072,0.779965,0.0,0.0,9009,4505,3000,local_endpoint_hold,local_line,7.199999999996098e-05,0.0,2000,3003,kaiser_beta_5,60061,allowed_raw_timestamps,0.0,0.006049467388362279,0.03601783103556233
omitted,103_90_20_1000_1_query_0.5_40470ec0d981,103,train,query,0.5,0.29933333333333334,0.7993333333333333,raw_window_v1,2556,6862,2556,6862,4306,0.29937,0.799302,0.0,0.0,9009,4505,3000,local_endpoint_hold,local_line,3.666666666668483e-05,0.0,2000,3003,kaiser_beta_5,60061,allowed_raw_timestamps,0.0,0.007780507683763239,0.03371193090321345
omitted,103_90_40_1000_0_query_0.5_40470ec0d981,103,train,query,0.5,0.31067802766666663,0.8106780276666666,raw_window_v1,2607,6890,2607,6890,4283,0.310725361,0.810580361,0.0,0.0,9009,4505,3000,local_endpoint_hold,local_line,4.7333333333343663e-05,4.2166611166627455e-05,2000,3003,kaiser_beta_5,60061,allowed_raw_timestamps,0.0,0.0032497546255519337,0.024166808275711382
omitted,103_90_40_1000_1_query_0.5_40470ec0d981,103,train,query,0.5,0.31033333333333335,0.8103333333333333,raw_window_v1,2642,6889,2642,6889,4247,0.310694,0.810245,0.0,0.0,9009,4505,3000,local_endpoint_hold,local_line,0.0003606666666666758,3.2833277833321795e-05,2000,3003,kaiser_beta_5,60061,allowed_raw_timestamps,0.0,0.0037589626897416594,0.019028167068049218
omitted,103_90_40_500_0_support_0.25_40470ec0d981,103,train,support,0.25,0.3093415663333334,0.5593415663333334,raw_window_v1,2606,4730,2606,4730,2124,0.309379233,0.559257233,0.0,0.0,9009,2253,1500,local_endpoint_hold,local_line,3.7666666666602566e-05,5.658330558333535e-05,2000,3003,kaiser_beta_5,60061,allowed_raw_timestamps,0.0,0.005311314855774727,0.029805206615955093
omitted,103_90_40_500_0_support_0.5_40470ec0d981,103,train,support,0.5,0.3093415663333334,0.8093415663333334,raw_window_v1,2606,6896,2606,6896,4290,0.309379233,0.809273233,0.0,0.0,9009,4505,3000,local_endpoint_hold,local_line,3.7666666666602566e-05,1.2833277833412815e-05,2000,3003,kaiser_beta_5,60061,allowed_raw_timestamps,0.0,0.0028428853963567164,0.015041795072605613
omitted,103_90_40_500_0_support_1_40470ec0d981,103,train,support,1.0,0.3093415663333334,1.3093415663333334,raw_window_v1,2606,11258,2606,11258,8652,0.309379233,1.309285233,0.0,0.0,9009,9009,6000,local_endpoint_hold,local_line,3.7666666666602566e-05,0.0,2000,3003,kaiser_beta_5,60061,allowed_raw_timestamps,0.0,0.0021791317518656313,0.013610286602945276
omitted,103_90_60_1000_0_query_0.5_40470ec0d981,103,train,query,0.5,0.32033333333333336,0.8203333333333334,raw_window_v1,2760,7095,2760,7095,4335,0.320394,0.820296,0.0,0.0,9009,4505,3000,local_endpoint_hold,local_line,6.0666666666653324e-05,0.0,2000,3003,kaiser_beta_5,60061,allowed_raw_timestamps,0.0,0.0016731173491047323,0.010356185304617238
omitted,103_90_60_1000_1_query_0.5_40470ec0d981,103,train,query,0.5,0.35033333333333333,0.8503333333333334,raw_window_v1,2996,7347,2996,7347,4351,0.350396,0.850288,0.0,0.0,9009,4505,3000,local_endpoint_hold,local_line,6.266666666665532e-05,0.0,2000,3003,kaiser_beta_5,60061,allowed_raw_timestamps,0.0,0.0022885716041053513,0.013764744221758995
omitted,10_0_20_500_0_support_0.25_40470ec0d981,10,val,support,0.25,0.300036955,0.5500369549999999,raw_window_v1,2523,4708,2523,4708,2185,0.300043955,0.549985955,0.0,0.0,9050,2263,1500,local_endpoint_hold,local_line,6.999999999979245e-06,0.0,120,181,kaiser_beta_5,3621,allowed_raw_timestamps,0.0,0.006300294725953916,0.03950932232366
omitted,10_0_20_500_0_support_0.5_40470ec0d981,10,val,support,0.5,0.300036955,0.8000369549999999,raw_window_v1,2523,6897,2523,6897,4374,0.300043955,0.800025955,0.0,0.0,9009,4505,3000,local_endpoint_hold,local_line,6.999999999979245e-06,0.0,2000,3003,kaiser_beta_5,60061,allowed_raw_timestamps,0.0,0.005272745899947762,0.026830145446793185
omitted,10_0_20_500_0_support_1_40470ec0d981,10,val,support,1.0,0.300036955,1.300036955,raw_window_v1,2523,11268,2523,11268,8745,0.300043955,1.299969955,0.0,0.0,9009,9009,6000,local_endpoint_hold,local_line,6.999999999979245e-06,0.0,2000,3003,kaiser_beta_5,60061,allowed_raw_timestamps,0.0,0.0033447075345483294,0.02124344497317132
omitted,10_0_40_1000_0_support_0.25_40470ec0d981,10,val,support,0.25,0.2905,0.5405,raw_window_v1,2524,4674,2524,4674,2150,0.290589,0.54047,0.0,0.0,9091,2273,1500,local_endpoint_hold,local_line,8.900000000000574e-05,0.0,6000,9091,kaiser_beta_5,181821,allowed_raw_timestamps,0.0,0.00440087509939639,0.024474456521277776
omitted,10_0_40_1000_0_support_0.5_40470ec0d981,10,val,support,0.5,0.2905,0.7905,raw_window_v1,2524,6793,2524,6793,4269,0.290589,0.790405,0.0,0.0,9091,4546,3000,local_endpoint_hold,local_line,8.900000000000574e-05,4.0000549994534396e-05,6000,9091,kaiser_beta_5,181821,allowed_raw_timestamps,0.0,0.0031101315278897756,0.01683221883274255
omitted,10_0_40_1000_0_support_1_40470ec0d981,10,val,support,1.0,0.2905,1.2905,raw_window_v1,2524,11066,2524,11066,8542,0.290589,1.290326,0.0,0.0,9009,9009,6000,local_endpoint_hold,local_line,8.900000000000574e-05,6.299988899982623e-05,2000,3003,kaiser_beta_5,60061,allowed_raw_timestamps,0.0,0.0013954101042275083,0.010980774914146174
omitted,10_0_40_500_0_support_0.25_40470ec0d981,10,val,support,0.25,0.29055006099999997,0.540550061,raw_window_v1,2513,4593,2513,4593,2080,0.290622061,0.540495061,0.0,0.0,9009,2253,1500,local_endpoint_hold,local_line,7.20000000000165e-05,2.724997224989867e-05,2000,3003,kaiser_beta_5,60061,allowed_raw_timestamps,0.0,0.008091186496805666,0.05848178307898344
omitted,10_0_40_500_0_support_0.5_40470ec0d981,10,val,support,0.5,0.29055006099999997,0.790550061,raw_window_v1,2513,6737,2513,6737,4224,0.290622061,0.790450061,0.0,0.0,9009,4505,3000,local_endpoint_hold,local_line,7.20000000000165e-05,4.449994449995387e-05,2000,3003,kaiser_beta_5,60061,allowed_raw_timestamps,0.0,0.004969456291880309,0.018470720921344608
omitted,10_0_40_500_0_support_1_40470ec0d981,10,val,support,1.0,0.29055006099999997,1.290550061,raw_window_v1,2513,11017,2513,11017,8504,0.290622061,1.290457061,0.0,0.0,9009,9009,6000,local_endpoint_hold,local_line,7.20000000000165e-05,0.0,2000,3003,kaiser_beta_5,60061,allowed_raw_timestamps,0.0,0.0029749119031540323,0.01929572657743206
omitted,10_0_40_500_1_support_0.25_40470ec0d981,10,val,support,0.25,0.29989771633333334,0.5498977163333334,raw_window_v1,2525,4693,2525,4693,2168,0.299994383,0.549863383,0.0,0.0,9009,2253,1500,local_endpoint_hold,local_line,9.666666666663382e-05,6.583305583229837e-06,2000,3003,kaiser_beta_5,60061,allowed_raw_timestamps,0.0,0.004902407660267232,0.03159095751552776
omitted,10_0_40_500_1_support_0.5_40470ec0d981,10,val,support,0.5,0.29989771633333334,0.7998977163333334,raw_window_v1,2525,6860,2525,6860,4335,0.299994383,0.799888383,0.0,0.0,9009,4505,3000,local_endpoint_hold,local_line,9.666666666663382e-05,0.0,2000,3003,kaiser_beta_5,60061,allowed_raw_timestamps,0.0,0.002912916573699617,0.013580388812914013
omitted,10_0_40_500_1_support_1_40470ec0d981,10,val,support,1.0,0.29989771633333334,1.2998977163333334,raw_window_v1,2525,11219,2525,11219,8694,0.299994383,1.299815383,0.0,0.0,9009,9009,6000,local_endpoint_hold,local_line,9.666666666663382e-05,0.0,2000,3003,kaiser_beta_5,60061,allowed_raw_timestamps,0.0,0.001925774192447112,0.008753232385795506
omitted,10_45_20_1000_1_query_0.5_40470ec0d981,10,val,query,0.5,1.9497221496666666,2.4497221496666666,raw_window_v1,16771,21059,16771,21059,4288,1.949755483,2.449708483,0.0,0.0,9009,4505,3000,local_endpoint_hold,local_line,3.333333333332966e-05,0.0,2000,3003,kaiser_beta_5,60061,allowed_raw_timestamps,0.0,0.0072384973535763895,0.036478640434213894
omitted,10_45_30_1000_1_query_0.5_40470ec0d981,10,val,query,0.5,0.31983333333333336,0.8198333333333334,raw_window_v1,2675,6975,2675,6975,4300,0.319872,0.819775,0.0,0.0,9009,4505,3000,local_endpoint_hold,local_line,3.866666666663132e-05,2.833277833347303e-06,2000,3003,kaiser_beta_5,60061,allowed_raw_timestamps,0.0,0.006216728660726059,0.03478073173857599
omitted,10_45_40_1000_1_query_0.5_40470ec0d981,10,val,query,0.5,0.3115,0.8115,raw_window_v1,2657,6885,2657,6885,4228,0.311541,0.811185,0.0,0.0,9009,4505,3000,local_endpoint_hold,local_line,4.100000000001325e-05,0.0002594999444999191,2000,3003,kaiser_beta_5,60061,allowed_raw_timestamps,0.0,0.004292879572451528,0.02592535985790967
omitted,10_45_50_1000_1_query_0.5_40470ec0d981,10,val,query,0.5,0.2894034223333333,0.7894034223333333,raw_window_v1,2487,6782,2487,6782,4295,0.289413089,0.789385089,0.0,0.0,9009,4505,3000,local_endpoint_hold,local_line,9.666666666685586e-06,0.0,2000,3003,kaiser_beta_5,60061,allowed_raw_timestamps,0.0,0.0038879636209769182,0.024406522328439983
omitted,10_45_60_1000_1_query_0.5_40470ec0d981,10,val,query,0.5,0.320030302,0.8200303019999999,raw_window_v1,2770,7069,2770,7069,4299,0.320032302,0.820013302,0.0,0.0,9009,4505,3000,local_endpoint_hold,local_line,2.000000000002e-06,0.0,2000,3003,kaiser_beta_5,60061,allowed_raw_timestamps,0.0,0.0017179107368159776,0.014839586169901331
omitted,10_90_20_1000_1_query_0.5_40470ec0d981,10,val,query,0.5,0.311038263,0.8110382629999999,raw_window_v1,2657,7002,2657,7002,4345,0.311088263,0.810907263,0.0,0.0,9009,4505,3000,local_endpoint_hold,local_line,4.999999999999449e-05,7.54999444998461e-05,2000,3003,kaiser_beta_5,60061,allowed_raw_timestamps,0.0,0.004333607947016288,0.021642556657062162
omitted,10_90_30_1000_1_query_0.5_40470ec0d981,10,val,query,0.5,0.2904254273333333,0.7904254273333333,raw_window_v1,2504,6688,2504,6688,4184,0.290540094,0.790318094,0.0,0.0,9009,4505,3000,local_endpoint_hold,local_line,0.00011466666666670733,5.183327783331304e-05,2000,3003,kaiser_beta_5,60061,allowed_raw_timestamps,0.0,0.005299121988643109,0.037100633110616066
omitted,10_90_40_1000_1_query_0.5_40470ec0d981,10,val,query,0.5,0.2991666666666667,0.7991666666666667,raw_window_v1,2521,6754,2521,6754,4233,0.299184,0.799124,0.0,0.0,9009,4505,3000,local_endpoint_hold,local_line,1.733333333331366e-05,0.0,2000,3003,kaiser_beta_5,60061,allowed_raw_timestamps,0.0,0.0028991743884596403,0.01896566605212069
omitted,10_90_40_500_0_support_0.25_40470ec0d981,10,val,support,0.25,0.2987050816666667,0.5487050816666668,raw_window_v1,2536,4647,2536,4647,2111,0.298784415,0.548595415,0.0,0.0,9009,2253,1500,local_endpoint_hold,local_line,7.933333333332016e-05,8.191663891665701e-05,2000,3003,kaiser_beta_5,60061,allowed_raw_timestamps,0.0,0.007050109958652524,0.07075102993094351
omitted,10_90_40_500_0_support_0.5_40470ec0d981,10,val,support,0.5,0.2987050816666667,0.7987050816666668,raw_window_v1,2536,6809,2536,6809,4273,0.298784415,0.798624415,0.0,0.0,9009,4505,3000,local_endpoint_hold,local_line,7.933333333332016e-05,2.516661116669372e-05,2000,3003,kaiser_beta_5,60061,allowed_raw_timestamps,0.0,0.005283033727607893,0.040682129593397676
omitted,10_90_40_500_0_support_1_40470ec0d981,10,val,support,1.0,0.2987050816666667,1.2987050816666668,raw_window_v1,2536,11126,2536,11126,8590,0.298784415,1.298693415,0.0,0.0,9009,9009,6000,local_endpoint_hold,local_line,7.933333333332016e-05,0.0,2000,3003,kaiser_beta_5,60061,allowed_raw_timestamps,0.0,0.003329249265215707,0.025847025612938612
omitted,10_90_50_1000_1_query_0.5_40470ec0d981,10,val,query,0.5,0.2896666666666667,0.7896666666666667,raw_window_v1,2408,6704,2408,6704,4296,0.289753,0.789601,0.0,0.0,9009,4505,3000,local_endpoint_hold,local_line,8.63333333332994e-05,1.0166611166706474e-05,2000,3003,kaiser_beta_5,60061,allowed_raw_timestamps,0.0,0.004852027901043837,0.026224486891295307
omitted,10_90_60_1000_1_query_0.5_40470ec0d981,10,val,query,0.5,0.30133333333333334,0.8013333333333333,raw_window_v1,2505,6771,2505,6771,4266,0.301429,0.801317,0.0,0.0,9009,4505,3000,local_endpoint_hold,local_line,9.566666666666057e-05,0.0,2000,3003,kaiser_beta_5,60061,allowed_raw_timestamps,0.0,0.004371664954368851,0.03180246550652388
omitted,38_0_20_500_0_support_0.25_40470ec0d981,38,train,support,0.25,1.011078156,1.261078156,raw_window_v1,8815,10985,8815,10985,2170,1.011098156,1.261029156,0.0,0.0,9009,2253,1500,local_endpoint_hold,local_line,2.0000000000131024e-05,2.12499722500592e-05,2000,3003,kaiser_beta_5,60061,allowed_raw_timestamps,0.0,0.0030573975687804844,0.016395545656434862
omitted,38_0_20_500_0_support_0.5_40470ec0d981,38,train,support,0.5,1.011078156,1.511078156,raw_window_v1,8815,13167,8815,13167,4352,1.011098156,1.511035156,0.0,0.0,9091,4546,3000,local_endpoint_hold,local_line,2.0000000000131024e-05,0.0,6000,9091,kaiser_beta_5,181821,allowed_raw_timestamps,0.0,0.0033216977964761057,0.020429080289916968
omitted,38_0_20_500_0_support_1_40470ec0d981,38,train,support,1.0,1.011078156,2.011078156,raw_window_v1,8815,17542,8815,17542,8727,1.011098156,2.011005156,0.0,0.0,9009,9009,6000,local_endpoint_hold,local_line,2.0000000000131024e-05,0.0,2000,3003,kaiser_beta_5,60061,allowed_raw_timestamps,0.0,0.0015341717285603101,0.011039505633194224
omitted,38_0_40_1000_0_support_0.25_40470ec0d981,38,train,support,0.25,0.2901666666666667,0.5401666666666667,raw_window_v1,2464,4604,2464,4604,2140,0.290274,0.540079,0.0,0.0,9091,2273,1500,local_endpoint_hold,local_line,0.00010733333333329265,5.167491658464307e-06,6000,9091,kaiser_beta_5,181821,allowed_raw_timestamps,0.0,0.007604974201455381,0.031194090585328738
omitted,38_0_40_1000_0_support_0.5_40470ec0d981,38,train,support,0.5,0.2901666666666667,0.7901666666666667,raw_window_v1,2464,6765,2464,6765,4301,0.290274,0.790095,0.0,0.0,9009,4505,3000,local_endpoint_hold,local_line,0.00010733333333329265,1.6166611166656963e-05,2000,3003,kaiser_beta_5,60061,allowed_raw_timestamps,0.0,0.0024291767870379746,0.010168779614602386
omitted,38_0_40_1000_0_support_1_40470ec0d981,38,train,support,1.0,0.2901666666666667,1.2901666666666667,raw_window_v1,2464,11110,2464,11110,8646,0.290274,1.290136,0.0,0.0,9009,9009,6000,local_endpoint_hold,local_line,0.00010733333333329265,0.0,2000,3003,kaiser_beta_5,60061,allowed_raw_timestamps,0.0,0.0017018955118826746,0.008367427385590265
omitted,38_0_40_500_0_support_0.25_40470ec0d981,38,train,support,0.25,0.2906666666666667,0.5406666666666666,raw_window_v1,2510,4689,2510,4689,2179,0.290683,0.540664,0.0,0.0,9009,2253,1500,local_endpoint_hold,local_line,1.6333333333340416e-05,0.0,2000,3003,kaiser_beta_5,60061,allowed_raw_timestamps,0.0,0.00710337075125769,0.043446876944490675
omitted,38_0_40_500_0_support_0.5_40470ec0d981,38,train,support,0.5,0.2906666666666667,0.7906666666666666,raw_window_v1,2510,6855,2510,6855,4345,0.290683,0.790587,0.0,0.0,9009,4505,3000,local_endpoint_hold,local_line,1.6333333333340416e-05,2.4166611166553942e-05,2000,3003,kaiser_beta_5,60061,allowed_raw_timestamps,0.0,0.004507197516966624,0.01970566079613434
omitted,38_0_40_500_0_support_1_40470ec0d981,38,train,support,1.0,0.2906666666666667,1.2906666666666666,raw_window_v1,2510,11212,2510,11212,8702,0.290683,1.290594,0.0,0.0,9009,9009,6000,local_endpoint_hold,local_line,1.6333333333340416e-05,0.0,2000,3003,kaiser_beta_5,60061,allowed_raw_timestamps,0.0,0.003979759446318042,0.016554605770805253
omitted,38_0_40_500_1_support_0.25_40470ec0d981,38,train,support,0.25,0.31066666666666665,0.5606666666666666,raw_window_v1,2674,4828,2674,4828,2154,0.310722,0.560629,0.0,0.0,9009,2253,1500,local_endpoint_hold,local_line,5.5333333333351664e-05,9.916638916585008e-06,2000,3003,kaiser_beta_5,60061,allowed_raw_timestamps,0.0,0.006034559788431096,0.03154094661078055
omitted,38_0_40_500_1_support_0.5_40470ec0d981,38,train,support,0.5,0.31066666666666665,0.8106666666666666,raw_window_v1,2674,6987,2674,6987,4313,0.310722,0.810592,0.0,0.0,9009,4505,3000,local_endpoint_hold,local_line,5.5333333333351664e-05,1.9166611166632208e-05,2000,3003,kaiser_beta_5,60061,allowed_raw_timestamps,0.0,0.003847637160882017,0.020712254266984864
omitted,38_0_40_500_1_support_1_40470ec0d981,38,train,support,1.0,0.31066666666666665,1.3106666666666666,raw_window_v1,2674,11331,2674,11331,8657,0.310722,1.310585,0.0,0.0,9009,9009,6000,local_endpoint_hold,local_line,5.5333333333351664e-05,0.0,2000,3003,kaiser_beta_5,60061,allowed_raw_timestamps,0.0,0.002535404128026509,0.016488405865667133
omitted,38_45_20_1000_0_query_0.5_40470ec0d981,38,train,query,0.5,0.2804221883333333,0.7804221883333333,raw_window_v1,2383,6756,2383,6756,4373,0.280475855,0.780370855,0.0,0.0,9009,4505,3000,local_endpoint_hold,local_line,5.366666666667408e-05,0.0,2000,3003,kaiser_beta_5,60061,allowed_raw_timestamps,0.0,0.006149827148891478,0.024023994386730863
omitted,38_45_20_1000_1_query_0.5_40470ec0d981,38,train,query,0.5,0.29136809933333335,0.7913680993333334,raw_window_v1,2495,6794,2495,6794,4299,0.291441766,0.791328766,0.0,0.0,9009,4505,3000,local_endpoint_hold,local_line,7.366666666663857e-05,0.0,2000,3003,kaiser_beta_5,60061,allowed_raw_timestamps,0.0,0.005294170729718231,0.028888268503187042
omitted,38_45_40_1000_0_query_0.5_40470ec0d981,38,train,query,0.5,0.30936371733333334,0.8093637173333333,raw_window_v1,2653,6932,2653,6932,4279,0.309447384,0.809251384,0.0,0.0,9009,4505,3000,local_endpoint_hold,local_line,8.366666666664857e-05,5.68332778333458e-05,2000,3003,kaiser_beta_5,60061,allowed_raw_timestamps,0.0,0.0033718292653012335,0.01839887713256516
omitted,38_45_40_1000_1_query_0.5_40470ec0d981,38,train,query,0.5,0.2893476166666667,0.7893476166666666,raw_window_v1,2477,6781,2477,6781,4304,0.28938995,0.78924895,0.0,0.0,9009,4505,3000,local_endpoint_hold,local_line,4.233333333331091e-05,4.316661116665621e-05,2000,3003,kaiser_beta_5,60061,allowed_raw_timestamps,0.0,0.002265471553039309,0.011104209975485446
omitted,38_45_60_1000_0_query_0.5_40470ec0d981,38,train,query,0.5,0.31083333333333335,0.8108333333333333,raw_window_v1,2679,6975,2679,6975,4296,0.310913,0.810811,0.0,0.0,9009,4505,3000,local_endpoint_hold,local_line,7.966666666664457e-05,0.0,2000,3003,kaiser_beta_5,60061,allowed_raw_timestamps,0.0,0.004354190595982246,0.022847444558716568
omitted,38_45_60_1000_1_query_0.5_40470ec0d981,38,train,query,0.5,0.2991666666666667,0.7991666666666667,raw_window_v1,2521,6788,2521,6788,4267,0.299207,0.799147,0.0,0.0,9009,4505,3000,local_endpoint_hold,local_line,4.033333333330891e-05,0.0,2000,3003,kaiser_beta_5,60061,allowed_raw_timestamps,0.0,0.0035354679421160766,0.018058730757351427
omitted,38_90_20_1000_0_query_0.5_40470ec0d981,38,train,query,0.5,0.310058167,0.810058167,raw_window_v1,2654,7026,2654,7026,4372,0.310074167,0.809962167,0.0,0.0,9009,4505,3000,local_endpoint_hold,local_line,1.6000000000016e-05,4.049994449994987e-05,2000,3003,kaiser_beta_5,60061,allowed_raw_timestamps,0.0,0.004912267747406453,0.030638648607678398
omitted,38_90_20_1000_1_query_0.5_40470ec0d981,38,train,query,0.5,2.219609533,2.719609533,raw_window_v1,19079,23429,19079,23429,4350,2.219682533,2.719567533,0.0,0.0,9009,4505,3000,local_endpoint_hold,local_line,7.299999999998974e-05,0.0,2000,3003,kaiser_beta_5,60061,allowed_raw_timestamps,0.0,0.006249312025597516,0.036457298457343246
omitted,38_90_40_1000_0_query_0.5_40470ec0d981,38,train,query,0.5,0.320636631,0.820636631,raw_window_v1,2750,7033,2750,7033,4283,0.320674631,0.820569631,0.0,0.0,9009,4505,3000,local_endpoint_hold,local_line,3.799999999998249e-05,1.1499944499893111e-05,2000,3003,kaiser_beta_5,60061,allowed_raw_timestamps,0.0,0.005404039421419233,0.03025477770824736
omitted,38_90_40_1000_1_query_0.5_40470ec0d981,38,train,query,0.5,0.31133333333333335,0.8113333333333334,raw_window_v1,2672,6833,2672,6833,4161,0.311408,0.811326,0.0,0.0,9009,4505,3000,local_endpoint_hold,local_line,7.466666666666733e-05,0.0,2000,3003,kaiser_beta_5,60061,allowed_raw_timestamps,0.0,0.0033494785026013225,0.01677051491369186
omitted,38_90_40_500_0_support_0.25_40470ec0d981,38,train,support,0.25,1.1196666666666666,1.3696666666666666,raw_window_v1,9657,11829,9657,11829,2172,1.119671,1.369593,0.0,0.0,9009,2253,1500,local_endpoint_hold,local_line,4.333333333494949e-06,4.5916638916398966e-05,2000,3003,kaiser_beta_5,60061,allowed_raw_timestamps,0.0,0.0030580777205113222,0.021898900023473722
omitted,38_90_40_500_0_support_0.5_40470ec0d981,38,train,support,0.5,1.1196666666666666,1.6196666666666666,raw_window_v1,9657,14012,9657,14012,4355,1.119671,1.619632,0.0,0.0,9009,4505,3000,local_endpoint_hold,local_line,4.333333333494949e-06,0.0,2000,3003,kaiser_beta_5,60061,allowed_raw_timestamps,0.0,0.0020581921533693493,0.009741310806399728
omitted,38_90_40_500_0_support_1_40470ec0d981,38,train,support,1.0,1.1196666666666666,2.1196666666666664,raw_window_v1,9657,18370,9657,18370,8713,1.119671,2.11964,0.0,0.0,9009,9009,6000,local_endpoint_hold,local_line,4.333333333494949e-06,0.0,2000,3003,kaiser_beta_5,60061,allowed_raw_timestamps,0.0,0.0013540018106219668,0.006859038452255994
omitted,38_90_60_1000_0_query_0.5_40470ec0d981,38,train,query,0.5,0.32016666666666665,0.8201666666666667,raw_window_v1,2722,6995,2722,6995,4273,0.320266,0.820159,0.0,0.0,9009,4505,3000,local_endpoint_hold,local_line,9.933333333334016e-05,0.0,2000,3003,kaiser_beta_5,60061,allowed_raw_timestamps,0.0,0.005066175562086812,0.028391079977361677
omitted,38_90_60_1000_1_query_0.5_40470ec0d981,38,train,query,0.5,0.309036708,0.809036708,raw_window_v1,2665,7003,2665,7003,4338,0.309076708,0.808979708,0.0,0.0,9009,4505,3000,local_endpoint_hold,local_line,3.999999999998449e-05,1.4999445000496436e-06,2000,3003,kaiser_beta_5,60061,allowed_raw_timestamps,0.0,0.003853646888350971,0.03106309789886197
omitted,49_0_20_500_0_support_0.25_40470ec0d981,49,train,support,0.25,0.2912499396666667,0.5412499396666667,raw_window_v1,2487,4644,2487,4644,2157,0.291371273,0.541170273,0.0,0.0,9009,2253,1500,local_endpoint_hold,local_line,0.00012133333333330665,5.191663891668252e-05,2000,3003,kaiser_beta_5,60061,allowed_raw_timestamps,0.0,0.005765832457632171,0.024237407571498615
omitted,49_0_20_500_0_support_0.5_40470ec0d981,49,train,support,0.5,0.2912499396666667,0.7912499396666667,raw_window_v1,2487,6752,2487,6752,4265,0.291371273,0.791195273,0.0,0.0,9009,4505,3000,local_endpoint_hold,local_line,0.00012133333333330665,0.0,2000,3003,kaiser_beta_5,60061,allowed_raw_timestamps,0.0,0.0034500851842239008,0.02107805448773714
omitted,49_0_20_500_0_support_1_40470ec0d981,49,train,support,1.0,0.2912499396666667,1.2912499396666668,raw_window_v1,2487,11014,2487,11014,8527,0.291371273,1.290984273,0.0,0.0,9009,9009,6000,local_endpoint_hold,local_line,0.00012133333333330665,0.00015466655566664933,2000,3003,kaiser_beta_5,60061,allowed_raw_timestamps,0.0,0.00212322811109573,0.010111323563240404
omitted,49_0_40_1000_0_support_0.25_40470ec0d981,49,train,support,0.25,0.9398333333333333,1.1898333333333333,raw_window_v1,8145,10327,8145,10327,2182,0.93987,1.189769,0.0,0.0,9009,2253,1500,local_endpoint_hold,local_line,3.666666666668483e-05,3.6583305583093306e-05,2000,3003,kaiser_beta_5,60061,allowed_raw_timestamps,0.0,0.0019439359841099495,0.00915045814889659
omitted,49_0_40_1000_0_support_0.5_40470ec0d981,49,train,support,0.5,0.9398333333333333,1.4398333333333333,raw_window_v1,8145,12513,8145,12513,4368,0.93987,1.439801,0.0,0.0,9009,4505,3000,local_endpoint_hold,local_line,3.666666666668483e-05,0.0,2000,3003,kaiser_beta_5,60061,allowed_raw_timestamps,0.0,0.000942161509770637,0.0060110732883380535
omitted,49_0_40_1000_0_support_1_40470ec0d981,49,train,support,1.0,0.9398333333333333,1.9398333333333333,raw_window_v1,8145,16868,8145,16868,8723,0.93987,1.939802,0.0,0.0,9009,9009,6000,local_endpoint_hold,local_line,3.666666666668483e-05,0.0,2000,3003,kaiser_beta_5,60061,allowed_raw_timestamps,0.0,0.0005956614327447934,0.002830690810284864
omitted,49_0_40_500_0_support_0.25_40470ec0d981,49,train,support,0.25,0.5711882536666667,0.8211882536666667,raw_window_v1,4898,7087,4898,7087,2189,0.571234587,0.821147587,0.0,0.0,9009,2253,1500,local_endpoint_hold,local_line,4.63333333332594e-05,1.2916638916671275e-05,2000,3003,kaiser_beta_5,60061,allowed_raw_timestamps,0.0,0.005970084881402299,0.028373904681713302
omitted,49_0_40_500_0_support_0.5_40470ec0d981,49,train,support,0.5,0.5711882536666667,1.0711882536666666,raw_window_v1,4898,9273,4898,9273,4375,0.571234587,1.071125587,0.0,0.0,9009,4505,3000,local_endpoint_hold,local_line,4.63333333332594e-05,7.166611166731229e-06,2000,3003,kaiser_beta_5,60061,allowed_raw_timestamps,0.0,0.004485713963782186,0.020813297225215077
omitted,49_0_40_500_0_support_1_40470ec0d981,49,train,support,1.0,0.5711882536666667,1.5711882536666666,raw_window_v1,4898,13585,4898,13585,8687,0.571234587,1.571131587,0.0,0.0,9009,9009,6000,local_endpoint_hold,local_line,4.63333333332594e-05,0.0,2000,3003,kaiser_beta_5,60061,allowed_raw_timestamps,0.0,0.0032940836289952202,0.015299795505989255
omitted,49_0_40_500_1_support_0.25_40470ec0d981,49,train,support,0.25,0.2793333333333333,0.5293333333333333,raw_window_v1,2360,4523,2360,4523,2163,0.279339,0.529257,0.0,0.0,9009,2253,1500,local_endpoint_hold,local_line,5.666666666681586e-06,4.858330558332735e-05,2000,3003,kaiser_beta_5,60061,allowed_raw_timestamps,0.0,0.007896297447536121,0.039806644531909186
omitted,49_0_40_500_1_support_0.5_40470ec0d981,49,train,support,0.5,0.2793333333333333,0.7793333333333333,raw_window_v1,2360,6704,2360,6704,4344,0.279339,0.779289,0.0,0.0,9009,4505,3000,local_endpoint_hold,local_line,5.666666666681586e-06,0.0,2000,3003,kaiser_beta_5,60061,allowed_raw_timestamps,0.0,0.004590872628228104,0.024329386229323013
omitted,49_0_40_500_1_support_1_40470ec0d981,49,train,support,1.0,0.2793333333333333,1.2793333333333332,raw_window_v1,2360,11047,2360,11047,8687,0.279339,1.279297,0.0,0.0,9009,9009,6000,local_endpoint_hold,local_line,5.666666666681586e-06,0.0,2000,3003,kaiser_beta_5,60061,allowed_raw_timestamps,0.0,0.0035258600581692923,0.021950560422827614
omitted,49_45_20_1000_0_query_0.5_40470ec0d981,49,train,query,0.5,0.299042706,0.799042706,raw_window_v1,2543,6890,2543,6890,4347,0.299071706,0.798959706,0.0,0.0,9009,4505,3000,local_endpoint_hold,local_line,2.9000000000001247e-05,2.7499944500020135e-05,2000,3003,kaiser_beta_5,60061,allowed_raw_timestamps,0.0,0.005917608951716061,0.03191959595617977
omitted,49_45_20_1000_1_query_0.5_40470ec0d981,49,train,query,0.5,0.2911666666666667,0.7911666666666667,raw_window_v1,2468,6839,2468,6839,4371,0.291175,0.791064,0.0,0.0,9009,4505,3000,local_endpoint_hold,local_line,8.333333333332416e-06,4.716661116666021e-05,2000,3003,kaiser_beta_5,60061,allowed_raw_timestamps,0.0,0.0027564708633304965,0.01233242649813926
omitted,49_45_40_1000_0_query_0.5_40470ec0d981,49,train,query,0.5,0.2996666666666667,0.7996666666666667,raw_window_v1,2569,6813,2569,6813,4244,0.299713,0.799633,0.0,0.0,9009,4505,3000,local_endpoint_hold,local_line,4.633333333331491e-05,0.0,2000,3003,kaiser_beta_5,60061,allowed_raw_timestamps,0.0,0.003921653166768214,0.022438284701911115
omitted,49_45_40_1000_1_query_0.5_40470ec0d981,49,train,query,0.5,0.28883333333333333,0.7888333333333333,raw_window_v1,2472,6771,2472,6771,4299,0.288888,0.788828,0.0,0.0,9009,4505,3000,local_endpoint_hold,local_line,5.466666666664732e-05,0.0,2000,3003,kaiser_beta_5,60061,allowed_raw_timestamps,0.0,0.002419926153080248,0.013162083319505857
omitted,49_45_60_1000_0_query_0.5_40470ec0d981,49,train,query,0.5,0.31083333333333335,0.8108333333333333,raw_window_v1,2636,6969,2636,6969,4333,0.310928,0.810815,0.0,0.0,9009,4505,3000,local_endpoint_hold,local_line,9.466666666663182e-05,0.0,2000,3003,kaiser_beta_5,60061,allowed_raw_timestamps,0.0,0.0036537800015925548,0.034269425857420543
omitted,49_45_60_1000_1_query_0.5_40470ec0d981,49,train,query,0.5,0.3205,0.8205,raw_window_v1,2717,6980,2717,6980,4263,0.320515,0.820418,0.0,0.0,9009,4505,3000,local_endpoint_hold,local_line,1.4999999999987246e-05,2.649994449999138e-05,2000,3003,kaiser_beta_5,60061,allowed_raw_timestamps,0.0,0.004013472587835729,0.01920100076051945
omitted,49_90_20_1000_0_query_0.5_40470ec0d981,49,train,query,0.5,2.4502230476666664,2.9502230476666664,raw_window_v1,21261,25617,21261,25617,4356,2.450319381,2.950152381,0.0,0.0,9009,4505,3000,local_endpoint_hold,local_line,9.633333333347593e-05,1.5166611166517185e-05,2000,3003,kaiser_beta_5,60061,allowed_raw_timestamps,0.0,0.00574384622045535,0.031213697804880702
omitted,49_90_20_1000_1_query_0.5_40470ec0d981,49,train,query,0.5,0.299,0.7989999999999999,raw_window_v1,2561,6883,2561,6883,4322,0.299031,0.798917,0.0,0.0,9009,4505,3000,local_endpoint_hold,local_line,3.100000000000325e-05,2.7499944499909112e-05,2000,3003,kaiser_beta_5,60061,allowed_raw_timestamps,0.0,0.005895860382752509,0.029811703139920098
omitted,49_90_40_1000_0_query_0.5_40470ec0d981,49,train,query,0.5,0.32088577133333335,0.8208857713333333,raw_window_v1,2756,7076,2756,7076,4320,0.320919438,0.820816438,0.0,0.0,9009,4505,3000,local_endpoint_hold,local_line,3.366666666665408e-05,1.3833277833219526e-05,2000,3003,kaiser_beta_5,60061,allowed_raw_timestamps,0.0,0.005519761053127711,0.028907137007862183
omitted,49_90_40_1000_1_query_0.5_40470ec0d981,49,train,query,0.5,0.32033333333333336,0.8203333333333334,raw_window_v1,2747,7067,2747,7067,4320,0.320375,0.820273,0.0,0.0,9009,4505,3000,local_endpoint_hold,local_line,4.166666666666208e-05,4.833277833293792e-06,2000,3003,kaiser_beta_5,60061,allowed_raw_timestamps,0.0,0.0028817543985336833,0.013498986150108028
omitted,49_90_40_500_0_support_0.25_40470ec0d981,49,train,support,0.25,0.7998333333333333,1.0498333333333334,raw_window_v1,6897,9084,6897,9084,2187,0.799906,1.049829,0.0,0.0,9009,2253,1500,local_endpoint_hold,local_line,7.266666666672084e-05,0.0,2000,3003,kaiser_beta_5,60061,allowed_raw_timestamps,0.0,0.0064405573892452675,0.036209186763151546
omitted,49_90_40_500_0_support_0.5_40470ec0d981,49,train,support,0.5,0.7998333333333333,1.2998333333333334,raw_window_v1,6897,11257,6897,11257,4360,0.799906,1.299809,0.0,0.0,9009,4505,3000,local_endpoint_hold,local_line,7.266666666672084e-05,0.0,2000,3003,kaiser_beta_5,60061,allowed_raw_timestamps,0.0,0.003887041068887614,0.022326194393566645
omitted,49_90_40_500_0_support_1_40470ec0d981,49,train,support,1.0,0.7998333333333333,1.7998333333333334,raw_window_v1,6897,15588,6897,15588,8691,0.799906,1.799761,0.0,0.0,9009,9009,6000,local_endpoint_hold,local_line,7.266666666672084e-05,0.0,2000,3003,kaiser_beta_5,60061,allowed_raw_timestamps,0.0,0.0027524298493120116,0.01605825559943108
omitted,49_90_60_1000_0_query_0.5_40470ec0d981,49,train,query,0.5,0.30937049133333333,0.8093704913333333,raw_window_v1,2643,6965,2643,6965,4322,0.309417158,0.809353158,0.0,0.0,9009,4505,3000,local_endpoint_hold,local_line,4.6666666666694834e-05,0.0,2000,3003,kaiser_beta_5,60061,allowed_raw_timestamps,0.0,0.003762095830630441,0.02006102183528835
omitted,49_90_60_1000_1_query_0.5_40470ec0d981,49,train,query,0.5,0.31083932033333334,0.8108393203333333,raw_window_v1,2648,6964,2648,6964,4316,0.310849987,0.810736987,0.0,0.0,9009,4505,3000,local_endpoint_hold,local_line,1.066666666665883e-05,4.6833277833280285e-05,2000,3003,kaiser_beta_5,60061,allowed_raw_timestamps,0.0,0.0031380059804418437,0.026584612703966393
omitted,57_0_20_500_0_support_0.25_40470ec0d981,57,val,support,0.25,0.3,0.55,raw_window_v1,2591,4769,2591,4769,2178,0.300019,0.549985,0.0,0.0,9091,2273,1500,local_endpoint_hold,local_line,1.8999999999991246e-05,0.0,6000,9091,kaiser_beta_5,181821,allowed_raw_timestamps,0.0,0.009693662259999116,0.05723189363727954
omitted,57_0_20_500_0_support_0.5_40470ec0d981,57,val,support,0.5,0.3,0.8,raw_window_v1,2591,6961,2591,6961,4370,0.300019,0.799905,0.0,0.0,9009,4505,3000,local_endpoint_hold,local_line,1.8999999999991246e-05,3.9499944500032136e-05,2000,3003,kaiser_beta_5,60061,allowed_raw_timestamps,0.0,0.0063113385091732215,0.036354530264012475
omitted,57_0_20_500_0_support_1_40470ec0d981,57,val,support,1.0,0.3,1.3,raw_window_v1,2591,11302,2591,11302,8711,0.300019,1.299897,0.0,0.0,9009,9009,6000,local_endpoint_hold,local_line,1.8999999999991246e-05,0.0,2000,3003,kaiser_beta_5,60061,allowed_raw_timestamps,0.0,0.004142275845836536,0.021480159777815366
omitted,57_0_40_1000_0_support_0.25_40470ec0d981,57,val,support,0.25,0.2789206933333333,0.5289206933333332,raw_window_v1,2417,4584,2417,4584,2167,0.27893136,0.52880236,0.0,0.0,9091,2273,1500,local_endpoint_hold,local_line,1.0666666666714342e-05,3.583415832508763e-05,6000,9091,kaiser_beta_5,181821,allowed_raw_timestamps,0.0,0.010010924197603749,0.05569677154462216
omitted,57_0_40_1000_0_support_0.5_40470ec0d981,57,val,support,0.5,0.2789206933333333,0.7789206933333332,raw_window_v1,2417,6768,2417,6768,4351,0.27893136,0.77882736,0.0,0.0,9091,4546,3000,local_endpoint_hold,local_line,1.0666666666714342e-05,3.833388332785681e-05,6000,9091,kaiser_beta_5,181821,allowed_raw_timestamps,0.0,0.0067154672811936935,0.02740925580749831
omitted,57_0_40_1000_0_support_1_40470ec0d981,57,val,support,1.0,0.2789206933333333,1.2789206933333332,raw_window_v1,2417,11120,2417,11120,8703,0.27893136,1.27885136,0.0,0.0,9091,9091,6000,local_endpoint_hold,local_line,1.0666666666714342e-05,0.0,6000,9091,kaiser_beta_5,181821,allowed_raw_timestamps,0.0,0.00410568592563972,0.015459254240057785
omitted,57_0_40_500_0_support_0.25_40470ec0d981,57,val,support,0.25,0.2909398183333333,0.5409398183333334,raw_window_v1,2478,4627,2478,4627,2149,0.290951485,0.540868485,0.0,0.0,9009,2253,1500,local_endpoint_hold,local_line,1.1666666666687586e-05,4.3583305583294596e-05,2000,3003,kaiser_beta_5,60061,allowed_raw_timestamps,0.0,0.006852221456486948,0.03630818205032327
omitted,57_0_40_500_0_support_0.5_40470ec0d981,57,val,support,0.5,0.2909398183333333,0.7909398183333334,raw_window_v1,2478,6762,2478,6762,4284,0.290951485,0.790836485,0.0,0.0,9009,4505,3000,local_endpoint_hold,local_line,1.1666666666687586e-05,4.783327783330904e-05,2000,3003,kaiser_beta_5,60061,allowed_raw_timestamps,0.0,0.004147263926637984,0.02490532041490079
omitted,57_0_40_500_0_support_1_40470ec0d981,57,val,support,1.0,0.2909398183333333,1.2909398183333334,raw_window_v1,2478,11134,2478,11134,8656,0.290951485,1.290879485,0.0,0.0,9009,9009,6000,local_endpoint_hold,local_line,1.1666666666687586e-05,0.0,2000,3003,kaiser_beta_5,60061,allowed_raw_timestamps,0.0,0.0023553985155294263,0.01591355330308364
omitted,57_0_40_500_1_support_0.25_40470ec0d981,57,val,support,0.25,0.281017587,0.531017587,raw_window_v1,2429,4543,2429,4543,2114,0.281058587,0.530916587,0.0,0.0,9009,2253,1500,local_endpoint_hold,local_line,4.100000000001325e-05,7.324997225000018e-05,2000,3003,kaiser_beta_5,60061,allowed_raw_timestamps,0.0,0.009805523966260292,0.041231179133345286
omitted,57_0_40_500_1_support_0.5_40470ec0d981,57,val,support,0.5,0.281017587,0.781017587,raw_window_v1,2429,6728,2429,6728,4299,0.281058587,0.780958587,0.0,0.0,9009,4505,3000,local_endpoint_hold,local_line,4.100000000001325e-05,3.4999444999961327e-06,2000,3003,kaiser_beta_5,60061,allowed_raw_timestamps,0.0,0.007081532226571906,0.030292328612428587
omitted,57_0_40_500_1_support_1_40470ec0d981,57,val,support,1.0,0.281017587,1.281017587,raw_window_v1,2429,11030,2429,11030,8601,0.281058587,1.280950587,0.0,0.0,9009,9009,6000,local_endpoint_hold,local_line,4.100000000001325e-05,0.0,2000,3003,kaiser_beta_5,60061,allowed_raw_timestamps,0.0,0.005236822946234447,0.01952201631759376
omitted,57_45_20_1000_1_query_0.5_40470ec0d981,57,val,query,0.5,0.2908381153333333,0.7908381153333333,raw_window_v1,2493,6876,2493,6876,4383,0.290895782,0.790777782,0.0,0.0,9009,4505,3000,local_endpoint_hold,local_line,5.766666666667808e-05,4.83327783318277e-06,2000,3003,kaiser_beta_5,60061,allowed_raw_timestamps,0.0,0.0025438803846244543,0.014787579873519974
omitted,57_45_30_1000_1_query_0.5_40470ec0d981,57,val,query,0.5,0.2693537183333333,0.7693537183333333,raw_window_v1,2291,6552,2291,6552,4261,0.269390385,0.769274385,0.0,0.0,9009,4505,3000,local_endpoint_hold,local_line,3.666666666668483e-05,2.3833277833285038e-05,2000,3003,kaiser_beta_5,60061,allowed_raw_timestamps,0.0,0.005007556738556793,0.019835558751898574
omitted,57_45_40_1000_1_query_0.5_40470ec0d981,57,val,query,0.5,0.2798333333333333,0.7798333333333334,raw_window_v1,2419,6783,2419,6783,4364,0.279913,0.779738,0.0,0.0,9009,4505,3000,local_endpoint_hold,local_line,7.966666666670008e-05,3.983327783330104e-05,2000,3003,kaiser_beta_5,60061,allowed_raw_timestamps,0.0,0.0005411273198907274,0.003110148469097851
omitted,57_45_50_1000_1_query_0.5_40470ec0d981,57,val,query,0.5,0.29,0.79,raw_window_v1,2461,6735,2461,6735,4274,0.290058,0.789927,0.0,0.0,9009,4505,3000,local_endpoint_hold,local_line,5.8000000000002494e-05,1.7499944499954623e-05,2000,3003,kaiser_beta_5,60061,allowed_raw_timestamps,0.0,0.004616297908070718,0.02618576432831876
omitted,57_45_60_1000_1_query_0.5_40470ec0d981,57,val,query,0.5,0.330130661,0.830130661,raw_window_v1,2847,7163,2847,7163,4316,0.330595661,0.830094661,0.0,0.0,9009,4505,3000,local_endpoint_hold,local_line,0.0004649999999999932,0.0,2000,3003,kaiser_beta_5,60061,allowed_raw_timestamps,0.0,0.0009268582980615798,0.004854695605760462
omitted,57_90_20_1000_1_query_0.5_40470ec0d981,57,val,query,0.5,1.80059374,2.30059374,raw_window_v1,15568,19909,15568,19909,4341,1.80066674,2.30054274,0.0,0.0,9009,4505,3000,local_endpoint_hold,local_line,7.299999999998974e-05,0.0,2000,3003,kaiser_beta_5,60061,allowed_raw_timestamps,0.0,0.0066604770617775194,0.03154348790667694
omitted,57_90_30_1000_1_query_0.5_40470ec0d981,57,val,query,0.5,0.30916666666666665,0.8091666666666666,raw_window_v1,2629,6946,2629,6946,4317,0.309259,0.809137,0.0,0.0,9009,4505,3000,local_endpoint_hold,local_line,9.233333333336091e-05,0.0,2000,3003,kaiser_beta_5,60061,allowed_raw_timestamps,0.0,0.005722400358422675,0.033578994325980105
omitted,57_90_40_1000_1_query_0.5_40470ec0d981,57,val,query,0.5,0.31016666666666665,0.8101666666666667,raw_window_v1,2637,6930,2637,6930,4293,0.310245,0.810156,0.0,0.0,9009,4505,3000,local_endpoint_hold,local_line,7.833333333334691e-05,0.0,2000,3003,kaiser_beta_5,60061,allowed_raw_timestamps,0.0,0.004580635596107602,0.027744724687114974
omitted,57_90_40_500_0_support_0.25_40470ec0d981,57,val,support,0.25,0.2992579226666667,0.5492579226666667,raw_window_v1,2587,4662,2587,4662,2075,0.299260256,0.549215256,0.0,0.0,9009,2253,1500,local_endpoint_hold,local_line,2.333333333326415e-06,1.4916638916617764e-05,2000,3003,kaiser_beta_5,60061,allowed_raw_timestamps,0.0,0.006215598701388707,0.04368444406809946
omitted,57_90_40_500_0_support_0.5_40470ec0d981,57,val,support,0.5,0.2992579226666667,0.7992579226666667,raw_window_v1,2587,6825,2587,6825,4238,0.299260256,0.799139256,0.0,0.0,9009,4505,3000,local_endpoint_hold,local_line,2.333333333326415e-06,6.316661116667621e-05,2000,3003,kaiser_beta_5,60061,allowed_raw_timestamps,0.0,0.003295202980186153,0.01657533039803205
omitted,57_90_40_500_0_support_1_40470ec0d981,57,val,support,1.0,0.2992579226666667,1.2992579226666667,raw_window_v1,2587,11203,2587,11203,8616,0.299260256,1.299139256,0.0,0.0,9009,9009,6000,local_endpoint_hold,local_line,2.333333333326415e-06,7.666555666752117e-06,2000,3003,kaiser_beta_5,60061,allowed_raw_timestamps,0.0,0.002336301139969502,0.012214569771497708
omitted,57_90_50_1000_1_query_0.5_40470ec0d981,57,val,query,0.5,0.3007793216666667,0.8007793216666668,raw_window_v1,2572,6872,2572,6872,4300,0.300855655,0.800697655,0.0,0.0,9009,4505,3000,local_endpoint_hold,local_line,7.63333333332894e-05,2.6166611166722475e-05,2000,3003,kaiser_beta_5,60061,allowed_raw_timestamps,0.0,0.004253891504544977,0.032562579551089765
omitted,57_90_60_1000_1_query_0.5_40470ec0d981,57,val,query,0.5,0.31933333333333336,0.8193333333333334,raw_window_v1,2752,7065,2752,7065,4313,0.319397,0.819147,0.0,0.0,9009,4505,3000,local_endpoint_hold,local_line,6.366666666662857e-05,0.0001308332778333643,2000,3003,kaiser_beta_5,60061,allowed_raw_timestamps,0.0,0.00282165638149433,0.015140611723129638
omitted,65_0_20_500_0_support_0.25_40470ec0d981,65,train,support,0.25,0.300052278,0.550052278,raw_window_v1,2540,4696,2540,4696,2156,0.300130278,0.549944278,0.0,0.0,9091,2273,1500,local_endpoint_hold,local_line,7.799999999996698e-05,2.5500824991753213e-05,6000,9091,kaiser_beta_5,181821,allowed_raw_timestamps,0.0,0.006352595902755584,0.043885480794624954
omitted,65_0_20_500_0_support_0.5_40470ec0d981,65,train,support,0.5,0.300052278,0.800052278,raw_window_v1,2540,6868,2540,6868,4328,0.300130278,0.800030278,0.0,0.0,9009,4505,3000,local_endpoint_hold,local_line,7.799999999996698e-05,0.0,2000,3003,kaiser_beta_5,60061,allowed_raw_timestamps,0.0,0.005268579003528793,0.019642760091693745
omitted,65_0_20_500_0_support_1_40470ec0d981,65,train,support,1.0,0.300052278,1.300052278,raw_window_v1,2540,11187,2540,11187,8647,0.300130278,1.299985278,0.0,0.0,9009,9009,6000,local_endpoint_hold,local_line,7.799999999996698e-05,0.0,2000,3003,kaiser_beta_5,60061,allowed_raw_timestamps,0.0,0.004396812457497364,0.02097677558215638
omitted,65_0_40_1000_0_support_0.25_40470ec0d981,65,train,support,0.25,0.8598333333333333,1.1098333333333334,raw_window_v1,7348,9507,7348,9507,2159,0.860208,1.109798,0.0,0.0,9009,2253,1500,local_endpoint_hold,local_line,0.0003746666666666343,7.583305583258593e-06,2000,3003,kaiser_beta_5,60061,allowed_raw_timestamps,0.0,0.009434596776714597,0.03942099884015038
omitted,65_0_40_1000_0_support_0.5_40470ec0d981,65,train,support,0.5,0.8598333333333333,1.3598333333333334,raw_window_v1,7348,11691,7348,11691,4343,0.860208,1.359831,0.0,0.0,9009,4505,3000,local_endpoint_hold,local_line,0.0003746666666666343,0.0,2000,3003,kaiser_beta_5,60061,allowed_raw_timestamps,0.0,0.006546995837315474,0.03899835690157882
omitted,65_0_40_1000_0_support_1_40470ec0d981,65,train,support,1.0,0.8598333333333333,1.8598333333333334,raw_window_v1,7348,15907,7348,15907,8559,0.860208,1.859718,0.0,0.0,9009,9009,6000,local_endpoint_hold,local_line,0.0003746666666666343,4.333222333396947e-06,2000,3003,kaiser_beta_5,60061,allowed_raw_timestamps,0.0,0.004616808487721227,0.019402302361227974
omitted,65_0_40_500_0_support_0.25_40470ec0d981,65,train,support,0.25,0.31133558033333336,0.5613355803333333,raw_window_v1,2717,4852,2717,4852,2135,0.311336247,0.561228247,0.0,0.0,9009,2253,1500,local_endpoint_hold,local_line,6.666666666488297e-07,7.958330558344162e-05,2000,3003,kaiser_beta_5,60061,allowed_raw_timestamps,0.0,0.005805137372207589,0.051666330051935994
omitted,65_0_40_500_0_support_0.5_40470ec0d981,65,train,support,0.5,0.31133558033333336,0.8113355803333333,raw_window_v1,2717,7043,2717,7043,4326,0.311336247,0.811267247,0.0,0.0,9009,4505,3000,local_endpoint_hold,local_line,6.666666666488297e-07,1.2833277833301793e-05,2000,3003,kaiser_beta_5,60061,allowed_raw_timestamps,0.0,0.004407170552283034,0.027779740036735223
omitted,65_0_40_500_0_support_1_40470ec0d981,65,train,support,1.0,0.31133558033333336,1.3113355803333333,raw_window_v1,2717,11404,2717,11404,8687,0.311336247,1.311272247,0.0,0.0,9009,9009,6000,local_endpoint_hold,local_line,6.666666666488297e-07,0.0,2000,3003,kaiser_beta_5,60061,allowed_raw_timestamps,0.0,0.0030275583133101253,0.013527197736765917
omitted,65_0_40_500_1_support_0.25_40470ec0d981,65,train,support,0.25,0.319,0.569,raw_window_v1,2723,4855,2723,4855,2132,0.319067,0.568905,0.0,0.0,9009,2253,1500,local_endpoint_hold,local_line,6.699999999998374e-05,6.72499722500497e-05,2000,3003,kaiser_beta_5,60061,allowed_raw_timestamps,0.0,0.00477850556715823,0.02522217744737798
omitted,65_0_40_500_1_support_0.5_40470ec0d981,65,train,support,0.5,0.319,0.819,raw_window_v1,2723,6969,2723,6969,4246,0.319067,0.818932,0.0,0.0,9009,4505,3000,local_endpoint_hold,local_line,6.699999999998374e-05,1.2499944499921867e-05,2000,3003,kaiser_beta_5,60061,allowed_raw_timestamps,0.0,0.003037981689727807,0.012689669873321652
omitted,65_0_40_500_1_support_1_40470ec0d981,65,train,support,1.0,0.319,1.319,raw_window_v1,2723,11268,2723,11268,8545,0.319067,1.318928,0.0,0.0,9009,9009,6000,local_endpoint_hold,local_line,6.699999999998374e-05,0.0,2000,3003,kaiser_beta_5,60061,allowed_raw_timestamps,0.0,0.0022018107952018104,0.016357940807248283
omitted,65_45_20_1000_0_query_0.5_40470ec0d981,65,train,query,0.5,0.2996666666666667,0.7996666666666667,raw_window_v1,2586,6880,2586,6880,4294,0.299749,0.799648,0.0,0.0,9009,4505,3000,local_endpoint_hold,local_line,8.23333333332954e-05,0.0,2000,3003,kaiser_beta_5,60061,allowed_raw_timestamps,0.0,0.0054094536932062405,0.032150884606720886
omitted,65_45_20_1000_1_query_0.5_40470ec0d981,65,train,query,0.5,0.2906666666666667,0.7906666666666666,raw_window_v1,2378,6736,2378,6736,4358,0.2907,0.790567,0.0,0.0,9009,4505,3000,local_endpoint_hold,local_line,3.333333333332966e-05,4.4166611166573944e-05,2000,3003,kaiser_beta_5,60061,allowed_raw_timestamps,0.0,0.006309867352629448,0.02888199243500278
omitted,65_45_40_1000_0_query_0.5_40470ec0d981,65,train,query,0.5,0.28019848166666667,0.7801984816666667,raw_window_v1,2412,6750,2412,6750,4338,0.280211815,0.780173815,0.0,0.0,9009,4505,3000,local_endpoint_hold,local_line,1.333333333330966e-05,0.0,2000,3003,kaiser_beta_5,60061,allowed_raw_timestamps,0.0,0.0006244504223846201,0.0024518480028374867
omitted,65_45_40_1000_1_query_0.5_40470ec0d981,65,train,query,0.5,0.2903609986666667,0.7903609986666666,raw_window_v1,2464,6770,2464,6770,4306,0.290419332,0.790331332,0.0,0.0,9009,4505,3000,local_endpoint_hold,local_line,5.83333333332714e-05,0.0,2000,3003,kaiser_beta_5,60061,allowed_raw_timestamps,0.0,0.0023228254464579532,0.009829568592173654
omitted,65_45_60_1000_0_query_0.5_40470ec0d981,65,train,query,0.5,0.3105,0.8105,raw_window_v1,2690,6992,2690,6992,4302,0.310535,0.810431,0.0,0.0,9009,4505,3000,local_endpoint_hold,local_line,3.500000000000725e-05,1.3499944499950622e-05,2000,3003,kaiser_beta_5,60061,allowed_raw_timestamps,0.0,0.0040495338712738084,0.024931561910331634
omitted,65_45_60_1000_1_query_0.5_40470ec0d981,65,train,query,0.5,0.309042669,0.809042669,raw_window_v1,2670,6977,2670,6977,4307,0.309047669,0.808955669,0.0,0.0,9009,4505,3000,local_endpoint_hold,local_line,5.000000000032756e-06,3.149994449991311e-05,2000,3003,kaiser_beta_5,60061,allowed_raw_timestamps,0.0,0.0036147672908105385,0.02298600229005965
omitted,65_90_20_1000_0_query_0.5_40470ec0d981,65,train,query,0.5,0.2907622476666667,0.7907622476666667,raw_window_v1,2436,6811,2436,6811,4375,0.290836581,0.790735581,0.0,0.0,9009,4505,3000,local_endpoint_hold,local_line,7.43333333332874e-05,0.0,2000,3003,kaiser_beta_5,60061,allowed_raw_timestamps,0.0,0.007007174553807581,0.027314980071533768
omitted,65_90_20_1000_1_query_0.5_40470ec0d981,65,train,query,0.5,0.8903333333333333,1.3903333333333334,raw_window_v1,7639,11928,7639,11928,4289,0.890389,1.390251,0.0,0.0,9009,4505,3000,local_endpoint_hold,local_line,5.566666666667608e-05,2.6833277833260283e-05,2000,3003,kaiser_beta_5,60061,allowed_raw_timestamps,0.0,0.00044171875118641696,0.0018841766622426093
omitted,65_90_40_1000_0_query_0.5_40470ec0d981,65,train,query,0.5,0.2991666666666667,0.7991666666666667,raw_window_v1,2550,6860,2550,6860,4310,0.299216,0.799155,0.0,0.0,9009,4505,3000,local_endpoint_hold,local_line,4.933333333329015e-05,0.0,2000,3003,kaiser_beta_5,60061,allowed_raw_timestamps,0.0,0.004276467523912124,0.023191189842266535
omitted,65_90_40_1000_1_query_0.5_40470ec0d981,65,train,query,0.5,0.30985556933333336,0.8098555693333334,raw_window_v1,2641,6961,2641,6961,4320,0.309863236,0.809774236,0.0,0.0,9009,4505,3000,local_endpoint_hold,local_line,7.666666666628075e-06,2.583327783334255e-05,2000,3003,kaiser_beta_5,60061,allowed_raw_timestamps,0.0,0.004219802615281223,0.02641290551651032
omitted,65_90_40_500_0_support_0.25_40470ec0d981,65,train,support,0.25,0.29,0.54,raw_window_v1,2465,4632,2465,4632,2167,0.290053,0.539922,0.0,0.0,9009,2253,1500,local_endpoint_hold,local_line,5.300000000002525e-05,5.0249972249893915e-05,2000,3003,kaiser_beta_5,60061,allowed_raw_timestamps,0.0,0.0090573586992173,0.04480762194420018
omitted,65_90_40_500_0_support_0.5_40470ec0d981,65,train,support,0.5,0.29,0.79,raw_window_v1,2465,6718,2465,6718,4253,0.290053,0.789944,0.0,0.0,9009,4505,3000,local_endpoint_hold,local_line,5.300000000002525e-05,4.99944500020888e-07,2000,3003,kaiser_beta_5,60061,allowed_raw_timestamps,0.0,0.005473568463416244,0.03261715519043484
omitted,65_90_40_500_0_support_1_40470ec0d981,65,train,support,1.0,0.29,1.29,raw_window_v1,2465,10959,2465,10959,8494,0.290053,1.289941,0.0,0.0,9009,9009,6000,local_endpoint_hold,local_line,5.300000000002525e-05,0.0,2000,3003,kaiser_beta_5,60061,allowed_raw_timestamps,0.0,0.004044478371195359,0.023736944490456935
omitted,65_90_60_1000_0_query_0.5_40470ec0d981,65,train,query,0.5,0.31866666666666665,0.8186666666666667,raw_window_v1,2765,7091,2765,7091,4326,0.318676,0.818629,0.0,0.0,9009,4505,3000,local_endpoint_hold,local_line,9.333333333361171e-06,0.0,2000,3003,kaiser_beta_5,60061,allowed_raw_timestamps,0.0,0.0026711295206487125,0.013564931526408586
omitted,65_90_60_1000_1_query_0.5_40470ec0d981,65,train,query,0.5,0.32043213833333334,0.8204321383333333,raw_window_v1,2755,7069,2755,7069,4314,0.320771805,0.820388805,0.0,0.0,9009,4505,3000,local_endpoint_hold,local_line,0.00033966666666668255,0.0,2000,3003,kaiser_beta_5,60061,allowed_raw_timestamps,0.0,0.002797080446920647,0.01598287952365629
omitted,74_0_20_500_0_support_0.25_40470ec0d981,74,train,support,0.25,0.28076434666666666,0.5307643466666667,raw_window_v1,2372,4505,2372,4505,2133,0.28082468,0.53068968,0.0,0.0,9009,2253,1500,local_endpoint_hold,local_line,6.033333333332891e-05,4.6916638916538744e-05,2000,3003,kaiser_beta_5,60061,allowed_raw_timestamps,0.0,0.011460930828450283,0.05951733442361995
omitted,74_0_20_500_0_support_0.5_40470ec0d981,74,train,support,0.5,0.28076434666666666,0.7807643466666667,raw_window_v1,2372,6667,2372,6667,4295,0.28082468,0.78073268,0.0,0.0,9009,4505,3000,local_endpoint_hold,local_line,6.033333333332891e-05,0.0,2000,3003,kaiser_beta_5,60061,allowed_raw_timestamps,0.0,0.007077993662344771,0.0327327466806846
omitted,74_0_20_500_0_support_1_40470ec0d981,74,train,support,1.0,0.28076434666666666,1.2807643466666667,raw_window_v1,2372,10989,2372,10989,8617,0.28082468,1.28075568,0.0,0.0,9009,9009,6000,local_endpoint_hold,local_line,6.033333333332891e-05,0.0,2000,3003,kaiser_beta_5,60061,allowed_raw_timestamps,0.0,0.0054064612753385545,0.023841850948361554
omitted,74_0_40_1000_0_support_0.25_40470ec0d981,74,train,support,0.25,0.9503333333333334,1.2003333333333335,raw_window_v1,8175,10327,8175,10327,2152,0.950416,1.200221,0.0,0.0,9009,2253,1500,local_endpoint_hold,local_line,8.266666666667533e-05,8.458330558336336e-05,2000,3003,kaiser_beta_5,60061,allowed_raw_timestamps,0.0,0.010616020104032148,0.1009936483616487
omitted,74_0_40_1000_0_support_0.5_40470ec0d981,74,train,support,0.5,0.9503333333333334,1.4503333333333335,raw_window_v1,8175,12484,8175,12484,4309,0.950416,1.449961,0.0,0.0,9009,4505,3000,local_endpoint_hold,local_line,8.266666666667533e-05,0.00031683327783316173,2000,3003,kaiser_beta_5,60061,allowed_raw_timestamps,0.0,0.007650523767929736,0.038798483339276935
omitted,74_0_40_1000_0_support_1_40470ec0d981,74,train,support,1.0,0.9503333333333334,1.9503333333333335,raw_window_v1,8175,16855,8175,16855,8680,0.950416,1.950272,0.0,0.0,9009,9009,6000,local_endpoint_hold,local_line,8.266666666667533e-05,0.0,2000,3003,kaiser_beta_5,60061,allowed_raw_timestamps,0.0,0.004979723181907998,0.02059668392755487
omitted,74_0_40_500_0_support_0.25_40470ec0d981,74,train,support,0.25,0.2895,0.5395,raw_window_v1,2496,4623,2496,4623,2127,0.289579,0.539478,0.0,0.0,9009,2253,1500,local_endpoint_hold,local_line,7.899999999999574e-05,0.0,2000,3003,kaiser_beta_5,60061,allowed_raw_timestamps,0.0,0.005722589763418204,0.03371923671303989
omitted,74_0_40_500_0_support_0.5_40470ec0d981,74,train,support,0.5,0.2895,0.7895,raw_window_v1,2496,6760,2496,6760,4264,0.289579,0.789496,0.0,0.0,9009,4505,3000,local_endpoint_hold,local_line,7.899999999999574e-05,0.0,2000,3003,kaiser_beta_5,60061,allowed_raw_timestamps,0.0,0.003330861172174293,0.01338739654469645
omitted,74_0_40_500_0_support_1_40470ec0d981,74,train,support,1.0,0.2895,1.2894999999999999,raw_window_v1,2496,11043,2496,11043,8547,0.289579,1.289489,0.0,0.0,9009,9009,6000,local_endpoint_hold,local_line,7.899999999999574e-05,0.0,2000,3003,kaiser_beta_5,60061,allowed_raw_timestamps,0.0,0.0022417779544620146,0.007719720790324125
omitted,74_0_40_500_1_support_0.25_40470ec0d981,74,train,support,0.25,0.28983333333333333,0.5398333333333334,raw_window_v1,2461,4552,2461,4552,2091,0.289909,0.539652,0.0,0.0,9009,2253,1500,local_endpoint_hold,local_line,7.566666666664057e-05,0.00015358330558323807,2000,3003,kaiser_beta_5,60061,allowed_raw_timestamps,0.0,0.006731856739007817,0.02844688894727332
omitted,74_0_40_500_1_support_0.5_40470ec0d981,74,train,support,0.5,0.28983333333333333,0.7898333333333334,raw_window_v1,2461,6660,2461,6660,4199,0.289909,0.789808,0.0,0.0,9009,4505,3000,local_endpoint_hold,local_line,7.566666666664057e-05,0.0,2000,3003,kaiser_beta_5,60061,allowed_raw_timestamps,0.0,0.0036720714132998287,0.014285010534388576
omitted,74_0_40_500_1_support_1_40470ec0d981,74,train,support,1.0,0.28983333333333333,1.2898333333333334,raw_window_v1,2461,10882,2461,10882,8421,0.289909,1.28977,0.0,0.0,9009,9009,6000,local_endpoint_hold,local_line,7.566666666664057e-05,0.0,2000,3003,kaiser_beta_5,60061,allowed_raw_timestamps,0.0,0.002440278276750932,0.014740091013361045
omitted,74_45_20_1000_0_query_0.5_40470ec0d981,74,train,query,0.5,1.3699371663333333,1.8699371663333333,raw_window_v1,11786,16028,11786,16028,4242,1.369954833,1.869894833,0.0,0.0,9009,4505,3000,local_endpoint_hold,local_line,1.7666666666693587e-05,0.0,2000,3003,kaiser_beta_5,60061,allowed_raw_timestamps,0.0,0.00412042810603416,0.03235923461699386
omitted,74_45_20_1000_1_query_0.5_40470ec0d981,74,train,query,0.5,0.3006666666666667,0.8006666666666666,raw_window_v1,2558,6918,2558,6918,4360,0.300751,0.800622,0.0,0.0,9009,4505,3000,local_endpoint_hold,local_line,8.43333333332974e-05,0.0,2000,3003,kaiser_beta_5,60061,allowed_raw_timestamps,0.0,0.00596516855413045,0.029897887726748618
omitted,74_45_40_1000_0_query_0.5_40470ec0d981,74,train,query,0.5,0.31120319266666663,0.8112031926666666,raw_window_v1,2651,6997,2651,6997,4346,0.311244526,0.811152526,0.0,0.0,9009,4505,3000,local_endpoint_hold,local_line,4.1333333333393174e-05,0.0,2000,3003,kaiser_beta_5,60061,allowed_raw_timestamps,0.0,0.006136027281405739,0.03215512673085019
omitted,74_45_40_1000_1_query_0.5_40470ec0d981,74,train,query,0.5,0.321553067,0.821553067,raw_window_v1,2726,7016,2726,7016,4290,0.321666067,0.821551067,0.0,0.0,9091,4546,3000,local_endpoint_hold,local_line,0.00011299999999997423,0.0,6000,9091,kaiser_beta_5,181821,allowed_raw_timestamps,0.0,0.004982176133999361,0.03015897145327351
omitted,74_45_60_1000_0_query_0.5_40470ec0d981,74,train,query,0.5,0.31066666666666665,0.8106666666666666,raw_window_v1,2643,6950,2643,6950,4307,0.310742,0.810646,0.0,0.0,9009,4505,3000,local_endpoint_hold,local_line,7.533333333337167e-05,0.0,2000,3003,kaiser_beta_5,60061,allowed_raw_timestamps,0.0,0.0037267184673831157,0.019385894965849637
omitted,74_45_60_1000_1_query_0.5_40470ec0d981,74,train,query,0.5,0.31969046966666664,0.8196904696666667,raw_window_v1,2735,6968,2735,6968,4233,0.319727803,0.819668803,0.0,0.0,9009,4505,3000,local_endpoint_hold,local_line,3.733333333333366e-05,0.0,2000,3003,kaiser_beta_5,60061,allowed_raw_timestamps,0.0,0.0027819010686097978,0.0133432720275235
omitted,74_90_20_1000_0_query_0.5_40470ec0d981,74,train,query,0.5,0.2791666666666667,0.7791666666666667,raw_window_v1,2396,6771,2396,6771,4375,0.279188,0.779087,0.0,0.0,9009,4505,3000,local_endpoint_hold,local_line,2.133333333331766e-05,2.4166611166664964e-05,2000,3003,kaiser_beta_5,60061,allowed_raw_timestamps,0.0,0.0005314289207947938,0.0021637343369995676
omitted,74_90_20_1000_1_query_0.5_40470ec0d981,74,train,query,0.5,0.2805,0.7805,raw_window_v1,2355,6677,2355,6677,4322,0.280559,0.780403,0.0,0.0,9009,4505,3000,local_endpoint_hold,local_line,5.899999999997574e-05,4.1499944499978625e-05,2000,3003,kaiser_beta_5,60061,allowed_raw_timestamps,0.0,0.0008408057613951298,0.0037470627980455973
omitted,74_90_40_1000_0_query_0.5_40470ec0d981,74,train,query,0.5,0.309,0.8089999999999999,raw_window_v1,2648,7010,2648,7010,4362,0.309073,0.808976,0.0,0.0,9009,4505,3000,local_endpoint_hold,local_line,7.299999999998974e-05,0.0,2000,3003,kaiser_beta_5,60061,allowed_raw_timestamps,0.0,0.004424815600745751,0.021133918355124237
omitted,74_90_40_1000_1_query_0.5_40470ec0d981,74,train,query,0.5,0.31116666666666665,0.8111666666666666,raw_window_v1,2690,6969,2690,6969,4279,0.311287,0.811106,0.0,0.0,9009,4505,3000,local_endpoint_hold,local_line,0.0001203333333333334,5.166611166562696e-06,2000,3003,kaiser_beta_5,60061,allowed_raw_timestamps,0.0,0.006022621735643253,0.05755494070358047
omitted,74_90_40_500_0_support_0.25_40470ec0d981,74,train,support,0.25,0.31066666666666665,0.5606666666666666,raw_window_v1,2648,4736,2648,4736,2088,0.310701,0.560616,0.0,0.0,9009,2253,1500,local_endpoint_hold,local_line,3.433333333335842e-05,2.2916638916625764e-05,2000,3003,kaiser_beta_5,60061,allowed_raw_timestamps,0.0,0.006295721685855955,0.03818801917816739
omitted,74_90_40_500_0_support_0.5_40470ec0d981,74,train,support,0.5,0.31066666666666665,0.8106666666666666,raw_window_v1,2648,6869,2648,6869,4221,0.310701,0.810594,0.0,0.0,9009,4505,3000,local_endpoint_hold,local_line,3.433333333335842e-05,1.7166611166574697e-05,2000,3003,kaiser_beta_5,60061,allowed_raw_timestamps,0.0,0.003777588026003948,0.021421684099085514
omitted,74_90_40_500_0_support_1_40470ec0d981,74,train,support,1.0,0.31066666666666665,1.3106666666666666,raw_window_v1,2648,11184,2648,11184,8536,0.310701,1.310553,0.0,0.0,9009,9009,6000,local_endpoint_hold,local_line,3.433333333335842e-05,2.6665556664973167e-06,2000,3003,kaiser_beta_5,60061,allowed_raw_timestamps,0.0,0.0022405388203034318,0.013233279655252339
omitted,74_90_60_1000_0_query_0.5_40470ec0d981,74,train,query,0.5,0.31933333333333336,0.8193333333333334,raw_window_v1,2769,7060,2769,7060,4291,0.319384,0.819283,0.0,0.0,9009,4505,3000,local_endpoint_hold,local_line,5.066666666664332e-05,0.0,2000,3003,kaiser_beta_5,60061,allowed_raw_timestamps,0.0,0.0028135120452848997,0.013447760599323288
omitted,74_90_60_1000_1_query_0.5_40470ec0d981,74,train,query,0.5,0.30971366266666667,0.8097136626666667,raw_window_v1,2674,7006,2674,7006,4332,0.309809996,0.809600996,0.0,0.0,9009,4505,3000,local_endpoint_hold,local_line,9.63333333333094e-05,5.71666111666147e-05,2000,3003,kaiser_beta_5,60061,allowed_raw_timestamps,0.0,0.003574565828984197,0.025682791226269153
omitted,79_0_20_500_0_support_0.25_40470ec0d981,79,train,support,0.25,0.2906666666666667,0.5406666666666666,raw_window_v1,2460,4546,2460,4546,2086,0.290758,0.540577,0.0,0.0,8929,2233,1500,local_endpoint_hold,local_line,9.133333333333216e-05,6.1668010602145e-05,6000,8929,kaiser_beta_5,178581,allowed_raw_timestamps,0.0,0.006000295497267792,0.023605075566238476
omitted,79_0_20_500_0_support_0.5_40470ec0d981,79,train,support,0.5,0.2906666666666667,0.7906666666666666,raw_window_v1,2460,6742,2460,6742,4282,0.290758,0.790579,0.0,0.0,9009,4505,3000,local_endpoint_hold,local_line,9.133333333333216e-05,3.216661116656194e-05,2000,3003,kaiser_beta_5,60061,allowed_raw_timestamps,0.0,0.006911605571328083,0.03684266723173657
omitted,79_0_20_500_0_support_1_40470ec0d981,79,train,support,1.0,0.2906666666666667,1.2906666666666666,raw_window_v1,2460,11111,2460,11111,8651,0.290758,1.290634,0.0,0.0,9009,9009,6000,local_endpoint_hold,local_line,9.133333333333216e-05,0.0,2000,3003,kaiser_beta_5,60061,allowed_raw_timestamps,0.0,0.005241476350562671,0.015722623751432963
omitted,79_0_40_1000_0_support_0.25_40470ec0d981,79,train,support,0.25,0.288732473,0.538732473,raw_window_v1,2491,4615,2491,4615,2124,0.288732473,0.538667473,0.0,0.0,9009,2253,1500,local_endpoint_hold,local_line,0.0,3.724997224996418e-05,2000,3003,kaiser_beta_5,60061,allowed_raw_timestamps,0.0,0.002577188613505125,0.018326528345355975
omitted,79_0_40_1000_0_support_0.5_40470ec0d981,79,train,support,0.5,0.288732473,0.788732473,raw_window_v1,2491,6780,2491,6780,4289,0.288732473,0.788695473,0.0,0.0,9009,4505,3000,local_endpoint_hold,local_line,0.0,0.0,2000,3003,kaiser_beta_5,60061,allowed_raw_timestamps,0.0,0.0019392512402883755,0.011385978223951376
omitted,79_0_40_1000_0_support_1_40470ec0d981,79,train,support,1.0,0.288732473,1.288732473,raw_window_v1,2491,11150,2491,11150,8659,0.288732473,1.288611473,0.0,0.0,9009,9009,6000,local_endpoint_hold,local_line,0.0,9.99988899996751e-06,2000,3003,kaiser_beta_5,60061,allowed_raw_timestamps,0.0,0.00134764138851802,0.007173877421632113
omitted,79_0_40_500_0_support_0.25_40470ec0d981,79,train,support,0.25,0.30946271633333333,0.5594627163333333,raw_window_v1,2644,4708,2644,4708,2064,0.309550383,0.559428383,0.0,0.0,9009,2253,1500,local_endpoint_hold,local_line,8.766666666665257e-05,6.583305583340859e-06,2000,3003,kaiser_beta_5,60061,allowed_raw_timestamps,0.0,0.004292129437814099,0.034334922063302464
omitted,79_0_40_500_0_support_0.5_40470ec0d981,79,train,support,0.5,0.30946271633333333,0.8094627163333333,raw_window_v1,2644,6885,2644,6885,4241,0.309550383,0.809340383,0.0,0.0,9009,4505,3000,local_endpoint_hold,local_line,8.766666666665257e-05,6.683327783330029e-05,2000,3003,kaiser_beta_5,60061,allowed_raw_timestamps,0.0,0.0037491374548642895,0.01951088666375078
omitted,79_0_40_500_0_support_1_40470ec0d981,79,train,support,1.0,0.30946271633333333,1.3094627163333334,raw_window_v1,2644,11189,2644,11189,8545,0.309550383,1.309431383,0.0,0.0,9009,9009,6000,local_endpoint_hold,local_line,8.766666666665257e-05,0.0,2000,3003,kaiser_beta_5,60061,allowed_raw_timestamps,0.0,0.0027232273221508515,0.01049284535121231
omitted,79_0_40_500_1_support_0.25_40470ec0d981,79,train,support,0.25,0.2991666666666667,0.5491666666666667,raw_window_v1,2563,4718,2563,4718,2155,0.299235,0.549157,0.0,0.0,9009,2253,1500,local_endpoint_hold,local_line,6.83333333332814e-05,0.0,2000,3003,kaiser_beta_5,60061,allowed_raw_timestamps,0.0,0.00513306760340886,0.029032894042922308
omitted,79_0_40_500_1_support_0.5_40470ec0d981,79,train,support,0.5,0.2991666666666667,0.7991666666666667,raw_window_v1,2563,6883,2563,6883,4320,0.299235,0.799154,0.0,0.0,9009,4505,3000,local_endpoint_hold,local_line,6.83333333332814e-05,0.0,2000,3003,kaiser_beta_5,60061,allowed_raw_timestamps,0.0,0.0037073683209678126,0.01875180737628579
omitted,79_0_40_500_1_support_1_40470ec0d981,79,train,support,1.0,0.2991666666666667,1.2991666666666668,raw_window_v1,2563,11140,2563,11140,8577,0.299235,1.299104,0.0,0.0,9009,9009,6000,local_endpoint_hold,local_line,6.83333333332814e-05,0.0,2000,3003,kaiser_beta_5,60061,allowed_raw_timestamps,0.0,0.002475619034705265,0.010169972635021729
omitted,79_45_20_1000_0_query_0.5_40470ec0d981,79,train,query,0.5,0.3095,0.8095,raw_window_v1,2675,7042,2675,7042,4367,0.309595,0.809394,0.0,0.0,9009,4505,3000,local_endpoint_hold,local_line,9.500000000001174e-05,5.049994450001538e-05,2000,3003,kaiser_beta_5,60061,allowed_raw_timestamps,0.0,0.005438857715667148,0.029990147202530792
omitted,79_45_20_1000_1_query_0.5_40470ec0d981,79,train,query,0.5,0.29033333333333333,0.7903333333333333,raw_window_v1,2472,6742,2472,6742,4270,0.290341,0.79033,0.0,0.0,9009,4505,3000,local_endpoint_hold,local_line,7.666666666683586e-06,0.0,2000,3003,kaiser_beta_5,60061,allowed_raw_timestamps,0.0,0.006247695088815268,0.0324547232161585
omitted,79_45_40_1000_0_query_0.5_40470ec0d981,79,train,query,0.5,0.27002553700000004,0.770025537,raw_window_v1,2310,6573,2310,6573,4263,0.270066537,0.769962537,0.0,0.0,9009,4505,3000,local_endpoint_hold,local_line,4.099999999995774e-05,7.499944500000133e-06,2000,3003,kaiser_beta_5,60061,allowed_raw_timestamps,0.0,0.004627303597035484,0.02582029313947487
omitted,79_45_40_1000_1_query_0.5_40470ec0d981,79,train,query,0.5,0.2793713503333333,0.7793713503333333,raw_window_v1,2383,6690,2383,6690,4307,0.279466017,0.778988017,0.0,0.0,9009,4505,3000,local_endpoint_hold,local_line,9.466666666668733e-05,0.000327833277833256,2000,3003,kaiser_beta_5,60061,allowed_raw_timestamps,0.0,0.00482188913980396,0.024929116672351093
omitted,79_45_60_1000_0_query_0.5_40470ec0d981,79,train,query,0.5,0.3411666666666667,0.8411666666666666,raw_window_v1,2928,7238,2928,7238,4310,0.34121,0.841087,0.0,0.0,9009,4505,3000,local_endpoint_hold,local_line,4.333333333333966e-05,2.4166611166553942e-05,2000,3003,kaiser_beta_5,60061,allowed_raw_timestamps,0.0,0.004498971558540719,0.032734366891636224
omitted,79_45_60_1000_1_query_0.5_40470ec0d981,79,train,query,0.5,0.31966666666666665,0.8196666666666667,raw_window_v1,2717,7005,2717,7005,4288,0.319722,0.81963,0.0,0.0,9009,4505,3000,local_endpoint_hold,local_line,5.5333333333351664e-05,0.0,2000,3003,kaiser_beta_5,60061,allowed_raw_timestamps,0.0,0.0022487545940700197,0.012168793044681436
omitted,79_90_20_1000_0_query_0.5_40470ec0d981,79,train,query,0.5,0.28933333333333333,0.7893333333333333,raw_window_v1,2474,6835,2474,6835,4361,0.289389,0.789262,0.0,0.0,9009,4505,3000,local_endpoint_hold,local_line,5.566666666667608e-05,1.5833277833277037e-05,2000,3003,kaiser_beta_5,60061,allowed_raw_timestamps,0.0,0.0050717349266355405,0.039841222506522556
omitted,79_90_20_1000_1_query_0.5_40470ec0d981,79,train,query,0.5,1.7208780013333334,2.2208780013333334,raw_window_v1,14874,19176,14874,19176,4302,1.720939668,2.220840668,0.0,0.0,9009,4505,3000,local_endpoint_hold,local_line,6.166666666662657e-05,0.0,2000,3003,kaiser_beta_5,60061,allowed_raw_timestamps,0.0,0.00045020853110026154,0.0023928897931453363
omitted,79_90_40_1000_0_query_0.5_40470ec0d981,79,train,query,0.5,0.310115634,0.810115634,raw_window_v1,2670,6979,2670,6979,4309,0.310149634,0.810074634,0.0,0.0,9009,4505,3000,local_endpoint_hold,local_line,3.4000000000034e-05,0.0,2000,3003,kaiser_beta_5,60061,allowed_raw_timestamps,0.0,0.003523594392151412,0.027109808108360944
omitted,79_90_40_1000_1_query_0.5_40470ec0d981,79,train,query,0.5,0.299554122,0.799554122,raw_window_v1,2585,6906,2585,6906,4321,0.299645122,0.799447122,0.0,0.0,9009,4505,3000,local_endpoint_hold,local_line,9.100000000000774e-05,5.1499944499933115e-05,2000,3003,kaiser_beta_5,60061,allowed_raw_timestamps,0.0,0.0036292444367581615,0.020912887407231295
omitted,79_90_40_500_0_support_0.25_40470ec0d981,79,train,support,0.25,0.30941821733333336,0.5594182173333333,raw_window_v1,2683,4839,2683,4839,2156,0.309486884,0.559327884,0.0,0.0,9009,2253,1500,local_endpoint_hold,local_line,6.866666666666132e-05,6.258330558339686e-05,2000,3003,kaiser_beta_5,60061,allowed_raw_timestamps,0.0,0.006406904126250861,0.04667594796184815
omitted,79_90_40_500_0_support_0.5_40470ec0d981,79,train,support,0.5,0.30941821733333336,0.8094182173333333,raw_window_v1,2683,7014,2683,7014,4331,0.309486884,0.809400884,0.0,0.0,9009,4505,3000,local_endpoint_hold,local_line,6.866666666666132e-05,0.0,2000,3003,kaiser_beta_5,60061,allowed_raw_timestamps,0.0,0.0032426651225328992,0.01928632935316621
omitted,79_90_40_500_0_support_1_40470ec0d981,79,train,support,1.0,0.30941821733333336,1.3094182173333333,raw_window_v1,2683,11403,2683,11403,8720,0.309486884,1.309363884,0.0,0.0,9009,9009,6000,local_endpoint_hold,local_line,6.866666666666132e-05,0.0,2000,3003,kaiser_beta_5,60061,allowed_raw_timestamps,0.0,0.0023845003211716152,0.012097552184148874
omitted,79_90_60_1000_0_query_0.5_40470ec0d981,79,train,query,0.5,0.30992216133333333,0.8099221613333334,raw_window_v1,2656,6976,2656,6976,4320,0.310002828,0.809916828,0.0,0.0,9009,4505,3000,local_endpoint_hold,local_line,8.066666666667333e-05,0.0,2000,3003,kaiser_beta_5,60061,allowed_raw_timestamps,0.0,0.0038013565199018443,0.016267517629215078
omitted,79_90_60_1000_1_query_0.5_40470ec0d981,79,train,query,0.5,0.31066666666666665,0.8106666666666666,raw_window_v1,2684,6992,2684,6992,4308,0.310943,0.810582,0.0,0.0,9009,4505,3000,local_endpoint_hold,local_line,0.0002763333333333784,2.9166611166586698e-05,2000,3003,kaiser_beta_5,60061,allowed_raw_timestamps,0.0,0.0033811369330694605,0.027859460269081815
omitted,82_0_20_500_0_support_0.25_40470ec0d981,82,train,support,0.25,0.3004028613333333,0.5504028613333334,raw_window_v1,2549,4714,2549,4714,2165,0.300436528,0.550305528,0.0,0.0,9009,2253,1500,local_endpoint_hold,local_line,3.366666666665408e-05,6.958330558326509e-05,2000,3003,kaiser_beta_5,60061,allowed_raw_timestamps,0.0,0.010534457009090026,0.04404556315618535
omitted,82_0_20_500_0_support_0.5_40470ec0d981,82,train,support,0.5,0.3004028613333333,0.8004028613333334,raw_window_v1,2549,6893,2549,6893,4344,0.300436528,0.800350528,0.0,0.0,9009,4505,3000,local_endpoint_hold,local_line,3.366666666665408e-05,0.0,2000,3003,kaiser_beta_5,60061,allowed_raw_timestamps,0.0,0.006834445715757832,0.04186408433654876
omitted,82_0_20_500_0_support_1_40470ec0d981,82,train,support,1.0,0.3004028613333333,1.3004028613333334,raw_window_v1,2549,11227,2549,11227,8678,0.300436528,1.300349528,0.0,0.0,9009,9009,6000,local_endpoint_hold,local_line,3.366666666665408e-05,0.0,2000,3003,kaiser_beta_5,60061,allowed_raw_timestamps,0.0,0.004072925910817819,0.024225886218682824
omitted,82_0_40_1000_0_support_0.25_40470ec0d981,82,train,support,0.25,0.29054460099999996,0.5405446009999999,raw_window_v1,2513,4655,2513,4655,2142,0.290561601,0.540490601,0.0,0.0,9009,2253,1500,local_endpoint_hold,local_line,1.7000000000044757e-05,2.6249972249980935e-05,2000,3003,kaiser_beta_5,60061,allowed_raw_timestamps,0.0,0.004428047277753623,0.022117200389111247
omitted,82_0_40_1000_0_support_0.5_40470ec0d981,82,train,support,0.5,0.29054460099999996,0.7905446009999999,raw_window_v1,2513,6807,2513,6807,4294,0.290561601,0.790442601,0.0,0.0,9009,4505,3000,local_endpoint_hold,local_line,1.7000000000044757e-05,4.649994449990036e-05,2000,3003,kaiser_beta_5,60061,allowed_raw_timestamps,0.0,0.002878479597413159,0.013326318847764362
omitted,82_0_40_1000_0_support_1_40470ec0d981,82,train,support,1.0,0.29054460099999996,1.290544601,raw_window_v1,2513,11160,2513,11160,8647,0.290561601,1.290534601,0.0,0.0,9009,9009,6000,local_endpoint_hold,local_line,1.7000000000044757e-05,0.0,2000,3003,kaiser_beta_5,60061,allowed_raw_timestamps,0.0,0.0018444921211617064,0.00790641619609378
omitted,82_0_40_500_0_support_0.25_40470ec0d981,82,train,support,0.25,0.2796666666666667,0.5296666666666667,raw_window_v1,2393,4565,2393,4565,2172,0.27976,0.529595,0.0,0.0,9009,2253,1500,local_endpoint_hold,local_line,9.333333333333416e-05,4.39166389165635e-05,2000,3003,kaiser_beta_5,60061,allowed_raw_timestamps,0.0,0.010353836545814744,0.06150107440039676
omitted,82_0_40_500_0_support_0.5_40470ec0d981,82,train,support,0.5,0.2796666666666667,0.7796666666666667,raw_window_v1,2393,6724,2393,6724,4331,0.27976,0.779394,0.0,0.0,9009,4505,3000,local_endpoint_hold,local_line,9.333333333333416e-05,0.0002171666111666637,2000,3003,kaiser_beta_5,60061,allowed_raw_timestamps,0.0,0.006259720803098949,0.036693279808539536
omitted,82_0_40_500_0_support_1_40470ec0d981,82,train,support,1.0,0.2796666666666667,1.2796666666666667,raw_window_v1,2393,11041,2393,11041,8648,0.27976,1.279643,0.0,0.0,9009,9009,6000,local_endpoint_hold,local_line,9.333333333333416e-05,0.0,2000,3003,kaiser_beta_5,60061,allowed_raw_timestamps,0.0,0.003876004950172767,0.020138883921605455
omitted,82_0_40_500_1_support_0.25_40470ec0d981,82,train,support,0.25,0.28020223866666666,0.5302022386666667,raw_window_v1,2388,4471,2388,4471,2083,0.280290572,0.530131572,0.0,0.0,9009,2253,1500,local_endpoint_hold,local_line,8.833333333335691e-05,4.2916638916534744e-05,2000,3003,kaiser_beta_5,60061,allowed_raw_timestamps,0.0,0.0009243104321650444,0.005984364079644422
omitted,82_0_40_500_1_support_0.5_40470ec0d981,82,train,support,0.5,0.28020223866666666,0.7802022386666667,raw_window_v1,2388,6573,2388,6573,4185,0.280290572,0.780188572,0.0,0.0,9009,4505,3000,local_endpoint_hold,local_line,8.833333333335691e-05,0.0,2000,3003,kaiser_beta_5,60061,allowed_raw_timestamps,0.0,0.000604275631561448,0.0022700185363584424
omitted,82_0_40_500_1_support_1_40470ec0d981,82,train,support,1.0,0.28020223866666666,1.2802022386666667,raw_window_v1,2388,10913,2388,10913,8525,0.280290572,1.280190572,0.0,0.0,9009,9009,6000,local_endpoint_hold,local_line,8.833333333335691e-05,0.0,2000,3003,kaiser_beta_5,60061,allowed_raw_timestamps,0.0,0.00044127459678193714,0.001879671909676972
omitted,82_45_20_1000_0_query_0.5_40470ec0d981,82,train,query,0.5,0.2905,0.7905,raw_window_v1,2486,6840,2486,6840,4354,0.290513,0.790476,0.0,0.0,9009,4505,3000,local_endpoint_hold,local_line,1.3000000000040757e-05,0.0,2000,3003,kaiser_beta_5,60061,allowed_raw_timestamps,0.0,0.002355395388744378,0.014206076616261942
omitted,82_45_20_1000_1_query_0.5_40470ec0d981,82,train,query,0.5,1.1998981193333333,1.6998981193333333,raw_window_v1,10302,14649,10302,14649,4347,1.199949786,1.699869786,0.0,0.0,9091,4546,3000,local_endpoint_hold,local_line,5.1666666666561056e-05,0.0,6000,9091,kaiser_beta_5,181821,allowed_raw_timestamps,0.0,0.0034390849629304457,0.012164419818280425
omitted,82_45_40_1000_0_query_0.5_40470ec0d981,82,train,query,0.5,0.28918130966666666,0.7891813096666667,raw_window_v1,2454,6729,2454,6729,4275,0.289226643,0.789132643,0.0,0.0,9009,4505,3000,local_endpoint_hold,local_line,4.533333333334166e-05,0.0,2000,3003,kaiser_beta_5,60061,allowed_raw_timestamps,0.0,0.0026518238605339355,0.012697799172900037
omitted,82_45_40_1000_1_query_0.5_40470ec0d981,82,train,query,0.5,0.29083333333333333,0.7908333333333333,raw_window_v1,2475,6766,2475,6766,4291,0.290904,0.790773,0.0,0.0,9009,4505,3000,local_endpoint_hold,local_line,7.066666666666332e-05,4.833277833293792e-06,2000,3003,kaiser_beta_5,60061,allowed_raw_timestamps,0.0,0.0022509553306060367,0.014216383448793835
omitted,82_45_60_1000_0_query_0.5_40470ec0d981,82,train,query,0.5,0.2993386426666667,0.7993386426666667,raw_window_v1,2577,6911,2577,6911,4334,0.299344976,0.799271976,0.0,0.0,9009,4505,3000,local_endpoint_hold,local_line,6.333333333274904e-06,1.1166611166624207e-05,2000,3003,kaiser_beta_5,60061,allowed_raw_timestamps,0.0,0.00275475659279483,0.018167926972840753
omitted,82_45_60_1000_1_query_0.5_40470ec0d981,82,train,query,0.5,0.310623451,0.810623451,raw_window_v1,2660,6942,2660,6942,4282,0.310651451,0.810517451,0.0,0.0,9009,4505,3000,local_endpoint_hold,local_line,2.8000000000028002e-05,5.049994449990436e-05,2000,3003,kaiser_beta_5,60061,allowed_raw_timestamps,0.0,0.003906653870923533,0.01915738195189398
omitted,82_90_20_1000_0_query_0.5_40470ec0d981,82,train,query,0.5,0.26966666666666667,0.7696666666666667,raw_window_v1,2287,6544,2287,6544,4257,0.269745,0.76955,0.0,0.0,9009,4505,3000,local_endpoint_hold,local_line,7.833333333334691e-05,6.116661116672972e-05,2000,3003,kaiser_beta_5,60061,allowed_raw_timestamps,0.0,0.006437246903207986,0.030282286113377133
omitted,82_90_20_1000_1_query_0.5_40470ec0d981,82,train,query,0.5,0.2712519446666667,0.7712519446666667,raw_window_v1,2269,6630,2269,6630,4361,0.271312278,0.771173278,0.0,0.0,9009,4505,3000,local_endpoint_hold,local_line,6.033333333332891e-05,2.316661116663621e-05,2000,3003,kaiser_beta_5,60061,allowed_raw_timestamps,0.0,0.0016219853734482116,0.008233530727216998
omitted,82_90_40_1000_0_query_0.5_40470ec0d981,82,train,query,0.5,0.31033333333333335,0.8103333333333333,raw_window_v1,2677,6966,2677,6966,4289,0.310384,0.810297,0.0,0.0,9009,4505,3000,local_endpoint_hold,local_line,5.066666666664332e-05,0.0,2000,3003,kaiser_beta_5,60061,allowed_raw_timestamps,0.0,0.005368860590100084,0.02472309541497797
omitted,82_90_40_1000_1_query_0.5_40470ec0d981,82,train,query,0.5,0.2906666666666667,0.7906666666666666,raw_window_v1,2491,6717,2491,6717,4226,0.290716,0.790531,0.0,0.0,9009,4505,3000,local_endpoint_hold,local_line,4.933333333329015e-05,8.016661116660995e-05,2000,3003,kaiser_beta_5,60061,allowed_raw_timestamps,0.0,0.005428728989760392,0.031279415515049536
omitted,82_90_40_500_0_support_0.25_40470ec0d981,82,train,support,0.25,0.310039566,0.5600395659999999,raw_window_v1,2680,4749,2680,4749,2069,0.310111566,0.559805566,0.0,0.0,9009,2253,1500,local_endpoint_hold,local_line,7.20000000000165e-05,0.00020624997225004993,2000,3003,kaiser_beta_5,60061,allowed_raw_timestamps,0.0,0.005942593500563433,0.025356625690757806
omitted,82_90_40_500_0_support_0.5_40470ec0d981,82,train,support,0.5,0.310039566,0.8100395659999999,raw_window_v1,2680,6903,2680,6903,4223,0.310111566,0.810025566,0.0,0.0,9009,4505,3000,local_endpoint_hold,local_line,7.20000000000165e-05,0.0,2000,3003,kaiser_beta_5,60061,allowed_raw_timestamps,0.0,0.0033078059174343672,0.020278811957763487
omitted,82_90_40_500_0_support_1_40470ec0d981,82,train,support,1.0,0.310039566,1.310039566,raw_window_v1,2680,11248,2680,11248,8568,0.310111566,1.310031566,0.0,0.0,9009,9009,6000,local_endpoint_hold,local_line,7.20000000000165e-05,0.0,2000,3003,kaiser_beta_5,60061,allowed_raw_timestamps,0.0,0.002495072790505705,0.010021429747045563
omitted,82_90_60_1000_0_query_0.5_40470ec0d981,82,train,query,0.5,0.31884336566666666,0.8188433656666667,raw_window_v1,2723,6936,2723,6936,4213,0.318950699,0.818596699,0.0,0.0,9009,4505,3000,local_endpoint_hold,local_line,0.00010733333333334816,0.0001911666111666932,2000,3003,kaiser_beta_5,60061,allowed_raw_timestamps,0.0,0.0023861287758648896,0.011332426970436238
omitted,82_90_60_1000_1_query_0.5_40470ec0d981,82,train,query,0.5,0.31933333333333336,0.8193333333333334,raw_window_v1,2714,7007,2714,7007,4293,0.319399,0.819331,0.0,0.0,9009,4505,3000,local_endpoint_hold,local_line,6.566666666663057e-05,0.0,2000,3003,kaiser_beta_5,60061,allowed_raw_timestamps,0.0,0.0025321657113762525,0.012797248836991404
omitted,87_0_20_500_0_support_0.25_40470ec0d981,87,train,support,0.25,0.3205,0.5705,raw_window_v1,2717,4843,2717,4843,2126,0.320541,0.570461,0.0,0.0,9009,2253,1500,local_endpoint_hold,local_line,4.100000000001325e-05,1.124997224999369e-05,2000,3003,kaiser_beta_5,60061,allowed_raw_timestamps,0.0,0.01160055353533764,0.08089928426103388
omitted,87_0_20_500_0_support_0.5_40470ec0d981,87,train,support,0.5,0.3205,0.8205,raw_window_v1,2717,7032,2717,7032,4315,0.320541,0.82039,0.0,0.0,9009,4505,3000,local_endpoint_hold,local_line,4.100000000001325e-05,5.449994450001938e-05,2000,3003,kaiser_beta_5,60061,allowed_raw_timestamps,0.0,0.006960510595437818,0.028947074522465144
omitted,87_0_20_500_0_support_1_40470ec0d981,87,train,support,1.0,0.3205,1.3205,raw_window_v1,2717,11340,2717,11340,8623,0.320541,1.320412,0.0,0.0,9009,9009,6000,local_endpoint_hold,local_line,4.100000000001325e-05,0.0,2000,3003,kaiser_beta_5,60061,allowed_raw_timestamps,0.0,0.004780987810831153,0.02475882604279578
omitted,87_0_40_1000_0_support_0.25_40470ec0d981,87,train,support,0.25,0.2698333333333333,0.5198333333333334,raw_window_v1,2310,4485,2310,4485,2175,0.269903,0.519819,0.0,0.0,9009,2253,1500,local_endpoint_hold,local_line,6.966666666669008e-05,0.0,2000,3003,kaiser_beta_5,60061,allowed_raw_timestamps,0.0,0.002845398787843329,0.026221572972904283
omitted,87_0_40_1000_0_support_0.5_40470ec0d981,87,train,support,0.5,0.2698333333333333,0.7698333333333334,raw_window_v1,2310,6664,2310,6664,4354,0.269903,0.76982,0.0,0.0,9009,4505,3000,local_endpoint_hold,local_line,6.966666666669008e-05,0.0,2000,3003,kaiser_beta_5,60061,allowed_raw_timestamps,0.0,0.0016520473887339422,0.02005482021511984
omitted,87_0_40_1000_0_support_1_40470ec0d981,87,train,support,1.0,0.2698333333333333,1.2698333333333334,raw_window_v1,2310,10992,2310,10992,8682,0.269903,1.269783,0.0,0.0,9009,9009,6000,local_endpoint_hold,local_line,6.966666666669008e-05,0.0,2000,3003,kaiser_beta_5,60061,allowed_raw_timestamps,0.0,0.0011469610125671183,0.007879623609020392
omitted,87_0_40_500_0_support_0.25_40470ec0d981,87,train,support,0.25,0.2789315863333333,0.5289315863333333,raw_window_v1,2377,4547,2377,4547,2170,0.278956253,0.528865253,0.0,0.0,9009,2253,1500,local_endpoint_hold,local_line,2.4666666666672832e-05,3.858330558337286e-05,2000,3003,kaiser_beta_5,60061,allowed_raw_timestamps,0.0,0.0004198112299685479,0.002205347812529901
omitted,87_0_40_500_0_support_0.5_40470ec0d981,87,train,support,0.5,0.2789315863333333,0.7789315863333333,raw_window_v1,2377,6687,2377,6687,4310,0.278956253,0.778909253,0.0,0.0,9091,4546,3000,local_endpoint_hold,local_line,2.4666666666672832e-05,0.0,6000,9091,kaiser_beta_5,181821,allowed_raw_timestamps,0.0,0.003898642050336199,0.015921115152397025
omitted,87_0_40_500_0_support_1_40470ec0d981,87,train,support,1.0,0.2789315863333333,1.2789315863333333,raw_window_v1,2377,11032,2377,11032,8655,0.278956253,1.278816253,0.0,0.0,9091,9091,6000,local_endpoint_hold,local_line,2.4666666666672832e-05,5.334433322401466e-06,6000,9091,kaiser_beta_5,181821,allowed_raw_timestamps,0.0,0.002483841008511352,0.012996063042810757
omitted,87_0_40_500_1_support_0.25_40470ec0d981,87,train,support,0.25,0.2897174806666667,0.5397174806666667,raw_window_v1,2493,4668,2493,4668,2175,0.289733814,0.539710814,0.0,0.0,9009,2253,1500,local_endpoint_hold,local_line,1.6333333333284905e-05,0.0,2000,3003,kaiser_beta_5,60061,allowed_raw_timestamps,0.0,0.007459458640643024,0.030514091229597362
omitted,87_0_40_500_1_support_0.5_40470ec0d981,87,train,support,0.5,0.2897174806666667,0.7897174806666667,raw_window_v1,2493,6835,2493,6835,4342,0.289733814,0.789659814,0.0,0.0,9009,4505,3000,local_endpoint_hold,local_line,1.6333333333284905e-05,2.1666111666984733e-06,2000,3003,kaiser_beta_5,60061,allowed_raw_timestamps,0.0,0.004870670105871747,0.030039550570905682
omitted,87_0_40_500_1_support_1_40470ec0d981,87,train,support,1.0,0.2897174806666667,1.2897174806666667,raw_window_v1,2493,11162,2493,11162,8669,0.289733814,1.289667814,0.0,0.0,9009,9009,6000,local_endpoint_hold,local_line,1.6333333333284905e-05,0.0,2000,3003,kaiser_beta_5,60061,allowed_raw_timestamps,0.0,0.0037622394011908194,0.03166376442084706
omitted,87_45_20_1000_0_query_0.5_40470ec0d981,87,train,query,0.5,1.6602094856666665,2.1602094856666665,raw_window_v1,14215,18419,14215,18419,4204,1.660284819,2.160098819,0.0,0.0,9009,4505,3000,local_endpoint_hold,local_line,7.533333333342718e-05,5.5166611166335144e-05,2000,3003,kaiser_beta_5,60061,allowed_raw_timestamps,0.0,0.006609235200330635,0.02742033992549331
omitted,87_45_20_1000_1_query_0.5_40470ec0d981,87,train,query,0.5,0.28039836933333334,0.7803983693333334,raw_window_v1,2380,6738,2380,6738,4358,0.280483036,0.780379036,0.0,0.0,9009,4505,3000,local_endpoint_hold,local_line,8.466666666667733e-05,0.0,2000,3003,kaiser_beta_5,60061,allowed_raw_timestamps,0.0,0.005924139734897638,0.02789353631341962
omitted,87_45_40_1000_0_query_0.5_40470ec0d981,87,train,query,0.5,0.30085802266666667,0.8008580226666666,raw_window_v1,2548,6862,2548,6862,4314,0.300973356,0.800817356,0.0,0.0,9009,4505,3000,local_endpoint_hold,local_line,0.00011533333333335616,0.0,2000,3003,kaiser_beta_5,60061,allowed_raw_timestamps,0.0,0.003797639664282867,0.024504670728823008
omitted,87_45_40_1000_1_query_0.5_40470ec0d981,87,train,query,0.5,0.700598435,1.2005984349999999,raw_window_v1,6046,10371,6046,10371,4325,0.700693435,1.200504435,0.0,0.0,9009,4505,3000,local_endpoint_hold,local_line,9.500000000006725e-05,3.849994450000338e-05,2000,3003,kaiser_beta_5,60061,allowed_raw_timestamps,0.0,0.0032063675524676215,0.018702787064173165
omitted,87_45_60_1000_0_query_0.5_40470ec0d981,87,train,query,0.5,0.32066666666666666,0.8206666666666667,raw_window_v1,2756,7087,2756,7087,4331,0.320725,0.820661,0.0,0.0,9009,4505,3000,local_endpoint_hold,local_line,5.833333333332691e-05,0.0,2000,3003,kaiser_beta_5,60061,allowed_raw_timestamps,0.0,0.0013438409889096903,0.008309312864147156
omitted,87_45_60_1000_1_query_0.5_40470ec0d981,87,train,query,0.5,0.30089651933333333,0.8008965193333333,raw_window_v1,2511,6703,2511,6703,4192,0.300897186,0.800791186,0.0,0.0,9009,4505,3000,local_endpoint_hold,local_line,6.666666666488297e-07,4.983327783325553e-05,2000,3003,kaiser_beta_5,60061,allowed_raw_timestamps,0.0,0.002742887303599588,0.013340222202465224
omitted,87_90_20_1000_0_query_0.5_40470ec0d981,87,train,query,0.5,0.2705,0.7705,raw_window_v1,2335,6660,2335,6660,4325,0.270583,0.770432,0.0,0.0,9009,4505,3000,local_endpoint_hold,local_line,8.299999999999974e-05,1.2499944499921867e-05,2000,3003,kaiser_beta_5,60061,allowed_raw_timestamps,0.0,0.0016465122964936078,0.007931729010459243
omitted,87_90_20_1000_1_query_0.5_40470ec0d981,87,train,query,0.5,0.9015422359999999,1.401542236,raw_window_v1,7764,12111,7764,12111,4347,0.901658236,1.401501236,0.0,0.0,9009,4505,3000,local_endpoint_hold,local_line,0.00011600000000000499,0.0,2000,3003,kaiser_beta_5,60061,allowed_raw_timestamps,0.0,0.0067832606355432935,0.027528980996328833
omitted,87_90_40_1000_0_query_0.5_40470ec0d981,87,train,query,0.5,0.3005,0.8005,raw_window_v1,2595,6865,2595,6865,4270,0.30051,0.80042,0.0,0.0,9009,4505,3000,local_endpoint_hold,local_line,1.0000000000010001e-05,2.4499944499933868e-05,2000,3003,kaiser_beta_5,60061,allowed_raw_timestamps,0.0,0.003831807760921825,0.014933534628673417
omitted,87_90_40_1000_1_query_0.5_40470ec0d981,87,train,query,0.5,0.299500787,0.7995007869999999,raw_window_v1,2457,6751,2457,6751,4294,0.299517787,0.799424787,0.0,0.0,9009,4505,3000,local_endpoint_hold,local_line,1.6999999999989246e-05,2.0499944499929867e-05,2000,3003,kaiser_beta_5,60061,allowed_raw_timestamps,0.0,0.004204996554689481,0.019884832001586528
omitted,87_90_40_500_0_support_0.25_40470ec0d981,87,train,support,0.25,1.0896666666666666,1.3396666666666666,raw_window_v1,9424,11590,9424,11590,2166,1.089724,1.339592,0.0,0.0,9009,2253,1500,local_endpoint_hold,local_line,5.7333333333353664e-05,4.691663891676079e-05,2000,3003,kaiser_beta_5,60061,allowed_raw_timestamps,0.0,0.004587918052644897,0.02814344034113958
omitted,87_90_40_500_0_support_0.5_40470ec0d981,87,train,support,0.5,1.0896666666666666,1.5896666666666666,raw_window_v1,9424,13776,9424,13776,4352,1.089724,1.589537,0.0,0.0,9009,4505,3000,local_endpoint_hold,local_line,5.7333333333353664e-05,7.416661116654844e-05,2000,3003,kaiser_beta_5,60061,allowed_raw_timestamps,0.0,0.0032200963488138294,0.017542087319402988
omitted,87_90_40_500_0_support_1_40470ec0d981,87,train,support,1.0,1.0896666666666666,2.0896666666666666,raw_window_v1,9424,18109,9424,18109,8685,1.089724,2.089661,0.0,0.0,9009,9009,6000,local_endpoint_hold,local_line,5.7333333333353664e-05,0.0,2000,3003,kaiser_beta_5,60061,allowed_raw_timestamps,0.0,0.0026564155299164394,0.013246820579091878
omitted,87_90_60_1000_0_query_0.5_40470ec0d981,87,train,query,0.5,0.31025761966666665,0.8102576196666667,raw_window_v1,2669,7031,2669,7031,4362,0.310360953,0.810165953,0.0,0.0,9009,4505,3000,local_endpoint_hold,local_line,0.00010333333333334416,3.616661116656594e-05,2000,3003,kaiser_beta_5,60061,allowed_raw_timestamps,0.0,0.004101575317306773,0.02269655762770606
omitted,87_90_60_1000_1_query_0.5_40470ec0d981,87,train,query,0.5,0.300752335,0.800752335,raw_window_v1,2570,6861,2570,6861,4291,0.300790335,0.800639335,0.0,0.0,9009,4505,3000,local_endpoint_hold,local_line,3.8000000000038e-05,5.7499944499994626e-05,2000,3003,kaiser_beta_5,60061,allowed_raw_timestamps,0.0,0.0031601625182385673,0.017211194025707144
